# xi0
# underflow	 -5.3925745    	 0.40226841    
# overflow	 -2.0282580    	 0.15584098    
# sum	 -178.00847    	  1.1993481    
# xmin	xmax	cross	numerror
  4048.0000    	  4049.0000    	-0.11623601    	 0.28919676E-01
  4049.0000    	  4050.0000    	-0.14890669    	 0.40200967E-01
  4050.0000    	  4051.0000    	-0.23541725    	 0.51531388E-01
  4051.0000    	  4052.0000    	-0.21133812    	 0.52716099E-01
  4052.0000    	  4053.0000    	-0.29750557    	 0.45973665E-01
  4053.0000    	  4054.0000    	-0.37829946    	 0.44808110E-01
  4054.0000    	  4055.0000    	-0.35888429    	 0.44887891E-01
  4055.0000    	  4056.0000    	-0.42637966    	 0.46149189E-01
  4056.0000    	  4057.0000    	-0.33994565    	 0.49166796E-01
  4057.0000    	  4058.0000    	-0.36460263    	 0.40974879E-01
  4058.0000    	  4059.0000    	-0.19677571    	 0.34148889E-01
  4059.0000    	  4060.0000    	-0.17311638    	 0.31045189E-01
  4060.0000    	  4061.0000    	-0.13208024    	 0.26343729E-01
  4061.0000    	  4062.0000    	-0.31072165E-01	 0.25771620E-01
  4062.0000    	  4063.0000    	 0.18722806E-01	 0.26528026E-01
  4063.0000    	  4064.0000    	 0.17248826E-01	 0.25072215E-01
  4064.0000    	  4065.0000    	 0.50696097E-01	 0.29494393E-01
  4065.0000    	  4066.0000    	 0.52569212E-01	 0.24977940E-01
  4066.0000    	  4067.0000    	 0.75703824E-01	 0.23753812E-01
  4067.0000    	  4068.0000    	 0.12118720    	 0.23348573E-01
  4068.0000    	  4069.0000    	 0.82444676E-01	 0.18975143E-01
  4069.0000    	  4070.0000    	 0.66833258E-01	 0.15145388E-01
  4070.0000    	  4071.0000    	-0.74291349E-01	 0.32456931E-01
  4071.0000    	  4072.0000    	-0.14257027    	 0.35406335E-01
  4072.0000    	  4073.0000    	-0.25431602    	 0.43854069E-01
  4073.0000    	  4074.0000    	-0.24313708    	 0.48507813E-01
  4074.0000    	  4075.0000    	-0.31191631    	 0.44430365E-01
  4075.0000    	  4076.0000    	-0.34060409    	 0.59607748E-01
  4076.0000    	  4077.0000    	-0.36945415    	 0.51475242E-01
  4077.0000    	  4078.0000    	-0.31207275    	 0.46949698E-01
  4078.0000    	  4079.0000    	-0.32422117    	 0.46319235E-01
  4079.0000    	  4080.0000    	-0.25783195    	 0.39082142E-01
  4080.0000    	  4081.0000    	-0.24408137    	 0.34794696E-01
  4081.0000    	  4082.0000    	-0.18435866    	 0.27047484E-01
  4082.0000    	  4083.0000    	-0.10851725    	 0.30006027E-01
  4083.0000    	  4084.0000    	-0.68279396E-01	 0.23739695E-01
  4084.0000    	  4085.0000    	-0.12967989E-02	 0.26089045E-01
  4085.0000    	  4086.0000    	 0.45239274E-01	 0.25505659E-01
  4086.0000    	  4087.0000    	 0.28181804E-01	 0.24656970E-01
  4087.0000    	  4088.0000    	 0.95086758E-01	 0.26183173E-01
  4088.0000    	  4089.0000    	 0.99341221E-01	 0.22029015E-01
  4089.0000    	  4090.0000    	 0.50200755E-01	 0.24599462E-01
  4090.0000    	  4091.0000    	 0.91814703E-01	 0.19893514E-01
  4091.0000    	  4092.0000    	 0.46648909E-01	 0.19930255E-01
  4092.0000    	  4093.0000    	-0.12629340    	 0.30683986E-01
  4093.0000    	  4094.0000    	-0.14285305    	 0.32885707E-01
  4094.0000    	  4095.0000    	-0.21035794    	 0.42726756E-01
  4095.0000    	  4096.0000    	-0.27835270    	 0.51215350E-01
  4096.0000    	  4097.0000    	-0.22440666    	 0.51765197E-01
  4097.0000    	  4098.0000    	-0.34451016    	 0.53936764E-01
  4098.0000    	  4099.0000    	-0.35525048    	 0.45052962E-01
  4099.0000    	  4100.0000    	-0.35586852    	 0.50361682E-01
  4100.0000    	  4101.0000    	-0.31058450    	 0.39041793E-01
  4101.0000    	  4102.0000    	-0.26494725    	 0.42471185E-01
  4102.0000    	  4103.0000    	-0.24164344    	 0.33172450E-01
  4103.0000    	  4104.0000    	-0.14494934    	 0.32619566E-01
  4104.0000    	  4105.0000    	-0.11280570    	 0.30998702E-01
  4105.0000    	  4106.0000    	-0.66657524E-01	 0.26520882E-01
  4106.0000    	  4107.0000    	 0.11230588E-02	 0.23556012E-01
  4107.0000    	  4108.0000    	 0.19709741E-01	 0.24878881E-01
  4108.0000    	  4109.0000    	 0.10165300    	 0.23523764E-01
  4109.0000    	  4110.0000    	 0.51668737E-01	 0.24378666E-01
  4110.0000    	  4111.0000    	 0.11649891    	 0.22114556E-01
  4111.0000    	  4112.0000    	 0.12393793    	 0.23742089E-01
  4112.0000    	  4113.0000    	 0.10848730    	 0.22292561E-01
  4113.0000    	  4114.0000    	 0.70378539E-01	 0.18669063E-01
  4114.0000    	  4115.0000    	-0.12207250    	 0.31244162E-01
  4115.0000    	  4116.0000    	-0.17240714    	 0.34664174E-01
  4116.0000    	  4117.0000    	-0.22185804    	 0.46635576E-01
  4117.0000    	  4118.0000    	-0.34413650    	 0.56270126E-01
  4118.0000    	  4119.0000    	-0.28864261    	 0.45641387E-01
  4119.0000    	  4120.0000    	-0.34115141    	 0.47767560E-01
  4120.0000    	  4121.0000    	-0.29054159    	 0.52326497E-01
  4121.0000    	  4122.0000    	-0.31036066    	 0.53751534E-01
  4122.0000    	  4123.0000    	-0.38322900    	 0.43820360E-01
  4123.0000    	  4124.0000    	-0.23465862    	 0.36477970E-01
  4124.0000    	  4125.0000    	-0.24274425    	 0.33421930E-01
  4125.0000    	  4126.0000    	-0.12230958    	 0.27866168E-01
  4126.0000    	  4127.0000    	-0.99922382E-01	 0.27363947E-01
  4127.0000    	  4128.0000    	-0.37521402E-01	 0.29737553E-01
  4128.0000    	  4129.0000    	-0.24030533E-01	 0.24174576E-01
  4129.0000    	  4130.0000    	 0.30808773E-01	 0.22959667E-01
  4130.0000    	  4131.0000    	 0.11203077    	 0.24337789E-01
  4131.0000    	  4132.0000    	 0.14694033    	 0.23756531E-01
  4132.0000    	  4133.0000    	 0.99963824E-01	 0.24953800E-01
  4133.0000    	  4134.0000    	 0.10948100    	 0.21300848E-01
  4134.0000    	  4135.0000    	 0.88364232E-01	 0.19243641E-01
  4135.0000    	  4136.0000    	 0.91277271E-01	 0.18350058E-01
  4136.0000    	  4137.0000    	-0.87204262E-01	 0.28196353E-01
  4137.0000    	  4138.0000    	-0.15227831    	 0.32950533E-01
  4138.0000    	  4139.0000    	-0.24186941    	 0.43426681E-01
  4139.0000    	  4140.0000    	-0.20412574    	 0.47236564E-01
  4140.0000    	  4141.0000    	-0.27293287    	 0.47865407E-01
  4141.0000    	  4142.0000    	-0.30531077    	 0.51522051E-01
  4142.0000    	  4143.0000    	-0.36688243    	 0.57159202E-01
  4143.0000    	  4144.0000    	-0.37739991    	 0.47744622E-01
  4144.0000    	  4145.0000    	-0.28762238    	 0.47943307E-01
  4145.0000    	  4146.0000    	-0.26427359    	 0.39752079E-01
  4146.0000    	  4147.0000    	-0.23900426    	 0.35940414E-01
  4147.0000    	  4148.0000    	-0.16889918    	 0.27423974E-01
  4148.0000    	  4149.0000    	-0.12364944    	 0.28321009E-01
  4149.0000    	  4150.0000    	-0.90907481E-01	 0.22781245E-01
  4150.0000    	  4151.0000    	-0.10352300E-01	 0.22924053E-01
  4151.0000    	  4152.0000    	 0.32380920E-01	 0.23051278E-01
  4152.0000    	  4153.0000    	 0.33722659E-01	 0.22413651E-01
  4153.0000    	  4154.0000    	 0.63020557E-01	 0.20594791E-01
  4154.0000    	  4155.0000    	 0.91956727E-01	 0.25756493E-01
  4155.0000    	  4156.0000    	 0.93051277E-01	 0.23227497E-01
  4156.0000    	  4157.0000    	 0.78304316E-01	 0.18537184E-01
  4157.0000    	  4158.0000    	 0.55257409E-01	 0.18944955E-01
  4158.0000    	  4159.0000    	-0.11725797    	 0.27735331E-01
  4159.0000    	  4160.0000    	-0.11460206    	 0.33766554E-01
  4160.0000    	  4161.0000    	-0.25591940    	 0.41389630E-01
  4161.0000    	  4162.0000    	-0.28362949    	 0.41712958E-01
  4162.0000    	  4163.0000    	-0.31296564    	 0.48391233E-01
  4163.0000    	  4164.0000    	-0.31067475    	 0.57620608E-01
  4164.0000    	  4165.0000    	-0.37121608    	 0.48548941E-01
  4165.0000    	  4166.0000    	-0.32652940    	 0.42084325E-01
  4166.0000    	  4167.0000    	-0.37098281    	 0.45938798E-01
  4167.0000    	  4168.0000    	-0.30656174    	 0.42364751E-01
  4168.0000    	  4169.0000    	-0.24710630    	 0.37461067E-01
  4169.0000    	  4170.0000    	-0.21273716    	 0.28660602E-01
  4170.0000    	  4171.0000    	-0.86804383E-01	 0.24487288E-01
  4171.0000    	  4172.0000    	-0.31448469E-01	 0.24622801E-01
  4172.0000    	  4173.0000    	-0.26316086E-01	 0.22302103E-01
  4173.0000    	  4174.0000    	 0.31900364E-01	 0.22550630E-01
  4174.0000    	  4175.0000    	 0.97155549E-01	 0.21425209E-01
  4175.0000    	  4176.0000    	 0.72763892E-01	 0.25107571E-01
  4176.0000    	  4177.0000    	 0.73450445E-01	 0.25673405E-01
  4177.0000    	  4178.0000    	 0.79301865E-01	 0.20208323E-01
  4178.0000    	  4179.0000    	 0.51854203E-01	 0.17987777E-01
  4179.0000    	  4180.0000    	 0.77161495E-01	 0.17053939E-01
  4180.0000    	  4181.0000    	-0.15812605    	 0.27875367E-01
  4181.0000    	  4182.0000    	-0.14953840    	 0.35132999E-01
  4182.0000    	  4183.0000    	-0.20834618    	 0.45615906E-01
  4183.0000    	  4184.0000    	-0.25074444    	 0.35144914E-01
  4184.0000    	  4185.0000    	-0.24963328    	 0.44945950E-01
  4185.0000    	  4186.0000    	-0.32474249    	 0.51333076E-01
  4186.0000    	  4187.0000    	-0.23960206    	 0.51001031E-01
  4187.0000    	  4188.0000    	-0.32061668    	 0.51056419E-01
  4188.0000    	  4189.0000    	-0.28351140    	 0.40475076E-01
  4189.0000    	  4190.0000    	-0.24907636    	 0.38025065E-01
  4190.0000    	  4191.0000    	-0.25528762    	 0.30399956E-01
  4191.0000    	  4192.0000    	-0.14203888    	 0.27583375E-01
  4192.0000    	  4193.0000    	-0.14460586    	 0.27413547E-01
  4193.0000    	  4194.0000    	-0.68647434E-01	 0.21990601E-01
  4194.0000    	  4195.0000    	 0.19202183E-02	 0.23235026E-01
  4195.0000    	  4196.0000    	 0.20208348E-01	 0.23911363E-01
  4196.0000    	  4197.0000    	 0.35259925E-01	 0.21921699E-01
  4197.0000    	  4198.0000    	 0.92267692E-01	 0.25760278E-01
  4198.0000    	  4199.0000    	 0.13518399    	 0.23862541E-01
  4199.0000    	  4200.0000    	 0.98021969E-01	 0.19817330E-01
  4200.0000    	  4201.0000    	 0.96355114E-01	 0.20102917E-01
  4201.0000    	  4202.0000    	 0.66597621E-01	 0.17520497E-01
  4202.0000    	  4203.0000    	-0.11242923    	 0.26684343E-01
  4203.0000    	  4204.0000    	-0.19746157    	 0.32702383E-01
  4204.0000    	  4205.0000    	-0.18225051    	 0.38337013E-01
  4205.0000    	  4206.0000    	-0.27053142    	 0.42957331E-01
  4206.0000    	  4207.0000    	-0.34903645    	 0.42151317E-01
  4207.0000    	  4208.0000    	-0.32447160    	 0.49097943E-01
  4208.0000    	  4209.0000    	-0.34243528    	 0.44758445E-01
  4209.0000    	  4210.0000    	-0.30247491    	 0.51891389E-01
  4210.0000    	  4211.0000    	-0.34698340    	 0.42240250E-01
  4211.0000    	  4212.0000    	-0.22173125    	 0.36848854E-01
  4212.0000    	  4213.0000    	-0.30588018    	 0.34042846E-01
  4213.0000    	  4214.0000    	-0.18780415    	 0.32061755E-01
  4214.0000    	  4215.0000    	-0.13428993    	 0.25184367E-01
  4215.0000    	  4216.0000    	-0.68883231E-01	 0.25830079E-01
  4216.0000    	  4217.0000    	-0.33741681E-01	 0.21813285E-01
  4217.0000    	  4218.0000    	 0.23986337E-01	 0.23430385E-01
  4218.0000    	  4219.0000    	 0.61251317E-01	 0.20001029E-01
  4219.0000    	  4220.0000    	 0.45965550E-01	 0.21360800E-01
  4220.0000    	  4221.0000    	 0.66342301E-01	 0.21172035E-01
  4221.0000    	  4222.0000    	 0.78054834E-01	 0.21709534E-01
  4222.0000    	  4223.0000    	 0.73412830E-01	 0.19817077E-01
  4223.0000    	  4224.0000    	 0.69938152E-01	 0.18577883E-01
  4224.0000    	  4225.0000    	-0.13122282    	 0.28354767E-01
  4225.0000    	  4226.0000    	-0.74474957E-01	 0.31242853E-01
  4226.0000    	  4227.0000    	-0.22329479    	 0.36572812E-01
  4227.0000    	  4228.0000    	-0.26820744    	 0.44203467E-01
  4228.0000    	  4229.0000    	-0.24649010    	 0.48942093E-01
  4229.0000    	  4230.0000    	-0.39003360    	 0.47795542E-01
  4230.0000    	  4231.0000    	-0.38321989    	 0.51365761E-01
  4231.0000    	  4232.0000    	-0.37614860    	 0.50083898E-01
  4232.0000    	  4233.0000    	-0.37670302    	 0.39849220E-01
  4233.0000    	  4234.0000    	-0.33738288    	 0.35576186E-01
  4234.0000    	  4235.0000    	-0.21959747    	 0.38452134E-01
  4235.0000    	  4236.0000    	-0.14210494    	 0.29674084E-01
  4236.0000    	  4237.0000    	-0.11917503    	 0.27986936E-01
  4237.0000    	  4238.0000    	-0.30062905E-01	 0.26427951E-01
  4238.0000    	  4239.0000    	-0.96992310E-02	 0.22509214E-01
  4239.0000    	  4240.0000    	 0.20934567E-01	 0.20911168E-01
  4240.0000    	  4241.0000    	 0.85127564E-01	 0.20898167E-01
  4241.0000    	  4242.0000    	 0.97995256E-01	 0.21507056E-01
  4242.0000    	  4243.0000    	 0.45069787E-01	 0.19850716E-01
  4243.0000    	  4244.0000    	 0.97131245E-01	 0.19128387E-01
  4244.0000    	  4245.0000    	 0.12997031    	 0.20395280E-01
  4245.0000    	  4246.0000    	 0.84927584E-01	 0.17968245E-01
  4246.0000    	  4247.0000    	-0.80044764E-01	 0.25543711E-01
  4247.0000    	  4248.0000    	-0.13021242    	 0.30633848E-01
  4248.0000    	  4249.0000    	-0.21232870    	 0.38293646E-01
  4249.0000    	  4250.0000    	-0.25741978    	 0.39989276E-01
  4250.0000    	  4251.0000    	-0.27059579    	 0.43451446E-01
  4251.0000    	  4252.0000    	-0.21008464    	 0.44820756E-01
  4252.0000    	  4253.0000    	-0.25896646    	 0.51262791E-01
  4253.0000    	  4254.0000    	-0.32950306    	 0.46830889E-01
  4254.0000    	  4255.0000    	-0.32417851    	 0.41241901E-01
  4255.0000    	  4256.0000    	-0.20365042    	 0.36344468E-01
  4256.0000    	  4257.0000    	-0.18239140    	 0.32666154E-01
  4257.0000    	  4258.0000    	-0.18071523    	 0.25918738E-01
  4258.0000    	  4259.0000    	-0.87825379E-01	 0.29150473E-01
  4259.0000    	  4260.0000    	-0.71946732E-01	 0.22754349E-01
  4260.0000    	  4261.0000    	 0.11751443E-01	 0.25961390E-01
  4261.0000    	  4262.0000    	 0.28515051E-01	 0.24090422E-01
  4262.0000    	  4263.0000    	 0.49756983E-01	 0.23790415E-01
  4263.0000    	  4264.0000    	 0.80655219E-01	 0.20985024E-01
  4264.0000    	  4265.0000    	 0.73154407E-01	 0.19562203E-01
  4265.0000    	  4266.0000    	 0.93125832E-01	 0.20461123E-01
  4266.0000    	  4267.0000    	 0.81349915E-01	 0.18513051E-01
  4267.0000    	  4268.0000    	 0.60627437E-01	 0.16305338E-01
  4268.0000    	  4269.0000    	-0.95836309E-01	 0.29549202E-01
  4269.0000    	  4270.0000    	-0.15680874    	 0.33705868E-01
  4270.0000    	  4271.0000    	-0.28730802    	 0.35176024E-01
  4271.0000    	  4272.0000    	-0.22265452    	 0.40272422E-01
  4272.0000    	  4273.0000    	-0.30999541    	 0.49419033E-01
  4273.0000    	  4274.0000    	-0.29461231    	 0.41107470E-01
  4274.0000    	  4275.0000    	-0.29492052    	 0.45868331E-01
  4275.0000    	  4276.0000    	-0.35022638    	 0.45863305E-01
  4276.0000    	  4277.0000    	-0.23583045    	 0.42447003E-01
  4277.0000    	  4278.0000    	-0.24733776    	 0.38174220E-01
  4278.0000    	  4279.0000    	-0.20679905    	 0.35410248E-01
  4279.0000    	  4280.0000    	-0.19301745    	 0.27935367E-01
  4280.0000    	  4281.0000    	-0.11176947    	 0.24030684E-01
  4281.0000    	  4282.0000    	-0.42858493E-01	 0.26145812E-01
  4282.0000    	  4283.0000    	-0.35982774E-01	 0.21596347E-01
  4283.0000    	  4284.0000    	 0.35035608E-01	 0.23992768E-01
  4284.0000    	  4285.0000    	 0.13062156E-01	 0.23133004E-01
  4285.0000    	  4286.0000    	 0.24544218E-01	 0.24839646E-01
  4286.0000    	  4287.0000    	 0.74077953E-01	 0.20330872E-01
  4287.0000    	  4288.0000    	 0.73578368E-01	 0.20544925E-01
  4288.0000    	  4289.0000    	 0.53677960E-01	 0.17516972E-01
  4289.0000    	  4290.0000    	 0.73987232E-01	 0.16637415E-01
  4290.0000    	  4291.0000    	-0.74116374E-01	 0.28736216E-01
  4291.0000    	  4292.0000    	-0.15179789    	 0.32481465E-01
  4292.0000    	  4293.0000    	-0.18187732    	 0.37265158E-01
  4293.0000    	  4294.0000    	-0.23262595    	 0.40124605E-01
  4294.0000    	  4295.0000    	-0.37191151    	 0.46905752E-01
  4295.0000    	  4296.0000    	-0.37290391    	 0.40079070E-01
  4296.0000    	  4297.0000    	-0.35825814    	 0.48681533E-01
  4297.0000    	  4298.0000    	-0.25876852    	 0.45469394E-01
  4298.0000    	  4299.0000    	-0.31892116    	 0.40267187E-01
  4299.0000    	  4300.0000    	-0.31332314    	 0.41491086E-01
  4300.0000    	  4301.0000    	-0.25346212    	 0.34439506E-01
  4301.0000    	  4302.0000    	-0.12404567    	 0.31359953E-01
  4302.0000    	  4303.0000    	-0.16975903    	 0.26081384E-01
  4303.0000    	  4304.0000    	-0.44618472E-01	 0.25379488E-01
  4304.0000    	  4305.0000    	-0.40933061E-01	 0.25801444E-01
  4305.0000    	  4306.0000    	 0.24867771E-01	 0.22089042E-01
  4306.0000    	  4307.0000    	 0.72134982E-01	 0.20446869E-01
  4307.0000    	  4308.0000    	 0.59573458E-01	 0.19676761E-01
  4308.0000    	  4309.0000    	 0.11899537    	 0.23086003E-01
  4309.0000    	  4310.0000    	 0.75711857E-01	 0.17541952E-01
  4310.0000    	  4311.0000    	 0.63848309E-01	 0.18873637E-01
  4311.0000    	  4312.0000    	 0.74056326E-01	 0.16291974E-01
  4312.0000    	  4313.0000    	-0.10324750    	 0.27207577E-01
  4313.0000    	  4314.0000    	-0.15225809    	 0.30185173E-01
  4314.0000    	  4315.0000    	-0.24471269    	 0.39792022E-01
  4315.0000    	  4316.0000    	-0.16395130    	 0.39065199E-01
  4316.0000    	  4317.0000    	-0.23740009    	 0.45126954E-01
  4317.0000    	  4318.0000    	-0.21624669    	 0.45511593E-01
  4318.0000    	  4319.0000    	-0.28673734    	 0.39385479E-01
  4319.0000    	  4320.0000    	-0.25678751    	 0.49409200E-01
  4320.0000    	  4321.0000    	-0.30115304    	 0.38014561E-01
  4321.0000    	  4322.0000    	-0.26418678    	 0.34839946E-01
  4322.0000    	  4323.0000    	-0.22358501    	 0.35477099E-01
  4323.0000    	  4324.0000    	-0.10632163    	 0.32839708E-01
  4324.0000    	  4325.0000    	-0.71411843E-01	 0.26560959E-01
  4325.0000    	  4326.0000    	-0.38077625E-01	 0.23418325E-01
  4326.0000    	  4327.0000    	-0.41068024E-01	 0.24816058E-01
  4327.0000    	  4328.0000    	 0.23835478E-01	 0.21225070E-01
  4328.0000    	  4329.0000    	 0.37229031E-01	 0.23332114E-01
  4329.0000    	  4330.0000    	 0.80849114E-01	 0.20986179E-01
  4330.0000    	  4331.0000    	 0.88614803E-01	 0.19126562E-01
  4331.0000    	  4332.0000    	 0.74532510E-01	 0.15226869E-01
  4332.0000    	  4333.0000    	 0.69355080E-01	 0.17484742E-01
  4333.0000    	  4334.0000    	 0.50757972E-01	 0.15130519E-01
  4334.0000    	  4335.0000    	-0.14307644    	 0.27350870E-01
  4335.0000    	  4336.0000    	-0.15957554    	 0.29490508E-01
  4336.0000    	  4337.0000    	-0.14326931    	 0.34461997E-01
  4337.0000    	  4338.0000    	-0.22643617    	 0.34081773E-01
  4338.0000    	  4339.0000    	-0.30831041    	 0.50664106E-01
  4339.0000    	  4340.0000    	-0.35609893    	 0.46830396E-01
  4340.0000    	  4341.0000    	-0.26755679    	 0.44986885E-01
  4341.0000    	  4342.0000    	-0.32016347    	 0.44250972E-01
  4342.0000    	  4343.0000    	-0.32547019    	 0.41135126E-01
  4343.0000    	  4344.0000    	-0.27298657    	 0.34299106E-01
  4344.0000    	  4345.0000    	-0.19510525    	 0.31582540E-01
  4345.0000    	  4346.0000    	-0.19659093    	 0.26294948E-01
  4346.0000    	  4347.0000    	-0.10496728    	 0.25174355E-01
  4347.0000    	  4348.0000    	-0.64458686E-01	 0.22528614E-01
  4348.0000    	  4349.0000    	 0.13769882E-01	 0.23376052E-01
  4349.0000    	  4350.0000    	 0.12987220E-01	 0.24108963E-01
  4350.0000    	  4351.0000    	 0.40046093E-01	 0.19762849E-01
  4351.0000    	  4352.0000    	 0.75362946E-01	 0.20055539E-01
  4352.0000    	  4353.0000    	 0.70705939E-01	 0.19968606E-01
  4353.0000    	  4354.0000    	 0.74336065E-01	 0.18762457E-01
  4354.0000    	  4355.0000    	 0.77073348E-01	 0.16269688E-01
  4355.0000    	  4356.0000    	 0.77992427E-01	 0.13640542E-01
  4356.0000    	  4357.0000    	-0.13885549    	 0.24847107E-01
  4357.0000    	  4358.0000    	-0.14297500    	 0.29307406E-01
  4358.0000    	  4359.0000    	-0.17020268    	 0.35119540E-01
  4359.0000    	  4360.0000    	-0.21836555    	 0.36901085E-01
  4360.0000    	  4361.0000    	-0.32975533    	 0.48438016E-01
  4361.0000    	  4362.0000    	-0.17459956    	 0.46543744E-01
  4362.0000    	  4363.0000    	-0.36773155    	 0.43656879E-01
  4363.0000    	  4364.0000    	-0.27691569    	 0.37859331E-01
  4364.0000    	  4365.0000    	-0.28985266    	 0.40311559E-01
  4365.0000    	  4366.0000    	-0.24560524    	 0.38064887E-01
  4366.0000    	  4367.0000    	-0.21242440    	 0.30309655E-01
  4367.0000    	  4368.0000    	-0.17257587    	 0.25008687E-01
  4368.0000    	  4369.0000    	-0.10442269    	 0.24719223E-01
  4369.0000    	  4370.0000    	-0.49718467E-01	 0.23134065E-01
  4370.0000    	  4371.0000    	-0.26347880E-01	 0.20263413E-01
  4371.0000    	  4372.0000    	-0.15513630E-01	 0.22827823E-01
  4372.0000    	  4373.0000    	 0.52215082E-01	 0.21874474E-01
  4373.0000    	  4374.0000    	 0.72980135E-01	 0.21678129E-01
  4374.0000    	  4375.0000    	 0.76033607E-01	 0.19180537E-01
  4375.0000    	  4376.0000    	 0.85128153E-01	 0.17970577E-01
  4376.0000    	  4377.0000    	 0.63735828E-01	 0.15960267E-01
  4377.0000    	  4378.0000    	 0.68878615E-01	 0.14072070E-01
  4378.0000    	  4379.0000    	-0.66510831E-01	 0.28492537E-01
  4379.0000    	  4380.0000    	-0.14068711    	 0.29999590E-01
  4380.0000    	  4381.0000    	-0.19477973    	 0.32067560E-01
  4381.0000    	  4382.0000    	-0.21291133    	 0.39228969E-01
  4382.0000    	  4383.0000    	-0.21186255    	 0.47155677E-01
  4383.0000    	  4384.0000    	-0.26507691    	 0.43812899E-01
  4384.0000    	  4385.0000    	-0.28479624    	 0.51073772E-01
  4385.0000    	  4386.0000    	-0.33499916    	 0.38197959E-01
  4386.0000    	  4387.0000    	-0.20322114    	 0.45029182E-01
  4387.0000    	  4388.0000    	-0.20017288    	 0.35105589E-01
  4388.0000    	  4389.0000    	-0.21981501    	 0.32989147E-01
  4389.0000    	  4390.0000    	-0.10553542    	 0.26456064E-01
  4390.0000    	  4391.0000    	-0.82480092E-01	 0.26198550E-01
  4391.0000    	  4392.0000    	-0.43057385E-01	 0.18945192E-01
  4392.0000    	  4393.0000    	-0.38707467E-01	 0.21231977E-01
  4393.0000    	  4394.0000    	 0.20413972E-01	 0.21589536E-01
  4394.0000    	  4395.0000    	 0.10526450E-01	 0.21476933E-01
  4395.0000    	  4396.0000    	 0.90602745E-01	 0.24759877E-01
  4396.0000    	  4397.0000    	 0.11107165    	 0.19630974E-01
  4397.0000    	  4398.0000    	 0.81903031E-01	 0.17236179E-01
  4398.0000    	  4399.0000    	 0.60996238E-01	 0.16134112E-01
  4399.0000    	  4400.0000    	 0.72805514E-01	 0.15885956E-01
  4400.0000    	  4401.0000    	-0.54124008E-01	 0.24525181E-01
  4401.0000    	  4402.0000    	-0.16617001    	 0.31690507E-01
  4402.0000    	  4403.0000    	-0.13816629    	 0.39376480E-01
  4403.0000    	  4404.0000    	-0.22595956    	 0.40010174E-01
  4404.0000    	  4405.0000    	-0.31060246    	 0.40347054E-01
  4405.0000    	  4406.0000    	-0.27535181    	 0.43971017E-01
  4406.0000    	  4407.0000    	-0.30461092    	 0.42603973E-01
  4407.0000    	  4408.0000    	-0.23909148    	 0.39208145E-01
  4408.0000    	  4409.0000    	-0.21677833    	 0.39515933E-01
  4409.0000    	  4410.0000    	-0.22931360    	 0.34701030E-01
  4410.0000    	  4411.0000    	-0.18275586    	 0.33236509E-01
  4411.0000    	  4412.0000    	-0.18876383    	 0.29819570E-01
  4412.0000    	  4413.0000    	-0.10331505    	 0.25365299E-01
  4413.0000    	  4414.0000    	-0.91380697E-01	 0.21015576E-01
  4414.0000    	  4415.0000    	 0.23657577E-01	 0.18765998E-01
  4415.0000    	  4416.0000    	 0.26648176E-01	 0.21364805E-01
  4416.0000    	  4417.0000    	 0.53806880E-01	 0.19669094E-01
  4417.0000    	  4418.0000    	 0.48967559E-01	 0.22472112E-01
  4418.0000    	  4419.0000    	 0.76368016E-01	 0.17404192E-01
  4419.0000    	  4420.0000    	 0.63471067E-01	 0.16825669E-01
  4420.0000    	  4421.0000    	 0.59930777E-01	 0.14964333E-01
  4421.0000    	  4422.0000    	 0.49724159E-01	 0.17500256E-01
  4422.0000    	  4423.0000    	-0.11806561    	 0.24663757E-01
  4423.0000    	  4424.0000    	-0.13084783    	 0.34888324E-01
  4424.0000    	  4425.0000    	-0.18771350    	 0.40661261E-01
  4425.0000    	  4426.0000    	-0.11198900    	 0.42340467E-01
  4426.0000    	  4427.0000    	-0.20073448    	 0.48430597E-01
  4427.0000    	  4428.0000    	-0.31224273    	 0.41226585E-01
  4428.0000    	  4429.0000    	-0.25315883    	 0.37718406E-01
  4429.0000    	  4430.0000    	-0.22517064    	 0.42911769E-01
  4430.0000    	  4431.0000    	-0.30158098    	 0.39275757E-01
  4431.0000    	  4432.0000    	-0.24242322    	 0.31269196E-01
  4432.0000    	  4433.0000    	-0.18605244    	 0.28716711E-01
  4433.0000    	  4434.0000    	-0.21438164    	 0.27424773E-01
  4434.0000    	  4435.0000    	-0.12444231    	 0.23363716E-01
  4435.0000    	  4436.0000    	-0.52088868E-01	 0.21302087E-01
  4436.0000    	  4437.0000    	-0.35413143E-01	 0.20537577E-01
  4437.0000    	  4438.0000    	 0.15051835E-01	 0.22578234E-01
  4438.0000    	  4439.0000    	 0.39089088E-01	 0.19277201E-01
  4439.0000    	  4440.0000    	 0.55156712E-01	 0.20966418E-01
  4440.0000    	  4441.0000    	 0.87894691E-01	 0.20646766E-01
  4441.0000    	  4442.0000    	 0.75169648E-01	 0.17752364E-01
  4442.0000    	  4443.0000    	 0.45505203E-01	 0.16012430E-01
  4443.0000    	  4444.0000    	 0.50206912E-01	 0.14761913E-01
  4444.0000    	  4445.0000    	-0.90721198E-01	 0.26613443E-01
  4445.0000    	  4446.0000    	-0.14954755    	 0.30278679E-01
  4446.0000    	  4447.0000    	-0.23912835    	 0.45873107E-01
  4447.0000    	  4448.0000    	-0.29544719    	 0.38696381E-01
  4448.0000    	  4449.0000    	-0.28264270    	 0.40665023E-01
  4449.0000    	  4450.0000    	-0.25041605    	 0.43735096E-01
  4450.0000    	  4451.0000    	-0.27564244    	 0.35540920E-01
  4451.0000    	  4452.0000    	-0.32031500    	 0.41859941E-01
  4452.0000    	  4453.0000    	-0.27084991    	 0.39673726E-01
  4453.0000    	  4454.0000    	-0.20276546    	 0.34130983E-01
  4454.0000    	  4455.0000    	-0.24090487    	 0.32259317E-01
  4455.0000    	  4456.0000    	-0.12166301    	 0.22910280E-01
  4456.0000    	  4457.0000    	-0.12763600    	 0.23627988E-01
  4457.0000    	  4458.0000    	-0.53755533E-01	 0.19082468E-01
  4458.0000    	  4459.0000    	-0.12113277E-01	 0.20879148E-01
  4459.0000    	  4460.0000    	 0.92118497E-02	 0.21191758E-01
  4460.0000    	  4461.0000    	 0.50338999E-01	 0.19701820E-01
  4461.0000    	  4462.0000    	 0.48989741E-01	 0.21391586E-01
  4462.0000    	  4463.0000    	 0.52922042E-01	 0.17568971E-01
  4463.0000    	  4464.0000    	 0.82944644E-01	 0.19199019E-01
  4464.0000    	  4465.0000    	 0.75909974E-01	 0.17593393E-01
  4465.0000    	  4466.0000    	 0.58334300E-01	 0.14486023E-01
  4466.0000    	  4467.0000    	-0.25656808E-01	 0.26884510E-01
  4467.0000    	  4468.0000    	-0.13891059    	 0.27336021E-01
  4468.0000    	  4469.0000    	-0.13288621    	 0.29562175E-01
  4469.0000    	  4470.0000    	-0.20913878    	 0.35333252E-01
  4470.0000    	  4471.0000    	-0.26404266    	 0.40671144E-01
  4471.0000    	  4472.0000    	-0.27913618    	 0.38482682E-01
  4472.0000    	  4473.0000    	-0.31680552    	 0.49789321E-01
  4473.0000    	  4474.0000    	-0.25020588    	 0.35649916E-01
  4474.0000    	  4475.0000    	-0.24133730    	 0.37765504E-01
  4475.0000    	  4476.0000    	-0.24520554    	 0.35026927E-01
  4476.0000    	  4477.0000    	-0.19072870    	 0.28488009E-01
  4477.0000    	  4478.0000    	-0.19475011    	 0.24722970E-01
  4478.0000    	  4479.0000    	-0.11106169    	 0.25063942E-01
  4479.0000    	  4480.0000    	-0.55611118E-01	 0.23951578E-01
  4480.0000    	  4481.0000    	 0.98434844E-02	 0.19661993E-01
  4481.0000    	  4482.0000    	 0.20343372E-01	 0.19656207E-01
  4482.0000    	  4483.0000    	 0.71363622E-01	 0.21389727E-01
  4483.0000    	  4484.0000    	 0.74240963E-01	 0.17920875E-01
  4484.0000    	  4485.0000    	 0.89523208E-01	 0.18763322E-01
  4485.0000    	  4486.0000    	 0.92348585E-01	 0.18397235E-01
  4486.0000    	  4487.0000    	 0.59400666E-01	 0.17821254E-01
  4487.0000    	  4488.0000    	 0.51094568E-01	 0.13601028E-01
  4488.0000    	  4489.0000    	-0.10748812    	 0.27987090E-01
  4489.0000    	  4490.0000    	-0.13832608    	 0.29516625E-01
  4490.0000    	  4491.0000    	-0.14207855    	 0.33732133E-01
  4491.0000    	  4492.0000    	-0.20115596    	 0.39279817E-01
  4492.0000    	  4493.0000    	-0.22167411    	 0.43356451E-01
  4493.0000    	  4494.0000    	-0.22905761    	 0.44594375E-01
  4494.0000    	  4495.0000    	-0.27033679    	 0.48474332E-01
  4495.0000    	  4496.0000    	-0.23342406    	 0.39736082E-01
  4496.0000    	  4497.0000    	-0.23891051    	 0.38154044E-01
  4497.0000    	  4498.0000    	-0.21152721    	 0.31142838E-01
  4498.0000    	  4499.0000    	-0.15061525    	 0.30224354E-01
  4499.0000    	  4500.0000    	-0.15834166    	 0.27424151E-01
  4500.0000    	  4501.0000    	-0.15326345    	 0.23456448E-01
  4501.0000    	  4502.0000    	-0.10971290    	 0.21367453E-01
  4502.0000    	  4503.0000    	-0.36785721E-01	 0.17503310E-01
  4503.0000    	  4504.0000    	 0.35271960E-01	 0.19867366E-01
  4504.0000    	  4505.0000    	 0.27036711E-01	 0.19393026E-01
  4505.0000    	  4506.0000    	 0.62257797E-01	 0.20753863E-01
  4506.0000    	  4507.0000    	 0.27070973E-01	 0.21935999E-01
  4507.0000    	  4508.0000    	 0.62771388E-01	 0.18050255E-01
  4508.0000    	  4509.0000    	 0.93605628E-01	 0.17664180E-01
  4509.0000    	  4510.0000    	 0.40016866E-01	 0.13109917E-01
  4510.0000    	  4511.0000    	-0.10011676    	 0.24400064E-01
  4511.0000    	  4512.0000    	-0.10490703    	 0.32577657E-01
  4512.0000    	  4513.0000    	-0.18422839    	 0.32920691E-01
  4513.0000    	  4514.0000    	-0.25137399    	 0.34552844E-01
  4514.0000    	  4515.0000    	-0.21242953    	 0.42921362E-01
  4515.0000    	  4516.0000    	-0.20586751    	 0.45940784E-01
  4516.0000    	  4517.0000    	-0.33269245    	 0.42860338E-01
  4517.0000    	  4518.0000    	-0.33301422    	 0.38680839E-01
  4518.0000    	  4519.0000    	-0.30658994    	 0.39292365E-01
  4519.0000    	  4520.0000    	-0.28613140    	 0.31388028E-01
  4520.0000    	  4521.0000    	-0.21555476    	 0.27476808E-01
  4521.0000    	  4522.0000    	-0.14086358    	 0.25582080E-01
  4522.0000    	  4523.0000    	-0.82117191E-01	 0.24436726E-01
  4523.0000    	  4524.0000    	-0.63257261E-01	 0.22334669E-01
  4524.0000    	  4525.0000    	-0.23688176E-01	 0.17048273E-01
  4525.0000    	  4526.0000    	-0.10797447E-01	 0.18804829E-01
  4526.0000    	  4527.0000    	 0.47480829E-01	 0.18997287E-01
  4527.0000    	  4528.0000    	 0.12373651E-01	 0.20761664E-01
  4528.0000    	  4529.0000    	 0.52813123E-01	 0.17760326E-01
  4529.0000    	  4530.0000    	 0.13894126E-01	 0.19179836E-01
  4530.0000    	  4531.0000    	 0.62427497E-01	 0.15074044E-01
  4531.0000    	  4532.0000    	 0.39770797E-01	 0.14601175E-01
  4532.0000    	  4533.0000    	-0.79838883E-01	 0.24749233E-01
  4533.0000    	  4534.0000    	-0.94278899E-01	 0.25537524E-01
  4534.0000    	  4535.0000    	-0.12880566    	 0.35754700E-01
  4535.0000    	  4536.0000    	-0.22441559    	 0.35335821E-01
  4536.0000    	  4537.0000    	-0.17876639    	 0.38992359E-01
  4537.0000    	  4538.0000    	-0.25068916    	 0.42097399E-01
  4538.0000    	  4539.0000    	-0.27840412    	 0.48397173E-01
  4539.0000    	  4540.0000    	-0.26078185    	 0.45451818E-01
  4540.0000    	  4541.0000    	-0.23731096    	 0.39867911E-01
  4541.0000    	  4542.0000    	-0.20502017    	 0.37882210E-01
  4542.0000    	  4543.0000    	-0.21984531    	 0.28252517E-01
  4543.0000    	  4544.0000    	-0.14650046    	 0.27857971E-01
  4544.0000    	  4545.0000    	-0.13902925    	 0.20059019E-01
  4545.0000    	  4546.0000    	-0.69925292E-01	 0.19611533E-01
  4546.0000    	  4547.0000    	-0.20592675E-01	 0.19290902E-01
  4547.0000    	  4548.0000    	 0.20113039E-02	 0.18591796E-01
  4548.0000    	  4549.0000    	 0.42984347E-01	 0.17773544E-01
  4549.0000    	  4550.0000    	 0.62353710E-01	 0.17027844E-01
  4550.0000    	  4551.0000    	 0.72493336E-01	 0.21370988E-01
  4551.0000    	  4552.0000    	 0.68854323E-01	 0.14689260E-01
  4552.0000    	  4553.0000    	 0.56740237E-01	 0.14832964E-01
  4553.0000    	  4554.0000    	 0.51254663E-01	 0.12535695E-01
  4554.0000    	  4555.0000    	-0.73139751E-01	 0.27282279E-01
  4555.0000    	  4556.0000    	-0.11550066    	 0.30499845E-01
  4556.0000    	  4557.0000    	-0.15017843    	 0.34445202E-01
  4557.0000    	  4558.0000    	-0.14173769    	 0.34319609E-01
  4558.0000    	  4559.0000    	-0.23440985    	 0.41965497E-01
  4559.0000    	  4560.0000    	-0.23156504    	 0.44248755E-01
  4560.0000    	  4561.0000    	-0.22791248    	 0.39867105E-01
  4561.0000    	  4562.0000    	-0.32234760    	 0.34837038E-01
  4562.0000    	  4563.0000    	-0.24361445    	 0.34466201E-01
  4563.0000    	  4564.0000    	-0.24476993    	 0.31872822E-01
  4564.0000    	  4565.0000    	-0.13529077    	 0.27360892E-01
  4565.0000    	  4566.0000    	-0.12647312    	 0.27976821E-01
  4566.0000    	  4567.0000    	-0.78309884E-01	 0.20477318E-01
  4567.0000    	  4568.0000    	-0.44560795E-02	 0.22219088E-01
  4568.0000    	  4569.0000    	-0.12508920E-01	 0.17949059E-01
  4569.0000    	  4570.0000    	 0.25384836E-01	 0.18910385E-01
  4570.0000    	  4571.0000    	 0.16413122E-01	 0.18788194E-01
  4571.0000    	  4572.0000    	 0.69970999E-01	 0.19531931E-01
  4572.0000    	  4573.0000    	 0.43957227E-01	 0.21323389E-01
  4573.0000    	  4574.0000    	 0.86978248E-01	 0.16984618E-01
  4574.0000    	  4575.0000    	 0.52176025E-01	 0.15667397E-01
  4575.0000    	  4576.0000    	 0.54989492E-01	 0.11113409E-01
  4576.0000    	  4577.0000    	-0.78219973E-01	 0.20387123E-01
  4577.0000    	  4578.0000    	-0.13994477    	 0.31881280E-01
  4578.0000    	  4579.0000    	-0.19436118    	 0.34835488E-01
  4579.0000    	  4580.0000    	-0.22424724    	 0.36804622E-01
  4580.0000    	  4581.0000    	-0.18640388    	 0.40465698E-01
  4581.0000    	  4582.0000    	-0.25774330    	 0.41369155E-01
  4582.0000    	  4583.0000    	-0.24366648    	 0.39122214E-01
  4583.0000    	  4584.0000    	-0.27425634    	 0.42320514E-01
  4584.0000    	  4585.0000    	-0.20874493    	 0.38561448E-01
  4585.0000    	  4586.0000    	-0.21151951    	 0.29994999E-01
  4586.0000    	  4587.0000    	-0.18696649    	 0.28060045E-01
  4587.0000    	  4588.0000    	-0.15317543    	 0.20840113E-01
  4588.0000    	  4589.0000    	-0.10610202    	 0.19726819E-01
  4589.0000    	  4590.0000    	-0.66546610E-01	 0.22491390E-01
  4590.0000    	  4591.0000    	-0.31384212E-01	 0.16309560E-01
  4591.0000    	  4592.0000    	 0.26774595E-01	 0.18422669E-01
  4592.0000    	  4593.0000    	 0.14602904E-01	 0.19639488E-01
  4593.0000    	  4594.0000    	 0.57033802E-01	 0.18139061E-01
  4594.0000    	  4595.0000    	 0.25338386E-01	 0.16939842E-01
  4595.0000    	  4596.0000    	 0.65307454E-01	 0.17480060E-01
  4596.0000    	  4597.0000    	 0.76350516E-01	 0.15081341E-01
  4597.0000    	  4598.0000    	 0.54534095E-01	 0.12235248E-01
  4598.0000    	  4599.0000    	-0.73625997E-01	 0.22863184E-01
  4599.0000    	  4600.0000    	-0.18298915    	 0.31091197E-01
  4600.0000    	  4601.0000    	-0.13829047    	 0.37853028E-01
  4601.0000    	  4602.0000    	-0.20645397    	 0.39065602E-01
  4602.0000    	  4603.0000    	-0.21091782    	 0.36724285E-01
  4603.0000    	  4604.0000    	-0.19639804    	 0.39521407E-01
  4604.0000    	  4605.0000    	-0.29995478    	 0.43983647E-01
  4605.0000    	  4606.0000    	-0.27691027    	 0.37668650E-01
  4606.0000    	  4607.0000    	-0.24426155    	 0.38004859E-01
  4607.0000    	  4608.0000    	-0.19649820    	 0.29940360E-01
  4608.0000    	  4609.0000    	-0.19526543    	 0.29081878E-01
  4609.0000    	  4610.0000    	-0.13631829    	 0.25434990E-01
  4610.0000    	  4611.0000    	-0.91731842E-01	 0.21681581E-01
  4611.0000    	  4612.0000    	-0.89933050E-01	 0.21974619E-01
  4612.0000    	  4613.0000    	 0.17737754E-01	 0.16049869E-01
  4613.0000    	  4614.0000    	-0.79538119E-03	 0.17431511E-01
  4614.0000    	  4615.0000    	 0.41385349E-01	 0.18976257E-01
  4615.0000    	  4616.0000    	 0.80748813E-01	 0.16693075E-01
  4616.0000    	  4617.0000    	 0.56087207E-01	 0.15671665E-01
  4617.0000    	  4618.0000    	 0.52587327E-01	 0.15753366E-01
  4618.0000    	  4619.0000    	 0.32725502E-01	 0.14890229E-01
  4619.0000    	  4620.0000    	 0.42195607E-01	 0.12051367E-01
  4620.0000    	  4621.0000    	-0.82953866E-01	 0.22232975E-01
  4621.0000    	  4622.0000    	-0.67127196E-01	 0.31387806E-01
  4622.0000    	  4623.0000    	-0.13843199    	 0.31064278E-01
  4623.0000    	  4624.0000    	-0.17122087    	 0.36316749E-01
  4624.0000    	  4625.0000    	-0.22781991    	 0.36885679E-01
  4625.0000    	  4626.0000    	-0.28043183    	 0.39079198E-01
  4626.0000    	  4627.0000    	-0.28284060    	 0.37433347E-01
  4627.0000    	  4628.0000    	-0.21913389    	 0.42538838E-01
  4628.0000    	  4629.0000    	-0.23936084    	 0.37578262E-01
  4629.0000    	  4630.0000    	-0.24366091    	 0.31261161E-01
  4630.0000    	  4631.0000    	-0.18598368    	 0.29427924E-01
  4631.0000    	  4632.0000    	-0.12473863    	 0.23744935E-01
  4632.0000    	  4633.0000    	-0.69466459E-01	 0.23739450E-01
  4633.0000    	  4634.0000    	-0.85519442E-01	 0.20256712E-01
  4634.0000    	  4635.0000    	-0.14683661E-01	 0.16915705E-01
  4635.0000    	  4636.0000    	 0.13973429E-01	 0.17550911E-01
  4636.0000    	  4637.0000    	-0.51851274E-02	 0.17986091E-01
  4637.0000    	  4638.0000    	 0.34117412E-01	 0.15894266E-01
  4638.0000    	  4639.0000    	 0.79356016E-01	 0.17661869E-01
  4639.0000    	  4640.0000    	 0.35062617E-01	 0.16532260E-01
  4640.0000    	  4641.0000    	 0.47267592E-01	 0.17756093E-01
  4641.0000    	  4642.0000    	 0.55665489E-01	 0.12215355E-01
  4642.0000    	  4643.0000    	-0.35201912E-01	 0.23428832E-01
  4643.0000    	  4644.0000    	-0.68613324E-01	 0.26700232E-01
  4644.0000    	  4645.0000    	-0.13308766    	 0.28989063E-01
  4645.0000    	  4646.0000    	-0.17389922    	 0.38783708E-01
  4646.0000    	  4647.0000    	-0.24111791    	 0.37753848E-01
  4647.0000    	  4648.0000    	-0.20843490    	 0.35893001E-01
  4648.0000    	  4649.0000    	-0.21625304    	 0.35770106E-01
  4649.0000    	  4650.0000    	-0.19699018    	 0.38465526E-01
  4650.0000    	  4651.0000    	-0.24161663    	 0.36907549E-01
  4651.0000    	  4652.0000    	-0.17630425    	 0.31956444E-01
  4652.0000    	  4653.0000    	-0.14895984    	 0.33783280E-01
  4653.0000    	  4654.0000    	-0.11985049    	 0.25740103E-01
  4654.0000    	  4655.0000    	-0.13556391    	 0.23582058E-01
  4655.0000    	  4656.0000    	-0.54401789E-01	 0.19062876E-01
  4656.0000    	  4657.0000    	-0.28092935E-01	 0.17519944E-01
  4657.0000    	  4658.0000    	 0.14688122E-01	 0.15851085E-01
  4658.0000    	  4659.0000    	 0.58846801E-01	 0.17762701E-01
  4659.0000    	  4660.0000    	 0.56330424E-01	 0.17768125E-01
  4660.0000    	  4661.0000    	 0.27657465E-01	 0.14982557E-01
  4661.0000    	  4662.0000    	 0.83171862E-01	 0.17153535E-01
  4662.0000    	  4663.0000    	 0.61699145E-01	 0.14114720E-01
  4663.0000    	  4664.0000    	 0.36946705E-01	 0.11943391E-01
  4664.0000    	  4665.0000    	-0.95200676E-01	 0.27263533E-01
  4665.0000    	  4666.0000    	-0.13195404    	 0.26118861E-01
  4666.0000    	  4667.0000    	-0.10668882    	 0.26360566E-01
  4667.0000    	  4668.0000    	-0.16272047    	 0.39633924E-01
  4668.0000    	  4669.0000    	-0.18967895    	 0.37593716E-01
  4669.0000    	  4670.0000    	-0.21041158    	 0.36159661E-01
  4670.0000    	  4671.0000    	-0.24455086    	 0.43715365E-01
  4671.0000    	  4672.0000    	-0.25550554    	 0.38161587E-01
  4672.0000    	  4673.0000    	-0.25767850    	 0.42514298E-01
  4673.0000    	  4674.0000    	-0.21554346    	 0.33402429E-01
  4674.0000    	  4675.0000    	-0.17897462    	 0.25728063E-01
  4675.0000    	  4676.0000    	-0.15337307    	 0.24197107E-01
  4676.0000    	  4677.0000    	-0.10072279    	 0.20899593E-01
  4677.0000    	  4678.0000    	-0.23387558E-01	 0.19150486E-01
  4678.0000    	  4679.0000    	-0.43291097E-01	 0.18350729E-01
  4679.0000    	  4680.0000    	 0.15003405E-02	 0.16112096E-01
  4680.0000    	  4681.0000    	 0.29368243E-01	 0.18909683E-01
  4681.0000    	  4682.0000    	 0.56044733E-01	 0.15715783E-01
  4682.0000    	  4683.0000    	 0.71275598E-01	 0.15204673E-01
  4683.0000    	  4684.0000    	 0.51904348E-01	 0.14045402E-01
  4684.0000    	  4685.0000    	 0.28564927E-01	 0.12307838E-01
  4685.0000    	  4686.0000    	 0.55850462E-01	 0.11905044E-01
  4686.0000    	  4687.0000    	-0.67406547E-01	 0.21199291E-01
  4687.0000    	  4688.0000    	-0.10399604    	 0.28685687E-01
  4688.0000    	  4689.0000    	-0.15366400    	 0.29668632E-01
  4689.0000    	  4690.0000    	-0.13177836    	 0.36724308E-01
  4690.0000    	  4691.0000    	-0.26587706    	 0.38772349E-01
  4691.0000    	  4692.0000    	-0.23404135    	 0.40480118E-01
  4692.0000    	  4693.0000    	-0.31618001    	 0.45412750E-01
  4693.0000    	  4694.0000    	-0.21816450    	 0.35641854E-01
  4694.0000    	  4695.0000    	-0.24148752    	 0.33489050E-01
  4695.0000    	  4696.0000    	-0.21778607    	 0.31240572E-01
  4696.0000    	  4697.0000    	-0.17926950    	 0.28089396E-01
  4697.0000    	  4698.0000    	-0.12743362    	 0.23234267E-01
  4698.0000    	  4699.0000    	-0.83683029E-01	 0.22485981E-01
  4699.0000    	  4700.0000    	-0.64982127E-01	 0.20133737E-01
  4700.0000    	  4701.0000    	-0.17867551E-02	 0.18007466E-01
  4701.0000    	  4702.0000    	 0.16377012E-01	 0.16779791E-01
  4702.0000    	  4703.0000    	 0.53479104E-01	 0.16651252E-01
  4703.0000    	  4704.0000    	 0.35401893E-01	 0.14322443E-01
  4704.0000    	  4705.0000    	 0.45950984E-01	 0.16862120E-01
  4705.0000    	  4706.0000    	 0.72740230E-01	 0.13644311E-01
  4706.0000    	  4707.0000    	 0.40202239E-01	 0.11193113E-01
  4707.0000    	  4708.0000    	 0.32561184E-01	 0.10838819E-01
  4708.0000    	  4709.0000    	-0.53903555E-01	 0.23528114E-01
  4709.0000    	  4710.0000    	-0.49859280E-01	 0.32806697E-01
  4710.0000    	  4711.0000    	-0.10240480    	 0.32148842E-01
  4711.0000    	  4712.0000    	-0.16896689    	 0.36942871E-01
  4712.0000    	  4713.0000    	-0.21216691    	 0.37571253E-01
  4713.0000    	  4714.0000    	-0.25129530    	 0.33422639E-01
  4714.0000    	  4715.0000    	-0.13777304    	 0.37921071E-01
  4715.0000    	  4716.0000    	-0.21566195    	 0.39573579E-01
  4716.0000    	  4717.0000    	-0.15756077    	 0.32208591E-01
  4717.0000    	  4718.0000    	-0.20301895    	 0.32609037E-01
  4718.0000    	  4719.0000    	-0.14776783    	 0.26585199E-01
  4719.0000    	  4720.0000    	-0.12989860    	 0.23318540E-01
  4720.0000    	  4721.0000    	-0.88996812E-01	 0.21005164E-01
  4721.0000    	  4722.0000    	-0.58439228E-01	 0.17526758E-01
  4722.0000    	  4723.0000    	-0.39897801E-01	 0.17325091E-01
  4723.0000    	  4724.0000    	-0.43316278E-02	 0.18406421E-01
  4724.0000    	  4725.0000    	 0.31834393E-01	 0.16005030E-01
  4725.0000    	  4726.0000    	 0.30308294E-01	 0.16165368E-01
  4726.0000    	  4727.0000    	 0.33346688E-01	 0.16561930E-01
  4727.0000    	  4728.0000    	 0.70104348E-01	 0.13385705E-01
  4728.0000    	  4729.0000    	 0.52227507E-01	 0.13357855E-01
  4729.0000    	  4730.0000    	 0.56993030E-01	 0.12213641E-01
  4730.0000    	  4731.0000    	-0.54788258E-01	 0.22576978E-01
  4731.0000    	  4732.0000    	-0.13944711    	 0.29866397E-01
  4732.0000    	  4733.0000    	-0.13859468    	 0.31027461E-01
  4733.0000    	  4734.0000    	-0.17489655    	 0.33346396E-01
  4734.0000    	  4735.0000    	-0.24031264    	 0.40879129E-01
  4735.0000    	  4736.0000    	-0.17443125    	 0.37753880E-01
  4736.0000    	  4737.0000    	-0.30681163    	 0.44140381E-01
  4737.0000    	  4738.0000    	-0.24506782    	 0.38219795E-01
  4738.0000    	  4739.0000    	-0.21477793    	 0.31575103E-01
  4739.0000    	  4740.0000    	-0.16872868    	 0.28992741E-01
  4740.0000    	  4741.0000    	-0.15702375    	 0.24630545E-01
  4741.0000    	  4742.0000    	-0.97698483E-01	 0.27340117E-01
  4742.0000    	  4743.0000    	-0.88863927E-01	 0.22337520E-01
  4743.0000    	  4744.0000    	-0.61169464E-01	 0.19343701E-01
  4744.0000    	  4745.0000    	-0.46102786E-01	 0.17062672E-01
  4745.0000    	  4746.0000    	-0.10585826E-01	 0.18999730E-01
  4746.0000    	  4747.0000    	 0.43330347E-01	 0.12839960E-01
  4747.0000    	  4748.0000    	 0.28000460E-01	 0.15319997E-01
  4748.0000    	  4749.0000    	 0.45492951E-01	 0.14754457E-01
  4749.0000    	  4750.0000    	 0.27883506E-01	 0.15278010E-01
  4750.0000    	  4751.0000    	 0.41185408E-01	 0.13117113E-01
  4751.0000    	  4752.0000    	 0.35516635E-01	 0.12029086E-01
  4752.0000    	  4753.0000    	-0.56752977E-01	 0.23823468E-01
  4753.0000    	  4754.0000    	-0.10191170    	 0.23975536E-01
  4754.0000    	  4755.0000    	-0.15203914    	 0.32736941E-01
  4755.0000    	  4756.0000    	-0.13890248    	 0.31179281E-01
  4756.0000    	  4757.0000    	-0.17153774    	 0.35670907E-01
  4757.0000    	  4758.0000    	-0.25868479    	 0.40269095E-01
  4758.0000    	  4759.0000    	-0.25204753    	 0.38541652E-01
  4759.0000    	  4760.0000    	-0.29317912    	 0.38168870E-01
  4760.0000    	  4761.0000    	-0.14311957    	 0.40511857E-01
  4761.0000    	  4762.0000    	-0.20841091    	 0.30713755E-01
  4762.0000    	  4763.0000    	-0.15863583    	 0.30457169E-01
  4763.0000    	  4764.0000    	-0.14015746    	 0.24326962E-01
  4764.0000    	  4765.0000    	-0.85210415E-01	 0.20705777E-01
  4765.0000    	  4766.0000    	-0.78122837E-01	 0.16600484E-01
  4766.0000    	  4767.0000    	-0.14436841E-01	 0.17142376E-01
  4767.0000    	  4768.0000    	 0.84212165E-02	 0.15510056E-01
  4768.0000    	  4769.0000    	 0.15185750E-01	 0.16073268E-01
  4769.0000    	  4770.0000    	 0.54228695E-01	 0.13868732E-01
  4770.0000    	  4771.0000    	 0.59020154E-01	 0.15705808E-01
  4771.0000    	  4772.0000    	 0.55101288E-01	 0.15001233E-01
  4772.0000    	  4773.0000    	 0.47700288E-01	 0.11887273E-01
  4773.0000    	  4774.0000    	 0.33152293E-01	 0.11115097E-01
  4774.0000    	  4775.0000    	-0.70600984E-01	 0.18351642E-01
  4775.0000    	  4776.0000    	-0.10821985    	 0.29233655E-01
  4776.0000    	  4777.0000    	-0.16404069    	 0.25718422E-01
  4777.0000    	  4778.0000    	-0.14096496    	 0.34111897E-01
  4778.0000    	  4779.0000    	-0.14376845    	 0.34644145E-01
  4779.0000    	  4780.0000    	-0.22196967    	 0.38624820E-01
  4780.0000    	  4781.0000    	-0.28110662    	 0.38965448E-01
  4781.0000    	  4782.0000    	-0.23217872    	 0.40919127E-01
  4782.0000    	  4783.0000    	-0.18995308    	 0.31379986E-01
  4783.0000    	  4784.0000    	-0.14023111    	 0.34216865E-01
  4784.0000    	  4785.0000    	-0.17335111    	 0.26741479E-01
  4785.0000    	  4786.0000    	-0.13129549    	 0.23039952E-01
  4786.0000    	  4787.0000    	-0.14721963    	 0.22231807E-01
  4787.0000    	  4788.0000    	-0.58995460E-01	 0.18992278E-01
  4788.0000    	  4789.0000    	-0.17551715E-01	 0.15462095E-01
  4789.0000    	  4790.0000    	 0.33340431E-01	 0.14662572E-01
  4790.0000    	  4791.0000    	 0.82266444E-02	 0.16289963E-01
  4791.0000    	  4792.0000    	 0.30320517E-01	 0.14695358E-01
  4792.0000    	  4793.0000    	 0.68535405E-01	 0.13118611E-01
  4793.0000    	  4794.0000    	 0.60195888E-01	 0.14734875E-01
  4794.0000    	  4795.0000    	 0.43529084E-01	 0.11863596E-01
  4795.0000    	  4796.0000    	 0.45093020E-01	 0.94175149E-02
  4796.0000    	  4797.0000    	-0.85147178E-01	 0.22556586E-01
  4797.0000    	  4798.0000    	-0.11049296    	 0.25926438E-01
  4798.0000    	  4799.0000    	-0.16962019    	 0.25594544E-01
  4799.0000    	  4800.0000    	-0.18910437    	 0.34834848E-01
  4800.0000    	  4801.0000    	-0.16621017    	 0.34180793E-01
  4801.0000    	  4802.0000    	-0.23715403    	 0.34274121E-01
  4802.0000    	  4803.0000    	-0.20643995    	 0.38076053E-01
  4803.0000    	  4804.0000    	-0.14754881    	 0.35343107E-01
  4804.0000    	  4805.0000    	-0.26997106    	 0.38743327E-01
  4805.0000    	  4806.0000    	-0.22966756    	 0.29299145E-01
  4806.0000    	  4807.0000    	-0.18390464    	 0.24986349E-01
  4807.0000    	  4808.0000    	-0.12569289    	 0.22452300E-01
  4808.0000    	  4809.0000    	-0.89475737E-01	 0.20615267E-01
  4809.0000    	  4810.0000    	-0.49779328E-01	 0.17873950E-01
  4810.0000    	  4811.0000    	-0.30485701E-01	 0.15740392E-01
  4811.0000    	  4812.0000    	 0.24060382E-01	 0.16003264E-01
  4812.0000    	  4813.0000    	 0.25391091E-01	 0.15680682E-01
  4813.0000    	  4814.0000    	 0.40366271E-01	 0.15275058E-01
  4814.0000    	  4815.0000    	 0.41058814E-01	 0.12990029E-01
  4815.0000    	  4816.0000    	 0.35922063E-01	 0.18251490E-01
  4816.0000    	  4817.0000    	 0.36920253E-01	 0.11789093E-01
  4817.0000    	  4818.0000    	 0.49862750E-01	 0.93887350E-02
  4818.0000    	  4819.0000    	-0.57741532E-01	 0.22930379E-01
  4819.0000    	  4820.0000    	-0.68795709E-01	 0.27363755E-01
  4820.0000    	  4821.0000    	-0.11690106    	 0.27526537E-01
  4821.0000    	  4822.0000    	-0.14008189    	 0.35425138E-01
  4822.0000    	  4823.0000    	-0.22831745    	 0.38424931E-01
  4823.0000    	  4824.0000    	-0.20710461    	 0.33220131E-01
  4824.0000    	  4825.0000    	-0.14144114    	 0.43012144E-01
  4825.0000    	  4826.0000    	-0.19299076    	 0.32183885E-01
  4826.0000    	  4827.0000    	-0.17079067    	 0.34359948E-01
  4827.0000    	  4828.0000    	-0.22976201    	 0.29475035E-01
  4828.0000    	  4829.0000    	-0.14358433    	 0.25782140E-01
  4829.0000    	  4830.0000    	-0.89005137E-01	 0.24695166E-01
  4830.0000    	  4831.0000    	-0.57295896E-01	 0.20728995E-01
  4831.0000    	  4832.0000    	-0.74677556E-01	 0.18556523E-01
  4832.0000    	  4833.0000    	-0.24479638E-01	 0.17001678E-01
  4833.0000    	  4834.0000    	-0.95123404E-03	 0.14353380E-01
  4834.0000    	  4835.0000    	 0.32999726E-01	 0.14977746E-01
  4835.0000    	  4836.0000    	 0.50084851E-01	 0.14672310E-01
  4836.0000    	  4837.0000    	 0.57457623E-01	 0.13764829E-01
  4837.0000    	  4838.0000    	 0.61361141E-01	 0.13504981E-01
  4838.0000    	  4839.0000    	 0.44977212E-01	 0.12039776E-01
  4839.0000    	  4840.0000    	 0.41426440E-01	 0.10331195E-01
  4840.0000    	  4841.0000    	-0.73663819E-01	 0.20984303E-01
  4841.0000    	  4842.0000    	-0.83246994E-01	 0.26636949E-01
  4842.0000    	  4843.0000    	-0.12148295    	 0.24811807E-01
  4843.0000    	  4844.0000    	-0.15402266    	 0.35800181E-01
  4844.0000    	  4845.0000    	-0.20796284    	 0.33983263E-01
  4845.0000    	  4846.0000    	-0.27160369    	 0.36540051E-01
  4846.0000    	  4847.0000    	-0.21312297    	 0.38520874E-01
  4847.0000    	  4848.0000    	-0.24270501    	 0.38062291E-01
  4848.0000    	  4849.0000    	-0.26041719    	 0.35324303E-01
  4849.0000    	  4850.0000    	-0.14651911    	 0.29763788E-01
  4850.0000    	  4851.0000    	-0.21356394    	 0.28131420E-01
  4851.0000    	  4852.0000    	-0.13709847    	 0.20351286E-01
  4852.0000    	  4853.0000    	-0.14542407    	 0.20439299E-01
  4853.0000    	  4854.0000    	-0.28827799E-01	 0.17479120E-01
  4854.0000    	  4855.0000    	 0.11912700E-01	 0.15004342E-01
  4855.0000    	  4856.0000    	 0.51177358E-02	 0.16100426E-01
  4856.0000    	  4857.0000    	 0.13371236E-02	 0.14417476E-01
  4857.0000    	  4858.0000    	 0.33301448E-01	 0.14989709E-01
  4858.0000    	  4859.0000    	 0.32517579E-01	 0.13260187E-01
  4859.0000    	  4860.0000    	 0.29369757E-01	 0.13359832E-01
  4860.0000    	  4861.0000    	 0.39655732E-01	 0.14022181E-01
  4861.0000    	  4862.0000    	 0.37191392E-01	 0.10351496E-01
  4862.0000    	  4863.0000    	-0.48954993E-01	 0.18985547E-01
  4863.0000    	  4864.0000    	-0.75996256E-01	 0.24733992E-01
  4864.0000    	  4865.0000    	-0.13648552    	 0.27201124E-01
  4865.0000    	  4866.0000    	-0.16779756    	 0.28954136E-01
  4866.0000    	  4867.0000    	-0.13091147    	 0.38153709E-01
  4867.0000    	  4868.0000    	-0.16991331    	 0.38196875E-01
  4868.0000    	  4869.0000    	-0.24910448    	 0.30553820E-01
  4869.0000    	  4870.0000    	-0.18385229    	 0.36878139E-01
  4870.0000    	  4871.0000    	-0.18981046    	 0.39922000E-01
  4871.0000    	  4872.0000    	-0.19733543    	 0.32986761E-01
  4872.0000    	  4873.0000    	-0.14106798    	 0.26485732E-01
  4873.0000    	  4874.0000    	-0.93992597E-01	 0.20120348E-01
  4874.0000    	  4875.0000    	-0.70071925E-01	 0.18618840E-01
  4875.0000    	  4876.0000    	-0.70181797E-01	 0.17085951E-01
  4876.0000    	  4877.0000    	-0.28363845E-01	 0.15968658E-01
  4877.0000    	  4878.0000    	-0.48157310E-02	 0.15518375E-01
  4878.0000    	  4879.0000    	 0.38523355E-01	 0.14107959E-01
  4879.0000    	  4880.0000    	 0.36893330E-01	 0.14686499E-01
  4880.0000    	  4881.0000    	 0.36223453E-01	 0.15610535E-01
  4881.0000    	  4882.0000    	 0.46486627E-01	 0.12451879E-01
  4882.0000    	  4883.0000    	 0.28282153E-01	 0.12987008E-01
  4883.0000    	  4884.0000    	 0.37778532E-01	 0.10305692E-01
  4884.0000    	  4885.0000    	-0.88825869E-01	 0.20039603E-01
  4885.0000    	  4886.0000    	-0.49407620E-01	 0.25980770E-01
  4886.0000    	  4887.0000    	-0.99502771E-01	 0.27740642E-01
  4887.0000    	  4888.0000    	-0.15095748    	 0.29050335E-01
  4888.0000    	  4889.0000    	-0.10699109    	 0.39793332E-01
  4889.0000    	  4890.0000    	-0.20215905    	 0.34239431E-01
  4890.0000    	  4891.0000    	-0.23836795    	 0.38381798E-01
  4891.0000    	  4892.0000    	-0.20396285    	 0.34403480E-01
  4892.0000    	  4893.0000    	-0.19970107    	 0.34574522E-01
  4893.0000    	  4894.0000    	-0.22178973    	 0.29844574E-01
  4894.0000    	  4895.0000    	-0.17704768    	 0.22239622E-01
  4895.0000    	  4896.0000    	-0.10657427    	 0.20333574E-01
  4896.0000    	  4897.0000    	-0.90848504E-01	 0.18903776E-01
  4897.0000    	  4898.0000    	-0.89491464E-01	 0.18551398E-01
  4898.0000    	  4899.0000    	-0.16306461E-01	 0.17544152E-01
  4899.0000    	  4900.0000    	 0.35810921E-02	 0.16653376E-01
  4900.0000    	  4901.0000    	-0.50564371E-02	 0.15322393E-01
  4901.0000    	  4902.0000    	-0.75662007E-03	 0.16349520E-01
  4902.0000    	  4903.0000    	 0.61444226E-01	 0.14662089E-01
  4903.0000    	  4904.0000    	 0.46453907E-01	 0.11318169E-01
  4904.0000    	  4905.0000    	 0.39075850E-01	 0.10759333E-01
  4905.0000    	  4906.0000    	 0.33215845E-01	 0.11824334E-01
  4906.0000    	  4907.0000    	-0.85051498E-01	 0.22018821E-01
  4907.0000    	  4908.0000    	-0.51969781E-01	 0.25288109E-01
  4908.0000    	  4909.0000    	-0.16276759    	 0.27329105E-01
  4909.0000    	  4910.0000    	-0.17083588    	 0.31779333E-01
  4910.0000    	  4911.0000    	-0.14345145    	 0.31359356E-01
  4911.0000    	  4912.0000    	-0.21852171    	 0.39188846E-01
  4912.0000    	  4913.0000    	-0.19928034    	 0.30991865E-01
  4913.0000    	  4914.0000    	-0.17392551    	 0.37205167E-01
  4914.0000    	  4915.0000    	-0.15975399    	 0.31065723E-01
  4915.0000    	  4916.0000    	-0.17380290    	 0.26979787E-01
  4916.0000    	  4917.0000    	-0.10839647    	 0.26869512E-01
  4917.0000    	  4918.0000    	-0.12639263    	 0.19058470E-01
  4918.0000    	  4919.0000    	-0.52606403E-01	 0.18512752E-01
  4919.0000    	  4920.0000    	-0.13266344E-01	 0.19392597E-01
  4920.0000    	  4921.0000    	-0.40256727E-01	 0.15655758E-01
  4921.0000    	  4922.0000    	-0.84934642E-02	 0.15145481E-01
  4922.0000    	  4923.0000    	 0.12655669E-01	 0.17444715E-01
  4923.0000    	  4924.0000    	 0.47555807E-01	 0.15493834E-01
  4924.0000    	  4925.0000    	 0.95457896E-02	 0.13666677E-01
  4925.0000    	  4926.0000    	 0.33003438E-01	 0.14710484E-01
  4926.0000    	  4927.0000    	 0.45753928E-01	 0.11027367E-01
  4927.0000    	  4928.0000    	 0.41107204E-02	 0.10337859E-01
  4928.0000    	  4929.0000    	-0.69952834E-01	 0.21914270E-01
  4929.0000    	  4930.0000    	-0.13298590    	 0.24298008E-01
  4930.0000    	  4931.0000    	-0.13901061    	 0.26283704E-01
  4931.0000    	  4932.0000    	-0.17904747    	 0.30244657E-01
  4932.0000    	  4933.0000    	-0.20212110    	 0.35517368E-01
  4933.0000    	  4934.0000    	-0.19577670    	 0.32424593E-01
  4934.0000    	  4935.0000    	-0.21819321    	 0.36845801E-01
  4935.0000    	  4936.0000    	-0.23995899    	 0.37258816E-01
  4936.0000    	  4937.0000    	-0.18771558    	 0.31236781E-01
  4937.0000    	  4938.0000    	-0.25738074    	 0.32713131E-01
  4938.0000    	  4939.0000    	-0.12794221    	 0.27658124E-01
  4939.0000    	  4940.0000    	-0.12695101    	 0.23046682E-01
  4940.0000    	  4941.0000    	-0.11433828    	 0.21944763E-01
  4941.0000    	  4942.0000    	-0.63429582E-01	 0.20910492E-01
  4942.0000    	  4943.0000    	-0.11566267E-02	 0.17091790E-01
  4943.0000    	  4944.0000    	 0.23549025E-01	 0.15494252E-01
  4944.0000    	  4945.0000    	 0.25604400E-01	 0.16347564E-01
  4945.0000    	  4946.0000    	 0.43888457E-01	 0.15672816E-01
  4946.0000    	  4947.0000    	 0.59143188E-01	 0.12097387E-01
  4947.0000    	  4948.0000    	 0.51742665E-01	 0.13573999E-01
  4948.0000    	  4949.0000    	 0.56650989E-01	 0.10109649E-01
  4949.0000    	  4950.0000    	 0.19530545E-01	 0.10312037E-01
  4950.0000    	  4951.0000    	-0.60235865E-01	 0.19617996E-01
  4951.0000    	  4952.0000    	-0.80648786E-01	 0.25070320E-01
  4952.0000    	  4953.0000    	-0.10530929    	 0.31093808E-01
  4953.0000    	  4954.0000    	-0.13070092    	 0.30970006E-01
  4954.0000    	  4955.0000    	-0.13432064    	 0.34114778E-01
  4955.0000    	  4956.0000    	-0.26024679    	 0.32235885E-01
  4956.0000    	  4957.0000    	-0.19043785    	 0.32598617E-01
  4957.0000    	  4958.0000    	-0.13827845    	 0.34996487E-01
  4958.0000    	  4959.0000    	-0.16053492    	 0.34226752E-01
  4959.0000    	  4960.0000    	-0.13361069    	 0.32298240E-01
  4960.0000    	  4961.0000    	-0.14283445    	 0.26792166E-01
  4961.0000    	  4962.0000    	-0.13154828    	 0.21494943E-01
  4962.0000    	  4963.0000    	-0.10534503    	 0.19133440E-01
  4963.0000    	  4964.0000    	-0.54695175E-01	 0.16116646E-01
  4964.0000    	  4965.0000    	-0.38207789E-01	 0.15114883E-01
  4965.0000    	  4966.0000    	-0.66745043E-02	 0.15546252E-01
  4966.0000    	  4967.0000    	 0.10757563E-01	 0.15362611E-01
  4967.0000    	  4968.0000    	 0.24400138E-01	 0.13655805E-01
  4968.0000    	  4969.0000    	 0.32440426E-01	 0.13404777E-01
  4969.0000    	  4970.0000    	 0.34382911E-01	 0.13012452E-01
  4970.0000    	  4971.0000    	 0.37988003E-01	 0.11950512E-01
  4971.0000    	  4972.0000    	 0.56485814E-01	 0.11009417E-01
  4972.0000    	  4973.0000    	-0.46375534E-01	 0.17555491E-01
  4973.0000    	  4974.0000    	-0.58468835E-01	 0.21560253E-01
  4974.0000    	  4975.0000    	-0.12914519    	 0.23816541E-01
  4975.0000    	  4976.0000    	-0.14043795    	 0.31394946E-01
  4976.0000    	  4977.0000    	-0.17621672    	 0.38056758E-01
  4977.0000    	  4978.0000    	-0.13424795    	 0.33362986E-01
  4978.0000    	  4979.0000    	-0.21244384    	 0.31530762E-01
  4979.0000    	  4980.0000    	-0.24777034    	 0.36684606E-01
  4980.0000    	  4981.0000    	-0.23264770    	 0.32887833E-01
  4981.0000    	  4982.0000    	-0.18230848    	 0.26005073E-01
  4982.0000    	  4983.0000    	-0.21508946    	 0.24667959E-01
  4983.0000    	  4984.0000    	-0.12820371    	 0.21449484E-01
  4984.0000    	  4985.0000    	-0.77658271E-01	 0.17493089E-01
  4985.0000    	  4986.0000    	-0.76971615E-01	 0.18672678E-01
  4986.0000    	  4987.0000    	-0.22190510E-01	 0.15819416E-01
  4987.0000    	  4988.0000    	 0.12837803E-01	 0.15788789E-01
  4988.0000    	  4989.0000    	 0.14056090E-01	 0.14654815E-01
  4989.0000    	  4990.0000    	 0.36961995E-01	 0.14088259E-01
  4990.0000    	  4991.0000    	 0.25566665E-01	 0.15527254E-01
  4991.0000    	  4992.0000    	 0.30755164E-01	 0.10682180E-01
  4992.0000    	  4993.0000    	 0.36815493E-01	 0.10965231E-01
  4993.0000    	  4994.0000    	 0.87759509E-02	 0.91351364E-02
  4994.0000    	  4995.0000    	-0.78615326E-02	 0.17865752E-01
  4995.0000    	  4996.0000    	-0.80825007E-01	 0.20470795E-01
  4996.0000    	  4997.0000    	-0.61989998E-01	 0.25611116E-01
  4997.0000    	  4998.0000    	-0.10414333    	 0.29810759E-01
  4998.0000    	  4999.0000    	-0.17310945    	 0.33867672E-01
  4999.0000    	  5000.0000    	-0.19066499    	 0.30745640E-01
  5000.0000    	  5001.0000    	-0.12554727    	 0.33441779E-01
  5001.0000    	  5002.0000    	-0.17069544    	 0.33866749E-01
  5002.0000    	  5003.0000    	-0.20445886    	 0.28730914E-01
  5003.0000    	  5004.0000    	-0.16261533    	 0.26743908E-01
  5004.0000    	  5005.0000    	-0.15348606    	 0.23079077E-01
  5005.0000    	  5006.0000    	-0.14396923    	 0.22689879E-01
  5006.0000    	  5007.0000    	-0.96815132E-01	 0.20052818E-01
  5007.0000    	  5008.0000    	-0.69090527E-01	 0.15947845E-01
  5008.0000    	  5009.0000    	-0.42228567E-01	 0.14398150E-01
  5009.0000    	  5010.0000    	-0.17848596E-01	 0.15788652E-01
  5010.0000    	  5011.0000    	 0.22634300E-01	 0.14511409E-01
  5011.0000    	  5012.0000    	 0.30111379E-01	 0.13427056E-01
  5012.0000    	  5013.0000    	 0.45195888E-01	 0.12737447E-01
  5013.0000    	  5014.0000    	 0.37218474E-01	 0.10205527E-01
  5014.0000    	  5015.0000    	 0.44756236E-01	 0.11211464E-01
  5015.0000    	  5016.0000    	 0.34325905E-01	 0.92425429E-02
  5016.0000    	  5017.0000    	-0.62407151E-01	 0.19139654E-01
  5017.0000    	  5018.0000    	-0.68327496E-01	 0.25468845E-01
  5018.0000    	  5019.0000    	-0.89533605E-01	 0.28838406E-01
  5019.0000    	  5020.0000    	-0.13939543    	 0.27287574E-01
  5020.0000    	  5021.0000    	-0.12984427    	 0.28592384E-01
  5021.0000    	  5022.0000    	-0.22187328    	 0.32648057E-01
  5022.0000    	  5023.0000    	-0.22754390    	 0.33926621E-01
  5023.0000    	  5024.0000    	-0.22676243    	 0.33818728E-01
  5024.0000    	  5025.0000    	-0.20785474    	 0.33400342E-01
  5025.0000    	  5026.0000    	-0.18067228    	 0.25588298E-01
  5026.0000    	  5027.0000    	-0.16365975    	 0.26183962E-01
  5027.0000    	  5028.0000    	-0.10981670    	 0.23869006E-01
  5028.0000    	  5029.0000    	-0.92130383E-01	 0.16704131E-01
  5029.0000    	  5030.0000    	-0.62397490E-01	 0.16109516E-01
  5030.0000    	  5031.0000    	-0.45969270E-01	 0.18276081E-01
  5031.0000    	  5032.0000    	-0.19563013E-01	 0.16834871E-01
  5032.0000    	  5033.0000    	 0.22169758E-01	 0.13867340E-01
  5033.0000    	  5034.0000    	 0.37885419E-01	 0.13721965E-01
  5034.0000    	  5035.0000    	 0.47303588E-01	 0.12181733E-01
  5035.0000    	  5036.0000    	 0.23889425E-01	 0.12176844E-01
  5036.0000    	  5037.0000    	 0.34874820E-01	 0.10849736E-01
  5037.0000    	  5038.0000    	 0.24442105E-01	 0.90204653E-02
  5038.0000    	  5039.0000    	-0.64377240E-01	 0.19797339E-01
  5039.0000    	  5040.0000    	-0.59422662E-01	 0.24852597E-01
  5040.0000    	  5041.0000    	-0.96225708E-01	 0.26124502E-01
  5041.0000    	  5042.0000    	-0.11267615    	 0.27628193E-01
  5042.0000    	  5043.0000    	-0.11356462    	 0.30261723E-01
  5043.0000    	  5044.0000    	-0.19148979    	 0.32394092E-01
  5044.0000    	  5045.0000    	-0.26118594    	 0.35718286E-01
  5045.0000    	  5046.0000    	-0.17910383    	 0.33231423E-01
  5046.0000    	  5047.0000    	-0.14218840    	 0.31250403E-01
  5047.0000    	  5048.0000    	-0.22584921    	 0.29842049E-01
  5048.0000    	  5049.0000    	-0.15155131    	 0.25318721E-01
  5049.0000    	  5050.0000    	-0.10097105    	 0.19512571E-01
  5050.0000    	  5051.0000    	-0.78899830E-01	 0.16650214E-01
  5051.0000    	  5052.0000    	-0.44139775E-01	 0.15208727E-01
  5052.0000    	  5053.0000    	-0.17555576E-01	 0.14851495E-01
  5053.0000    	  5054.0000    	-0.10186721E-01	 0.14838729E-01
  5054.0000    	  5055.0000    	-0.45724632E-02	 0.14984410E-01
  5055.0000    	  5056.0000    	 0.24908583E-01	 0.12961431E-01
  5056.0000    	  5057.0000    	 0.36736038E-01	 0.12414636E-01
  5057.0000    	  5058.0000    	 0.49136590E-01	 0.11395052E-01
  5058.0000    	  5059.0000    	 0.41344042E-01	 0.10987340E-01
  5059.0000    	  5060.0000    	 0.20688806E-01	 0.91031112E-02
  5060.0000    	  5061.0000    	-0.60456796E-01	 0.17341654E-01
  5061.0000    	  5062.0000    	-0.73251538E-01	 0.21922190E-01
  5062.0000    	  5063.0000    	-0.12190739    	 0.28018757E-01
  5063.0000    	  5064.0000    	-0.21311116    	 0.33287040E-01
  5064.0000    	  5065.0000    	-0.17350891    	 0.29246963E-01
  5065.0000    	  5066.0000    	-0.20025836    	 0.33536846E-01
  5066.0000    	  5067.0000    	-0.17353852    	 0.32623257E-01
  5067.0000    	  5068.0000    	-0.20330726    	 0.32860586E-01
  5068.0000    	  5069.0000    	-0.19090650    	 0.28296105E-01
  5069.0000    	  5070.0000    	-0.14588989    	 0.26212763E-01
  5070.0000    	  5071.0000    	-0.13192173    	 0.23386580E-01
  5071.0000    	  5072.0000    	-0.12765757    	 0.19130076E-01
  5072.0000    	  5073.0000    	-0.64001588E-01	 0.16789578E-01
  5073.0000    	  5074.0000    	-0.76554017E-01	 0.17378145E-01
  5074.0000    	  5075.0000    	-0.11057766E-01	 0.16332689E-01
  5075.0000    	  5076.0000    	-0.45035829E-01	 0.16334805E-01
  5076.0000    	  5077.0000    	 0.26982701E-01	 0.13635357E-01
  5077.0000    	  5078.0000    	 0.34381201E-01	 0.12504307E-01
  5078.0000    	  5079.0000    	 0.20384684E-01	 0.11102580E-01
  5079.0000    	  5080.0000    	 0.42714273E-01	 0.12795726E-01
  5080.0000    	  5081.0000    	 0.46803119E-01	 0.10294059E-01
  5081.0000    	  5082.0000    	 0.20048832E-01	 0.10144319E-01
  5082.0000    	  5083.0000    	-0.30208073E-01	 0.16579229E-01
  5083.0000    	  5084.0000    	-0.10677809    	 0.24064775E-01
  5084.0000    	  5085.0000    	-0.13267705    	 0.25049097E-01
  5085.0000    	  5086.0000    	-0.15960078    	 0.29666545E-01
  5086.0000    	  5087.0000    	-0.19849705    	 0.29742326E-01
  5087.0000    	  5088.0000    	-0.15827183    	 0.33818549E-01
  5088.0000    	  5089.0000    	-0.23228172    	 0.33020667E-01
  5089.0000    	  5090.0000    	-0.15363578    	 0.34287292E-01
  5090.0000    	  5091.0000    	-0.21153960    	 0.27656180E-01
  5091.0000    	  5092.0000    	-0.15351772    	 0.28785745E-01
  5092.0000    	  5093.0000    	-0.14032825    	 0.25377543E-01
  5093.0000    	  5094.0000    	-0.10329117    	 0.18651859E-01
  5094.0000    	  5095.0000    	-0.92602155E-01	 0.16671559E-01
  5095.0000    	  5096.0000    	-0.38502985E-01	 0.15246420E-01
  5096.0000    	  5097.0000    	-0.41314086E-01	 0.14331317E-01
  5097.0000    	  5098.0000    	-0.75122107E-03	 0.17391667E-01
  5098.0000    	  5099.0000    	 0.22640890E-01	 0.13155546E-01
  5099.0000    	  5100.0000    	 0.20142477E-01	 0.13005423E-01
  5100.0000    	  5101.0000    	 0.31750210E-01	 0.11846572E-01
  5101.0000    	  5102.0000    	 0.32194188E-01	 0.11293947E-01
  5102.0000    	  5103.0000    	 0.24220860E-01	 0.10456839E-01
  5103.0000    	  5104.0000    	 0.48304945E-01	 0.97198993E-02
  5104.0000    	  5105.0000    	-0.61846324E-01	 0.20696450E-01
  5105.0000    	  5106.0000    	-0.10183624    	 0.20647549E-01
  5106.0000    	  5107.0000    	-0.11699212    	 0.23278623E-01
  5107.0000    	  5108.0000    	-0.60992376E-01	 0.29736619E-01
  5108.0000    	  5109.0000    	-0.18020284    	 0.28341022E-01
  5109.0000    	  5110.0000    	-0.15572873    	 0.33372964E-01
  5110.0000    	  5111.0000    	-0.11375868    	 0.32681457E-01
  5111.0000    	  5112.0000    	-0.16587577    	 0.31243556E-01
  5112.0000    	  5113.0000    	-0.19294055    	 0.30940503E-01
  5113.0000    	  5114.0000    	-0.20687941    	 0.31651257E-01
  5114.0000    	  5115.0000    	-0.14511821    	 0.23309626E-01
  5115.0000    	  5116.0000    	-0.87588080E-01	 0.20324614E-01
  5116.0000    	  5117.0000    	-0.90780030E-01	 0.20319894E-01
  5117.0000    	  5118.0000    	-0.69234031E-01	 0.15525639E-01
  5118.0000    	  5119.0000    	-0.41997479E-01	 0.15267534E-01
  5119.0000    	  5120.0000    	 0.34915188E-02	 0.18298358E-01
  5120.0000    	  5121.0000    	 0.12825449E-01	 0.14220953E-01
  5121.0000    	  5122.0000    	 0.24063348E-01	 0.12909692E-01
  5122.0000    	  5123.0000    	 0.44189293E-01	 0.14242836E-01
  5123.0000    	  5124.0000    	 0.34924479E-01	 0.11659189E-01
  5124.0000    	  5125.0000    	 0.34054734E-02	 0.10479410E-01
  5125.0000    	  5126.0000    	 0.11649611E-01	 0.82093657E-02
  5126.0000    	  5127.0000    	-0.39768345E-01	 0.16701083E-01
  5127.0000    	  5128.0000    	-0.68551764E-01	 0.22825418E-01
  5128.0000    	  5129.0000    	-0.13186392    	 0.25852952E-01
  5129.0000    	  5130.0000    	-0.11372211    	 0.26136683E-01
  5130.0000    	  5131.0000    	-0.11213809    	 0.28710849E-01
  5131.0000    	  5132.0000    	-0.18008807    	 0.33874672E-01
  5132.0000    	  5133.0000    	-0.17896199    	 0.30836925E-01
  5133.0000    	  5134.0000    	-0.24600580    	 0.31112772E-01
  5134.0000    	  5135.0000    	-0.12781542    	 0.30816551E-01
  5135.0000    	  5136.0000    	-0.18234711    	 0.32478864E-01
  5136.0000    	  5137.0000    	-0.12226297    	 0.21177865E-01
  5137.0000    	  5138.0000    	-0.99581554E-01	 0.20973393E-01
  5138.0000    	  5139.0000    	-0.41919194E-01	 0.18768037E-01
  5139.0000    	  5140.0000    	-0.55657760E-01	 0.17314235E-01
  5140.0000    	  5141.0000    	-0.15223130E-01	 0.20584087E-01
  5141.0000    	  5142.0000    	-0.19606392E-01	 0.13661604E-01
  5142.0000    	  5143.0000    	 0.14956618E-01	 0.13513554E-01
  5143.0000    	  5144.0000    	 0.32211819E-01	 0.12594602E-01
  5144.0000    	  5145.0000    	 0.35796630E-01	 0.13608241E-01
  5145.0000    	  5146.0000    	 0.21769916E-01	 0.10923682E-01
  5146.0000    	  5147.0000    	 0.20550969E-01	 0.89251829E-02
  5147.0000    	  5148.0000    	 0.26256854E-01	 0.88016992E-02
  5148.0000    	  5149.0000    	-0.39991635E-01	 0.15544742E-01
  5149.0000    	  5150.0000    	-0.35311327E-01	 0.19889736E-01
  5150.0000    	  5151.0000    	-0.57891988E-01	 0.24708435E-01
  5151.0000    	  5152.0000    	-0.11884564    	 0.27823366E-01
  5152.0000    	  5153.0000    	-0.20103234    	 0.28974820E-01
  5153.0000    	  5154.0000    	-0.22015017    	 0.36919952E-01
  5154.0000    	  5155.0000    	-0.16501517    	 0.33207868E-01
  5155.0000    	  5156.0000    	-0.23247139    	 0.30946520E-01
  5156.0000    	  5157.0000    	-0.19840825    	 0.24969557E-01
  5157.0000    	  5158.0000    	-0.16549475    	 0.27653350E-01
  5158.0000    	  5159.0000    	-0.13741435    	 0.24710728E-01
  5159.0000    	  5160.0000    	-0.11962295    	 0.20529600E-01
  5160.0000    	  5161.0000    	-0.71492511E-01	 0.19286475E-01
  5161.0000    	  5162.0000    	-0.33926251E-01	 0.15682621E-01
  5162.0000    	  5163.0000    	 0.46958073E-02	 0.18278877E-01
  5163.0000    	  5164.0000    	-0.33416364E-01	 0.13855969E-01
  5164.0000    	  5165.0000    	 0.18130609E-01	 0.12770758E-01
  5165.0000    	  5166.0000    	 0.98209133E-02	 0.14154895E-01
  5166.0000    	  5167.0000    	 0.46344079E-01	 0.13130551E-01
  5167.0000    	  5168.0000    	 0.33304697E-01	 0.10205958E-01
  5168.0000    	  5169.0000    	 0.21172659E-01	 0.89481037E-02
  5169.0000    	  5170.0000    	 0.28304726E-01	 0.10544258E-01
  5170.0000    	  5171.0000    	-0.76414538E-01	 0.19076271E-01
  5171.0000    	  5172.0000    	-0.90321282E-01	 0.19195318E-01
  5172.0000    	  5173.0000    	-0.97830444E-01	 0.25360620E-01
  5173.0000    	  5174.0000    	-0.11888450    	 0.26993545E-01
  5174.0000    	  5175.0000    	-0.93871055E-01	 0.30711769E-01
  5175.0000    	  5176.0000    	-0.11291459    	 0.29971246E-01
  5176.0000    	  5177.0000    	-0.16490936    	 0.30684352E-01
  5177.0000    	  5178.0000    	-0.25433234    	 0.33264894E-01
  5178.0000    	  5179.0000    	-0.12827166    	 0.25830303E-01
  5179.0000    	  5180.0000    	-0.16508297    	 0.30030594E-01
  5180.0000    	  5181.0000    	-0.12471740    	 0.21862828E-01
  5181.0000    	  5182.0000    	-0.10911014    	 0.19831660E-01
  5182.0000    	  5183.0000    	-0.88296247E-01	 0.18801013E-01
  5183.0000    	  5184.0000    	-0.59144330E-01	 0.15510217E-01
  5184.0000    	  5185.0000    	-0.30973023E-01	 0.13057855E-01
  5185.0000    	  5186.0000    	 0.17756350E-01	 0.13661089E-01
  5186.0000    	  5187.0000    	 0.19887628E-01	 0.11711236E-01
  5187.0000    	  5188.0000    	 0.20053372E-01	 0.13828043E-01
  5188.0000    	  5189.0000    	 0.21440570E-01	 0.12426162E-01
  5189.0000    	  5190.0000    	 0.37054053E-01	 0.12745693E-01
  5190.0000    	  5191.0000    	 0.19736551E-01	 0.84418327E-02
  5191.0000    	  5192.0000    	 0.31648469E-01	 0.10422300E-01
  5192.0000    	  5193.0000    	-0.28762868E-01	 0.17279775E-01
  5193.0000    	  5194.0000    	-0.79177447E-01	 0.18975634E-01
  5194.0000    	  5195.0000    	-0.96845334E-01	 0.27580648E-01
  5195.0000    	  5196.0000    	-0.12486640    	 0.23480240E-01
  5196.0000    	  5197.0000    	-0.13870552    	 0.34383123E-01
  5197.0000    	  5198.0000    	-0.18211197    	 0.34750384E-01
  5198.0000    	  5199.0000    	-0.15893590    	 0.31582555E-01
  5199.0000    	  5200.0000    	-0.13843687    	 0.30804358E-01
  5200.0000    	  5201.0000    	-0.18819031    	 0.26790726E-01
  5201.0000    	  5202.0000    	-0.13700160    	 0.27271783E-01
  5202.0000    	  5203.0000    	-0.16641463    	 0.20581010E-01
  5203.0000    	  5204.0000    	-0.89263171E-01	 0.17541982E-01
  5204.0000    	  5205.0000    	-0.72256076E-01	 0.17541645E-01
  5205.0000    	  5206.0000    	-0.67660895E-01	 0.14317587E-01
  5206.0000    	  5207.0000    	-0.49126134E-01	 0.15348825E-01
  5207.0000    	  5208.0000    	-0.16390302E-01	 0.11498119E-01
  5208.0000    	  5209.0000    	 0.18433081E-01	 0.11848529E-01
  5209.0000    	  5210.0000    	 0.12885655E-01	 0.13220655E-01
  5210.0000    	  5211.0000    	 0.20162215E-01	 0.12970180E-01
  5211.0000    	  5212.0000    	 0.41740843E-01	 0.92761206E-02
  5212.0000    	  5213.0000    	 0.52394853E-01	 0.10791524E-01
  5213.0000    	  5214.0000    	 0.23369435E-01	 0.91487036E-02
  5214.0000    	  5215.0000    	-0.67596123E-01	 0.16906369E-01
  5215.0000    	  5216.0000    	-0.31636064E-01	 0.22449495E-01
  5216.0000    	  5217.0000    	-0.11445553    	 0.27940856E-01
  5217.0000    	  5218.0000    	-0.14819000    	 0.29375191E-01
  5218.0000    	  5219.0000    	-0.16476351    	 0.33322983E-01
  5219.0000    	  5220.0000    	-0.18006729    	 0.33369887E-01
  5220.0000    	  5221.0000    	-0.21351876    	 0.31762101E-01
  5221.0000    	  5222.0000    	-0.18650847    	 0.30087784E-01
  5222.0000    	  5223.0000    	-0.15354145    	 0.27438095E-01
  5223.0000    	  5224.0000    	-0.15677625    	 0.24707370E-01
  5224.0000    	  5225.0000    	-0.11573606    	 0.21620524E-01
  5225.0000    	  5226.0000    	-0.10465233    	 0.21181862E-01
  5226.0000    	  5227.0000    	-0.65201785E-01	 0.19079961E-01
  5227.0000    	  5228.0000    	-0.29606559E-01	 0.15503212E-01
  5228.0000    	  5229.0000    	-0.22113156E-01	 0.14182827E-01
  5229.0000    	  5230.0000    	 0.24494285E-02	 0.13486754E-01
  5230.0000    	  5231.0000    	 0.10898581E-01	 0.12630383E-01
  5231.0000    	  5232.0000    	 0.25469038E-01	 0.13898799E-01
  5232.0000    	  5233.0000    	 0.40197606E-01	 0.10923337E-01
  5233.0000    	  5234.0000    	 0.38700459E-01	 0.10498619E-01
  5234.0000    	  5235.0000    	 0.33784775E-01	 0.79725190E-02
  5235.0000    	  5236.0000    	 0.34456033E-01	 0.76395527E-02
  5236.0000    	  5237.0000    	-0.13195753E-01	 0.16470937E-01
  5237.0000    	  5238.0000    	-0.48583992E-01	 0.19705720E-01
  5238.0000    	  5239.0000    	-0.85621136E-01	 0.25327927E-01
  5239.0000    	  5240.0000    	-0.18569549    	 0.30401230E-01
  5240.0000    	  5241.0000    	-0.89106993E-01	 0.24286234E-01
  5241.0000    	  5242.0000    	-0.98622617E-01	 0.31323202E-01
  5242.0000    	  5243.0000    	-0.17203172    	 0.28740619E-01
  5243.0000    	  5244.0000    	-0.19368867    	 0.29576192E-01
  5244.0000    	  5245.0000    	-0.17417046    	 0.24893162E-01
  5245.0000    	  5246.0000    	-0.16227577    	 0.27896349E-01
  5246.0000    	  5247.0000    	-0.15467602    	 0.22100820E-01
  5247.0000    	  5248.0000    	-0.10271441    	 0.20277119E-01
  5248.0000    	  5249.0000    	-0.72448902E-01	 0.15723909E-01
  5249.0000    	  5250.0000    	-0.56930354E-01	 0.14429721E-01
  5250.0000    	  5251.0000    	-0.28829361E-02	 0.14175700E-01
  5251.0000    	  5252.0000    	-0.21088835E-01	 0.13295079E-01
  5252.0000    	  5253.0000    	 0.29239346E-01	 0.13876182E-01
  5253.0000    	  5254.0000    	 0.19026301E-01	 0.10973013E-01
  5254.0000    	  5255.0000    	 0.81747514E-02	 0.11360078E-01
  5255.0000    	  5256.0000    	 0.21746654E-01	 0.11277032E-01
  5256.0000    	  5257.0000    	 0.29456357E-01	 0.97438016E-02
  5257.0000    	  5258.0000    	 0.18433266E-01	 0.89602263E-02
  5258.0000    	  5259.0000    	-0.70006678E-01	 0.16001460E-01
  5259.0000    	  5260.0000    	-0.73465184E-01	 0.19293867E-01
  5260.0000    	  5261.0000    	-0.81183684E-01	 0.22327534E-01
  5261.0000    	  5262.0000    	-0.12382412    	 0.26912280E-01
  5262.0000    	  5263.0000    	-0.12553299    	 0.28609892E-01
  5263.0000    	  5264.0000    	-0.17294223    	 0.30929137E-01
  5264.0000    	  5265.0000    	-0.16487053    	 0.28709846E-01
  5265.0000    	  5266.0000    	-0.19970879    	 0.29520872E-01
  5266.0000    	  5267.0000    	-0.17548744    	 0.29695352E-01
  5267.0000    	  5268.0000    	-0.16532414    	 0.26511071E-01
  5268.0000    	  5269.0000    	-0.17717043    	 0.22675643E-01
  5269.0000    	  5270.0000    	-0.97229355E-01	 0.20131875E-01
  5270.0000    	  5271.0000    	-0.10674559    	 0.14496893E-01
  5271.0000    	  5272.0000    	-0.44848984E-01	 0.14804965E-01
  5272.0000    	  5273.0000    	-0.33876236E-01	 0.13469642E-01
  5273.0000    	  5274.0000    	-0.27755798E-01	 0.11743159E-01
  5274.0000    	  5275.0000    	 0.39507023E-02	 0.11137091E-01
  5275.0000    	  5276.0000    	 0.46550223E-01	 0.14396610E-01
  5276.0000    	  5277.0000    	 0.12404231E-01	 0.10068436E-01
  5277.0000    	  5278.0000    	 0.31269819E-01	 0.10989994E-01
  5278.0000    	  5279.0000    	 0.17360410E-01	 0.86748556E-02
  5279.0000    	  5280.0000    	 0.12820882E-01	 0.65015671E-02
  5280.0000    	  5281.0000    	-0.13959540E-01	 0.16898443E-01
  5281.0000    	  5282.0000    	-0.94485559E-01	 0.20010271E-01
  5282.0000    	  5283.0000    	-0.60256028E-01	 0.24272719E-01
  5283.0000    	  5284.0000    	-0.71655906E-01	 0.25464654E-01
  5284.0000    	  5285.0000    	-0.15053634    	 0.22545074E-01
  5285.0000    	  5286.0000    	-0.13040445    	 0.33137194E-01
  5286.0000    	  5287.0000    	-0.16969611    	 0.27621694E-01
  5287.0000    	  5288.0000    	-0.17697694    	 0.28474478E-01
  5288.0000    	  5289.0000    	-0.16674728    	 0.26687759E-01
  5289.0000    	  5290.0000    	-0.13993019    	 0.24551146E-01
  5290.0000    	  5291.0000    	-0.10693216    	 0.24980887E-01
  5291.0000    	  5292.0000    	-0.10451624    	 0.17998806E-01
  5292.0000    	  5293.0000    	-0.62632890E-01	 0.15904780E-01
  5293.0000    	  5294.0000    	-0.30301233E-01	 0.14178992E-01
  5294.0000    	  5295.0000    	-0.77261871E-02	 0.12003205E-01
  5295.0000    	  5296.0000    	 0.87836443E-02	 0.11020156E-01
  5296.0000    	  5297.0000    	 0.11946523E-01	 0.11978283E-01
  5297.0000    	  5298.0000    	 0.15481338E-01	 0.10620655E-01
  5298.0000    	  5299.0000    	 0.37840352E-01	 0.12201675E-01
  5299.0000    	  5300.0000    	 0.26196860E-01	 0.89807683E-02
  5300.0000    	  5301.0000    	 0.24148591E-01	 0.83196452E-02
  5301.0000    	  5302.0000    	 0.26892277E-01	 0.71796253E-02
  5302.0000    	  5303.0000    	-0.15724073E-01	 0.19410394E-01
  5303.0000    	  5304.0000    	-0.54247954E-01	 0.19069067E-01
  5304.0000    	  5305.0000    	-0.13811919    	 0.23888337E-01
  5305.0000    	  5306.0000    	-0.13417291    	 0.26323607E-01
  5306.0000    	  5307.0000    	-0.12954103    	 0.30810744E-01
  5307.0000    	  5308.0000    	-0.19903005    	 0.30319772E-01
  5308.0000    	  5309.0000    	-0.10832836    	 0.29681820E-01
  5309.0000    	  5310.0000    	-0.19103939    	 0.29590012E-01
  5310.0000    	  5311.0000    	-0.15992385    	 0.28531837E-01
  5311.0000    	  5312.0000    	-0.13756583    	 0.25870344E-01
  5312.0000    	  5313.0000    	-0.13879579    	 0.21946242E-01
  5313.0000    	  5314.0000    	-0.10675562    	 0.18711537E-01
  5314.0000    	  5315.0000    	-0.73245452E-01	 0.15529564E-01
  5315.0000    	  5316.0000    	-0.33910413E-01	 0.13919247E-01
  5316.0000    	  5317.0000    	-0.43736588E-01	 0.15367632E-01
  5317.0000    	  5318.0000    	-0.12848733E-01	 0.14270041E-01
  5318.0000    	  5319.0000    	 0.47389157E-02	 0.12954810E-01
  5319.0000    	  5320.0000    	 0.27420135E-01	 0.12426609E-01
  5320.0000    	  5321.0000    	 0.37206804E-01	 0.11632138E-01
  5321.0000    	  5322.0000    	 0.20576076E-01	 0.83114439E-02
  5322.0000    	  5323.0000    	 0.15751862E-01	 0.76799365E-02
  5323.0000    	  5324.0000    	 0.12438118E-01	 0.71454916E-02
  5324.0000    	  5325.0000    	-0.46188821E-01	 0.17983187E-01
  5325.0000    	  5326.0000    	-0.72676283E-01	 0.18091914E-01
  5326.0000    	  5327.0000    	-0.13734518E-01	 0.26055092E-01
  5327.0000    	  5328.0000    	-0.87257342E-01	 0.24613375E-01
  5328.0000    	  5329.0000    	-0.11908550    	 0.27775594E-01
  5329.0000    	  5330.0000    	-0.14733379    	 0.27682904E-01
  5330.0000    	  5331.0000    	-0.21338485    	 0.31968021E-01
  5331.0000    	  5332.0000    	-0.16530471    	 0.33194415E-01
  5332.0000    	  5333.0000    	-0.17302712    	 0.33360688E-01
  5333.0000    	  5334.0000    	-0.11334292    	 0.26798580E-01
  5334.0000    	  5335.0000    	-0.13268038    	 0.23227516E-01
  5335.0000    	  5336.0000    	-0.11784394    	 0.17572745E-01
  5336.0000    	  5337.0000    	-0.10495104    	 0.15562232E-01
  5337.0000    	  5338.0000    	-0.38666295E-01	 0.13050737E-01
  5338.0000    	  5339.0000    	-0.31032772E-01	 0.14376773E-01
  5339.0000    	  5340.0000    	-0.20753595E-01	 0.14054503E-01
  5340.0000    	  5341.0000    	 0.30933631E-01	 0.13484592E-01
  5341.0000    	  5342.0000    	 0.12597033E-04	 0.96846771E-02
  5342.0000    	  5343.0000    	 0.30807019E-01	 0.10488997E-01
  5343.0000    	  5344.0000    	 0.28230672E-01	 0.89210220E-02
  5344.0000    	  5345.0000    	 0.43504195E-01	 0.76829777E-02
  5345.0000    	  5346.0000    	 0.17434260E-01	 0.78024682E-02
  5346.0000    	  5347.0000    	-0.57629389E-01	 0.18263638E-01
  5347.0000    	  5348.0000    	-0.69846303E-01	 0.21291750E-01
  5348.0000    	  5349.0000    	-0.98876702E-01	 0.21438359E-01
  5349.0000    	  5350.0000    	-0.16350089    	 0.23781757E-01
  5350.0000    	  5351.0000    	-0.13712523    	 0.24326714E-01
  5351.0000    	  5352.0000    	-0.12006528    	 0.27716384E-01
  5352.0000    	  5353.0000    	-0.13966021    	 0.30497989E-01
  5353.0000    	  5354.0000    	-0.10304469    	 0.29695361E-01
  5354.0000    	  5355.0000    	-0.16094046    	 0.24089824E-01
  5355.0000    	  5356.0000    	-0.15185524    	 0.24782255E-01
  5356.0000    	  5357.0000    	-0.96501129E-01	 0.22252285E-01
  5357.0000    	  5358.0000    	-0.90355068E-01	 0.24206467E-01
  5358.0000    	  5359.0000    	-0.75031978E-01	 0.17690401E-01
  5359.0000    	  5360.0000    	-0.65146653E-01	 0.15247633E-01
  5360.0000    	  5361.0000    	-0.29928067E-01	 0.12273817E-01
  5361.0000    	  5362.0000    	 0.45193174E-03	 0.12461389E-01
  5362.0000    	  5363.0000    	 0.17234686E-01	 0.10656115E-01
  5363.0000    	  5364.0000    	 0.34628012E-01	 0.88290529E-02
  5364.0000    	  5365.0000    	 0.35060345E-01	 0.95964647E-02
  5365.0000    	  5366.0000    	 0.32465343E-01	 0.96864366E-02
  5366.0000    	  5367.0000    	 0.24342085E-01	 0.82957315E-02
  5367.0000    	  5368.0000    	 0.21712702E-01	 0.72813292E-02
  5368.0000    	  5369.0000    	-0.39496542E-01	 0.15518594E-01
  5369.0000    	  5370.0000    	-0.61201478E-01	 0.24231587E-01
  5370.0000    	  5371.0000    	-0.10721580    	 0.21327439E-01
  5371.0000    	  5372.0000    	-0.60097281E-01	 0.30260896E-01
  5372.0000    	  5373.0000    	-0.14861984    	 0.24298401E-01
  5373.0000    	  5374.0000    	-0.10826509    	 0.30091089E-01
  5374.0000    	  5375.0000    	-0.12721412    	 0.30476665E-01
  5375.0000    	  5376.0000    	-0.11786755    	 0.26619289E-01
  5376.0000    	  5377.0000    	-0.16195234    	 0.31136886E-01
  5377.0000    	  5378.0000    	-0.14044199    	 0.22319461E-01
  5378.0000    	  5379.0000    	-0.13578575    	 0.23800255E-01
  5379.0000    	  5380.0000    	-0.76652636E-01	 0.20478757E-01
  5380.0000    	  5381.0000    	-0.83886671E-01	 0.15797040E-01
  5381.0000    	  5382.0000    	-0.57532732E-01	 0.14006283E-01
  5382.0000    	  5383.0000    	-0.40806894E-01	 0.13453347E-01
  5383.0000    	  5384.0000    	-0.23532114E-01	 0.15232084E-01
  5384.0000    	  5385.0000    	-0.59696098E-02	 0.10731515E-01
  5385.0000    	  5386.0000    	 0.18512764E-01	 0.90293108E-02
  5386.0000    	  5387.0000    	 0.28328826E-02	 0.10145855E-01
  5387.0000    	  5388.0000    	 0.14694944E-01	 0.10137617E-01
  5388.0000    	  5389.0000    	 0.32937954E-01	 0.74292784E-02
  5389.0000    	  5390.0000    	 0.16460020E-01	 0.74606659E-02
  5390.0000    	  5391.0000    	-0.54987898E-01	 0.15628181E-01
  5391.0000    	  5392.0000    	-0.29309146E-01	 0.20230473E-01
  5392.0000    	  5393.0000    	-0.10230041    	 0.21353193E-01
  5393.0000    	  5394.0000    	-0.10434765    	 0.21871601E-01
  5394.0000    	  5395.0000    	-0.11083655    	 0.28219813E-01
  5395.0000    	  5396.0000    	-0.17284828    	 0.30870779E-01
  5396.0000    	  5397.0000    	-0.14601122    	 0.27800979E-01
  5397.0000    	  5398.0000    	-0.19968108    	 0.33031026E-01
  5398.0000    	  5399.0000    	-0.16093579    	 0.29196222E-01
  5399.0000    	  5400.0000    	-0.12479174    	 0.26198017E-01
  5400.0000    	  5401.0000    	-0.14262402    	 0.20416136E-01
  5401.0000    	  5402.0000    	-0.11201968    	 0.19006837E-01
  5402.0000    	  5403.0000    	-0.76718179E-01	 0.15150406E-01
  5403.0000    	  5404.0000    	-0.36238083E-01	 0.14637482E-01
  5404.0000    	  5405.0000    	 0.81160632E-02	 0.12217994E-01
  5405.0000    	  5406.0000    	-0.84894157E-02	 0.12900686E-01
  5406.0000    	  5407.0000    	 0.82552851E-02	 0.11395050E-01
  5407.0000    	  5408.0000    	 0.22174589E-01	 0.95267602E-02
  5408.0000    	  5409.0000    	 0.25853972E-01	 0.92654547E-02
  5409.0000    	  5410.0000    	 0.26811963E-01	 0.84179454E-02
  5410.0000    	  5411.0000    	 0.31666130E-01	 0.82139424E-02
  5411.0000    	  5412.0000    	 0.19527093E-01	 0.67979841E-02
  5412.0000    	  5413.0000    	-0.81664507E-01	 0.16063862E-01
  5413.0000    	  5414.0000    	-0.65605696E-01	 0.17390878E-01
  5414.0000    	  5415.0000    	-0.97182568E-01	 0.23643506E-01
  5415.0000    	  5416.0000    	-0.13224818    	 0.25887123E-01
  5416.0000    	  5417.0000    	-0.12055149    	 0.22291497E-01
  5417.0000    	  5418.0000    	-0.15964859    	 0.27575509E-01
  5418.0000    	  5419.0000    	-0.12932521    	 0.29412321E-01
  5419.0000    	  5420.0000    	-0.18499926    	 0.26325513E-01
  5420.0000    	  5421.0000    	-0.16886620    	 0.26056744E-01
  5421.0000    	  5422.0000    	-0.15634652    	 0.24131500E-01
  5422.0000    	  5423.0000    	-0.90313527E-01	 0.21426394E-01
  5423.0000    	  5424.0000    	-0.90777135E-01	 0.18048228E-01
  5424.0000    	  5425.0000    	-0.91460903E-01	 0.15609246E-01
  5425.0000    	  5426.0000    	-0.95680264E-02	 0.15159592E-01
  5426.0000    	  5427.0000    	-0.18572495E-01	 0.13409038E-01
  5427.0000    	  5428.0000    	 0.11867874E-01	 0.12504646E-01
  5428.0000    	  5429.0000    	 0.10614728E-01	 0.10927977E-01
  5429.0000    	  5430.0000    	 0.44324040E-02	 0.94583562E-02
  5430.0000    	  5431.0000    	 0.29583427E-01	 0.93992237E-02
  5431.0000    	  5432.0000    	 0.58918116E-02	 0.85235019E-02
  5432.0000    	  5433.0000    	 0.15809836E-01	 0.87287728E-02
  5433.0000    	  5434.0000    	 0.22985074E-01	 0.76221340E-02
  5434.0000    	  5435.0000    	-0.16486387E-01	 0.15809086E-01
  5435.0000    	  5436.0000    	-0.44275267E-01	 0.16868246E-01
  5436.0000    	  5437.0000    	-0.91107303E-01	 0.20234836E-01
  5437.0000    	  5438.0000    	-0.65165752E-01	 0.21873761E-01
  5438.0000    	  5439.0000    	-0.11324133    	 0.25235823E-01
  5439.0000    	  5440.0000    	-0.84525950E-01	 0.25067552E-01
  5440.0000    	  5441.0000    	-0.17046416    	 0.27385650E-01
  5441.0000    	  5442.0000    	-0.12482717    	 0.24086263E-01
  5442.0000    	  5443.0000    	-0.96574968E-01	 0.25610270E-01
  5443.0000    	  5444.0000    	-0.12344539    	 0.25841197E-01
  5444.0000    	  5445.0000    	-0.14055299    	 0.22309319E-01
  5445.0000    	  5446.0000    	-0.89946788E-01	 0.19735527E-01
  5446.0000    	  5447.0000    	-0.90497750E-01	 0.14937612E-01
  5447.0000    	  5448.0000    	-0.64871670E-01	 0.12719347E-01
  5448.0000    	  5449.0000    	-0.37809477E-01	 0.12610933E-01
  5449.0000    	  5450.0000    	 0.82459773E-02	 0.12535859E-01
  5450.0000    	  5451.0000    	 0.19294474E-01	 0.99560603E-02
  5451.0000    	  5452.0000    	 0.12122611E-01	 0.94827387E-02
  5452.0000    	  5453.0000    	 0.27052930E-01	 0.10336724E-01
  5453.0000    	  5454.0000    	 0.29766777E-01	 0.82007101E-02
  5454.0000    	  5455.0000    	 0.28269311E-01	 0.74753585E-02
  5455.0000    	  5456.0000    	 0.27316380E-01	 0.69957232E-02
  5456.0000    	  5457.0000    	-0.30908136E-01	 0.15317570E-01
  5457.0000    	  5458.0000    	-0.52422545E-01	 0.18556839E-01
  5458.0000    	  5459.0000    	-0.51735732E-01	 0.20744278E-01
  5459.0000    	  5460.0000    	-0.12153099    	 0.23200465E-01
  5460.0000    	  5461.0000    	-0.13794058    	 0.23935114E-01
  5461.0000    	  5462.0000    	-0.11282621    	 0.27826607E-01
  5462.0000    	  5463.0000    	-0.16025886    	 0.31110119E-01
  5463.0000    	  5464.0000    	-0.15967052    	 0.26308180E-01
  5464.0000    	  5465.0000    	-0.12214594    	 0.24683457E-01
  5465.0000    	  5466.0000    	-0.11724212    	 0.20776689E-01
  5466.0000    	  5467.0000    	-0.95908422E-01	 0.21675190E-01
  5467.0000    	  5468.0000    	-0.99079458E-01	 0.17613860E-01
  5468.0000    	  5469.0000    	-0.72040683E-01	 0.13648521E-01
  5469.0000    	  5470.0000    	-0.35047562E-01	 0.14291183E-01
  5470.0000    	  5471.0000    	-0.19151036E-01	 0.11926230E-01
  5471.0000    	  5472.0000    	-0.22083905E-01	 0.12038561E-01
  5472.0000    	  5473.0000    	 0.13048427E-01	 0.11197660E-01
  5473.0000    	  5474.0000    	 0.21240828E-01	 0.10633426E-01
  5474.0000    	  5475.0000    	 0.13169463E-01	 0.10341030E-01
  5475.0000    	  5476.0000    	 0.21615053E-01	 0.84590334E-02
  5476.0000    	  5477.0000    	 0.39953137E-01	 0.78890145E-02
  5477.0000    	  5478.0000    	 0.14722197E-01	 0.64041627E-02
  5478.0000    	  5479.0000    	-0.30298199E-01	 0.15968117E-01
  5479.0000    	  5480.0000    	-0.51566898E-01	 0.17663023E-01
  5480.0000    	  5481.0000    	-0.69009471E-01	 0.20049078E-01
  5481.0000    	  5482.0000    	-0.90581351E-01	 0.22101711E-01
  5482.0000    	  5483.0000    	-0.12694172    	 0.26702695E-01
  5483.0000    	  5484.0000    	-0.17362423    	 0.27191573E-01
  5484.0000    	  5485.0000    	-0.15817379    	 0.32800826E-01
  5485.0000    	  5486.0000    	-0.17783561    	 0.26173556E-01
  5486.0000    	  5487.0000    	-0.18048955    	 0.22687698E-01
  5487.0000    	  5488.0000    	-0.13927656    	 0.22383937E-01
  5488.0000    	  5489.0000    	-0.15414453    	 0.20878966E-01
  5489.0000    	  5490.0000    	-0.10166220    	 0.19063740E-01
  5490.0000    	  5491.0000    	-0.67209038E-01	 0.13978099E-01
  5491.0000    	  5492.0000    	-0.55539152E-01	 0.15980275E-01
  5492.0000    	  5493.0000    	-0.21195772E-01	 0.13844573E-01
  5493.0000    	  5494.0000    	-0.53268771E-02	 0.12887838E-01
  5494.0000    	  5495.0000    	 0.14447944E-01	 0.11660588E-01
  5495.0000    	  5496.0000    	 0.22091145E-01	 0.88158297E-02
  5496.0000    	  5497.0000    	 0.25551013E-01	 0.97596856E-02
  5497.0000    	  5498.0000    	 0.21548382E-01	 0.10629604E-01
  5498.0000    	  5499.0000    	 0.16074087E-01	 0.71661265E-02
  5499.0000    	  5500.0000    	 0.12278125E-01	 0.62054447E-02
  5500.0000    	  5501.0000    	-0.17721241E-01	 0.15095014E-01
  5501.0000    	  5502.0000    	-0.80599282E-01	 0.19408298E-01
  5502.0000    	  5503.0000    	-0.74867626E-01	 0.18594833E-01
  5503.0000    	  5504.0000    	-0.65320727E-01	 0.20926396E-01
  5504.0000    	  5505.0000    	-0.77311113E-01	 0.24595704E-01
  5505.0000    	  5506.0000    	-0.14203351    	 0.28825661E-01
  5506.0000    	  5507.0000    	-0.14414444    	 0.31091326E-01
  5507.0000    	  5508.0000    	-0.15059272    	 0.30601076E-01
  5508.0000    	  5509.0000    	-0.10578084    	 0.23930317E-01
  5509.0000    	  5510.0000    	-0.13782354    	 0.22519092E-01
  5510.0000    	  5511.0000    	-0.13190901    	 0.21631220E-01
  5511.0000    	  5512.0000    	-0.99726493E-01	 0.16979621E-01
  5512.0000    	  5513.0000    	-0.56452174E-01	 0.15907914E-01
  5513.0000    	  5514.0000    	-0.27440257E-01	 0.17346732E-01
  5514.0000    	  5515.0000    	-0.36185760E-01	 0.12199006E-01
  5515.0000    	  5516.0000    	 0.75922079E-02	 0.10814886E-01
  5516.0000    	  5517.0000    	 0.82110693E-04	 0.10308812E-01
  5517.0000    	  5518.0000    	 0.26842474E-01	 0.89415696E-02
  5518.0000    	  5519.0000    	 0.23589291E-01	 0.10266946E-01
  5519.0000    	  5520.0000    	 0.83557667E-02	 0.92077946E-02
  5520.0000    	  5521.0000    	 0.23910638E-01	 0.75317884E-02
  5521.0000    	  5522.0000    	 0.15897833E-01	 0.58204897E-02
  5522.0000    	  5523.0000    	-0.24573096E-01	 0.14503356E-01
  5523.0000    	  5524.0000    	-0.67926653E-01	 0.16905714E-01
  5524.0000    	  5525.0000    	-0.87131873E-01	 0.18990389E-01
  5525.0000    	  5526.0000    	-0.71298026E-01	 0.23049771E-01
  5526.0000    	  5527.0000    	-0.11876339    	 0.23941797E-01
  5527.0000    	  5528.0000    	-0.12723698    	 0.27250748E-01
  5528.0000    	  5529.0000    	-0.16023236    	 0.31921767E-01
  5529.0000    	  5530.0000    	-0.13358857    	 0.27636705E-01
  5530.0000    	  5531.0000    	-0.14293885    	 0.24609970E-01
  5531.0000    	  5532.0000    	-0.13920520    	 0.18698617E-01
  5532.0000    	  5533.0000    	-0.11018799    	 0.22906472E-01
  5533.0000    	  5534.0000    	-0.11600087    	 0.17699062E-01
  5534.0000    	  5535.0000    	-0.68084247E-01	 0.16736624E-01
  5535.0000    	  5536.0000    	-0.70314738E-01	 0.12131789E-01
  5536.0000    	  5537.0000    	-0.15563528E-01	 0.11876937E-01
  5537.0000    	  5538.0000    	-0.20211997E-01	 0.11316515E-01
  5538.0000    	  5539.0000    	 0.34088100E-02	 0.10307139E-01
  5539.0000    	  5540.0000    	 0.18167346E-01	 0.89690338E-02
  5540.0000    	  5541.0000    	 0.21049982E-01	 0.91074676E-02
  5541.0000    	  5542.0000    	 0.33786547E-01	 0.75359010E-02
  5542.0000    	  5543.0000    	 0.39357632E-02	 0.73327110E-02
  5543.0000    	  5544.0000    	 0.16850812E-01	 0.60588472E-02
  5544.0000    	  5545.0000    	-0.32200558E-01	 0.16930885E-01
  5545.0000    	  5546.0000    	-0.45556472E-01	 0.16656980E-01
  5546.0000    	  5547.0000    	-0.24337265E-01	 0.21776061E-01
  5547.0000    	  5548.0000    	-0.96725546E-01	 0.22994202E-01
  5548.0000    	  5549.0000    	-0.13019061    	 0.24452770E-01
  5549.0000    	  5550.0000    	-0.16116938    	 0.27828680E-01
  5550.0000    	  5551.0000    	-0.13760073    	 0.27595602E-01
  5551.0000    	  5552.0000    	-0.13476915    	 0.24594029E-01
  5552.0000    	  5553.0000    	-0.14470496    	 0.26381453E-01
  5553.0000    	  5554.0000    	-0.10405336    	 0.19777266E-01
  5554.0000    	  5555.0000    	-0.78312734E-01	 0.27419536E-01
  5555.0000    	  5556.0000    	-0.60294006E-01	 0.18043670E-01
  5556.0000    	  5557.0000    	-0.78921619E-01	 0.14315658E-01
  5557.0000    	  5558.0000    	-0.41039173E-01	 0.14705213E-01
  5558.0000    	  5559.0000    	-0.32822357E-01	 0.12152285E-01
  5559.0000    	  5560.0000    	 0.13792027E-02	 0.12392151E-01
  5560.0000    	  5561.0000    	 0.57089042E-02	 0.91497123E-02
  5561.0000    	  5562.0000    	-0.32368097E-02	 0.10142993E-01
  5562.0000    	  5563.0000    	 0.28126589E-01	 0.98608068E-02
  5563.0000    	  5564.0000    	 0.14559152E-01	 0.69734616E-02
  5564.0000    	  5565.0000    	 0.27117438E-01	 0.80041015E-02
  5565.0000    	  5566.0000    	 0.23826591E-01	 0.69976805E-02
  5566.0000    	  5567.0000    	-0.56782701E-01	 0.15593737E-01
  5567.0000    	  5568.0000    	-0.64275807E-01	 0.22042064E-01
  5568.0000    	  5569.0000    	-0.79701797E-01	 0.20603834E-01
  5569.0000    	  5570.0000    	-0.10330287    	 0.23574661E-01
  5570.0000    	  5571.0000    	-0.87349873E-01	 0.21583150E-01
  5571.0000    	  5572.0000    	-0.61115555E-01	 0.25086321E-01
  5572.0000    	  5573.0000    	-0.13421756    	 0.23673532E-01
  5573.0000    	  5574.0000    	-0.13984818    	 0.23474821E-01
  5574.0000    	  5575.0000    	-0.13727313    	 0.25185141E-01
  5575.0000    	  5576.0000    	-0.14671870    	 0.24853252E-01
  5576.0000    	  5577.0000    	-0.93780918E-01	 0.19590793E-01
  5577.0000    	  5578.0000    	-0.84910895E-01	 0.21759684E-01
  5578.0000    	  5579.0000    	-0.48463136E-01	 0.15088861E-01
  5579.0000    	  5580.0000    	-0.52969585E-01	 0.13319344E-01
  5580.0000    	  5581.0000    	-0.19252435E-01	 0.11849282E-01
  5581.0000    	  5582.0000    	-0.14439509E-01	 0.10052111E-01
  5582.0000    	  5583.0000    	 0.18057566E-01	 0.10007879E-01
  5583.0000    	  5584.0000    	 0.89109002E-02	 0.89901059E-02
  5584.0000    	  5585.0000    	 0.38566271E-01	 0.77534986E-02
  5585.0000    	  5586.0000    	 0.35198211E-01	 0.82073044E-02
  5586.0000    	  5587.0000    	 0.16588644E-01	 0.61597282E-02
  5587.0000    	  5588.0000    	 0.64092306E-02	 0.60321609E-02
  5588.0000    	  5589.0000    	-0.48075390E-01	 0.11607524E-01
  5589.0000    	  5590.0000    	-0.35222961E-01	 0.17931147E-01
  5590.0000    	  5591.0000    	-0.74634683E-01	 0.20691632E-01
  5591.0000    	  5592.0000    	-0.67671083E-01	 0.21785765E-01
  5592.0000    	  5593.0000    	-0.11737352    	 0.24503217E-01
  5593.0000    	  5594.0000    	-0.12847598    	 0.29663752E-01
  5594.0000    	  5595.0000    	-0.15202398    	 0.25950007E-01
  5595.0000    	  5596.0000    	-0.12777243    	 0.25105406E-01
  5596.0000    	  5597.0000    	-0.10121313    	 0.25643424E-01
  5597.0000    	  5598.0000    	-0.14870894    	 0.23529298E-01
  5598.0000    	  5599.0000    	-0.95444890E-01	 0.21726184E-01
  5599.0000    	  5600.0000    	-0.10603372    	 0.17203340E-01
  5600.0000    	  5601.0000    	-0.81349504E-01	 0.16851523E-01
  5601.0000    	  5602.0000    	-0.28855307E-01	 0.14376605E-01
  5602.0000    	  5603.0000    	-0.24352547E-01	 0.13062446E-01
  5603.0000    	  5604.0000    	 0.87273158E-02	 0.11556516E-01
  5604.0000    	  5605.0000    	 0.10927528E-01	 0.10519903E-01
  5605.0000    	  5606.0000    	 0.29837526E-02	 0.10017466E-01
  5606.0000    	  5607.0000    	 0.18472418E-01	 0.85283633E-02
  5607.0000    	  5608.0000    	 0.26027608E-01	 0.78200207E-02
  5608.0000    	  5609.0000    	 0.24833497E-01	 0.64986012E-02
  5609.0000    	  5610.0000    	 0.98283103E-02	 0.59583369E-02
  5610.0000    	  5611.0000    	-0.46966216E-01	 0.16256562E-01
  5611.0000    	  5612.0000    	-0.51231041E-01	 0.17690073E-01
  5612.0000    	  5613.0000    	-0.93597438E-01	 0.22718942E-01
  5613.0000    	  5614.0000    	-0.11379839    	 0.25735398E-01
  5614.0000    	  5615.0000    	-0.11430813    	 0.22929245E-01
  5615.0000    	  5616.0000    	-0.12575118    	 0.26509293E-01
  5616.0000    	  5617.0000    	-0.11436335    	 0.25200147E-01
  5617.0000    	  5618.0000    	-0.13967297    	 0.26278997E-01
  5618.0000    	  5619.0000    	-0.10005478    	 0.24506402E-01
  5619.0000    	  5620.0000    	-0.13583306    	 0.19449898E-01
  5620.0000    	  5621.0000    	-0.11277290    	 0.21346761E-01
  5621.0000    	  5622.0000    	-0.91271594E-01	 0.20101197E-01
  5622.0000    	  5623.0000    	-0.65929566E-01	 0.15030514E-01
  5623.0000    	  5624.0000    	-0.33898585E-01	 0.13035095E-01
  5624.0000    	  5625.0000    	-0.27123294E-01	 0.10047606E-01
  5625.0000    	  5626.0000    	-0.29194778E-01	 0.10633505E-01
  5626.0000    	  5627.0000    	-0.14983334E-02	 0.10971332E-01
  5627.0000    	  5628.0000    	 0.33559543E-01	 0.11755194E-01
  5628.0000    	  5629.0000    	 0.22162313E-01	 0.85304289E-02
  5629.0000    	  5630.0000    	 0.58280625E-02	 0.81499004E-02
  5630.0000    	  5631.0000    	 0.26135234E-01	 0.65873451E-02
  5631.0000    	  5632.0000    	 0.23026017E-01	 0.58186363E-02
  5632.0000    	  5633.0000    	-0.32999459E-01	 0.15749616E-01
  5633.0000    	  5634.0000    	-0.54418419E-01	 0.16180970E-01
  5634.0000    	  5635.0000    	-0.60097573E-01	 0.20633804E-01
  5635.0000    	  5636.0000    	-0.89768651E-01	 0.22710551E-01
  5636.0000    	  5637.0000    	-0.11714539    	 0.23426889E-01
  5637.0000    	  5638.0000    	-0.91212283E-01	 0.26211624E-01
  5638.0000    	  5639.0000    	-0.14079411    	 0.23294600E-01
  5639.0000    	  5640.0000    	-0.16362789    	 0.21788402E-01
  5640.0000    	  5641.0000    	-0.10944578    	 0.24649844E-01
  5641.0000    	  5642.0000    	-0.13408528    	 0.20994036E-01
  5642.0000    	  5643.0000    	-0.12600685    	 0.19745384E-01
  5643.0000    	  5644.0000    	-0.92428127E-01	 0.17605150E-01
  5644.0000    	  5645.0000    	-0.63853687E-01	 0.17171305E-01
  5645.0000    	  5646.0000    	-0.57983650E-01	 0.12316486E-01
  5646.0000    	  5647.0000    	-0.18598555E-01	 0.13391818E-01
  5647.0000    	  5648.0000    	-0.50674448E-02	 0.92177086E-02
  5648.0000    	  5649.0000    	-0.18617886E-01	 0.11333044E-01
  5649.0000    	  5650.0000    	 0.18044162E-01	 0.11470427E-01
  5650.0000    	  5651.0000    	 0.18799093E-01	 0.10486805E-01
  5651.0000    	  5652.0000    	 0.17006657E-01	 0.80551371E-02
  5652.0000    	  5653.0000    	 0.15739375E-01	 0.74224212E-02
  5653.0000    	  5654.0000    	 0.16506902E-01	 0.53837638E-02
  5654.0000    	  5655.0000    	-0.41787824E-01	 0.14062593E-01
  5655.0000    	  5656.0000    	-0.50946617E-01	 0.15405349E-01
  5656.0000    	  5657.0000    	-0.56368215E-01	 0.19998093E-01
  5657.0000    	  5658.0000    	-0.73972610E-01	 0.18684310E-01
  5658.0000    	  5659.0000    	-0.53645609E-01	 0.19675190E-01
  5659.0000    	  5660.0000    	-0.15466383    	 0.30817979E-01
  5660.0000    	  5661.0000    	-0.12063649    	 0.25381121E-01
  5661.0000    	  5662.0000    	-0.12632277    	 0.21030315E-01
  5662.0000    	  5663.0000    	-0.10202972    	 0.26527326E-01
  5663.0000    	  5664.0000    	-0.10599285    	 0.24238108E-01
  5664.0000    	  5665.0000    	-0.11566875    	 0.19525508E-01
  5665.0000    	  5666.0000    	-0.94133203E-01	 0.19327107E-01
  5666.0000    	  5667.0000    	-0.67694318E-01	 0.13129939E-01
  5667.0000    	  5668.0000    	-0.12515477E-01	 0.15016058E-01
  5668.0000    	  5669.0000    	-0.44081617E-01	 0.11900757E-01
  5669.0000    	  5670.0000    	-0.80874238E-02	 0.10278756E-01
  5670.0000    	  5671.0000    	-0.36967089E-02	 0.94991888E-02
  5671.0000    	  5672.0000    	 0.17156847E-02	 0.91235554E-02
  5672.0000    	  5673.0000    	 0.90389389E-02	 0.10836813E-01
  5673.0000    	  5674.0000    	-0.11862037E-02	 0.73504340E-02
  5674.0000    	  5675.0000    	 0.19146718E-01	 0.60589239E-02
  5675.0000    	  5676.0000    	 0.20189533E-01	 0.64670117E-02
  5676.0000    	  5677.0000    	-0.64233753E-01	 0.13319842E-01
  5677.0000    	  5678.0000    	-0.55712222E-01	 0.15807072E-01
  5678.0000    	  5679.0000    	-0.61205298E-01	 0.18183118E-01
  5679.0000    	  5680.0000    	-0.88943919E-01	 0.20120334E-01
  5680.0000    	  5681.0000    	-0.96716424E-01	 0.22498986E-01
  5681.0000    	  5682.0000    	-0.90055765E-01	 0.26160657E-01
  5682.0000    	  5683.0000    	-0.14270481    	 0.24456865E-01
  5683.0000    	  5684.0000    	-0.11118374    	 0.23313373E-01
  5684.0000    	  5685.0000    	-0.11346371    	 0.24115271E-01
  5685.0000    	  5686.0000    	-0.12779271    	 0.22047982E-01
  5686.0000    	  5687.0000    	-0.10035850    	 0.23016184E-01
  5687.0000    	  5688.0000    	-0.86200293E-01	 0.16741784E-01
  5688.0000    	  5689.0000    	-0.84475878E-01	 0.12782283E-01
  5689.0000    	  5690.0000    	-0.47010745E-01	 0.12358324E-01
  5690.0000    	  5691.0000    	-0.28407754E-01	 0.12424082E-01
  5691.0000    	  5692.0000    	-0.64070949E-02	 0.11610850E-01
  5692.0000    	  5693.0000    	-0.36993809E-03	 0.89600357E-02
  5693.0000    	  5694.0000    	 0.24057371E-01	 0.86665545E-02
  5694.0000    	  5695.0000    	 0.17635241E-01	 0.77329364E-02
  5695.0000    	  5696.0000    	 0.18239569E-01	 0.66084450E-02
  5696.0000    	  5697.0000    	 0.14824902E-01	 0.60134933E-02
  5697.0000    	  5698.0000    	 0.17188569E-01	 0.60388824E-02
  5698.0000    	  5699.0000    	-0.34406722E-01	 0.14467850E-01
  5699.0000    	  5700.0000    	-0.72972196E-01	 0.19769816E-01
  5700.0000    	  5701.0000    	-0.50431622E-01	 0.18590323E-01
  5701.0000    	  5702.0000    	-0.50988890E-01	 0.23218803E-01
  5702.0000    	  5703.0000    	-0.12140469    	 0.20614690E-01
  5703.0000    	  5704.0000    	-0.15291592    	 0.24849844E-01
  5704.0000    	  5705.0000    	-0.12297709    	 0.28278634E-01
  5705.0000    	  5706.0000    	-0.16282614    	 0.24272908E-01
  5706.0000    	  5707.0000    	-0.16805335    	 0.22459792E-01
  5707.0000    	  5708.0000    	-0.12646834    	 0.20885697E-01
  5708.0000    	  5709.0000    	-0.11526587    	 0.20940628E-01
  5709.0000    	  5710.0000    	-0.96994310E-01	 0.16879349E-01
  5710.0000    	  5711.0000    	-0.22771220E-01	 0.12781090E-01
  5711.0000    	  5712.0000    	-0.55377602E-01	 0.12761901E-01
  5712.0000    	  5713.0000    	-0.23536862E-01	 0.10050920E-01
  5713.0000    	  5714.0000    	-0.13258386E-01	 0.10499349E-01
  5714.0000    	  5715.0000    	 0.30685252E-03	 0.92881944E-02
  5715.0000    	  5716.0000    	 0.11442743E-01	 0.74732183E-02
  5716.0000    	  5717.0000    	 0.26663307E-01	 0.78992110E-02
  5717.0000    	  5718.0000    	 0.23335340E-01	 0.62615050E-02
  5718.0000    	  5719.0000    	 0.16852100E-01	 0.71068382E-02
  5719.0000    	  5720.0000    	 0.13508748E-01	 0.52585653E-02
  5720.0000    	  5721.0000    	-0.32711963E-01	 0.14488533E-01
  5721.0000    	  5722.0000    	-0.59405539E-01	 0.16122761E-01
  5722.0000    	  5723.0000    	-0.81756072E-01	 0.18036448E-01
  5723.0000    	  5724.0000    	-0.10294977    	 0.19461121E-01
  5724.0000    	  5725.0000    	-0.11121920    	 0.21126851E-01
  5725.0000    	  5726.0000    	-0.10565915    	 0.24200546E-01
  5726.0000    	  5727.0000    	-0.96352149E-01	 0.23055058E-01
  5727.0000    	  5728.0000    	-0.13597702    	 0.26002487E-01
  5728.0000    	  5729.0000    	-0.13176860    	 0.22316980E-01
  5729.0000    	  5730.0000    	-0.14253674    	 0.21734922E-01
  5730.0000    	  5731.0000    	-0.73020421E-01	 0.23942628E-01
  5731.0000    	  5732.0000    	-0.73695829E-01	 0.15688719E-01
  5732.0000    	  5733.0000    	-0.81208303E-01	 0.14802324E-01
  5733.0000    	  5734.0000    	-0.59289483E-01	 0.14295498E-01
  5734.0000    	  5735.0000    	-0.18407117E-01	 0.11573749E-01
  5735.0000    	  5736.0000    	-0.14968277E-01	 0.10479250E-01
  5736.0000    	  5737.0000    	 0.11890293E-01	 0.10831755E-01
  5737.0000    	  5738.0000    	 0.75656915E-02	 0.96627879E-02
  5738.0000    	  5739.0000    	-0.21519504E-02	 0.86983917E-02
  5739.0000    	  5740.0000    	 0.16612507E-01	 0.59136556E-02
  5740.0000    	  5741.0000    	 0.21536629E-01	 0.64299817E-02
  5741.0000    	  5742.0000    	 0.11607388E-01	 0.55050147E-02
  5742.0000    	  5743.0000    	-0.20144346E-01	 0.13284284E-01
  5743.0000    	  5744.0000    	-0.58632754E-01	 0.14215888E-01
  5744.0000    	  5745.0000    	-0.92577549E-01	 0.20408385E-01
  5745.0000    	  5746.0000    	-0.11047729    	 0.25375314E-01
  5746.0000    	  5747.0000    	-0.69627394E-01	 0.21491511E-01
  5747.0000    	  5748.0000    	-0.11560575    	 0.22791413E-01
  5748.0000    	  5749.0000    	-0.11237509    	 0.24120970E-01
  5749.0000    	  5750.0000    	-0.10977921    	 0.26770794E-01
  5750.0000    	  5751.0000    	-0.12412882    	 0.22983273E-01
  5751.0000    	  5752.0000    	-0.83680385E-01	 0.21290079E-01
  5752.0000    	  5753.0000    	-0.73822050E-01	 0.22127931E-01
  5753.0000    	  5754.0000    	-0.96104603E-01	 0.16838093E-01
  5754.0000    	  5755.0000    	-0.41995971E-01	 0.14223162E-01
  5755.0000    	  5756.0000    	-0.55157614E-01	 0.15358106E-01
  5756.0000    	  5757.0000    	-0.17621792E-01	 0.12009626E-01
  5757.0000    	  5758.0000    	 0.16567216E-02	 0.10370298E-01
  5758.0000    	  5759.0000    	 0.10885659E-02	 0.80710030E-02
  5759.0000    	  5760.0000    	-0.66059707E-02	 0.88094172E-02
  5760.0000    	  5761.0000    	 0.15619228E-01	 0.77239627E-02
  5761.0000    	  5762.0000    	 0.30988042E-01	 0.74883269E-02
  5762.0000    	  5763.0000    	 0.80740038E-02	 0.73640288E-02
  5763.0000    	  5764.0000    	 0.19922612E-01	 0.54447343E-02
  5764.0000    	  5765.0000    	-0.12855264E-01	 0.12387682E-01
  5765.0000    	  5766.0000    	-0.57431591E-02	 0.16387675E-01
  5766.0000    	  5767.0000    	-0.76215962E-01	 0.18789097E-01
  5767.0000    	  5768.0000    	-0.40824209E-01	 0.22816003E-01
  5768.0000    	  5769.0000    	-0.10516035    	 0.21426348E-01
  5769.0000    	  5770.0000    	-0.12223747    	 0.24285800E-01
  5770.0000    	  5771.0000    	-0.10444203    	 0.24869460E-01
  5771.0000    	  5772.0000    	-0.13887015    	 0.23763622E-01
  5772.0000    	  5773.0000    	-0.14027534    	 0.22628155E-01
  5773.0000    	  5774.0000    	-0.10692094    	 0.24214906E-01
  5774.0000    	  5775.0000    	-0.10996892    	 0.17572910E-01
  5775.0000    	  5776.0000    	-0.38781091E-01	 0.17307762E-01
  5776.0000    	  5777.0000    	-0.72788010E-01	 0.13199444E-01
  5777.0000    	  5778.0000    	-0.50717618E-01	 0.11294810E-01
  5778.0000    	  5779.0000    	-0.20400042E-01	 0.10845366E-01
  5779.0000    	  5780.0000    	 0.27533875E-02	 0.10080727E-01
  5780.0000    	  5781.0000    	 0.11804357E-01	 0.93125662E-02
  5781.0000    	  5782.0000    	 0.10990253E-01	 0.72751601E-02
  5782.0000    	  5783.0000    	 0.91761711E-03	 0.77691106E-02
  5783.0000    	  5784.0000    	 0.45772800E-02	 0.80575499E-02
  5784.0000    	  5785.0000    	 0.17067033E-01	 0.58295886E-02
  5785.0000    	  5786.0000    	 0.58941435E-02	 0.52434322E-02
  5786.0000    	  5787.0000    	-0.18119447E-01	 0.13893220E-01
  5787.0000    	  5788.0000    	-0.55096161E-01	 0.15622578E-01
  5788.0000    	  5789.0000    	-0.62150183E-01	 0.17477769E-01
  5789.0000    	  5790.0000    	-0.64173258E-01	 0.23963299E-01
  5790.0000    	  5791.0000    	-0.12289689    	 0.20362694E-01
  5791.0000    	  5792.0000    	-0.11234384    	 0.27306628E-01
  5792.0000    	  5793.0000    	-0.16709886    	 0.23428777E-01
  5793.0000    	  5794.0000    	-0.12061818    	 0.25078762E-01
  5794.0000    	  5795.0000    	-0.11019004    	 0.23179118E-01
  5795.0000    	  5796.0000    	-0.86051126E-01	 0.23062769E-01
  5796.0000    	  5797.0000    	-0.84661627E-01	 0.21134772E-01
  5797.0000    	  5798.0000    	-0.70870715E-01	 0.17791456E-01
  5798.0000    	  5799.0000    	-0.74473877E-01	 0.13334332E-01
  5799.0000    	  5800.0000    	-0.40134089E-01	 0.11703943E-01
  5800.0000    	  5801.0000    	-0.23012424E-01	 0.11363811E-01
  5801.0000    	  5802.0000    	-0.13594027E-01	 0.85610671E-02
  5802.0000    	  5803.0000    	-0.12408786E-01	 0.87074907E-02
  5803.0000    	  5804.0000    	 0.57428063E-02	 0.75487682E-02
  5804.0000    	  5805.0000    	 0.14298901E-01	 0.82339185E-02
  5805.0000    	  5806.0000    	 0.13103251E-01	 0.69420055E-02
  5806.0000    	  5807.0000    	 0.16838729E-01	 0.62474305E-02
  5807.0000    	  5808.0000    	 0.18207985E-01	 0.47518487E-02
  5808.0000    	  5809.0000    	-0.28444767E-01	 0.12386046E-01
  5809.0000    	  5810.0000    	-0.66793289E-01	 0.17248338E-01
  5810.0000    	  5811.0000    	-0.63066861E-01	 0.16862180E-01
  5811.0000    	  5812.0000    	-0.32188386E-01	 0.18978490E-01
  5812.0000    	  5813.0000    	-0.12209359    	 0.18533218E-01
  5813.0000    	  5814.0000    	-0.12273167    	 0.23730941E-01
  5814.0000    	  5815.0000    	-0.12498927    	 0.23986684E-01
  5815.0000    	  5816.0000    	-0.10045083    	 0.25009669E-01
  5816.0000    	  5817.0000    	-0.10017596    	 0.20475310E-01
  5817.0000    	  5818.0000    	-0.92941174E-01	 0.23689825E-01
  5818.0000    	  5819.0000    	-0.12392586    	 0.18504008E-01
  5819.0000    	  5820.0000    	-0.89389286E-01	 0.17365314E-01
  5820.0000    	  5821.0000    	-0.40251986E-01	 0.13866436E-01
  5821.0000    	  5822.0000    	-0.45617228E-01	 0.12101150E-01
  5822.0000    	  5823.0000    	-0.38258663E-01	 0.12890410E-01
  5823.0000    	  5824.0000    	-0.25138501E-01	 0.96034351E-02
  5824.0000    	  5825.0000    	 0.53023819E-02	 0.78392444E-02
  5825.0000    	  5826.0000    	 0.77664060E-02	 0.82284790E-02
  5826.0000    	  5827.0000    	 0.15306947E-01	 0.84096877E-02
  5827.0000    	  5828.0000    	 0.12719211E-01	 0.65006653E-02
  5828.0000    	  5829.0000    	 0.17678889E-01	 0.60728124E-02
  5829.0000    	  5830.0000    	 0.14461936E-01	 0.47770233E-02
  5830.0000    	  5831.0000    	-0.24929225E-01	 0.11769650E-01
  5831.0000    	  5832.0000    	-0.56832525E-01	 0.14988979E-01
  5832.0000    	  5833.0000    	-0.67242139E-01	 0.16043560E-01
  5833.0000    	  5834.0000    	-0.97198341E-01	 0.18201629E-01
  5834.0000    	  5835.0000    	-0.10362992    	 0.19985982E-01
  5835.0000    	  5836.0000    	-0.99856368E-01	 0.24365386E-01
  5836.0000    	  5837.0000    	-0.13112504    	 0.21690250E-01
  5837.0000    	  5838.0000    	-0.11548264    	 0.25160221E-01
  5838.0000    	  5839.0000    	-0.14333929    	 0.24470638E-01
  5839.0000    	  5840.0000    	-0.11293501    	 0.21453249E-01
  5840.0000    	  5841.0000    	-0.92320084E-01	 0.17360869E-01
  5841.0000    	  5842.0000    	-0.83928564E-01	 0.16475017E-01
  5842.0000    	  5843.0000    	-0.37239180E-01	 0.14497366E-01
  5843.0000    	  5844.0000    	-0.38048492E-01	 0.12661769E-01
  5844.0000    	  5845.0000    	-0.27285452E-01	 0.10453823E-01
  5845.0000    	  5846.0000    	-0.62986996E-02	 0.88166208E-02
  5846.0000    	  5847.0000    	 0.24330638E-02	 0.87257867E-02
  5847.0000    	  5848.0000    	 0.12155595E-01	 0.85222566E-02
  5848.0000    	  5849.0000    	 0.15269544E-01	 0.73470157E-02
  5849.0000    	  5850.0000    	 0.21113814E-01	 0.72857332E-02
  5850.0000    	  5851.0000    	 0.18202759E-01	 0.58367419E-02
  5851.0000    	  5852.0000    	 0.16244160E-01	 0.48885794E-02
  5852.0000    	  5853.0000    	-0.21125775E-01	 0.11744137E-01
  5853.0000    	  5854.0000    	-0.56844300E-01	 0.13602609E-01
  5854.0000    	  5855.0000    	-0.68204498E-01	 0.17287002E-01
  5855.0000    	  5856.0000    	-0.87187934E-01	 0.20413271E-01
  5856.0000    	  5857.0000    	-0.15106721    	 0.22449893E-01
  5857.0000    	  5858.0000    	-0.13453793    	 0.23798961E-01
  5858.0000    	  5859.0000    	-0.11779143    	 0.21287876E-01
  5859.0000    	  5860.0000    	-0.84767609E-01	 0.23889576E-01
  5860.0000    	  5861.0000    	-0.11492408    	 0.22978369E-01
  5861.0000    	  5862.0000    	-0.11994707    	 0.22644203E-01
  5862.0000    	  5863.0000    	-0.92769567E-01	 0.18256160E-01
  5863.0000    	  5864.0000    	-0.79067204E-01	 0.17823921E-01
  5864.0000    	  5865.0000    	-0.51721768E-01	 0.13403767E-01
  5865.0000    	  5866.0000    	-0.40126062E-01	 0.13496611E-01
  5866.0000    	  5867.0000    	-0.34489735E-01	 0.10423658E-01
  5867.0000    	  5868.0000    	-0.48347612E-02	 0.83525415E-02
  5868.0000    	  5869.0000    	 0.10187768E-01	 0.89402844E-02
  5869.0000    	  5870.0000    	 0.97595154E-02	 0.69036328E-02
  5870.0000    	  5871.0000    	 0.85729027E-02	 0.79400629E-02
  5871.0000    	  5872.0000    	 0.13873772E-01	 0.62892119E-02
  5872.0000    	  5873.0000    	 0.19632134E-01	 0.55148966E-02
  5873.0000    	  5874.0000    	 0.11640307E-01	 0.47329701E-02
  5874.0000    	  5875.0000    	-0.17452307E-01	 0.12704720E-01
  5875.0000    	  5876.0000    	-0.26665771E-01	 0.14241598E-01
  5876.0000    	  5877.0000    	-0.61128348E-01	 0.15851296E-01
  5877.0000    	  5878.0000    	-0.65919472E-01	 0.19246822E-01
  5878.0000    	  5879.0000    	-0.81916199E-01	 0.20480993E-01
  5879.0000    	  5880.0000    	-0.11041394    	 0.25317276E-01
  5880.0000    	  5881.0000    	-0.87523336E-01	 0.22574896E-01
  5881.0000    	  5882.0000    	-0.12168867    	 0.22766024E-01
  5882.0000    	  5883.0000    	-0.82020525E-01	 0.20524901E-01
  5883.0000    	  5884.0000    	-0.12285756    	 0.19449065E-01
  5884.0000    	  5885.0000    	-0.58077479E-01	 0.21811823E-01
  5885.0000    	  5886.0000    	-0.77806846E-01	 0.16749456E-01
  5886.0000    	  5887.0000    	-0.50643111E-01	 0.14048807E-01
  5887.0000    	  5888.0000    	-0.51722629E-01	 0.11445255E-01
  5888.0000    	  5889.0000    	-0.98341272E-02	 0.96364934E-02
  5889.0000    	  5890.0000    	-0.14632248E-02	 0.87318605E-02
  5890.0000    	  5891.0000    	-0.17302828E-01	 0.94788514E-02
  5891.0000    	  5892.0000    	 0.22871388E-01	 0.78534985E-02
  5892.0000    	  5893.0000    	 0.93783363E-02	 0.74255310E-02
  5893.0000    	  5894.0000    	 0.11139967E-01	 0.68195090E-02
  5894.0000    	  5895.0000    	 0.11470442E-01	 0.55863739E-02
  5895.0000    	  5896.0000    	 0.75260806E-02	 0.48818346E-02
  5896.0000    	  5897.0000    	-0.34546425E-01	 0.10788362E-01
  5897.0000    	  5898.0000    	-0.47135685E-01	 0.12953682E-01
  5898.0000    	  5899.0000    	-0.55254232E-01	 0.16475451E-01
  5899.0000    	  5900.0000    	-0.69505042E-01	 0.18755959E-01
  5900.0000    	  5901.0000    	-0.11111157    	 0.19236449E-01
  5901.0000    	  5902.0000    	-0.94853001E-01	 0.21092486E-01
  5902.0000    	  5903.0000    	-0.12005963    	 0.25173361E-01
  5903.0000    	  5904.0000    	-0.14415765    	 0.19280982E-01
  5904.0000    	  5905.0000    	-0.10957094    	 0.19108292E-01
  5905.0000    	  5906.0000    	-0.78245419E-01	 0.18487835E-01
  5906.0000    	  5907.0000    	-0.93893979E-01	 0.18645304E-01
  5907.0000    	  5908.0000    	-0.62978706E-01	 0.15080986E-01
  5908.0000    	  5909.0000    	-0.73293848E-01	 0.12266489E-01
  5909.0000    	  5910.0000    	-0.50418814E-01	 0.11020875E-01
  5910.0000    	  5911.0000    	-0.14132495E-01	 0.95457293E-02
  5911.0000    	  5912.0000    	-0.13676291E-01	 0.77691001E-02
  5912.0000    	  5913.0000    	-0.47879557E-02	 0.84343311E-02
  5913.0000    	  5914.0000    	 0.14423622E-01	 0.80639076E-02
  5914.0000    	  5915.0000    	 0.11720995E-01	 0.67413778E-02
  5915.0000    	  5916.0000    	 0.28207000E-01	 0.54467708E-02
  5916.0000    	  5917.0000    	 0.23322241E-01	 0.57357967E-02
  5917.0000    	  5918.0000    	 0.52993121E-02	 0.43087691E-02
  5918.0000    	  5919.0000    	-0.26661924E-01	 0.14011222E-01
  5919.0000    	  5920.0000    	-0.48953705E-02	 0.14907037E-01
  5920.0000    	  5921.0000    	-0.52906760E-01	 0.15793602E-01
  5921.0000    	  5922.0000    	-0.56910003E-01	 0.15538004E-01
  5922.0000    	  5923.0000    	-0.87563596E-01	 0.23722164E-01
  5923.0000    	  5924.0000    	-0.13238910    	 0.24608265E-01
  5924.0000    	  5925.0000    	-0.76243771E-01	 0.21336918E-01
  5925.0000    	  5926.0000    	-0.94399967E-01	 0.24156927E-01
  5926.0000    	  5927.0000    	-0.11759676    	 0.22427452E-01
  5927.0000    	  5928.0000    	-0.14974953    	 0.19392388E-01
  5928.0000    	  5929.0000    	-0.71823949E-01	 0.18588448E-01
  5929.0000    	  5930.0000    	-0.71773341E-01	 0.15882772E-01
  5930.0000    	  5931.0000    	-0.83182200E-01	 0.12477119E-01
  5931.0000    	  5932.0000    	-0.40696433E-01	 0.10706528E-01
  5932.0000    	  5933.0000    	-0.25177598E-01	 0.10530408E-01
  5933.0000    	  5934.0000    	-0.13897786E-02	 0.87738412E-02
  5934.0000    	  5935.0000    	 0.51376732E-02	 0.96759160E-02
  5935.0000    	  5936.0000    	 0.46625405E-03	 0.80116758E-02
  5936.0000    	  5937.0000    	 0.72651579E-02	 0.63541247E-02
  5937.0000    	  5938.0000    	 0.49496721E-02	 0.64320505E-02
  5938.0000    	  5939.0000    	 0.15206276E-01	 0.56819822E-02
  5939.0000    	  5940.0000    	 0.18830388E-01	 0.40294544E-02
  5940.0000    	  5941.0000    	-0.34620297E-01	 0.13050039E-01
  5941.0000    	  5942.0000    	-0.64030064E-01	 0.11938733E-01
  5942.0000    	  5943.0000    	-0.80008413E-01	 0.18596956E-01
  5943.0000    	  5944.0000    	-0.10732688    	 0.17332788E-01
  5944.0000    	  5945.0000    	-0.68093182E-01	 0.19083122E-01
  5945.0000    	  5946.0000    	-0.15067211    	 0.25723585E-01
  5946.0000    	  5947.0000    	-0.65591563E-01	 0.21743192E-01
  5947.0000    	  5948.0000    	-0.10933181    	 0.23480856E-01
  5948.0000    	  5949.0000    	-0.12128764    	 0.22618171E-01
  5949.0000    	  5950.0000    	-0.15653299    	 0.20728418E-01
  5950.0000    	  5951.0000    	-0.98853601E-01	 0.17651316E-01
  5951.0000    	  5952.0000    	-0.77782229E-01	 0.15420908E-01
  5952.0000    	  5953.0000    	-0.42740310E-01	 0.11474650E-01
  5953.0000    	  5954.0000    	-0.56475446E-01	 0.10586147E-01
  5954.0000    	  5955.0000    	-0.27639020E-01	 0.11454219E-01
  5955.0000    	  5956.0000    	-0.76575441E-02	 0.10268012E-01
  5956.0000    	  5957.0000    	 0.70304751E-02	 0.79967521E-02
  5957.0000    	  5958.0000    	 0.81128871E-03	 0.84119637E-02
  5958.0000    	  5959.0000    	 0.18383604E-01	 0.64591021E-02
  5959.0000    	  5960.0000    	 0.14086867E-01	 0.64475902E-02
  5960.0000    	  5961.0000    	 0.14203687E-01	 0.54313529E-02
  5961.0000    	  5962.0000    	 0.18213218E-02	 0.44900636E-02
  5962.0000    	  5963.0000    	-0.11215632E-01	 0.11089721E-01
  5963.0000    	  5964.0000    	-0.38774018E-01	 0.12132503E-01
  5964.0000    	  5965.0000    	-0.74790344E-01	 0.15085066E-01
  5965.0000    	  5966.0000    	-0.69764954E-01	 0.17029389E-01
  5966.0000    	  5967.0000    	-0.86680616E-01	 0.18801415E-01
  5967.0000    	  5968.0000    	-0.10700119    	 0.19740106E-01
  5968.0000    	  5969.0000    	-0.12561227    	 0.22423477E-01
  5969.0000    	  5970.0000    	-0.10810498    	 0.24839033E-01
  5970.0000    	  5971.0000    	-0.14455414    	 0.22633507E-01
  5971.0000    	  5972.0000    	-0.80766047E-01	 0.20146852E-01
  5972.0000    	  5973.0000    	-0.51641511E-01	 0.15339407E-01
  5973.0000    	  5974.0000    	-0.38493842E-01	 0.15886313E-01
  5974.0000    	  5975.0000    	-0.54105690E-01	 0.12009041E-01
  5975.0000    	  5976.0000    	-0.11704082E-01	 0.11078278E-01
  5976.0000    	  5977.0000    	-0.39270169E-01	 0.10784891E-01
  5977.0000    	  5978.0000    	 0.39093783E-02	 0.83167942E-02
  5978.0000    	  5979.0000    	 0.56472500E-02	 0.78325645E-02
  5979.0000    	  5980.0000    	 0.63448272E-02	 0.68821807E-02
  5980.0000    	  5981.0000    	 0.15350992E-01	 0.63017699E-02
  5981.0000    	  5982.0000    	 0.17553641E-01	 0.65126936E-02
  5982.0000    	  5983.0000    	 0.16779408E-01	 0.60127690E-02
  5983.0000    	  5984.0000    	 0.94677268E-02	 0.48198434E-02
  5984.0000    	  5985.0000    	-0.91459866E-02	 0.10075832E-01
  5985.0000    	  5986.0000    	-0.54269422E-01	 0.14938690E-01
  5986.0000    	  5987.0000    	-0.47624615E-01	 0.14631318E-01
  5987.0000    	  5988.0000    	-0.76949569E-01	 0.15511398E-01
  5988.0000    	  5989.0000    	-0.81622283E-01	 0.21143246E-01
  5989.0000    	  5990.0000    	-0.91092183E-01	 0.24363323E-01
  5990.0000    	  5991.0000    	-0.14081221    	 0.25486475E-01
  5991.0000    	  5992.0000    	-0.96783879E-01	 0.21790999E-01
  5992.0000    	  5993.0000    	-0.10515631    	 0.18778560E-01
  5993.0000    	  5994.0000    	-0.80449161E-01	 0.17016569E-01
  5994.0000    	  5995.0000    	-0.78638320E-01	 0.18714261E-01
  5995.0000    	  5996.0000    	-0.85759349E-01	 0.15519882E-01
  5996.0000    	  5997.0000    	-0.53132618E-01	 0.13912106E-01
  5997.0000    	  5998.0000    	-0.36428317E-01	 0.12227602E-01
  5998.0000    	  5999.0000    	-0.37953255E-01	 0.93675871E-02
  5999.0000    	  6000.0000    	-0.62625794E-02	 0.78461473E-02
  6000.0000    	  6001.0000    	-0.14983801E-01	 0.85645451E-02
  6001.0000    	  6002.0000    	-0.49962146E-03	 0.76827202E-02
  6002.0000    	  6003.0000    	 0.15479723E-01	 0.67968393E-02
  6003.0000    	  6004.0000    	 0.12060051E-01	 0.60922986E-02
  6004.0000    	  6005.0000    	 0.95250375E-02	 0.46208091E-02
  6005.0000    	  6006.0000    	 0.11363613E-01	 0.42259842E-02
  6006.0000    	  6007.0000    	-0.42019125E-01	 0.11297003E-01
  6007.0000    	  6008.0000    	-0.37132102E-01	 0.16716450E-01
  6008.0000    	  6009.0000    	-0.38967701E-01	 0.14048874E-01
  6009.0000    	  6010.0000    	-0.35121152E-01	 0.16610163E-01
  6010.0000    	  6011.0000    	-0.52192170E-01	 0.21186601E-01
  6011.0000    	  6012.0000    	-0.11592377    	 0.19317760E-01
  6012.0000    	  6013.0000    	-0.90987876E-01	 0.22198164E-01
  6013.0000    	  6014.0000    	-0.11520058    	 0.20091356E-01
  6014.0000    	  6015.0000    	-0.14605751    	 0.22424979E-01
  6015.0000    	  6016.0000    	-0.86880255E-01	 0.20481450E-01
  6016.0000    	  6017.0000    	-0.95705087E-01	 0.16617278E-01
  6017.0000    	  6018.0000    	-0.55851439E-01	 0.16060439E-01
  6018.0000    	  6019.0000    	-0.64846414E-01	 0.13737733E-01
  6019.0000    	  6020.0000    	-0.17501598E-01	 0.10194233E-01
  6020.0000    	  6021.0000    	-0.10421591E-01	 0.99743318E-02
  6021.0000    	  6022.0000    	-0.11276937E-03	 0.74309638E-02
  6022.0000    	  6023.0000    	 0.37721900E-02	 0.82086948E-02
  6023.0000    	  6024.0000    	 0.22700377E-01	 0.84677403E-02
  6024.0000    	  6025.0000    	 0.12567971E-01	 0.62002991E-02
  6025.0000    	  6026.0000    	 0.73799622E-02	 0.56096304E-02
  6026.0000    	  6027.0000    	 0.16684226E-01	 0.54698715E-02
  6027.0000    	  6028.0000    	 0.11202384E-01	 0.42981825E-02
  6028.0000    	  6029.0000    	-0.13154671E-01	 0.11936480E-01
  6029.0000    	  6030.0000    	-0.13966020E-01	 0.14295415E-01
  6030.0000    	  6031.0000    	-0.29323723E-01	 0.16464203E-01
  6031.0000    	  6032.0000    	-0.10072090    	 0.16759626E-01
  6032.0000    	  6033.0000    	-0.92805814E-01	 0.19086267E-01
  6033.0000    	  6034.0000    	-0.92367871E-01	 0.24204966E-01
  6034.0000    	  6035.0000    	-0.11258827    	 0.21314002E-01
  6035.0000    	  6036.0000    	-0.11832482    	 0.22736623E-01
  6036.0000    	  6037.0000    	-0.10303235    	 0.23676898E-01
  6037.0000    	  6038.0000    	-0.10135686    	 0.20071581E-01
  6038.0000    	  6039.0000    	-0.78992765E-01	 0.18490147E-01
  6039.0000    	  6040.0000    	-0.49319934E-01	 0.15801639E-01
  6040.0000    	  6041.0000    	-0.69986706E-01	 0.12492956E-01
  6041.0000    	  6042.0000    	-0.40642385E-01	 0.99701779E-02
  6042.0000    	  6043.0000    	-0.12137783E-01	 0.94872753E-02
  6043.0000    	  6044.0000    	 0.72021434E-02	 0.88669050E-02
  6044.0000    	  6045.0000    	 0.14263575E-01	 0.81152150E-02
  6045.0000    	  6046.0000    	 0.62179606E-02	 0.69687939E-02
  6046.0000    	  6047.0000    	 0.19965058E-01	 0.59113921E-02
  6047.0000    	  6048.0000    	 0.21296999E-01	 0.48088908E-02
  6048.0000    	  6049.0000    	 0.61080688E-02	 0.51024443E-02
  6049.0000    	  6050.0000    	 0.86959796E-02	 0.46095946E-02
  6050.0000    	  6051.0000    	-0.36103636E-01	 0.11803541E-01
  6051.0000    	  6052.0000    	-0.31960377E-01	 0.13665328E-01
  6052.0000    	  6053.0000    	-0.41249201E-01	 0.16572343E-01
  6053.0000    	  6054.0000    	-0.75602857E-01	 0.15429370E-01
  6054.0000    	  6055.0000    	-0.77966497E-01	 0.16903906E-01
  6055.0000    	  6056.0000    	-0.98682412E-01	 0.21742758E-01
  6056.0000    	  6057.0000    	-0.91333228E-01	 0.21417749E-01
  6057.0000    	  6058.0000    	-0.11822942    	 0.19922221E-01
  6058.0000    	  6059.0000    	-0.10943288    	 0.19601586E-01
  6059.0000    	  6060.0000    	-0.81093035E-01	 0.23300862E-01
  6060.0000    	  6061.0000    	-0.95682782E-01	 0.16596744E-01
  6061.0000    	  6062.0000    	-0.45544920E-01	 0.15285977E-01
  6062.0000    	  6063.0000    	-0.37976391E-01	 0.12721190E-01
  6063.0000    	  6064.0000    	-0.35977341E-01	 0.11087839E-01
  6064.0000    	  6065.0000    	-0.49081503E-02	 0.10389186E-01
  6065.0000    	  6066.0000    	-0.35235264E-01	 0.85484615E-02
  6066.0000    	  6067.0000    	-0.19601964E-02	 0.73227319E-02
  6067.0000    	  6068.0000    	 0.62696385E-02	 0.73949745E-02
  6068.0000    	  6069.0000    	 0.63763081E-02	 0.62910258E-02
  6069.0000    	  6070.0000    	 0.13479958E-01	 0.53239765E-02
  6070.0000    	  6071.0000    	 0.15176627E-01	 0.49583937E-02
  6071.0000    	  6072.0000    	 0.21227159E-02	 0.52565160E-02
  6072.0000    	  6073.0000    	-0.24137625E-01	 0.96021634E-02
  6073.0000    	  6074.0000    	-0.63029173E-01	 0.15026790E-01
  6074.0000    	  6075.0000    	-0.75932025E-01	 0.15005264E-01
  6075.0000    	  6076.0000    	-0.10529152    	 0.16000344E-01
  6076.0000    	  6077.0000    	-0.81617681E-01	 0.20816921E-01
  6077.0000    	  6078.0000    	-0.11942419    	 0.24120941E-01
  6078.0000    	  6079.0000    	-0.12919753    	 0.21533600E-01
  6079.0000    	  6080.0000    	-0.91630812E-01	 0.18876364E-01
  6080.0000    	  6081.0000    	-0.10491897    	 0.20645135E-01
  6081.0000    	  6082.0000    	-0.10536363    	 0.19796665E-01
  6082.0000    	  6083.0000    	-0.90101775E-01	 0.14790956E-01
  6083.0000    	  6084.0000    	-0.64133211E-01	 0.14503171E-01
  6084.0000    	  6085.0000    	-0.68768271E-01	 0.10873554E-01
  6085.0000    	  6086.0000    	-0.20876953E-01	 0.99551767E-02
  6086.0000    	  6087.0000    	-0.25379445E-01	 0.87119008E-02
  6087.0000    	  6088.0000    	-0.30680009E-04	 0.91416074E-02
  6088.0000    	  6089.0000    	 0.12882896E-01	 0.73631875E-02
  6089.0000    	  6090.0000    	 0.14143826E-01	 0.84767824E-02
  6090.0000    	  6091.0000    	 0.53880726E-02	 0.75183810E-02
  6091.0000    	  6092.0000    	 0.11272393E-01	 0.51063443E-02
  6092.0000    	  6093.0000    	 0.21352869E-01	 0.45201066E-02
  6093.0000    	  6094.0000    	 0.50679584E-02	 0.44286484E-02
  6094.0000    	  6095.0000    	-0.18021476E-01	 0.95443039E-02
  6095.0000    	  6096.0000    	-0.53281660E-01	 0.12808802E-01
  6096.0000    	  6097.0000    	-0.41106912E-01	 0.14972023E-01
  6097.0000    	  6098.0000    	-0.33790380E-01	 0.17090550E-01
  6098.0000    	  6099.0000    	-0.87568446E-01	 0.17726122E-01
  6099.0000    	  6100.0000    	-0.71739922E-01	 0.18988143E-01
  6100.0000    	  6101.0000    	-0.93024464E-01	 0.22980963E-01
  6101.0000    	  6102.0000    	-0.56878600E-01	 0.21015022E-01
  6102.0000    	  6103.0000    	-0.11183458    	 0.19885318E-01
  6103.0000    	  6104.0000    	-0.94932495E-01	 0.21220688E-01
  6104.0000    	  6105.0000    	-0.64726899E-01	 0.15356701E-01
  6105.0000    	  6106.0000    	-0.58772671E-01	 0.15629654E-01
  6106.0000    	  6107.0000    	-0.28759064E-01	 0.13144432E-01
  6107.0000    	  6108.0000    	-0.38100721E-01	 0.10939786E-01
  6108.0000    	  6109.0000    	-0.24141204E-01	 0.85591058E-02
  6109.0000    	  6110.0000    	-0.45449983E-02	 0.75873110E-02
  6110.0000    	  6111.0000    	-0.83461254E-02	 0.65633460E-02
  6111.0000    	  6112.0000    	 0.28587809E-02	 0.75802103E-02
  6112.0000    	  6113.0000    	 0.72084283E-02	 0.69279609E-02
  6113.0000    	  6114.0000    	 0.25938647E-01	 0.59034300E-02
  6114.0000    	  6115.0000    	 0.15101877E-01	 0.49898213E-02
  6115.0000    	  6116.0000    	 0.11604327E-01	 0.42893586E-02
  6116.0000    	  6117.0000    	-0.11903516E-01	 0.10695504E-01
  6117.0000    	  6118.0000    	-0.23755357E-01	 0.12524297E-01
  6118.0000    	  6119.0000    	-0.47239399E-01	 0.14845906E-01
  6119.0000    	  6120.0000    	-0.77375402E-01	 0.15215543E-01
  6120.0000    	  6121.0000    	-0.39780633E-01	 0.18672682E-01
  6121.0000    	  6122.0000    	-0.10591032    	 0.20087397E-01
  6122.0000    	  6123.0000    	-0.14093057    	 0.21691027E-01
  6123.0000    	  6124.0000    	-0.89559296E-01	 0.21505771E-01
  6124.0000    	  6125.0000    	-0.86389145E-01	 0.19974781E-01
  6125.0000    	  6126.0000    	-0.94135637E-01	 0.20452876E-01
  6126.0000    	  6127.0000    	-0.10340955    	 0.14386345E-01
  6127.0000    	  6128.0000    	-0.89443647E-01	 0.17890843E-01
  6128.0000    	  6129.0000    	-0.74371875E-01	 0.12738760E-01
  6129.0000    	  6130.0000    	-0.11466567E-01	 0.11467274E-01
  6130.0000    	  6131.0000    	-0.31162070E-01	 0.86875842E-02
  6131.0000    	  6132.0000    	-0.16152398E-01	 0.79966499E-02
  6132.0000    	  6133.0000    	-0.12747063E-02	 0.70882455E-02
  6133.0000    	  6134.0000    	 0.13524589E-01	 0.72695459E-02
  6134.0000    	  6135.0000    	 0.10538474E-01	 0.58867640E-02
  6135.0000    	  6136.0000    	 0.44114672E-02	 0.59612588E-02
  6136.0000    	  6137.0000    	 0.14151905E-01	 0.44662028E-02
  6137.0000    	  6138.0000    	 0.96375773E-02	 0.40486865E-02
  6138.0000    	  6139.0000    	-0.17085804E-01	 0.10066430E-01
  6139.0000    	  6140.0000    	-0.36107149E-01	 0.12250133E-01
  6140.0000    	  6141.0000    	-0.40483350E-01	 0.15078674E-01
  6141.0000    	  6142.0000    	-0.68697011E-01	 0.15103221E-01
  6142.0000    	  6143.0000    	-0.77416690E-01	 0.17253827E-01
  6143.0000    	  6144.0000    	-0.75467848E-01	 0.20385098E-01
  6144.0000    	  6145.0000    	-0.48810353E-01	 0.17843388E-01
  6145.0000    	  6146.0000    	-0.10960633    	 0.20303820E-01
  6146.0000    	  6147.0000    	-0.12724899    	 0.22705426E-01
  6147.0000    	  6148.0000    	-0.86606097E-01	 0.18344234E-01
  6148.0000    	  6149.0000    	-0.56109470E-01	 0.14905586E-01
  6149.0000    	  6150.0000    	-0.72835130E-01	 0.16660466E-01
  6150.0000    	  6151.0000    	-0.43507922E-01	 0.12125871E-01
  6151.0000    	  6152.0000    	-0.47750303E-01	 0.93493619E-02
  6152.0000    	  6153.0000    	-0.23080192E-01	 0.80521294E-02
  6153.0000    	  6154.0000    	 0.10502046E-01	 0.77407549E-02
  6154.0000    	  6155.0000    	 0.25470968E-02	 0.64484762E-02
  6155.0000    	  6156.0000    	-0.34694446E-02	 0.83762068E-02
  6156.0000    	  6157.0000    	 0.12674017E-01	 0.64342595E-02
  6157.0000    	  6158.0000    	 0.10460332E-01	 0.57993001E-02
  6158.0000    	  6159.0000    	 0.30972589E-02	 0.45192595E-02
  6159.0000    	  6160.0000    	 0.17270381E-02	 0.40118897E-02
  6160.0000    	  6161.0000    	-0.14505181E-01	 0.10987991E-01
  6161.0000    	  6162.0000    	-0.40300960E-01	 0.12043025E-01
  6162.0000    	  6163.0000    	-0.29210270E-01	 0.17517892E-01
  6163.0000    	  6164.0000    	-0.37618955E-01	 0.17323382E-01
  6164.0000    	  6165.0000    	-0.38253360E-01	 0.14902005E-01
  6165.0000    	  6166.0000    	-0.93733229E-01	 0.17606828E-01
  6166.0000    	  6167.0000    	-0.10577418    	 0.20601006E-01
  6167.0000    	  6168.0000    	-0.10932077    	 0.20631296E-01
  6168.0000    	  6169.0000    	-0.89687620E-01	 0.21348336E-01
  6169.0000    	  6170.0000    	-0.86162713E-01	 0.17945848E-01
  6170.0000    	  6171.0000    	-0.53400522E-01	 0.15927967E-01
  6171.0000    	  6172.0000    	-0.55690256E-01	 0.15772644E-01
  6172.0000    	  6173.0000    	-0.56720830E-01	 0.12942031E-01
  6173.0000    	  6174.0000    	-0.43258695E-01	 0.10246539E-01
  6174.0000    	  6175.0000    	-0.17413588E-01	 0.84584212E-02
  6175.0000    	  6176.0000    	-0.18201572E-01	 0.69723772E-02
  6176.0000    	  6177.0000    	-0.73554615E-02	 0.72033407E-02
  6177.0000    	  6178.0000    	 0.40348437E-02	 0.61759350E-02
  6178.0000    	  6179.0000    	 0.88992993E-02	 0.62629397E-02
  6179.0000    	  6180.0000    	 0.25491271E-01	 0.64086901E-02
  6180.0000    	  6181.0000    	 0.53432558E-02	 0.46088706E-02
  6181.0000    	  6182.0000    	 0.11466006E-01	 0.41905274E-02
  6182.0000    	  6183.0000    	-0.41176479E-01	 0.11208041E-01
  6183.0000    	  6184.0000    	-0.43048085E-01	 0.12075879E-01
  6184.0000    	  6185.0000    	-0.53931749E-01	 0.14948674E-01
  6185.0000    	  6186.0000    	-0.50946489E-01	 0.13780715E-01
  6186.0000    	  6187.0000    	-0.11733737    	 0.17144353E-01
  6187.0000    	  6188.0000    	-0.75284215E-01	 0.20315904E-01
  6188.0000    	  6189.0000    	-0.11310770    	 0.18961809E-01
  6189.0000    	  6190.0000    	-0.11032760    	 0.20032505E-01
  6190.0000    	  6191.0000    	-0.10251549    	 0.19933495E-01
  6191.0000    	  6192.0000    	-0.10035623    	 0.18182372E-01
  6192.0000    	  6193.0000    	-0.89784179E-01	 0.16384179E-01
  6193.0000    	  6194.0000    	-0.79852089E-01	 0.13161055E-01
  6194.0000    	  6195.0000    	-0.41012386E-01	 0.11569048E-01
  6195.0000    	  6196.0000    	-0.38159339E-01	 0.95136134E-02
  6196.0000    	  6197.0000    	-0.78009348E-02	 0.91798536E-02
  6197.0000    	  6198.0000    	 0.43856795E-02	 0.70500142E-02
  6198.0000    	  6199.0000    	 0.21460442E-02	 0.75899875E-02
  6199.0000    	  6200.0000    	 0.82066461E-02	 0.66207540E-02
  6200.0000    	  6201.0000    	 0.19596867E-01	 0.61889505E-02
  6201.0000    	  6202.0000    	 0.15364699E-01	 0.59673501E-02
  6202.0000    	  6203.0000    	 0.12445868E-01	 0.47012287E-02
  6203.0000    	  6204.0000    	 0.86331549E-02	 0.38114428E-02
  6204.0000    	  6205.0000    	-0.19764454E-01	 0.10128970E-01
  6205.0000    	  6206.0000    	-0.25373916E-01	 0.12937018E-01
  6206.0000    	  6207.0000    	-0.56782594E-01	 0.13510651E-01
  6207.0000    	  6208.0000    	-0.71812216E-01	 0.14978682E-01
  6208.0000    	  6209.0000    	-0.91283312E-01	 0.18089123E-01
  6209.0000    	  6210.0000    	-0.86540550E-01	 0.18157223E-01
  6210.0000    	  6211.0000    	-0.76001658E-01	 0.20705089E-01
  6211.0000    	  6212.0000    	-0.71586186E-01	 0.23480548E-01
  6212.0000    	  6213.0000    	-0.94730340E-01	 0.22073947E-01
  6213.0000    	  6214.0000    	-0.10016065    	 0.21206677E-01
  6214.0000    	  6215.0000    	-0.90713233E-01	 0.17178347E-01
  6215.0000    	  6216.0000    	-0.54409270E-01	 0.13251186E-01
  6216.0000    	  6217.0000    	-0.31896642E-01	 0.13939249E-01
  6217.0000    	  6218.0000    	-0.34460184E-01	 0.94752761E-02
  6218.0000    	  6219.0000    	-0.41033547E-01	 0.91083100E-02
  6219.0000    	  6220.0000    	-0.16492535E-01	 0.76593413E-02
  6220.0000    	  6221.0000    	 0.22798221E-02	 0.71338339E-02
  6221.0000    	  6222.0000    	 0.79023543E-02	 0.68786363E-02
  6222.0000    	  6223.0000    	 0.32904874E-02	 0.62163885E-02
  6223.0000    	  6224.0000    	 0.60493978E-02	 0.56322554E-02
  6224.0000    	  6225.0000    	 0.84215599E-02	 0.48112046E-02
  6225.0000    	  6226.0000    	 0.14741754E-01	 0.35955664E-02
  6226.0000    	  6227.0000    	-0.12028332E-02	 0.90087250E-02
  6227.0000    	  6228.0000    	-0.47501585E-01	 0.11508720E-01
  6228.0000    	  6229.0000    	-0.61037153E-01	 0.13944240E-01
  6229.0000    	  6230.0000    	-0.54410094E-01	 0.14616700E-01
  6230.0000    	  6231.0000    	-0.54466533E-01	 0.18890584E-01
  6231.0000    	  6232.0000    	-0.92563521E-01	 0.20529953E-01
  6232.0000    	  6233.0000    	-0.12240160    	 0.20718702E-01
  6233.0000    	  6234.0000    	-0.81149310E-01	 0.22188511E-01
  6234.0000    	  6235.0000    	-0.10588275    	 0.18917686E-01
  6235.0000    	  6236.0000    	-0.65086377E-01	 0.16459326E-01
  6236.0000    	  6237.0000    	-0.87751770E-01	 0.15782681E-01
  6237.0000    	  6238.0000    	-0.72137110E-01	 0.12753643E-01
  6238.0000    	  6239.0000    	-0.53364010E-01	 0.10752956E-01
  6239.0000    	  6240.0000    	-0.16655566E-01	 0.87141593E-02
  6240.0000    	  6241.0000    	-0.15050013E-01	 0.79960586E-02
  6241.0000    	  6242.0000    	 0.34323209E-02	 0.77239434E-02
  6242.0000    	  6243.0000    	-0.34555814E-02	 0.68659595E-02
  6243.0000    	  6244.0000    	 0.31699389E-02	 0.62237627E-02
  6244.0000    	  6245.0000    	 0.17412348E-01	 0.59561777E-02
  6245.0000    	  6246.0000    	 0.10497698E-01	 0.58156095E-02
  6246.0000    	  6247.0000    	 0.14530735E-01	 0.54033851E-02
  6247.0000    	  6248.0000    	 0.99363290E-02	 0.35709194E-02
