# xi1
# underflow	 -17.686364    	 0.10520335    
# overflow	-0.73365092E-02	 0.11955396E-02
# sum	 -21.405606    	 0.10944968    
# xmin	xmax	cross	numerror
  4224.0000    	  4225.0000    	-0.15976054E-02	 0.13039502E-02
  4225.0000    	  4226.0000    	-0.40914794E-02	 0.11674859E-02
  4226.0000    	  4227.0000    	-0.32701538E-02	 0.12056267E-02
  4227.0000    	  4228.0000    	-0.21603994E-02	 0.13273329E-02
  4228.0000    	  4229.0000    	-0.29286590E-02	 0.10186886E-02
  4229.0000    	  4230.0000    	-0.21689608E-02	 0.99774523E-03
  4230.0000    	  4231.0000    	-0.30066920E-02	 0.82494266E-03
  4231.0000    	  4232.0000    	-0.20255876E-02	 0.82558034E-03
  4232.0000    	  4233.0000    	-0.20648573E-02	 0.63420054E-03
  4233.0000    	  4234.0000    	-0.18057587E-02	 0.59166227E-03
  4234.0000    	  4235.0000    	-0.19189200E-02	 0.54023352E-03
  4235.0000    	  4236.0000    	-0.23523467E-02	 0.15596618E-02
  4236.0000    	  4237.0000    	-0.31956914E-02	 0.13486281E-02
  4237.0000    	  4238.0000    	-0.23115134E-02	 0.11005860E-02
  4238.0000    	  4239.0000    	-0.17564216E-02	 0.11827993E-02
  4239.0000    	  4240.0000    	-0.26187168E-02	 0.10393580E-02
  4240.0000    	  4241.0000    	-0.14370385E-02	 0.10469882E-02
  4241.0000    	  4242.0000    	-0.13841959E-02	 0.10372515E-02
  4242.0000    	  4243.0000    	-0.18457667E-02	 0.82661515E-03
  4243.0000    	  4244.0000    	-0.17488805E-02	 0.70372905E-03
  4244.0000    	  4245.0000    	-0.18509815E-02	 0.59718612E-03
  4245.0000    	  4246.0000    	-0.11409606E-02	 0.56432924E-03
  4246.0000    	  4247.0000    	-0.45920310E-02	 0.14839495E-02
  4247.0000    	  4248.0000    	-0.29172063E-02	 0.13666233E-02
  4248.0000    	  4249.0000    	-0.42277208E-02	 0.11297909E-02
  4249.0000    	  4250.0000    	-0.71564799E-03	 0.11921427E-02
  4250.0000    	  4251.0000    	-0.14757850E-02	 0.11266161E-02
  4251.0000    	  4252.0000    	-0.23255644E-02	 0.98678341E-03
  4252.0000    	  4253.0000    	-0.22350104E-02	 0.11116461E-02
  4253.0000    	  4254.0000    	-0.36893465E-02	 0.77582900E-03
  4254.0000    	  4255.0000    	-0.25851472E-02	 0.73990481E-03
  4255.0000    	  4256.0000    	 0.24787497E-03	 0.65257917E-03
  4256.0000    	  4257.0000    	-0.91844269E-03	 0.56257790E-03
  4257.0000    	  4258.0000    	-0.36392457E-02	 0.13154481E-02
  4258.0000    	  4259.0000    	-0.41991924E-02	 0.11428838E-02
  4259.0000    	  4260.0000    	-0.30050888E-02	 0.10317777E-02
  4260.0000    	  4261.0000    	-0.46668957E-02	 0.12301709E-02
  4261.0000    	  4262.0000    	-0.69611487E-03	 0.10010145E-02
  4262.0000    	  4263.0000    	-0.12650313E-02	 0.92113217E-03
  4263.0000    	  4264.0000    	-0.69681833E-03	 0.93618040E-03
  4264.0000    	  4265.0000    	-0.81666866E-03	 0.92593787E-03
  4265.0000    	  4266.0000    	-0.34575011E-03	 0.84964251E-03
  4266.0000    	  4267.0000    	-0.23378000E-02	 0.68465050E-03
  4267.0000    	  4268.0000    	-0.69439307E-03	 0.50565282E-03
  4268.0000    	  4269.0000    	-0.41014557E-02	 0.11412313E-02
  4269.0000    	  4270.0000    	-0.48211944E-02	 0.13300505E-02
  4270.0000    	  4271.0000    	-0.35033584E-02	 0.11275592E-02
  4271.0000    	  4272.0000    	-0.37338171E-03	 0.10600539E-02
  4272.0000    	  4273.0000    	-0.19985046E-02	 0.96566634E-03
  4273.0000    	  4274.0000    	-0.27173484E-02	 0.94539288E-03
  4274.0000    	  4275.0000    	-0.26621133E-02	 0.86884136E-03
  4275.0000    	  4276.0000    	-0.30865790E-02	 0.88314883E-03
  4276.0000    	  4277.0000    	-0.14491279E-02	 0.80598388E-03
  4277.0000    	  4278.0000    	-0.17853254E-03	 0.57714737E-03
  4278.0000    	  4279.0000    	-0.73876692E-04	 0.48036049E-03
  4279.0000    	  4280.0000    	-0.58743267E-02	 0.11424220E-02
  4280.0000    	  4281.0000    	-0.23485672E-02	 0.13527620E-02
  4281.0000    	  4282.0000    	-0.50539304E-02	 0.12855441E-02
  4282.0000    	  4283.0000    	-0.20244673E-02	 0.99550685E-03
  4283.0000    	  4284.0000    	-0.33011532E-02	 0.10324018E-02
  4284.0000    	  4285.0000    	-0.24940501E-02	 0.99202828E-03
  4285.0000    	  4286.0000    	-0.49835011E-02	 0.10075916E-02
  4286.0000    	  4287.0000    	-0.19228726E-02	 0.77909550E-03
  4287.0000    	  4288.0000    	-0.25881257E-02	 0.70480429E-03
  4288.0000    	  4289.0000    	-0.17336180E-02	 0.62585807E-03
  4289.0000    	  4290.0000    	-0.29446335E-03	 0.52658247E-03
  4290.0000    	  4291.0000    	-0.59702199E-02	 0.12634590E-02
  4291.0000    	  4292.0000    	-0.38110611E-02	 0.13590490E-02
  4292.0000    	  4293.0000    	-0.37646482E-02	 0.10595718E-02
  4293.0000    	  4294.0000    	-0.20658835E-02	 0.10266779E-02
  4294.0000    	  4295.0000    	-0.23996382E-02	 0.10128018E-02
  4295.0000    	  4296.0000    	-0.41661102E-02	 0.90851551E-03
  4296.0000    	  4297.0000    	-0.27857294E-02	 0.90945881E-03
  4297.0000    	  4298.0000    	-0.25941916E-02	 0.76661794E-03
  4298.0000    	  4299.0000    	-0.13389780E-02	 0.65381306E-03
  4299.0000    	  4300.0000    	-0.11116439E-02	 0.60817077E-03
  4300.0000    	  4301.0000    	-0.51703726E-03	 0.49995307E-03
  4301.0000    	  4302.0000    	-0.52512750E-02	 0.14578410E-02
  4302.0000    	  4303.0000    	-0.49781432E-02	 0.13132432E-02
  4303.0000    	  4304.0000    	-0.34787806E-02	 0.10434898E-02
  4304.0000    	  4305.0000    	-0.26222123E-02	 0.10803421E-02
  4305.0000    	  4306.0000    	-0.50780078E-02	 0.12106312E-02
  4306.0000    	  4307.0000    	-0.29318343E-02	 0.87018018E-03
  4307.0000    	  4308.0000    	-0.29803705E-02	 0.91640915E-03
  4308.0000    	  4309.0000    	 0.10083204E-02	 0.67063384E-03
  4309.0000    	  4310.0000    	-0.13013797E-02	 0.63301291E-03
  4310.0000    	  4311.0000    	-0.14181773E-02	 0.58789801E-03
  4311.0000    	  4312.0000    	-0.29829600E-03	 0.51455528E-03
  4312.0000    	  4313.0000    	-0.61881379E-02	 0.12521260E-02
  4313.0000    	  4314.0000    	-0.44886770E-02	 0.11788432E-02
  4314.0000    	  4315.0000    	-0.42866547E-02	 0.10595003E-02
  4315.0000    	  4316.0000    	-0.36381942E-02	 0.90779409E-03
  4316.0000    	  4317.0000    	-0.97475097E-03	 0.97371065E-03
  4317.0000    	  4318.0000    	-0.44189511E-02	 0.10161496E-02
  4318.0000    	  4319.0000    	-0.35021481E-02	 0.99073500E-03
  4319.0000    	  4320.0000    	-0.21715167E-02	 0.82096736E-03
  4320.0000    	  4321.0000    	-0.16103847E-02	 0.63198234E-03
  4321.0000    	  4322.0000    	-0.10589126E-02	 0.64899781E-03
  4322.0000    	  4323.0000    	 0.90201888E-04	 0.48228737E-03
  4323.0000    	  4324.0000    	-0.34327208E-02	 0.12470052E-02
  4324.0000    	  4325.0000    	-0.51788065E-02	 0.11980495E-02
  4325.0000    	  4326.0000    	-0.44347570E-02	 0.11045566E-02
  4326.0000    	  4327.0000    	-0.39683797E-02	 0.97310880E-03
  4327.0000    	  4328.0000    	-0.29615968E-02	 0.10275042E-02
  4328.0000    	  4329.0000    	-0.11086016E-02	 0.90142970E-03
  4329.0000    	  4330.0000    	-0.48407337E-02	 0.88482751E-03
  4330.0000    	  4331.0000    	-0.19949906E-02	 0.77282823E-03
  4331.0000    	  4332.0000    	-0.10735699E-02	 0.73987767E-03
  4332.0000    	  4333.0000    	-0.20254459E-02	 0.57181630E-03
  4333.0000    	  4334.0000    	-0.11601978E-02	 0.47170932E-03
  4334.0000    	  4335.0000    	-0.39680758E-02	 0.14016812E-02
  4335.0000    	  4336.0000    	-0.55303486E-02	 0.13724051E-02
  4336.0000    	  4337.0000    	-0.47324050E-02	 0.11908280E-02
  4337.0000    	  4338.0000    	-0.45559860E-02	 0.92705045E-03
  4338.0000    	  4339.0000    	-0.26679049E-02	 0.99420813E-03
  4339.0000    	  4340.0000    	-0.31141066E-02	 0.89351262E-03
  4340.0000    	  4341.0000    	-0.20429844E-02	 0.95069560E-03
  4341.0000    	  4342.0000    	-0.20446232E-02	 0.75131902E-03
  4342.0000    	  4343.0000    	-0.88210174E-03	 0.65446592E-03
  4343.0000    	  4344.0000    	-0.14291134E-02	 0.57408445E-03
  4344.0000    	  4345.0000    	 0.11044284E-03	 0.49858150E-03
  4345.0000    	  4346.0000    	-0.80721103E-02	 0.12149576E-02
  4346.0000    	  4347.0000    	-0.49356652E-02	 0.12098338E-02
  4347.0000    	  4348.0000    	-0.43264203E-02	 0.98533988E-03
  4348.0000    	  4349.0000    	-0.36342010E-02	 0.10846799E-02
  4349.0000    	  4350.0000    	-0.26183933E-02	 0.95597253E-03
  4350.0000    	  4351.0000    	-0.27454442E-02	 0.80415822E-03
  4351.0000    	  4352.0000    	-0.19291011E-02	 0.92098597E-03
  4352.0000    	  4353.0000    	-0.45123332E-03	 0.79660121E-03
  4353.0000    	  4354.0000    	-0.30594466E-02	 0.57719414E-03
  4354.0000    	  4355.0000    	-0.23527524E-02	 0.57375595E-03
  4355.0000    	  4356.0000    	 0.11387999E-04	 0.49367074E-03
  4356.0000    	  4357.0000    	-0.17231417E-02	 0.13164099E-02
  4357.0000    	  4358.0000    	-0.45368448E-02	 0.11742339E-02
  4358.0000    	  4359.0000    	-0.56129934E-02	 0.10498269E-02
  4359.0000    	  4360.0000    	-0.38019234E-02	 0.11696797E-02
  4360.0000    	  4361.0000    	-0.41508566E-02	 0.11990380E-02
  4361.0000    	  4362.0000    	-0.35639823E-02	 0.82108834E-03
  4362.0000    	  4363.0000    	-0.39288090E-02	 0.85945233E-03
  4363.0000    	  4364.0000    	-0.23103497E-02	 0.69288318E-03
  4364.0000    	  4365.0000    	-0.12258253E-02	 0.69954983E-03
  4365.0000    	  4366.0000    	-0.97115001E-03	 0.55259095E-03
  4366.0000    	  4367.0000    	-0.26224378E-03	 0.47732415E-03
  4367.0000    	  4368.0000    	-0.17200762E-02	 0.11477455E-02
  4368.0000    	  4369.0000    	-0.51957518E-02	 0.10863401E-02
  4369.0000    	  4370.0000    	-0.52118879E-02	 0.11699260E-02
  4370.0000    	  4371.0000    	-0.32289555E-02	 0.10318707E-02
  4371.0000    	  4372.0000    	-0.27958899E-02	 0.87000506E-03
  4372.0000    	  4373.0000    	-0.38077927E-02	 0.95029476E-03
  4373.0000    	  4374.0000    	-0.35539092E-02	 0.82163640E-03
  4374.0000    	  4375.0000    	-0.15943434E-02	 0.69406303E-03
  4375.0000    	  4376.0000    	-0.16325930E-02	 0.71830162E-03
  4376.0000    	  4377.0000    	-0.96534094E-03	 0.54839133E-03
  4377.0000    	  4378.0000    	-0.58964617E-03	 0.48813355E-03
  4378.0000    	  4379.0000    	-0.49735053E-02	 0.12488097E-02
  4379.0000    	  4380.0000    	-0.30681281E-02	 0.10360613E-02
  4380.0000    	  4381.0000    	-0.43945621E-02	 0.11090917E-02
  4381.0000    	  4382.0000    	-0.35259376E-02	 0.99725329E-03
  4382.0000    	  4383.0000    	-0.39132452E-02	 0.96590584E-03
  4383.0000    	  4384.0000    	-0.30757974E-02	 0.93591348E-03
  4384.0000    	  4385.0000    	-0.24205797E-02	 0.86364799E-03
  4385.0000    	  4386.0000    	-0.29353581E-02	 0.71303468E-03
  4386.0000    	  4387.0000    	-0.21838067E-02	 0.68662730E-03
  4387.0000    	  4388.0000    	-0.17797551E-02	 0.56088528E-03
  4388.0000    	  4389.0000    	-0.50554056E-03	 0.47145777E-03
  4389.0000    	  4390.0000    	-0.54807291E-02	 0.12475669E-02
  4390.0000    	  4391.0000    	-0.60788091E-02	 0.12146067E-02
  4391.0000    	  4392.0000    	-0.42116565E-02	 0.10581830E-02
  4392.0000    	  4393.0000    	-0.45497323E-02	 0.94480521E-03
  4393.0000    	  4394.0000    	-0.21728294E-02	 0.95709208E-03
  4394.0000    	  4395.0000    	-0.28183641E-02	 0.86512744E-03
  4395.0000    	  4396.0000    	-0.22818660E-02	 0.75923351E-03
  4396.0000    	  4397.0000    	-0.37622175E-02	 0.74124271E-03
  4397.0000    	  4398.0000    	-0.10510702E-02	 0.60044460E-03
  4398.0000    	  4399.0000    	-0.81982367E-03	 0.54978974E-03
  4399.0000    	  4400.0000    	-0.38769690E-03	 0.51830450E-03
  4400.0000    	  4401.0000    	-0.62149740E-02	 0.12358249E-02
  4401.0000    	  4402.0000    	-0.41385200E-02	 0.11618309E-02
  4402.0000    	  4403.0000    	-0.30872204E-02	 0.10786351E-02
  4403.0000    	  4404.0000    	-0.25835766E-02	 0.96105983E-03
  4404.0000    	  4405.0000    	-0.23917417E-02	 0.91299606E-03
  4405.0000    	  4406.0000    	-0.26437541E-02	 0.82968799E-03
  4406.0000    	  4407.0000    	-0.27851301E-02	 0.75407015E-03
  4407.0000    	  4408.0000    	-0.20759090E-02	 0.67515274E-03
  4408.0000    	  4409.0000    	-0.16006318E-02	 0.62089178E-03
  4409.0000    	  4410.0000    	-0.11010669E-02	 0.58738427E-03
  4410.0000    	  4411.0000    	-0.99233883E-03	 0.42861730E-03
  4411.0000    	  4412.0000    	-0.34141163E-02	 0.12851840E-02
  4412.0000    	  4413.0000    	-0.34291286E-02	 0.13309826E-02
  4413.0000    	  4414.0000    	-0.31582039E-02	 0.96792161E-03
  4414.0000    	  4415.0000    	-0.39779224E-02	 0.95152081E-03
  4415.0000    	  4416.0000    	-0.28377205E-02	 0.10400147E-02
  4416.0000    	  4417.0000    	-0.27523015E-02	 0.75986882E-03
  4417.0000    	  4418.0000    	-0.29001138E-02	 0.70891557E-03
  4418.0000    	  4419.0000    	-0.19267903E-02	 0.72499480E-03
  4419.0000    	  4420.0000    	-0.11903748E-02	 0.60830554E-03
  4420.0000    	  4421.0000    	-0.77153168E-03	 0.52490302E-03
  4421.0000    	  4422.0000    	 0.36867888E-03	 0.41895239E-03
  4422.0000    	  4423.0000    	-0.51851882E-02	 0.12427225E-02
  4423.0000    	  4424.0000    	-0.49319370E-02	 0.11640373E-02
  4424.0000    	  4425.0000    	-0.55352750E-02	 0.10479781E-02
  4425.0000    	  4426.0000    	-0.36524114E-02	 0.11071481E-02
  4426.0000    	  4427.0000    	-0.43542240E-02	 0.11179112E-02
  4427.0000    	  4428.0000    	-0.29053207E-02	 0.84913823E-03
  4428.0000    	  4429.0000    	-0.24540581E-02	 0.73398415E-03
  4429.0000    	  4430.0000    	-0.31785413E-02	 0.79733808E-03
  4430.0000    	  4431.0000    	-0.26882276E-02	 0.56096957E-03
  4431.0000    	  4432.0000    	-0.11984679E-02	 0.54161125E-03
  4432.0000    	  4433.0000    	-0.87594449E-03	 0.39987805E-03
  4433.0000    	  4434.0000    	-0.44796639E-02	 0.10783813E-02
  4434.0000    	  4435.0000    	-0.58286248E-02	 0.11818704E-02
  4435.0000    	  4436.0000    	-0.29239033E-02	 0.94665274E-03
  4436.0000    	  4437.0000    	-0.29307564E-02	 0.10887629E-02
  4437.0000    	  4438.0000    	-0.18651568E-02	 0.10277789E-02
  4438.0000    	  4439.0000    	-0.43366222E-02	 0.75109829E-03
  4439.0000    	  4440.0000    	-0.22518677E-02	 0.82390433E-03
  4440.0000    	  4441.0000    	-0.19993509E-02	 0.68974717E-03
  4441.0000    	  4442.0000    	-0.20961103E-02	 0.62295082E-03
  4442.0000    	  4443.0000    	-0.15838337E-02	 0.61089131E-03
  4443.0000    	  4444.0000    	-0.78034822E-03	 0.48615909E-03
  4444.0000    	  4445.0000    	-0.48379636E-02	 0.11898720E-02
  4445.0000    	  4446.0000    	-0.64183056E-02	 0.11572035E-02
  4446.0000    	  4447.0000    	-0.40744044E-02	 0.10162704E-02
  4447.0000    	  4448.0000    	-0.25126642E-02	 0.10078976E-02
  4448.0000    	  4449.0000    	-0.36905830E-02	 0.94755448E-03
  4449.0000    	  4450.0000    	-0.15823717E-02	 0.83882467E-03
  4450.0000    	  4451.0000    	-0.14946416E-02	 0.74999530E-03
  4451.0000    	  4452.0000    	-0.89735402E-03	 0.73210173E-03
  4452.0000    	  4453.0000    	-0.22398624E-02	 0.63389848E-03
  4453.0000    	  4454.0000    	-0.11200880E-02	 0.54618018E-03
  4454.0000    	  4455.0000    	-0.63704918E-03	 0.40852300E-03
  4455.0000    	  4456.0000    	-0.47404386E-02	 0.11838678E-02
  4456.0000    	  4457.0000    	-0.34428768E-02	 0.11336779E-02
  4457.0000    	  4458.0000    	-0.53082410E-02	 0.97855588E-03
  4458.0000    	  4459.0000    	-0.46534790E-02	 0.94681015E-03
  4459.0000    	  4460.0000    	-0.12124761E-02	 0.92589654E-03
  4460.0000    	  4461.0000    	-0.26878548E-02	 0.92238911E-03
  4461.0000    	  4462.0000    	-0.16704133E-02	 0.74384770E-03
  4462.0000    	  4463.0000    	-0.33609278E-02	 0.79165139E-03
  4463.0000    	  4464.0000    	-0.90959227E-03	 0.68124090E-03
  4464.0000    	  4465.0000    	-0.81719327E-03	 0.68937992E-03
  4465.0000    	  4466.0000    	-0.54276793E-03	 0.41198933E-03
  4466.0000    	  4467.0000    	-0.31552078E-02	 0.11093767E-02
  4467.0000    	  4468.0000    	-0.51362095E-02	 0.10551046E-02
  4468.0000    	  4469.0000    	-0.28087452E-02	 0.11161077E-02
  4469.0000    	  4470.0000    	-0.31937522E-02	 0.90103392E-03
  4470.0000    	  4471.0000    	-0.40459504E-02	 0.87601105E-03
  4471.0000    	  4472.0000    	-0.34500729E-02	 0.91028816E-03
  4472.0000    	  4473.0000    	-0.15125314E-02	 0.81969035E-03
  4473.0000    	  4474.0000    	-0.15979946E-02	 0.65577426E-03
  4474.0000    	  4475.0000    	-0.14905825E-02	 0.70904778E-03
  4475.0000    	  4476.0000    	-0.23589403E-02	 0.64913194E-03
  4476.0000    	  4477.0000    	-0.73848498E-03	 0.43767809E-03
  4477.0000    	  4478.0000    	-0.42452115E-02	 0.10379168E-02
  4478.0000    	  4479.0000    	-0.38123072E-02	 0.10983250E-02
  4479.0000    	  4480.0000    	-0.37358143E-02	 0.10137509E-02
  4480.0000    	  4481.0000    	-0.20309382E-02	 0.97824315E-03
  4481.0000    	  4482.0000    	-0.39986385E-02	 0.93926674E-03
  4482.0000    	  4483.0000    	-0.20945985E-02	 0.89732366E-03
  4483.0000    	  4484.0000    	-0.18322783E-02	 0.74164421E-03
  4484.0000    	  4485.0000    	-0.29267965E-02	 0.75069560E-03
  4485.0000    	  4486.0000    	-0.24899779E-02	 0.75728508E-03
  4486.0000    	  4487.0000    	-0.57518940E-03	 0.55961005E-03
  4487.0000    	  4488.0000    	-0.39688170E-03	 0.42979128E-03
  4488.0000    	  4489.0000    	-0.25607111E-02	 0.11567392E-02
  4489.0000    	  4490.0000    	-0.28759803E-02	 0.11883676E-02
  4490.0000    	  4491.0000    	-0.28842243E-02	 0.98225561E-03
  4491.0000    	  4492.0000    	-0.42348560E-02	 0.94464038E-03
  4492.0000    	  4493.0000    	-0.19221840E-02	 0.84222396E-03
  4493.0000    	  4494.0000    	-0.40694854E-02	 0.71960461E-03
  4494.0000    	  4495.0000    	-0.16944650E-02	 0.78326551E-03
  4495.0000    	  4496.0000    	-0.16469447E-02	 0.72415732E-03
  4496.0000    	  4497.0000    	-0.20514193E-02	 0.62851360E-03
  4497.0000    	  4498.0000    	-0.11129848E-02	 0.50983080E-03
  4498.0000    	  4499.0000    	-0.17739473E-02	 0.43633582E-03
  4499.0000    	  4500.0000    	-0.16977202E-02	 0.10952320E-02
  4500.0000    	  4501.0000    	-0.51187217E-02	 0.92748003E-03
  4501.0000    	  4502.0000    	-0.44066407E-02	 0.98239588E-03
  4502.0000    	  4503.0000    	-0.17053133E-02	 0.83543024E-03
  4503.0000    	  4504.0000    	-0.30987239E-02	 0.10790939E-02
  4504.0000    	  4505.0000    	-0.37559800E-02	 0.73338411E-03
  4505.0000    	  4506.0000    	-0.29629783E-02	 0.71348076E-03
  4506.0000    	  4507.0000    	-0.20211176E-02	 0.67898592E-03
  4507.0000    	  4508.0000    	-0.17382063E-02	 0.64714239E-03
  4508.0000    	  4509.0000    	-0.29956941E-03	 0.54333958E-03
  4509.0000    	  4510.0000    	-0.43735281E-03	 0.42054586E-03
  4510.0000    	  4511.0000    	-0.33557463E-02	 0.11829277E-02
  4511.0000    	  4512.0000    	-0.44163266E-02	 0.13027158E-02
  4512.0000    	  4513.0000    	-0.31816270E-02	 0.92415646E-03
  4513.0000    	  4514.0000    	-0.20930523E-02	 0.88322539E-03
  4514.0000    	  4515.0000    	-0.20860301E-03	 0.98414174E-03
  4515.0000    	  4516.0000    	-0.20084057E-02	 0.69702521E-03
  4516.0000    	  4517.0000    	-0.22416345E-02	 0.77530307E-03
  4517.0000    	  4518.0000    	-0.11473451E-02	 0.71791242E-03
  4518.0000    	  4519.0000    	-0.13563034E-02	 0.68319949E-03
  4519.0000    	  4520.0000    	-0.15426753E-02	 0.49506727E-03
  4520.0000    	  4521.0000    	-0.33856480E-05	 0.40082038E-03
  4521.0000    	  4522.0000    	-0.45418754E-02	 0.11058062E-02
  4522.0000    	  4523.0000    	-0.34901213E-02	 0.10859226E-02
  4523.0000    	  4524.0000    	-0.48156227E-02	 0.99797813E-03
  4524.0000    	  4525.0000    	-0.44016083E-02	 0.82593495E-03
  4525.0000    	  4526.0000    	-0.28422104E-02	 0.94266196E-03
  4526.0000    	  4527.0000    	-0.27246972E-02	 0.83165690E-03
  4527.0000    	  4528.0000    	-0.21695860E-02	 0.76800070E-03
  4528.0000    	  4529.0000    	-0.20806039E-02	 0.68472681E-03
  4529.0000    	  4530.0000    	-0.16127919E-02	 0.62616300E-03
  4530.0000    	  4531.0000    	-0.10250295E-02	 0.48668842E-03
  4531.0000    	  4532.0000    	 0.19246958E-03	 0.48384611E-03
  4532.0000    	  4533.0000    	-0.39961491E-02	 0.10738197E-02
  4533.0000    	  4534.0000    	-0.43513120E-02	 0.95857743E-03
  4534.0000    	  4535.0000    	-0.60569961E-02	 0.10016342E-02
  4535.0000    	  4536.0000    	-0.32436475E-02	 0.87330129E-03
  4536.0000    	  4537.0000    	-0.33221005E-02	 0.93396909E-03
  4537.0000    	  4538.0000    	-0.25088455E-02	 0.84552119E-03
  4538.0000    	  4539.0000    	-0.27435605E-02	 0.71492985E-03
  4539.0000    	  4540.0000    	-0.24360497E-02	 0.66407208E-03
  4540.0000    	  4541.0000    	-0.26537683E-02	 0.68689928E-03
  4541.0000    	  4542.0000    	-0.13525461E-02	 0.50913087E-03
  4542.0000    	  4543.0000    	-0.28396674E-03	 0.39861068E-03
  4543.0000    	  4544.0000    	-0.30678506E-02	 0.11800862E-02
  4544.0000    	  4545.0000    	-0.31477013E-02	 0.10269139E-02
  4545.0000    	  4546.0000    	-0.31597709E-02	 0.97993964E-03
  4546.0000    	  4547.0000    	-0.18094154E-02	 0.97466553E-03
  4547.0000    	  4548.0000    	-0.41508358E-02	 0.88242287E-03
  4548.0000    	  4549.0000    	-0.31734716E-02	 0.10178614E-02
  4549.0000    	  4550.0000    	-0.27845432E-02	 0.69411274E-03
  4550.0000    	  4551.0000    	-0.22525037E-02	 0.66704365E-03
  4551.0000    	  4552.0000    	-0.20596755E-02	 0.58928851E-03
  4552.0000    	  4553.0000    	-0.27759810E-03	 0.56005321E-03
  4553.0000    	  4554.0000    	 0.12088799E-03	 0.38843278E-03
  4554.0000    	  4555.0000    	-0.54118494E-02	 0.11663624E-02
  4555.0000    	  4556.0000    	-0.29924926E-02	 0.12154666E-02
  4556.0000    	  4557.0000    	-0.23061572E-02	 0.95622307E-03
  4557.0000    	  4558.0000    	-0.42650741E-02	 0.99959211E-03
  4558.0000    	  4559.0000    	-0.35003373E-02	 0.81192857E-03
  4559.0000    	  4560.0000    	-0.27956925E-02	 0.81636283E-03
  4560.0000    	  4561.0000    	-0.92852058E-03	 0.70298692E-03
  4561.0000    	  4562.0000    	-0.76240940E-03	 0.61415754E-03
  4562.0000    	  4563.0000    	-0.38991986E-03	 0.71326982E-03
  4563.0000    	  4564.0000    	-0.15858526E-02	 0.51796826E-03
  4564.0000    	  4565.0000    	-0.27291861E-03	 0.43728847E-03
  4565.0000    	  4566.0000    	-0.34838751E-02	 0.11031653E-02
  4566.0000    	  4567.0000    	-0.26214914E-02	 0.10662287E-02
  4567.0000    	  4568.0000    	-0.40620426E-02	 0.99819810E-03
  4568.0000    	  4569.0000    	-0.45899684E-02	 0.98917753E-03
  4569.0000    	  4570.0000    	-0.43307433E-02	 0.85655755E-03
  4570.0000    	  4571.0000    	-0.27845473E-02	 0.70384156E-03
  4571.0000    	  4572.0000    	-0.16841329E-02	 0.82975996E-03
  4572.0000    	  4573.0000    	-0.24025285E-02	 0.63492421E-03
  4573.0000    	  4574.0000    	-0.16459522E-02	 0.58175429E-03
  4574.0000    	  4575.0000    	-0.13913091E-02	 0.47275414E-03
  4575.0000    	  4576.0000    	 0.78223401E-03	 0.37116117E-03
  4576.0000    	  4577.0000    	-0.33851784E-02	 0.10406653E-02
  4577.0000    	  4578.0000    	-0.35625385E-02	 0.11360595E-02
  4578.0000    	  4579.0000    	-0.32436534E-02	 0.97050828E-03
  4579.0000    	  4580.0000    	-0.15660792E-02	 0.11259839E-02
  4580.0000    	  4581.0000    	-0.28085033E-02	 0.77452262E-03
  4581.0000    	  4582.0000    	-0.26156816E-02	 0.81979268E-03
  4582.0000    	  4583.0000    	-0.26421552E-02	 0.82047843E-03
  4583.0000    	  4584.0000    	-0.16829946E-02	 0.65111221E-03
  4584.0000    	  4585.0000    	-0.18670738E-02	 0.56184982E-03
  4585.0000    	  4586.0000    	-0.97775962E-03	 0.47639835E-03
  4586.0000    	  4587.0000    	-0.88723667E-03	 0.40466618E-03
  4587.0000    	  4588.0000    	-0.32311021E-02	 0.11211286E-02
  4588.0000    	  4589.0000    	-0.41961232E-02	 0.11244540E-02
  4589.0000    	  4590.0000    	-0.46643410E-02	 0.96553079E-03
  4590.0000    	  4591.0000    	-0.30275993E-02	 0.90562637E-03
  4591.0000    	  4592.0000    	-0.36037036E-02	 0.76447997E-03
  4592.0000    	  4593.0000    	-0.40488487E-02	 0.85573201E-03
  4593.0000    	  4594.0000    	-0.29536137E-02	 0.71545782E-03
  4594.0000    	  4595.0000    	-0.17705568E-02	 0.78720940E-03
  4595.0000    	  4596.0000    	-0.55836592E-03	 0.58793348E-03
  4596.0000    	  4597.0000    	-0.87066937E-03	 0.45203469E-03
  4597.0000    	  4598.0000    	-0.94962641E-03	 0.40363515E-03
  4598.0000    	  4599.0000    	-0.31213913E-02	 0.10575140E-02
  4599.0000    	  4600.0000    	-0.36764138E-02	 0.11624810E-02
  4600.0000    	  4601.0000    	-0.31671548E-02	 0.93420644E-03
  4601.0000    	  4602.0000    	-0.45242434E-02	 0.88661067E-03
  4602.0000    	  4603.0000    	-0.30174658E-02	 0.84739762E-03
  4603.0000    	  4604.0000    	-0.20130803E-02	 0.84738997E-03
  4604.0000    	  4605.0000    	-0.20074482E-02	 0.78792947E-03
  4605.0000    	  4606.0000    	-0.19475547E-02	 0.56359061E-03
  4606.0000    	  4607.0000    	-0.10534249E-02	 0.59644500E-03
  4607.0000    	  4608.0000    	 0.46079667E-05	 0.47911190E-03
  4608.0000    	  4609.0000    	-0.19262521E-02	 0.44863700E-03
  4609.0000    	  4610.0000    	-0.26830864E-02	 0.10827668E-02
  4610.0000    	  4611.0000    	-0.31954238E-02	 0.10973461E-02
  4611.0000    	  4612.0000    	-0.43814696E-02	 0.80726063E-03
  4612.0000    	  4613.0000    	-0.43550748E-02	 0.93868846E-03
  4613.0000    	  4614.0000    	-0.23900459E-02	 0.10792352E-02
  4614.0000    	  4615.0000    	-0.27490532E-02	 0.94244926E-03
  4615.0000    	  4616.0000    	-0.15021373E-02	 0.76122730E-03
  4616.0000    	  4617.0000    	-0.23092887E-02	 0.80084226E-03
  4617.0000    	  4618.0000    	-0.14746191E-02	 0.57361381E-03
  4618.0000    	  4619.0000    	-0.12757987E-02	 0.42980374E-03
  4619.0000    	  4620.0000    	-0.12011770E-02	 0.39701510E-03
  4620.0000    	  4621.0000    	-0.18907326E-02	 0.99730383E-03
  4621.0000    	  4622.0000    	-0.43825541E-02	 0.11053219E-02
  4622.0000    	  4623.0000    	-0.17215672E-02	 0.91449578E-03
  4623.0000    	  4624.0000    	-0.43430246E-02	 0.97213595E-03
  4624.0000    	  4625.0000    	-0.33104835E-02	 0.89514383E-03
  4625.0000    	  4626.0000    	-0.33382759E-02	 0.94498633E-03
  4626.0000    	  4627.0000    	-0.19841622E-02	 0.68506535E-03
  4627.0000    	  4628.0000    	-0.27914720E-03	 0.69624283E-03
  4628.0000    	  4629.0000    	-0.82791579E-03	 0.64362997E-03
  4629.0000    	  4630.0000    	-0.11723763E-02	 0.48551435E-03
  4630.0000    	  4631.0000    	-0.15051465E-03	 0.37196409E-03
  4631.0000    	  4632.0000    	-0.45097433E-02	 0.10174076E-02
  4632.0000    	  4633.0000    	-0.43677030E-02	 0.10028154E-02
  4633.0000    	  4634.0000    	-0.38878427E-02	 0.91084940E-03
  4634.0000    	  4635.0000    	-0.38643119E-02	 0.92149985E-03
  4635.0000    	  4636.0000    	-0.32194151E-02	 0.85353359E-03
  4636.0000    	  4637.0000    	-0.27194481E-02	 0.79230703E-03
  4637.0000    	  4638.0000    	-0.23502412E-02	 0.83984895E-03
  4638.0000    	  4639.0000    	-0.30236877E-02	 0.63565251E-03
  4639.0000    	  4640.0000    	-0.10542971E-02	 0.57447217E-03
  4640.0000    	  4641.0000    	-0.32450499E-03	 0.44575867E-03
  4641.0000    	  4642.0000    	-0.21293221E-03	 0.42286647E-03
  4642.0000    	  4643.0000    	-0.33909745E-02	 0.10325450E-02
  4643.0000    	  4644.0000    	-0.34571124E-02	 0.10622962E-02
  4644.0000    	  4645.0000    	-0.43672260E-02	 0.90738072E-03
  4645.0000    	  4646.0000    	-0.26332735E-02	 0.94155932E-03
  4646.0000    	  4647.0000    	-0.16441222E-02	 0.86307375E-03
  4647.0000    	  4648.0000    	-0.34365298E-02	 0.86057392E-03
  4648.0000    	  4649.0000    	-0.23411510E-02	 0.71189008E-03
  4649.0000    	  4650.0000    	-0.14611876E-02	 0.68774176E-03
  4650.0000    	  4651.0000    	-0.18659490E-02	 0.59250992E-03
  4651.0000    	  4652.0000    	-0.12761884E-02	 0.46421684E-03
  4652.0000    	  4653.0000    	-0.11295381E-02	 0.43960705E-03
  4653.0000    	  4654.0000    	-0.38221482E-02	 0.10832561E-02
  4654.0000    	  4655.0000    	-0.33326111E-02	 0.99784814E-03
  4655.0000    	  4656.0000    	-0.30094559E-02	 0.97478508E-03
  4656.0000    	  4657.0000    	-0.20959347E-02	 0.90890944E-03
  4657.0000    	  4658.0000    	-0.30392570E-02	 0.88318453E-03
  4658.0000    	  4659.0000    	-0.90595277E-03	 0.78645941E-03
  4659.0000    	  4660.0000    	-0.25845300E-02	 0.90945696E-03
  4660.0000    	  4661.0000    	-0.93996498E-03	 0.60904527E-03
  4661.0000    	  4662.0000    	-0.14621152E-02	 0.52041925E-03
  4662.0000    	  4663.0000    	-0.12074268E-02	 0.46571204E-03
  4663.0000    	  4664.0000    	-0.12486169E-02	 0.39750646E-03
  4664.0000    	  4665.0000    	-0.28714176E-02	 0.11849695E-02
  4665.0000    	  4666.0000    	-0.65009184E-02	 0.97397007E-03
  4666.0000    	  4667.0000    	-0.41423931E-02	 0.98020631E-03
  4667.0000    	  4668.0000    	-0.38145085E-02	 0.89850609E-03
  4668.0000    	  4669.0000    	-0.25167036E-02	 0.95988945E-03
  4669.0000    	  4670.0000    	-0.15818797E-02	 0.76464931E-03
  4670.0000    	  4671.0000    	-0.21384048E-02	 0.66930959E-03
  4671.0000    	  4672.0000    	-0.20281533E-02	 0.70239001E-03
  4672.0000    	  4673.0000    	-0.22292768E-02	 0.56721774E-03
  4673.0000    	  4674.0000    	-0.11192971E-02	 0.47059389E-03
  4674.0000    	  4675.0000    	-0.11727623E-02	 0.40115858E-03
  4675.0000    	  4676.0000    	-0.41758134E-02	 0.10272582E-02
  4676.0000    	  4677.0000    	-0.36289861E-04	 0.11486391E-02
  4677.0000    	  4678.0000    	-0.29210885E-02	 0.10223500E-02
  4678.0000    	  4679.0000    	-0.27088613E-02	 0.90992119E-03
  4679.0000    	  4680.0000    	-0.32201122E-02	 0.99712635E-03
  4680.0000    	  4681.0000    	-0.29564445E-02	 0.77266258E-03
  4681.0000    	  4682.0000    	 0.52074512E-04	 0.92915736E-03
  4682.0000    	  4683.0000    	-0.23736116E-02	 0.73385783E-03
  4683.0000    	  4684.0000    	-0.18071577E-02	 0.58178336E-03
  4684.0000    	  4685.0000    	-0.18706401E-03	 0.43609680E-03
  4685.0000    	  4686.0000    	 0.30360921E-04	 0.45449122E-03
  4686.0000    	  4687.0000    	-0.32309510E-02	 0.10912586E-02
  4687.0000    	  4688.0000    	-0.37308592E-02	 0.11353222E-02
  4688.0000    	  4689.0000    	-0.25853360E-02	 0.89328478E-03
  4689.0000    	  4690.0000    	-0.30894598E-02	 0.10158946E-02
  4690.0000    	  4691.0000    	-0.30692479E-02	 0.82665787E-03
  4691.0000    	  4692.0000    	-0.19649756E-02	 0.63421844E-03
  4692.0000    	  4693.0000    	-0.24224265E-02	 0.87764599E-03
  4693.0000    	  4694.0000    	-0.12463809E-02	 0.56346747E-03
  4694.0000    	  4695.0000    	-0.99486543E-04	 0.55650324E-03
  4695.0000    	  4696.0000    	-0.16528369E-02	 0.44003358E-03
  4696.0000    	  4697.0000    	-0.59107581E-03	 0.43696565E-03
  4697.0000    	  4698.0000    	-0.30616504E-02	 0.98673069E-03
  4698.0000    	  4699.0000    	-0.39662049E-02	 0.10170891E-02
  4699.0000    	  4700.0000    	-0.23714877E-02	 0.10298884E-02
  4700.0000    	  4701.0000    	-0.28686734E-02	 0.93417087E-03
  4701.0000    	  4702.0000    	-0.23487016E-02	 0.74487158E-03
  4702.0000    	  4703.0000    	-0.23986435E-02	 0.69944736E-03
  4703.0000    	  4704.0000    	-0.12205858E-02	 0.64982498E-03
  4704.0000    	  4705.0000    	-0.22538350E-02	 0.58263678E-03
  4705.0000    	  4706.0000    	-0.72276662E-03	 0.51757755E-03
  4706.0000    	  4707.0000    	-0.12503288E-02	 0.43780256E-03
  4707.0000    	  4708.0000    	 0.25750842E-04	 0.38512456E-03
  4708.0000    	  4709.0000    	-0.26146133E-02	 0.96297111E-03
  4709.0000    	  4710.0000    	-0.25117015E-02	 0.11195497E-02
  4710.0000    	  4711.0000    	-0.50216017E-02	 0.10365634E-02
  4711.0000    	  4712.0000    	-0.35898895E-02	 0.84757931E-03
  4712.0000    	  4713.0000    	-0.24119412E-02	 0.76889530E-03
  4713.0000    	  4714.0000    	-0.14308025E-02	 0.72440673E-03
  4714.0000    	  4715.0000    	-0.23689085E-02	 0.70801499E-03
  4715.0000    	  4716.0000    	-0.21755921E-02	 0.55611084E-03
  4716.0000    	  4717.0000    	-0.16817131E-02	 0.51874710E-03
  4717.0000    	  4718.0000    	-0.10379596E-02	 0.44644613E-03
  4718.0000    	  4719.0000    	-0.70972952E-03	 0.35676244E-03
  4719.0000    	  4720.0000    	-0.27917794E-02	 0.93578598E-03
  4720.0000    	  4721.0000    	-0.25576846E-02	 0.97958221E-03
  4721.0000    	  4722.0000    	-0.40194477E-02	 0.94356697E-03
  4722.0000    	  4723.0000    	-0.25294686E-02	 0.87914172E-03
  4723.0000    	  4724.0000    	-0.31035025E-02	 0.82145559E-03
  4724.0000    	  4725.0000    	-0.26914306E-02	 0.75267231E-03
  4725.0000    	  4726.0000    	-0.25384493E-02	 0.75500939E-03
  4726.0000    	  4727.0000    	-0.14636910E-02	 0.58722342E-03
  4727.0000    	  4728.0000    	-0.57660408E-03	 0.54563120E-03
  4728.0000    	  4729.0000    	-0.43189160E-03	 0.49668688E-03
  4729.0000    	  4730.0000    	-0.50157011E-03	 0.40942585E-03
  4730.0000    	  4731.0000    	-0.37193122E-02	 0.94676836E-03
  4731.0000    	  4732.0000    	-0.38352425E-02	 0.10029004E-02
  4732.0000    	  4733.0000    	-0.28659595E-02	 0.89599138E-03
  4733.0000    	  4734.0000    	-0.28208988E-02	 0.79095109E-03
  4734.0000    	  4735.0000    	-0.34858222E-02	 0.81345722E-03
  4735.0000    	  4736.0000    	-0.18290183E-02	 0.74625163E-03
  4736.0000    	  4737.0000    	-0.18498887E-02	 0.71199411E-03
  4737.0000    	  4738.0000    	-0.15375891E-02	 0.50620316E-03
  4738.0000    	  4739.0000    	-0.79782078E-03	 0.53852263E-03
  4739.0000    	  4740.0000    	-0.19600258E-02	 0.51442474E-03
  4740.0000    	  4741.0000    	-0.88181046E-03	 0.35491863E-03
  4741.0000    	  4742.0000    	-0.28833672E-02	 0.91771919E-03
  4742.0000    	  4743.0000    	-0.23134686E-02	 0.98965697E-03
  4743.0000    	  4744.0000    	-0.30661936E-02	 0.97661043E-03
  4744.0000    	  4745.0000    	-0.36025855E-02	 0.92391190E-03
  4745.0000    	  4746.0000    	-0.21361260E-02	 0.80404574E-03
  4746.0000    	  4747.0000    	-0.23496696E-02	 0.71870068E-03
  4747.0000    	  4748.0000    	-0.29475592E-02	 0.64046824E-03
  4748.0000    	  4749.0000    	-0.15639160E-02	 0.59650564E-03
  4749.0000    	  4750.0000    	-0.11625446E-02	 0.55435653E-03
  4750.0000    	  4751.0000    	-0.15516463E-02	 0.50507962E-03
  4751.0000    	  4752.0000    	-0.55403694E-03	 0.35661776E-03
  4752.0000    	  4753.0000    	-0.27885734E-02	 0.89321907E-03
  4753.0000    	  4754.0000    	-0.36001397E-02	 0.88101886E-03
  4754.0000    	  4755.0000    	-0.25292985E-02	 0.89293650E-03
  4755.0000    	  4756.0000    	-0.29656602E-02	 0.91994568E-03
  4756.0000    	  4757.0000    	-0.41508675E-02	 0.87496040E-03
  4757.0000    	  4758.0000    	-0.43367319E-02	 0.88126629E-03
  4758.0000    	  4759.0000    	-0.11310953E-02	 0.71401895E-03
  4759.0000    	  4760.0000    	-0.17955128E-02	 0.70903295E-03
  4760.0000    	  4761.0000    	-0.76548600E-03	 0.51130044E-03
  4761.0000    	  4762.0000    	-0.28407982E-03	 0.46175197E-03
  4762.0000    	  4763.0000    	-0.73158233E-03	 0.38680800E-03
  4763.0000    	  4764.0000    	-0.54302398E-02	 0.11918970E-02
  4764.0000    	  4765.0000    	-0.40382604E-02	 0.10036728E-02
  4765.0000    	  4766.0000    	-0.32254655E-02	 0.77868724E-03
  4766.0000    	  4767.0000    	-0.20094551E-02	 0.97315080E-03
  4767.0000    	  4768.0000    	-0.27510075E-02	 0.86171957E-03
  4768.0000    	  4769.0000    	-0.29227378E-02	 0.84476286E-03
  4769.0000    	  4770.0000    	-0.84937983E-03	 0.73715448E-03
  4770.0000    	  4771.0000    	-0.74097518E-03	 0.58359070E-03
  4771.0000    	  4772.0000    	-0.13641719E-02	 0.47810441E-03
  4772.0000    	  4773.0000    	-0.17588751E-02	 0.44404493E-03
  4773.0000    	  4774.0000    	-0.60739803E-03	 0.37707408E-03
  4774.0000    	  4775.0000    	-0.29799507E-02	 0.87797075E-03
  4775.0000    	  4776.0000    	-0.22292435E-02	 0.94298642E-03
  4776.0000    	  4777.0000    	-0.28819952E-02	 0.81463050E-03
  4777.0000    	  4778.0000    	-0.36819774E-02	 0.99103919E-03
  4778.0000    	  4779.0000    	-0.31256557E-02	 0.70499172E-03
  4779.0000    	  4780.0000    	-0.22405082E-02	 0.82416890E-03
  4780.0000    	  4781.0000    	-0.30957496E-02	 0.62346573E-03
  4781.0000    	  4782.0000    	-0.19730771E-02	 0.56797633E-03
  4782.0000    	  4783.0000    	-0.14936557E-02	 0.52565232E-03
  4783.0000    	  4784.0000    	-0.88167738E-03	 0.42542896E-03
  4784.0000    	  4785.0000    	-0.38408368E-03	 0.40883148E-03
  4785.0000    	  4786.0000    	-0.28811453E-02	 0.85861738E-03
  4786.0000    	  4787.0000    	-0.43308520E-02	 0.90991519E-03
  4787.0000    	  4788.0000    	-0.22715152E-02	 0.76750984E-03
  4788.0000    	  4789.0000    	-0.20400943E-02	 0.78879366E-03
  4789.0000    	  4790.0000    	-0.18827443E-02	 0.79729491E-03
  4790.0000    	  4791.0000    	-0.23839700E-02	 0.68756583E-03
  4791.0000    	  4792.0000    	-0.26308626E-02	 0.74281286E-03
  4792.0000    	  4793.0000    	 0.22477325E-03	 0.67109824E-03
  4793.0000    	  4794.0000    	-0.14038656E-02	 0.57064001E-03
  4794.0000    	  4795.0000    	-0.79121391E-03	 0.48652725E-03
  4795.0000    	  4796.0000    	-0.87865568E-03	 0.41529059E-03
  4796.0000    	  4797.0000    	-0.52696966E-02	 0.87364525E-03
  4797.0000    	  4798.0000    	-0.30788847E-02	 0.10236835E-02
  4798.0000    	  4799.0000    	-0.36973585E-02	 0.92540646E-03
  4799.0000    	  4800.0000    	-0.30861315E-02	 0.78832604E-03
  4800.0000    	  4801.0000    	-0.28710595E-02	 0.68118297E-03
  4801.0000    	  4802.0000    	-0.22612212E-02	 0.73775387E-03
  4802.0000    	  4803.0000    	-0.21424244E-02	 0.70466722E-03
  4803.0000    	  4804.0000    	-0.13554393E-02	 0.61748888E-03
  4804.0000    	  4805.0000    	-0.88698154E-03	 0.50385928E-03
  4805.0000    	  4806.0000    	-0.36288260E-03	 0.47206911E-03
  4806.0000    	  4807.0000    	-0.32642557E-03	 0.34444440E-03
  4807.0000    	  4808.0000    	-0.15221213E-02	 0.88185715E-03
  4808.0000    	  4809.0000    	-0.56786727E-02	 0.10053272E-02
  4809.0000    	  4810.0000    	-0.16857097E-02	 0.10053849E-02
  4810.0000    	  4811.0000    	-0.33691791E-02	 0.76345518E-03
  4811.0000    	  4812.0000    	-0.25771855E-02	 0.71737320E-03
  4812.0000    	  4813.0000    	-0.13338967E-02	 0.74491178E-03
  4813.0000    	  4814.0000    	-0.60232182E-03	 0.61445801E-03
  4814.0000    	  4815.0000    	-0.10116061E-02	 0.58890008E-03
  4815.0000    	  4816.0000    	-0.98916777E-03	 0.56807014E-03
  4816.0000    	  4817.0000    	-0.21413280E-03	 0.38465163E-03
  4817.0000    	  4818.0000    	-0.10869226E-03	 0.37412026E-03
  4818.0000    	  4819.0000    	-0.26771726E-02	 0.10340342E-02
  4819.0000    	  4820.0000    	-0.21935377E-02	 0.77247358E-03
  4820.0000    	  4821.0000    	-0.33121347E-02	 0.94351139E-03
  4821.0000    	  4822.0000    	-0.23865444E-02	 0.84446128E-03
  4822.0000    	  4823.0000    	-0.16545816E-02	 0.77169603E-03
  4823.0000    	  4824.0000    	-0.23045481E-02	 0.75565215E-03
  4824.0000    	  4825.0000    	-0.10575970E-02	 0.69545993E-03
  4825.0000    	  4826.0000    	-0.23521066E-02	 0.59826262E-03
  4826.0000    	  4827.0000    	-0.16368896E-02	 0.49495336E-03
  4827.0000    	  4828.0000    	-0.92621059E-03	 0.47681737E-03
  4828.0000    	  4829.0000    	-0.12612602E-02	 0.35947558E-03
  4829.0000    	  4830.0000    	-0.28403305E-02	 0.10078324E-02
  4830.0000    	  4831.0000    	-0.19042483E-02	 0.89414266E-03
  4831.0000    	  4832.0000    	-0.33779752E-02	 0.75969116E-03
  4832.0000    	  4833.0000    	-0.19449012E-02	 0.81593175E-03
  4833.0000    	  4834.0000    	-0.25940116E-02	 0.83714108E-03
  4834.0000    	  4835.0000    	-0.15399538E-02	 0.69186110E-03
  4835.0000    	  4836.0000    	-0.23490170E-02	 0.64352073E-03
  4836.0000    	  4837.0000    	-0.20440902E-02	 0.52445278E-03
  4837.0000    	  4838.0000    	-0.74903164E-03	 0.59094186E-03
  4838.0000    	  4839.0000    	-0.98133744E-04	 0.46603020E-03
  4839.0000    	  4840.0000    	-0.30778649E-03	 0.35252272E-03
  4840.0000    	  4841.0000    	-0.33606422E-02	 0.89178743E-03
  4841.0000    	  4842.0000    	-0.33069793E-02	 0.10049539E-02
  4842.0000    	  4843.0000    	-0.23294355E-02	 0.81639775E-03
  4843.0000    	  4844.0000    	-0.31750440E-02	 0.88973230E-03
  4844.0000    	  4845.0000    	-0.30144655E-02	 0.84985789E-03
  4845.0000    	  4846.0000    	-0.35134793E-02	 0.66508261E-03
  4846.0000    	  4847.0000    	-0.94437698E-03	 0.76101535E-03
  4847.0000    	  4848.0000    	-0.15515584E-02	 0.57096037E-03
  4848.0000    	  4849.0000    	-0.11834135E-02	 0.49600905E-03
  4849.0000    	  4850.0000    	-0.10538369E-02	 0.48065492E-03
  4850.0000    	  4851.0000    	-0.41872468E-03	 0.34759089E-03
  4851.0000    	  4852.0000    	-0.43884383E-02	 0.98959472E-03
  4852.0000    	  4853.0000    	-0.29209039E-02	 0.90676168E-03
  4853.0000    	  4854.0000    	-0.15213530E-02	 0.87656947E-03
  4854.0000    	  4855.0000    	-0.22823991E-02	 0.88237156E-03
  4855.0000    	  4856.0000    	-0.26300078E-02	 0.73251046E-03
  4856.0000    	  4857.0000    	-0.13545256E-02	 0.72239488E-03
  4857.0000    	  4858.0000    	-0.25019369E-02	 0.65755362E-03
  4858.0000    	  4859.0000    	-0.21365730E-02	 0.72465687E-03
  4859.0000    	  4860.0000    	-0.29703684E-03	 0.46398560E-03
  4860.0000    	  4861.0000    	-0.67141999E-03	 0.51213787E-03
  4861.0000    	  4862.0000    	-0.47731604E-04	 0.33991862E-03
  4862.0000    	  4863.0000    	-0.17193023E-02	 0.97145995E-03
  4863.0000    	  4864.0000    	-0.25626603E-02	 0.80241755E-03
  4864.0000    	  4865.0000    	-0.35364737E-02	 0.86182053E-03
  4865.0000    	  4866.0000    	-0.26628820E-02	 0.91093496E-03
  4866.0000    	  4867.0000    	-0.21277413E-02	 0.70812312E-03
  4867.0000    	  4868.0000    	-0.20850451E-02	 0.60933787E-03
  4868.0000    	  4869.0000    	-0.14404076E-02	 0.62503447E-03
  4869.0000    	  4870.0000    	-0.12409568E-02	 0.70476740E-03
  4870.0000    	  4871.0000    	-0.12998975E-02	 0.56474370E-03
  4871.0000    	  4872.0000    	-0.11127159E-02	 0.41252163E-03
  4872.0000    	  4873.0000    	 0.45657973E-03	 0.31948789E-03
  4873.0000    	  4874.0000    	-0.18119390E-02	 0.89374452E-03
  4874.0000    	  4875.0000    	-0.40911146E-02	 0.83652995E-03
  4875.0000    	  4876.0000    	-0.26097301E-02	 0.10296632E-02
  4876.0000    	  4877.0000    	-0.18999518E-02	 0.89527084E-03
  4877.0000    	  4878.0000    	-0.21261313E-02	 0.78251927E-03
  4878.0000    	  4879.0000    	-0.21884792E-02	 0.74252560E-03
  4879.0000    	  4880.0000    	-0.18582336E-02	 0.57333486E-03
  4880.0000    	  4881.0000    	-0.13385095E-02	 0.57433119E-03
  4881.0000    	  4882.0000    	-0.93166042E-03	 0.58191365E-03
  4882.0000    	  4883.0000    	-0.21349577E-03	 0.45749788E-03
  4883.0000    	  4884.0000    	-0.63860795E-03	 0.37615483E-03
  4884.0000    	  4885.0000    	-0.31291467E-02	 0.92331589E-03
  4885.0000    	  4886.0000    	-0.47508697E-02	 0.86276948E-03
  4886.0000    	  4887.0000    	-0.27295413E-02	 0.79562807E-03
  4887.0000    	  4888.0000    	-0.33997186E-02	 0.79015199E-03
  4888.0000    	  4889.0000    	-0.28406549E-02	 0.74972030E-03
  4889.0000    	  4890.0000    	-0.16732926E-02	 0.68054668E-03
  4890.0000    	  4891.0000    	-0.15576718E-02	 0.57303095E-03
  4891.0000    	  4892.0000    	-0.11400410E-02	 0.54109585E-03
  4892.0000    	  4893.0000    	 0.23502252E-03	 0.49234153E-03
  4893.0000    	  4894.0000    	-0.45575701E-03	 0.40484817E-03
  4894.0000    	  4895.0000    	-0.63940704E-03	 0.30426177E-03
  4895.0000    	  4896.0000    	-0.30457773E-02	 0.91317972E-03
  4896.0000    	  4897.0000    	-0.30075488E-02	 0.73820596E-03
  4897.0000    	  4898.0000    	-0.26326881E-02	 0.92109913E-03
  4898.0000    	  4899.0000    	-0.18426781E-02	 0.85844467E-03
  4899.0000    	  4900.0000    	-0.27977672E-02	 0.67109514E-03
  4900.0000    	  4901.0000    	-0.12620395E-02	 0.62466879E-03
  4901.0000    	  4902.0000    	-0.20581907E-02	 0.65066105E-03
  4902.0000    	  4903.0000    	-0.17025460E-02	 0.54365844E-03
  4903.0000    	  4904.0000    	-0.19307580E-02	 0.47397265E-03
  4904.0000    	  4905.0000    	-0.86983084E-03	 0.35824439E-03
  4905.0000    	  4906.0000    	-0.19104950E-03	 0.33781613E-03
  4906.0000    	  4907.0000    	-0.23919770E-02	 0.79035124E-03
  4907.0000    	  4908.0000    	-0.32334157E-02	 0.90256244E-03
  4908.0000    	  4909.0000    	-0.32477979E-02	 0.78689320E-03
  4909.0000    	  4910.0000    	-0.26837272E-02	 0.76372680E-03
  4910.0000    	  4911.0000    	-0.24659064E-02	 0.64576545E-03
  4911.0000    	  4912.0000    	-0.18537381E-02	 0.66983121E-03
  4912.0000    	  4913.0000    	-0.27508082E-02	 0.65379553E-03
  4913.0000    	  4914.0000    	-0.19555492E-02	 0.54907905E-03
  4914.0000    	  4915.0000    	-0.15093451E-02	 0.46691896E-03
  4915.0000    	  4916.0000    	 0.49863226E-03	 0.35718706E-03
  4916.0000    	  4917.0000    	-0.89541191E-04	 0.29012762E-03
  4917.0000    	  4918.0000    	-0.27587051E-02	 0.78909678E-03
  4918.0000    	  4919.0000    	-0.33236190E-02	 0.87585716E-03
  4919.0000    	  4920.0000    	-0.40248014E-02	 0.83122405E-03
  4920.0000    	  4921.0000    	-0.22981474E-02	 0.70612663E-03
  4921.0000    	  4922.0000    	-0.19337121E-02	 0.70239503E-03
  4922.0000    	  4923.0000    	-0.18951116E-02	 0.66435794E-03
  4923.0000    	  4924.0000    	-0.12580940E-02	 0.61024327E-03
  4924.0000    	  4925.0000    	-0.14703039E-02	 0.55515529E-03
  4925.0000    	  4926.0000    	-0.12039562E-02	 0.44531899E-03
  4926.0000    	  4927.0000    	-0.10332609E-02	 0.38578246E-03
  4927.0000    	  4928.0000    	-0.82070705E-04	 0.35350909E-03
  4928.0000    	  4929.0000    	-0.35749730E-02	 0.88484952E-03
  4929.0000    	  4930.0000    	-0.26981481E-02	 0.94391791E-03
  4930.0000    	  4931.0000    	-0.22416651E-02	 0.66513132E-03
  4931.0000    	  4932.0000    	-0.18586682E-02	 0.75223473E-03
  4932.0000    	  4933.0000    	-0.20962713E-02	 0.71513902E-03
  4933.0000    	  4934.0000    	-0.21837574E-02	 0.68500297E-03
  4934.0000    	  4935.0000    	-0.92577794E-03	 0.66400428E-03
  4935.0000    	  4936.0000    	-0.17847477E-02	 0.52128459E-03
  4936.0000    	  4937.0000    	-0.38722913E-03	 0.46348690E-03
  4937.0000    	  4938.0000    	-0.22326589E-03	 0.38128847E-03
  4938.0000    	  4939.0000    	-0.33705145E-03	 0.32643752E-03
  4939.0000    	  4940.0000    	-0.30010704E-02	 0.84070513E-03
  4940.0000    	  4941.0000    	-0.35113116E-02	 0.90772137E-03
  4941.0000    	  4942.0000    	-0.29793731E-02	 0.64406370E-03
  4942.0000    	  4943.0000    	-0.27843587E-02	 0.74032274E-03
  4943.0000    	  4944.0000    	-0.24320449E-02	 0.74117939E-03
  4944.0000    	  4945.0000    	-0.16330134E-02	 0.68361168E-03
  4945.0000    	  4946.0000    	-0.14755053E-02	 0.81175947E-03
  4946.0000    	  4947.0000    	-0.15440007E-02	 0.63528625E-03
  4947.0000    	  4948.0000    	-0.64571369E-03	 0.52216488E-03
  4948.0000    	  4949.0000    	-0.79654024E-03	 0.41420311E-03
  4949.0000    	  4950.0000    	-0.13649632E-02	 0.35780473E-03
  4950.0000    	  4951.0000    	-0.15939132E-02	 0.85618083E-03
  4951.0000    	  4952.0000    	-0.21604892E-02	 0.82445853E-03
  4952.0000    	  4953.0000    	-0.23459399E-02	 0.79000317E-03
  4953.0000    	  4954.0000    	-0.20960136E-02	 0.79329651E-03
  4954.0000    	  4955.0000    	-0.18169917E-02	 0.80013385E-03
  4955.0000    	  4956.0000    	-0.20845013E-02	 0.75734735E-03
  4956.0000    	  4957.0000    	-0.25777388E-02	 0.58646851E-03
  4957.0000    	  4958.0000    	-0.12468283E-02	 0.51136857E-03
  4958.0000    	  4959.0000    	-0.12356482E-02	 0.44994962E-03
  4959.0000    	  4960.0000    	-0.51144157E-03	 0.44549937E-03
  4960.0000    	  4961.0000    	-0.34296200E-03	 0.32529809E-03
  4961.0000    	  4962.0000    	-0.36588060E-02	 0.86095126E-03
  4962.0000    	  4963.0000    	-0.14858636E-02	 0.79268041E-03
  4963.0000    	  4964.0000    	-0.14299924E-02	 0.88111333E-03
  4964.0000    	  4965.0000    	-0.26536841E-02	 0.71295419E-03
  4965.0000    	  4966.0000    	-0.25135289E-02	 0.70538551E-03
  4966.0000    	  4967.0000    	-0.11928820E-02	 0.68409285E-03
  4967.0000    	  4968.0000    	-0.17521733E-02	 0.57469737E-03
  4968.0000    	  4969.0000    	-0.12834758E-02	 0.58864225E-03
  4969.0000    	  4970.0000    	-0.13682410E-02	 0.48737229E-03
  4970.0000    	  4971.0000    	-0.26086287E-03	 0.46032734E-03
  4971.0000    	  4972.0000    	-0.31335981E-03	 0.30353252E-03
  4972.0000    	  4973.0000    	-0.25383536E-02	 0.90306070E-03
  4973.0000    	  4974.0000    	-0.27614955E-02	 0.85358506E-03
  4974.0000    	  4975.0000    	-0.20972271E-02	 0.74255843E-03
  4975.0000    	  4976.0000    	-0.23757332E-02	 0.68830751E-03
  4976.0000    	  4977.0000    	-0.18299675E-02	 0.83424076E-03
  4977.0000    	  4978.0000    	-0.20489911E-02	 0.80561928E-03
  4978.0000    	  4979.0000    	-0.12281290E-02	 0.63204168E-03
  4979.0000    	  4980.0000    	-0.94738149E-03	 0.49341777E-03
  4980.0000    	  4981.0000    	-0.83126897E-03	 0.53067962E-03
  4981.0000    	  4982.0000    	-0.92117350E-03	 0.39683079E-03
  4982.0000    	  4983.0000    	-0.11058517E-02	 0.35167721E-03
  4983.0000    	  4984.0000    	-0.21877719E-02	 0.91931910E-03
  4984.0000    	  4985.0000    	-0.27897963E-02	 0.87022260E-03
  4985.0000    	  4986.0000    	-0.30916902E-02	 0.85444502E-03
  4986.0000    	  4987.0000    	-0.28304499E-02	 0.70468831E-03
  4987.0000    	  4988.0000    	-0.11718222E-02	 0.74000834E-03
  4988.0000    	  4989.0000    	-0.33752408E-02	 0.64510256E-03
  4989.0000    	  4990.0000    	-0.21805397E-02	 0.56554180E-03
  4990.0000    	  4991.0000    	-0.84608909E-03	 0.53547208E-03
  4991.0000    	  4992.0000    	-0.22762008E-03	 0.40817806E-03
  4992.0000    	  4993.0000    	-0.63151592E-03	 0.33837397E-03
  4993.0000    	  4994.0000    	-0.69494278E-03	 0.32600744E-03
  4994.0000    	  4995.0000    	-0.14227019E-02	 0.79509677E-03
  4995.0000    	  4996.0000    	-0.18478199E-02	 0.74106361E-03
  4996.0000    	  4997.0000    	-0.30934898E-02	 0.83605338E-03
  4997.0000    	  4998.0000    	-0.16452129E-02	 0.66362743E-03
  4998.0000    	  4999.0000    	-0.21641125E-02	 0.64765876E-03
  4999.0000    	  5000.0000    	-0.24875899E-02	 0.62195372E-03
  5000.0000    	  5001.0000    	-0.84430774E-03	 0.64821228E-03
  5001.0000    	  5002.0000    	-0.84404470E-03	 0.54511875E-03
  5002.0000    	  5003.0000    	-0.88551362E-03	 0.43365166E-03
  5003.0000    	  5004.0000    	-0.83386005E-03	 0.37526228E-03
  5004.0000    	  5005.0000    	 0.40439304E-04	 0.30717504E-03
  5005.0000    	  5006.0000    	-0.33649253E-02	 0.81443165E-03
  5006.0000    	  5007.0000    	-0.28134046E-02	 0.72142736E-03
  5007.0000    	  5008.0000    	-0.27128971E-02	 0.67361387E-03
  5008.0000    	  5009.0000    	-0.32083851E-02	 0.64280682E-03
  5009.0000    	  5010.0000    	-0.31299207E-02	 0.75472496E-03
  5010.0000    	  5011.0000    	-0.19186916E-02	 0.63889714E-03
  5011.0000    	  5012.0000    	-0.27687270E-02	 0.71998252E-03
  5012.0000    	  5013.0000    	-0.66245633E-03	 0.50227929E-03
  5013.0000    	  5014.0000    	-0.11132414E-02	 0.49750857E-03
  5014.0000    	  5015.0000    	-0.68307896E-03	 0.39995421E-03
  5015.0000    	  5016.0000    	-0.48283327E-03	 0.25554012E-03
  5016.0000    	  5017.0000    	-0.14691295E-02	 0.92353225E-03
  5017.0000    	  5018.0000    	-0.24176597E-02	 0.82997804E-03
  5018.0000    	  5019.0000    	-0.32693503E-02	 0.74690961E-03
  5019.0000    	  5020.0000    	-0.10868584E-02	 0.74312054E-03
  5020.0000    	  5021.0000    	-0.20236183E-02	 0.66028736E-03
  5021.0000    	  5022.0000    	-0.18996298E-02	 0.56971702E-03
  5022.0000    	  5023.0000    	-0.14209638E-02	 0.65039094E-03
  5023.0000    	  5024.0000    	-0.11099492E-02	 0.61595100E-03
  5024.0000    	  5025.0000    	-0.61287101E-03	 0.50542332E-03
  5025.0000    	  5026.0000    	-0.51487108E-03	 0.36418504E-03
  5026.0000    	  5027.0000    	-0.51127904E-03	 0.31125459E-03
  5027.0000    	  5028.0000    	-0.40933775E-02	 0.91052059E-03
  5028.0000    	  5029.0000    	-0.31615325E-02	 0.87805615E-03
  5029.0000    	  5030.0000    	-0.25771685E-02	 0.77785730E-03
  5030.0000    	  5031.0000    	-0.17738114E-02	 0.61247695E-03
  5031.0000    	  5032.0000    	-0.15202945E-02	 0.64491887E-03
  5032.0000    	  5033.0000    	-0.10663437E-02	 0.66613779E-03
  5033.0000    	  5034.0000    	-0.26493517E-02	 0.55164010E-03
  5034.0000    	  5035.0000    	-0.14944893E-02	 0.42294612E-03
  5035.0000    	  5036.0000    	-0.12331324E-02	 0.48048014E-03
  5036.0000    	  5037.0000    	-0.40561145E-03	 0.37884337E-03
  5037.0000    	  5038.0000    	-0.10243270E-03	 0.36048740E-03
  5038.0000    	  5039.0000    	-0.29265255E-02	 0.10255565E-02
  5039.0000    	  5040.0000    	-0.26544246E-02	 0.78559853E-03
  5040.0000    	  5041.0000    	-0.27433985E-02	 0.84040336E-03
  5041.0000    	  5042.0000    	-0.29023732E-02	 0.72607789E-03
  5042.0000    	  5043.0000    	-0.23552567E-02	 0.68773996E-03
  5043.0000    	  5044.0000    	-0.23630210E-02	 0.63052324E-03
  5044.0000    	  5045.0000    	-0.18671776E-02	 0.56116885E-03
  5045.0000    	  5046.0000    	-0.39893490E-03	 0.48134315E-03
  5046.0000    	  5047.0000    	-0.54035157E-03	 0.39687772E-03
  5047.0000    	  5048.0000    	-0.85063831E-03	 0.35743019E-03
  5048.0000    	  5049.0000    	-0.76294886E-03	 0.34547637E-03
  5049.0000    	  5050.0000    	-0.45603615E-02	 0.95412087E-03
  5050.0000    	  5051.0000    	-0.29426987E-02	 0.79265446E-03
  5051.0000    	  5052.0000    	-0.23651473E-02	 0.83054245E-03
  5052.0000    	  5053.0000    	-0.30035389E-02	 0.76700786E-03
  5053.0000    	  5054.0000    	-0.11289435E-02	 0.65598446E-03
  5054.0000    	  5055.0000    	-0.13871569E-02	 0.60135625E-03
  5055.0000    	  5056.0000    	-0.16410788E-02	 0.54452298E-03
  5056.0000    	  5057.0000    	-0.18596197E-02	 0.53096154E-03
  5057.0000    	  5058.0000    	-0.13574072E-02	 0.42947443E-03
  5058.0000    	  5059.0000    	 0.31526421E-03	 0.40796423E-03
  5059.0000    	  5060.0000    	-0.22083204E-03	 0.29082788E-03
  5060.0000    	  5061.0000    	-0.11271213E-02	 0.10441611E-02
  5061.0000    	  5062.0000    	-0.89739192E-03	 0.74496360E-03
  5062.0000    	  5063.0000    	-0.30917518E-02	 0.84951430E-03
  5063.0000    	  5064.0000    	-0.25418824E-02	 0.62167299E-03
  5064.0000    	  5065.0000    	-0.15132323E-02	 0.62340915E-03
  5065.0000    	  5066.0000    	-0.10058171E-02	 0.63912844E-03
  5066.0000    	  5067.0000    	-0.21565476E-02	 0.57071413E-03
  5067.0000    	  5068.0000    	-0.14309179E-02	 0.48655468E-03
  5068.0000    	  5069.0000    	-0.56731725E-03	 0.39656241E-03
  5069.0000    	  5070.0000    	 0.10951507E-03	 0.40772200E-03
  5070.0000    	  5071.0000    	-0.45266679E-04	 0.28177081E-03
  5071.0000    	  5072.0000    	-0.10257227E-02	 0.89392998E-03
  5072.0000    	  5073.0000    	-0.37518350E-02	 0.80793304E-03
  5073.0000    	  5074.0000    	-0.12744597E-02	 0.81646704E-03
  5074.0000    	  5075.0000    	-0.23924595E-02	 0.71664689E-03
  5075.0000    	  5076.0000    	-0.14215318E-02	 0.67184025E-03
  5076.0000    	  5077.0000    	-0.17770595E-02	 0.71308804E-03
  5077.0000    	  5078.0000    	-0.21926000E-02	 0.59137201E-03
  5078.0000    	  5079.0000    	-0.29837099E-03	 0.53312340E-03
  5079.0000    	  5080.0000    	-0.18704469E-02	 0.45806006E-03
  5080.0000    	  5081.0000    	-0.14920773E-03	 0.35374433E-03
  5081.0000    	  5082.0000    	-0.63257313E-03	 0.29473515E-03
  5082.0000    	  5083.0000    	-0.17757021E-02	 0.89341420E-03
  5083.0000    	  5084.0000    	-0.24297928E-02	 0.73688632E-03
  5084.0000    	  5085.0000    	-0.45579744E-02	 0.74420884E-03
  5085.0000    	  5086.0000    	-0.12811477E-02	 0.66661046E-03
  5086.0000    	  5087.0000    	-0.24811530E-02	 0.65508868E-03
  5087.0000    	  5088.0000    	-0.12945303E-02	 0.66202315E-03
  5088.0000    	  5089.0000    	-0.82511452E-03	 0.55290598E-03
  5089.0000    	  5090.0000    	-0.15832366E-02	 0.54852375E-03
  5090.0000    	  5091.0000    	-0.14102892E-03	 0.43496904E-03
  5091.0000    	  5092.0000    	-0.12711514E-02	 0.36029426E-03
  5092.0000    	  5093.0000    	-0.27845282E-03	 0.31845593E-03
  5093.0000    	  5094.0000    	-0.15370115E-02	 0.77345642E-03
  5094.0000    	  5095.0000    	-0.53698652E-03	 0.83544477E-03
  5095.0000    	  5096.0000    	-0.89842442E-03	 0.71210626E-03
  5096.0000    	  5097.0000    	-0.29984402E-02	 0.66668620E-03
  5097.0000    	  5098.0000    	-0.14053477E-02	 0.61617146E-03
  5098.0000    	  5099.0000    	-0.25884320E-02	 0.61629702E-03
  5099.0000    	  5100.0000    	-0.12789870E-02	 0.54406191E-03
  5100.0000    	  5101.0000    	-0.10060623E-02	 0.49357736E-03
  5101.0000    	  5102.0000    	-0.11039487E-02	 0.46967296E-03
  5102.0000    	  5103.0000    	-0.15452253E-03	 0.32851307E-03
  5103.0000    	  5104.0000    	-0.27451967E-03	 0.31236994E-03
  5104.0000    	  5105.0000    	-0.32887707E-02	 0.87182145E-03
  5105.0000    	  5106.0000    	-0.21058284E-02	 0.75316401E-03
  5106.0000    	  5107.0000    	-0.19689456E-02	 0.71672175E-03
  5107.0000    	  5108.0000    	-0.26097401E-02	 0.68167615E-03
  5108.0000    	  5109.0000    	-0.21087722E-02	 0.57114427E-03
  5109.0000    	  5110.0000    	-0.13968804E-02	 0.61064710E-03
  5110.0000    	  5111.0000    	-0.19425736E-02	 0.53887556E-03
  5111.0000    	  5112.0000    	-0.11427045E-02	 0.49781478E-03
  5112.0000    	  5113.0000    	-0.16024285E-02	 0.46025969E-03
  5113.0000    	  5114.0000    	-0.64235420E-03	 0.32441552E-03
  5114.0000    	  5115.0000    	 0.66782371E-05	 0.30406238E-03
  5115.0000    	  5116.0000    	-0.20397367E-02	 0.89188578E-03
  5116.0000    	  5117.0000    	-0.14182166E-02	 0.77810394E-03
  5117.0000    	  5118.0000    	-0.21789915E-02	 0.61763858E-03
  5118.0000    	  5119.0000    	-0.13681285E-02	 0.66402382E-03
  5119.0000    	  5120.0000    	-0.23391855E-02	 0.64389739E-03
  5120.0000    	  5121.0000    	-0.19741104E-02	 0.52352734E-03
  5121.0000    	  5122.0000    	-0.25799183E-03	 0.62292340E-03
  5122.0000    	  5123.0000    	-0.52620707E-03	 0.56749292E-03
  5123.0000    	  5124.0000    	-0.71970720E-03	 0.45627344E-03
  5124.0000    	  5125.0000    	-0.57416367E-03	 0.37240831E-03
  5125.0000    	  5126.0000    	-0.46621083E-03	 0.28493515E-03
  5126.0000    	  5127.0000    	-0.18561074E-02	 0.83021838E-03
  5127.0000    	  5128.0000    	-0.30954373E-02	 0.80505400E-03
  5128.0000    	  5129.0000    	-0.24784208E-02	 0.67837192E-03
  5129.0000    	  5130.0000    	-0.14944205E-02	 0.70373375E-03
  5130.0000    	  5131.0000    	-0.21708697E-02	 0.60188694E-03
  5131.0000    	  5132.0000    	-0.12845395E-02	 0.59389604E-03
  5132.0000    	  5133.0000    	-0.10698426E-02	 0.52776958E-03
  5133.0000    	  5134.0000    	-0.15664212E-02	 0.49777304E-03
  5134.0000    	  5135.0000    	-0.46632222E-03	 0.40483525E-03
  5135.0000    	  5136.0000    	-0.18514820E-03	 0.35060251E-03
  5136.0000    	  5137.0000    	-0.49040094E-03	 0.30943879E-03
  5137.0000    	  5138.0000    	-0.33370957E-02	 0.78407605E-03
  5138.0000    	  5139.0000    	-0.33180147E-02	 0.68370639E-03
  5139.0000    	  5140.0000    	-0.11493645E-02	 0.74818288E-03
  5140.0000    	  5141.0000    	-0.21800164E-02	 0.68604535E-03
  5141.0000    	  5142.0000    	-0.16197134E-02	 0.75660658E-03
  5142.0000    	  5143.0000    	-0.12140614E-02	 0.48347030E-03
  5143.0000    	  5144.0000    	-0.10817478E-02	 0.64031283E-03
  5144.0000    	  5145.0000    	-0.10910981E-02	 0.50874173E-03
  5145.0000    	  5146.0000    	-0.55181454E-03	 0.44473222E-03
  5146.0000    	  5147.0000    	-0.62086197E-03	 0.32131781E-03
  5147.0000    	  5148.0000    	-0.30352470E-03	 0.25129323E-03
  5148.0000    	  5149.0000    	-0.35722267E-02	 0.79765917E-03
  5149.0000    	  5150.0000    	-0.39815111E-02	 0.85317668E-03
  5150.0000    	  5151.0000    	-0.34577607E-02	 0.64096088E-03
  5151.0000    	  5152.0000    	-0.17413888E-02	 0.69854820E-03
  5152.0000    	  5153.0000    	-0.24614454E-02	 0.74448967E-03
  5153.0000    	  5154.0000    	-0.20192529E-02	 0.52168963E-03
  5154.0000    	  5155.0000    	-0.11837518E-02	 0.56117312E-03
  5155.0000    	  5156.0000    	-0.64442434E-03	 0.52623228E-03
  5156.0000    	  5157.0000    	-0.10222134E-02	 0.44881277E-03
  5157.0000    	  5158.0000    	-0.78414264E-03	 0.38970620E-03
  5158.0000    	  5159.0000    	-0.42665508E-03	 0.28782306E-03
  5159.0000    	  5160.0000    	-0.16483156E-02	 0.83812811E-03
  5160.0000    	  5161.0000    	-0.11931624E-02	 0.72496588E-03
  5161.0000    	  5162.0000    	-0.15884843E-02	 0.67310205E-03
  5162.0000    	  5163.0000    	-0.19965141E-02	 0.66355020E-03
  5163.0000    	  5164.0000    	-0.19867811E-02	 0.67268818E-03
  5164.0000    	  5165.0000    	-0.20646864E-02	 0.52611625E-03
  5165.0000    	  5166.0000    	-0.16869943E-02	 0.53508756E-03
  5166.0000    	  5167.0000    	-0.17350248E-02	 0.50664688E-03
  5167.0000    	  5168.0000    	-0.72527362E-03	 0.45036238E-03
  5168.0000    	  5169.0000    	-0.34824655E-03	 0.35970314E-03
  5169.0000    	  5170.0000    	-0.37811616E-03	 0.28993093E-03
  5170.0000    	  5171.0000    	-0.20014966E-03	 0.87717025E-03
  5171.0000    	  5172.0000    	-0.27404445E-02	 0.72150081E-03
  5172.0000    	  5173.0000    	-0.20136803E-02	 0.71950147E-03
  5173.0000    	  5174.0000    	-0.18050942E-02	 0.69970315E-03
  5174.0000    	  5175.0000    	-0.17278757E-02	 0.59693548E-03
  5175.0000    	  5176.0000    	-0.14194709E-02	 0.59087135E-03
  5176.0000    	  5177.0000    	-0.63681189E-03	 0.48932739E-03
  5177.0000    	  5178.0000    	-0.84401685E-03	 0.43430444E-03
  5178.0000    	  5179.0000    	-0.47206220E-03	 0.45250037E-03
  5179.0000    	  5180.0000    	-0.61476658E-03	 0.41418174E-03
  5180.0000    	  5181.0000    	 0.10332908E-03	 0.28900134E-03
  5181.0000    	  5182.0000    	-0.25571492E-02	 0.80697228E-03
  5182.0000    	  5183.0000    	-0.27651701E-02	 0.77667240E-03
  5183.0000    	  5184.0000    	-0.24147700E-02	 0.65601876E-03
  5184.0000    	  5185.0000    	-0.34188084E-02	 0.63324104E-03
  5185.0000    	  5186.0000    	-0.15300897E-02	 0.58119058E-03
  5186.0000    	  5187.0000    	-0.18424184E-02	 0.59669758E-03
  5187.0000    	  5188.0000    	-0.22288974E-02	 0.53458869E-03
  5188.0000    	  5189.0000    	-0.12947489E-03	 0.46473752E-03
  5189.0000    	  5190.0000    	 0.18494333E-03	 0.45869486E-03
  5190.0000    	  5191.0000    	-0.75958145E-03	 0.39655254E-03
  5191.0000    	  5192.0000    	 0.10100741E-03	 0.28781914E-03
  5192.0000    	  5193.0000    	-0.13772105E-02	 0.83020569E-03
  5193.0000    	  5194.0000    	-0.29993058E-02	 0.78687847E-03
  5194.0000    	  5195.0000    	-0.10638734E-02	 0.64811630E-03
  5195.0000    	  5196.0000    	-0.21558764E-02	 0.62906159E-03
  5196.0000    	  5197.0000    	-0.24973047E-02	 0.61992224E-03
  5197.0000    	  5198.0000    	-0.17695955E-02	 0.60116489E-03
  5198.0000    	  5199.0000    	-0.12415323E-02	 0.58011443E-03
  5199.0000    	  5200.0000    	-0.23229227E-02	 0.46622227E-03
  5200.0000    	  5201.0000    	-0.18578981E-03	 0.41798557E-03
  5201.0000    	  5202.0000    	-0.58143623E-03	 0.43412006E-03
  5202.0000    	  5203.0000    	-0.59943153E-03	 0.28670967E-03
  5203.0000    	  5204.0000    	-0.27347123E-02	 0.75651922E-03
  5204.0000    	  5205.0000    	-0.17388566E-02	 0.83942681E-03
  5205.0000    	  5206.0000    	-0.21777266E-02	 0.61378479E-03
  5206.0000    	  5207.0000    	-0.17221788E-02	 0.74315294E-03
  5207.0000    	  5208.0000    	-0.20246682E-02	 0.65692591E-03
  5208.0000    	  5209.0000    	-0.22013326E-02	 0.52240229E-03
  5209.0000    	  5210.0000    	-0.22670004E-02	 0.56171497E-03
  5210.0000    	  5211.0000    	-0.60483215E-03	 0.48394173E-03
  5211.0000    	  5212.0000    	-0.14034968E-02	 0.45935597E-03
  5212.0000    	  5213.0000    	 0.17386915E-03	 0.30395150E-03
  5213.0000    	  5214.0000    	-0.47272566E-03	 0.22712528E-03
  5214.0000    	  5215.0000    	-0.29625009E-02	 0.69897773E-03
  5215.0000    	  5216.0000    	-0.14899416E-02	 0.58890113E-03
  5216.0000    	  5217.0000    	-0.13545661E-02	 0.61563309E-03
  5217.0000    	  5218.0000    	-0.17711889E-02	 0.75154020E-03
  5218.0000    	  5219.0000    	-0.18044625E-02	 0.63207110E-03
  5219.0000    	  5220.0000    	-0.17306734E-02	 0.59839859E-03
  5220.0000    	  5221.0000    	-0.16891379E-02	 0.54953530E-03
  5221.0000    	  5222.0000    	-0.11905117E-02	 0.47529318E-03
  5222.0000    	  5223.0000    	-0.11842458E-02	 0.39236422E-03
  5223.0000    	  5224.0000    	-0.10054464E-02	 0.37166625E-03
  5224.0000    	  5225.0000    	 0.30362614E-03	 0.20533023E-03
  5225.0000    	  5226.0000    	-0.13755054E-02	 0.74580684E-03
  5226.0000    	  5227.0000    	-0.21914137E-02	 0.79092727E-03
  5227.0000    	  5228.0000    	-0.25611794E-02	 0.57484168E-03
  5228.0000    	  5229.0000    	-0.11700696E-02	 0.65161870E-03
  5229.0000    	  5230.0000    	-0.13791062E-02	 0.62002503E-03
  5230.0000    	  5231.0000    	-0.13020925E-02	 0.61748570E-03
  5231.0000    	  5232.0000    	-0.89795884E-03	 0.61576764E-03
  5232.0000    	  5233.0000    	 0.24668075E-03	 0.45740882E-03
  5233.0000    	  5234.0000    	-0.70940253E-03	 0.38674502E-03
  5234.0000    	  5235.0000    	-0.23100437E-03	 0.33758241E-03
  5235.0000    	  5236.0000    	-0.18422357E-03	 0.27368038E-03
  5236.0000    	  5237.0000    	-0.21691510E-02	 0.72680403E-03
  5237.0000    	  5238.0000    	-0.26279874E-02	 0.69514090E-03
  5238.0000    	  5239.0000    	-0.33037503E-02	 0.70884181E-03
  5239.0000    	  5240.0000    	-0.16822294E-02	 0.73943099E-03
  5240.0000    	  5241.0000    	-0.17439101E-02	 0.60555377E-03
  5241.0000    	  5242.0000    	-0.11944039E-02	 0.61305995E-03
  5242.0000    	  5243.0000    	-0.66616886E-03	 0.60544877E-03
  5243.0000    	  5244.0000    	-0.20000230E-02	 0.47220710E-03
  5244.0000    	  5245.0000    	-0.14927961E-02	 0.42122207E-03
  5245.0000    	  5246.0000    	-0.67194461E-03	 0.34827668E-03
  5246.0000    	  5247.0000    	 0.83131019E-04	 0.21605658E-03
  5247.0000    	  5248.0000    	-0.26278564E-02	 0.67962701E-03
  5248.0000    	  5249.0000    	-0.11737945E-02	 0.70957146E-03
  5249.0000    	  5250.0000    	-0.26341886E-02	 0.71295105E-03
  5250.0000    	  5251.0000    	-0.12910983E-02	 0.78885757E-03
  5251.0000    	  5252.0000    	-0.19571116E-02	 0.62081151E-03
  5252.0000    	  5253.0000    	-0.11386623E-02	 0.66630335E-03
  5253.0000    	  5254.0000    	-0.16315663E-02	 0.57134732E-03
  5254.0000    	  5255.0000    	-0.64623030E-03	 0.49412312E-03
  5255.0000    	  5256.0000    	-0.13604622E-02	 0.48220740E-03
  5256.0000    	  5257.0000    	-0.79665977E-04	 0.31053302E-03
  5257.0000    	  5258.0000    	 0.17345326E-03	 0.20023414E-03
  5258.0000    	  5259.0000    	-0.16646712E-02	 0.63796494E-03
  5259.0000    	  5260.0000    	-0.17215007E-02	 0.81060141E-03
  5260.0000    	  5261.0000    	-0.17885174E-02	 0.69717310E-03
  5261.0000    	  5262.0000    	-0.20957654E-02	 0.64922058E-03
  5262.0000    	  5263.0000    	-0.32756867E-03	 0.78144250E-03
  5263.0000    	  5264.0000    	-0.23208181E-02	 0.65577195E-03
  5264.0000    	  5265.0000    	-0.18266024E-02	 0.50413863E-03
  5265.0000    	  5266.0000    	-0.17373255E-02	 0.45990064E-03
  5266.0000    	  5267.0000    	-0.33675205E-03	 0.46911153E-03
  5267.0000    	  5268.0000    	 0.60785626E-03	 0.35398277E-03
  5268.0000    	  5269.0000    	-0.86863163E-03	 0.25375506E-03
  5269.0000    	  5270.0000    	-0.27552683E-02	 0.69046130E-03
  5270.0000    	  5271.0000    	-0.22669175E-02	 0.79080781E-03
  5271.0000    	  5272.0000    	-0.16244128E-02	 0.67684538E-03
  5272.0000    	  5273.0000    	-0.18392255E-02	 0.64530864E-03
  5273.0000    	  5274.0000    	-0.21547581E-02	 0.68529271E-03
  5274.0000    	  5275.0000    	-0.17885955E-02	 0.54466955E-03
  5275.0000    	  5276.0000    	-0.90954837E-03	 0.55470826E-03
  5276.0000    	  5277.0000    	-0.77822037E-03	 0.43039363E-03
  5277.0000    	  5278.0000    	-0.50726750E-03	 0.42558099E-03
  5278.0000    	  5279.0000    	-0.52180259E-03	 0.36405706E-03
  5279.0000    	  5280.0000    	-0.30833554E-03	 0.28616921E-03
  5280.0000    	  5281.0000    	-0.23604388E-02	 0.86026179E-03
  5281.0000    	  5282.0000    	-0.14014973E-02	 0.79477188E-03
  5282.0000    	  5283.0000    	-0.31546915E-02	 0.64857588E-03
  5283.0000    	  5284.0000    	-0.17837429E-02	 0.57843386E-03
  5284.0000    	  5285.0000    	-0.24015929E-02	 0.57571305E-03
  5285.0000    	  5286.0000    	-0.79557129E-03	 0.62521672E-03
  5286.0000    	  5287.0000    	-0.14954885E-02	 0.46534677E-03
  5287.0000    	  5288.0000    	-0.11588608E-02	 0.50038848E-03
  5288.0000    	  5289.0000    	-0.72730120E-03	 0.39358056E-03
  5289.0000    	  5290.0000    	-0.51279927E-03	 0.28395090E-03
  5290.0000    	  5291.0000    	-0.35408484E-03	 0.25784402E-03
  5291.0000    	  5292.0000    	-0.18212408E-02	 0.77351670E-03
  5292.0000    	  5293.0000    	-0.23960776E-02	 0.80812891E-03
  5293.0000    	  5294.0000    	-0.28258663E-02	 0.65664155E-03
  5294.0000    	  5295.0000    	-0.11395942E-02	 0.54457724E-03
  5295.0000    	  5296.0000    	-0.11402363E-02	 0.61412029E-03
  5296.0000    	  5297.0000    	-0.85268809E-03	 0.58110490E-03
  5297.0000    	  5298.0000    	-0.16885626E-02	 0.47988194E-03
  5298.0000    	  5299.0000    	-0.13017213E-02	 0.42504135E-03
  5299.0000    	  5300.0000    	-0.65263210E-03	 0.44395866E-03
  5300.0000    	  5301.0000    	-0.32340408E-03	 0.33315094E-03
  5301.0000    	  5302.0000    	-0.27421888E-03	 0.26530773E-03
  5302.0000    	  5303.0000    	-0.18303534E-02	 0.79941965E-03
  5303.0000    	  5304.0000    	-0.16302376E-02	 0.72439703E-03
  5304.0000    	  5305.0000    	-0.16717650E-02	 0.56646577E-03
  5305.0000    	  5306.0000    	-0.21731116E-02	 0.65445437E-03
  5306.0000    	  5307.0000    	-0.21689521E-02	 0.65687297E-03
  5307.0000    	  5308.0000    	-0.16471562E-02	 0.51860349E-03
  5308.0000    	  5309.0000    	-0.81480645E-03	 0.48539071E-03
  5309.0000    	  5310.0000    	-0.92416834E-03	 0.46763042E-03
  5310.0000    	  5311.0000    	-0.74658529E-03	 0.45288290E-03
  5311.0000    	  5312.0000    	-0.95961146E-03	 0.32650923E-03
  5312.0000    	  5313.0000    	 0.26335258E-03	 0.22817505E-03
  5313.0000    	  5314.0000    	-0.15953838E-02	 0.77213148E-03
  5314.0000    	  5315.0000    	-0.16112351E-02	 0.68026312E-03
  5315.0000    	  5316.0000    	-0.89781723E-03	 0.60245387E-03
  5316.0000    	  5317.0000    	-0.78944751E-03	 0.71821832E-03
  5317.0000    	  5318.0000    	-0.11267261E-02	 0.59891449E-03
  5318.0000    	  5319.0000    	-0.87372489E-03	 0.58248772E-03
  5319.0000    	  5320.0000    	-0.75708541E-03	 0.48950231E-03
  5320.0000    	  5321.0000    	-0.57625921E-03	 0.45282907E-03
  5321.0000    	  5322.0000    	-0.93062721E-03	 0.42963995E-03
  5322.0000    	  5323.0000    	-0.28353357E-03	 0.34567068E-03
  5323.0000    	  5324.0000    	-0.35479840E-03	 0.30725250E-03
  5324.0000    	  5325.0000    	-0.30009085E-02	 0.75730732E-03
  5325.0000    	  5326.0000    	-0.22681289E-02	 0.64336087E-03
  5326.0000    	  5327.0000    	-0.24240571E-02	 0.67751510E-03
  5327.0000    	  5328.0000    	-0.20004897E-02	 0.64819949E-03
  5328.0000    	  5329.0000    	-0.10390592E-02	 0.58551291E-03
  5329.0000    	  5330.0000    	-0.17117931E-02	 0.56113753E-03
  5330.0000    	  5331.0000    	-0.56542826E-03	 0.49684547E-03
  5331.0000    	  5332.0000    	-0.11923690E-02	 0.58654187E-03
  5332.0000    	  5333.0000    	-0.41429509E-03	 0.38642255E-03
  5333.0000    	  5334.0000    	-0.31330552E-03	 0.31342350E-03
  5334.0000    	  5335.0000    	 0.87956746E-04	 0.22059902E-03
  5335.0000    	  5336.0000    	-0.22964041E-02	 0.74866691E-03
  5336.0000    	  5337.0000    	-0.31397021E-02	 0.66739836E-03
  5337.0000    	  5338.0000    	-0.12274673E-02	 0.63918672E-03
  5338.0000    	  5339.0000    	-0.23229996E-02	 0.62514731E-03
  5339.0000    	  5340.0000    	-0.97966420E-03	 0.62603479E-03
  5340.0000    	  5341.0000    	-0.13265952E-02	 0.52615569E-03
  5341.0000    	  5342.0000    	-0.10571249E-02	 0.42382945E-03
  5342.0000    	  5343.0000    	-0.53072014E-03	 0.56609056E-03
  5343.0000    	  5344.0000    	-0.95573365E-03	 0.39788353E-03
  5344.0000    	  5345.0000    	-0.45623355E-03	 0.34660412E-03
  5345.0000    	  5346.0000    	-0.12785131E-03	 0.22344839E-03
  5346.0000    	  5347.0000    	-0.12169889E-02	 0.70027453E-03
  5347.0000    	  5348.0000    	-0.20740453E-02	 0.63709525E-03
  5348.0000    	  5349.0000    	-0.20383068E-02	 0.66544038E-03
  5349.0000    	  5350.0000    	-0.81280621E-03	 0.68443583E-03
  5350.0000    	  5351.0000    	-0.17420664E-02	 0.54163604E-03
  5351.0000    	  5352.0000    	-0.15263957E-02	 0.56276129E-03
  5352.0000    	  5353.0000    	-0.99133725E-03	 0.51713238E-03
  5353.0000    	  5354.0000    	-0.94996266E-03	 0.41484083E-03
  5354.0000    	  5355.0000    	-0.86590637E-03	 0.39014388E-03
  5355.0000    	  5356.0000    	-0.78134794E-03	 0.29908964E-03
  5356.0000    	  5357.0000    	-0.83521233E-03	 0.31940733E-03
  5357.0000    	  5358.0000    	-0.28457705E-02	 0.83368589E-03
  5358.0000    	  5359.0000    	-0.16468626E-02	 0.67213012E-03
  5359.0000    	  5360.0000    	-0.10843943E-02	 0.62079883E-03
  5360.0000    	  5361.0000    	-0.18950421E-02	 0.58859478E-03
  5361.0000    	  5362.0000    	-0.19688727E-02	 0.54074568E-03
  5362.0000    	  5363.0000    	-0.11697387E-02	 0.53982155E-03
  5363.0000    	  5364.0000    	-0.18313670E-02	 0.44604535E-03
  5364.0000    	  5365.0000    	-0.32327329E-03	 0.52975459E-03
  5365.0000    	  5366.0000    	-0.68150396E-03	 0.38128487E-03
  5366.0000    	  5367.0000    	-0.68679845E-03	 0.35868858E-03
  5367.0000    	  5368.0000    	-0.12490427E-03	 0.29546394E-03
  5368.0000    	  5369.0000    	-0.29614643E-02	 0.75721009E-03
  5369.0000    	  5370.0000    	-0.21959113E-02	 0.62535615E-03
  5370.0000    	  5371.0000    	-0.14423682E-02	 0.60864438E-03
  5371.0000    	  5372.0000    	-0.26855329E-02	 0.60493605E-03
  5372.0000    	  5373.0000    	-0.12636152E-02	 0.58638905E-03
  5373.0000    	  5374.0000    	-0.19606206E-02	 0.56093750E-03
  5374.0000    	  5375.0000    	-0.14630266E-02	 0.55001974E-03
  5375.0000    	  5376.0000    	-0.92233540E-03	 0.45441395E-03
  5376.0000    	  5377.0000    	-0.37179633E-03	 0.33497578E-03
  5377.0000    	  5378.0000    	-0.50365744E-03	 0.27624570E-03
  5378.0000    	  5379.0000    	-0.82982390E-04	 0.22523700E-03
  5379.0000    	  5380.0000    	-0.13282515E-02	 0.72474022E-03
  5380.0000    	  5381.0000    	-0.18967837E-02	 0.67518714E-03
  5381.0000    	  5382.0000    	-0.22602344E-02	 0.63550890E-03
  5382.0000    	  5383.0000    	-0.13243287E-02	 0.55910809E-03
  5383.0000    	  5384.0000    	-0.19482748E-02	 0.49398670E-03
  5384.0000    	  5385.0000    	-0.71023746E-03	 0.48972823E-03
  5385.0000    	  5386.0000    	-0.19140890E-02	 0.47561959E-03
  5386.0000    	  5387.0000    	-0.13613534E-02	 0.41791096E-03
  5387.0000    	  5388.0000    	 0.29322396E-03	 0.39036075E-03
  5388.0000    	  5389.0000    	-0.54269319E-04	 0.29335320E-03
  5389.0000    	  5390.0000    	-0.32615626E-03	 0.22540667E-03
  5390.0000    	  5391.0000    	-0.17748465E-02	 0.68220297E-03
  5391.0000    	  5392.0000    	-0.19455226E-02	 0.66670937E-03
  5392.0000    	  5393.0000    	-0.19190601E-02	 0.72274556E-03
  5393.0000    	  5394.0000    	-0.19077808E-02	 0.61608444E-03
  5394.0000    	  5395.0000    	-0.11047448E-02	 0.50779658E-03
  5395.0000    	  5396.0000    	-0.13291681E-02	 0.60850599E-03
  5396.0000    	  5397.0000    	-0.30002143E-03	 0.47432583E-03
  5397.0000    	  5398.0000    	-0.29123748E-03	 0.49533174E-03
  5398.0000    	  5399.0000    	-0.15987600E-02	 0.35544493E-03
  5399.0000    	  5400.0000    	-0.42410207E-03	 0.32649898E-03
  5400.0000    	  5401.0000    	-0.51620285E-03	 0.26900476E-03
  5401.0000    	  5402.0000    	-0.90246770E-03	 0.71689965E-03
  5402.0000    	  5403.0000    	-0.20635913E-02	 0.69042827E-03
  5403.0000    	  5404.0000    	-0.96632081E-03	 0.67177791E-03
  5404.0000    	  5405.0000    	-0.22880551E-02	 0.62554208E-03
  5405.0000    	  5406.0000    	-0.12748558E-02	 0.47581929E-03
  5406.0000    	  5407.0000    	-0.10862730E-02	 0.46960288E-03
  5407.0000    	  5408.0000    	-0.45498001E-03	 0.44279882E-03
  5408.0000    	  5409.0000    	-0.11690075E-02	 0.40916237E-03
  5409.0000    	  5410.0000    	-0.65953606E-03	 0.39688983E-03
  5410.0000    	  5411.0000    	 0.24572806E-03	 0.34204359E-03
  5411.0000    	  5412.0000    	-0.39979982E-03	 0.26176946E-03
  5412.0000    	  5413.0000    	-0.18325523E-02	 0.63958570E-03
  5413.0000    	  5414.0000    	-0.54051553E-03	 0.69320946E-03
  5414.0000    	  5415.0000    	-0.18396990E-02	 0.65533108E-03
  5415.0000    	  5416.0000    	-0.16816686E-02	 0.50126243E-03
  5416.0000    	  5417.0000    	-0.17245775E-02	 0.56158704E-03
  5417.0000    	  5418.0000    	-0.17149176E-02	 0.56871395E-03
  5418.0000    	  5419.0000    	-0.94127010E-03	 0.42258784E-03
  5419.0000    	  5420.0000    	-0.69465718E-03	 0.43453714E-03
  5420.0000    	  5421.0000    	-0.27661614E-03	 0.34507678E-03
  5421.0000    	  5422.0000    	 0.92288077E-05	 0.32130491E-03
  5422.0000    	  5423.0000    	-0.38096730E-03	 0.21836250E-03
  5423.0000    	  5424.0000    	-0.10964975E-02	 0.64629512E-03
  5424.0000    	  5425.0000    	-0.29613852E-02	 0.68925837E-03
  5425.0000    	  5426.0000    	-0.16384038E-02	 0.66937372E-03
  5426.0000    	  5427.0000    	-0.18519078E-02	 0.68052860E-03
  5427.0000    	  5428.0000    	-0.21880482E-02	 0.66636007E-03
  5428.0000    	  5429.0000    	-0.20708909E-02	 0.49757914E-03
  5429.0000    	  5430.0000    	-0.18493518E-02	 0.45988230E-03
  5430.0000    	  5431.0000    	-0.10451910E-02	 0.43882731E-03
  5431.0000    	  5432.0000    	 0.90973119E-04	 0.31299843E-03
  5432.0000    	  5433.0000    	-0.68662817E-03	 0.32955038E-03
  5433.0000    	  5434.0000    	 0.16218269E-04	 0.22702076E-03
  5434.0000    	  5435.0000    	-0.24199620E-02	 0.66909617E-03
  5435.0000    	  5436.0000    	-0.10084046E-02	 0.63190810E-03
  5436.0000    	  5437.0000    	-0.61182991E-03	 0.61646203E-03
  5437.0000    	  5438.0000    	-0.11857142E-02	 0.50242555E-03
  5438.0000    	  5439.0000    	-0.97728197E-03	 0.68132045E-03
  5439.0000    	  5440.0000    	-0.89307353E-03	 0.49589407E-03
  5440.0000    	  5441.0000    	-0.12687186E-02	 0.48601717E-03
  5441.0000    	  5442.0000    	 0.48108578E-03	 0.43324161E-03
  5442.0000    	  5443.0000    	-0.39022263E-03	 0.40589531E-03
  5443.0000    	  5444.0000    	-0.91091311E-03	 0.31667155E-03
  5444.0000    	  5445.0000    	-0.39228972E-03	 0.21083109E-03
  5445.0000    	  5446.0000    	-0.22065845E-02	 0.75943793E-03
  5446.0000    	  5447.0000    	-0.30579481E-02	 0.65138652E-03
  5447.0000    	  5448.0000    	-0.16437172E-02	 0.64879943E-03
  5448.0000    	  5449.0000    	-0.20001806E-02	 0.60260853E-03
  5449.0000    	  5450.0000    	-0.22564249E-02	 0.58777166E-03
  5450.0000    	  5451.0000    	-0.52880453E-03	 0.55495797E-03
  5451.0000    	  5452.0000    	-0.84516634E-03	 0.45067345E-03
  5452.0000    	  5453.0000    	-0.10107154E-02	 0.47162407E-03
  5453.0000    	  5454.0000    	-0.80045519E-03	 0.33961628E-03
  5454.0000    	  5455.0000    	 0.23805803E-03	 0.29311487E-03
  5455.0000    	  5456.0000    	 0.84671771E-04	 0.22972607E-03
  5456.0000    	  5457.0000    	-0.17859753E-02	 0.71523325E-03
  5457.0000    	  5458.0000    	-0.10878332E-02	 0.60368406E-03
  5458.0000    	  5459.0000    	-0.18609771E-02	 0.61165896E-03
  5459.0000    	  5460.0000    	-0.12400178E-02	 0.52709323E-03
  5460.0000    	  5461.0000    	-0.22586117E-02	 0.59515868E-03
  5461.0000    	  5462.0000    	-0.13312850E-02	 0.46511581E-03
  5462.0000    	  5463.0000    	-0.94100048E-03	 0.48261355E-03
  5463.0000    	  5464.0000    	-0.12185227E-02	 0.40374297E-03
  5464.0000    	  5465.0000    	-0.29778704E-04	 0.36036364E-03
  5465.0000    	  5466.0000    	-0.20137815E-03	 0.30746853E-03
  5466.0000    	  5467.0000    	-0.23640746E-03	 0.23341925E-03
  5467.0000    	  5468.0000    	-0.11856040E-02	 0.68530873E-03
  5468.0000    	  5469.0000    	-0.16344080E-02	 0.55409620E-03
  5469.0000    	  5470.0000    	-0.23220942E-02	 0.67295954E-03
  5470.0000    	  5471.0000    	-0.19634791E-02	 0.48650780E-03
  5471.0000    	  5472.0000    	-0.12475329E-02	 0.59607037E-03
  5472.0000    	  5473.0000    	-0.14315109E-02	 0.44250361E-03
  5473.0000    	  5474.0000    	-0.76963200E-03	 0.51663778E-03
  5474.0000    	  5475.0000    	-0.55057823E-03	 0.41859862E-03
  5475.0000    	  5476.0000    	-0.78783445E-03	 0.34346219E-03
  5476.0000    	  5477.0000    	 0.25154040E-03	 0.32899681E-03
  5477.0000    	  5478.0000    	 0.10309026E-03	 0.25622208E-03
  5478.0000    	  5479.0000    	-0.16814546E-02	 0.59952172E-03
  5479.0000    	  5480.0000    	-0.29929862E-02	 0.62132513E-03
  5480.0000    	  5481.0000    	-0.28086852E-02	 0.62330130E-03
  5481.0000    	  5482.0000    	-0.10600218E-02	 0.53845587E-03
  5482.0000    	  5483.0000    	-0.11190518E-02	 0.54479634E-03
  5483.0000    	  5484.0000    	-0.53615380E-03	 0.47115605E-03
  5484.0000    	  5485.0000    	-0.32828647E-03	 0.46480572E-03
  5485.0000    	  5486.0000    	-0.72425631E-03	 0.46082946E-03
  5486.0000    	  5487.0000    	-0.30379260E-03	 0.39973140E-03
  5487.0000    	  5488.0000    	 0.20911404E-04	 0.27269539E-03
  5488.0000    	  5489.0000    	-0.22408695E-03	 0.23044276E-03
  5489.0000    	  5490.0000    	-0.14980943E-02	 0.63622017E-03
  5490.0000    	  5491.0000    	 0.14792388E-03	 0.68295162E-03
  5491.0000    	  5492.0000    	-0.16740393E-02	 0.56266519E-03
  5492.0000    	  5493.0000    	-0.14104086E-02	 0.52151897E-03
  5493.0000    	  5494.0000    	-0.16467116E-02	 0.46209444E-03
  5494.0000    	  5495.0000    	-0.90325102E-03	 0.41929477E-03
  5495.0000    	  5496.0000    	-0.11057502E-02	 0.45328377E-03
  5496.0000    	  5497.0000    	-0.63958326E-03	 0.39186907E-03
  5497.0000    	  5498.0000    	 0.19797732E-03	 0.28344410E-03
  5498.0000    	  5499.0000    	-0.49002843E-03	 0.29268579E-03
  5499.0000    	  5500.0000    	-0.29489167E-03	 0.26083636E-03
  5500.0000    	  5501.0000    	-0.27382097E-02	 0.61686036E-03
  5501.0000    	  5502.0000    	-0.18754692E-02	 0.64981345E-03
  5502.0000    	  5503.0000    	-0.11946372E-02	 0.62274107E-03
  5503.0000    	  5504.0000    	-0.11320204E-02	 0.71775346E-03
  5504.0000    	  5505.0000    	-0.89331726E-03	 0.47191979E-03
  5505.0000    	  5506.0000    	-0.45890360E-03	 0.51100167E-03
  5506.0000    	  5507.0000    	-0.12687948E-02	 0.40486236E-03
  5507.0000    	  5508.0000    	-0.87310678E-03	 0.42251601E-03
  5508.0000    	  5509.0000    	 0.17132428E-03	 0.34306327E-03
  5509.0000    	  5510.0000    	-0.22058821E-03	 0.21016367E-03
  5510.0000    	  5511.0000    	 0.43772919E-04	 0.21506492E-03
  5511.0000    	  5512.0000    	-0.15884849E-02	 0.66095089E-03
  5512.0000    	  5513.0000    	-0.16176956E-02	 0.76380707E-03
  5513.0000    	  5514.0000    	-0.93721365E-03	 0.58458787E-03
  5514.0000    	  5515.0000    	-0.19163952E-02	 0.60035111E-03
  5515.0000    	  5516.0000    	-0.16887144E-02	 0.47330886E-03
  5516.0000    	  5517.0000    	-0.16857059E-02	 0.56518133E-03
  5517.0000    	  5518.0000    	-0.11170160E-02	 0.48777573E-03
  5518.0000    	  5519.0000    	-0.89485126E-04	 0.38281053E-03
  5519.0000    	  5520.0000    	-0.83893645E-03	 0.34038429E-03
  5520.0000    	  5521.0000    	 0.34916612E-04	 0.27565276E-03
  5521.0000    	  5522.0000    	 0.17319680E-03	 0.17406139E-03
  5522.0000    	  5523.0000    	-0.17438892E-02	 0.65007815E-03
  5523.0000    	  5524.0000    	-0.17239286E-02	 0.77447719E-03
  5524.0000    	  5525.0000    	-0.14858357E-02	 0.55999051E-03
  5525.0000    	  5526.0000    	-0.14573184E-02	 0.52752338E-03
  5526.0000    	  5527.0000    	-0.22217064E-02	 0.50777025E-03
  5527.0000    	  5528.0000    	-0.10057971E-02	 0.62088200E-03
  5528.0000    	  5529.0000    	-0.11434540E-02	 0.60483479E-03
  5529.0000    	  5530.0000    	 0.36315405E-04	 0.41686695E-03
  5530.0000    	  5531.0000    	-0.19075635E-03	 0.30549888E-03
  5531.0000    	  5532.0000    	-0.12206976E-03	 0.32205882E-03
  5532.0000    	  5533.0000    	-0.14620109E-03	 0.19245846E-03
  5533.0000    	  5534.0000    	-0.12378929E-02	 0.71010920E-03
  5534.0000    	  5535.0000    	-0.16141101E-02	 0.69416692E-03
  5535.0000    	  5536.0000    	-0.18272304E-02	 0.56418562E-03
  5536.0000    	  5537.0000    	-0.89513915E-03	 0.54544254E-03
  5537.0000    	  5538.0000    	-0.14401222E-02	 0.47272619E-03
  5538.0000    	  5539.0000    	-0.14794991E-02	 0.54815734E-03
  5539.0000    	  5540.0000    	-0.41252005E-03	 0.48923580E-03
  5540.0000    	  5541.0000    	-0.13605862E-02	 0.38320898E-03
  5541.0000    	  5542.0000    	 0.23119383E-03	 0.31918085E-03
  5542.0000    	  5543.0000    	 0.24393375E-03	 0.27932520E-03
  5543.0000    	  5544.0000    	-0.22912189E-03	 0.19241504E-03
  5544.0000    	  5545.0000    	-0.19949654E-02	 0.69688426E-03
  5545.0000    	  5546.0000    	-0.16655073E-02	 0.57225352E-03
  5546.0000    	  5547.0000    	-0.32810970E-02	 0.68718379E-03
  5547.0000    	  5548.0000    	-0.14336003E-02	 0.55249230E-03
  5548.0000    	  5549.0000    	-0.18602424E-02	 0.57101273E-03
  5549.0000    	  5550.0000    	-0.95254282E-03	 0.49919130E-03
  5550.0000    	  5551.0000    	-0.32261655E-03	 0.40073889E-03
  5551.0000    	  5552.0000    	-0.12104661E-02	 0.35152195E-03
  5552.0000    	  5553.0000    	-0.51421990E-03	 0.30597515E-03
  5553.0000    	  5554.0000    	 0.32492020E-04	 0.30422863E-03
  5554.0000    	  5555.0000    	-0.24343693E-03	 0.21241415E-03
  5555.0000    	  5556.0000    	-0.29406156E-03	 0.66904571E-03
  5556.0000    	  5557.0000    	-0.10080579E-02	 0.66408468E-03
  5557.0000    	  5558.0000    	-0.17825336E-02	 0.59092000E-03
  5558.0000    	  5559.0000    	-0.16821262E-02	 0.53608753E-03
  5559.0000    	  5560.0000    	-0.16312481E-02	 0.57081843E-03
  5560.0000    	  5561.0000    	-0.18716328E-02	 0.49791120E-03
  5561.0000    	  5562.0000    	-0.91554970E-03	 0.46607066E-03
  5562.0000    	  5563.0000    	-0.83472417E-03	 0.39922417E-03
  5563.0000    	  5564.0000    	-0.44523992E-03	 0.37128377E-03
  5564.0000    	  5565.0000    	-0.52475362E-03	 0.28491420E-03
  5565.0000    	  5566.0000    	-0.11181872E-03	 0.17593009E-03
  5566.0000    	  5567.0000    	-0.19142830E-02	 0.63620363E-03
  5567.0000    	  5568.0000    	-0.17257140E-02	 0.64766165E-03
  5568.0000    	  5569.0000    	-0.19691453E-02	 0.68212755E-03
  5569.0000    	  5570.0000    	-0.22710795E-02	 0.51579692E-03
  5570.0000    	  5571.0000    	-0.22168064E-02	 0.63889210E-03
  5571.0000    	  5572.0000    	-0.92402526E-03	 0.46358335E-03
  5572.0000    	  5573.0000    	-0.16454728E-02	 0.48943056E-03
  5573.0000    	  5574.0000    	-0.67542399E-03	 0.46162042E-03
  5574.0000    	  5575.0000    	-0.61875936E-03	 0.33927521E-03
  5575.0000    	  5576.0000    	-0.19090050E-04	 0.34155134E-03
  5576.0000    	  5577.0000    	-0.49073212E-03	 0.21969321E-03
  5577.0000    	  5578.0000    	-0.17770292E-02	 0.54079216E-03
  5578.0000    	  5579.0000    	-0.22120291E-02	 0.56101668E-03
  5579.0000    	  5580.0000    	-0.10410154E-02	 0.54208257E-03
  5580.0000    	  5581.0000    	-0.16086934E-02	 0.55358499E-03
  5581.0000    	  5582.0000    	-0.40120530E-03	 0.62461869E-03
  5582.0000    	  5583.0000    	-0.12577019E-02	 0.49061775E-03
  5583.0000    	  5584.0000    	-0.61833545E-03	 0.53298264E-03
  5584.0000    	  5585.0000    	-0.44840318E-03	 0.44512334E-03
  5585.0000    	  5586.0000    	-0.11533788E-02	 0.36496641E-03
  5586.0000    	  5587.0000    	-0.68448326E-03	 0.32416703E-03
  5587.0000    	  5588.0000    	-0.25570207E-03	 0.19398167E-03
  5588.0000    	  5589.0000    	-0.16677823E-02	 0.63452761E-03
  5589.0000    	  5590.0000    	-0.11448969E-02	 0.58740538E-03
  5590.0000    	  5591.0000    	-0.13537005E-02	 0.57150006E-03
  5591.0000    	  5592.0000    	-0.13270225E-02	 0.55362849E-03
  5592.0000    	  5593.0000    	-0.18985004E-02	 0.52917078E-03
  5593.0000    	  5594.0000    	-0.18077168E-02	 0.49696585E-03
  5594.0000    	  5595.0000    	-0.15950266E-02	 0.45878150E-03
  5595.0000    	  5596.0000    	-0.43326425E-03	 0.43756835E-03
  5596.0000    	  5597.0000    	-0.36320240E-03	 0.32243464E-03
  5597.0000    	  5598.0000    	-0.11293751E-03	 0.32181351E-03
  5598.0000    	  5599.0000    	 0.17629648E-03	 0.18800099E-03
  5599.0000    	  5600.0000    	-0.23380063E-02	 0.60922802E-03
  5600.0000    	  5601.0000    	-0.15569719E-02	 0.57562000E-03
  5601.0000    	  5602.0000    	-0.22344735E-02	 0.54550900E-03
  5602.0000    	  5603.0000    	-0.13712127E-02	 0.47928239E-03
  5603.0000    	  5604.0000    	-0.17100684E-02	 0.50737042E-03
  5604.0000    	  5605.0000    	-0.85528953E-03	 0.48764034E-03
  5605.0000    	  5606.0000    	-0.83809710E-03	 0.43904953E-03
  5606.0000    	  5607.0000    	 0.23835876E-04	 0.28900136E-03
  5607.0000    	  5608.0000    	-0.75421488E-03	 0.37719607E-03
  5608.0000    	  5609.0000    	-0.62998609E-04	 0.24227742E-03
  5609.0000    	  5610.0000    	 0.11717488E-04	 0.21809892E-03
  5610.0000    	  5611.0000    	-0.15010405E-02	 0.64138931E-03
  5611.0000    	  5612.0000    	-0.61605478E-03	 0.65846435E-03
  5612.0000    	  5613.0000    	-0.11165945E-02	 0.60437258E-03
  5613.0000    	  5614.0000    	-0.10808390E-02	 0.49242353E-03
  5614.0000    	  5615.0000    	-0.17375293E-02	 0.59766079E-03
  5615.0000    	  5616.0000    	-0.95147281E-03	 0.45652707E-03
  5616.0000    	  5617.0000    	-0.46433002E-03	 0.45030716E-03
  5617.0000    	  5618.0000    	-0.44363749E-03	 0.34805687E-03
  5618.0000    	  5619.0000    	 0.23893212E-03	 0.38377200E-03
  5619.0000    	  5620.0000    	-0.38732684E-03	 0.25636137E-03
  5620.0000    	  5621.0000    	 0.20814391E-03	 0.26337635E-03
  5621.0000    	  5622.0000    	-0.12555220E-02	 0.69192878E-03
  5622.0000    	  5623.0000    	-0.19554153E-02	 0.54881993E-03
  5623.0000    	  5624.0000    	-0.10288985E-02	 0.53045596E-03
  5624.0000    	  5625.0000    	-0.25511702E-02	 0.52660299E-03
  5625.0000    	  5626.0000    	-0.13446010E-02	 0.48155621E-03
  5626.0000    	  5627.0000    	-0.18178284E-02	 0.58765956E-03
  5627.0000    	  5628.0000    	-0.13191412E-02	 0.38207389E-03
  5628.0000    	  5629.0000    	-0.85641563E-03	 0.38298234E-03
  5629.0000    	  5630.0000    	 0.12905434E-03	 0.28128109E-03
  5630.0000    	  5631.0000    	-0.58962349E-03	 0.27155322E-03
  5631.0000    	  5632.0000    	-0.23091379E-04	 0.25278356E-03
  5632.0000    	  5633.0000    	-0.18948220E-02	 0.66064682E-03
  5633.0000    	  5634.0000    	-0.11270097E-02	 0.59884641E-03
  5634.0000    	  5635.0000    	-0.18455624E-02	 0.58392250E-03
  5635.0000    	  5636.0000    	-0.18343636E-02	 0.47485499E-03
  5636.0000    	  5637.0000    	-0.12987530E-02	 0.49953874E-03
  5637.0000    	  5638.0000    	-0.69425837E-03	 0.40937601E-03
  5638.0000    	  5639.0000    	-0.13796282E-02	 0.39305234E-03
  5639.0000    	  5640.0000    	-0.17003345E-02	 0.40943520E-03
  5640.0000    	  5641.0000    	-0.34220056E-03	 0.28352865E-03
  5641.0000    	  5642.0000    	-0.68604594E-03	 0.23196621E-03
  5642.0000    	  5643.0000    	-0.25429513E-03	 0.19685866E-03
  5643.0000    	  5644.0000    	-0.93607217E-03	 0.67154290E-03
  5644.0000    	  5645.0000    	-0.17379263E-02	 0.67436511E-03
  5645.0000    	  5646.0000    	-0.19369309E-02	 0.54641226E-03
  5646.0000    	  5647.0000    	-0.14670864E-02	 0.50154268E-03
  5647.0000    	  5648.0000    	-0.11317703E-02	 0.45198024E-03
  5648.0000    	  5649.0000    	-0.15641720E-02	 0.41349848E-03
  5649.0000    	  5650.0000    	-0.10588913E-02	 0.39788729E-03
  5650.0000    	  5651.0000    	 0.17155124E-04	 0.42646536E-03
  5651.0000    	  5652.0000    	-0.90383310E-04	 0.30598947E-03
  5652.0000    	  5653.0000    	-0.34973533E-03	 0.22285297E-03
  5653.0000    	  5654.0000    	-0.46948335E-04	 0.17705074E-03
  5654.0000    	  5655.0000    	-0.25117749E-02	 0.71593860E-03
  5655.0000    	  5656.0000    	-0.12332338E-02	 0.55440098E-03
  5656.0000    	  5657.0000    	-0.23361264E-02	 0.59978881E-03
  5657.0000    	  5658.0000    	-0.13695025E-02	 0.56109058E-03
  5658.0000    	  5659.0000    	-0.12329974E-02	 0.48240313E-03
  5659.0000    	  5660.0000    	-0.11909536E-02	 0.48512221E-03
  5660.0000    	  5661.0000    	-0.46510798E-03	 0.44964563E-03
  5661.0000    	  5662.0000    	-0.22104347E-03	 0.39054450E-03
  5662.0000    	  5663.0000    	-0.42903333E-03	 0.41440707E-03
  5663.0000    	  5664.0000    	-0.39300780E-03	 0.30084738E-03
  5664.0000    	  5665.0000    	-0.22193443E-03	 0.19708886E-03
  5665.0000    	  5666.0000    	-0.10118058E-02	 0.58778885E-03
  5666.0000    	  5667.0000    	-0.10155681E-02	 0.58926942E-03
  5667.0000    	  5668.0000    	-0.15201322E-02	 0.56529411E-03
  5668.0000    	  5669.0000    	-0.20901710E-02	 0.54230273E-03
  5669.0000    	  5670.0000    	-0.79176699E-03	 0.51362763E-03
  5670.0000    	  5671.0000    	-0.15596208E-02	 0.48792420E-03
  5671.0000    	  5672.0000    	-0.86996168E-03	 0.41543808E-03
  5672.0000    	  5673.0000    	-0.26710676E-03	 0.39641120E-03
  5673.0000    	  5674.0000    	-0.66510899E-03	 0.36241307E-03
  5674.0000    	  5675.0000    	-0.49766566E-03	 0.22867510E-03
  5675.0000    	  5676.0000    	-0.45724175E-03	 0.20157950E-03
  5676.0000    	  5677.0000    	-0.24452945E-02	 0.57147974E-03
  5677.0000    	  5678.0000    	-0.13053647E-02	 0.70886621E-03
  5678.0000    	  5679.0000    	-0.19334051E-02	 0.55782291E-03
  5679.0000    	  5680.0000    	-0.72605523E-03	 0.54809321E-03
  5680.0000    	  5681.0000    	-0.76205960E-03	 0.50946754E-03
  5681.0000    	  5682.0000    	-0.33955104E-03	 0.43866757E-03
  5682.0000    	  5683.0000    	-0.10099111E-02	 0.35671001E-03
  5683.0000    	  5684.0000    	-0.11484967E-02	 0.41733639E-03
  5684.0000    	  5685.0000    	-0.37051868E-03	 0.36528756E-03
  5685.0000    	  5686.0000    	-0.33139304E-03	 0.27270502E-03
  5686.0000    	  5687.0000    	-0.30538167E-03	 0.17897275E-03
  5687.0000    	  5688.0000    	-0.77877581E-03	 0.59977414E-03
  5688.0000    	  5689.0000    	-0.12424068E-02	 0.62240762E-03
  5689.0000    	  5690.0000    	-0.63223411E-03	 0.63299344E-03
  5690.0000    	  5691.0000    	-0.74666466E-03	 0.53475720E-03
  5691.0000    	  5692.0000    	-0.17030151E-02	 0.44141956E-03
  5692.0000    	  5693.0000    	-0.59731747E-03	 0.44034332E-03
  5693.0000    	  5694.0000    	-0.45245535E-03	 0.41171706E-03
  5694.0000    	  5695.0000    	 0.11113131E-05	 0.36074120E-03
  5695.0000    	  5696.0000    	-0.53817152E-03	 0.29983974E-03
  5696.0000    	  5697.0000    	-0.19261119E-04	 0.23709663E-03
  5697.0000    	  5698.0000    	-0.11741890E-03	 0.22776935E-03
  5698.0000    	  5699.0000    	-0.23058512E-02	 0.57032755E-03
  5699.0000    	  5700.0000    	-0.94191448E-03	 0.57640544E-03
  5700.0000    	  5701.0000    	-0.16270230E-02	 0.61147036E-03
  5701.0000    	  5702.0000    	-0.10016036E-02	 0.55192799E-03
  5702.0000    	  5703.0000    	-0.11000633E-02	 0.46449080E-03
  5703.0000    	  5704.0000    	-0.14149212E-02	 0.46624295E-03
  5704.0000    	  5705.0000    	-0.62868045E-03	 0.44723030E-03
  5705.0000    	  5706.0000    	-0.81862142E-03	 0.37465326E-03
  5706.0000    	  5707.0000    	-0.50946092E-03	 0.29099128E-03
  5707.0000    	  5708.0000    	-0.57742477E-03	 0.26916971E-03
  5708.0000    	  5709.0000    	-0.11588535E-03	 0.19746501E-03
  5709.0000    	  5710.0000    	-0.18857737E-02	 0.55563944E-03
  5710.0000    	  5711.0000    	-0.20288686E-02	 0.65080437E-03
  5711.0000    	  5712.0000    	-0.15093576E-02	 0.64271525E-03
  5712.0000    	  5713.0000    	-0.22119320E-02	 0.48260145E-03
  5713.0000    	  5714.0000    	-0.18739700E-02	 0.49151404E-03
  5714.0000    	  5715.0000    	-0.18277322E-02	 0.56172029E-03
  5715.0000    	  5716.0000    	-0.47394891E-03	 0.44993705E-03
  5716.0000    	  5717.0000    	-0.11843975E-02	 0.33906521E-03
  5717.0000    	  5718.0000    	-0.20473398E-03	 0.27547333E-03
  5718.0000    	  5719.0000    	 0.33707931E-04	 0.26701096E-03
  5719.0000    	  5720.0000    	-0.39961792E-04	 0.15575650E-03
  5720.0000    	  5721.0000    	-0.10163987E-02	 0.61632474E-03
  5721.0000    	  5722.0000    	-0.14010217E-02	 0.55451355E-03
  5722.0000    	  5723.0000    	-0.11219282E-02	 0.54518958E-03
  5723.0000    	  5724.0000    	-0.14599328E-02	 0.51347525E-03
  5724.0000    	  5725.0000    	-0.18421977E-02	 0.49612957E-03
  5725.0000    	  5726.0000    	-0.54297487E-03	 0.35646450E-03
  5726.0000    	  5727.0000    	-0.11437890E-02	 0.39067516E-03
  5727.0000    	  5728.0000    	-0.12590633E-02	 0.33333914E-03
  5728.0000    	  5729.0000    	-0.44642433E-03	 0.32261291E-03
  5729.0000    	  5730.0000    	-0.49675741E-03	 0.21187606E-03
  5730.0000    	  5731.0000    	 0.52536720E-04	 0.10549029E-03
  5731.0000    	  5732.0000    	-0.52925516E-03	 0.57110952E-03
  5732.0000    	  5733.0000    	-0.14022625E-02	 0.56663591E-03
  5733.0000    	  5734.0000    	-0.18711104E-02	 0.46754940E-03
  5734.0000    	  5735.0000    	-0.15134748E-02	 0.47846814E-03
  5735.0000    	  5736.0000    	-0.12032265E-02	 0.48885983E-03
  5736.0000    	  5737.0000    	-0.11583350E-02	 0.49312347E-03
  5737.0000    	  5738.0000    	-0.12663143E-02	 0.41111440E-03
  5738.0000    	  5739.0000    	-0.10207596E-02	 0.42116832E-03
  5739.0000    	  5740.0000    	-0.48515988E-03	 0.29489924E-03
  5740.0000    	  5741.0000    	-0.55098005E-03	 0.23649255E-03
  5741.0000    	  5742.0000    	-0.24235698E-03	 0.17323014E-03
  5742.0000    	  5743.0000    	-0.14725955E-02	 0.49840413E-03
  5743.0000    	  5744.0000    	-0.21314071E-02	 0.57414370E-03
  5744.0000    	  5745.0000    	-0.12490108E-02	 0.58625233E-03
  5745.0000    	  5746.0000    	-0.25815174E-02	 0.47767891E-03
  5746.0000    	  5747.0000    	-0.60924795E-03	 0.43347542E-03
  5747.0000    	  5748.0000    	-0.96434326E-03	 0.46937741E-03
  5748.0000    	  5749.0000    	-0.13275621E-02	 0.44043524E-03
  5749.0000    	  5750.0000    	-0.15735121E-03	 0.39089892E-03
  5750.0000    	  5751.0000    	-0.56560572E-03	 0.27211844E-03
  5751.0000    	  5752.0000    	-0.57778817E-03	 0.25790924E-03
  5752.0000    	  5753.0000    	-0.29631573E-03	 0.19029909E-03
  5753.0000    	  5754.0000    	-0.91717049E-03	 0.54097880E-03
  5754.0000    	  5755.0000    	-0.16916909E-02	 0.58653428E-03
  5755.0000    	  5756.0000    	-0.72263701E-03	 0.49294412E-03
  5756.0000    	  5757.0000    	-0.56545062E-03	 0.51342243E-03
  5757.0000    	  5758.0000    	-0.23727461E-02	 0.49925765E-03
  5758.0000    	  5759.0000    	-0.13506479E-02	 0.48838403E-03
  5759.0000    	  5760.0000    	-0.13232522E-03	 0.45908856E-03
  5760.0000    	  5761.0000    	-0.11565866E-02	 0.35918256E-03
  5761.0000    	  5762.0000    	-0.16640608E-03	 0.28930611E-03
  5762.0000    	  5763.0000    	-0.17129593E-03	 0.23396070E-03
  5763.0000    	  5764.0000    	-0.46883523E-04	 0.14366016E-03
  5764.0000    	  5765.0000    	-0.20195968E-02	 0.54778329E-03
  5765.0000    	  5766.0000    	-0.17696364E-02	 0.60052546E-03
  5766.0000    	  5767.0000    	-0.11240007E-02	 0.50832329E-03
  5767.0000    	  5768.0000    	-0.18425910E-03	 0.57755029E-03
  5768.0000    	  5769.0000    	-0.38271409E-03	 0.44211814E-03
  5769.0000    	  5770.0000    	-0.80985117E-03	 0.42784692E-03
  5770.0000    	  5771.0000    	-0.15080937E-02	 0.37888931E-03
  5771.0000    	  5772.0000    	-0.93899360E-04	 0.30847542E-03
  5772.0000    	  5773.0000    	-0.93313858E-03	 0.35670800E-03
  5773.0000    	  5774.0000    	 0.15631571E-03	 0.22443267E-03
  5774.0000    	  5775.0000    	-0.14334671E-03	 0.17835467E-03
  5775.0000    	  5776.0000    	-0.11397992E-02	 0.53276115E-03
  5776.0000    	  5777.0000    	-0.17880668E-02	 0.58763078E-03
  5777.0000    	  5778.0000    	-0.18119040E-02	 0.48828342E-03
  5778.0000    	  5779.0000    	-0.11035177E-02	 0.46718774E-03
  5779.0000    	  5780.0000    	-0.12926304E-02	 0.48310075E-03
  5780.0000    	  5781.0000    	-0.11726865E-02	 0.51963738E-03
  5781.0000    	  5782.0000    	-0.11181913E-02	 0.39368047E-03
  5782.0000    	  5783.0000    	-0.15061102E-03	 0.38002884E-03
  5783.0000    	  5784.0000    	-0.49288182E-03	 0.28914665E-03
  5784.0000    	  5785.0000    	-0.29939655E-03	 0.21108510E-03
  5785.0000    	  5786.0000    	-0.20492094E-03	 0.16515167E-03
  5786.0000    	  5787.0000    	-0.17821915E-02	 0.56348616E-03
  5787.0000    	  5788.0000    	-0.23161722E-02	 0.59445291E-03
  5788.0000    	  5789.0000    	-0.19895871E-02	 0.58811968E-03
  5789.0000    	  5790.0000    	-0.14116217E-02	 0.50596191E-03
  5790.0000    	  5791.0000    	-0.11727623E-02	 0.46183831E-03
  5791.0000    	  5792.0000    	-0.46524278E-03	 0.41129955E-03
  5792.0000    	  5793.0000    	-0.18487385E-02	 0.42053166E-03
  5793.0000    	  5794.0000    	-0.86940020E-03	 0.47815416E-03
  5794.0000    	  5795.0000    	 0.17020221E-03	 0.30199838E-03
  5795.0000    	  5796.0000    	-0.11712491E-03	 0.23566028E-03
  5796.0000    	  5797.0000    	 0.14530809E-04	 0.19141600E-03
  5797.0000    	  5798.0000    	-0.14012895E-03	 0.54460957E-03
  5798.0000    	  5799.0000    	-0.21232959E-02	 0.52581284E-03
  5799.0000    	  5800.0000    	-0.11313488E-02	 0.63147476E-03
  5800.0000    	  5801.0000    	-0.19230582E-02	 0.50800507E-03
  5801.0000    	  5802.0000    	-0.16984382E-02	 0.44578262E-03
  5802.0000    	  5803.0000    	-0.18978908E-02	 0.38159217E-03
  5803.0000    	  5804.0000    	-0.10056397E-02	 0.39195926E-03
  5804.0000    	  5805.0000    	-0.10742317E-02	 0.31213323E-03
  5805.0000    	  5806.0000    	-0.21165989E-03	 0.29148909E-03
  5806.0000    	  5807.0000    	-0.10745778E-03	 0.22530246E-03
  5807.0000    	  5808.0000    	-0.38397108E-03	 0.17338536E-03
  5808.0000    	  5809.0000    	-0.23146425E-02	 0.62324877E-03
  5809.0000    	  5810.0000    	-0.10598743E-02	 0.61329312E-03
  5810.0000    	  5811.0000    	-0.16048202E-02	 0.47876865E-03
  5811.0000    	  5812.0000    	-0.69613507E-03	 0.51423450E-03
  5812.0000    	  5813.0000    	-0.11594904E-02	 0.41977795E-03
  5813.0000    	  5814.0000    	-0.83998740E-03	 0.43753362E-03
  5814.0000    	  5815.0000    	-0.57227724E-03	 0.36659671E-03
  5815.0000    	  5816.0000    	-0.51565006E-04	 0.30196074E-03
  5816.0000    	  5817.0000    	-0.10834032E-02	 0.30135631E-03
  5817.0000    	  5818.0000    	-0.52752536E-03	 0.27293619E-03
  5818.0000    	  5819.0000    	 0.32645498E-05	 0.15623496E-03
  5819.0000    	  5820.0000    	-0.21194577E-02	 0.54774240E-03
  5820.0000    	  5821.0000    	-0.22610086E-02	 0.61290244E-03
  5821.0000    	  5822.0000    	-0.98519216E-03	 0.50493812E-03
  5822.0000    	  5823.0000    	-0.10980695E-02	 0.53952242E-03
  5823.0000    	  5824.0000    	-0.10021272E-02	 0.46367242E-03
  5824.0000    	  5825.0000    	-0.70298670E-03	 0.41055279E-03
  5825.0000    	  5826.0000    	-0.76255921E-03	 0.42550879E-03
  5826.0000    	  5827.0000    	-0.94199292E-03	 0.34451859E-03
  5827.0000    	  5828.0000    	 0.12821728E-03	 0.25951333E-03
  5828.0000    	  5829.0000    	-0.21798841E-03	 0.23874987E-03
  5829.0000    	  5830.0000    	-0.45978097E-05	 0.16947319E-03
  5830.0000    	  5831.0000    	-0.22453942E-03	 0.57449336E-03
  5831.0000    	  5832.0000    	-0.21106918E-02	 0.50117418E-03
  5832.0000    	  5833.0000    	-0.16424640E-02	 0.47359087E-03
  5833.0000    	  5834.0000    	-0.16676976E-02	 0.52567461E-03
  5834.0000    	  5835.0000    	-0.10538896E-02	 0.47543075E-03
  5835.0000    	  5836.0000    	-0.82920271E-03	 0.36221276E-03
  5836.0000    	  5837.0000    	-0.10261197E-02	 0.38544321E-03
  5837.0000    	  5838.0000    	-0.28635861E-03	 0.34962487E-03
  5838.0000    	  5839.0000    	-0.27973844E-03	 0.26595380E-03
  5839.0000    	  5840.0000    	-0.38478133E-03	 0.20620105E-03
  5840.0000    	  5841.0000    	-0.67648623E-04	 0.14113146E-03
  5841.0000    	  5842.0000    	-0.18396784E-03	 0.66752101E-03
  5842.0000    	  5843.0000    	-0.12147478E-02	 0.58266621E-03
  5843.0000    	  5844.0000    	-0.11275284E-02	 0.46270888E-03
  5844.0000    	  5845.0000    	-0.19601315E-02	 0.55414238E-03
  5845.0000    	  5846.0000    	-0.13972801E-02	 0.53068539E-03
  5846.0000    	  5847.0000    	-0.98338261E-03	 0.50811478E-03
  5847.0000    	  5848.0000    	-0.11761785E-02	 0.44078953E-03
  5848.0000    	  5849.0000    	-0.82819667E-03	 0.32835846E-03
  5849.0000    	  5850.0000    	-0.53982884E-03	 0.31936827E-03
  5850.0000    	  5851.0000    	-0.20060510E-03	 0.23374710E-03
  5851.0000    	  5852.0000    	-0.10238020E-03	 0.17096976E-03
  5852.0000    	  5853.0000    	-0.10106525E-02	 0.55992680E-03
  5853.0000    	  5854.0000    	-0.10435679E-02	 0.56434627E-03
  5854.0000    	  5855.0000    	-0.16697501E-02	 0.51704940E-03
  5855.0000    	  5856.0000    	-0.91268152E-03	 0.43718042E-03
  5856.0000    	  5857.0000    	-0.11880305E-02	 0.43877558E-03
  5857.0000    	  5858.0000    	-0.14751555E-02	 0.41940702E-03
  5858.0000    	  5859.0000    	-0.59099720E-03	 0.34803172E-03
  5859.0000    	  5860.0000    	-0.64505999E-03	 0.32468453E-03
  5860.0000    	  5861.0000    	-0.55708729E-03	 0.32408506E-03
  5861.0000    	  5862.0000    	-0.16292909E-03	 0.19582864E-03
  5862.0000    	  5863.0000    	 0.54051267E-04	 0.21535248E-03
  5863.0000    	  5864.0000    	-0.15203474E-02	 0.49195165E-03
  5864.0000    	  5865.0000    	-0.12370066E-02	 0.51865600E-03
  5865.0000    	  5866.0000    	-0.11138180E-02	 0.52801818E-03
  5866.0000    	  5867.0000    	-0.14892340E-02	 0.49720928E-03
  5867.0000    	  5868.0000    	-0.23963752E-02	 0.62455265E-03
  5868.0000    	  5869.0000    	-0.12996713E-02	 0.42097108E-03
  5869.0000    	  5870.0000    	-0.74026718E-03	 0.35347400E-03
  5870.0000    	  5871.0000    	 0.13342567E-03	 0.29313815E-03
  5871.0000    	  5872.0000    	-0.20343547E-04	 0.30242499E-03
  5872.0000    	  5873.0000    	-0.37264980E-03	 0.23124415E-03
  5873.0000    	  5874.0000    	-0.38939948E-03	 0.19941341E-03
  5874.0000    	  5875.0000    	-0.14015301E-02	 0.53215710E-03
  5875.0000    	  5876.0000    	-0.13208201E-02	 0.47271410E-03
  5876.0000    	  5877.0000    	-0.12739619E-02	 0.50939209E-03
  5877.0000    	  5878.0000    	-0.12382218E-02	 0.49333931E-03
  5878.0000    	  5879.0000    	-0.86906811E-03	 0.44281258E-03
  5879.0000    	  5880.0000    	-0.38455895E-03	 0.35142800E-03
  5880.0000    	  5881.0000    	-0.36535711E-03	 0.35978885E-03
  5881.0000    	  5882.0000    	-0.46458126E-03	 0.28598602E-03
  5882.0000    	  5883.0000    	-0.23778823E-03	 0.28562038E-03
  5883.0000    	  5884.0000    	 0.18737077E-03	 0.24454467E-03
  5884.0000    	  5885.0000    	-0.10943413E-03	 0.16934972E-03
  5885.0000    	  5886.0000    	-0.76920046E-03	 0.54945271E-03
  5886.0000    	  5887.0000    	-0.15302063E-02	 0.58938793E-03
  5887.0000    	  5888.0000    	-0.11083053E-02	 0.60578485E-03
  5888.0000    	  5889.0000    	-0.17301782E-02	 0.44537079E-03
  5889.0000    	  5890.0000    	-0.66302611E-03	 0.43823177E-03
  5890.0000    	  5891.0000    	-0.76306600E-03	 0.43057267E-03
  5891.0000    	  5892.0000    	-0.10287167E-02	 0.34299707E-03
  5892.0000    	  5893.0000    	-0.74310019E-03	 0.32771799E-03
  5893.0000    	  5894.0000    	 0.62363875E-04	 0.29064363E-03
  5894.0000    	  5895.0000    	-0.56512521E-03	 0.19638244E-03
  5895.0000    	  5896.0000    	 0.36230695E-04	 0.17157822E-03
  5896.0000    	  5897.0000    	-0.20390497E-02	 0.54573015E-03
  5897.0000    	  5898.0000    	-0.18404456E-02	 0.53906379E-03
  5898.0000    	  5899.0000    	-0.12603111E-02	 0.46892846E-03
  5899.0000    	  5900.0000    	-0.11783668E-02	 0.49577680E-03
  5900.0000    	  5901.0000    	-0.15172396E-02	 0.42730882E-03
  5901.0000    	  5902.0000    	-0.13852504E-02	 0.40355539E-03
  5902.0000    	  5903.0000    	-0.10555883E-02	 0.34262788E-03
  5903.0000    	  5904.0000    	-0.13010207E-02	 0.32306605E-03
  5904.0000    	  5905.0000    	 0.86536757E-04	 0.28413590E-03
  5905.0000    	  5906.0000    	-0.16281808E-03	 0.24150405E-03
  5906.0000    	  5907.0000    	-0.43598497E-03	 0.18049257E-03
  5907.0000    	  5908.0000    	-0.12912412E-02	 0.55520443E-03
  5908.0000    	  5909.0000    	-0.19064645E-02	 0.55742173E-03
  5909.0000    	  5910.0000    	-0.16273683E-02	 0.47043616E-03
  5910.0000    	  5911.0000    	-0.98094919E-03	 0.52825658E-03
  5911.0000    	  5912.0000    	-0.19493043E-02	 0.52982077E-03
  5912.0000    	  5913.0000    	-0.56783922E-03	 0.39886058E-03
  5913.0000    	  5914.0000    	-0.63317144E-03	 0.36441815E-03
  5914.0000    	  5915.0000    	-0.13777863E-02	 0.31587765E-03
  5915.0000    	  5916.0000    	-0.50185534E-03	 0.28012569E-03
  5916.0000    	  5917.0000    	-0.52007563E-03	 0.20644105E-03
  5917.0000    	  5918.0000    	-0.27945329E-04	 0.15559265E-03
  5918.0000    	  5919.0000    	-0.18964840E-02	 0.67925912E-03
  5919.0000    	  5920.0000    	-0.16255479E-02	 0.55622593E-03
  5920.0000    	  5921.0000    	-0.12191343E-02	 0.47733971E-03
  5921.0000    	  5922.0000    	-0.11068675E-02	 0.49841286E-03
  5922.0000    	  5923.0000    	-0.19414034E-02	 0.52015960E-03
  5923.0000    	  5924.0000    	-0.74206906E-03	 0.47640639E-03
  5924.0000    	  5925.0000    	-0.13798849E-02	 0.35412582E-03
  5925.0000    	  5926.0000    	-0.52677221E-03	 0.33743337E-03
  5926.0000    	  5927.0000    	-0.58503153E-03	 0.26300092E-03
  5927.0000    	  5928.0000    	 0.21231007E-04	 0.21329136E-03
  5928.0000    	  5929.0000    	-0.23076419E-03	 0.16634696E-03
  5929.0000    	  5930.0000    	-0.12613997E-02	 0.59360145E-03
  5930.0000    	  5931.0000    	-0.78293000E-03	 0.47972454E-03
  5931.0000    	  5932.0000    	-0.14060308E-02	 0.51152927E-03
  5932.0000    	  5933.0000    	-0.11162205E-02	 0.42002453E-03
  5933.0000    	  5934.0000    	-0.98045980E-03	 0.43456263E-03
  5934.0000    	  5935.0000    	-0.79835026E-03	 0.43830928E-03
  5935.0000    	  5936.0000    	-0.14360788E-03	 0.41878649E-03
  5936.0000    	  5937.0000    	-0.45439094E-03	 0.35559847E-03
  5937.0000    	  5938.0000    	-0.17601414E-04	 0.30080062E-03
  5938.0000    	  5939.0000    	-0.12573938E-04	 0.17529357E-03
  5939.0000    	  5940.0000    	-0.26434442E-03	 0.15476784E-03
  5940.0000    	  5941.0000    	-0.14071527E-02	 0.46030041E-03
  5941.0000    	  5942.0000    	-0.17393372E-02	 0.48337719E-03
  5942.0000    	  5943.0000    	-0.83393687E-03	 0.51510911E-03
  5943.0000    	  5944.0000    	-0.14757576E-02	 0.47361961E-03
  5944.0000    	  5945.0000    	-0.80697325E-03	 0.38233559E-03
  5945.0000    	  5946.0000    	-0.56223133E-03	 0.39314556E-03
  5946.0000    	  5947.0000    	-0.35257412E-03	 0.35215489E-03
  5947.0000    	  5948.0000    	-0.42426510E-03	 0.28589815E-03
  5948.0000    	  5949.0000    	-0.41624270E-03	 0.30255588E-03
  5949.0000    	  5950.0000    	-0.22433919E-03	 0.18259931E-03
  5950.0000    	  5951.0000    	-0.51960650E-04	 0.19544864E-03
  5951.0000    	  5952.0000    	-0.15151596E-02	 0.52934045E-03
  5952.0000    	  5953.0000    	-0.12819107E-02	 0.47535394E-03
  5953.0000    	  5954.0000    	-0.28371583E-03	 0.51386248E-03
  5954.0000    	  5955.0000    	-0.11498372E-02	 0.42627939E-03
  5955.0000    	  5956.0000    	-0.12001843E-02	 0.39560657E-03
  5956.0000    	  5957.0000    	-0.10671258E-02	 0.43765323E-03
  5957.0000    	  5958.0000    	-0.99926366E-03	 0.35203757E-03
  5958.0000    	  5959.0000    	-0.20734377E-03	 0.27678204E-03
  5959.0000    	  5960.0000    	 0.12621623E-03	 0.26161049E-03
  5960.0000    	  5961.0000    	-0.10579894E-03	 0.25257095E-03
  5961.0000    	  5962.0000    	-0.60359009E-04	 0.10399807E-03
  5962.0000    	  5963.0000    	-0.35605352E-03	 0.58031818E-03
  5963.0000    	  5964.0000    	-0.21080855E-02	 0.50032879E-03
  5964.0000    	  5965.0000    	-0.13280751E-02	 0.50728474E-03
  5965.0000    	  5966.0000    	-0.14978368E-02	 0.44161907E-03
  5966.0000    	  5967.0000    	-0.53244708E-03	 0.47750466E-03
  5967.0000    	  5968.0000    	-0.12921403E-02	 0.38574537E-03
  5968.0000    	  5969.0000    	-0.27769690E-04	 0.33636158E-03
  5969.0000    	  5970.0000    	-0.10270685E-03	 0.30600059E-03
  5970.0000    	  5971.0000    	-0.47055902E-03	 0.27636707E-03
  5971.0000    	  5972.0000    	-0.11862030E-03	 0.20296316E-03
  5972.0000    	  5973.0000    	-0.78095332E-04	 0.14089595E-03
  5973.0000    	  5974.0000    	-0.15633800E-02	 0.48205692E-03
  5974.0000    	  5975.0000    	-0.11521551E-02	 0.54432199E-03
  5975.0000    	  5976.0000    	-0.14246538E-02	 0.46524268E-03
  5976.0000    	  5977.0000    	-0.11804149E-02	 0.51804122E-03
  5977.0000    	  5978.0000    	-0.94325977E-03	 0.42257677E-03
  5978.0000    	  5979.0000    	-0.80056136E-03	 0.35397007E-03
  5979.0000    	  5980.0000    	-0.56973353E-03	 0.34574829E-03
  5980.0000    	  5981.0000    	-0.66781623E-03	 0.28824131E-03
  5981.0000    	  5982.0000    	-0.51863643E-03	 0.25654237E-03
  5982.0000    	  5983.0000    	-0.58147386E-04	 0.17860855E-03
  5983.0000    	  5984.0000    	-0.35061613E-03	 0.17099108E-03
  5984.0000    	  5985.0000    	-0.18511112E-02	 0.46232218E-03
  5985.0000    	  5986.0000    	-0.21252266E-02	 0.46670983E-03
  5986.0000    	  5987.0000    	-0.14659609E-02	 0.47485041E-03
  5987.0000    	  5988.0000    	-0.18757833E-03	 0.46248262E-03
  5988.0000    	  5989.0000    	-0.33712674E-03	 0.55104670E-03
  5989.0000    	  5990.0000    	-0.98116072E-03	 0.33287682E-03
  5990.0000    	  5991.0000    	-0.11683774E-02	 0.34921061E-03
  5991.0000    	  5992.0000    	-0.41984273E-03	 0.35708317E-03
  5992.0000    	  5993.0000    	-0.85629064E-04	 0.31116887E-03
  5993.0000    	  5994.0000    	-0.15781218E-03	 0.23943500E-03
  5994.0000    	  5995.0000    	-0.28797461E-03	 0.18847627E-03
  5995.0000    	  5996.0000    	-0.82724320E-03	 0.52242596E-03
  5996.0000    	  5997.0000    	-0.10421641E-02	 0.47741562E-03
  5997.0000    	  5998.0000    	-0.23835698E-02	 0.46098208E-03
  5998.0000    	  5999.0000    	-0.12180342E-02	 0.42548670E-03
  5999.0000    	  6000.0000    	-0.62552526E-03	 0.44744922E-03
  6000.0000    	  6001.0000    	-0.14083994E-02	 0.38186963E-03
  6001.0000    	  6002.0000    	-0.84252395E-03	 0.35383959E-03
  6002.0000    	  6003.0000    	-0.72716353E-03	 0.29035284E-03
  6003.0000    	  6004.0000    	-0.44317672E-03	 0.26595458E-03
  6004.0000    	  6005.0000    	 0.61861548E-04	 0.14374156E-03
  6005.0000    	  6006.0000    	-0.15516094E-03	 0.15066935E-03
  6006.0000    	  6007.0000    	-0.11995073E-02	 0.53621967E-03
  6007.0000    	  6008.0000    	-0.23097873E-03	 0.57679836E-03
  6008.0000    	  6009.0000    	-0.73734834E-03	 0.53724734E-03
  6009.0000    	  6010.0000    	-0.74178457E-03	 0.43244403E-03
  6010.0000    	  6011.0000    	-0.14484783E-02	 0.43922779E-03
  6011.0000    	  6012.0000    	-0.73333696E-03	 0.42940102E-03
  6012.0000    	  6013.0000    	-0.53765860E-03	 0.29762409E-03
  6013.0000    	  6014.0000    	-0.92231682E-03	 0.30086366E-03
  6014.0000    	  6015.0000    	-0.91835899E-04	 0.22244368E-03
  6015.0000    	  6016.0000    	-0.34710115E-03	 0.18103467E-03
  6016.0000    	  6017.0000    	 0.46563623E-04	 0.13550521E-03
  6017.0000    	  6018.0000    	-0.15315792E-02	 0.54756788E-03
  6018.0000    	  6019.0000    	-0.12357873E-02	 0.48526948E-03
  6019.0000    	  6020.0000    	-0.80508275E-03	 0.50369140E-03
  6020.0000    	  6021.0000    	-0.15350357E-02	 0.41425013E-03
  6021.0000    	  6022.0000    	-0.12820546E-02	 0.36830283E-03
  6022.0000    	  6023.0000    	-0.52724177E-03	 0.32986743E-03
  6023.0000    	  6024.0000    	-0.57382437E-03	 0.31313590E-03
  6024.0000    	  6025.0000    	-0.90436698E-03	 0.29672834E-03
  6025.0000    	  6026.0000    	-0.58523069E-03	 0.24202226E-03
  6026.0000    	  6027.0000    	-0.35623791E-03	 0.24122837E-03
  6027.0000    	  6028.0000    	-0.11358077E-03	 0.17122178E-03
  6028.0000    	  6029.0000    	-0.22713231E-02	 0.56495350E-03
  6029.0000    	  6030.0000    	-0.14107785E-02	 0.52713913E-03
  6030.0000    	  6031.0000    	-0.89891767E-03	 0.47652475E-03
  6031.0000    	  6032.0000    	-0.12445869E-02	 0.50205572E-03
  6032.0000    	  6033.0000    	-0.13068557E-02	 0.43554824E-03
  6033.0000    	  6034.0000    	-0.37803070E-03	 0.35229083E-03
  6034.0000    	  6035.0000    	-0.17936125E-02	 0.36470074E-03
  6035.0000    	  6036.0000    	-0.35216003E-03	 0.31479062E-03
  6036.0000    	  6037.0000    	-0.85442515E-03	 0.26077371E-03
  6037.0000    	  6038.0000    	-0.51944560E-03	 0.21785877E-03
  6038.0000    	  6039.0000    	-0.93138375E-05	 0.13265177E-03
  6039.0000    	  6040.0000    	-0.15323132E-02	 0.56119768E-03
  6040.0000    	  6041.0000    	-0.80739355E-03	 0.50070716E-03
  6041.0000    	  6042.0000    	-0.13205146E-02	 0.46113052E-03
  6042.0000    	  6043.0000    	-0.13190596E-02	 0.42720410E-03
  6043.0000    	  6044.0000    	 0.50556265E-04	 0.45051989E-03
  6044.0000    	  6045.0000    	-0.17788813E-03	 0.32404584E-03
  6045.0000    	  6046.0000    	-0.25827683E-03	 0.37447780E-03
  6046.0000    	  6047.0000    	-0.93870509E-03	 0.30053309E-03
  6047.0000    	  6048.0000    	-0.70026187E-03	 0.24982674E-03
  6048.0000    	  6049.0000    	-0.17124659E-03	 0.20003205E-03
  6049.0000    	  6050.0000    	-0.27064489E-03	 0.14108324E-03
  6050.0000    	  6051.0000    	-0.12799819E-02	 0.50210472E-03
  6051.0000    	  6052.0000    	-0.13335860E-02	 0.43256478E-03
  6052.0000    	  6053.0000    	-0.16222121E-02	 0.47037268E-03
  6053.0000    	  6054.0000    	-0.17827948E-02	 0.36633310E-03
  6054.0000    	  6055.0000    	-0.10958392E-02	 0.40251366E-03
  6055.0000    	  6056.0000    	-0.52134946E-03	 0.37700656E-03
  6056.0000    	  6057.0000    	-0.52132867E-03	 0.35469170E-03
  6057.0000    	  6058.0000    	 0.31507519E-03	 0.30658753E-03
  6058.0000    	  6059.0000    	-0.56144592E-03	 0.25960743E-03
  6059.0000    	  6060.0000    	-0.48125106E-04	 0.17719432E-03
  6060.0000    	  6061.0000    	-0.34208070E-03	 0.15966526E-03
  6061.0000    	  6062.0000    	-0.15569039E-02	 0.51457555E-03
  6062.0000    	  6063.0000    	-0.38086925E-04	 0.42555071E-03
  6063.0000    	  6064.0000    	-0.31160447E-03	 0.55245701E-03
  6064.0000    	  6065.0000    	-0.11330056E-02	 0.38981552E-03
  6065.0000    	  6066.0000    	-0.37737227E-03	 0.35504423E-03
  6066.0000    	  6067.0000    	-0.29488678E-03	 0.31649021E-03
  6067.0000    	  6068.0000    	-0.73561168E-03	 0.38387314E-03
  6068.0000    	  6069.0000    	-0.41042739E-05	 0.35948293E-03
  6069.0000    	  6070.0000    	-0.42914079E-03	 0.23233779E-03
  6070.0000    	  6071.0000    	 0.15062636E-03	 0.15743083E-03
  6071.0000    	  6072.0000    	-0.22096177E-03	 0.15438616E-03
  6072.0000    	  6073.0000    	-0.14881319E-02	 0.53257850E-03
  6073.0000    	  6074.0000    	-0.10750272E-02	 0.47012417E-03
  6074.0000    	  6075.0000    	-0.11489781E-02	 0.43819880E-03
  6075.0000    	  6076.0000    	-0.17931291E-02	 0.41125856E-03
  6076.0000    	  6077.0000    	-0.87465323E-03	 0.39314019E-03
  6077.0000    	  6078.0000    	-0.13537147E-02	 0.36992900E-03
  6078.0000    	  6079.0000    	-0.83212051E-03	 0.31944767E-03
  6079.0000    	  6080.0000    	-0.27775090E-03	 0.27520789E-03
  6080.0000    	  6081.0000    	-0.26274719E-03	 0.23246511E-03
  6081.0000    	  6082.0000    	-0.18618826E-03	 0.18600173E-03
  6082.0000    	  6083.0000    	-0.19398760E-04	 0.13508065E-03
  6083.0000    	  6084.0000    	-0.59007306E-03	 0.50688808E-03
  6084.0000    	  6085.0000    	-0.89593376E-03	 0.47874093E-03
  6085.0000    	  6086.0000    	-0.12305435E-02	 0.42989207E-03
  6086.0000    	  6087.0000    	-0.41607639E-03	 0.41510028E-03
  6087.0000    	  6088.0000    	-0.16281728E-02	 0.38478473E-03
  6088.0000    	  6089.0000    	-0.14163500E-02	 0.36212997E-03
  6089.0000    	  6090.0000    	-0.46496041E-03	 0.33464811E-03
  6090.0000    	  6091.0000    	-0.95110816E-03	 0.31451315E-03
  6091.0000    	  6092.0000    	-0.14738213E-04	 0.19257184E-03
  6092.0000    	  6093.0000    	-0.40580969E-03	 0.16732640E-03
  6093.0000    	  6094.0000    	 0.15762398E-03	 0.14953168E-03
  6094.0000    	  6095.0000    	-0.85178240E-03	 0.55465416E-03
  6095.0000    	  6096.0000    	-0.15334945E-02	 0.57779126E-03
  6096.0000    	  6097.0000    	-0.53564884E-03	 0.50238193E-03
  6097.0000    	  6098.0000    	-0.64512555E-03	 0.41281821E-03
  6098.0000    	  6099.0000    	-0.13558064E-03	 0.37638525E-03
  6099.0000    	  6100.0000    	-0.73493731E-03	 0.34654548E-03
  6100.0000    	  6101.0000    	-0.97811041E-03	 0.37933641E-03
  6101.0000    	  6102.0000    	 0.12620268E-03	 0.28713015E-03
  6102.0000    	  6103.0000    	-0.19438050E-03	 0.27504575E-03
  6103.0000    	  6104.0000    	-0.15980779E-03	 0.16389920E-03
  6104.0000    	  6105.0000    	-0.21867110E-03	 0.13778019E-03
  6105.0000    	  6106.0000    	-0.64063380E-03	 0.40468409E-03
  6106.0000    	  6107.0000    	-0.17249713E-02	 0.50678522E-03
  6107.0000    	  6108.0000    	-0.67490016E-03	 0.51816189E-03
  6108.0000    	  6109.0000    	-0.65031601E-03	 0.45720873E-03
  6109.0000    	  6110.0000    	-0.20061848E-02	 0.41170204E-03
  6110.0000    	  6111.0000    	-0.15616411E-02	 0.39869630E-03
  6111.0000    	  6112.0000    	-0.77624454E-03	 0.33378682E-03
  6112.0000    	  6113.0000    	-0.49129259E-03	 0.33818475E-03
  6113.0000    	  6114.0000    	 0.43063885E-04	 0.23023183E-03
  6114.0000    	  6115.0000    	-0.23224632E-03	 0.19431161E-03
  6115.0000    	  6116.0000    	-0.70198170E-04	 0.11852698E-03
  6116.0000    	  6117.0000    	-0.50555966E-03	 0.49546457E-03
  6117.0000    	  6118.0000    	-0.91516824E-03	 0.51767681E-03
  6118.0000    	  6119.0000    	-0.68251185E-03	 0.42143716E-03
  6119.0000    	  6120.0000    	-0.10916907E-02	 0.42951538E-03
  6120.0000    	  6121.0000    	-0.15559042E-02	 0.38565602E-03
  6121.0000    	  6122.0000    	-0.76245708E-03	 0.32924532E-03
  6122.0000    	  6123.0000    	-0.68364979E-03	 0.36530775E-03
  6123.0000    	  6124.0000    	-0.46129324E-03	 0.30452856E-03
  6124.0000    	  6125.0000    	-0.43701194E-03	 0.25794332E-03
  6125.0000    	  6126.0000    	-0.46116946E-03	 0.20725179E-03
  6126.0000    	  6127.0000    	-0.57459284E-06	 0.13423835E-03
  6127.0000    	  6128.0000    	-0.71655566E-03	 0.53878253E-03
  6128.0000    	  6129.0000    	-0.12120337E-02	 0.53454133E-03
  6129.0000    	  6130.0000    	-0.14031885E-02	 0.38729770E-03
  6130.0000    	  6131.0000    	-0.18985013E-02	 0.44079683E-03
  6131.0000    	  6132.0000    	-0.96632881E-03	 0.42637735E-03
  6132.0000    	  6133.0000    	 0.14143703E-03	 0.38640165E-03
  6133.0000    	  6134.0000    	-0.73441261E-03	 0.30669519E-03
  6134.0000    	  6135.0000    	-0.18761419E-03	 0.33605819E-03
  6135.0000    	  6136.0000    	-0.11247533E-03	 0.23446578E-03
  6136.0000    	  6137.0000    	 0.53750750E-04	 0.16842661E-03
  6137.0000    	  6138.0000    	 0.65008433E-04	 0.16258788E-03
  6138.0000    	  6139.0000    	-0.11201005E-02	 0.50133949E-03
  6139.0000    	  6140.0000    	-0.17175728E-02	 0.50517610E-03
  6140.0000    	  6141.0000    	-0.11270897E-02	 0.45107674E-03
  6141.0000    	  6142.0000    	-0.12405860E-02	 0.43479103E-03
  6142.0000    	  6143.0000    	-0.10342499E-02	 0.40912658E-03
  6143.0000    	  6144.0000    	-0.19238581E-02	 0.46746709E-03
  6144.0000    	  6145.0000    	-0.10329839E-02	 0.31182041E-03
  6145.0000    	  6146.0000    	-0.13939739E-03	 0.26570769E-03
  6146.0000    	  6147.0000    	-0.74147373E-03	 0.24175120E-03
  6147.0000    	  6148.0000    	-0.15376014E-03	 0.18184319E-03
  6148.0000    	  6149.0000    	-0.35054129E-04	 0.14179087E-03
  6149.0000    	  6150.0000    	-0.10318730E-02	 0.49031385E-03
  6150.0000    	  6151.0000    	-0.94850752E-03	 0.45773126E-03
  6151.0000    	  6152.0000    	-0.13046183E-02	 0.39664625E-03
  6152.0000    	  6153.0000    	-0.16171576E-02	 0.43026357E-03
  6153.0000    	  6154.0000    	-0.11022025E-02	 0.43023872E-03
  6154.0000    	  6155.0000    	-0.20615356E-03	 0.38127209E-03
  6155.0000    	  6156.0000    	-0.36850493E-03	 0.33509850E-03
  6156.0000    	  6157.0000    	-0.86743329E-03	 0.30908304E-03
  6157.0000    	  6158.0000    	-0.41413331E-03	 0.24323867E-03
  6158.0000    	  6159.0000    	-0.31536407E-03	 0.21015978E-03
  6159.0000    	  6160.0000    	-0.10746721E-03	 0.12170476E-03
  6160.0000    	  6161.0000    	-0.80724034E-03	 0.47969152E-03
  6161.0000    	  6162.0000    	-0.14831525E-03	 0.45375287E-03
  6162.0000    	  6163.0000    	-0.15553969E-02	 0.44882364E-03
  6163.0000    	  6164.0000    	-0.13603955E-02	 0.42702423E-03
  6164.0000    	  6165.0000    	-0.13475785E-02	 0.38918892E-03
  6165.0000    	  6166.0000    	-0.83328809E-03	 0.35961631E-03
  6166.0000    	  6167.0000    	-0.81414702E-03	 0.30720890E-03
  6167.0000    	  6168.0000    	 0.99525761E-04	 0.32218770E-03
  6168.0000    	  6169.0000    	-0.18438843E-03	 0.21685747E-03
  6169.0000    	  6170.0000    	-0.11406953E-03	 0.18596733E-03
  6170.0000    	  6171.0000    	 0.59791580E-04	 0.13197223E-03
  6171.0000    	  6172.0000    	-0.12312247E-02	 0.55715294E-03
  6172.0000    	  6173.0000    	-0.14236290E-02	 0.42006251E-03
  6173.0000    	  6174.0000    	-0.15225586E-02	 0.45082724E-03
  6174.0000    	  6175.0000    	-0.66383297E-03	 0.35862497E-03
  6175.0000    	  6176.0000    	-0.10162114E-02	 0.37433851E-03
  6176.0000    	  6177.0000    	-0.99009630E-03	 0.37558582E-03
  6177.0000    	  6178.0000    	-0.10028456E-02	 0.35676063E-03
  6178.0000    	  6179.0000    	-0.50611764E-03	 0.31822986E-03
  6179.0000    	  6180.0000    	-0.37040029E-03	 0.22100004E-03
  6180.0000    	  6181.0000    	-0.43639111E-04	 0.20058469E-03
  6181.0000    	  6182.0000    	-0.20751704E-05	 0.84877215E-04
  6182.0000    	  6183.0000    	-0.47679262E-03	 0.48022053E-03
  6183.0000    	  6184.0000    	-0.12976862E-02	 0.48434282E-03
  6184.0000    	  6185.0000    	-0.11391642E-02	 0.47081146E-03
  6185.0000    	  6186.0000    	-0.10662563E-02	 0.40660767E-03
  6186.0000    	  6187.0000    	-0.15569668E-02	 0.36117495E-03
  6187.0000    	  6188.0000    	-0.31956663E-03	 0.35530146E-03
  6188.0000    	  6189.0000    	-0.72768697E-03	 0.34648024E-03
  6189.0000    	  6190.0000    	 0.66180743E-04	 0.25345054E-03
  6190.0000    	  6191.0000    	-0.50612512E-03	 0.25515717E-03
  6191.0000    	  6192.0000    	-0.17778763E-03	 0.17097227E-03
  6192.0000    	  6193.0000    	-0.41046579E-04	 0.11800410E-03
  6193.0000    	  6194.0000    	-0.14634479E-02	 0.49726734E-03
  6194.0000    	  6195.0000    	-0.36067617E-03	 0.46226518E-03
  6195.0000    	  6196.0000    	-0.78755797E-03	 0.44959688E-03
  6196.0000    	  6197.0000    	-0.11603777E-02	 0.39540050E-03
  6197.0000    	  6198.0000    	-0.10227550E-02	 0.37951174E-03
  6198.0000    	  6199.0000    	-0.99579919E-03	 0.35376045E-03
  6199.0000    	  6200.0000    	-0.82500804E-03	 0.23371065E-03
  6200.0000    	  6201.0000    	 0.21829403E-05	 0.25223984E-03
  6201.0000    	  6202.0000    	-0.25186998E-03	 0.18833833E-03
  6202.0000    	  6203.0000    	-0.28398992E-04	 0.13678777E-03
  6203.0000    	  6204.0000    	 0.31267124E-04	 0.54401682E-04
  6204.0000    	  6205.0000    	-0.11967998E-02	 0.41374341E-03
  6205.0000    	  6206.0000    	-0.91352511E-03	 0.52507586E-03
  6206.0000    	  6207.0000    	-0.10258668E-02	 0.41635838E-03
  6207.0000    	  6208.0000    	-0.18607204E-02	 0.42003557E-03
  6208.0000    	  6209.0000    	-0.13572368E-02	 0.37316835E-03
  6209.0000    	  6210.0000    	-0.59148912E-03	 0.33392062E-03
  6210.0000    	  6211.0000    	-0.97989915E-03	 0.27257555E-03
  6211.0000    	  6212.0000    	-0.68008006E-03	 0.30310246E-03
  6212.0000    	  6213.0000    	-0.18052981E-04	 0.22573128E-03
  6213.0000    	  6214.0000    	-0.25515657E-03	 0.15267790E-03
  6214.0000    	  6215.0000    	 0.85317548E-05	 0.13138130E-03
  6215.0000    	  6216.0000    	-0.76949542E-03	 0.47441537E-03
  6216.0000    	  6217.0000    	-0.14547710E-02	 0.44097008E-03
  6217.0000    	  6218.0000    	-0.48432392E-03	 0.44515146E-03
  6218.0000    	  6219.0000    	-0.40728011E-03	 0.40191633E-03
  6219.0000    	  6220.0000    	-0.10829574E-02	 0.38714748E-03
  6220.0000    	  6221.0000    	-0.53830420E-03	 0.35217430E-03
  6221.0000    	  6222.0000    	-0.38349077E-03	 0.32224506E-03
  6222.0000    	  6223.0000    	-0.58917347E-03	 0.29720934E-03
  6223.0000    	  6224.0000    	-0.31017993E-03	 0.24377257E-03
  6224.0000    	  6225.0000    	 0.30480321E-03	 0.18608695E-03
  6225.0000    	  6226.0000    	 0.19360275E-04	 0.11166096E-03
  6226.0000    	  6227.0000    	-0.14597366E-02	 0.49824974E-03
  6227.0000    	  6228.0000    	-0.63987463E-03	 0.44261146E-03
  6228.0000    	  6229.0000    	-0.20480821E-02	 0.44517415E-03
  6229.0000    	  6230.0000    	-0.12493948E-02	 0.44866547E-03
  6230.0000    	  6231.0000    	-0.88075231E-03	 0.43341113E-03
  6231.0000    	  6232.0000    	-0.11294350E-02	 0.36820053E-03
  6232.0000    	  6233.0000    	-0.43372783E-03	 0.30539795E-03
  6233.0000    	  6234.0000    	-0.68055824E-03	 0.27224505E-03
  6234.0000    	  6235.0000    	-0.41535678E-03	 0.21909492E-03
  6235.0000    	  6236.0000    	 0.29689129E-03	 0.16830022E-03
  6236.0000    	  6237.0000    	-0.91848277E-04	 0.13452484E-03
  6237.0000    	  6238.0000    	-0.50269610E-03	 0.45825486E-03
  6238.0000    	  6239.0000    	-0.15735148E-02	 0.42825267E-03
  6239.0000    	  6240.0000    	-0.99486828E-03	 0.41752153E-03
  6240.0000    	  6241.0000    	-0.93754767E-03	 0.37556907E-03
  6241.0000    	  6242.0000    	-0.10158337E-02	 0.40442067E-03
  6242.0000    	  6243.0000    	-0.93403199E-03	 0.36014928E-03
  6243.0000    	  6244.0000    	-0.83161965E-03	 0.32627130E-03
  6244.0000    	  6245.0000    	-0.71806045E-03	 0.28459044E-03
  6245.0000    	  6246.0000    	 0.12019838E-03	 0.20493906E-03
  6246.0000    	  6247.0000    	 0.42404154E-04	 0.19133593E-03
  6247.0000    	  6248.0000    	-0.71467935E-04	 0.12888826E-03
  6248.0000    	  6249.0000    	-0.77687456E-03	 0.50886548E-03
  6249.0000    	  6250.0000    	-0.69776159E-03	 0.44539279E-03
  6250.0000    	  6251.0000    	-0.13582278E-02	 0.39148202E-03
  6251.0000    	  6252.0000    	-0.14664175E-02	 0.39259496E-03
  6252.0000    	  6253.0000    	-0.79967050E-03	 0.39830315E-03
  6253.0000    	  6254.0000    	-0.81166303E-03	 0.41703815E-03
  6254.0000    	  6255.0000    	-0.51301848E-03	 0.31237979E-03
  6255.0000    	  6256.0000    	-0.10507410E-02	 0.28294903E-03
  6256.0000    	  6257.0000    	-0.25310848E-03	 0.23226784E-03
  6257.0000    	  6258.0000    	-0.27319543E-03	 0.23180387E-03
  6258.0000    	  6259.0000    	-0.92330865E-04	 0.12713682E-03
  6259.0000    	  6260.0000    	-0.85644425E-03	 0.47707897E-03
  6260.0000    	  6261.0000    	-0.14234298E-02	 0.45076806E-03
  6261.0000    	  6262.0000    	-0.12654675E-02	 0.35641242E-03
  6262.0000    	  6263.0000    	-0.13415935E-03	 0.40086919E-03
  6263.0000    	  6264.0000    	-0.56367943E-03	 0.34191312E-03
  6264.0000    	  6265.0000    	-0.86521235E-03	 0.34184027E-03
  6265.0000    	  6266.0000    	-0.24458475E-03	 0.35652558E-03
  6266.0000    	  6267.0000    	-0.34731457E-03	 0.26215299E-03
  6267.0000    	  6268.0000    	-0.79955196E-03	 0.21461003E-03
  6268.0000    	  6269.0000    	-0.17170089E-03	 0.16231242E-03
  6269.0000    	  6270.0000    	-0.16183035E-03	 0.10838689E-03
  6270.0000    	  6271.0000    	-0.98166948E-03	 0.44049983E-03
  6271.0000    	  6272.0000    	-0.68440273E-03	 0.40989877E-03
  6272.0000    	  6273.0000    	-0.14616394E-02	 0.37947321E-03
  6273.0000    	  6274.0000    	-0.13741640E-02	 0.37108021E-03
  6274.0000    	  6275.0000    	-0.77024427E-03	 0.38245430E-03
  6275.0000    	  6276.0000    	-0.32484123E-03	 0.31744621E-03
  6276.0000    	  6277.0000    	-0.56758279E-03	 0.27758238E-03
  6277.0000    	  6278.0000    	-0.49001648E-03	 0.26506830E-03
  6278.0000    	  6279.0000    	-0.30107373E-03	 0.23052381E-03
  6279.0000    	  6280.0000    	-0.60476637E-03	 0.18791442E-03
  6280.0000    	  6281.0000    	-0.21382356E-03	 0.94556532E-04
  6281.0000    	  6282.0000    	-0.79877427E-03	 0.40252818E-03
  6282.0000    	  6283.0000    	-0.96798916E-03	 0.51256986E-03
  6283.0000    	  6284.0000    	-0.11491389E-02	 0.49249491E-03
  6284.0000    	  6285.0000    	-0.11484538E-02	 0.37209796E-03
  6285.0000    	  6286.0000    	-0.85793150E-03	 0.40907605E-03
  6286.0000    	  6287.0000    	-0.10052279E-02	 0.37956300E-03
  6287.0000    	  6288.0000    	-0.79891637E-03	 0.31276741E-03
  6288.0000    	  6289.0000    	-0.74620991E-03	 0.25386116E-03
  6289.0000    	  6290.0000    	-0.44406529E-03	 0.23712191E-03
  6290.0000    	  6291.0000    	-0.31779172E-03	 0.16820016E-03
  6291.0000    	  6292.0000    	-0.30969726E-03	 0.12291123E-03
  6292.0000    	  6293.0000    	-0.10729261E-02	 0.43904888E-03
  6293.0000    	  6294.0000    	-0.15929480E-02	 0.44995996E-03
  6294.0000    	  6295.0000    	-0.15563331E-02	 0.43404837E-03
  6295.0000    	  6296.0000    	-0.96201816E-03	 0.39840770E-03
  6296.0000    	  6297.0000    	-0.40212431E-03	 0.36861892E-03
  6297.0000    	  6298.0000    	-0.46520221E-03	 0.36755777E-03
  6298.0000    	  6299.0000    	-0.62260495E-03	 0.30582454E-03
  6299.0000    	  6300.0000    	-0.23760431E-03	 0.23778028E-03
  6300.0000    	  6301.0000    	 0.38875173E-04	 0.21266124E-03
  6301.0000    	  6302.0000    	 0.39641318E-04	 0.15563471E-03
  6302.0000    	  6303.0000    	-0.18621795E-03	 0.11565202E-03
  6303.0000    	  6304.0000    	-0.88473174E-03	 0.38085058E-03
  6304.0000    	  6305.0000    	-0.63132319E-03	 0.44657558E-03
  6305.0000    	  6306.0000    	-0.77707079E-03	 0.42927701E-03
  6306.0000    	  6307.0000    	-0.99974980E-03	 0.36183969E-03
  6307.0000    	  6308.0000    	-0.96574137E-03	 0.43272613E-03
  6308.0000    	  6309.0000    	-0.63551407E-03	 0.39996229E-03
  6309.0000    	  6310.0000    	-0.30701945E-03	 0.35883162E-03
  6310.0000    	  6311.0000    	-0.32345899E-03	 0.27327675E-03
  6311.0000    	  6312.0000    	-0.55977701E-03	 0.22211683E-03
  6312.0000    	  6313.0000    	 0.26543693E-03	 0.12196050E-03
  6313.0000    	  6314.0000    	-0.31765009E-04	 0.11747997E-03
  6314.0000    	  6315.0000    	-0.13326812E-02	 0.40491510E-03
  6315.0000    	  6316.0000    	-0.88863597E-03	 0.39986428E-03
  6316.0000    	  6317.0000    	-0.10705033E-02	 0.47290306E-03
  6317.0000    	  6318.0000    	-0.16325779E-02	 0.46021995E-03
  6318.0000    	  6319.0000    	-0.13500355E-02	 0.34353929E-03
  6319.0000    	  6320.0000    	-0.77404875E-03	 0.38202264E-03
  6320.0000    	  6321.0000    	-0.50613214E-03	 0.33505224E-03
  6321.0000    	  6322.0000    	-0.57363743E-03	 0.31695303E-03
  6322.0000    	  6323.0000    	-0.25767814E-03	 0.21844212E-03
  6323.0000    	  6324.0000    	-0.20421745E-03	 0.16124794E-03
  6324.0000    	  6325.0000    	 0.17295262E-05	 0.11092087E-03
  6325.0000    	  6326.0000    	-0.11691981E-02	 0.41620803E-03
  6326.0000    	  6327.0000    	-0.14007094E-02	 0.42517079E-03
  6327.0000    	  6328.0000    	-0.66217934E-03	 0.39579270E-03
  6328.0000    	  6329.0000    	-0.75238805E-03	 0.37157631E-03
  6329.0000    	  6330.0000    	-0.83720513E-03	 0.39822691E-03
  6330.0000    	  6331.0000    	-0.45773102E-03	 0.33161130E-03
  6331.0000    	  6332.0000    	-0.22771896E-03	 0.27923386E-03
  6332.0000    	  6333.0000    	-0.74098021E-03	 0.29691229E-03
  6333.0000    	  6334.0000    	-0.47233438E-03	 0.22292991E-03
  6334.0000    	  6335.0000    	 0.18756040E-03	 0.17186905E-03
  6335.0000    	  6336.0000    	-0.19543606E-03	 0.11904110E-03
  6336.0000    	  6337.0000    	-0.15249352E-02	 0.40489391E-03
  6337.0000    	  6338.0000    	-0.76086916E-03	 0.42477016E-03
  6338.0000    	  6339.0000    	-0.10092192E-02	 0.39872547E-03
  6339.0000    	  6340.0000    	-0.80912479E-03	 0.42732846E-03
  6340.0000    	  6341.0000    	-0.90473819E-03	 0.41050895E-03
  6341.0000    	  6342.0000    	-0.73352960E-03	 0.32806270E-03
  6342.0000    	  6343.0000    	-0.92676663E-03	 0.28815854E-03
  6343.0000    	  6344.0000    	-0.80471125E-04	 0.28257073E-03
  6344.0000    	  6345.0000    	-0.44371553E-03	 0.21647480E-03
  6345.0000    	  6346.0000    	-0.91575938E-04	 0.17907532E-03
  6346.0000    	  6347.0000    	 0.50023989E-05	 0.57883580E-04
  6347.0000    	  6348.0000    	-0.91247991E-03	 0.46719225E-03
  6348.0000    	  6349.0000    	-0.92995981E-03	 0.40841036E-03
  6349.0000    	  6350.0000    	-0.13492916E-02	 0.42504372E-03
  6350.0000    	  6351.0000    	-0.14293406E-02	 0.38847366E-03
  6351.0000    	  6352.0000    	-0.13479292E-02	 0.38216823E-03
  6352.0000    	  6353.0000    	-0.12800918E-02	 0.34140707E-03
  6353.0000    	  6354.0000    	-0.10293821E-02	 0.32386085E-03
  6354.0000    	  6355.0000    	-0.41925341E-03	 0.29060771E-03
  6355.0000    	  6356.0000    	-0.42975895E-03	 0.19364232E-03
  6356.0000    	  6357.0000    	-0.23424094E-03	 0.18165397E-03
  6357.0000    	  6358.0000    	-0.17748627E-03	 0.13383815E-03
  6358.0000    	  6359.0000    	-0.79552344E-03	 0.43118882E-03
  6359.0000    	  6360.0000    	-0.95037725E-03	 0.40942763E-03
  6360.0000    	  6361.0000    	-0.75151371E-03	 0.37667837E-03
  6361.0000    	  6362.0000    	-0.27866916E-03	 0.41331859E-03
  6362.0000    	  6363.0000    	-0.43485635E-03	 0.38175072E-03
  6363.0000    	  6364.0000    	-0.64744223E-03	 0.35189697E-03
  6364.0000    	  6365.0000    	-0.50932624E-03	 0.30094364E-03
  6365.0000    	  6366.0000    	-0.36968527E-03	 0.28073279E-03
  6366.0000    	  6367.0000    	 0.57546739E-04	 0.21346210E-03
  6367.0000    	  6368.0000    	-0.21619602E-03	 0.18915469E-03
  6368.0000    	  6369.0000    	 0.45585169E-04	 0.90964326E-04
  6369.0000    	  6370.0000    	-0.11717686E-02	 0.46404869E-03
  6370.0000    	  6371.0000    	-0.12849828E-02	 0.44736414E-03
  6371.0000    	  6372.0000    	-0.11217734E-02	 0.41443117E-03
  6372.0000    	  6373.0000    	-0.73405043E-03	 0.36778064E-03
  6373.0000    	  6374.0000    	-0.10998527E-02	 0.38436647E-03
  6374.0000    	  6375.0000    	-0.11058718E-02	 0.34741530E-03
  6375.0000    	  6376.0000    	-0.10620333E-02	 0.29182853E-03
  6376.0000    	  6377.0000    	-0.23779781E-03	 0.28676395E-03
  6377.0000    	  6378.0000    	-0.27506364E-03	 0.19390276E-03
  6378.0000    	  6379.0000    	-0.32105998E-03	 0.19431208E-03
  6379.0000    	  6380.0000    	 0.38480612E-05	 0.83510435E-04
  6380.0000    	  6381.0000    	-0.64922040E-03	 0.39584307E-03
  6381.0000    	  6382.0000    	-0.48650620E-03	 0.46774860E-03
  6382.0000    	  6383.0000    	-0.91454196E-03	 0.35318463E-03
  6383.0000    	  6384.0000    	-0.68445107E-03	 0.33119299E-03
  6384.0000    	  6385.0000    	-0.55962953E-03	 0.38293594E-03
  6385.0000    	  6386.0000    	-0.54391621E-03	 0.32690893E-03
  6386.0000    	  6387.0000    	-0.31665330E-03	 0.29523075E-03
  6387.0000    	  6388.0000    	-0.55278301E-03	 0.26407412E-03
  6388.0000    	  6389.0000    	-0.19249193E-03	 0.18489883E-03
  6389.0000    	  6390.0000    	-0.18374942E-03	 0.13701930E-03
  6390.0000    	  6391.0000    	-0.11166795E-03	 0.12570134E-03
  6391.0000    	  6392.0000    	-0.20101055E-02	 0.42611786E-03
  6392.0000    	  6393.0000    	-0.10808124E-02	 0.42390501E-03
  6393.0000    	  6394.0000    	-0.15582424E-03	 0.45496870E-03
  6394.0000    	  6395.0000    	-0.83496248E-03	 0.37633285E-03
  6395.0000    	  6396.0000    	-0.15774842E-02	 0.41445176E-03
  6396.0000    	  6397.0000    	-0.80229808E-03	 0.31231952E-03
  6397.0000    	  6398.0000    	-0.82919864E-03	 0.30658341E-03
  6398.0000    	  6399.0000    	 0.14339832E-04	 0.28121109E-03
  6399.0000    	  6400.0000    	-0.60657240E-03	 0.23070507E-03
  6400.0000    	  6401.0000    	 0.39580955E-03	 0.19891391E-03
  6401.0000    	  6402.0000    	-0.14371638E-03	 0.12384525E-03
  6402.0000    	  6403.0000    	-0.11782442E-02	 0.41810910E-03
  6403.0000    	  6404.0000    	-0.10283385E-02	 0.35965432E-03
  6404.0000    	  6405.0000    	-0.51610255E-03	 0.39362684E-03
  6405.0000    	  6406.0000    	-0.14042285E-02	 0.39640507E-03
  6406.0000    	  6407.0000    	-0.16806390E-03	 0.35026513E-03
  6407.0000    	  6408.0000    	-0.12893056E-02	 0.31864708E-03
  6408.0000    	  6409.0000    	-0.13986216E-03	 0.25807674E-03
  6409.0000    	  6410.0000    	-0.18019062E-03	 0.26738002E-03
  6410.0000    	  6411.0000    	-0.95605157E-04	 0.22287663E-03
  6411.0000    	  6412.0000    	 0.13879795E-03	 0.14261125E-03
  6412.0000    	  6413.0000    	 0.40636069E-04	 0.12831175E-03
  6413.0000    	  6414.0000    	-0.11280560E-02	 0.41609573E-03
  6414.0000    	  6415.0000    	-0.53883469E-03	 0.35077873E-03
  6415.0000    	  6416.0000    	-0.79505734E-03	 0.37529559E-03
  6416.0000    	  6417.0000    	-0.96267564E-03	 0.39369325E-03
  6417.0000    	  6418.0000    	-0.82968150E-03	 0.29382498E-03
  6418.0000    	  6419.0000    	-0.11349525E-02	 0.35651786E-03
  6419.0000    	  6420.0000    	-0.68924023E-03	 0.25374590E-03
  6420.0000    	  6421.0000    	-0.39215827E-03	 0.20781395E-03
  6421.0000    	  6422.0000    	-0.24993152E-03	 0.21784882E-03
  6422.0000    	  6423.0000    	-0.22729193E-03	 0.15363042E-03
  6423.0000    	  6424.0000    	-0.40824287E-03	 0.14156333E-03
  6424.0000    	  6425.0000    	-0.14622330E-02	 0.48033732E-03
  6425.0000    	  6426.0000    	-0.64681121E-03	 0.37218183E-03
  6426.0000    	  6427.0000    	-0.97131148E-03	 0.44880539E-03
  6427.0000    	  6428.0000    	-0.27670438E-03	 0.35534029E-03
  6428.0000    	  6429.0000    	-0.85013493E-03	 0.32873935E-03
  6429.0000    	  6430.0000    	-0.46558624E-03	 0.27551220E-03
  6430.0000    	  6431.0000    	-0.40922497E-03	 0.27383430E-03
  6431.0000    	  6432.0000    	-0.47051952E-03	 0.26995521E-03
  6432.0000    	  6433.0000    	-0.96139721E-04	 0.16509121E-03
  6433.0000    	  6434.0000    	-0.23150545E-03	 0.13386816E-03
  6434.0000    	  6435.0000    	 0.13875229E-03	 0.10104628E-03
  6435.0000    	  6436.0000    	-0.15692244E-02	 0.43920325E-03
  6436.0000    	  6437.0000    	-0.86853407E-03	 0.40876787E-03
  6437.0000    	  6438.0000    	-0.58199079E-03	 0.38637683E-03
  6438.0000    	  6439.0000    	-0.73368895E-03	 0.33533602E-03
  6439.0000    	  6440.0000    	-0.64876566E-03	 0.37163212E-03
  6440.0000    	  6441.0000    	-0.60263631E-03	 0.32718618E-03
  6441.0000    	  6442.0000    	-0.26415863E-04	 0.28149651E-03
  6442.0000    	  6443.0000    	-0.43454670E-03	 0.23883453E-03
  6443.0000    	  6444.0000    	-0.43944451E-03	 0.23215816E-03
  6444.0000    	  6445.0000    	 0.23532310E-04	 0.17376922E-03
  6445.0000    	  6446.0000    	-0.16528657E-03	 0.11964162E-03
  6446.0000    	  6447.0000    	-0.15042008E-02	 0.38040365E-03
  6447.0000    	  6448.0000    	-0.63499667E-03	 0.41725371E-03
  6448.0000    	  6449.0000    	-0.12095203E-02	 0.42000845E-03
  6449.0000    	  6450.0000    	-0.42042957E-03	 0.36125793E-03
  6450.0000    	  6451.0000    	-0.68829207E-03	 0.30643741E-03
  6451.0000    	  6452.0000    	-0.90973953E-03	 0.32719133E-03
  6452.0000    	  6453.0000    	-0.83277955E-03	 0.28309640E-03
  6453.0000    	  6454.0000    	-0.83416889E-03	 0.27517502E-03
  6454.0000    	  6455.0000    	-0.55520328E-03	 0.23770611E-03
  6455.0000    	  6456.0000    	-0.18886802E-03	 0.15665689E-03
  6456.0000    	  6457.0000    	-0.20511483E-04	 0.10840908E-03
  6457.0000    	  6458.0000    	-0.12922637E-02	 0.35682956E-03
  6458.0000    	  6459.0000    	-0.12813575E-02	 0.45063060E-03
  6459.0000    	  6460.0000    	-0.54018766E-03	 0.42185373E-03
  6460.0000    	  6461.0000    	-0.18563318E-02	 0.34500982E-03
  6461.0000    	  6462.0000    	-0.66656092E-03	 0.33445698E-03
  6462.0000    	  6463.0000    	 0.11615984E-03	 0.43532657E-03
  6463.0000    	  6464.0000    	-0.25844741E-03	 0.33684525E-03
  6464.0000    	  6465.0000    	-0.36956398E-03	 0.21034052E-03
  6465.0000    	  6466.0000    	-0.40192973E-03	 0.21101582E-03
  6466.0000    	  6467.0000    	-0.11727919E-03	 0.15542572E-03
  6467.0000    	  6468.0000    	-0.69350942E-04	 0.91875186E-04
  6468.0000    	  6469.0000    	-0.66473010E-03	 0.42286606E-03
  6469.0000    	  6470.0000    	-0.14937845E-02	 0.41241291E-03
  6470.0000    	  6471.0000    	-0.43716625E-03	 0.42777146E-03
  6471.0000    	  6472.0000    	-0.40229332E-03	 0.32007500E-03
  6472.0000    	  6473.0000    	-0.87564650E-03	 0.39478219E-03
  6473.0000    	  6474.0000    	-0.26545695E-03	 0.31734248E-03
  6474.0000    	  6475.0000    	-0.10328713E-02	 0.30289560E-03
  6475.0000    	  6476.0000    	 0.14961684E-03	 0.25689453E-03
  6476.0000    	  6477.0000    	 0.22490709E-04	 0.19027009E-03
  6477.0000    	  6478.0000    	-0.18518833E-03	 0.18323145E-03
  6478.0000    	  6479.0000    	-0.72156293E-04	 0.88094539E-04
  6479.0000    	  6480.0000    	-0.71192845E-03	 0.38332613E-03
  6480.0000    	  6481.0000    	-0.58469043E-03	 0.39027203E-03
  6481.0000    	  6482.0000    	-0.73427246E-03	 0.41788670E-03
  6482.0000    	  6483.0000    	-0.49916738E-03	 0.37406962E-03
  6483.0000    	  6484.0000    	-0.59499120E-03	 0.34930265E-03
  6484.0000    	  6485.0000    	-0.58370093E-03	 0.29648871E-03
  6485.0000    	  6486.0000    	-0.56064589E-03	 0.26331302E-03
  6486.0000    	  6487.0000    	-0.55967240E-03	 0.22440846E-03
  6487.0000    	  6488.0000    	-0.26060390E-03	 0.19140097E-03
  6488.0000    	  6489.0000    	-0.31411589E-03	 0.13385479E-03
  6489.0000    	  6490.0000    	-0.71132491E-04	 0.12675261E-03
  6490.0000    	  6491.0000    	-0.95309285E-03	 0.36402313E-03
  6491.0000    	  6492.0000    	-0.13780390E-02	 0.43969845E-03
  6492.0000    	  6493.0000    	 0.37886508E-03	 0.37136997E-03
  6493.0000    	  6494.0000    	-0.10154596E-02	 0.36684903E-03
  6494.0000    	  6495.0000    	-0.54997317E-03	 0.29141106E-03
  6495.0000    	  6496.0000    	-0.52882165E-03	 0.29717018E-03
  6496.0000    	  6497.0000    	-0.45413333E-03	 0.25073067E-03
  6497.0000    	  6498.0000    	-0.12578095E-03	 0.26127980E-03
  6498.0000    	  6499.0000    	-0.30846985E-03	 0.17270877E-03
  6499.0000    	  6500.0000    	-0.80664266E-04	 0.17659397E-03
  6500.0000    	  6501.0000    	 0.42305160E-04	 0.77455684E-04
  6501.0000    	  6502.0000    	-0.14085261E-02	 0.41105202E-03
  6502.0000    	  6503.0000    	-0.11173207E-02	 0.39237158E-03
  6503.0000    	  6504.0000    	-0.96467739E-03	 0.33928343E-03
  6504.0000    	  6505.0000    	-0.86671604E-03	 0.34728943E-03
  6505.0000    	  6506.0000    	-0.61898424E-03	 0.31381550E-03
  6506.0000    	  6507.0000    	-0.80157341E-03	 0.33603097E-03
  6507.0000    	  6508.0000    	-0.80424158E-03	 0.27790701E-03
  6508.0000    	  6509.0000    	-0.82794729E-03	 0.28021557E-03
  6509.0000    	  6510.0000    	-0.43654400E-03	 0.20208350E-03
  6510.0000    	  6511.0000    	-0.74871069E-04	 0.16403921E-03
  6511.0000    	  6512.0000    	 0.14792517E-03	 0.11368082E-03
  6512.0000    	  6513.0000    	-0.12069571E-03	 0.34821390E-03
  6513.0000    	  6514.0000    	-0.81815020E-03	 0.39656904E-03
  6514.0000    	  6515.0000    	-0.63021939E-03	 0.34828542E-03
  6515.0000    	  6516.0000    	-0.13833860E-02	 0.34749255E-03
  6516.0000    	  6517.0000    	-0.20933793E-02	 0.39183531E-03
  6517.0000    	  6518.0000    	-0.53555475E-03	 0.31442321E-03
  6518.0000    	  6519.0000    	-0.86139051E-03	 0.28030505E-03
  6519.0000    	  6520.0000    	-0.57340539E-03	 0.25445293E-03
  6520.0000    	  6521.0000    	-0.31772377E-03	 0.19199611E-03
  6521.0000    	  6522.0000    	-0.32727052E-03	 0.18946370E-03
  6522.0000    	  6523.0000    	-0.56585175E-04	 0.81103300E-04
  6523.0000    	  6524.0000    	-0.84386573E-03	 0.41356871E-03
  6524.0000    	  6525.0000    	-0.93356304E-03	 0.39165708E-03
  6525.0000    	  6526.0000    	-0.86476593E-03	 0.35599993E-03
  6526.0000    	  6527.0000    	-0.38586283E-03	 0.32931156E-03
  6527.0000    	  6528.0000    	-0.45549315E-03	 0.34994548E-03
  6528.0000    	  6529.0000    	-0.42290635E-03	 0.29712255E-03
  6529.0000    	  6530.0000    	-0.50890598E-03	 0.32876708E-03
  6530.0000    	  6531.0000    	-0.12546687E-03	 0.22512535E-03
  6531.0000    	  6532.0000    	 0.42669417E-04	 0.20271941E-03
  6532.0000    	  6533.0000    	-0.14316297E-04	 0.15133173E-03
  6533.0000    	  6534.0000    	-0.13695253E-04	 0.10188766E-03
  6534.0000    	  6535.0000    	-0.11440614E-02	 0.43501293E-03
  6535.0000    	  6536.0000    	-0.16112121E-02	 0.40615363E-03
  6536.0000    	  6537.0000    	-0.13593376E-02	 0.36950305E-03
  6537.0000    	  6538.0000    	-0.60048862E-03	 0.32309815E-03
  6538.0000    	  6539.0000    	-0.69085963E-03	 0.32273056E-03
  6539.0000    	  6540.0000    	-0.97832361E-03	 0.31584511E-03
  6540.0000    	  6541.0000    	-0.59002500E-03	 0.26226600E-03
  6541.0000    	  6542.0000    	-0.14453202E-04	 0.19155509E-03
  6542.0000    	  6543.0000    	-0.68959969E-04	 0.23707697E-03
  6543.0000    	  6544.0000    	-0.16007443E-03	 0.16481054E-03
  6544.0000    	  6545.0000    	 0.35269851E-04	 0.77002493E-04
  6545.0000    	  6546.0000    	-0.10763928E-02	 0.42540746E-03
  6546.0000    	  6547.0000    	-0.49954689E-03	 0.33822572E-03
  6547.0000    	  6548.0000    	-0.60532496E-03	 0.37425502E-03
  6548.0000    	  6549.0000    	-0.26241664E-04	 0.32448318E-03
  6549.0000    	  6550.0000    	-0.39526854E-03	 0.33199044E-03
  6550.0000    	  6551.0000    	-0.51325261E-03	 0.30728533E-03
  6551.0000    	  6552.0000    	-0.56803894E-03	 0.28245836E-03
  6552.0000    	  6553.0000    	-0.40350951E-03	 0.23239505E-03
  6553.0000    	  6554.0000    	 0.33123802E-04	 0.20614063E-03
  6554.0000    	  6555.0000    	-0.21172644E-03	 0.16616163E-03
  6555.0000    	  6556.0000    	 0.59126969E-04	 0.73391832E-04
  6556.0000    	  6557.0000    	-0.24520718E-03	 0.39253841E-03
  6557.0000    	  6558.0000    	-0.45976688E-03	 0.37681084E-03
  6558.0000    	  6559.0000    	-0.11116717E-02	 0.32831541E-03
  6559.0000    	  6560.0000    	-0.87345945E-03	 0.32712196E-03
  6560.0000    	  6561.0000    	-0.12371427E-03	 0.25149843E-03
  6561.0000    	  6562.0000    	-0.42243396E-03	 0.32399039E-03
  6562.0000    	  6563.0000    	-0.85837715E-04	 0.28396418E-03
  6563.0000    	  6564.0000    	-0.38960858E-03	 0.24308725E-03
  6564.0000    	  6565.0000    	-0.66199534E-03	 0.16898812E-03
  6565.0000    	  6566.0000    	 0.15951352E-03	 0.12445297E-03
  6566.0000    	  6567.0000    	-0.17298097E-03	 0.11756564E-03
  6567.0000    	  6568.0000    	-0.74352446E-03	 0.33445571E-03
  6568.0000    	  6569.0000    	-0.98997437E-03	 0.35036189E-03
  6569.0000    	  6570.0000    	-0.44066752E-03	 0.34692850E-03
  6570.0000    	  6571.0000    	-0.71136093E-03	 0.30902298E-03
  6571.0000    	  6572.0000    	-0.55611383E-03	 0.27741353E-03
  6572.0000    	  6573.0000    	-0.55956101E-03	 0.30977136E-03
  6573.0000    	  6574.0000    	-0.54068378E-03	 0.22597737E-03
  6574.0000    	  6575.0000    	-0.94078328E-03	 0.24823357E-03
  6575.0000    	  6576.0000    	-0.32096488E-03	 0.18057155E-03
  6576.0000    	  6577.0000    	-0.65961051E-04	 0.14356127E-03
  6577.0000    	  6578.0000    	 0.41203442E-04	 0.11879754E-03
  6578.0000    	  6579.0000    	-0.32042211E-03	 0.34622238E-03
  6579.0000    	  6580.0000    	-0.43671789E-03	 0.39728185E-03
  6580.0000    	  6581.0000    	-0.96135630E-03	 0.32808485E-03
  6581.0000    	  6582.0000    	-0.11341911E-02	 0.33034378E-03
  6582.0000    	  6583.0000    	-0.64977845E-03	 0.31785554E-03
  6583.0000    	  6584.0000    	-0.85089241E-03	 0.31120193E-03
  6584.0000    	  6585.0000    	-0.22545706E-03	 0.27033294E-03
  6585.0000    	  6586.0000    	-0.15637521E-03	 0.22807736E-03
  6586.0000    	  6587.0000    	-0.22665732E-03	 0.16516185E-03
  6587.0000    	  6588.0000    	-0.30496957E-03	 0.15153556E-03
  6588.0000    	  6589.0000    	 0.26181994E-04	 0.99638893E-04
  6589.0000    	  6590.0000    	-0.11256787E-02	 0.38782219E-03
  6590.0000    	  6591.0000    	-0.77058850E-03	 0.40236501E-03
  6591.0000    	  6592.0000    	-0.10528528E-02	 0.31613194E-03
  6592.0000    	  6593.0000    	-0.40673962E-03	 0.33731717E-03
  6593.0000    	  6594.0000    	-0.65320661E-03	 0.28640000E-03
  6594.0000    	  6595.0000    	-0.93384353E-03	 0.28696698E-03
  6595.0000    	  6596.0000    	-0.73040617E-03	 0.26220713E-03
  6596.0000    	  6597.0000    	-0.45644290E-03	 0.22137123E-03
  6597.0000    	  6598.0000    	-0.54084145E-03	 0.20994543E-03
  6598.0000    	  6599.0000    	 0.20792822E-03	 0.12186537E-03
  6599.0000    	  6600.0000    	-0.18623151E-03	 0.86433523E-04
  6600.0000    	  6601.0000    	-0.13213475E-02	 0.38590014E-03
  6601.0000    	  6602.0000    	-0.11048260E-02	 0.41144147E-03
  6602.0000    	  6603.0000    	-0.59091889E-03	 0.33897659E-03
  6603.0000    	  6604.0000    	-0.10388236E-02	 0.33020174E-03
  6604.0000    	  6605.0000    	 0.50624625E-04	 0.29278204E-03
  6605.0000    	  6606.0000    	-0.92175955E-04	 0.28023630E-03
  6606.0000    	  6607.0000    	 0.51690767E-03	 0.30701334E-03
  6607.0000    	  6608.0000    	-0.69574660E-03	 0.22976528E-03
  6608.0000    	  6609.0000    	-0.24033804E-03	 0.18221736E-03
  6609.0000    	  6610.0000    	-0.72419047E-04	 0.10931711E-03
  6610.0000    	  6611.0000    	 0.17603796E-03	 0.73605575E-04
  6611.0000    	  6612.0000    	-0.12552360E-02	 0.31618751E-03
  6612.0000    	  6613.0000    	-0.89689468E-03	 0.39458797E-03
  6613.0000    	  6614.0000    	-0.86858210E-03	 0.38145659E-03
  6614.0000    	  6615.0000    	-0.10555081E-02	 0.36579756E-03
  6615.0000    	  6616.0000    	-0.98847986E-03	 0.27716453E-03
  6616.0000    	  6617.0000    	-0.41055430E-03	 0.22782587E-03
  6617.0000    	  6618.0000    	-0.63393059E-04	 0.26241895E-03
  6618.0000    	  6619.0000    	-0.27651732E-03	 0.20727972E-03
  6619.0000    	  6620.0000    	-0.26790673E-03	 0.19388732E-03
  6620.0000    	  6621.0000    	-0.26728547E-03	 0.14337750E-03
  6621.0000    	  6622.0000    	 0.14062930E-03	 0.68268536E-04
  6622.0000    	  6623.0000    	-0.10343397E-02	 0.37857150E-03
  6623.0000    	  6624.0000    	-0.77784409E-03	 0.34572999E-03
  6624.0000    	  6625.0000    	-0.81806264E-03	 0.38634433E-03
  6625.0000    	  6626.0000    	-0.74168290E-03	 0.35692720E-03
  6626.0000    	  6627.0000    	-0.78193567E-03	 0.30102630E-03
  6627.0000    	  6628.0000    	 0.13063359E-03	 0.26004760E-03
  6628.0000    	  6629.0000    	-0.46919870E-03	 0.28229854E-03
  6629.0000    	  6630.0000    	-0.34610761E-03	 0.19587174E-03
  6630.0000    	  6631.0000    	-0.58616499E-03	 0.20325405E-03
  6631.0000    	  6632.0000    	 0.23073780E-03	 0.13686357E-03
  6632.0000    	  6633.0000    	 0.53097366E-04	 0.99403567E-04
  6633.0000    	  6634.0000    	-0.23364799E-03	 0.41072099E-03
  6634.0000    	  6635.0000    	-0.84932551E-03	 0.37581374E-03
  6635.0000    	  6636.0000    	-0.64130741E-03	 0.43563406E-03
  6636.0000    	  6637.0000    	-0.81651010E-03	 0.37828066E-03
  6637.0000    	  6638.0000    	-0.48264585E-03	 0.34433640E-03
  6638.0000    	  6639.0000    	-0.82113788E-03	 0.26893793E-03
  6639.0000    	  6640.0000    	-0.64894529E-03	 0.25100849E-03
  6640.0000    	  6641.0000    	-0.39165898E-03	 0.13620526E-03
  6641.0000    	  6642.0000    	-0.96780117E-04	 0.19156029E-03
  6642.0000    	  6643.0000    	-0.22210546E-03	 0.13604570E-03
  6643.0000    	  6644.0000    	-0.20432752E-03	 0.91955147E-04
  6644.0000    	  6645.0000    	-0.36972907E-03	 0.31930103E-03
  6645.0000    	  6646.0000    	-0.54813111E-03	 0.38506236E-03
  6646.0000    	  6647.0000    	-0.12216937E-02	 0.42552945E-03
  6647.0000    	  6648.0000    	-0.64913717E-03	 0.32133641E-03
  6648.0000    	  6649.0000    	-0.55834206E-03	 0.25856718E-03
  6649.0000    	  6650.0000    	 0.14009667E-03	 0.23940160E-03
  6650.0000    	  6651.0000    	 0.62937275E-05	 0.20981688E-03
  6651.0000    	  6652.0000    	-0.88556244E-03	 0.21951439E-03
  6652.0000    	  6653.0000    	-0.18108227E-03	 0.17969521E-03
  6653.0000    	  6654.0000    	-0.46933195E-04	 0.10701059E-03
  6654.0000    	  6655.0000    	-0.62338097E-04	 0.83599216E-04
  6655.0000    	  6656.0000    	-0.59607716E-03	 0.39682035E-03
  6656.0000    	  6657.0000    	-0.96375156E-03	 0.40299488E-03
  6657.0000    	  6658.0000    	-0.91860093E-03	 0.31597842E-03
  6658.0000    	  6659.0000    	-0.85271549E-03	 0.31426675E-03
  6659.0000    	  6660.0000    	-0.79427889E-03	 0.29083199E-03
  6660.0000    	  6661.0000    	-0.41637862E-03	 0.26830454E-03
  6661.0000    	  6662.0000    	-0.68250716E-03	 0.23888520E-03
  6662.0000    	  6663.0000    	-0.55005173E-03	 0.21725646E-03
  6663.0000    	  6664.0000    	-0.34478372E-03	 0.20486939E-03
  6664.0000    	  6665.0000    	-0.14523092E-04	 0.12848306E-03
  6665.0000    	  6666.0000    	 0.21738227E-04	 0.85825139E-04
  6666.0000    	  6667.0000    	-0.94732104E-03	 0.38944463E-03
  6667.0000    	  6668.0000    	-0.51819607E-03	 0.33969507E-03
  6668.0000    	  6669.0000    	-0.11163545E-02	 0.31876856E-03
  6669.0000    	  6670.0000    	-0.38973602E-03	 0.32244964E-03
  6670.0000    	  6671.0000    	-0.37404037E-03	 0.32211216E-03
  6671.0000    	  6672.0000    	-0.11709901E-03	 0.23345097E-03
  6672.0000    	  6673.0000    	-0.15748045E-03	 0.23341934E-03
  6673.0000    	  6674.0000    	-0.50969714E-03	 0.20900360E-03
  6674.0000    	  6675.0000    	-0.16914880E-03	 0.15458065E-03
  6675.0000    	  6676.0000    	 0.14890538E-03	 0.10178818E-03
  6676.0000    	  6677.0000    	 0.10750300E-04	 0.54422882E-04
  6677.0000    	  6678.0000    	-0.19438367E-02	 0.38175458E-03
  6678.0000    	  6679.0000    	-0.11878374E-02	 0.32901586E-03
  6679.0000    	  6680.0000    	-0.11322791E-02	 0.35130212E-03
  6680.0000    	  6681.0000    	-0.91899811E-03	 0.38442145E-03
  6681.0000    	  6682.0000    	-0.27412144E-03	 0.31770520E-03
  6682.0000    	  6683.0000    	-0.68706962E-03	 0.25599675E-03
  6683.0000    	  6684.0000    	-0.24052654E-03	 0.25802244E-03
  6684.0000    	  6685.0000    	-0.46157752E-03	 0.20162468E-03
  6685.0000    	  6686.0000    	-0.21121530E-03	 0.15987783E-03
  6686.0000    	  6687.0000    	-0.37518397E-03	 0.14494587E-03
  6687.0000    	  6688.0000    	-0.23615507E-04	 0.95226675E-04
  6688.0000    	  6689.0000    	-0.43587757E-03	 0.38428213E-03
  6689.0000    	  6690.0000    	-0.79617402E-03	 0.33458820E-03
  6690.0000    	  6691.0000    	-0.91087063E-03	 0.31692896E-03
  6691.0000    	  6692.0000    	-0.42678717E-03	 0.29425305E-03
  6692.0000    	  6693.0000    	-0.63334952E-03	 0.32775703E-03
  6693.0000    	  6694.0000    	-0.48110836E-03	 0.31599467E-03
  6694.0000    	  6695.0000    	-0.60796005E-03	 0.23754438E-03
  6695.0000    	  6696.0000    	-0.14498029E-03	 0.22518439E-03
  6696.0000    	  6697.0000    	-0.13588555E-03	 0.17113354E-03
  6697.0000    	  6698.0000    	-0.11882170E-03	 0.14255165E-03
  6698.0000    	  6699.0000    	-0.14839542E-04	 0.66912245E-04
  6699.0000    	  6700.0000    	-0.88446301E-03	 0.36686633E-03
  6700.0000    	  6701.0000    	-0.99995160E-03	 0.40699400E-03
  6701.0000    	  6702.0000    	-0.36126888E-03	 0.33958775E-03
  6702.0000    	  6703.0000    	-0.31137266E-03	 0.31512427E-03
  6703.0000    	  6704.0000    	-0.10314828E-02	 0.31834946E-03
  6704.0000    	  6705.0000    	-0.10086360E-02	 0.28421005E-03
  6705.0000    	  6706.0000    	-0.45649617E-03	 0.23334192E-03
  6706.0000    	  6707.0000    	-0.36025134E-03	 0.17595122E-03
  6707.0000    	  6708.0000    	 0.15667061E-03	 0.19573861E-03
  6708.0000    	  6709.0000    	 0.45674120E-04	 0.11042696E-03
  6709.0000    	  6710.0000    	-0.90547966E-06	 0.11747366E-03
  6710.0000    	  6711.0000    	-0.64923584E-03	 0.35686365E-03
  6711.0000    	  6712.0000    	-0.43263755E-03	 0.35829862E-03
  6712.0000    	  6713.0000    	-0.10929854E-02	 0.36799970E-03
  6713.0000    	  6714.0000    	-0.81388170E-03	 0.33373507E-03
  6714.0000    	  6715.0000    	-0.74968675E-03	 0.29789365E-03
  6715.0000    	  6716.0000    	-0.83401581E-03	 0.31839532E-03
  6716.0000    	  6717.0000    	-0.78218111E-03	 0.28446850E-03
  6717.0000    	  6718.0000    	-0.69900478E-03	 0.21837699E-03
  6718.0000    	  6719.0000    	-0.21909922E-03	 0.19083389E-03
  6719.0000    	  6720.0000    	-0.43397018E-04	 0.12082437E-03
  6720.0000    	  6721.0000    	-0.69245581E-04	 0.10410459E-03
  6721.0000    	  6722.0000    	-0.10333033E-02	 0.36308579E-03
  6722.0000    	  6723.0000    	-0.45184027E-03	 0.37709392E-03
  6723.0000    	  6724.0000    	-0.62788744E-03	 0.34227686E-03
  6724.0000    	  6725.0000    	-0.92541865E-03	 0.36208314E-03
  6725.0000    	  6726.0000    	-0.99862707E-04	 0.33112695E-03
  6726.0000    	  6727.0000    	-0.91965481E-03	 0.29699398E-03
  6727.0000    	  6728.0000    	-0.29717904E-03	 0.21606314E-03
  6728.0000    	  6729.0000    	-0.58928864E-03	 0.21877776E-03
  6729.0000    	  6730.0000    	 0.13191879E-04	 0.14814042E-03
  6730.0000    	  6731.0000    	-0.26505568E-03	 0.16471691E-03
  6731.0000    	  6732.0000    	-0.68175798E-04	 0.79635316E-04
  6732.0000    	  6733.0000    	-0.95688072E-03	 0.39764854E-03
  6733.0000    	  6734.0000    	-0.76495507E-03	 0.35370372E-03
  6734.0000    	  6735.0000    	-0.94301220E-03	 0.30592805E-03
  6735.0000    	  6736.0000    	-0.23257389E-03	 0.25921507E-03
  6736.0000    	  6737.0000    	-0.10893175E-02	 0.30913398E-03
  6737.0000    	  6738.0000    	-0.46379382E-03	 0.29711499E-03
  6738.0000    	  6739.0000    	-0.32289638E-03	 0.23342194E-03
  6739.0000    	  6740.0000    	-0.25181437E-03	 0.15242660E-03
  6740.0000    	  6741.0000    	-0.96212397E-04	 0.16932442E-03
  6741.0000    	  6742.0000    	 0.12430042E-03	 0.12171663E-03
  6742.0000    	  6743.0000    	-0.20560589E-04	 0.11266880E-03
  6743.0000    	  6744.0000    	-0.52622352E-03	 0.35835546E-03
  6744.0000    	  6745.0000    	-0.12356601E-02	 0.37392375E-03
  6745.0000    	  6746.0000    	-0.88565743E-03	 0.32372055E-03
  6746.0000    	  6747.0000    	-0.12656131E-02	 0.34825429E-03
  6747.0000    	  6748.0000    	-0.50446700E-03	 0.34444128E-03
  6748.0000    	  6749.0000    	-0.25066893E-03	 0.26841379E-03
  6749.0000    	  6750.0000    	-0.66304939E-03	 0.21316785E-03
  6750.0000    	  6751.0000    	-0.24750647E-03	 0.20298898E-03
  6751.0000    	  6752.0000    	-0.12933372E-04	 0.11817325E-03
  6752.0000    	  6753.0000    	-0.13028398E-03	 0.14142675E-03
  6753.0000    	  6754.0000    	 0.59690424E-04	 0.10159174E-03
  6754.0000    	  6755.0000    	-0.80472408E-03	 0.31408755E-03
  6755.0000    	  6756.0000    	-0.80985490E-03	 0.37090189E-03
  6756.0000    	  6757.0000    	-0.58681477E-03	 0.32417011E-03
  6757.0000    	  6758.0000    	-0.72955649E-03	 0.37586078E-03
  6758.0000    	  6759.0000    	-0.70651423E-03	 0.29880659E-03
  6759.0000    	  6760.0000    	 0.18899975E-03	 0.29499804E-03
  6760.0000    	  6761.0000    	-0.50085391E-03	 0.22952000E-03
  6761.0000    	  6762.0000    	-0.34188968E-03	 0.20146210E-03
  6762.0000    	  6763.0000    	-0.24873774E-03	 0.17297487E-03
  6763.0000    	  6764.0000    	-0.18154337E-03	 0.15786776E-03
  6764.0000    	  6765.0000    	-0.66581181E-04	 0.11124781E-03
  6765.0000    	  6766.0000    	-0.46733916E-03	 0.37136267E-03
  6766.0000    	  6767.0000    	-0.85092410E-03	 0.30726356E-03
  6767.0000    	  6768.0000    	-0.72091194E-03	 0.33331724E-03
  6768.0000    	  6769.0000    	-0.54806358E-03	 0.30756127E-03
  6769.0000    	  6770.0000    	-0.66703669E-03	 0.25320346E-03
  6770.0000    	  6771.0000    	-0.91175069E-03	 0.29799158E-03
  6771.0000    	  6772.0000    	-0.44917780E-03	 0.23011827E-03
  6772.0000    	  6773.0000    	-0.60343922E-03	 0.19416375E-03
  6773.0000    	  6774.0000    	-0.16949246E-03	 0.16215215E-03
  6774.0000    	  6775.0000    	 0.92385836E-04	 0.10448654E-03
  6775.0000    	  6776.0000    	 0.70823712E-04	 0.64461803E-04
  6776.0000    	  6777.0000    	-0.62091234E-03	 0.38559596E-03
  6777.0000    	  6778.0000    	-0.72960957E-03	 0.29604923E-03
  6778.0000    	  6779.0000    	-0.43035345E-03	 0.28196071E-03
  6779.0000    	  6780.0000    	-0.38386539E-03	 0.30499843E-03
  6780.0000    	  6781.0000    	-0.73952633E-03	 0.33046184E-03
  6781.0000    	  6782.0000    	-0.49883410E-03	 0.30203231E-03
  6782.0000    	  6783.0000    	-0.60212701E-03	 0.21556319E-03
  6783.0000    	  6784.0000    	-0.43054700E-03	 0.22182394E-03
  6784.0000    	  6785.0000    	-0.11275560E-03	 0.12591474E-03
  6785.0000    	  6786.0000    	-0.13190165E-03	 0.11729003E-03
  6786.0000    	  6787.0000    	-0.91154164E-04	 0.99387300E-04
  6787.0000    	  6788.0000    	-0.11260067E-02	 0.38511962E-03
  6788.0000    	  6789.0000    	-0.57396143E-03	 0.35358275E-03
  6789.0000    	  6790.0000    	-0.12593921E-02	 0.27610107E-03
  6790.0000    	  6791.0000    	-0.11861450E-02	 0.29736170E-03
  6791.0000    	  6792.0000    	-0.79091254E-03	 0.27343008E-03
  6792.0000    	  6793.0000    	-0.14734083E-03	 0.25267159E-03
  6793.0000    	  6794.0000    	-0.21961656E-03	 0.24646327E-03
  6794.0000    	  6795.0000    	 0.35516762E-03	 0.24314461E-03
  6795.0000    	  6796.0000    	-0.43416964E-03	 0.17846076E-03
  6796.0000    	  6797.0000    	-0.71779959E-04	 0.11576468E-03
  6797.0000    	  6798.0000    	 0.42755971E-04	 0.98358359E-04
  6798.0000    	  6799.0000    	-0.52530280E-03	 0.33081973E-03
  6799.0000    	  6800.0000    	-0.93157588E-03	 0.35647111E-03
  6800.0000    	  6801.0000    	-0.44031533E-03	 0.36046682E-03
  6801.0000    	  6802.0000    	-0.89599701E-03	 0.27935952E-03
  6802.0000    	  6803.0000    	-0.48629731E-03	 0.27184302E-03
  6803.0000    	  6804.0000    	-0.55506760E-03	 0.24334618E-03
  6804.0000    	  6805.0000    	-0.28627673E-03	 0.25795603E-03
  6805.0000    	  6806.0000    	-0.26724558E-03	 0.20322668E-03
  6806.0000    	  6807.0000    	-0.81573355E-04	 0.13655330E-03
  6807.0000    	  6808.0000    	-0.33021737E-03	 0.13718649E-03
  6808.0000    	  6809.0000    	 0.17190843E-04	 0.77043366E-04
  6809.0000    	  6810.0000    	-0.55618037E-04	 0.30578203E-03
  6810.0000    	  6811.0000    	-0.12229717E-02	 0.34662623E-03
  6811.0000    	  6812.0000    	-0.10399474E-02	 0.33823886E-03
  6812.0000    	  6813.0000    	-0.89016183E-03	 0.34412528E-03
  6813.0000    	  6814.0000    	-0.55223954E-03	 0.26401509E-03
  6814.0000    	  6815.0000    	-0.76871761E-03	 0.25132767E-03
  6815.0000    	  6816.0000    	-0.12329927E-03	 0.22313147E-03
  6816.0000    	  6817.0000    	-0.60287373E-03	 0.21579334E-03
  6817.0000    	  6818.0000    	-0.41440040E-03	 0.15927423E-03
  6818.0000    	  6819.0000    	-0.30295591E-03	 0.12934323E-03
  6819.0000    	  6820.0000    	-0.31913122E-05	 0.70935544E-04
  6820.0000    	  6821.0000    	-0.51510102E-03	 0.32774599E-03
  6821.0000    	  6822.0000    	-0.53679052E-03	 0.30518386E-03
  6822.0000    	  6823.0000    	-0.75003587E-03	 0.30366477E-03
  6823.0000    	  6824.0000    	-0.95724076E-04	 0.27653825E-03
  6824.0000    	  6825.0000    	-0.82177249E-03	 0.24121328E-03
  6825.0000    	  6826.0000    	-0.35637194E-03	 0.26054912E-03
  6826.0000    	  6827.0000    	-0.63493922E-04	 0.22431852E-03
  6827.0000    	  6828.0000    	 0.15731296E-04	 0.22092643E-03
  6828.0000    	  6829.0000    	-0.22787494E-03	 0.13545775E-03
  6829.0000    	  6830.0000    	-0.78092207E-04	 0.13075981E-03
  6830.0000    	  6831.0000    	 0.34173170E-04	 0.11130735E-03
  6831.0000    	  6832.0000    	-0.12267384E-02	 0.36132708E-03
  6832.0000    	  6833.0000    	-0.67884872E-03	 0.30827054E-03
  6833.0000    	  6834.0000    	-0.42450335E-03	 0.40004514E-03
  6834.0000    	  6835.0000    	-0.62494072E-03	 0.28318873E-03
  6835.0000    	  6836.0000    	-0.59159716E-03	 0.29327602E-03
  6836.0000    	  6837.0000    	-0.50146822E-03	 0.25159853E-03
  6837.0000    	  6838.0000    	-0.19130378E-03	 0.28414869E-03
  6838.0000    	  6839.0000    	-0.50083331E-03	 0.21291558E-03
  6839.0000    	  6840.0000    	-0.18673683E-04	 0.15349831E-03
  6840.0000    	  6841.0000    	 0.51484285E-04	 0.15968240E-03
  6841.0000    	  6842.0000    	 0.89254983E-04	 0.60950095E-04
  6842.0000    	  6843.0000    	-0.11827913E-02	 0.35512660E-03
  6843.0000    	  6844.0000    	-0.92308650E-03	 0.32350403E-03
  6844.0000    	  6845.0000    	-0.75035958E-03	 0.32168385E-03
  6845.0000    	  6846.0000    	-0.70226355E-03	 0.31021185E-03
  6846.0000    	  6847.0000    	-0.96067065E-03	 0.27407735E-03
  6847.0000    	  6848.0000    	-0.28693467E-03	 0.25644937E-03
  6848.0000    	  6849.0000    	 0.53919192E-04	 0.21776066E-03
  6849.0000    	  6850.0000    	-0.30802507E-03	 0.16290561E-03
  6850.0000    	  6851.0000    	-0.26728558E-03	 0.16160819E-03
  6851.0000    	  6852.0000    	 0.12391252E-03	 0.14284874E-03
  6852.0000    	  6853.0000    	 0.86734114E-04	 0.51467047E-04
  6853.0000    	  6854.0000    	-0.93490049E-03	 0.35712886E-03
  6854.0000    	  6855.0000    	-0.60840227E-03	 0.36027364E-03
  6855.0000    	  6856.0000    	-0.47990272E-03	 0.28929418E-03
  6856.0000    	  6857.0000    	-0.79292851E-03	 0.28180417E-03
  6857.0000    	  6858.0000    	-0.24953590E-03	 0.28439582E-03
  6858.0000    	  6859.0000    	-0.45343563E-03	 0.22836351E-03
  6859.0000    	  6860.0000    	-0.52686307E-03	 0.20114494E-03
  6860.0000    	  6861.0000    	-0.39893275E-03	 0.20396239E-03
  6861.0000    	  6862.0000    	 0.21522102E-03	 0.12495703E-03
  6862.0000    	  6863.0000    	-0.13401140E-03	 0.88764825E-04
  6863.0000    	  6864.0000    	 0.87477656E-04	 0.67260117E-04
  6864.0000    	  6865.0000    	-0.67969173E-03	 0.34392162E-03
  6865.0000    	  6866.0000    	-0.91236725E-03	 0.34294084E-03
  6866.0000    	  6867.0000    	-0.13666412E-02	 0.33836160E-03
  6867.0000    	  6868.0000    	-0.15026731E-02	 0.35942064E-03
  6868.0000    	  6869.0000    	-0.56580021E-03	 0.30213815E-03
  6869.0000    	  6870.0000    	-0.47554126E-03	 0.25330063E-03
  6870.0000    	  6871.0000    	-0.69951554E-03	 0.23444694E-03
  6871.0000    	  6872.0000    	-0.49667834E-03	 0.22499530E-03
  6872.0000    	  6873.0000    	-0.10995040E-03	 0.14328423E-03
  6873.0000    	  6874.0000    	 0.60735835E-04	 0.10139284E-03
  6874.0000    	  6875.0000    	 0.35320281E-04	 0.56956715E-04
  6875.0000    	  6876.0000    	-0.76646165E-04	 0.32764260E-03
  6876.0000    	  6877.0000    	-0.93841958E-03	 0.30591975E-03
  6877.0000    	  6878.0000    	-0.89093048E-03	 0.31089629E-03
  6878.0000    	  6879.0000    	-0.41385130E-03	 0.28525616E-03
  6879.0000    	  6880.0000    	-0.86242453E-03	 0.28916986E-03
  6880.0000    	  6881.0000    	-0.16203711E-03	 0.16570169E-03
  6881.0000    	  6882.0000    	-0.27953690E-03	 0.25856067E-03
  6882.0000    	  6883.0000    	-0.28295999E-03	 0.20514229E-03
  6883.0000    	  6884.0000    	-0.38867042E-03	 0.14056587E-03
  6884.0000    	  6885.0000    	-0.30138313E-03	 0.12431425E-03
  6885.0000    	  6886.0000    	 0.43691291E-04	 0.96922398E-04
  6886.0000    	  6887.0000    	-0.55494592E-03	 0.27008077E-03
  6887.0000    	  6888.0000    	-0.70319180E-03	 0.31998098E-03
  6888.0000    	  6889.0000    	-0.10679975E-02	 0.32553112E-03
  6889.0000    	  6890.0000    	-0.74207895E-03	 0.28406024E-03
  6890.0000    	  6891.0000    	-0.92909316E-03	 0.29420148E-03
  6891.0000    	  6892.0000    	-0.63525706E-03	 0.20534919E-03
  6892.0000    	  6893.0000    	 0.10909165E-03	 0.23921654E-03
  6893.0000    	  6894.0000    	-0.22758119E-03	 0.17215923E-03
  6894.0000    	  6895.0000    	-0.98992502E-04	 0.16070070E-03
  6895.0000    	  6896.0000    	-0.15347572E-03	 0.11739582E-03
  6896.0000    	  6897.0000    	 0.54219272E-04	 0.64354992E-04
  6897.0000    	  6898.0000    	-0.73704203E-03	 0.31343150E-03
  6898.0000    	  6899.0000    	-0.95045424E-03	 0.32187829E-03
  6899.0000    	  6900.0000    	 0.16005293E-03	 0.30855438E-03
  6900.0000    	  6901.0000    	-0.64517973E-03	 0.27657217E-03
  6901.0000    	  6902.0000    	-0.92660048E-03	 0.30520212E-03
  6902.0000    	  6903.0000    	-0.70015108E-03	 0.23157569E-03
  6903.0000    	  6904.0000    	-0.15765789E-04	 0.20436624E-03
  6904.0000    	  6905.0000    	 0.16748039E-03	 0.17731513E-03
  6905.0000    	  6906.0000    	-0.49448434E-03	 0.18330347E-03
  6906.0000    	  6907.0000    	-0.13234653E-03	 0.13624412E-03
  6907.0000    	  6908.0000    	 0.61862525E-04	 0.81704814E-04
  6908.0000    	  6909.0000    	-0.95654188E-03	 0.34271760E-03
  6909.0000    	  6910.0000    	-0.69816492E-03	 0.28855425E-03
  6910.0000    	  6911.0000    	-0.78384112E-03	 0.30325196E-03
  6911.0000    	  6912.0000    	-0.47021303E-03	 0.28864429E-03
  6912.0000    	  6913.0000    	 0.91115176E-05	 0.28679166E-03
  6913.0000    	  6914.0000    	-0.51561849E-03	 0.22458368E-03
  6914.0000    	  6915.0000    	-0.43938849E-04	 0.21101125E-03
  6915.0000    	  6916.0000    	-0.38040875E-03	 0.16926312E-03
  6916.0000    	  6917.0000    	-0.26290048E-03	 0.17484779E-03
  6917.0000    	  6918.0000    	-0.11538682E-03	 0.13106240E-03
  6918.0000    	  6919.0000    	 0.17067774E-04	 0.67925505E-04
  6919.0000    	  6920.0000    	-0.89302995E-03	 0.33329637E-03
  6920.0000    	  6921.0000    	-0.91668135E-03	 0.30881066E-03
  6921.0000    	  6922.0000    	-0.11809073E-02	 0.35254747E-03
  6922.0000    	  6923.0000    	-0.55062443E-03	 0.31824789E-03
  6923.0000    	  6924.0000    	-0.49905450E-03	 0.25134338E-03
  6924.0000    	  6925.0000    	-0.63428596E-03	 0.24865405E-03
  6925.0000    	  6926.0000    	-0.48377825E-03	 0.21861691E-03
  6926.0000    	  6927.0000    	 0.10818596E-03	 0.15555135E-03
  6927.0000    	  6928.0000    	-0.10044583E-04	 0.13569578E-03
  6928.0000    	  6929.0000    	-0.15446002E-03	 0.12853873E-03
  6929.0000    	  6930.0000    	 0.69294898E-04	 0.70289967E-04
  6930.0000    	  6931.0000    	-0.82783480E-03	 0.31046005E-03
  6931.0000    	  6932.0000    	-0.21684910E-03	 0.29773636E-03
  6932.0000    	  6933.0000    	-0.33415148E-03	 0.25964569E-03
  6933.0000    	  6934.0000    	-0.12142565E-02	 0.28310610E-03
  6934.0000    	  6935.0000    	-0.71444280E-03	 0.30404937E-03
  6935.0000    	  6936.0000    	-0.68766825E-03	 0.28915687E-03
  6936.0000    	  6937.0000    	-0.74346305E-03	 0.20277511E-03
  6937.0000    	  6938.0000    	-0.18407123E-03	 0.13949407E-03
  6938.0000    	  6939.0000    	-0.39862646E-03	 0.15829119E-03
  6939.0000    	  6940.0000    	-0.26086782E-03	 0.13178893E-03
  6940.0000    	  6941.0000    	-0.29532222E-04	 0.81797852E-04
  6941.0000    	  6942.0000    	-0.73076758E-03	 0.34931622E-03
  6942.0000    	  6943.0000    	-0.74638885E-03	 0.29577345E-03
  6943.0000    	  6944.0000    	-0.50217089E-03	 0.24878585E-03
  6944.0000    	  6945.0000    	-0.13253591E-02	 0.30703488E-03
  6945.0000    	  6946.0000    	-0.29651629E-03	 0.27920684E-03
  6946.0000    	  6947.0000    	-0.17092450E-03	 0.24651709E-03
  6947.0000    	  6948.0000    	-0.15680209E-03	 0.22037759E-03
  6948.0000    	  6949.0000    	 0.14706345E-03	 0.20723730E-03
  6949.0000    	  6950.0000    	-0.65425971E-04	 0.14922967E-03
  6950.0000    	  6951.0000    	-0.17496866E-03	 0.11715127E-03
  6951.0000    	  6952.0000    	-0.21295836E-03	 0.87078766E-04
  6952.0000    	  6953.0000    	-0.65685611E-03	 0.30999597E-03
  6953.0000    	  6954.0000    	-0.11237841E-02	 0.30917887E-03
  6954.0000    	  6955.0000    	-0.11419858E-02	 0.32407470E-03
  6955.0000    	  6956.0000    	-0.64420609E-03	 0.31471578E-03
  6956.0000    	  6957.0000    	-0.58462212E-03	 0.26976247E-03
  6957.0000    	  6958.0000    	-0.57873039E-03	 0.21032336E-03
  6958.0000    	  6959.0000    	-0.73733521E-03	 0.21973647E-03
  6959.0000    	  6960.0000    	-0.42601998E-03	 0.20111269E-03
  6960.0000    	  6961.0000    	 0.13618700E-03	 0.15598789E-03
  6961.0000    	  6962.0000    	 0.57083405E-04	 0.11154535E-03
  6962.0000    	  6963.0000    	 0.47019518E-04	 0.81267258E-04
  6963.0000    	  6964.0000    	-0.74463900E-03	 0.31843159E-03
  6964.0000    	  6965.0000    	-0.45922758E-03	 0.31662838E-03
  6965.0000    	  6966.0000    	-0.74266671E-03	 0.28986805E-03
  6966.0000    	  6967.0000    	-0.52632428E-03	 0.27876422E-03
  6967.0000    	  6968.0000    	-0.97443059E-03	 0.28556263E-03
  6968.0000    	  6969.0000    	-0.15120547E-03	 0.22957922E-03
  6969.0000    	  6970.0000    	-0.50223599E-03	 0.19537692E-03
  6970.0000    	  6971.0000    	-0.82410654E-04	 0.13609591E-03
  6971.0000    	  6972.0000    	-0.17274525E-03	 0.13836596E-03
  6972.0000    	  6973.0000    	 0.68980043E-04	 0.10554857E-03
  6973.0000    	  6974.0000    	-0.13765136E-03	 0.70626595E-04
  6974.0000    	  6975.0000    	-0.10595288E-02	 0.29257019E-03
  6975.0000    	  6976.0000    	-0.27220079E-03	 0.27919370E-03
  6976.0000    	  6977.0000    	 0.27878149E-04	 0.25864639E-03
  6977.0000    	  6978.0000    	-0.79680655E-03	 0.28772260E-03
  6978.0000    	  6979.0000    	-0.77662278E-03	 0.23459225E-03
  6979.0000    	  6980.0000    	-0.25528581E-03	 0.26311720E-03
  6980.0000    	  6981.0000    	 0.47341729E-04	 0.21427090E-03
  6981.0000    	  6982.0000    	-0.12871066E-03	 0.17518988E-03
  6982.0000    	  6983.0000    	 0.13263801E-04	 0.14999755E-03
  6983.0000    	  6984.0000    	-0.53720416E-04	 0.80793322E-04
  6984.0000    	  6985.0000    	-0.97322009E-04	 0.77080247E-04
  6985.0000    	  6986.0000    	-0.96993727E-03	 0.28895969E-03
  6986.0000    	  6987.0000    	-0.11164512E-02	 0.27284932E-03
  6987.0000    	  6988.0000    	-0.86219345E-03	 0.30480152E-03
  6988.0000    	  6989.0000    	-0.88559192E-03	 0.31086618E-03
  6989.0000    	  6990.0000    	-0.36295261E-03	 0.26109704E-03
  6990.0000    	  6991.0000    	-0.68235912E-04	 0.24357214E-03
  6991.0000    	  6992.0000    	 0.35520630E-04	 0.22794055E-03
  6992.0000    	  6993.0000    	-0.19386509E-03	 0.13548165E-03
  6993.0000    	  6994.0000    	-0.60062786E-04	 0.13874790E-03
  6994.0000    	  6995.0000    	-0.24308339E-03	 0.10038456E-03
  6995.0000    	  6996.0000    	-0.37334564E-04	 0.56521122E-04
  6996.0000    	  6997.0000    	-0.11141881E-02	 0.33473252E-03
  6997.0000    	  6998.0000    	-0.48239683E-03	 0.30129075E-03
  6998.0000    	  6999.0000    	-0.63937719E-03	 0.28073844E-03
  6999.0000    	  7000.0000    	-0.77810785E-03	 0.28462545E-03
  7000.0000    	  7001.0000    	-0.98366811E-03	 0.26300720E-03
  7001.0000    	  7002.0000    	-0.42120571E-05	 0.21305138E-03
  7002.0000    	  7003.0000    	-0.60004286E-03	 0.20532829E-03
  7003.0000    	  7004.0000    	-0.36976234E-03	 0.14734109E-03
  7004.0000    	  7005.0000    	-0.14169209E-03	 0.15468442E-03
  7005.0000    	  7006.0000    	-0.94034722E-04	 0.77437754E-04
  7006.0000    	  7007.0000    	 0.99813228E-06	 0.59707918E-04
  7007.0000    	  7008.0000    	-0.58172978E-03	 0.25709896E-03
  7008.0000    	  7009.0000    	-0.43667640E-03	 0.35371421E-03
  7009.0000    	  7010.0000    	-0.86965271E-03	 0.26684079E-03
  7010.0000    	  7011.0000    	-0.56741658E-03	 0.25855423E-03
  7011.0000    	  7012.0000    	-0.72478599E-03	 0.22135759E-03
  7012.0000    	  7013.0000    	-0.41192442E-03	 0.24619856E-03
  7013.0000    	  7014.0000    	-0.44118634E-03	 0.20899476E-03
  7014.0000    	  7015.0000    	-0.13891693E-03	 0.15882837E-03
  7015.0000    	  7016.0000    	 0.30873299E-03	 0.10432949E-03
  7016.0000    	  7017.0000    	-0.21078955E-04	 0.10937727E-03
  7017.0000    	  7018.0000    	 0.74639557E-04	 0.49301651E-04
  7018.0000    	  7019.0000    	-0.53673177E-03	 0.29361128E-03
  7019.0000    	  7020.0000    	-0.75113175E-03	 0.29420857E-03
  7020.0000    	  7021.0000    	-0.88339231E-03	 0.30628686E-03
  7021.0000    	  7022.0000    	-0.31178977E-03	 0.24754192E-03
  7022.0000    	  7023.0000    	-0.28516344E-04	 0.27073645E-03
  7023.0000    	  7024.0000    	-0.21952505E-03	 0.23657728E-03
  7024.0000    	  7025.0000    	-0.49717638E-03	 0.17788815E-03
  7025.0000    	  7026.0000    	-0.15346553E-03	 0.15027294E-03
  7026.0000    	  7027.0000    	 0.15404119E-03	 0.14923856E-03
  7027.0000    	  7028.0000    	 0.89075348E-04	 0.79535446E-04
  7028.0000    	  7029.0000    	-0.14397449E-03	 0.81548735E-04
  7029.0000    	  7030.0000    	-0.60350015E-03	 0.34181967E-03
  7030.0000    	  7031.0000    	-0.64850738E-03	 0.31502496E-03
  7031.0000    	  7032.0000    	-0.17244749E-03	 0.31458407E-03
  7032.0000    	  7033.0000    	-0.64726249E-03	 0.28089351E-03
  7033.0000    	  7034.0000    	-0.66451464E-03	 0.26775909E-03
  7034.0000    	  7035.0000    	-0.49520334E-03	 0.25329873E-03
  7035.0000    	  7036.0000    	-0.33050959E-03	 0.18238926E-03
  7036.0000    	  7037.0000    	-0.53817660E-03	 0.18579203E-03
  7037.0000    	  7038.0000    	 0.31726550E-04	 0.13156482E-03
  7038.0000    	  7039.0000    	-0.16122723E-03	 0.11106808E-03
  7039.0000    	  7040.0000    	 0.24622764E-04	 0.57076740E-04
  7040.0000    	  7041.0000    	-0.81787611E-03	 0.35545859E-03
  7041.0000    	  7042.0000    	-0.68774974E-03	 0.29816054E-03
  7042.0000    	  7043.0000    	-0.77248950E-03	 0.29349703E-03
  7043.0000    	  7044.0000    	-0.89222357E-03	 0.34482847E-03
  7044.0000    	  7045.0000    	-0.69652107E-03	 0.25916907E-03
  7045.0000    	  7046.0000    	-0.24815391E-03	 0.24354812E-03
  7046.0000    	  7047.0000    	-0.51100074E-03	 0.21755740E-03
  7047.0000    	  7048.0000    	-0.34549175E-03	 0.18950138E-03
  7048.0000    	  7049.0000    	-0.20480147E-03	 0.13833861E-03
  7049.0000    	  7050.0000    	-0.48170825E-04	 0.13763984E-03
  7050.0000    	  7051.0000    	-0.75857284E-04	 0.23802925E-04
  7051.0000    	  7052.0000    	-0.54006088E-03	 0.37030184E-03
  7052.0000    	  7053.0000    	-0.25845631E-03	 0.29510320E-03
  7053.0000    	  7054.0000    	-0.50503993E-03	 0.29959307E-03
  7054.0000    	  7055.0000    	-0.74071508E-03	 0.31400143E-03
  7055.0000    	  7056.0000    	-0.50672292E-03	 0.28383665E-03
  7056.0000    	  7057.0000    	-0.43929450E-03	 0.24077524E-03
  7057.0000    	  7058.0000    	-0.13717919E-03	 0.21860557E-03
  7058.0000    	  7059.0000    	-0.56029191E-04	 0.13280500E-03
  7059.0000    	  7060.0000    	-0.54762940E-04	 0.12937591E-03
  7060.0000    	  7061.0000    	-0.71349878E-04	 0.99868585E-04
  7061.0000    	  7062.0000    	-0.22987723E-03	 0.90987037E-04
  7062.0000    	  7063.0000    	-0.42254792E-03	 0.30036165E-03
  7063.0000    	  7064.0000    	-0.20798764E-03	 0.21958385E-03
  7064.0000    	  7065.0000    	-0.74801766E-03	 0.32839944E-03
  7065.0000    	  7066.0000    	-0.62693787E-03	 0.26576913E-03
  7066.0000    	  7067.0000    	-0.27953805E-03	 0.29432588E-03
  7067.0000    	  7068.0000    	-0.10698490E-03	 0.22395177E-03
  7068.0000    	  7069.0000    	-0.18986065E-03	 0.19515685E-03
  7069.0000    	  7070.0000    	 0.50987359E-04	 0.17520593E-03
  7070.0000    	  7071.0000    	 0.11689678E-03	 0.12434461E-03
  7071.0000    	  7072.0000    	-0.91126324E-04	 0.10840030E-03
  7072.0000    	  7073.0000    	 0.55524413E-04	 0.69077135E-04
  7073.0000    	  7074.0000    	-0.26509465E-03	 0.31335625E-03
  7074.0000    	  7075.0000    	-0.62881382E-03	 0.30852899E-03
  7075.0000    	  7076.0000    	-0.41689104E-03	 0.30360403E-03
  7076.0000    	  7077.0000    	-0.32207544E-03	 0.26283009E-03
  7077.0000    	  7078.0000    	-0.92170923E-03	 0.29865115E-03
  7078.0000    	  7079.0000    	-0.89825794E-03	 0.25622850E-03
  7079.0000    	  7080.0000    	-0.31361407E-03	 0.20852900E-03
  7080.0000    	  7081.0000    	 0.79584688E-04	 0.15132247E-03
  7081.0000    	  7082.0000    	-0.27290756E-04	 0.13559598E-03
  7082.0000    	  7083.0000    	 0.21242448E-03	 0.11188132E-03
  7083.0000    	  7084.0000    	-0.33854434E-04	 0.81488411E-04
  7084.0000    	  7085.0000    	-0.43413380E-03	 0.28293007E-03
  7085.0000    	  7086.0000    	-0.69454934E-03	 0.30016183E-03
  7086.0000    	  7087.0000    	-0.11132014E-02	 0.32005821E-03
  7087.0000    	  7088.0000    	-0.52447324E-03	 0.31780265E-03
  7088.0000    	  7089.0000    	-0.30179392E-03	 0.25118142E-03
  7089.0000    	  7090.0000    	-0.39149478E-03	 0.23975666E-03
  7090.0000    	  7091.0000    	-0.13954681E-03	 0.20734400E-03
  7091.0000    	  7092.0000    	-0.27813198E-03	 0.18270257E-03
  7092.0000    	  7093.0000    	 0.25080977E-04	 0.14410265E-03
  7093.0000    	  7094.0000    	-0.17276232E-03	 0.10361596E-03
  7094.0000    	  7095.0000    	 0.82902619E-04	 0.75557045E-04
  7095.0000    	  7096.0000    	-0.29259262E-03	 0.26879436E-03
  7096.0000    	  7097.0000    	-0.39546986E-03	 0.29083775E-03
  7097.0000    	  7098.0000    	-0.41061955E-03	 0.33367615E-03
  7098.0000    	  7099.0000    	-0.48516053E-03	 0.27204346E-03
  7099.0000    	  7100.0000    	-0.66323790E-03	 0.25900675E-03
  7100.0000    	  7101.0000    	-0.50135143E-03	 0.21618529E-03
  7101.0000    	  7102.0000    	-0.71204231E-04	 0.17617660E-03
  7102.0000    	  7103.0000    	-0.61381304E-03	 0.19766928E-03
  7103.0000    	  7104.0000    	-0.14251395E-03	 0.15795399E-03
  7104.0000    	  7105.0000    	 0.20418019E-03	 0.10195694E-03
  7105.0000    	  7106.0000    	 0.17769922E-04	 0.86311954E-04
  7106.0000    	  7107.0000    	-0.10155012E-02	 0.22070027E-03
  7107.0000    	  7108.0000    	-0.94284711E-03	 0.29795011E-03
  7108.0000    	  7109.0000    	-0.66241808E-03	 0.28364310E-03
  7109.0000    	  7110.0000    	-0.83221101E-03	 0.26707991E-03
  7110.0000    	  7111.0000    	-0.28246265E-03	 0.21925021E-03
  7111.0000    	  7112.0000    	-0.20477831E-03	 0.20253237E-03
  7112.0000    	  7113.0000    	-0.17946850E-03	 0.16476201E-03
  7113.0000    	  7114.0000    	-0.43420395E-03	 0.19294788E-03
  7114.0000    	  7115.0000    	-0.16136881E-03	 0.15194020E-03
  7115.0000    	  7116.0000    	-0.21347807E-03	 0.84500168E-04
  7116.0000    	  7117.0000    	 0.20927164E-04	 0.79056037E-04
  7117.0000    	  7118.0000    	 0.59993047E-04	 0.22258067E-03
  7118.0000    	  7119.0000    	 0.53404880E-05	 0.20125975E-03
  7119.0000    	  7120.0000    	-0.51218609E-03	 0.26669082E-03
  7120.0000    	  7121.0000    	-0.41093805E-03	 0.21049302E-03
  7121.0000    	  7122.0000    	-0.80719602E-03	 0.24761984E-03
  7122.0000    	  7123.0000    	-0.60631715E-03	 0.27122574E-03
  7123.0000    	  7124.0000    	-0.41122322E-03	 0.19931683E-03
  7124.0000    	  7125.0000    	-0.55229683E-04	 0.21529417E-03
  7125.0000    	  7126.0000    	-0.23596470E-03	 0.13364156E-03
  7126.0000    	  7127.0000    	-0.50498714E-04	 0.10553943E-03
  7127.0000    	  7128.0000    	 0.37295915E-04	 0.16728200E-04
  7128.0000    	  7129.0000    	-0.10092376E-02	 0.23408443E-03
  7129.0000    	  7130.0000    	-0.30667287E-03	 0.29859684E-03
  7130.0000    	  7131.0000    	-0.92236791E-04	 0.27519537E-03
  7131.0000    	  7132.0000    	-0.64697829E-03	 0.25592132E-03
  7132.0000    	  7133.0000    	-0.72357480E-03	 0.24334612E-03
  7133.0000    	  7134.0000    	-0.54358859E-03	 0.21543360E-03
  7134.0000    	  7135.0000    	-0.57381343E-03	 0.18153482E-03
  7135.0000    	  7136.0000    	-0.11307174E-03	 0.19402714E-03
  7136.0000    	  7137.0000    	-0.14184016E-03	 0.14010750E-03
  7137.0000    	  7138.0000    	-0.31615978E-03	 0.11520185E-03
  7138.0000    	  7139.0000    	 0.78227788E-04	 0.44545131E-04
  7139.0000    	  7140.0000    	-0.63367440E-03	 0.29626663E-03
  7140.0000    	  7141.0000    	-0.85488595E-03	 0.36336413E-03
  7141.0000    	  7142.0000    	-0.85284104E-03	 0.31888452E-03
  7142.0000    	  7143.0000    	-0.36081753E-03	 0.20852225E-03
  7143.0000    	  7144.0000    	-0.54053141E-03	 0.20286650E-03
  7144.0000    	  7145.0000    	-0.62302214E-03	 0.19335508E-03
  7145.0000    	  7146.0000    	-0.19826485E-04	 0.16629915E-03
  7146.0000    	  7147.0000    	-0.20416884E-03	 0.16823043E-03
  7147.0000    	  7148.0000    	 0.87716440E-04	 0.11724207E-03
  7148.0000    	  7149.0000    	-0.47987957E-04	 0.76256507E-04
  7149.0000    	  7150.0000    	 0.40722990E-04	 0.85510898E-04
  7150.0000    	  7151.0000    	-0.17693125E-03	 0.30661654E-03
  7151.0000    	  7152.0000    	-0.56011400E-03	 0.26440461E-03
  7152.0000    	  7153.0000    	-0.39132778E-03	 0.21915955E-03
  7153.0000    	  7154.0000    	-0.26390369E-03	 0.25625024E-03
  7154.0000    	  7155.0000    	-0.40014488E-03	 0.25609802E-03
  7155.0000    	  7156.0000    	-0.29573146E-03	 0.22236092E-03
  7156.0000    	  7157.0000    	-0.67030502E-03	 0.21530108E-03
  7157.0000    	  7158.0000    	-0.27196772E-03	 0.12224538E-03
  7158.0000    	  7159.0000    	-0.26522144E-04	 0.13925925E-03
  7159.0000    	  7160.0000    	-0.14254486E-03	 0.11443813E-03
  7160.0000    	  7161.0000    	-0.58312715E-04	 0.63770654E-04
  7161.0000    	  7162.0000    	-0.92972601E-03	 0.26702897E-03
  7162.0000    	  7163.0000    	-0.76077123E-03	 0.24842919E-03
  7163.0000    	  7164.0000    	-0.48121141E-03	 0.31236651E-03
  7164.0000    	  7165.0000    	-0.92105803E-03	 0.28569917E-03
  7165.0000    	  7166.0000    	-0.63627653E-03	 0.24998965E-03
  7166.0000    	  7167.0000    	-0.82987932E-03	 0.21831997E-03
  7167.0000    	  7168.0000    	-0.23159082E-03	 0.18411885E-03
  7168.0000    	  7169.0000    	-0.51906567E-03	 0.14807172E-03
  7169.0000    	  7170.0000    	 0.13104694E-03	 0.12480395E-03
  7170.0000    	  7171.0000    	 0.11966834E-03	 0.82912748E-04
  7171.0000    	  7172.0000    	 0.25704768E-04	 0.77097216E-04
  7172.0000    	  7173.0000    	-0.75087408E-03	 0.27526705E-03
  7173.0000    	  7174.0000    	-0.61216333E-03	 0.25757943E-03
  7174.0000    	  7175.0000    	-0.11434947E-03	 0.23515245E-03
  7175.0000    	  7176.0000    	 0.26170243E-06	 0.20119827E-03
  7176.0000    	  7177.0000    	-0.39068487E-03	 0.24960167E-03
  7177.0000    	  7178.0000    	-0.47856102E-03	 0.22017203E-03
  7178.0000    	  7179.0000    	-0.32313964E-03	 0.15797331E-03
  7179.0000    	  7180.0000    	 0.30152679E-03	 0.10899837E-03
  7180.0000    	  7181.0000    	-0.58585006E-04	 0.12209025E-03
  7181.0000    	  7182.0000    	-0.23586317E-03	 0.13149131E-03
  7182.0000    	  7183.0000    	-0.22326261E-04	 0.57103787E-04
  7183.0000    	  7184.0000    	-0.34674609E-03	 0.25867462E-03
  7184.0000    	  7185.0000    	-0.47540128E-03	 0.26577454E-03
  7185.0000    	  7186.0000    	-0.46773901E-03	 0.23773072E-03
  7186.0000    	  7187.0000    	-0.37717795E-03	 0.22992878E-03
  7187.0000    	  7188.0000    	-0.44074450E-03	 0.26866142E-03
  7188.0000    	  7189.0000    	-0.28054160E-03	 0.22686829E-03
  7189.0000    	  7190.0000    	-0.43544142E-03	 0.18926141E-03
  7190.0000    	  7191.0000    	-0.29173537E-04	 0.18785983E-03
  7191.0000    	  7192.0000    	-0.28685138E-04	 0.13333261E-03
  7192.0000    	  7193.0000    	-0.15507790E-04	 0.14869377E-03
  7193.0000    	  7194.0000    	 0.46050046E-04	 0.75661415E-04
  7194.0000    	  7195.0000    	-0.21572376E-03	 0.29324199E-03
  7195.0000    	  7196.0000    	-0.87967576E-04	 0.21126639E-03
  7196.0000    	  7197.0000    	-0.51917081E-03	 0.30985212E-03
  7197.0000    	  7198.0000    	-0.58846869E-03	 0.28269233E-03
  7198.0000    	  7199.0000    	-0.52791007E-03	 0.28437964E-03
  7199.0000    	  7200.0000    	-0.40015989E-03	 0.22567585E-03
  7200.0000    	  7201.0000    	 0.91714622E-04	 0.19056137E-03
  7201.0000    	  7202.0000    	 0.75325831E-04	 0.15046206E-03
  7202.0000    	  7203.0000    	-0.11211020E-03	 0.15990737E-03
  7203.0000    	  7204.0000    	-0.18099041E-03	 0.12065632E-03
  7204.0000    	  7205.0000    	-0.83053453E-04	 0.59225267E-04
  7205.0000    	  7206.0000    	-0.73284860E-03	 0.29117907E-03
  7206.0000    	  7207.0000    	-0.98682206E-03	 0.24365204E-03
  7207.0000    	  7208.0000    	-0.50791754E-03	 0.27150322E-03
  7208.0000    	  7209.0000    	-0.92259521E-03	 0.21915745E-03
  7209.0000    	  7210.0000    	-0.12073325E-02	 0.27466168E-03
  7210.0000    	  7211.0000    	-0.39114602E-03	 0.20406995E-03
  7211.0000    	  7212.0000    	-0.30676231E-03	 0.20376963E-03
  7212.0000    	  7213.0000    	-0.17210681E-03	 0.14828266E-03
  7213.0000    	  7214.0000    	 0.87872690E-05	 0.14684519E-03
  7214.0000    	  7215.0000    	 0.23773053E-04	 0.86292438E-04
  7215.0000    	  7216.0000    	-0.68819131E-04	 0.77951392E-04
  7216.0000    	  7217.0000    	-0.92103221E-03	 0.31678159E-03
  7217.0000    	  7218.0000    	-0.33729327E-04	 0.22100546E-03
  7218.0000    	  7219.0000    	-0.47261996E-03	 0.26370856E-03
  7219.0000    	  7220.0000    	-0.54785792E-03	 0.23421865E-03
  7220.0000    	  7221.0000    	-0.49515815E-03	 0.21790374E-03
  7221.0000    	  7222.0000    	-0.49235714E-03	 0.19038682E-03
  7222.0000    	  7223.0000    	-0.39902451E-03	 0.19700345E-03
  7223.0000    	  7224.0000    	-0.25385689E-03	 0.18425483E-03
  7224.0000    	  7225.0000    	-0.11460079E-03	 0.13311361E-03
  7225.0000    	  7226.0000    	-0.14659879E-03	 0.10019979E-03
  7226.0000    	  7227.0000    	-0.21322567E-03	 0.94599791E-04
  7227.0000    	  7228.0000    	-0.57423675E-03	 0.29530056E-03
  7228.0000    	  7229.0000    	-0.19052131E-03	 0.23883072E-03
  7229.0000    	  7230.0000    	-0.95543578E-03	 0.25539587E-03
  7230.0000    	  7231.0000    	-0.27550608E-03	 0.29154201E-03
  7231.0000    	  7232.0000    	-0.68871807E-03	 0.22505410E-03
  7232.0000    	  7233.0000    	-0.28983268E-03	 0.21394545E-03
  7233.0000    	  7234.0000    	-0.43710812E-03	 0.20298631E-03
  7234.0000    	  7235.0000    	-0.17967423E-03	 0.15246169E-03
  7235.0000    	  7236.0000    	 0.20710026E-03	 0.14410594E-03
  7236.0000    	  7237.0000    	 0.52917886E-04	 0.90507736E-04
  7237.0000    	  7238.0000    	 0.68883060E-04	 0.47192677E-04
  7238.0000    	  7239.0000    	-0.10493490E-02	 0.31780973E-03
  7239.0000    	  7240.0000    	-0.10481131E-02	 0.27417290E-03
  7240.0000    	  7241.0000    	-0.71454201E-03	 0.24164464E-03
  7241.0000    	  7242.0000    	-0.48344791E-03	 0.22493192E-03
  7242.0000    	  7243.0000    	-0.63176754E-03	 0.21624874E-03
  7243.0000    	  7244.0000    	-0.11265473E-02	 0.23646223E-03
  7244.0000    	  7245.0000    	-0.38226680E-03	 0.19660602E-03
  7245.0000    	  7246.0000    	-0.12871785E-03	 0.15374312E-03
  7246.0000    	  7247.0000    	-0.96771081E-04	 0.14276740E-03
  7247.0000    	  7248.0000    	 0.22951857E-04	 0.71802362E-04
  7248.0000    	  7249.0000    	-0.66137116E-04	 0.64536824E-04
  7249.0000    	  7250.0000    	-0.69707003E-03	 0.29553684E-03
  7250.0000    	  7251.0000    	-0.30988315E-03	 0.20158623E-03
  7251.0000    	  7252.0000    	-0.63430462E-03	 0.23237830E-03
  7252.0000    	  7253.0000    	-0.28092640E-03	 0.23789385E-03
  7253.0000    	  7254.0000    	-0.15318741E-03	 0.19459855E-03
  7254.0000    	  7255.0000    	-0.17567758E-03	 0.21773298E-03
  7255.0000    	  7256.0000    	-0.43939067E-03	 0.20237633E-03
  7256.0000    	  7257.0000    	 0.15195004E-03	 0.13000887E-03
  7257.0000    	  7258.0000    	 0.91570635E-04	 0.10329008E-03
  7258.0000    	  7259.0000    	-0.87005340E-04	 0.63006585E-04
  7259.0000    	  7260.0000    	-0.79054641E-04	 0.62580042E-04
  7260.0000    	  7261.0000    	-0.45048621E-03	 0.26384925E-03
  7261.0000    	  7262.0000    	-0.83450830E-03	 0.26884380E-03
  7262.0000    	  7263.0000    	-0.58701937E-03	 0.22102419E-03
  7263.0000    	  7264.0000    	-0.73014858E-03	 0.32278901E-03
  7264.0000    	  7265.0000    	-0.32315150E-03	 0.21702307E-03
  7265.0000    	  7266.0000    	-0.37613317E-03	 0.20624296E-03
  7266.0000    	  7267.0000    	 0.41835516E-03	 0.16233909E-03
  7267.0000    	  7268.0000    	 0.84333543E-04	 0.18277393E-03
  7268.0000    	  7269.0000    	-0.26817741E-03	 0.14082020E-03
  7269.0000    	  7270.0000    	 0.91474708E-04	 0.65434855E-04
  7270.0000    	  7271.0000    	-0.25527126E-04	 0.78757579E-04
  7271.0000    	  7272.0000    	-0.78002825E-03	 0.25151242E-03
  7272.0000    	  7273.0000    	-0.17136766E-03	 0.25832080E-03
  7273.0000    	  7274.0000    	-0.91232606E-03	 0.23500211E-03
  7274.0000    	  7275.0000    	-0.85263663E-03	 0.25816886E-03
  7275.0000    	  7276.0000    	-0.78578746E-03	 0.20937132E-03
  7276.0000    	  7277.0000    	-0.68643499E-03	 0.21823752E-03
  7277.0000    	  7278.0000    	-0.70833317E-03	 0.19629489E-03
  7278.0000    	  7279.0000    	-0.97855682E-04	 0.17075801E-03
  7279.0000    	  7280.0000    	 0.26246135E-04	 0.87181584E-04
  7280.0000    	  7281.0000    	-0.23085631E-05	 0.55817380E-04
  7281.0000    	  7282.0000    	 0.25448915E-04	 0.25100331E-04
  7282.0000    	  7283.0000    	-0.58210591E-03	 0.24154235E-03
  7283.0000    	  7284.0000    	-0.68763992E-03	 0.24871120E-03
  7284.0000    	  7285.0000    	-0.38274963E-03	 0.25795599E-03
  7285.0000    	  7286.0000    	-0.75222611E-03	 0.22860396E-03
  7286.0000    	  7287.0000    	-0.62277691E-03	 0.20409504E-03
  7287.0000    	  7288.0000    	-0.21003859E-03	 0.21695890E-03
  7288.0000    	  7289.0000    	-0.50804981E-03	 0.20128463E-03
  7289.0000    	  7290.0000    	 0.61507922E-04	 0.13940950E-03
  7290.0000    	  7291.0000    	 0.13694491E-03	 0.10014252E-03
  7291.0000    	  7292.0000    	 0.32196140E-05	 0.68056953E-04
  7292.0000    	  7293.0000    	-0.53521505E-04	 0.73413385E-04
  7293.0000    	  7294.0000    	 0.15980920E-03	 0.24127195E-03
  7294.0000    	  7295.0000    	-0.54703391E-03	 0.29130494E-03
  7295.0000    	  7296.0000    	-0.56391601E-03	 0.24996520E-03
  7296.0000    	  7297.0000    	-0.23920027E-03	 0.21827449E-03
  7297.0000    	  7298.0000    	-0.42314780E-03	 0.21413293E-03
  7298.0000    	  7299.0000    	-0.28133587E-03	 0.18622385E-03
  7299.0000    	  7300.0000    	-0.20484351E-03	 0.17201465E-03
  7300.0000    	  7301.0000    	-0.11701437E-03	 0.16822205E-03
  7301.0000    	  7302.0000    	 0.51746454E-04	 0.10985742E-03
  7302.0000    	  7303.0000    	 0.79308852E-04	 0.84614528E-04
  7303.0000    	  7304.0000    	-0.52858259E-04	 0.66315796E-04
  7304.0000    	  7305.0000    	-0.11438864E-02	 0.28133834E-03
  7305.0000    	  7306.0000    	-0.54311597E-03	 0.24592037E-03
  7306.0000    	  7307.0000    	-0.46329778E-03	 0.23393955E-03
  7307.0000    	  7308.0000    	-0.56857226E-03	 0.20230972E-03
  7308.0000    	  7309.0000    	-0.44373104E-03	 0.20855242E-03
  7309.0000    	  7310.0000    	-0.18601736E-03	 0.21124728E-03
  7310.0000    	  7311.0000    	 0.16534653E-05	 0.19013943E-03
  7311.0000    	  7312.0000    	-0.61399393E-04	 0.16009552E-03
  7312.0000    	  7313.0000    	-0.54329856E-04	 0.14346232E-03
  7313.0000    	  7314.0000    	 0.98268483E-04	 0.82610717E-04
  7314.0000    	  7315.0000    	 0.33552369E-04	 0.50770667E-04
  7315.0000    	  7316.0000    	-0.29134421E-03	 0.22575795E-03
  7316.0000    	  7317.0000    	 0.70938706E-05	 0.23108757E-03
  7317.0000    	  7318.0000    	-0.56110856E-03	 0.26138457E-03
  7318.0000    	  7319.0000    	-0.83373266E-03	 0.22187385E-03
  7319.0000    	  7320.0000    	-0.38045504E-03	 0.19810913E-03
  7320.0000    	  7321.0000    	-0.55048530E-03	 0.21685194E-03
  7321.0000    	  7322.0000    	-0.62932889E-04	 0.18178070E-03
  7322.0000    	  7323.0000    	-0.10509966E-03	 0.16384721E-03
  7323.0000    	  7324.0000    	-0.16559130E-03	 0.13436169E-03
  7324.0000    	  7325.0000    	 0.10010599E-03	 0.98214818E-04
  7325.0000    	  7326.0000    	 0.14085538E-04	 0.30487350E-04
  7326.0000    	  7327.0000    	 0.10232863E-03	 0.24862735E-03
  7327.0000    	  7328.0000    	-0.63719183E-03	 0.30689530E-03
  7328.0000    	  7329.0000    	-0.51532222E-03	 0.30395963E-03
  7329.0000    	  7330.0000    	-0.80435548E-03	 0.24988868E-03
  7330.0000    	  7331.0000    	-0.60721568E-03	 0.25069850E-03
  7331.0000    	  7332.0000    	-0.34049265E-04	 0.17352205E-03
  7332.0000    	  7333.0000    	-0.80087955E-04	 0.15148921E-03
  7333.0000    	  7334.0000    	 0.15273026E-04	 0.13977120E-03
  7334.0000    	  7335.0000    	-0.27330093E-03	 0.12580462E-03
  7335.0000    	  7336.0000    	-0.12639235E-03	 0.69349679E-04
  7336.0000    	  7337.0000    	 0.31197540E-04	 0.37854944E-04
  7337.0000    	  7338.0000    	-0.73614076E-03	 0.29434076E-03
  7338.0000    	  7339.0000    	-0.85246372E-03	 0.27356140E-03
  7339.0000    	  7340.0000    	-0.74704234E-03	 0.28896469E-03
  7340.0000    	  7341.0000    	-0.46013409E-03	 0.22437563E-03
  7341.0000    	  7342.0000    	-0.67504462E-03	 0.25507874E-03
  7342.0000    	  7343.0000    	-0.10969388E-03	 0.20983530E-03
  7343.0000    	  7344.0000    	-0.28650984E-03	 0.15961836E-03
  7344.0000    	  7345.0000    	 0.11643454E-03	 0.11910117E-03
  7345.0000    	  7346.0000    	-0.11867593E-03	 0.10259833E-03
  7346.0000    	  7347.0000    	-0.14654196E-03	 0.12135696E-03
  7347.0000    	  7348.0000    	 0.51220282E-04	 0.44152262E-04
  7348.0000    	  7349.0000    	-0.85248090E-03	 0.27769433E-03
  7349.0000    	  7350.0000    	-0.55282312E-03	 0.28972316E-03
  7350.0000    	  7351.0000    	-0.26791880E-03	 0.20669614E-03
  7351.0000    	  7352.0000    	-0.59212461E-03	 0.19444559E-03
  7352.0000    	  7353.0000    	-0.50334866E-03	 0.23101295E-03
  7353.0000    	  7354.0000    	-0.98158135E-04	 0.20983485E-03
  7354.0000    	  7355.0000    	-0.46316275E-03	 0.18064856E-03
  7355.0000    	  7356.0000    	 0.17977657E-04	 0.17462890E-03
  7356.0000    	  7357.0000    	-0.17013976E-03	 0.13919579E-03
  7357.0000    	  7358.0000    	 0.22781867E-04	 0.85077745E-04
  7358.0000    	  7359.0000    	-0.40900773E-04	 0.48976549E-04
  7359.0000    	  7360.0000    	-0.60207582E-03	 0.25728889E-03
  7360.0000    	  7361.0000    	-0.14662262E-03	 0.28495181E-03
  7361.0000    	  7362.0000    	-0.81853499E-03	 0.27764265E-03
  7362.0000    	  7363.0000    	-0.75655835E-04	 0.23532752E-03
  7363.0000    	  7364.0000    	-0.47735225E-03	 0.21976838E-03
  7364.0000    	  7365.0000    	-0.63533869E-03	 0.23266558E-03
  7365.0000    	  7366.0000    	-0.13230262E-03	 0.18276756E-03
  7366.0000    	  7367.0000    	-0.10593348E-03	 0.15580550E-03
  7367.0000    	  7368.0000    	-0.20434903E-03	 0.10598571E-03
  7368.0000    	  7369.0000    	-0.16535266E-03	 0.98246381E-04
  7369.0000    	  7370.0000    	-0.10052184E-03	 0.40675319E-04
  7370.0000    	  7371.0000    	-0.60417444E-04	 0.22978416E-03
  7371.0000    	  7372.0000    	-0.64397719E-03	 0.29105159E-03
  7372.0000    	  7373.0000    	-0.18633774E-03	 0.26120972E-03
  7373.0000    	  7374.0000    	-0.19613156E-03	 0.21406503E-03
  7374.0000    	  7375.0000    	-0.73062312E-03	 0.21205567E-03
  7375.0000    	  7376.0000    	-0.73559262E-04	 0.23047830E-03
  7376.0000    	  7377.0000    	-0.86554972E-04	 0.20997624E-03
  7377.0000    	  7378.0000    	-0.39396771E-04	 0.15596607E-03
  7378.0000    	  7379.0000    	 0.21109335E-03	 0.11283977E-03
  7379.0000    	  7380.0000    	 0.22916531E-04	 0.87893477E-04
  7380.0000    	  7381.0000    	 0.50884317E-04	 0.47087640E-04
  7381.0000    	  7382.0000    	-0.54597865E-03	 0.27935112E-03
  7382.0000    	  7383.0000    	-0.45913203E-03	 0.22596250E-03
  7383.0000    	  7384.0000    	-0.25739237E-03	 0.28663230E-03
  7384.0000    	  7385.0000    	-0.43203589E-03	 0.22217922E-03
  7385.0000    	  7386.0000    	-0.38948784E-03	 0.19027282E-03
  7386.0000    	  7387.0000    	-0.46718348E-03	 0.24624686E-03
  7387.0000    	  7388.0000    	-0.60805579E-03	 0.20824812E-03
  7388.0000    	  7389.0000    	-0.88374184E-04	 0.16273082E-03
  7389.0000    	  7390.0000    	-0.34952966E-03	 0.12080404E-03
  7390.0000    	  7391.0000    	 0.14292503E-03	 0.65226810E-04
  7391.0000    	  7392.0000    	 0.38062079E-04	 0.59517193E-04
  7392.0000    	  7393.0000    	-0.24916209E-03	 0.22640930E-03
  7393.0000    	  7394.0000    	-0.27700266E-03	 0.24058638E-03
  7394.0000    	  7395.0000    	-0.64937184E-03	 0.25978074E-03
  7395.0000    	  7396.0000    	-0.40698010E-03	 0.22575612E-03
  7396.0000    	  7397.0000    	-0.85607661E-03	 0.22651270E-03
  7397.0000    	  7398.0000    	-0.39328729E-03	 0.20809087E-03
  7398.0000    	  7399.0000    	-0.31183162E-04	 0.16449506E-03
  7399.0000    	  7400.0000    	-0.26811833E-03	 0.14392498E-03
  7400.0000    	  7401.0000    	-0.90438852E-04	 0.13530932E-03
  7401.0000    	  7402.0000    	-0.40289408E-04	 0.77385066E-04
  7402.0000    	  7403.0000    	-0.46096188E-05	 0.23433334E-04
  7403.0000    	  7404.0000    	-0.35388819E-03	 0.25470064E-03
  7404.0000    	  7405.0000    	-0.48468753E-03	 0.24962733E-03
  7405.0000    	  7406.0000    	-0.78428396E-04	 0.21664653E-03
  7406.0000    	  7407.0000    	-0.19809536E-03	 0.21619577E-03
  7407.0000    	  7408.0000    	-0.19796130E-03	 0.18408002E-03
  7408.0000    	  7409.0000    	-0.28333162E-03	 0.21261662E-03
  7409.0000    	  7410.0000    	-0.29534335E-03	 0.16997046E-03
  7410.0000    	  7411.0000    	-0.45719376E-03	 0.15745301E-03
  7411.0000    	  7412.0000    	 0.10626331E-03	 0.13164546E-03
  7412.0000    	  7413.0000    	-0.94547787E-04	 0.91053147E-04
  7413.0000    	  7414.0000    	-0.42419184E-04	 0.68498787E-04
  7414.0000    	  7415.0000    	-0.92345843E-03	 0.29195998E-03
  7415.0000    	  7416.0000    	-0.47073455E-03	 0.22957219E-03
  7416.0000    	  7417.0000    	-0.33129872E-03	 0.20861203E-03
  7417.0000    	  7418.0000    	-0.46670304E-03	 0.22997205E-03
  7418.0000    	  7419.0000    	-0.45547881E-04	 0.18554360E-03
  7419.0000    	  7420.0000    	-0.44500630E-03	 0.18227496E-03
  7420.0000    	  7421.0000    	 0.19998449E-05	 0.11426526E-03
  7421.0000    	  7422.0000    	 0.78773709E-04	 0.15779262E-03
  7422.0000    	  7423.0000    	-0.76349541E-04	 0.13192163E-03
  7423.0000    	  7424.0000    	 0.12864354E-03	 0.90761870E-04
  7424.0000    	  7425.0000    	-0.37320459E-04	 0.87729820E-04
  7425.0000    	  7426.0000    	-0.52140099E-03	 0.24864414E-03
  7426.0000    	  7427.0000    	-0.15342820E-03	 0.19467245E-03
  7427.0000    	  7428.0000    	-0.63538695E-03	 0.23497408E-03
  7428.0000    	  7429.0000    	-0.56198522E-03	 0.17141642E-03
  7429.0000    	  7430.0000    	-0.47084828E-03	 0.19874111E-03
  7430.0000    	  7431.0000    	-0.52139461E-03	 0.20508759E-03
  7431.0000    	  7432.0000    	-0.11303956E-03	 0.15520219E-03
  7432.0000    	  7433.0000    	-0.10424980E-03	 0.15888049E-03
  7433.0000    	  7434.0000    	 0.71956362E-04	 0.11960137E-03
  7434.0000    	  7435.0000    	-0.86400018E-04	 0.10588339E-03
  7435.0000    	  7436.0000    	-0.14166071E-04	 0.27584690E-04
  7436.0000    	  7437.0000    	-0.52227391E-03	 0.27998972E-03
  7437.0000    	  7438.0000    	-0.87987226E-03	 0.25832858E-03
  7438.0000    	  7439.0000    	-0.86070539E-03	 0.26042166E-03
  7439.0000    	  7440.0000    	-0.12126799E-03	 0.21120723E-03
  7440.0000    	  7441.0000    	-0.73109929E-03	 0.21154098E-03
  7441.0000    	  7442.0000    	-0.62152550E-04	 0.18363496E-03
  7442.0000    	  7443.0000    	-0.15226832E-03	 0.13281380E-03
  7443.0000    	  7444.0000    	-0.65702650E-04	 0.11462532E-03
  7444.0000    	  7445.0000    	-0.10291592E-03	 0.12526413E-03
  7445.0000    	  7446.0000    	-0.46100077E-04	 0.56146294E-04
  7446.0000    	  7447.0000    	-0.15152459E-04	 0.56381732E-04
  7447.0000    	  7448.0000    	-0.26361317E-03	 0.24455393E-03
  7448.0000    	  7449.0000    	-0.42863964E-03	 0.23638566E-03
  7449.0000    	  7450.0000    	-0.81798550E-03	 0.21909045E-03
  7450.0000    	  7451.0000    	-0.15843907E-03	 0.20044893E-03
  7451.0000    	  7452.0000    	-0.27847320E-03	 0.17768559E-03
  7452.0000    	  7453.0000    	-0.46442515E-03	 0.20028557E-03
  7453.0000    	  7454.0000    	-0.27880690E-03	 0.17920896E-03
  7454.0000    	  7455.0000    	 0.30618488E-04	 0.13347859E-03
  7455.0000    	  7456.0000    	-0.18171429E-03	 0.13366691E-03
  7456.0000    	  7457.0000    	-0.13367389E-03	 0.11218879E-03
  7457.0000    	  7458.0000    	-0.13682375E-03	 0.77611062E-04
  7458.0000    	  7459.0000    	 0.12335256E-03	 0.26251143E-03
  7459.0000    	  7460.0000    	-0.57999517E-03	 0.25155221E-03
  7460.0000    	  7461.0000    	-0.39980067E-03	 0.21812825E-03
  7461.0000    	  7462.0000    	-0.54031849E-03	 0.19406521E-03
  7462.0000    	  7463.0000    	-0.36396295E-03	 0.18280507E-03
  7463.0000    	  7464.0000    	-0.27959391E-03	 0.21047154E-03
  7464.0000    	  7465.0000    	-0.51086765E-03	 0.15957859E-03
  7465.0000    	  7466.0000    	-0.33380308E-04	 0.13031249E-03
  7466.0000    	  7467.0000    	-0.81422728E-04	 0.14365106E-03
  7467.0000    	  7468.0000    	-0.14033844E-03	 0.67020702E-04
  7468.0000    	  7469.0000    	 0.20572842E-04	 0.32438566E-04
  7469.0000    	  7470.0000    	-0.81243827E-03	 0.26901811E-03
  7470.0000    	  7471.0000    	-0.57043840E-03	 0.27443657E-03
  7471.0000    	  7472.0000    	 0.21482971E-03	 0.20202153E-03
  7472.0000    	  7473.0000    	-0.65857294E-03	 0.18809402E-03
  7473.0000    	  7474.0000    	-0.51519149E-03	 0.22029790E-03
  7474.0000    	  7475.0000    	-0.18253102E-03	 0.18546334E-03
  7475.0000    	  7476.0000    	-0.60638112E-03	 0.17196771E-03
  7476.0000    	  7477.0000    	 0.55463567E-04	 0.12065252E-03
  7477.0000    	  7478.0000    	 0.16264503E-04	 0.14014242E-03
  7478.0000    	  7479.0000    	-0.13500396E-03	 0.68792026E-04
  7479.0000    	  7480.0000    	 0.29689553E-04	 0.18839251E-04
  7480.0000    	  7481.0000    	-0.72974394E-03	 0.24718053E-03
  7481.0000    	  7482.0000    	-0.36211135E-03	 0.26892471E-03
  7482.0000    	  7483.0000    	-0.25338267E-03	 0.17333516E-03
  7483.0000    	  7484.0000    	-0.48240964E-03	 0.22431639E-03
  7484.0000    	  7485.0000    	-0.22458716E-03	 0.21400014E-03
  7485.0000    	  7486.0000    	-0.38950875E-03	 0.17148363E-03
  7486.0000    	  7487.0000    	-0.80206349E-04	 0.11022955E-03
  7487.0000    	  7488.0000    	-0.20136987E-03	 0.11546922E-03
  7488.0000    	  7489.0000    	-0.10678518E-03	 0.11652858E-03
  7489.0000    	  7490.0000    	 0.87570431E-04	 0.83830986E-04
  7490.0000    	  7491.0000    	-0.27574664E-04	 0.41302509E-04
  7491.0000    	  7492.0000    	-0.84096602E-03	 0.24809611E-03
  7492.0000    	  7493.0000    	-0.46523754E-03	 0.23124083E-03
  7493.0000    	  7494.0000    	-0.76013077E-03	 0.22307137E-03
  7494.0000    	  7495.0000    	-0.87575409E-03	 0.21480815E-03
  7495.0000    	  7496.0000    	-0.70383386E-03	 0.20042356E-03
  7496.0000    	  7497.0000    	-0.24151745E-03	 0.16249601E-03
  7497.0000    	  7498.0000    	 0.10443129E-03	 0.19562357E-03
  7498.0000    	  7499.0000    	 0.59155079E-04	 0.13908397E-03
  7499.0000    	  7500.0000    	-0.39258836E-04	 0.13308713E-03
  7500.0000    	  7501.0000    	 0.49488258E-04	 0.66782445E-04
  7501.0000    	  7502.0000    	-0.65169023E-04	 0.28290156E-04
  7502.0000    	  7503.0000    	 0.65274687E-04	 0.23231794E-03
  7503.0000    	  7504.0000    	-0.14917040E-03	 0.23354476E-03
  7504.0000    	  7505.0000    	-0.62382758E-03	 0.21520968E-03
  7505.0000    	  7506.0000    	-0.56679985E-03	 0.21950569E-03
  7506.0000    	  7507.0000    	-0.22091041E-03	 0.20865902E-03
  7507.0000    	  7508.0000    	-0.31504543E-03	 0.17479071E-03
  7508.0000    	  7509.0000    	-0.27590337E-03	 0.15847215E-03
  7509.0000    	  7510.0000    	-0.21799340E-03	 0.13627019E-03
  7510.0000    	  7511.0000    	-0.75579361E-05	 0.12110310E-03
  7511.0000    	  7512.0000    	-0.12934308E-03	 0.52291624E-04
  7512.0000    	  7513.0000    	-0.17474849E-03	 0.65251424E-04
  7513.0000    	  7514.0000    	-0.51601844E-03	 0.22873152E-03
  7514.0000    	  7515.0000    	-0.26605045E-03	 0.22213503E-03
  7515.0000    	  7516.0000    	-0.26352036E-03	 0.25469945E-03
  7516.0000    	  7517.0000    	-0.22323298E-03	 0.15628149E-03
  7517.0000    	  7518.0000    	-0.17468378E-03	 0.20067229E-03
  7518.0000    	  7519.0000    	-0.78797570E-03	 0.17639847E-03
  7519.0000    	  7520.0000    	-0.20254662E-03	 0.15426054E-03
  7520.0000    	  7521.0000    	 0.26253571E-04	 0.10011609E-03
  7521.0000    	  7522.0000    	-0.23702524E-03	 0.15824600E-03
  7522.0000    	  7523.0000    	-0.18657204E-04	 0.68663496E-04
  7523.0000    	  7524.0000    	-0.87430186E-04	 0.42562998E-04
