# xi0
# underflow	 -13.080916    	 0.60999637E-02
# overflow	 -3.4104678    	 0.17686761E-02
# sum	 -369.61432    	 0.20446843E-01
# xmin	xmax	cross	numerror
  4048.0000    	  4049.0000    	-0.16543188    	 0.66154904E-03
  4049.0000    	  4050.0000    	-0.20685310    	 0.75083035E-03
  4050.0000    	  4051.0000    	-0.24038791    	 0.72222434E-03
  4051.0000    	  4052.0000    	-0.27487374    	 0.73432433E-03
  4052.0000    	  4053.0000    	-0.30241897    	 0.78063295E-03
  4053.0000    	  4054.0000    	-0.32443716    	 0.77414436E-03
  4054.0000    	  4055.0000    	-0.34165694    	 0.70715160E-03
  4055.0000    	  4056.0000    	-0.35466393    	 0.71417484E-03
  4056.0000    	  4057.0000    	-0.36243454    	 0.68461006E-03
  4057.0000    	  4058.0000    	-0.36556062    	 0.68670399E-03
  4058.0000    	  4059.0000    	-0.36726663    	 0.70385099E-03
  4059.0000    	  4060.0000    	-0.36486928    	 0.68251225E-03
  4060.0000    	  4061.0000    	-0.35902808    	 0.68382260E-03
  4061.0000    	  4062.0000    	-0.34951648    	 0.70350041E-03
  4062.0000    	  4063.0000    	-0.33747605    	 0.70436161E-03
  4063.0000    	  4064.0000    	-0.31981707    	 0.68622016E-03
  4064.0000    	  4065.0000    	-0.30055296    	 0.69149368E-03
  4065.0000    	  4066.0000    	-0.27473157    	 0.72829655E-03
  4066.0000    	  4067.0000    	-0.24663425    	 0.71375612E-03
  4067.0000    	  4068.0000    	-0.21409709    	 0.68084278E-03
  4068.0000    	  4069.0000    	-0.17897570    	 0.68960314E-03
  4069.0000    	  4070.0000    	-0.14228180    	 0.61439657E-03
  4070.0000    	  4071.0000    	-0.16449111    	 0.61339676E-03
  4071.0000    	  4072.0000    	-0.20248835    	 0.69907852E-03
  4072.0000    	  4073.0000    	-0.23754956    	 0.66552742E-03
  4073.0000    	  4074.0000    	-0.27130480    	 0.72496805E-03
  4074.0000    	  4075.0000    	-0.29747988    	 0.68806722E-03
  4075.0000    	  4076.0000    	-0.32067532    	 0.76374462E-03
  4076.0000    	  4077.0000    	-0.33753816    	 0.69455116E-03
  4077.0000    	  4078.0000    	-0.34990992    	 0.66540403E-03
  4078.0000    	  4079.0000    	-0.35707290    	 0.66971296E-03
  4079.0000    	  4080.0000    	-0.36184403    	 0.67863836E-03
  4080.0000    	  4081.0000    	-0.36232026    	 0.66161648E-03
  4081.0000    	  4082.0000    	-0.35958774    	 0.65674659E-03
  4082.0000    	  4083.0000    	-0.35332942    	 0.65512496E-03
  4083.0000    	  4084.0000    	-0.34496854    	 0.65977420E-03
  4084.0000    	  4085.0000    	-0.33321293    	 0.66438052E-03
  4085.0000    	  4086.0000    	-0.31737417    	 0.70422899E-03
  4086.0000    	  4087.0000    	-0.29577127    	 0.64771441E-03
  4087.0000    	  4088.0000    	-0.27167788    	 0.65412309E-03
  4088.0000    	  4089.0000    	-0.24295002    	 0.68041248E-03
  4089.0000    	  4090.0000    	-0.21056927    	 0.66564744E-03
  4090.0000    	  4091.0000    	-0.17696593    	 0.62964165E-03
  4091.0000    	  4092.0000    	-0.13971335    	 0.55709368E-03
  4092.0000    	  4093.0000    	-0.16161029    	 0.57918992E-03
  4093.0000    	  4094.0000    	-0.19923103    	 0.59927273E-03
  4094.0000    	  4095.0000    	-0.23522853    	 0.63559189E-03
  4095.0000    	  4096.0000    	-0.26693672    	 0.69583348E-03
  4096.0000    	  4097.0000    	-0.29347896    	 0.68302870E-03
  4097.0000    	  4098.0000    	-0.31604581    	 0.67174611E-03
  4098.0000    	  4099.0000    	-0.33319572    	 0.66177777E-03
  4099.0000    	  4100.0000    	-0.34491210    	 0.65391453E-03
  4100.0000    	  4101.0000    	-0.35340244    	 0.65884672E-03
  4101.0000    	  4102.0000    	-0.35711290    	 0.65320216E-03
  4102.0000    	  4103.0000    	-0.35706528    	 0.64406149E-03
  4103.0000    	  4104.0000    	-0.35387977    	 0.64394628E-03
  4104.0000    	  4105.0000    	-0.34932524    	 0.63897597E-03
  4105.0000    	  4106.0000    	-0.33951679    	 0.63666678E-03
  4106.0000    	  4107.0000    	-0.32895103    	 0.64980765E-03
  4107.0000    	  4108.0000    	-0.31188446    	 0.67187075E-03
  4108.0000    	  4109.0000    	-0.29191224    	 0.63835577E-03
  4109.0000    	  4110.0000    	-0.26770346    	 0.67309641E-03
  4110.0000    	  4111.0000    	-0.23940172    	 0.64206212E-03
  4111.0000    	  4112.0000    	-0.20872265    	 0.61378683E-03
  4112.0000    	  4113.0000    	-0.17373238    	 0.57085378E-03
  4113.0000    	  4114.0000    	-0.13821687    	 0.52679887E-03
  4114.0000    	  4115.0000    	-0.15849130    	 0.54780734E-03
  4115.0000    	  4116.0000    	-0.19626884    	 0.58158729E-03
  4116.0000    	  4117.0000    	-0.23225739    	 0.62517947E-03
  4117.0000    	  4118.0000    	-0.26248352    	 0.65453353E-03
  4118.0000    	  4119.0000    	-0.28958974    	 0.62836838E-03
  4119.0000    	  4120.0000    	-0.31145610    	 0.65887197E-03
  4120.0000    	  4121.0000    	-0.32858392    	 0.64272504E-03
  4121.0000    	  4122.0000    	-0.33928699    	 0.64723924E-03
  4122.0000    	  4123.0000    	-0.34750357    	 0.63830497E-03
  4123.0000    	  4124.0000    	-0.35288071    	 0.63537406E-03
  4124.0000    	  4125.0000    	-0.35284118    	 0.64495097E-03
  4125.0000    	  4126.0000    	-0.35051147    	 0.63851268E-03
  4126.0000    	  4127.0000    	-0.34546115    	 0.64150546E-03
  4127.0000    	  4128.0000    	-0.33627601    	 0.63946096E-03
  4128.0000    	  4129.0000    	-0.32375478    	 0.63130134E-03
  4129.0000    	  4130.0000    	-0.30832086    	 0.62307749E-03
  4130.0000    	  4131.0000    	-0.28885177    	 0.65334108E-03
  4131.0000    	  4132.0000    	-0.26447988    	 0.64111159E-03
  4132.0000    	  4133.0000    	-0.23743857    	 0.63416008E-03
  4133.0000    	  4134.0000    	-0.20493569    	 0.57972047E-03
  4134.0000    	  4135.0000    	-0.17110605    	 0.53841258E-03
  4135.0000    	  4136.0000    	-0.13571896    	 0.54965981E-03
  4136.0000    	  4137.0000    	-0.15631483    	 0.52876668E-03
  4137.0000    	  4138.0000    	-0.19497485    	 0.57828426E-03
  4138.0000    	  4139.0000    	-0.22887620    	 0.58374533E-03
  4139.0000    	  4140.0000    	-0.25961470    	 0.61908031E-03
  4140.0000    	  4141.0000    	-0.28524638    	 0.62616513E-03
  4141.0000    	  4142.0000    	-0.30700621    	 0.62889892E-03
  4142.0000    	  4143.0000    	-0.32478649    	 0.65256479E-03
  4143.0000    	  4144.0000    	-0.33612033    	 0.62902947E-03
  4144.0000    	  4145.0000    	-0.34394868    	 0.62475165E-03
  4145.0000    	  4146.0000    	-0.34715804    	 0.62268558E-03
  4146.0000    	  4147.0000    	-0.34829247    	 0.62910560E-03
  4147.0000    	  4148.0000    	-0.34546888    	 0.62328696E-03
  4148.0000    	  4149.0000    	-0.33932700    	 0.61818641E-03
  4149.0000    	  4150.0000    	-0.33249492    	 0.61849094E-03
  4150.0000    	  4151.0000    	-0.31987420    	 0.61857023E-03
  4151.0000    	  4152.0000    	-0.30363469    	 0.61262777E-03
  4152.0000    	  4153.0000    	-0.28381753    	 0.61923370E-03
  4153.0000    	  4154.0000    	-0.26103717    	 0.62238960E-03
  4154.0000    	  4155.0000    	-0.23291831    	 0.62390366E-03
  4155.0000    	  4156.0000    	-0.20207928    	 0.57055282E-03
  4156.0000    	  4157.0000    	-0.16849543    	 0.56949767E-03
  4157.0000    	  4158.0000    	-0.13315347    	 0.51207274E-03
  4158.0000    	  4159.0000    	-0.15397697    	 0.55749618E-03
  4159.0000    	  4160.0000    	-0.19060356    	 0.54355353E-03
  4160.0000    	  4161.0000    	-0.22605772    	 0.59222781E-03
  4161.0000    	  4162.0000    	-0.25624928    	 0.60270551E-03
  4162.0000    	  4163.0000    	-0.28238765    	 0.64162124E-03
  4163.0000    	  4164.0000    	-0.30287547    	 0.61449742E-03
  4164.0000    	  4165.0000    	-0.31950329    	 0.62227246E-03
  4165.0000    	  4166.0000    	-0.33154574    	 0.61927837E-03
  4166.0000    	  4167.0000    	-0.33930868    	 0.62279164E-03
  4167.0000    	  4168.0000    	-0.34277603    	 0.61933680E-03
  4168.0000    	  4169.0000    	-0.34297518    	 0.61637961E-03
  4169.0000    	  4170.0000    	-0.34135788    	 0.62222910E-03
  4170.0000    	  4171.0000    	-0.33586202    	 0.63385184E-03
  4171.0000    	  4172.0000    	-0.32713536    	 0.61329369E-03
  4172.0000    	  4173.0000    	-0.31522998    	 0.60570538E-03
  4173.0000    	  4174.0000    	-0.29940049    	 0.60847610E-03
  4174.0000    	  4175.0000    	-0.28118902    	 0.61912100E-03
  4175.0000    	  4176.0000    	-0.25663260    	 0.58899543E-03
  4176.0000    	  4177.0000    	-0.22966512    	 0.57882015E-03
  4177.0000    	  4178.0000    	-0.19968053    	 0.55495561E-03
  4178.0000    	  4179.0000    	-0.16686323    	 0.51657958E-03
  4179.0000    	  4180.0000    	-0.13155422    	 0.53223473E-03
  4180.0000    	  4181.0000    	-0.15110504    	 0.50834608E-03
  4181.0000    	  4182.0000    	-0.18820633    	 0.54515432E-03
  4182.0000    	  4183.0000    	-0.22282148    	 0.57845624E-03
  4183.0000    	  4184.0000    	-0.25193874    	 0.57782097E-03
  4184.0000    	  4185.0000    	-0.27786243    	 0.60745840E-03
  4185.0000    	  4186.0000    	-0.29936783    	 0.60630389E-03
  4186.0000    	  4187.0000    	-0.31513069    	 0.61249884E-03
  4187.0000    	  4188.0000    	-0.32725489    	 0.61891860E-03
  4188.0000    	  4189.0000    	-0.33442636    	 0.61250000E-03
  4189.0000    	  4190.0000    	-0.33900735    	 0.60992873E-03
  4190.0000    	  4191.0000    	-0.33944615    	 0.61224126E-03
  4191.0000    	  4192.0000    	-0.33652341    	 0.61378891E-03
  4192.0000    	  4193.0000    	-0.33117331    	 0.61479406E-03
  4193.0000    	  4194.0000    	-0.32248221    	 0.60732365E-03
  4194.0000    	  4195.0000    	-0.31123082    	 0.60278222E-03
  4195.0000    	  4196.0000    	-0.29598555    	 0.59726825E-03
  4196.0000    	  4197.0000    	-0.27589188    	 0.58377133E-03
  4197.0000    	  4198.0000    	-0.25332602    	 0.57921364E-03
  4198.0000    	  4199.0000    	-0.22706311    	 0.56751484E-03
  4199.0000    	  4200.0000    	-0.19689438    	 0.54656480E-03
  4200.0000    	  4201.0000    	-0.16387231    	 0.50953401E-03
  4201.0000    	  4202.0000    	-0.12923202    	 0.47583317E-03
  4202.0000    	  4203.0000    	-0.14889706    	 0.49656447E-03
  4203.0000    	  4204.0000    	-0.18581967    	 0.53810375E-03
  4204.0000    	  4205.0000    	-0.21848434    	 0.54648787E-03
  4205.0000    	  4206.0000    	-0.24830848    	 0.56528858E-03
  4206.0000    	  4207.0000    	-0.27477332    	 0.58590895E-03
  4207.0000    	  4208.0000    	-0.29517085    	 0.59871655E-03
  4208.0000    	  4209.0000    	-0.31185692    	 0.60803479E-03
  4209.0000    	  4210.0000    	-0.32246004    	 0.59854285E-03
  4210.0000    	  4211.0000    	-0.33010741    	 0.60246314E-03
  4211.0000    	  4212.0000    	-0.33390448    	 0.60435899E-03
  4212.0000    	  4213.0000    	-0.33431886    	 0.60182470E-03
  4213.0000    	  4214.0000    	-0.33252236    	 0.61354765E-03
  4214.0000    	  4215.0000    	-0.32689062    	 0.60177382E-03
  4215.0000    	  4216.0000    	-0.31854782    	 0.59780717E-03
  4216.0000    	  4217.0000    	-0.30708109    	 0.60204536E-03
  4217.0000    	  4218.0000    	-0.29192378    	 0.59188472E-03
  4218.0000    	  4219.0000    	-0.27226791    	 0.58656233E-03
  4219.0000    	  4220.0000    	-0.24989297    	 0.57661163E-03
  4220.0000    	  4221.0000    	-0.22345098    	 0.55644521E-03
  4221.0000    	  4222.0000    	-0.19332236    	 0.53295113E-03
  4222.0000    	  4223.0000    	-0.16180063    	 0.48953661E-03
  4223.0000    	  4224.0000    	-0.12604831    	 0.46769162E-03
  4224.0000    	  4225.0000    	-0.14612700    	 0.48925855E-03
  4225.0000    	  4226.0000    	-0.18278286    	 0.51248413E-03
  4226.0000    	  4227.0000    	-0.21593638    	 0.54656219E-03
  4227.0000    	  4228.0000    	-0.24532891    	 0.56875571E-03
  4228.0000    	  4229.0000    	-0.27044169    	 0.58707080E-03
  4229.0000    	  4230.0000    	-0.29152999    	 0.59581891E-03
  4230.0000    	  4231.0000    	-0.30668291    	 0.59140152E-03
  4231.0000    	  4232.0000    	-0.31902797    	 0.59693845E-03
  4232.0000    	  4233.0000    	-0.32612530    	 0.59575030E-03
  4233.0000    	  4234.0000    	-0.32950992    	 0.59776761E-03
  4234.0000    	  4235.0000    	-0.33080695    	 0.60073637E-03
  4235.0000    	  4236.0000    	-0.32772956    	 0.59464610E-03
  4236.0000    	  4237.0000    	-0.32212922    	 0.59543133E-03
  4237.0000    	  4238.0000    	-0.31440604    	 0.58816030E-03
  4238.0000    	  4239.0000    	-0.30228733    	 0.58205832E-03
  4239.0000    	  4240.0000    	-0.28688782    	 0.58178379E-03
  4240.0000    	  4241.0000    	-0.26957435    	 0.57595283E-03
  4241.0000    	  4242.0000    	-0.24659120    	 0.55630791E-03
  4242.0000    	  4243.0000    	-0.22029228    	 0.55602943E-03
  4243.0000    	  4244.0000    	-0.19118546    	 0.51818394E-03
  4244.0000    	  4245.0000    	-0.15868477    	 0.48923404E-03
  4245.0000    	  4246.0000    	-0.12465304    	 0.45227190E-03
  4246.0000    	  4247.0000    	-0.14372469    	 0.46930023E-03
  4247.0000    	  4248.0000    	-0.17983903    	 0.50567872E-03
  4248.0000    	  4249.0000    	-0.21330705    	 0.54022917E-03
  4249.0000    	  4250.0000    	-0.24234858    	 0.55703832E-03
  4250.0000    	  4251.0000    	-0.26661640    	 0.57785141E-03
  4251.0000    	  4252.0000    	-0.28742592    	 0.57959391E-03
  4252.0000    	  4253.0000    	-0.30310416    	 0.58398353E-03
  4253.0000    	  4254.0000    	-0.31417389    	 0.58986142E-03
  4254.0000    	  4255.0000    	-0.32199842    	 0.59344778E-03
  4255.0000    	  4256.0000    	-0.32509060    	 0.59006824E-03
  4256.0000    	  4257.0000    	-0.32567707    	 0.59612722E-03
  4257.0000    	  4258.0000    	-0.32302787    	 0.58757516E-03
  4258.0000    	  4259.0000    	-0.31947694    	 0.59042422E-03
  4259.0000    	  4260.0000    	-0.30880651    	 0.57944534E-03
  4260.0000    	  4261.0000    	-0.29879312    	 0.58026116E-03
  4261.0000    	  4262.0000    	-0.28471411    	 0.57972408E-03
  4262.0000    	  4263.0000    	-0.26549293    	 0.56482038E-03
  4263.0000    	  4264.0000    	-0.24298051    	 0.54768267E-03
  4264.0000    	  4265.0000    	-0.21704862    	 0.54458017E-03
  4265.0000    	  4266.0000    	-0.18837445    	 0.51148885E-03
  4266.0000    	  4267.0000    	-0.15683688    	 0.48885344E-03
  4267.0000    	  4268.0000    	-0.12216809    	 0.45078513E-03
  4268.0000    	  4269.0000    	-0.14181153    	 0.46722214E-03
  4269.0000    	  4270.0000    	-0.17727440    	 0.49406363E-03
  4270.0000    	  4271.0000    	-0.20917880    	 0.52091739E-03
  4271.0000    	  4272.0000    	-0.23767152    	 0.54016866E-03
  4272.0000    	  4273.0000    	-0.26340982    	 0.55739521E-03
  4273.0000    	  4274.0000    	-0.28262224    	 0.56883677E-03
  4274.0000    	  4275.0000    	-0.29890497    	 0.57554894E-03
  4275.0000    	  4276.0000    	-0.30988483    	 0.57960466E-03
  4276.0000    	  4277.0000    	-0.31737303    	 0.59033879E-03
  4277.0000    	  4278.0000    	-0.32103110    	 0.59611155E-03
  4278.0000    	  4279.0000    	-0.32206327    	 0.58783641E-03
  4279.0000    	  4280.0000    	-0.31949411    	 0.58541239E-03
  4280.0000    	  4281.0000    	-0.31305722    	 0.58322218E-03
  4281.0000    	  4282.0000    	-0.30592242    	 0.57492830E-03
  4282.0000    	  4283.0000    	-0.29425637    	 0.56870441E-03
  4283.0000    	  4284.0000    	-0.28010979    	 0.56603983E-03
  4284.0000    	  4285.0000    	-0.26140859    	 0.55152261E-03
  4285.0000    	  4286.0000    	-0.23938820    	 0.54291205E-03
  4286.0000    	  4287.0000    	-0.21390544    	 0.52302592E-03
  4287.0000    	  4288.0000    	-0.18475635    	 0.49354746E-03
  4288.0000    	  4289.0000    	-0.15437413    	 0.47821731E-03
  4289.0000    	  4290.0000    	-0.12090645    	 0.43808637E-03
  4290.0000    	  4291.0000    	-0.13865071    	 0.46446941E-03
  4291.0000    	  4292.0000    	-0.17449379    	 0.48934296E-03
  4292.0000    	  4293.0000    	-0.20648654    	 0.50747220E-03
  4293.0000    	  4294.0000    	-0.23528666    	 0.54114576E-03
  4294.0000    	  4295.0000    	-0.25969743    	 0.55833343E-03
  4295.0000    	  4296.0000    	-0.28024160    	 0.56665974E-03
  4296.0000    	  4297.0000    	-0.29488787    	 0.57360310E-03
  4297.0000    	  4298.0000    	-0.30656825    	 0.57327289E-03
  4298.0000    	  4299.0000    	-0.31319769    	 0.57741976E-03
  4299.0000    	  4300.0000    	-0.31650451    	 0.57898089E-03
  4300.0000    	  4301.0000    	-0.31810627    	 0.58312702E-03
  4301.0000    	  4302.0000    	-0.31515711    	 0.57940695E-03
  4302.0000    	  4303.0000    	-0.30994788    	 0.57713658E-03
  4303.0000    	  4304.0000    	-0.30248314    	 0.57308876E-03
  4304.0000    	  4305.0000    	-0.29053207    	 0.56652177E-03
  4305.0000    	  4306.0000    	-0.27651469    	 0.55675482E-03
  4306.0000    	  4307.0000    	-0.25774376    	 0.54940064E-03
  4307.0000    	  4308.0000    	-0.23618473    	 0.53563021E-03
  4308.0000    	  4309.0000    	-0.21032717    	 0.51408901E-03
  4309.0000    	  4310.0000    	-0.18309146    	 0.49013719E-03
  4310.0000    	  4311.0000    	-0.15153892    	 0.45911255E-03
  4311.0000    	  4312.0000    	-0.11824519    	 0.42927474E-03
  4312.0000    	  4313.0000    	-0.13653893    	 0.45081806E-03
  4313.0000    	  4314.0000    	-0.17186467    	 0.49345810E-03
  4314.0000    	  4315.0000    	-0.20377829    	 0.51857699E-03
  4315.0000    	  4316.0000    	-0.23116784    	 0.52830683E-03
  4316.0000    	  4317.0000    	-0.25604131    	 0.54662173E-03
  4317.0000    	  4318.0000    	-0.27695464    	 0.56202487E-03
  4318.0000    	  4319.0000    	-0.29061174    	 0.56188036E-03
  4319.0000    	  4320.0000    	-0.30139821    	 0.56715350E-03
  4320.0000    	  4321.0000    	-0.30947695    	 0.58777948E-03
  4321.0000    	  4322.0000    	-0.31290820    	 0.57306331E-03
  4322.0000    	  4323.0000    	-0.31305293    	 0.57495175E-03
  4323.0000    	  4324.0000    	-0.31068591    	 0.57621421E-03
  4324.0000    	  4325.0000    	-0.30625048    	 0.57089445E-03
  4325.0000    	  4326.0000    	-0.29830201    	 0.56620033E-03
  4326.0000    	  4327.0000    	-0.28636205    	 0.55548309E-03
  4327.0000    	  4328.0000    	-0.27274737    	 0.55295239E-03
  4328.0000    	  4329.0000    	-0.25475583    	 0.54026615E-03
  4329.0000    	  4330.0000    	-0.23269336    	 0.53151061E-03
  4330.0000    	  4331.0000    	-0.20795703    	 0.50871457E-03
  4331.0000    	  4332.0000    	-0.17978104    	 0.48493977E-03
  4332.0000    	  4333.0000    	-0.14862129    	 0.45234417E-03
  4333.0000    	  4334.0000    	-0.11695972    	 0.43648961E-03
  4334.0000    	  4335.0000    	-0.13443271    	 0.45395863E-03
  4335.0000    	  4336.0000    	-0.16982921    	 0.47473501E-03
  4336.0000    	  4337.0000    	-0.20070937    	 0.49942812E-03
  4337.0000    	  4338.0000    	-0.22856923    	 0.52210117E-03
  4338.0000    	  4339.0000    	-0.25194887    	 0.53943499E-03
  4339.0000    	  4340.0000    	-0.27155559    	 0.54958343E-03
  4340.0000    	  4341.0000    	-0.28685695    	 0.55689151E-03
  4341.0000    	  4342.0000    	-0.29843832    	 0.56366691E-03
  4342.0000    	  4343.0000    	-0.30570502    	 0.56960288E-03
  4343.0000    	  4344.0000    	-0.30893020    	 0.56968314E-03
  4344.0000    	  4345.0000    	-0.30945560    	 0.57030577E-03
  4345.0000    	  4346.0000    	-0.30728422    	 0.57102865E-03
  4346.0000    	  4347.0000    	-0.30164051    	 0.56464222E-03
  4347.0000    	  4348.0000    	-0.29422815    	 0.56108594E-03
  4348.0000    	  4349.0000    	-0.28302281    	 0.55316189E-03
  4349.0000    	  4350.0000    	-0.26833595    	 0.54289812E-03
  4350.0000    	  4351.0000    	-0.25076850    	 0.53432295E-03
  4351.0000    	  4352.0000    	-0.22988124    	 0.52150476E-03
  4352.0000    	  4353.0000    	-0.20477257    	 0.50411260E-03
  4353.0000    	  4354.0000    	-0.17643500    	 0.48043228E-03
  4354.0000    	  4355.0000    	-0.14729147    	 0.45035924E-03
  4355.0000    	  4356.0000    	-0.11464002    	 0.41799955E-03
  4356.0000    	  4357.0000    	-0.13279441    	 0.44283239E-03
  4357.0000    	  4358.0000    	-0.16640768    	 0.47029805E-03
  4358.0000    	  4359.0000    	-0.19851183    	 0.49953673E-03
  4359.0000    	  4360.0000    	-0.22513244    	 0.51560371E-03
  4360.0000    	  4361.0000    	-0.24906233    	 0.53093560E-03
  4361.0000    	  4362.0000    	-0.26907194    	 0.54587698E-03
  4362.0000    	  4363.0000    	-0.28407391    	 0.56124611E-03
  4363.0000    	  4364.0000    	-0.29462070    	 0.55808000E-03
  4364.0000    	  4365.0000    	-0.30043650    	 0.55899765E-03
  4365.0000    	  4366.0000    	-0.30459857    	 0.56653969E-03
  4366.0000    	  4367.0000    	-0.30528004    	 0.56598265E-03
  4367.0000    	  4368.0000    	-0.30255644    	 0.56224615E-03
  4368.0000    	  4369.0000    	-0.29837007    	 0.56138409E-03
  4369.0000    	  4370.0000    	-0.29048284    	 0.55833662E-03
  4370.0000    	  4371.0000    	-0.27947532    	 0.55087447E-03
  4371.0000    	  4372.0000    	-0.26449419    	 0.54523552E-03
  4372.0000    	  4373.0000    	-0.24770322    	 0.52850014E-03
  4373.0000    	  4374.0000    	-0.22711850    	 0.55308632E-03
  4374.0000    	  4375.0000    	-0.20248614    	 0.50098019E-03
  4375.0000    	  4376.0000    	-0.17493169    	 0.47751206E-03
  4376.0000    	  4377.0000    	-0.14491674    	 0.44842551E-03
  4377.0000    	  4378.0000    	-0.11187384    	 0.41316653E-03
  4378.0000    	  4379.0000    	-0.13044937    	 0.43184528E-03
  4379.0000    	  4380.0000    	-0.16417279    	 0.46581508E-03
  4380.0000    	  4381.0000    	-0.19481446    	 0.48726752E-03
  4381.0000    	  4382.0000    	-0.22193435    	 0.50700292E-03
  4382.0000    	  4383.0000    	-0.24519768    	 0.52638761E-03
  4383.0000    	  4384.0000    	-0.26499623    	 0.53884780E-03
  4384.0000    	  4385.0000    	-0.27871159    	 0.54665675E-03
  4385.0000    	  4386.0000    	-0.29060432    	 0.55462185E-03
  4386.0000    	  4387.0000    	-0.29677970    	 0.55468232E-03
  4387.0000    	  4388.0000    	-0.29995665    	 0.55817677E-03
  4388.0000    	  4389.0000    	-0.30136885    	 0.56233786E-03
  4389.0000    	  4390.0000    	-0.29970052    	 0.56083180E-03
  4390.0000    	  4391.0000    	-0.29342176    	 0.55433626E-03
  4391.0000    	  4392.0000    	-0.28571871    	 0.54787044E-03
  4392.0000    	  4393.0000    	-0.27551182    	 0.54225749E-03
  4393.0000    	  4394.0000    	-0.26213295    	 0.53737002E-03
  4394.0000    	  4395.0000    	-0.24439663    	 0.52298531E-03
  4395.0000    	  4396.0000    	-0.22267401    	 0.50537460E-03
  4396.0000    	  4397.0000    	-0.19943029    	 0.51712720E-03
  4397.0000    	  4398.0000    	-0.17236918    	 0.47589139E-03
  4398.0000    	  4399.0000    	-0.14212648    	 0.43351199E-03
  4399.0000    	  4400.0000    	-0.11006778    	 0.39912222E-03
  4400.0000    	  4401.0000    	-0.12783387    	 0.42285457E-03
  4401.0000    	  4402.0000    	-0.16191063    	 0.45926203E-03
  4402.0000    	  4403.0000    	-0.19258533    	 0.47994550E-03
  4403.0000    	  4404.0000    	-0.21894248    	 0.51063689E-03
  4404.0000    	  4405.0000    	-0.24247908    	 0.52286801E-03
  4405.0000    	  4406.0000    	-0.26099539    	 0.52851190E-03
  4406.0000    	  4407.0000    	-0.27607760    	 0.54013135E-03
  4407.0000    	  4408.0000    	-0.28652690    	 0.54848193E-03
  4408.0000    	  4409.0000    	-0.29313490    	 0.55195766E-03
  4409.0000    	  4410.0000    	-0.29706875    	 0.55451925E-03
  4410.0000    	  4411.0000    	-0.29672714    	 0.55306591E-03
  4411.0000    	  4412.0000    	-0.29502845    	 0.55420916E-03
  4412.0000    	  4413.0000    	-0.29012683    	 0.54989369E-03
  4413.0000    	  4414.0000    	-0.28320185    	 0.54799379E-03
  4414.0000    	  4415.0000    	-0.27248721    	 0.54128887E-03
  4415.0000    	  4416.0000    	-0.25782285    	 0.52697990E-03
  4416.0000    	  4417.0000    	-0.24084238    	 0.51695018E-03
  4417.0000    	  4418.0000    	-0.22038195    	 0.50261618E-03
  4418.0000    	  4419.0000    	-0.19624981    	 0.48717193E-03
  4419.0000    	  4420.0000    	-0.16968111    	 0.45653976E-03
  4420.0000    	  4421.0000    	-0.13898844    	 0.41418915E-03
  4421.0000    	  4422.0000    	-0.10829553    	 0.39062735E-03
  4422.0000    	  4423.0000    	-0.12540695    	 0.41226574E-03
  4423.0000    	  4424.0000    	-0.15968998    	 0.45212578E-03
  4424.0000    	  4425.0000    	-0.18955645    	 0.47746797E-03
  4425.0000    	  4426.0000    	-0.21618589    	 0.50353234E-03
  4426.0000    	  4427.0000    	-0.23921235    	 0.52138019E-03
  4427.0000    	  4428.0000    	-0.25782627    	 0.53154271E-03
  4428.0000    	  4429.0000    	-0.27177858    	 0.53659599E-03
  4429.0000    	  4430.0000    	-0.28219072    	 0.53854438E-03
  4430.0000    	  4431.0000    	-0.28993660    	 0.54935363E-03
  4431.0000    	  4432.0000    	-0.29283334    	 0.55050315E-03
  4432.0000    	  4433.0000    	-0.29347850    	 0.54987703E-03
  4433.0000    	  4434.0000    	-0.29114925    	 0.54838606E-03
  4434.0000    	  4435.0000    	-0.28627962    	 0.54674353E-03
  4435.0000    	  4436.0000    	-0.27877861    	 0.53918239E-03
  4436.0000    	  4437.0000    	-0.26772394    	 0.53261063E-03
  4437.0000    	  4438.0000    	-0.25477023    	 0.52887199E-03
  4438.0000    	  4439.0000    	-0.23813991    	 0.51875578E-03
  4439.0000    	  4440.0000    	-0.21719602    	 0.49752988E-03
  4440.0000    	  4441.0000    	-0.19316199    	 0.47384775E-03
  4441.0000    	  4442.0000    	-0.16621552    	 0.44737747E-03
  4442.0000    	  4443.0000    	-0.13806636    	 0.43214367E-03
  4443.0000    	  4444.0000    	-0.10698600    	 0.40231960E-03
  4444.0000    	  4445.0000    	-0.12343108    	 0.41495800E-03
  4445.0000    	  4446.0000    	-0.15650970    	 0.43594189E-03
  4446.0000    	  4447.0000    	-0.18666182    	 0.47444401E-03
  4447.0000    	  4448.0000    	-0.21444291    	 0.50743541E-03
  4448.0000    	  4449.0000    	-0.23492802    	 0.50612161E-03
  4449.0000    	  4450.0000    	-0.25398158    	 0.51968690E-03
  4450.0000    	  4451.0000    	-0.26844720    	 0.52919770E-03
  4451.0000    	  4452.0000    	-0.27917504    	 0.53702344E-03
  4452.0000    	  4453.0000    	-0.28635110    	 0.54282869E-03
  4453.0000    	  4454.0000    	-0.28899596    	 0.54475297E-03
  4454.0000    	  4455.0000    	-0.28970981    	 0.54679092E-03
  4455.0000    	  4456.0000    	-0.28779142    	 0.54600112E-03
  4456.0000    	  4457.0000    	-0.28305193    	 0.54195281E-03
  4457.0000    	  4458.0000    	-0.27608872    	 0.53781939E-03
  4458.0000    	  4459.0000    	-0.26540078    	 0.52786810E-03
  4459.0000    	  4460.0000    	-0.25135963    	 0.51838830E-03
  4460.0000    	  4461.0000    	-0.23478112    	 0.51262376E-03
  4461.0000    	  4462.0000    	-0.21398652    	 0.49504430E-03
  4462.0000    	  4463.0000    	-0.19073036    	 0.47114808E-03
  4463.0000    	  4464.0000    	-0.16474916    	 0.44969518E-03
  4464.0000    	  4465.0000    	-0.13612711    	 0.43251840E-03
  4465.0000    	  4466.0000    	-0.10468660    	 0.38277775E-03
  4466.0000    	  4467.0000    	-0.12187880    	 0.41580115E-03
  4467.0000    	  4468.0000    	-0.15467075    	 0.44636022E-03
  4468.0000    	  4469.0000    	-0.18378897    	 0.46115314E-03
  4469.0000    	  4470.0000    	-0.20963541    	 0.48922469E-03
  4470.0000    	  4471.0000    	-0.23274780    	 0.50250953E-03
  4471.0000    	  4472.0000    	-0.25107999    	 0.51680067E-03
  4472.0000    	  4473.0000    	-0.26616338    	 0.52734821E-03
  4473.0000    	  4474.0000    	-0.27526737    	 0.53260996E-03
  4474.0000    	  4475.0000    	-0.28115454    	 0.53530332E-03
  4475.0000    	  4476.0000    	-0.28516081    	 0.53984287E-03
  4476.0000    	  4477.0000    	-0.28589002    	 0.54950694E-03
  4477.0000    	  4478.0000    	-0.28394689    	 0.54334115E-03
  4478.0000    	  4479.0000    	-0.27897769    	 0.53604593E-03
  4479.0000    	  4480.0000    	-0.27139317    	 0.53096754E-03
  4480.0000    	  4481.0000    	-0.26136676    	 0.52396763E-03
  4481.0000    	  4482.0000    	-0.24797917    	 0.51348242E-03
  4482.0000    	  4483.0000    	-0.23193183    	 0.50761735E-03
  4483.0000    	  4484.0000    	-0.21084390    	 0.48443624E-03
  4484.0000    	  4485.0000    	-0.18780174    	 0.46238178E-03
  4485.0000    	  4486.0000    	-0.16213850    	 0.43791534E-03
  4486.0000    	  4487.0000    	-0.13340224    	 0.41005734E-03
  4487.0000    	  4488.0000    	-0.10301144    	 0.39865889E-03
  4488.0000    	  4489.0000    	-0.11980389    	 0.40613057E-03
  4489.0000    	  4490.0000    	-0.15160851    	 0.42500794E-03
  4490.0000    	  4491.0000    	-0.18164673    	 0.46200390E-03
  4491.0000    	  4492.0000    	-0.20721555    	 0.48205186E-03
  4492.0000    	  4493.0000    	-0.22936156    	 0.50059120E-03
  4493.0000    	  4494.0000    	-0.24772104    	 0.50958272E-03
  4494.0000    	  4495.0000    	-0.26168412    	 0.52090811E-03
  4495.0000    	  4496.0000    	-0.27161924    	 0.53315556E-03
  4496.0000    	  4497.0000    	-0.27866772    	 0.53456366E-03
  4497.0000    	  4498.0000    	-0.28132806    	 0.53393924E-03
  4498.0000    	  4499.0000    	-0.28146797    	 0.53243192E-03
  4499.0000    	  4500.0000    	-0.28024584    	 0.53587287E-03
  4500.0000    	  4501.0000    	-0.27576884    	 0.53341129E-03
  4501.0000    	  4502.0000    	-0.26760088    	 0.52376775E-03
  4502.0000    	  4503.0000    	-0.25833022    	 0.51850993E-03
  4503.0000    	  4504.0000    	-0.24419462    	 0.50840163E-03
  4504.0000    	  4505.0000    	-0.22850493    	 0.49732880E-03
  4505.0000    	  4506.0000    	-0.20828554    	 0.49445204E-03
  4506.0000    	  4507.0000    	-0.18494649    	 0.46099932E-03
  4507.0000    	  4508.0000    	-0.15927917    	 0.43676060E-03
  4508.0000    	  4509.0000    	-0.13183773    	 0.42575897E-03
  4509.0000    	  4510.0000    	-0.10107986    	 0.37808562E-03
  4510.0000    	  4511.0000    	-0.11738390    	 0.40711125E-03
  4511.0000    	  4512.0000    	-0.14933727    	 0.43349791E-03
  4512.0000    	  4513.0000    	-0.17864130    	 0.45663718E-03
  4513.0000    	  4514.0000    	-0.20451608    	 0.47410945E-03
  4514.0000    	  4515.0000    	-0.22674506    	 0.49676452E-03
  4515.0000    	  4516.0000    	-0.24401200    	 0.50618173E-03
  4516.0000    	  4517.0000    	-0.25854726    	 0.51387840E-03
  4517.0000    	  4518.0000    	-0.26808462    	 0.52256575E-03
  4518.0000    	  4519.0000    	-0.27519225    	 0.52903971E-03
  4519.0000    	  4520.0000    	-0.27797515    	 0.53192530E-03
  4520.0000    	  4521.0000    	-0.27792851    	 0.53052634E-03
  4521.0000    	  4522.0000    	-0.27605037    	 0.53128580E-03
  4522.0000    	  4523.0000    	-0.27237712    	 0.52797790E-03
  4523.0000    	  4524.0000    	-0.26429796    	 0.52550997E-03
  4524.0000    	  4525.0000    	-0.25511097    	 0.51690598E-03
  4525.0000    	  4526.0000    	-0.24159636    	 0.50558162E-03
  4526.0000    	  4527.0000    	-0.22445946    	 0.48922848E-03
  4527.0000    	  4528.0000    	-0.20572520    	 0.47655751E-03
  4528.0000    	  4529.0000    	-0.18310084    	 0.46917122E-03
  4529.0000    	  4530.0000    	-0.15739311    	 0.44259571E-03
  4530.0000    	  4531.0000    	-0.12915420    	 0.40800475E-03
  4531.0000    	  4532.0000    	-0.99622981E-01	 0.38157708E-03
  4532.0000    	  4533.0000    	-0.11581096    	 0.40299698E-03
  4533.0000    	  4534.0000    	-0.14724384    	 0.42584241E-03
  4534.0000    	  4535.0000    	-0.17545588    	 0.44400580E-03
  4535.0000    	  4536.0000    	-0.20136928    	 0.46737075E-03
  4536.0000    	  4537.0000    	-0.22320939    	 0.50489655E-03
  4537.0000    	  4538.0000    	-0.24132082    	 0.50082137E-03
  4538.0000    	  4539.0000    	-0.25497105    	 0.50899268E-03
  4539.0000    	  4540.0000    	-0.26437600    	 0.51681070E-03
  4540.0000    	  4541.0000    	-0.27029631    	 0.52019487E-03
  4541.0000    	  4542.0000    	-0.27442605    	 0.52793697E-03
  4542.0000    	  4543.0000    	-0.27575467    	 0.53170502E-03
  4543.0000    	  4544.0000    	-0.27333989    	 0.52920100E-03
  4544.0000    	  4545.0000    	-0.26779143    	 0.52171790E-03
  4545.0000    	  4546.0000    	-0.26203480    	 0.52186619E-03
  4546.0000    	  4547.0000    	-0.25091143    	 0.50757479E-03
  4547.0000    	  4548.0000    	-0.23832668    	 0.50075063E-03
  4548.0000    	  4549.0000    	-0.22183909    	 0.48757065E-03
  4549.0000    	  4550.0000    	-0.20219266    	 0.47697409E-03
  4550.0000    	  4551.0000    	-0.17989558    	 0.45202860E-03
  4551.0000    	  4552.0000    	-0.15502943    	 0.42626225E-03
  4552.0000    	  4553.0000    	-0.12727139    	 0.39956480E-03
  4553.0000    	  4554.0000    	-0.97931994E-01	 0.37188552E-03
  4554.0000    	  4555.0000    	-0.11443424    	 0.39371338E-03
  4555.0000    	  4556.0000    	-0.14545448    	 0.43962221E-03
  4556.0000    	  4557.0000    	-0.17407206    	 0.44557488E-03
  4557.0000    	  4558.0000    	-0.19902620    	 0.46953096E-03
  4558.0000    	  4559.0000    	-0.21979304    	 0.48013233E-03
  4559.0000    	  4560.0000    	-0.23812668    	 0.50151152E-03
  4560.0000    	  4561.0000    	-0.25162112    	 0.50553819E-03
  4561.0000    	  4562.0000    	-0.26112999    	 0.51298187E-03
  4562.0000    	  4563.0000    	-0.26810665    	 0.51879028E-03
  4563.0000    	  4564.0000    	-0.27063658    	 0.52260932E-03
  4564.0000    	  4565.0000    	-0.27106487    	 0.52374566E-03
  4565.0000    	  4566.0000    	-0.26955229    	 0.52389741E-03
  4566.0000    	  4567.0000    	-0.26477222    	 0.51959133E-03
  4567.0000    	  4568.0000    	-0.25754717    	 0.51273447E-03
  4568.0000    	  4569.0000    	-0.24822053    	 0.50572559E-03
  4569.0000    	  4570.0000    	-0.23481887    	 0.49452383E-03
  4570.0000    	  4571.0000    	-0.21992162    	 0.48607257E-03
  4571.0000    	  4572.0000    	-0.20058053    	 0.46851035E-03
  4572.0000    	  4573.0000    	-0.17792105    	 0.44555053E-03
  4573.0000    	  4574.0000    	-0.15189629    	 0.42289085E-03
  4574.0000    	  4575.0000    	-0.12508117    	 0.39224218E-03
  4575.0000    	  4576.0000    	-0.96080276E-01	 0.37166296E-03
  4576.0000    	  4577.0000    	-0.11211703    	 0.38219711E-03
  4577.0000    	  4578.0000    	-0.14271550    	 0.41251904E-03
  4578.0000    	  4579.0000    	-0.17117903    	 0.44263948E-03
  4579.0000    	  4580.0000    	-0.19609211    	 0.46710509E-03
  4580.0000    	  4581.0000    	-0.21752969    	 0.48628336E-03
  4581.0000    	  4582.0000    	-0.23419088    	 0.48891263E-03
  4582.0000    	  4583.0000    	-0.24848582    	 0.50263541E-03
  4583.0000    	  4584.0000    	-0.25792475    	 0.50956712E-03
  4584.0000    	  4585.0000    	-0.26385214    	 0.51461466E-03
  4585.0000    	  4586.0000    	-0.26823145    	 0.52031278E-03
  4586.0000    	  4587.0000    	-0.26710148    	 0.51883842E-03
  4587.0000    	  4588.0000    	-0.26600863    	 0.52180600E-03
  4588.0000    	  4589.0000    	-0.26193967    	 0.51723463E-03
  4589.0000    	  4590.0000    	-0.25384563    	 0.50519220E-03
  4590.0000    	  4591.0000    	-0.24474320    	 0.49913011E-03
  4591.0000    	  4592.0000    	-0.23248715    	 0.49042614E-03
  4592.0000    	  4593.0000    	-0.21545973    	 0.47813147E-03
  4593.0000    	  4594.0000    	-0.19704735    	 0.46612449E-03
  4594.0000    	  4595.0000    	-0.17444917    	 0.43858848E-03
  4595.0000    	  4596.0000    	-0.15054270    	 0.41236713E-03
  4596.0000    	  4597.0000    	-0.12336033    	 0.38974296E-03
  4597.0000    	  4598.0000    	-0.94497835E-01	 0.37224943E-03
  4598.0000    	  4599.0000    	-0.11003352    	 0.38739158E-03
  4599.0000    	  4600.0000    	-0.14055790    	 0.40904654E-03
  4600.0000    	  4601.0000    	-0.16854506    	 0.43865093E-03
  4601.0000    	  4602.0000    	-0.19323005    	 0.45521338E-03
  4602.0000    	  4603.0000    	-0.21392326    	 0.47207705E-03
  4603.0000    	  4604.0000    	-0.23145985    	 0.48809924E-03
  4604.0000    	  4605.0000    	-0.24516372    	 0.49923365E-03
  4605.0000    	  4606.0000    	-0.25467993    	 0.50260904E-03
  4606.0000    	  4607.0000    	-0.26065388    	 0.51068357E-03
  4607.0000    	  4608.0000    	-0.26486941    	 0.51870208E-03
  4608.0000    	  4609.0000    	-0.26423036    	 0.51425244E-03
  4609.0000    	  4610.0000    	-0.26211417    	 0.51458433E-03
  4610.0000    	  4611.0000    	-0.25823591    	 0.51060819E-03
  4611.0000    	  4612.0000    	-0.25128209    	 0.50423566E-03
  4612.0000    	  4613.0000    	-0.24071380    	 0.49392622E-03
  4613.0000    	  4614.0000    	-0.22889285    	 0.48395975E-03
  4614.0000    	  4615.0000    	-0.21323121    	 0.48093184E-03
  4615.0000    	  4616.0000    	-0.19449596    	 0.45992162E-03
  4616.0000    	  4617.0000    	-0.17263811    	 0.43639471E-03
  4617.0000    	  4618.0000    	-0.14819268    	 0.43081612E-03
  4618.0000    	  4619.0000    	-0.12170784    	 0.40677861E-03
  4619.0000    	  4620.0000    	-0.92584926E-01	 0.34965728E-03
  4620.0000    	  4621.0000    	-0.10848731    	 0.38157615E-03
  4621.0000    	  4622.0000    	-0.13843292    	 0.40353014E-03
  4622.0000    	  4623.0000    	-0.16593825    	 0.42793803E-03
  4623.0000    	  4624.0000    	-0.19057907    	 0.45842409E-03
  4624.0000    	  4625.0000    	-0.21207595    	 0.47263973E-03
  4625.0000    	  4626.0000    	-0.22846256    	 0.48267190E-03
  4626.0000    	  4627.0000    	-0.24144707    	 0.49226532E-03
  4627.0000    	  4628.0000    	-0.25144966    	 0.49994407E-03
  4628.0000    	  4629.0000    	-0.25721121    	 0.50612839E-03
  4629.0000    	  4630.0000    	-0.26011543    	 0.51010172E-03
  4630.0000    	  4631.0000    	-0.26116644    	 0.51369804E-03
  4631.0000    	  4632.0000    	-0.25898289    	 0.50973907E-03
  4632.0000    	  4633.0000    	-0.25457962    	 0.50649452E-03
  4633.0000    	  4634.0000    	-0.24784489    	 0.51064731E-03
  4634.0000    	  4635.0000    	-0.23746658    	 0.48996601E-03
  4635.0000    	  4636.0000    	-0.22608374    	 0.48237105E-03
  4636.0000    	  4637.0000    	-0.21004897    	 0.46693138E-03
  4637.0000    	  4638.0000    	-0.19132492    	 0.44698928E-03
  4638.0000    	  4639.0000    	-0.17071196    	 0.44355661E-03
  4639.0000    	  4640.0000    	-0.14582049    	 0.40765613E-03
  4640.0000    	  4641.0000    	-0.11959581    	 0.39828989E-03
  4641.0000    	  4642.0000    	-0.91326282E-01	 0.38171973E-03
  4642.0000    	  4643.0000    	-0.10677673    	 0.36974418E-03
  4643.0000    	  4644.0000    	-0.13629609    	 0.40493287E-03
  4644.0000    	  4645.0000    	-0.16369647    	 0.41780531E-03
  4645.0000    	  4646.0000    	-0.18821234    	 0.46009624E-03
  4646.0000    	  4647.0000    	-0.20884371    	 0.46760535E-03
  4647.0000    	  4648.0000    	-0.22555450    	 0.47843132E-03
  4648.0000    	  4649.0000    	-0.23885244    	 0.49710870E-03
  4649.0000    	  4650.0000    	-0.24793979    	 0.49708934E-03
  4650.0000    	  4651.0000    	-0.25467566    	 0.50390839E-03
  4651.0000    	  4652.0000    	-0.25769180    	 0.50735369E-03
  4652.0000    	  4653.0000    	-0.25777819    	 0.50843613E-03
  4653.0000    	  4654.0000    	-0.25580388    	 0.50549645E-03
  4654.0000    	  4655.0000    	-0.25153559    	 0.50438889E-03
  4655.0000    	  4656.0000    	-0.24455346    	 0.49571943E-03
  4656.0000    	  4657.0000    	-0.23564251    	 0.48797347E-03
  4657.0000    	  4658.0000    	-0.22268251    	 0.47564656E-03
  4658.0000    	  4659.0000    	-0.20705435    	 0.46201341E-03
  4659.0000    	  4660.0000    	-0.18946384    	 0.45363730E-03
  4660.0000    	  4661.0000    	-0.16738620    	 0.43107291E-03
  4661.0000    	  4662.0000    	-0.14407547    	 0.40766343E-03
  4662.0000    	  4663.0000    	-0.11749544    	 0.37460919E-03
  4663.0000    	  4664.0000    	-0.89313145E-01	 0.33424665E-03
  4664.0000    	  4665.0000    	-0.10484452    	 0.36059928E-03
  4665.0000    	  4666.0000    	-0.13392788    	 0.39516487E-03
  4666.0000    	  4667.0000    	-0.16128955    	 0.42023733E-03
  4667.0000    	  4668.0000    	-0.18553420    	 0.45159257E-03
  4668.0000    	  4669.0000    	-0.20528287    	 0.46326492E-03
  4669.0000    	  4670.0000    	-0.22218434    	 0.48009067E-03
  4670.0000    	  4671.0000    	-0.23567355    	 0.48402071E-03
  4671.0000    	  4672.0000    	-0.24498362    	 0.49841521E-03
  4672.0000    	  4673.0000    	-0.25106487    	 0.49922068E-03
  4673.0000    	  4674.0000    	-0.25465913    	 0.50452528E-03
  4674.0000    	  4675.0000    	-0.25446009    	 0.50387302E-03
  4675.0000    	  4676.0000    	-0.25298658    	 0.50310655E-03
  4676.0000    	  4677.0000    	-0.24792381    	 0.49422026E-03
  4677.0000    	  4678.0000    	-0.24215521    	 0.49418562E-03
  4678.0000    	  4679.0000    	-0.23199050    	 0.48295181E-03
  4679.0000    	  4680.0000    	-0.22050200    	 0.47183839E-03
  4680.0000    	  4681.0000    	-0.20495814    	 0.46077644E-03
  4681.0000    	  4682.0000    	-0.18653434    	 0.44511851E-03
  4682.0000    	  4683.0000    	-0.16531554    	 0.43598170E-03
  4683.0000    	  4684.0000    	-0.14147795    	 0.40388377E-03
  4684.0000    	  4685.0000    	-0.11555491    	 0.37518407E-03
  4685.0000    	  4686.0000    	-0.88616372E-01	 0.34906200E-03
  4686.0000    	  4687.0000    	-0.10288718    	 0.36901319E-03
  4687.0000    	  4688.0000    	-0.13243857    	 0.39013444E-03
  4688.0000    	  4689.0000    	-0.15870185    	 0.41992176E-03
  4689.0000    	  4690.0000    	-0.18251013    	 0.43343581E-03
  4690.0000    	  4691.0000    	-0.20271433    	 0.45862019E-03
  4691.0000    	  4692.0000    	-0.21948601    	 0.46775309E-03
  4692.0000    	  4693.0000    	-0.23184972    	 0.47830143E-03
  4693.0000    	  4694.0000    	-0.24154763    	 0.48725557E-03
  4694.0000    	  4695.0000    	-0.24765654    	 0.49380546E-03
  4695.0000    	  4696.0000    	-0.25037908    	 0.49486747E-03
  4696.0000    	  4697.0000    	-0.25187039    	 0.50290100E-03
  4697.0000    	  4698.0000    	-0.24875622    	 0.49852870E-03
  4698.0000    	  4699.0000    	-0.24547514    	 0.49554083E-03
  4699.0000    	  4700.0000    	-0.23864218    	 0.48781810E-03
  4700.0000    	  4701.0000    	-0.22910693    	 0.47830411E-03
  4701.0000    	  4702.0000    	-0.21674386    	 0.46781812E-03
  4702.0000    	  4703.0000    	-0.20158735    	 0.45125323E-03
  4703.0000    	  4704.0000    	-0.18400465    	 0.44077184E-03
  4704.0000    	  4705.0000    	-0.16355862    	 0.42960548E-03
  4705.0000    	  4706.0000    	-0.13954606    	 0.40063756E-03
  4706.0000    	  4707.0000    	-0.11398667    	 0.38395264E-03
  4707.0000    	  4708.0000    	-0.86119636E-01	 0.32991351E-03
  4708.0000    	  4709.0000    	-0.10089271    	 0.35704141E-03
  4709.0000    	  4710.0000    	-0.12977443    	 0.38300985E-03
  4710.0000    	  4711.0000    	-0.15714601    	 0.40936559E-03
  4711.0000    	  4712.0000    	-0.18064961    	 0.43465023E-03
  4712.0000    	  4713.0000    	-0.20033449    	 0.45442142E-03
  4713.0000    	  4714.0000    	-0.21738547    	 0.46710799E-03
  4714.0000    	  4715.0000    	-0.22929179    	 0.47585976E-03
  4715.0000    	  4716.0000    	-0.23873083    	 0.48507505E-03
  4716.0000    	  4717.0000    	-0.24475143    	 0.49308525E-03
  4717.0000    	  4718.0000    	-0.24741631    	 0.49620697E-03
  4718.0000    	  4719.0000    	-0.24832869    	 0.49639916E-03
  4719.0000    	  4720.0000    	-0.24708693    	 0.49662646E-03
  4720.0000    	  4721.0000    	-0.24149369    	 0.49075419E-03
  4721.0000    	  4722.0000    	-0.23488508    	 0.48316558E-03
  4722.0000    	  4723.0000    	-0.22584470    	 0.47329604E-03
  4723.0000    	  4724.0000    	-0.21435746    	 0.46642314E-03
  4724.0000    	  4725.0000    	-0.19899844    	 0.45360271E-03
  4725.0000    	  4726.0000    	-0.18152656    	 0.43864380E-03
  4726.0000    	  4727.0000    	-0.16036343    	 0.41515747E-03
  4727.0000    	  4728.0000    	-0.13741019    	 0.39216728E-03
  4728.0000    	  4729.0000    	-0.11233739    	 0.36730242E-03
  4729.0000    	  4730.0000    	-0.85435027E-01	 0.34820375E-03
  4730.0000    	  4731.0000    	-0.99653908E-01	 0.35654575E-03
  4731.0000    	  4732.0000    	-0.12826547    	 0.38153393E-03
  4732.0000    	  4733.0000    	-0.15444773    	 0.41159426E-03
  4733.0000    	  4734.0000    	-0.17770858    	 0.43031555E-03
  4734.0000    	  4735.0000    	-0.19764404    	 0.45161253E-03
  4735.0000    	  4736.0000    	-0.21381058    	 0.45767863E-03
  4736.0000    	  4737.0000    	-0.22630058    	 0.46997913E-03
  4737.0000    	  4738.0000    	-0.23582474    	 0.48114008E-03
  4738.0000    	  4739.0000    	-0.24208103    	 0.48999629E-03
  4739.0000    	  4740.0000    	-0.24470045    	 0.49196392E-03
  4740.0000    	  4741.0000    	-0.24575685    	 0.49527127E-03
  4741.0000    	  4742.0000    	-0.24313385    	 0.49262318E-03
  4742.0000    	  4743.0000    	-0.23936009    	 0.48810571E-03
  4743.0000    	  4744.0000    	-0.23259093    	 0.48459845E-03
  4744.0000    	  4745.0000    	-0.22313831    	 0.47112989E-03
  4745.0000    	  4746.0000    	-0.21107411    	 0.45959881E-03
  4746.0000    	  4747.0000    	-0.19619230    	 0.44629810E-03
  4747.0000    	  4748.0000    	-0.17875725    	 0.43786718E-03
  4748.0000    	  4749.0000    	-0.15823128    	 0.40797442E-03
  4749.0000    	  4750.0000    	-0.13537554    	 0.38178052E-03
  4750.0000    	  4751.0000    	-0.11103121    	 0.37731729E-03
  4751.0000    	  4752.0000    	-0.83570197E-01	 0.32254147E-03
  4752.0000    	  4753.0000    	-0.97401932E-01	 0.35625153E-03
  4753.0000    	  4754.0000    	-0.12623544    	 0.37302065E-03
  4754.0000    	  4755.0000    	-0.15267816    	 0.40618894E-03
  4755.0000    	  4756.0000    	-0.17514850    	 0.43116655E-03
  4756.0000    	  4757.0000    	-0.19444117    	 0.43709015E-03
  4757.0000    	  4758.0000    	-0.21131603    	 0.45876496E-03
  4758.0000    	  4759.0000    	-0.22291787    	 0.46416388E-03
  4759.0000    	  4760.0000    	-0.23260103    	 0.47514348E-03
  4760.0000    	  4761.0000    	-0.23819725    	 0.48404964E-03
  4761.0000    	  4762.0000    	-0.24120702    	 0.48753686E-03
  4762.0000    	  4763.0000    	-0.24186991    	 0.48923968E-03
  4763.0000    	  4764.0000    	-0.23972577    	 0.48735040E-03
  4764.0000    	  4765.0000    	-0.23608822    	 0.48461752E-03
  4765.0000    	  4766.0000    	-0.22910536    	 0.47437414E-03
  4766.0000    	  4767.0000    	-0.22038931    	 0.46751870E-03
  4767.0000    	  4768.0000    	-0.20884171    	 0.45659928E-03
  4768.0000    	  4769.0000    	-0.19369735    	 0.44162339E-03
  4769.0000    	  4770.0000    	-0.17645264    	 0.43375837E-03
  4770.0000    	  4771.0000    	-0.15608626    	 0.41051149E-03
  4771.0000    	  4772.0000    	-0.13389099    	 0.39608485E-03
  4772.0000    	  4773.0000    	-0.10846430    	 0.35301675E-03
  4773.0000    	  4774.0000    	-0.81940585E-01	 0.32613757E-03
  4774.0000    	  4775.0000    	-0.96205823E-01	 0.36368065E-03
  4775.0000    	  4776.0000    	-0.12434201    	 0.37292017E-03
  4776.0000    	  4777.0000    	-0.15054424    	 0.41105717E-03
  4777.0000    	  4778.0000    	-0.17260001    	 0.41615511E-03
  4778.0000    	  4779.0000    	-0.19236891    	 0.44227291E-03
  4779.0000    	  4780.0000    	-0.20812438    	 0.45358779E-03
  4780.0000    	  4781.0000    	-0.22059618    	 0.46063182E-03
  4781.0000    	  4782.0000    	-0.22938758    	 0.47522280E-03
  4782.0000    	  4783.0000    	-0.23533662    	 0.47894697E-03
  4783.0000    	  4784.0000    	-0.23884852    	 0.48415178E-03
  4784.0000    	  4785.0000    	-0.23960189    	 0.48595953E-03
  4785.0000    	  4786.0000    	-0.23677647    	 0.48227239E-03
  4786.0000    	  4787.0000    	-0.23288981    	 0.48008170E-03
  4787.0000    	  4788.0000    	-0.22666319    	 0.47460185E-03
  4788.0000    	  4789.0000    	-0.21716325    	 0.46207743E-03
  4789.0000    	  4790.0000    	-0.20553880    	 0.45086223E-03
  4790.0000    	  4791.0000    	-0.19208334    	 0.44025075E-03
  4791.0000    	  4792.0000    	-0.17442762    	 0.42229374E-03
  4792.0000    	  4793.0000    	-0.15460682    	 0.41046173E-03
  4793.0000    	  4794.0000    	-0.13191603    	 0.39079832E-03
  4794.0000    	  4795.0000    	-0.10702545    	 0.35489114E-03
  4795.0000    	  4796.0000    	-0.80793594E-01	 0.31718124E-03
  4796.0000    	  4797.0000    	-0.94916240E-01	 0.35600731E-03
  4797.0000    	  4798.0000    	-0.12236033    	 0.37098461E-03
  4798.0000    	  4799.0000    	-0.14792715    	 0.39370429E-03
  4799.0000    	  4800.0000    	-0.17028976    	 0.41771038E-03
  4800.0000    	  4801.0000    	-0.18980204    	 0.43873454E-03
  4801.0000    	  4802.0000    	-0.20593186    	 0.46465880E-03
  4802.0000    	  4803.0000    	-0.21720028    	 0.45729545E-03
  4803.0000    	  4804.0000    	-0.22663479    	 0.46742154E-03
  4804.0000    	  4805.0000    	-0.23224008    	 0.47578427E-03
  4805.0000    	  4806.0000    	-0.23481782    	 0.47807830E-03
  4806.0000    	  4807.0000    	-0.23572395    	 0.48063883E-03
  4807.0000    	  4808.0000    	-0.23408956    	 0.48000571E-03
  4808.0000    	  4809.0000    	-0.23007543    	 0.47683393E-03
  4809.0000    	  4810.0000    	-0.22333445    	 0.46723713E-03
  4810.0000    	  4811.0000    	-0.21503179    	 0.46233510E-03
  4811.0000    	  4812.0000    	-0.20323872    	 0.44645384E-03
  4812.0000    	  4813.0000    	-0.18866859    	 0.43426946E-03
  4813.0000    	  4814.0000    	-0.17125476    	 0.41629046E-03
  4814.0000    	  4815.0000    	-0.15178548    	 0.39666737E-03
  4815.0000    	  4816.0000    	-0.12943403    	 0.37381074E-03
  4816.0000    	  4817.0000    	-0.10494442    	 0.35807476E-03
  4817.0000    	  4818.0000    	-0.79280965E-01	 0.31736076E-03
  4818.0000    	  4819.0000    	-0.93257159E-01	 0.34391248E-03
  4819.0000    	  4820.0000    	-0.12080421    	 0.36829061E-03
  4820.0000    	  4821.0000    	-0.14577948    	 0.38506402E-03
  4821.0000    	  4822.0000    	-0.16795071    	 0.41642684E-03
  4822.0000    	  4823.0000    	-0.18689161    	 0.43070982E-03
  4823.0000    	  4824.0000    	-0.20237710    	 0.44951633E-03
  4824.0000    	  4825.0000    	-0.21462432    	 0.45332488E-03
  4825.0000    	  4826.0000    	-0.22370944    	 0.46193990E-03
  4826.0000    	  4827.0000    	-0.22967363    	 0.47372455E-03
  4827.0000    	  4828.0000    	-0.23251883    	 0.47796190E-03
  4828.0000    	  4829.0000    	-0.23255089    	 0.47704902E-03
  4829.0000    	  4830.0000    	-0.23140156    	 0.47708653E-03
  4830.0000    	  4831.0000    	-0.22644066    	 0.47089490E-03
  4831.0000    	  4832.0000    	-0.22124123    	 0.46538861E-03
  4832.0000    	  4833.0000    	-0.21201528    	 0.45525756E-03
  4833.0000    	  4834.0000    	-0.20045111    	 0.44364039E-03
  4834.0000    	  4835.0000    	-0.18704725    	 0.43334571E-03
  4835.0000    	  4836.0000    	-0.16949045    	 0.41931269E-03
  4836.0000    	  4837.0000    	-0.14931736    	 0.39153072E-03
  4837.0000    	  4838.0000    	-0.12834296    	 0.37142424E-03
  4838.0000    	  4839.0000    	-0.10368456    	 0.34799145E-03
  4839.0000    	  4840.0000    	-0.77299820E-01	 0.31410877E-03
  4840.0000    	  4841.0000    	-0.91355480E-01	 0.33918410E-03
  4841.0000    	  4842.0000    	-0.11915241    	 0.38389613E-03
  4842.0000    	  4843.0000    	-0.14353509    	 0.39632417E-03
  4843.0000    	  4844.0000    	-0.16593407    	 0.40661106E-03
  4844.0000    	  4845.0000    	-0.18472946    	 0.42212546E-03
  4845.0000    	  4846.0000    	-0.20035882    	 0.43861078E-03
  4846.0000    	  4847.0000    	-0.21199660    	 0.45165983E-03
  4847.0000    	  4848.0000    	-0.22083141    	 0.46073925E-03
  4848.0000    	  4849.0000    	-0.22666997    	 0.46807295E-03
  4849.0000    	  4850.0000    	-0.22974818    	 0.47437248E-03
  4850.0000    	  4851.0000    	-0.23048581    	 0.47594018E-03
  4851.0000    	  4852.0000    	-0.22824374    	 0.47398917E-03
  4852.0000    	  4853.0000    	-0.22439433    	 0.47008484E-03
  4853.0000    	  4854.0000    	-0.21780486    	 0.46305986E-03
  4854.0000    	  4855.0000    	-0.20834203    	 0.44901276E-03
  4855.0000    	  4856.0000    	-0.19808813    	 0.44155082E-03
  4856.0000    	  4857.0000    	-0.18399934    	 0.42803896E-03
  4857.0000    	  4858.0000    	-0.16751441    	 0.41124708E-03
  4858.0000    	  4859.0000    	-0.14740780    	 0.39257702E-03
  4859.0000    	  4860.0000    	-0.12564687    	 0.36678159E-03
  4860.0000    	  4861.0000    	-0.10217665    	 0.34922505E-03
  4861.0000    	  4862.0000    	-0.76738714E-01	 0.31109022E-03
  4862.0000    	  4863.0000    	-0.90103802E-01	 0.34004790E-03
  4863.0000    	  4864.0000    	-0.11725745    	 0.36117752E-03
  4864.0000    	  4865.0000    	-0.14175646    	 0.37880863E-03
  4865.0000    	  4866.0000    	-0.16328381    	 0.40501024E-03
  4866.0000    	  4867.0000    	-0.18244742    	 0.42136688E-03
  4867.0000    	  4868.0000    	-0.19768187    	 0.43410179E-03
  4868.0000    	  4869.0000    	-0.20949380    	 0.44743033E-03
  4869.0000    	  4870.0000    	-0.21893972    	 0.46087077E-03
  4870.0000    	  4871.0000    	-0.22345071    	 0.46464407E-03
  4871.0000    	  4872.0000    	-0.22678396    	 0.47129437E-03
  4872.0000    	  4873.0000    	-0.22774667    	 0.47342441E-03
  4873.0000    	  4874.0000    	-0.22573059    	 0.47026336E-03
  4874.0000    	  4875.0000    	-0.22137339    	 0.46512363E-03
  4875.0000    	  4876.0000    	-0.21606514    	 0.46331548E-03
  4876.0000    	  4877.0000    	-0.20663145    	 0.45145809E-03
  4877.0000    	  4878.0000    	-0.19482327    	 0.43780665E-03
  4878.0000    	  4879.0000    	-0.18107668    	 0.42605672E-03
  4879.0000    	  4880.0000    	-0.16407193    	 0.40212154E-03
  4880.0000    	  4881.0000    	-0.14554485    	 0.38543415E-03
  4881.0000    	  4882.0000    	-0.12393493    	 0.36917265E-03
  4882.0000    	  4883.0000    	-0.10014056    	 0.33720099E-03
  4883.0000    	  4884.0000    	-0.75075301E-01	 0.30346224E-03
  4884.0000    	  4885.0000    	-0.88629328E-01	 0.33014703E-03
  4885.0000    	  4886.0000    	-0.11488968    	 0.36050047E-03
  4886.0000    	  4887.0000    	-0.13999619    	 0.38985400E-03
  4887.0000    	  4888.0000    	-0.16177196    	 0.40883868E-03
  4888.0000    	  4889.0000    	-0.17977794    	 0.41990870E-03
  4889.0000    	  4890.0000    	-0.19481874    	 0.43206483E-03
  4890.0000    	  4891.0000    	-0.20710292    	 0.44458594E-03
  4891.0000    	  4892.0000    	-0.21495132    	 0.45485691E-03
  4892.0000    	  4893.0000    	-0.22069879    	 0.45898670E-03
  4893.0000    	  4894.0000    	-0.22357052    	 0.46412289E-03
  4894.0000    	  4895.0000    	-0.22382584    	 0.46709774E-03
  4895.0000    	  4896.0000    	-0.22263354    	 0.46524626E-03
  4896.0000    	  4897.0000    	-0.21837120    	 0.46102180E-03
  4897.0000    	  4898.0000    	-0.21208603    	 0.45359680E-03
  4898.0000    	  4899.0000    	-0.20363399    	 0.44405384E-03
  4899.0000    	  4900.0000    	-0.19297439    	 0.43452500E-03
  4900.0000    	  4901.0000    	-0.17949136    	 0.41876032E-03
  4901.0000    	  4902.0000    	-0.16191501    	 0.40363002E-03
  4902.0000    	  4903.0000    	-0.14373322    	 0.38653805E-03
  4903.0000    	  4904.0000    	-0.12257368    	 0.36818883E-03
  4904.0000    	  4905.0000    	-0.99045289E-01	 0.34964697E-03
  4905.0000    	  4906.0000    	-0.73732477E-01	 0.29931084E-03
  4906.0000    	  4907.0000    	-0.86843190E-01	 0.33607759E-03
  4907.0000    	  4908.0000    	-0.11365180    	 0.36073902E-03
  4908.0000    	  4909.0000    	-0.13809408    	 0.39199786E-03
  4909.0000    	  4910.0000    	-0.15914715    	 0.40134061E-03
  4910.0000    	  4911.0000    	-0.17781360    	 0.41836027E-03
  4911.0000    	  4912.0000    	-0.19178488    	 0.42534562E-03
  4912.0000    	  4913.0000    	-0.20412225    	 0.44244920E-03
  4913.0000    	  4914.0000    	-0.21294097    	 0.44974458E-03
  4914.0000    	  4915.0000    	-0.21853749    	 0.45960710E-03
  4915.0000    	  4916.0000    	-0.22108166    	 0.46344212E-03
  4916.0000    	  4917.0000    	-0.22127069    	 0.46411822E-03
  4917.0000    	  4918.0000    	-0.21969989    	 0.46227779E-03
  4918.0000    	  4919.0000    	-0.21625566    	 0.45916747E-03
  4919.0000    	  4920.0000    	-0.20927032    	 0.44905130E-03
  4920.0000    	  4921.0000    	-0.20156522    	 0.44534280E-03
  4921.0000    	  4922.0000    	-0.19001386    	 0.42906753E-03
  4922.0000    	  4923.0000    	-0.17652418    	 0.41684164E-03
  4923.0000    	  4924.0000    	-0.16069776    	 0.39906536E-03
  4924.0000    	  4925.0000    	-0.14169683    	 0.38356400E-03
  4925.0000    	  4926.0000    	-0.12056953    	 0.35790976E-03
  4926.0000    	  4927.0000    	-0.97272722E-01	 0.35173130E-03
  4927.0000    	  4928.0000    	-0.72541977E-01	 0.30000349E-03
  4928.0000    	  4929.0000    	-0.86009742E-01	 0.34179874E-03
  4929.0000    	  4930.0000    	-0.11186509    	 0.34703820E-03
  4930.0000    	  4931.0000    	-0.13480557    	 0.36318823E-03
  4931.0000    	  4932.0000    	-0.15679159    	 0.39404428E-03
  4932.0000    	  4933.0000    	-0.17492391    	 0.41865223E-03
  4933.0000    	  4934.0000    	-0.18995350    	 0.42470872E-03
  4934.0000    	  4935.0000    	-0.20182297    	 0.43940088E-03
  4935.0000    	  4936.0000    	-0.21006845    	 0.44824600E-03
  4936.0000    	  4937.0000    	-0.21506115    	 0.45431539E-03
  4937.0000    	  4938.0000    	-0.21841148    	 0.45788820E-03
  4938.0000    	  4939.0000    	-0.21857511    	 0.46071149E-03
  4939.0000    	  4940.0000    	-0.21683381    	 0.45974135E-03
  4940.0000    	  4941.0000    	-0.21353490    	 0.45715736E-03
  4941.0000    	  4942.0000    	-0.20750495    	 0.45101566E-03
  4942.0000    	  4943.0000    	-0.19891476    	 0.43839481E-03
  4943.0000    	  4944.0000    	-0.18791729    	 0.42618946E-03
  4944.0000    	  4945.0000    	-0.17433035    	 0.41003632E-03
  4945.0000    	  4946.0000    	-0.15795022    	 0.39883966E-03
  4946.0000    	  4947.0000    	-0.13955392    	 0.37874731E-03
  4947.0000    	  4948.0000    	-0.11864213    	 0.35020406E-03
  4948.0000    	  4949.0000    	-0.95446981E-01	 0.32754359E-03
  4949.0000    	  4950.0000    	-0.71871158E-01	 0.30965381E-03
  4950.0000    	  4951.0000    	-0.84329471E-01	 0.33052636E-03
  4951.0000    	  4952.0000    	-0.10994549    	 0.35970717E-03
  4952.0000    	  4953.0000    	-0.13424812    	 0.37133851E-03
  4953.0000    	  4954.0000    	-0.15460255    	 0.39182474E-03
  4954.0000    	  4955.0000    	-0.17298190    	 0.41931652E-03
  4955.0000    	  4956.0000    	-0.18802562    	 0.42933195E-03
  4956.0000    	  4957.0000    	-0.19869671    	 0.43159764E-03
  4957.0000    	  4958.0000    	-0.20685132    	 0.44182331E-03
  4958.0000    	  4959.0000    	-0.21287529    	 0.45010840E-03
  4959.0000    	  4960.0000    	-0.21486928    	 0.45419059E-03
  4960.0000    	  4961.0000    	-0.21629450    	 0.45893470E-03
  4961.0000    	  4962.0000    	-0.21439323    	 0.45796189E-03
  4962.0000    	  4963.0000    	-0.21044018    	 0.44993343E-03
  4963.0000    	  4964.0000    	-0.20455868    	 0.44535342E-03
  4964.0000    	  4965.0000    	-0.19624742    	 0.43341328E-03
  4965.0000    	  4966.0000    	-0.18542591    	 0.42374907E-03
  4966.0000    	  4967.0000    	-0.17211794    	 0.40708410E-03
  4967.0000    	  4968.0000    	-0.15634091    	 0.39373888E-03
  4968.0000    	  4969.0000    	-0.13790653    	 0.37362260E-03
  4969.0000    	  4970.0000    	-0.11668854    	 0.34622203E-03
  4970.0000    	  4971.0000    	-0.94280437E-01	 0.32595882E-03
  4971.0000    	  4972.0000    	-0.69829903E-01	 0.28481405E-03
  4972.0000    	  4973.0000    	-0.82618768E-01	 0.32777541E-03
  4973.0000    	  4974.0000    	-0.10808284    	 0.34533466E-03
  4974.0000    	  4975.0000    	-0.13179377    	 0.36271635E-03
  4975.0000    	  4976.0000    	-0.15268211    	 0.38394249E-03
  4976.0000    	  4977.0000    	-0.17081741    	 0.40648277E-03
  4977.0000    	  4978.0000    	-0.18474167    	 0.42131859E-03
  4978.0000    	  4979.0000    	-0.19640128    	 0.42876468E-03
  4979.0000    	  4980.0000    	-0.20526899    	 0.44184092E-03
  4980.0000    	  4981.0000    	-0.20981793    	 0.44732601E-03
  4981.0000    	  4982.0000    	-0.21316134    	 0.45465222E-03
  4982.0000    	  4983.0000    	-0.21288359    	 0.45182609E-03
  4983.0000    	  4984.0000    	-0.21206582    	 0.45280899E-03
  4984.0000    	  4985.0000    	-0.20834853    	 0.45088546E-03
  4985.0000    	  4986.0000    	-0.20156336    	 0.43934020E-03
  4986.0000    	  4987.0000    	-0.19358811    	 0.43283197E-03
  4987.0000    	  4988.0000    	-0.18346400    	 0.42167398E-03
  4988.0000    	  4989.0000    	-0.16980446    	 0.40750215E-03
  4989.0000    	  4990.0000    	-0.15374695    	 0.38679694E-03
  4990.0000    	  4991.0000    	-0.13535833    	 0.36703963E-03
  4991.0000    	  4992.0000    	-0.11537490    	 0.34553344E-03
  4992.0000    	  4993.0000    	-0.92541366E-01	 0.32442933E-03
  4993.0000    	  4994.0000    	-0.68942282E-01	 0.31332019E-03
  4994.0000    	  4995.0000    	-0.81730060E-01	 0.31550696E-03
  4995.0000    	  4996.0000    	-0.10742322    	 0.34929393E-03
  4996.0000    	  4997.0000    	-0.13010034    	 0.37096868E-03
  4997.0000    	  4998.0000    	-0.15020553    	 0.38206741E-03
  4998.0000    	  4999.0000    	-0.16771576    	 0.39792028E-03
  4999.0000    	  5000.0000    	-0.18288793    	 0.41524292E-03
  5000.0000    	  5001.0000    	-0.19366478    	 0.44238192E-03
  5001.0000    	  5002.0000    	-0.20148766    	 0.43550231E-03
  5002.0000    	  5003.0000    	-0.20764404    	 0.44705899E-03
  5003.0000    	  5004.0000    	-0.20979619    	 0.44751402E-03
  5004.0000    	  5005.0000    	-0.21051158    	 0.44975632E-03
  5005.0000    	  5006.0000    	-0.20914525    	 0.45068489E-03
  5006.0000    	  5007.0000    	-0.20481173    	 0.44224631E-03
  5007.0000    	  5008.0000    	-0.19959368    	 0.43992844E-03
  5008.0000    	  5009.0000    	-0.19141197    	 0.43009653E-03
  5009.0000    	  5010.0000    	-0.18037192    	 0.41436062E-03
  5010.0000    	  5011.0000    	-0.16763115    	 0.40708494E-03
  5011.0000    	  5012.0000    	-0.15166541    	 0.39115594E-03
  5012.0000    	  5013.0000    	-0.13387162    	 0.36605078E-03
  5013.0000    	  5014.0000    	-0.11371183    	 0.34917060E-03
  5014.0000    	  5015.0000    	-0.91088132E-01	 0.32802076E-03
  5015.0000    	  5016.0000    	-0.67756618E-01	 0.28521233E-03
  5016.0000    	  5017.0000    	-0.79828561E-01	 0.30871224E-03
  5017.0000    	  5018.0000    	-0.10450091    	 0.34120775E-03
  5018.0000    	  5019.0000    	-0.12826135    	 0.36169769E-03
  5019.0000    	  5020.0000    	-0.14927143    	 0.38614136E-03
  5020.0000    	  5021.0000    	-0.16629460    	 0.40353264E-03
  5021.0000    	  5022.0000    	-0.17971325    	 0.41003450E-03
  5022.0000    	  5023.0000    	-0.19197881    	 0.42469889E-03
  5023.0000    	  5024.0000    	-0.19940547    	 0.43153516E-03
  5024.0000    	  5025.0000    	-0.20474197    	 0.43889462E-03
  5025.0000    	  5026.0000    	-0.20835214    	 0.44816202E-03
  5026.0000    	  5027.0000    	-0.20810141    	 0.44776611E-03
  5027.0000    	  5028.0000    	-0.20634202    	 0.44595127E-03
  5028.0000    	  5029.0000    	-0.20307697    	 0.44159901E-03
  5029.0000    	  5030.0000    	-0.19714813    	 0.43698101E-03
  5030.0000    	  5031.0000    	-0.18885622    	 0.42589639E-03
  5031.0000    	  5032.0000    	-0.17826837    	 0.41055999E-03
  5032.0000    	  5033.0000    	-0.16537912    	 0.40586571E-03
  5033.0000    	  5034.0000    	-0.15044078    	 0.38617611E-03
  5034.0000    	  5035.0000    	-0.13194464    	 0.36260722E-03
  5035.0000    	  5036.0000    	-0.11172560    	 0.33681481E-03
  5036.0000    	  5037.0000    	-0.89579482E-01	 0.32336241E-03
  5037.0000    	  5038.0000    	-0.66228662E-01	 0.28046311E-03
  5038.0000    	  5039.0000    	-0.78902795E-01	 0.31712735E-03
  5039.0000    	  5040.0000    	-0.10345870    	 0.33904320E-03
  5040.0000    	  5041.0000    	-0.12640640    	 0.36736194E-03
  5041.0000    	  5042.0000    	-0.14642590    	 0.37613654E-03
  5042.0000    	  5043.0000    	-0.16380650    	 0.39770088E-03
  5043.0000    	  5044.0000    	-0.17772070    	 0.40414939E-03
  5044.0000    	  5045.0000    	-0.18940637    	 0.42383329E-03
  5045.0000    	  5046.0000    	-0.19718890    	 0.43237776E-03
  5046.0000    	  5047.0000    	-0.20237775    	 0.43920943E-03
  5047.0000    	  5048.0000    	-0.20547769    	 0.44434176E-03
  5048.0000    	  5049.0000    	-0.20498581    	 0.44396516E-03
  5049.0000    	  5050.0000    	-0.20411959    	 0.44519571E-03
  5050.0000    	  5051.0000    	-0.19985456    	 0.43878277E-03
  5051.0000    	  5052.0000    	-0.19396443    	 0.43120540E-03
  5052.0000    	  5053.0000    	-0.18669727    	 0.42085952E-03
  5053.0000    	  5054.0000    	-0.17608272    	 0.41049494E-03
  5054.0000    	  5055.0000    	-0.16267892    	 0.39199511E-03
  5055.0000    	  5056.0000    	-0.14791088    	 0.37902961E-03
  5056.0000    	  5057.0000    	-0.13049129    	 0.36446366E-03
  5057.0000    	  5058.0000    	-0.10993643    	 0.34313220E-03
  5058.0000    	  5059.0000    	-0.88136727E-01	 0.30997154E-03
  5059.0000    	  5060.0000    	-0.65671590E-01	 0.28626031E-03
  5060.0000    	  5061.0000    	-0.77455219E-01	 0.30581294E-03
  5061.0000    	  5062.0000    	-0.10208870    	 0.34591553E-03
  5062.0000    	  5063.0000    	-0.12429456    	 0.35741591E-03
  5063.0000    	  5064.0000    	-0.14461536    	 0.38296114E-03
  5064.0000    	  5065.0000    	-0.16188475    	 0.39384417E-03
  5065.0000    	  5066.0000    	-0.17564642    	 0.40345720E-03
  5066.0000    	  5067.0000    	-0.18620447    	 0.42238606E-03
  5067.0000    	  5068.0000    	-0.19438175    	 0.42608699E-03
  5068.0000    	  5069.0000    	-0.20013356    	 0.43523599E-03
  5069.0000    	  5070.0000    	-0.20269490    	 0.44018498E-03
  5070.0000    	  5071.0000    	-0.20303786    	 0.44138520E-03
  5071.0000    	  5072.0000    	-0.20171509    	 0.44233473E-03
  5072.0000    	  5073.0000    	-0.19756438    	 0.43550497E-03
  5073.0000    	  5074.0000    	-0.19194091    	 0.43030760E-03
  5074.0000    	  5075.0000    	-0.18359322    	 0.41876115E-03
  5075.0000    	  5076.0000    	-0.17358764    	 0.40584842E-03
  5076.0000    	  5077.0000    	-0.16073688    	 0.38836395E-03
  5077.0000    	  5078.0000    	-0.14619777    	 0.37885489E-03
  5078.0000    	  5079.0000    	-0.12778261    	 0.35162972E-03
  5079.0000    	  5080.0000    	-0.10911888    	 0.33962273E-03
  5080.0000    	  5081.0000    	-0.86711033E-01	 0.31276958E-03
  5081.0000    	  5082.0000    	-0.63878394E-01	 0.27663671E-03
  5082.0000    	  5083.0000    	-0.76039769E-01	 0.30347169E-03
  5083.0000    	  5084.0000    	-0.10031185    	 0.33256111E-03
  5084.0000    	  5085.0000    	-0.12313725    	 0.36018673E-03
  5085.0000    	  5086.0000    	-0.14276305    	 0.37381367E-03
  5086.0000    	  5087.0000    	-0.15942932    	 0.38743401E-03
  5087.0000    	  5088.0000    	-0.17366662    	 0.40154778E-03
  5088.0000    	  5089.0000    	-0.18458857    	 0.41674998E-03
  5089.0000    	  5090.0000    	-0.19169811    	 0.42123434E-03
  5090.0000    	  5091.0000    	-0.19688778    	 0.43050520E-03
  5091.0000    	  5092.0000    	-0.19959839    	 0.43427750E-03
  5092.0000    	  5093.0000    	-0.20088284    	 0.44019390E-03
  5093.0000    	  5094.0000    	-0.19856624    	 0.43503088E-03
  5094.0000    	  5095.0000    	-0.19582929    	 0.43246953E-03
  5095.0000    	  5096.0000    	-0.18967047    	 0.42453296E-03
  5096.0000    	  5097.0000    	-0.18204003    	 0.41781011E-03
  5097.0000    	  5098.0000    	-0.17177971    	 0.40375253E-03
  5098.0000    	  5099.0000    	-0.15954489    	 0.38902456E-03
  5099.0000    	  5100.0000    	-0.14367520    	 0.38855536E-03
  5100.0000    	  5101.0000    	-0.12657663    	 0.35348345E-03
  5101.0000    	  5102.0000    	-0.10730426    	 0.33253029E-03
  5102.0000    	  5103.0000    	-0.85679989E-01	 0.30208042E-03
  5103.0000    	  5104.0000    	-0.62959217E-01	 0.28020925E-03
  5104.0000    	  5105.0000    	-0.75079581E-01	 0.30164416E-03
  5105.0000    	  5106.0000    	-0.98435598E-01	 0.32458960E-03
  5106.0000    	  5107.0000    	-0.12081189    	 0.34639717E-03
  5107.0000    	  5108.0000    	-0.14079254    	 0.36365872E-03
  5108.0000    	  5109.0000    	-0.15728529    	 0.38356914E-03
  5109.0000    	  5110.0000    	-0.17103106    	 0.39777651E-03
  5110.0000    	  5111.0000    	-0.18211689    	 0.40790748E-03
  5111.0000    	  5112.0000    	-0.18984690    	 0.42307861E-03
  5112.0000    	  5113.0000    	-0.19472005    	 0.42873626E-03
  5113.0000    	  5114.0000    	-0.19778868    	 0.43382904E-03
  5114.0000    	  5115.0000    	-0.19850064    	 0.43456272E-03
  5115.0000    	  5116.0000    	-0.19670767    	 0.43461960E-03
  5116.0000    	  5117.0000    	-0.19259806    	 0.42942196E-03
  5117.0000    	  5118.0000    	-0.18656613    	 0.42000678E-03
  5118.0000    	  5119.0000    	-0.17989283    	 0.41414310E-03
  5119.0000    	  5120.0000    	-0.16990544    	 0.40060152E-03
  5120.0000    	  5121.0000    	-0.15660224    	 0.38638981E-03
  5121.0000    	  5122.0000    	-0.14181531    	 0.37048987E-03
  5122.0000    	  5123.0000    	-0.12484864    	 0.34734862E-03
  5123.0000    	  5124.0000    	-0.10564214    	 0.32479897E-03
  5124.0000    	  5125.0000    	-0.84014975E-01	 0.29749339E-03
  5125.0000    	  5126.0000    	-0.61983796E-01	 0.27469461E-03
  5126.0000    	  5127.0000    	-0.73151875E-01	 0.30038313E-03
  5127.0000    	  5128.0000    	-0.97407161E-01	 0.32849776E-03
  5128.0000    	  5129.0000    	-0.11988460    	 0.35191662E-03
  5129.0000    	  5130.0000    	-0.13812621    	 0.35629255E-03
  5130.0000    	  5131.0000    	-0.15520301    	 0.38474825E-03
  5131.0000    	  5132.0000    	-0.16982994    	 0.40219012E-03
  5132.0000    	  5133.0000    	-0.17911895    	 0.40751333E-03
  5133.0000    	  5134.0000    	-0.18768434    	 0.41700571E-03
  5134.0000    	  5135.0000    	-0.19291487    	 0.42651777E-03
  5135.0000    	  5136.0000    	-0.19537191    	 0.43014305E-03
  5136.0000    	  5137.0000    	-0.19571090    	 0.43123144E-03
  5137.0000    	  5138.0000    	-0.19443114    	 0.43316078E-03
  5138.0000    	  5139.0000    	-0.19064040    	 0.42827060E-03
  5139.0000    	  5140.0000    	-0.18506391    	 0.42113793E-03
  5140.0000    	  5141.0000    	-0.17724746    	 0.41187834E-03
  5141.0000    	  5142.0000    	-0.16699307    	 0.39605824E-03
  5142.0000    	  5143.0000    	-0.15445670    	 0.38144861E-03
  5143.0000    	  5144.0000    	-0.14007382    	 0.36789102E-03
  5144.0000    	  5145.0000    	-0.12309554    	 0.35695176E-03
  5145.0000    	  5146.0000    	-0.10363463    	 0.32654507E-03
  5146.0000    	  5147.0000    	-0.83418610E-01	 0.31550633E-03
  5147.0000    	  5148.0000    	-0.61058859E-01	 0.28499224E-03
  5148.0000    	  5149.0000    	-0.72396856E-01	 0.30712195E-03
  5149.0000    	  5150.0000    	-0.95718119E-01	 0.32035410E-03
  5150.0000    	  5151.0000    	-0.11777717    	 0.34125202E-03
  5151.0000    	  5152.0000    	-0.13687825    	 0.36277242E-03
  5152.0000    	  5153.0000    	-0.15334217    	 0.37976652E-03
  5153.0000    	  5154.0000    	-0.16679967    	 0.39574978E-03
  5154.0000    	  5155.0000    	-0.17788169    	 0.40222533E-03
  5155.0000    	  5156.0000    	-0.18442821    	 0.41408395E-03
  5156.0000    	  5157.0000    	-0.19014862    	 0.42372824E-03
  5157.0000    	  5158.0000    	-0.19289140    	 0.42784426E-03
  5158.0000    	  5159.0000    	-0.19262021    	 0.42738254E-03
  5159.0000    	  5160.0000    	-0.19148722    	 0.42479485E-03
  5160.0000    	  5161.0000    	-0.18869185    	 0.42423120E-03
  5161.0000    	  5162.0000    	-0.18243604    	 0.41462372E-03
  5162.0000    	  5163.0000    	-0.17529252    	 0.40641279E-03
  5163.0000    	  5164.0000    	-0.16522372    	 0.39803646E-03
  5164.0000    	  5165.0000    	-0.15297579    	 0.37786745E-03
  5165.0000    	  5166.0000    	-0.13803861    	 0.36169153E-03
  5166.0000    	  5167.0000    	-0.12136053    	 0.34282233E-03
  5167.0000    	  5168.0000    	-0.10231391    	 0.32978237E-03
  5168.0000    	  5169.0000    	-0.81583811E-01	 0.30560249E-03
  5169.0000    	  5170.0000    	-0.59949145E-01	 0.27746837E-03
  5170.0000    	  5171.0000    	-0.71189547E-01	 0.29073328E-03
  5171.0000    	  5172.0000    	-0.94649955E-01	 0.31796746E-03
  5172.0000    	  5173.0000    	-0.11595575    	 0.33516076E-03
  5173.0000    	  5174.0000    	-0.13490237    	 0.35187554E-03
  5174.0000    	  5175.0000    	-0.15097476    	 0.37495099E-03
  5175.0000    	  5176.0000    	-0.16454674    	 0.38645133E-03
  5176.0000    	  5177.0000    	-0.17501270    	 0.40260554E-03
  5177.0000    	  5178.0000    	-0.18308914    	 0.41261641E-03
  5178.0000    	  5179.0000    	-0.18752477    	 0.41666557E-03
  5179.0000    	  5180.0000    	-0.19030072    	 0.42446583E-03
  5180.0000    	  5181.0000    	-0.19141966    	 0.42843485E-03
  5181.0000    	  5182.0000    	-0.18924404    	 0.42372498E-03
  5182.0000    	  5183.0000    	-0.18533133    	 0.41892205E-03
  5183.0000    	  5184.0000    	-0.18083884    	 0.41648346E-03
  5184.0000    	  5185.0000    	-0.17261892    	 0.40385208E-03
  5185.0000    	  5186.0000    	-0.16246157    	 0.38734959E-03
  5186.0000    	  5187.0000    	-0.15133765    	 0.37804102E-03
  5187.0000    	  5188.0000    	-0.13666807    	 0.36604561E-03
  5188.0000    	  5189.0000    	-0.11954003    	 0.33821314E-03
  5189.0000    	  5190.0000    	-0.10123848    	 0.32647124E-03
  5190.0000    	  5191.0000    	-0.80646634E-01	 0.29684179E-03
  5191.0000    	  5192.0000    	-0.58842174E-01	 0.25982569E-03
  5192.0000    	  5193.0000    	-0.69692467E-01	 0.28762610E-03
  5193.0000    	  5194.0000    	-0.92691022E-01	 0.31707658E-03
  5194.0000    	  5195.0000    	-0.11450140    	 0.33749277E-03
  5195.0000    	  5196.0000    	-0.13312364    	 0.35047280E-03
  5196.0000    	  5197.0000    	-0.14920414    	 0.37239636E-03
  5197.0000    	  5198.0000    	-0.16290692    	 0.38647008E-03
  5198.0000    	  5199.0000    	-0.17336467    	 0.40087383E-03
  5199.0000    	  5200.0000    	-0.18044003    	 0.41000399E-03
  5200.0000    	  5201.0000    	-0.18590070    	 0.42004540E-03
  5201.0000    	  5202.0000    	-0.18821538    	 0.42048024E-03
  5202.0000    	  5203.0000    	-0.18828823    	 0.41999603E-03
  5203.0000    	  5204.0000    	-0.18751183    	 0.42212162E-03
  5204.0000    	  5205.0000    	-0.18362201    	 0.41699018E-03
  5205.0000    	  5206.0000    	-0.17750586    	 0.40616350E-03
  5206.0000    	  5207.0000    	-0.17025882    	 0.39958333E-03
  5207.0000    	  5208.0000    	-0.16084318    	 0.38734090E-03
  5208.0000    	  5209.0000    	-0.14908314    	 0.37328102E-03
  5209.0000    	  5210.0000    	-0.13456767    	 0.35724292E-03
  5210.0000    	  5211.0000    	-0.11822879    	 0.34622773E-03
  5211.0000    	  5212.0000    	-0.99692161E-01	 0.32761430E-03
  5212.0000    	  5213.0000    	-0.79173494E-01	 0.30063395E-03
  5213.0000    	  5214.0000    	-0.57494170E-01	 0.25525603E-03
  5214.0000    	  5215.0000    	-0.68773010E-01	 0.29184337E-03
  5215.0000    	  5216.0000    	-0.91491509E-01	 0.30279119E-03
  5216.0000    	  5217.0000    	-0.11269919    	 0.33495489E-03
  5217.0000    	  5218.0000    	-0.13180801    	 0.35552350E-03
  5218.0000    	  5219.0000    	-0.14747177    	 0.36350196E-03
  5219.0000    	  5220.0000    	-0.16018099    	 0.38235372E-03
  5220.0000    	  5221.0000    	-0.16964666    	 0.39214397E-03
  5221.0000    	  5222.0000    	-0.17825874    	 0.40374639E-03
  5222.0000    	  5223.0000    	-0.18307095    	 0.41345800E-03
  5223.0000    	  5224.0000    	-0.18541353    	 0.41580861E-03
  5224.0000    	  5225.0000    	-0.18635880    	 0.42058745E-03
  5225.0000    	  5226.0000    	-0.18464816    	 0.41903460E-03
  5226.0000    	  5227.0000    	-0.18150250    	 0.41455620E-03
  5227.0000    	  5228.0000    	-0.17594075    	 0.40836876E-03
  5228.0000    	  5229.0000    	-0.16898608    	 0.39778022E-03
  5229.0000    	  5230.0000    	-0.15914015    	 0.38822439E-03
  5230.0000    	  5231.0000    	-0.14647309    	 0.36963852E-03
  5231.0000    	  5232.0000    	-0.13263263    	 0.35799090E-03
  5232.0000    	  5233.0000    	-0.11634992    	 0.34155871E-03
  5233.0000    	  5234.0000    	-0.97909622E-01	 0.31291396E-03
  5234.0000    	  5235.0000    	-0.78076450E-01	 0.28768754E-03
  5235.0000    	  5236.0000    	-0.56932869E-01	 0.25997141E-03
  5236.0000    	  5237.0000    	-0.67093698E-01	 0.27974918E-03
  5237.0000    	  5238.0000    	-0.90325706E-01	 0.32392902E-03
  5238.0000    	  5239.0000    	-0.11168634    	 0.34193728E-03
  5239.0000    	  5240.0000    	-0.12938804    	 0.34394563E-03
  5240.0000    	  5241.0000    	-0.14495212    	 0.36502151E-03
  5241.0000    	  5242.0000    	-0.15845442    	 0.37682889E-03
  5242.0000    	  5243.0000    	-0.16885614    	 0.39441227E-03
  5243.0000    	  5244.0000    	-0.17633115    	 0.40455477E-03
  5244.0000    	  5245.0000    	-0.18065868    	 0.40915006E-03
  5245.0000    	  5246.0000    	-0.18322391    	 0.41564164E-03
  5246.0000    	  5247.0000    	-0.18392456    	 0.41717842E-03
  5247.0000    	  5248.0000    	-0.18190814    	 0.41344049E-03
  5248.0000    	  5249.0000    	-0.17888663    	 0.41084607E-03
  5249.0000    	  5250.0000    	-0.17409614    	 0.40567025E-03
  5250.0000    	  5251.0000    	-0.16625567    	 0.40116230E-03
  5251.0000    	  5252.0000    	-0.15660415    	 0.38299646E-03
  5252.0000    	  5253.0000    	-0.14526372    	 0.36810756E-03
  5253.0000    	  5254.0000    	-0.13081868    	 0.35335483E-03
  5254.0000    	  5255.0000    	-0.11480165    	 0.33017835E-03
  5255.0000    	  5256.0000    	-0.97083497E-01	 0.32414912E-03
  5256.0000    	  5257.0000    	-0.76472239E-01	 0.28573822E-03
  5257.0000    	  5258.0000    	-0.55507095E-01	 0.26526747E-03
  5258.0000    	  5259.0000    	-0.66167436E-01	 0.28466686E-03
  5259.0000    	  5260.0000    	-0.88589912E-01	 0.30578166E-03
  5260.0000    	  5261.0000    	-0.10948378    	 0.32499270E-03
  5261.0000    	  5262.0000    	-0.12782911    	 0.35031378E-03
  5262.0000    	  5263.0000    	-0.14371212    	 0.36212997E-03
  5263.0000    	  5264.0000    	-0.15713940    	 0.38277906E-03
  5264.0000    	  5265.0000    	-0.16600370    	 0.38666276E-03
  5265.0000    	  5266.0000    	-0.17371174    	 0.39806115E-03
  5266.0000    	  5267.0000    	-0.17821676    	 0.40490161E-03
  5267.0000    	  5268.0000    	-0.18100938    	 0.41003290E-03
  5268.0000    	  5269.0000    	-0.18249637    	 0.41701229E-03
  5269.0000    	  5270.0000    	-0.18003944    	 0.41134659E-03
  5270.0000    	  5271.0000    	-0.17751441    	 0.41066010E-03
  5271.0000    	  5272.0000    	-0.17153669    	 0.40064854E-03
  5272.0000    	  5273.0000    	-0.16415929    	 0.38996540E-03
  5273.0000    	  5274.0000    	-0.15466667    	 0.37608759E-03
  5274.0000    	  5275.0000    	-0.14344126    	 0.36487290E-03
  5275.0000    	  5276.0000    	-0.12932064    	 0.35219237E-03
  5276.0000    	  5277.0000    	-0.11319587    	 0.32087452E-03
  5277.0000    	  5278.0000    	-0.95232849E-01	 0.30880743E-03
  5278.0000    	  5279.0000    	-0.75693359E-01	 0.29033547E-03
  5279.0000    	  5280.0000    	-0.55093053E-01	 0.25144943E-03
  5280.0000    	  5281.0000    	-0.65553224E-01	 0.29128154E-03
  5281.0000    	  5282.0000    	-0.87721124E-01	 0.29748218E-03
  5282.0000    	  5283.0000    	-0.10813721    	 0.31906056E-03
  5283.0000    	  5284.0000    	-0.12581446    	 0.33762965E-03
  5284.0000    	  5285.0000    	-0.14157943    	 0.36114954E-03
  5285.0000    	  5286.0000    	-0.15401319    	 0.37503952E-03
  5286.0000    	  5287.0000    	-0.16512530    	 0.38910241E-03
  5287.0000    	  5288.0000    	-0.17166322    	 0.39945502E-03
  5288.0000    	  5289.0000    	-0.17671807    	 0.40559593E-03
  5289.0000    	  5290.0000    	-0.17918404    	 0.40940431E-03
  5290.0000    	  5291.0000    	-0.17917386    	 0.40864291E-03
  5291.0000    	  5292.0000    	-0.17866741    	 0.41110275E-03
  5292.0000    	  5293.0000    	-0.17504652    	 0.40707781E-03
  5293.0000    	  5294.0000    	-0.16950127    	 0.39890877E-03
  5294.0000    	  5295.0000    	-0.16166417    	 0.38630771E-03
  5295.0000    	  5296.0000    	-0.15307067    	 0.37829817E-03
  5296.0000    	  5297.0000    	-0.14160152    	 0.36332367E-03
  5297.0000    	  5298.0000    	-0.12736327    	 0.34516687E-03
  5298.0000    	  5299.0000    	-0.11162542    	 0.32103035E-03
  5299.0000    	  5300.0000    	-0.93879339E-01	 0.29774157E-03
  5300.0000    	  5301.0000    	-0.73859951E-01	 0.28151824E-03
  5301.0000    	  5302.0000    	-0.54040607E-01	 0.26795656E-03
  5302.0000    	  5303.0000    	-0.64727047E-01	 0.29237608E-03
  5303.0000    	  5304.0000    	-0.85945981E-01	 0.29921630E-03
  5304.0000    	  5305.0000    	-0.10638460    	 0.31944096E-03
  5305.0000    	  5306.0000    	-0.12479480    	 0.34276252E-03
  5306.0000    	  5307.0000    	-0.14017135    	 0.36359577E-03
  5307.0000    	  5308.0000    	-0.15230731    	 0.38016588E-03
  5308.0000    	  5309.0000    	-0.16231606    	 0.38226858E-03
  5309.0000    	  5310.0000    	-0.17021593    	 0.39505104E-03
  5310.0000    	  5311.0000    	-0.17438275    	 0.40284448E-03
  5311.0000    	  5312.0000    	-0.17741357    	 0.40991048E-03
  5312.0000    	  5313.0000    	-0.17757846    	 0.40835319E-03
  5313.0000    	  5314.0000    	-0.17595906    	 0.40693941E-03
  5314.0000    	  5315.0000    	-0.17249682    	 0.40122127E-03
  5315.0000    	  5316.0000    	-0.16656220    	 0.39184867E-03
  5316.0000    	  5317.0000    	-0.16050222    	 0.38544812E-03
  5317.0000    	  5318.0000    	-0.15063241    	 0.37189270E-03
  5318.0000    	  5319.0000    	-0.13980659    	 0.36322806E-03
  5319.0000    	  5320.0000    	-0.12568736    	 0.34042817E-03
  5320.0000    	  5321.0000    	-0.10990871    	 0.31997804E-03
  5321.0000    	  5322.0000    	-0.92618926E-01	 0.29904210E-03
  5322.0000    	  5323.0000    	-0.73128715E-01	 0.29123851E-03
  5323.0000    	  5324.0000    	-0.53096043E-01	 0.25708058E-03
  5324.0000    	  5325.0000    	-0.63550443E-01	 0.27240021E-03
  5325.0000    	  5326.0000    	-0.84969664E-01	 0.30540790E-03
  5326.0000    	  5327.0000    	-0.10510547    	 0.31754395E-03
  5327.0000    	  5328.0000    	-0.12301123    	 0.33798714E-03
  5328.0000    	  5329.0000    	-0.13798739    	 0.34868611E-03
  5329.0000    	  5330.0000    	-0.15070958    	 0.37262195E-03
  5330.0000    	  5331.0000    	-0.16025468    	 0.37853180E-03
  5331.0000    	  5332.0000    	-0.16740734    	 0.39027293E-03
  5332.0000    	  5333.0000    	-0.17233835    	 0.39896699E-03
  5333.0000    	  5334.0000    	-0.17459815    	 0.40289869E-03
  5334.0000    	  5335.0000    	-0.17546681    	 0.40671718E-03
  5335.0000    	  5336.0000    	-0.17415372    	 0.40397158E-03
  5336.0000    	  5337.0000    	-0.17026842    	 0.39910605E-03
  5337.0000    	  5338.0000    	-0.16545943    	 0.39356867E-03
  5338.0000    	  5339.0000    	-0.15827628    	 0.38170800E-03
  5339.0000    	  5340.0000    	-0.14901442    	 0.37246354E-03
  5340.0000    	  5341.0000    	-0.13744763    	 0.35517320E-03
  5341.0000    	  5342.0000    	-0.12449174    	 0.33952729E-03
  5342.0000    	  5343.0000    	-0.10868926    	 0.31656451E-03
  5343.0000    	  5344.0000    	-0.91443190E-01	 0.30324500E-03
  5344.0000    	  5345.0000    	-0.72282082E-01	 0.28650803E-03
  5345.0000    	  5346.0000    	-0.51828870E-01	 0.24786610E-03
  5346.0000    	  5347.0000    	-0.61704549E-01	 0.26295346E-03
  5347.0000    	  5348.0000    	-0.83730010E-01	 0.31261993E-03
  5348.0000    	  5349.0000    	-0.10325441    	 0.31341249E-03
  5349.0000    	  5350.0000    	-0.12108951    	 0.33519942E-03
  5350.0000    	  5351.0000    	-0.13604498    	 0.35019834E-03
  5351.0000    	  5352.0000    	-0.14869105    	 0.36713364E-03
  5352.0000    	  5353.0000    	-0.15802141    	 0.37747048E-03
  5353.0000    	  5354.0000    	-0.16536059    	 0.38765099E-03
  5354.0000    	  5355.0000    	-0.17028880    	 0.39730185E-03
  5355.0000    	  5356.0000    	-0.17251381    	 0.40078181E-03
  5356.0000    	  5357.0000    	-0.17279334    	 0.40214061E-03
  5357.0000    	  5358.0000    	-0.17164708    	 0.40211020E-03
  5358.0000    	  5359.0000    	-0.16796955    	 0.39695517E-03
  5359.0000    	  5360.0000    	-0.16348279    	 0.38949862E-03
  5360.0000    	  5361.0000    	-0.15607444    	 0.38345252E-03
  5361.0000    	  5362.0000    	-0.14725061    	 0.36944258E-03
  5362.0000    	  5363.0000    	-0.13575804    	 0.35724902E-03
  5363.0000    	  5364.0000    	-0.12198401    	 0.33274001E-03
  5364.0000    	  5365.0000    	-0.10762997    	 0.32843366E-03
  5365.0000    	  5366.0000    	-0.90153023E-01	 0.32034617E-03
  5366.0000    	  5367.0000    	-0.70427651E-01	 0.26826425E-03
  5367.0000    	  5368.0000    	-0.50690484E-01	 0.23071671E-03
  5368.0000    	  5369.0000    	-0.61202321E-01	 0.26367296E-03
  5369.0000    	  5370.0000    	-0.82229061E-01	 0.29702010E-03
  5370.0000    	  5371.0000    	-0.10208973    	 0.32090597E-03
  5371.0000    	  5372.0000    	-0.11917322    	 0.33084574E-03
  5372.0000    	  5373.0000    	-0.13446011    	 0.35385161E-03
  5373.0000    	  5374.0000    	-0.14691018    	 0.36303364E-03
  5374.0000    	  5375.0000    	-0.15629196    	 0.37630432E-03
  5375.0000    	  5376.0000    	-0.16336976    	 0.38490669E-03
  5376.0000    	  5377.0000    	-0.16770600    	 0.39239741E-03
  5377.0000    	  5378.0000    	-0.17056879    	 0.39802419E-03
  5378.0000    	  5379.0000    	-0.17100431    	 0.39981823E-03
  5379.0000    	  5380.0000    	-0.16975045    	 0.39844545E-03
  5380.0000    	  5381.0000    	-0.16637124    	 0.39545015E-03
  5381.0000    	  5382.0000    	-0.16133320    	 0.38766177E-03
  5382.0000    	  5383.0000    	-0.15457713    	 0.37673159E-03
  5383.0000    	  5384.0000    	-0.14518766    	 0.36488462E-03
  5384.0000    	  5385.0000    	-0.13427308    	 0.35072896E-03
  5385.0000    	  5386.0000    	-0.12059587    	 0.33208793E-03
  5386.0000    	  5387.0000    	-0.10569995    	 0.31360888E-03
  5387.0000    	  5388.0000    	-0.88787385E-01	 0.30721741E-03
  5388.0000    	  5389.0000    	-0.69895628E-01	 0.28495217E-03
  5389.0000    	  5390.0000    	-0.50399248E-01	 0.23581974E-03
  5390.0000    	  5391.0000    	-0.59702952E-01	 0.27475518E-03
  5391.0000    	  5392.0000    	-0.81240298E-01	 0.28609327E-03
  5392.0000    	  5393.0000    	-0.10048236    	 0.30742759E-03
  5393.0000    	  5394.0000    	-0.11820271    	 0.33014051E-03
  5394.0000    	  5395.0000    	-0.13302541    	 0.34703431E-03
  5395.0000    	  5396.0000    	-0.14490915    	 0.35775071E-03
  5396.0000    	  5397.0000    	-0.15500466    	 0.37590966E-03
  5397.0000    	  5398.0000    	-0.16195786    	 0.38600299E-03
  5398.0000    	  5399.0000    	-0.16573362    	 0.38868372E-03
  5399.0000    	  5400.0000    	-0.16806575    	 0.39311365E-03
  5400.0000    	  5401.0000    	-0.16895795    	 0.39674340E-03
  5401.0000    	  5402.0000    	-0.16753221    	 0.39707286E-03
  5402.0000    	  5403.0000    	-0.16518233    	 0.39414637E-03
  5403.0000    	  5404.0000    	-0.15990997    	 0.38691797E-03
  5404.0000    	  5405.0000    	-0.15251144    	 0.37410630E-03
  5405.0000    	  5406.0000    	-0.14373072    	 0.36166116E-03
  5406.0000    	  5407.0000    	-0.13248855    	 0.34885054E-03
  5407.0000    	  5408.0000    	-0.11932229    	 0.32536229E-03
  5408.0000    	  5409.0000    	-0.10455354    	 0.32514379E-03
  5409.0000    	  5410.0000    	-0.87302732E-01	 0.29141701E-03
  5410.0000    	  5411.0000    	-0.68797404E-01	 0.28747196E-03
  5411.0000    	  5412.0000    	-0.48952808E-01	 0.22712989E-03
  5412.0000    	  5413.0000    	-0.59364526E-01	 0.25599915E-03
  5413.0000    	  5414.0000    	-0.79752852E-01	 0.30275704E-03
  5414.0000    	  5415.0000    	-0.99037263E-01	 0.30259942E-03
  5415.0000    	  5416.0000    	-0.11662202    	 0.32614087E-03
  5416.0000    	  5417.0000    	-0.13104046    	 0.34643232E-03
  5417.0000    	  5418.0000    	-0.14327984    	 0.36315551E-03
  5418.0000    	  5419.0000    	-0.15235414    	 0.36861621E-03
  5419.0000    	  5420.0000    	-0.15927062    	 0.37834780E-03
  5420.0000    	  5421.0000    	-0.16447587    	 0.39033795E-03
  5421.0000    	  5422.0000    	-0.16639634    	 0.39184989E-03
  5422.0000    	  5423.0000    	-0.16714270    	 0.39488913E-03
  5423.0000    	  5424.0000    	-0.16569904    	 0.39316920E-03
  5424.0000    	  5425.0000    	-0.16260558    	 0.38929717E-03
  5425.0000    	  5426.0000    	-0.15738186    	 0.38098133E-03
  5426.0000    	  5427.0000    	-0.15011288    	 0.37069674E-03
  5427.0000    	  5428.0000    	-0.14159569    	 0.35699722E-03
  5428.0000    	  5429.0000    	-0.13082281    	 0.34446507E-03
  5429.0000    	  5430.0000    	-0.11809426    	 0.32700660E-03
  5430.0000    	  5431.0000    	-0.10255331    	 0.31023297E-03
  5431.0000    	  5432.0000    	-0.85718792E-01	 0.29536375E-03
  5432.0000    	  5433.0000    	-0.67604120E-01	 0.26389453E-03
  5433.0000    	  5434.0000    	-0.48305431E-01	 0.23191768E-03
  5434.0000    	  5435.0000    	-0.58221913E-01	 0.26472020E-03
  5435.0000    	  5436.0000    	-0.78391728E-01	 0.29420521E-03
  5436.0000    	  5437.0000    	-0.98281010E-01	 0.31726571E-03
  5437.0000    	  5438.0000    	-0.11477336    	 0.32552928E-03
  5438.0000    	  5439.0000    	-0.12915606    	 0.33716753E-03
  5439.0000    	  5440.0000    	-0.14131453    	 0.35827050E-03
  5440.0000    	  5441.0000    	-0.15055369    	 0.36970978E-03
  5441.0000    	  5442.0000    	-0.15707258    	 0.37556703E-03
  5442.0000    	  5443.0000    	-0.16196161    	 0.38604559E-03
  5443.0000    	  5444.0000    	-0.16504733    	 0.39152670E-03
  5444.0000    	  5445.0000    	-0.16507710    	 0.39055605E-03
  5445.0000    	  5446.0000    	-0.16344055    	 0.39073715E-03
  5446.0000    	  5447.0000    	-0.16063679    	 0.38615479E-03
  5447.0000    	  5448.0000    	-0.15593762    	 0.38361567E-03
  5448.0000    	  5449.0000    	-0.14892006    	 0.37121229E-03
  5449.0000    	  5450.0000    	-0.13960635    	 0.35603822E-03
  5450.0000    	  5451.0000    	-0.12918471    	 0.34442906E-03
  5451.0000    	  5452.0000    	-0.11616369    	 0.32760317E-03
  5452.0000    	  5453.0000    	-0.10112817    	 0.30045592E-03
  5453.0000    	  5454.0000    	-0.84839782E-01	 0.28039465E-03
  5454.0000    	  5455.0000    	-0.65942173E-01	 0.25954998E-03
  5455.0000    	  5456.0000    	-0.47407670E-01	 0.24025433E-03
  5456.0000    	  5457.0000    	-0.57010638E-01	 0.25675242E-03
  5457.0000    	  5458.0000    	-0.77243372E-01	 0.27358394E-03
  5458.0000    	  5459.0000    	-0.95939323E-01	 0.30051097E-03
  5459.0000    	  5460.0000    	-0.11361678    	 0.32409956E-03
  5460.0000    	  5461.0000    	-0.12771663    	 0.33636435E-03
  5461.0000    	  5462.0000    	-0.13920170    	 0.34761839E-03
  5462.0000    	  5463.0000    	-0.14933443    	 0.36543247E-03
  5463.0000    	  5464.0000    	-0.15600216    	 0.37677056E-03
  5464.0000    	  5465.0000    	-0.16029882    	 0.38245435E-03
  5465.0000    	  5466.0000    	-0.16247637    	 0.38559362E-03
  5466.0000    	  5467.0000    	-0.16291646    	 0.38897691E-03
  5467.0000    	  5468.0000    	-0.16211639    	 0.38810104E-03
  5468.0000    	  5469.0000    	-0.15829379    	 0.38284491E-03
  5469.0000    	  5470.0000    	-0.15327560    	 0.37487067E-03
  5470.0000    	  5471.0000    	-0.14703181    	 0.36743319E-03
  5471.0000    	  5472.0000    	-0.13843565    	 0.35791831E-03
  5472.0000    	  5473.0000    	-0.12746042    	 0.33982039E-03
  5473.0000    	  5474.0000    	-0.11447561    	 0.32001187E-03
  5474.0000    	  5475.0000    	-0.10002542    	 0.31110805E-03
  5475.0000    	  5476.0000    	-0.83423956E-01	 0.27885064E-03
  5476.0000    	  5477.0000    	-0.65530368E-01	 0.27335813E-03
  5477.0000    	  5478.0000    	-0.46750281E-01	 0.23530206E-03
  5478.0000    	  5479.0000    	-0.56157363E-01	 0.26985220E-03
  5479.0000    	  5480.0000    	-0.75915423E-01	 0.27416904E-03
  5480.0000    	  5481.0000    	-0.95076398E-01	 0.30191966E-03
  5481.0000    	  5482.0000    	-0.11163926    	 0.32150119E-03
  5482.0000    	  5483.0000    	-0.12591376    	 0.33363576E-03
  5483.0000    	  5484.0000    	-0.13786046    	 0.34916053E-03
  5484.0000    	  5485.0000    	-0.14685213    	 0.36096789E-03
  5485.0000    	  5486.0000    	-0.15342626    	 0.37528767E-03
  5486.0000    	  5487.0000    	-0.15857087    	 0.38280979E-03
  5487.0000    	  5488.0000    	-0.16030684    	 0.38452183E-03
  5488.0000    	  5489.0000    	-0.16099698    	 0.38625245E-03
  5489.0000    	  5490.0000    	-0.15970185    	 0.38668122E-03
  5490.0000    	  5491.0000    	-0.15672910    	 0.38183601E-03
  5491.0000    	  5492.0000    	-0.15207511    	 0.37481229E-03
  5492.0000    	  5493.0000    	-0.14533408    	 0.36695305E-03
  5493.0000    	  5494.0000    	-0.13642528    	 0.35297140E-03
  5494.0000    	  5495.0000    	-0.12604964    	 0.33936587E-03
  5495.0000    	  5496.0000    	-0.11306505    	 0.31666277E-03
  5496.0000    	  5497.0000    	-0.99043551E-01	 0.30174293E-03
  5497.0000    	  5498.0000    	-0.82651258E-01	 0.29183605E-03
  5498.0000    	  5499.0000    	-0.64380452E-01	 0.25371840E-03
  5499.0000    	  5500.0000    	-0.46019452E-01	 0.22812415E-03
  5500.0000    	  5501.0000    	-0.55347376E-01	 0.25985328E-03
  5501.0000    	  5502.0000    	-0.74627059E-01	 0.28537344E-03
  5502.0000    	  5503.0000    	-0.93948900E-01	 0.31032626E-03
  5503.0000    	  5504.0000    	-0.11036095    	 0.31260827E-03
  5504.0000    	  5505.0000    	-0.12453002    	 0.33266551E-03
  5505.0000    	  5506.0000    	-0.13618733    	 0.34670564E-03
  5506.0000    	  5507.0000    	-0.14505263    	 0.35967307E-03
  5507.0000    	  5508.0000    	-0.15230001    	 0.37546118E-03
  5508.0000    	  5509.0000    	-0.15641860    	 0.37746736E-03
  5509.0000    	  5510.0000    	-0.15920315    	 0.38445625E-03
  5510.0000    	  5511.0000    	-0.15878313    	 0.38091643E-03
  5511.0000    	  5512.0000    	-0.15744995    	 0.38261049E-03
  5512.0000    	  5513.0000    	-0.15503841    	 0.37910950E-03
  5513.0000    	  5514.0000    	-0.14985336    	 0.37351454E-03
  5514.0000    	  5515.0000    	-0.14337239    	 0.36204420E-03
  5515.0000    	  5516.0000    	-0.13489578    	 0.35232248E-03
  5516.0000    	  5517.0000    	-0.12425288    	 0.33449784E-03
  5517.0000    	  5518.0000    	-0.11183241    	 0.32018482E-03
  5518.0000    	  5519.0000    	-0.97247059E-01	 0.29499395E-03
  5519.0000    	  5520.0000    	-0.81095642E-01	 0.29224303E-03
  5520.0000    	  5521.0000    	-0.63508776E-01	 0.27092261E-03
  5521.0000    	  5522.0000    	-0.45556809E-01	 0.22532694E-03
  5522.0000    	  5523.0000    	-0.54352845E-01	 0.25246244E-03
  5523.0000    	  5524.0000    	-0.74295500E-01	 0.28002705E-03
  5524.0000    	  5525.0000    	-0.92521291E-01	 0.29563316E-03
  5525.0000    	  5526.0000    	-0.10897437    	 0.31269721E-03
  5526.0000    	  5527.0000    	-0.12270785    	 0.32539909E-03
  5527.0000    	  5528.0000    	-0.13450486    	 0.34570604E-03
  5528.0000    	  5529.0000    	-0.14356700    	 0.36090679E-03
  5529.0000    	  5530.0000    	-0.14973003    	 0.36477130E-03
  5530.0000    	  5531.0000    	-0.15400939    	 0.37440341E-03
  5531.0000    	  5532.0000    	-0.15678717    	 0.37918812E-03
  5532.0000    	  5533.0000    	-0.15728865    	 0.38046413E-03
  5533.0000    	  5534.0000    	-0.15595859    	 0.37886134E-03
  5534.0000    	  5535.0000    	-0.15261645    	 0.37491392E-03
  5535.0000    	  5536.0000    	-0.14790566    	 0.36789866E-03
  5536.0000    	  5537.0000    	-0.14160855    	 0.35885464E-03
  5537.0000    	  5538.0000    	-0.13351615    	 0.35071583E-03
  5538.0000    	  5539.0000    	-0.12230717    	 0.33106048E-03
  5539.0000    	  5540.0000    	-0.11082711    	 0.31630031E-03
  5540.0000    	  5541.0000    	-0.95504989E-01	 0.29169383E-03
  5541.0000    	  5542.0000    	-0.80231628E-01	 0.28689920E-03
  5542.0000    	  5543.0000    	-0.61875015E-01	 0.24456174E-03
  5543.0000    	  5544.0000    	-0.44206325E-01	 0.21662744E-03
  5544.0000    	  5545.0000    	-0.53682264E-01	 0.25763970E-03
  5545.0000    	  5546.0000    	-0.73022447E-01	 0.28682156E-03
  5546.0000    	  5547.0000    	-0.91348678E-01	 0.29450754E-03
  5547.0000    	  5548.0000    	-0.10736913    	 0.30655234E-03
  5548.0000    	  5549.0000    	-0.12099539    	 0.32706359E-03
  5549.0000    	  5550.0000    	-0.13253753    	 0.34040818E-03
  5550.0000    	  5551.0000    	-0.14138674    	 0.35668440E-03
  5551.0000    	  5552.0000    	-0.14801111    	 0.36422038E-03
  5552.0000    	  5553.0000    	-0.15258685    	 0.37247141E-03
  5553.0000    	  5554.0000    	-0.15455446    	 0.37555589E-03
  5554.0000    	  5555.0000    	-0.15592561    	 0.38074587E-03
  5555.0000    	  5556.0000    	-0.15457774    	 0.37661625E-03
  5556.0000    	  5557.0000    	-0.15147810    	 0.37541423E-03
  5557.0000    	  5558.0000    	-0.14671126    	 0.36690982E-03
  5558.0000    	  5559.0000    	-0.13952985    	 0.35556527E-03
  5559.0000    	  5560.0000    	-0.13167958    	 0.34770397E-03
  5560.0000    	  5561.0000    	-0.12116018    	 0.32952825E-03
  5561.0000    	  5562.0000    	-0.10850921    	 0.30933976E-03
  5562.0000    	  5563.0000    	-0.94812749E-01	 0.28969325E-03
  5563.0000    	  5564.0000    	-0.78581078E-01	 0.27863934E-03
  5564.0000    	  5565.0000    	-0.61533941E-01	 0.25675937E-03
  5565.0000    	  5566.0000    	-0.43565707E-01	 0.22818110E-03
  5566.0000    	  5567.0000    	-0.52542448E-01	 0.23829523E-03
  5567.0000    	  5568.0000    	-0.71488669E-01	 0.27176706E-03
  5568.0000    	  5569.0000    	-0.89884727E-01	 0.28474669E-03
  5569.0000    	  5570.0000    	-0.10609764    	 0.30449949E-03
  5570.0000    	  5571.0000    	-0.12014130    	 0.32672231E-03
  5571.0000    	  5572.0000    	-0.13111264    	 0.33911566E-03
  5572.0000    	  5573.0000    	-0.13994298    	 0.35158188E-03
  5573.0000    	  5574.0000    	-0.14679565    	 0.36465927E-03
  5574.0000    	  5575.0000    	-0.15076443    	 0.36943910E-03
  5575.0000    	  5576.0000    	-0.15277223    	 0.37371348E-03
  5576.0000    	  5577.0000    	-0.15301227    	 0.37426706E-03
  5577.0000    	  5578.0000    	-0.15216354    	 0.37623835E-03
  5578.0000    	  5579.0000    	-0.14964711    	 0.37073361E-03
  5579.0000    	  5580.0000    	-0.14444773    	 0.36355379E-03
  5580.0000    	  5581.0000    	-0.13788178    	 0.35335310E-03
  5581.0000    	  5582.0000    	-0.12971796    	 0.34026199E-03
  5582.0000    	  5583.0000    	-0.11954787    	 0.32853155E-03
  5583.0000    	  5584.0000    	-0.10723652    	 0.30668115E-03
  5584.0000    	  5585.0000    	-0.93699900E-01	 0.28914618E-03
  5585.0000    	  5586.0000    	-0.77778649E-01	 0.27306145E-03
  5586.0000    	  5587.0000    	-0.60502637E-01	 0.25266818E-03
  5587.0000    	  5588.0000    	-0.42971779E-01	 0.21505521E-03
  5588.0000    	  5589.0000    	-0.51840871E-01	 0.25230178E-03
  5589.0000    	  5590.0000    	-0.70406793E-01	 0.26678429E-03
  5590.0000    	  5591.0000    	-0.88946160E-01	 0.28759734E-03
  5591.0000    	  5592.0000    	-0.10430213    	 0.30404046E-03
  5592.0000    	  5593.0000    	-0.11798872    	 0.32338049E-03
  5593.0000    	  5594.0000    	-0.12962714    	 0.33974289E-03
  5594.0000    	  5595.0000    	-0.13765615    	 0.34725778E-03
  5595.0000    	  5596.0000    	-0.14464256    	 0.35955999E-03
  5596.0000    	  5597.0000    	-0.14922792    	 0.36798128E-03
  5597.0000    	  5598.0000    	-0.15167880    	 0.37374584E-03
  5598.0000    	  5599.0000    	-0.15139165    	 0.37286717E-03
  5599.0000    	  5600.0000    	-0.15061724    	 0.37334592E-03
  5600.0000    	  5601.0000    	-0.14735336    	 0.36924265E-03
  5601.0000    	  5602.0000    	-0.14314437    	 0.36204659E-03
  5602.0000    	  5603.0000    	-0.13647949    	 0.35018517E-03
  5603.0000    	  5604.0000    	-0.12818050    	 0.34094144E-03
  5604.0000    	  5605.0000    	-0.11814457    	 0.33084628E-03
  5605.0000    	  5606.0000    	-0.10671414    	 0.31711248E-03
  5606.0000    	  5607.0000    	-0.92067759E-01	 0.28313257E-03
  5607.0000    	  5608.0000    	-0.76338483E-01	 0.27362500E-03
  5608.0000    	  5609.0000    	-0.59345084E-01	 0.24665817E-03
  5609.0000    	  5610.0000    	-0.42017560E-01	 0.22815556E-03
  5610.0000    	  5611.0000    	-0.51085916E-01	 0.24735062E-03
  5611.0000    	  5612.0000    	-0.69558298E-01	 0.26611813E-03
  5612.0000    	  5613.0000    	-0.87011223E-01	 0.27742779E-03
  5613.0000    	  5614.0000    	-0.10350967    	 0.30992855E-03
  5614.0000    	  5615.0000    	-0.11691065    	 0.32351984E-03
  5615.0000    	  5616.0000    	-0.12748036    	 0.33222954E-03
  5616.0000    	  5617.0000    	-0.13685099    	 0.35120778E-03
  5617.0000    	  5618.0000    	-0.14298430    	 0.35681794E-03
  5618.0000    	  5619.0000    	-0.14718184    	 0.36679457E-03
  5619.0000    	  5620.0000    	-0.14958143    	 0.37082123E-03
  5620.0000    	  5621.0000    	-0.15016585    	 0.37065076E-03
  5621.0000    	  5622.0000    	-0.14880778    	 0.36986296E-03
  5622.0000    	  5623.0000    	-0.14562882    	 0.36493942E-03
  5623.0000    	  5624.0000    	-0.14096407    	 0.35908448E-03
  5624.0000    	  5625.0000    	-0.13448685    	 0.35050261E-03
  5625.0000    	  5626.0000    	-0.12681801    	 0.33921736E-03
  5626.0000    	  5627.0000    	-0.11657364    	 0.32198775E-03
  5627.0000    	  5628.0000    	-0.10442316    	 0.30621080E-03
  5628.0000    	  5629.0000    	-0.90736859E-01	 0.28343954E-03
  5629.0000    	  5630.0000    	-0.75978290E-01	 0.27547800E-03
  5630.0000    	  5631.0000    	-0.58666165E-01	 0.24622984E-03
  5631.0000    	  5632.0000    	-0.41362416E-01	 0.21364597E-03
  5632.0000    	  5633.0000    	-0.49988035E-01	 0.24216207E-03
  5633.0000    	  5634.0000    	-0.68568211E-01	 0.26759927E-03
  5634.0000    	  5635.0000    	-0.86194293E-01	 0.29541884E-03
  5635.0000    	  5636.0000    	-0.10155224    	 0.30516725E-03
  5636.0000    	  5637.0000    	-0.11512037    	 0.31403772E-03
  5637.0000    	  5638.0000    	-0.12628605    	 0.33435237E-03
  5638.0000    	  5639.0000    	-0.13473350    	 0.34892647E-03
  5639.0000    	  5640.0000    	-0.14114937    	 0.35721171E-03
  5640.0000    	  5641.0000    	-0.14578047    	 0.36621044E-03
  5641.0000    	  5642.0000    	-0.14739474    	 0.36467711E-03
  5642.0000    	  5643.0000    	-0.14825114    	 0.36800144E-03
  5643.0000    	  5644.0000    	-0.14748237    	 0.36726745E-03
  5644.0000    	  5645.0000    	-0.14465905    	 0.36475416E-03
  5645.0000    	  5646.0000    	-0.13955491    	 0.35752195E-03
  5646.0000    	  5647.0000    	-0.13328495    	 0.34744593E-03
  5647.0000    	  5648.0000    	-0.12546417    	 0.33730529E-03
  5648.0000    	  5649.0000    	-0.11519571    	 0.31780499E-03
  5649.0000    	  5650.0000    	-0.10353301    	 0.30198052E-03
  5650.0000    	  5651.0000    	-0.89751616E-01	 0.28326005E-03
  5651.0000    	  5652.0000    	-0.74341561E-01	 0.26194705E-03
  5652.0000    	  5653.0000    	-0.57625331E-01	 0.24306097E-03
  5653.0000    	  5654.0000    	-0.40004556E-01	 0.22533428E-03
  5654.0000    	  5655.0000    	-0.49235351E-01	 0.23889558E-03
  5655.0000    	  5656.0000    	-0.67333546E-01	 0.25811730E-03
  5656.0000    	  5657.0000    	-0.85116103E-01	 0.30936864E-03
  5657.0000    	  5658.0000    	-0.10031615    	 0.29069130E-03
  5658.0000    	  5659.0000    	-0.11371123    	 0.31654450E-03
  5659.0000    	  5660.0000    	-0.12477050    	 0.32963300E-03
  5660.0000    	  5661.0000    	-0.13327831    	 0.34231997E-03
  5661.0000    	  5662.0000    	-0.13965459    	 0.35590925E-03
  5662.0000    	  5663.0000    	-0.14338718    	 0.35766977E-03
  5663.0000    	  5664.0000    	-0.14566489    	 0.36478929E-03
  5664.0000    	  5665.0000    	-0.14635252    	 0.36722074E-03
  5665.0000    	  5666.0000    	-0.14521746    	 0.36672635E-03
  5666.0000    	  5667.0000    	-0.14186887    	 0.36002107E-03
  5667.0000    	  5668.0000    	-0.13811760    	 0.35467793E-03
  5668.0000    	  5669.0000    	-0.13147935    	 0.34570853E-03
  5669.0000    	  5670.0000    	-0.12343909    	 0.33513611E-03
  5670.0000    	  5671.0000    	-0.11342343    	 0.31605952E-03
  5671.0000    	  5672.0000    	-0.10180636    	 0.30469926E-03
  5672.0000    	  5673.0000    	-0.88506455E-01	 0.28410406E-03
  5673.0000    	  5674.0000    	-0.73145723E-01	 0.25792432E-03
  5674.0000    	  5675.0000    	-0.56626793E-01	 0.24196385E-03
  5675.0000    	  5676.0000    	-0.39753871E-01	 0.20792936E-03
  5676.0000    	  5677.0000    	-0.48563014E-01	 0.23638570E-03
  5677.0000    	  5678.0000    	-0.66059432E-01	 0.25101899E-03
  5678.0000    	  5679.0000    	-0.83962380E-01	 0.27818719E-03
  5679.0000    	  5680.0000    	-0.99341854E-01	 0.30127255E-03
  5680.0000    	  5681.0000    	-0.11172179    	 0.30834965E-03
  5681.0000    	  5682.0000    	-0.12308875    	 0.32927308E-03
  5682.0000    	  5683.0000    	-0.13153244    	 0.34142504E-03
  5683.0000    	  5684.0000    	-0.13773328    	 0.34967252E-03
  5684.0000    	  5685.0000    	-0.14180884    	 0.35944193E-03
  5685.0000    	  5686.0000    	-0.14466107    	 0.36318155E-03
  5686.0000    	  5687.0000    	-0.14505112    	 0.36342085E-03
  5687.0000    	  5688.0000    	-0.14348649    	 0.36289195E-03
  5688.0000    	  5689.0000    	-0.14083571    	 0.35991353E-03
  5689.0000    	  5690.0000    	-0.13579206    	 0.35062270E-03
  5690.0000    	  5691.0000    	-0.13014422    	 0.34126276E-03
  5691.0000    	  5692.0000    	-0.12184352    	 0.33069202E-03
  5692.0000    	  5693.0000    	-0.11200209    	 0.31425200E-03
  5693.0000    	  5694.0000    	-0.10032290    	 0.29658120E-03
  5694.0000    	  5695.0000    	-0.87041019E-01	 0.27906910E-03
  5695.0000    	  5696.0000    	-0.72318647E-01	 0.25768255E-03
  5696.0000    	  5697.0000    	-0.55900088E-01	 0.25311484E-03
  5697.0000    	  5698.0000    	-0.39192863E-01	 0.20311427E-03
  5698.0000    	  5699.0000    	-0.47452168E-01	 0.22702050E-03
  5699.0000    	  5700.0000    	-0.65777997E-01	 0.26228912E-03
  5700.0000    	  5701.0000    	-0.82591775E-01	 0.27377178E-03
  5701.0000    	  5702.0000    	-0.97834367E-01	 0.29161626E-03
  5702.0000    	  5703.0000    	-0.11104236    	 0.31030658E-03
  5703.0000    	  5704.0000    	-0.12134897    	 0.32215976E-03
  5704.0000    	  5705.0000    	-0.13001747    	 0.33858225E-03
  5705.0000    	  5706.0000    	-0.13629791    	 0.35284113E-03
  5706.0000    	  5707.0000    	-0.14064987    	 0.35649490E-03
  5707.0000    	  5708.0000    	-0.14282044    	 0.36066379E-03
  5708.0000    	  5709.0000    	-0.14292109    	 0.36280244E-03
  5709.0000    	  5710.0000    	-0.14125197    	 0.35915343E-03
  5710.0000    	  5711.0000    	-0.13924798    	 0.35654529E-03
  5711.0000    	  5712.0000    	-0.13466531    	 0.35206681E-03
  5712.0000    	  5713.0000    	-0.12828414    	 0.34026115E-03
  5713.0000    	  5714.0000    	-0.12066744    	 0.33051345E-03
  5714.0000    	  5715.0000    	-0.11059442    	 0.31781046E-03
  5715.0000    	  5716.0000    	-0.99699169E-01	 0.29405594E-03
  5716.0000    	  5717.0000    	-0.86345003E-01	 0.28221838E-03
  5717.0000    	  5718.0000    	-0.70990064E-01	 0.25324254E-03
  5718.0000    	  5719.0000    	-0.54883330E-01	 0.24019942E-03
  5719.0000    	  5720.0000    	-0.38612964E-01	 0.21277133E-03
  5720.0000    	  5721.0000    	-0.46639469E-01	 0.22444893E-03
  5721.0000    	  5722.0000    	-0.64647041E-01	 0.26354594E-03
  5722.0000    	  5723.0000    	-0.81467109E-01	 0.28208841E-03
  5723.0000    	  5724.0000    	-0.96772579E-01	 0.28932492E-03
  5724.0000    	  5725.0000    	-0.10911528    	 0.30810205E-03
  5725.0000    	  5726.0000    	-0.11978970    	 0.32207313E-03
  5726.0000    	  5727.0000    	-0.12860972    	 0.33671856E-03
  5727.0000    	  5728.0000    	-0.13455395    	 0.34517239E-03
  5728.0000    	  5729.0000    	-0.13822261    	 0.35036783E-03
  5729.0000    	  5730.0000    	-0.14070845    	 0.35675858E-03
  5730.0000    	  5731.0000    	-0.14154940    	 0.35863632E-03
  5731.0000    	  5732.0000    	-0.14057843    	 0.35813760E-03
  5732.0000    	  5733.0000    	-0.13711141    	 0.35402124E-03
  5733.0000    	  5734.0000    	-0.13281329    	 0.34679471E-03
  5734.0000    	  5735.0000    	-0.12712687    	 0.34050661E-03
  5735.0000    	  5736.0000    	-0.11906911    	 0.32503608E-03
  5736.0000    	  5737.0000    	-0.11000798    	 0.31790987E-03
  5737.0000    	  5738.0000    	-0.97556195E-01	 0.28996996E-03
  5738.0000    	  5739.0000    	-0.85340499E-01	 0.28875690E-03
  5739.0000    	  5740.0000    	-0.70496297E-01	 0.25095807E-03
  5740.0000    	  5741.0000    	-0.54128199E-01	 0.22842256E-03
  5741.0000    	  5742.0000    	-0.37696098E-01	 0.20653836E-03
  5742.0000    	  5743.0000    	-0.45983743E-01	 0.22284284E-03
  5743.0000    	  5744.0000    	-0.63336707E-01	 0.25514571E-03
  5744.0000    	  5745.0000    	-0.80534306E-01	 0.27618330E-03
  5745.0000    	  5746.0000    	-0.95217812E-01	 0.29251665E-03
  5746.0000    	  5747.0000    	-0.10790696    	 0.30344318E-03
  5747.0000    	  5748.0000    	-0.11845259    	 0.32035648E-03
  5748.0000    	  5749.0000    	-0.12669494    	 0.33433525E-03
  5749.0000    	  5750.0000    	-0.13297141    	 0.34294322E-03
  5750.0000    	  5751.0000    	-0.13711178    	 0.34929822E-03
  5751.0000    	  5752.0000    	-0.13981013    	 0.35658188E-03
  5752.0000    	  5753.0000    	-0.13989497    	 0.35737283E-03
  5753.0000    	  5754.0000    	-0.13848584    	 0.35397378E-03
  5754.0000    	  5755.0000    	-0.13575871    	 0.35047276E-03
  5755.0000    	  5756.0000    	-0.13131329    	 0.34385776E-03
  5756.0000    	  5757.0000    	-0.12539666    	 0.33576554E-03
  5757.0000    	  5758.0000    	-0.11729371    	 0.32349587E-03
  5758.0000    	  5759.0000    	-0.10797268    	 0.31088016E-03
  5759.0000    	  5760.0000    	-0.96546004E-01	 0.28874198E-03
  5760.0000    	  5761.0000    	-0.83862758E-01	 0.27409347E-03
  5761.0000    	  5762.0000    	-0.68995398E-01	 0.25055668E-03
  5762.0000    	  5763.0000    	-0.53086582E-01	 0.22897026E-03
  5763.0000    	  5764.0000    	-0.37044186E-01	 0.20294587E-03
  5764.0000    	  5765.0000    	-0.45352189E-01	 0.22258678E-03
  5765.0000    	  5766.0000    	-0.62124278E-01	 0.25339078E-03
  5766.0000    	  5767.0000    	-0.79221261E-01	 0.26833109E-03
  5767.0000    	  5768.0000    	-0.93787284E-01	 0.28140514E-03
  5768.0000    	  5769.0000    	-0.10653177    	 0.29992672E-03
  5769.0000    	  5770.0000    	-0.11709961    	 0.31403619E-03
  5770.0000    	  5771.0000    	-0.12520361    	 0.33183955E-03
  5771.0000    	  5772.0000    	-0.13108307    	 0.34161446E-03
  5772.0000    	  5773.0000    	-0.13535143    	 0.34819359E-03
  5773.0000    	  5774.0000    	-0.13731050    	 0.35149881E-03
  5774.0000    	  5775.0000    	-0.13823857    	 0.35442610E-03
  5775.0000    	  5776.0000    	-0.13706621    	 0.35334478E-03
  5776.0000    	  5777.0000    	-0.13423034    	 0.34992165E-03
  5777.0000    	  5778.0000    	-0.12990301    	 0.34230363E-03
  5778.0000    	  5779.0000    	-0.12394009    	 0.33312652E-03
  5779.0000    	  5780.0000    	-0.11616459    	 0.32228256E-03
  5780.0000    	  5781.0000    	-0.10689020    	 0.30889120E-03
  5781.0000    	  5782.0000    	-0.95436479E-01	 0.29062103E-03
  5782.0000    	  5783.0000    	-0.82597514E-01	 0.27221234E-03
  5783.0000    	  5784.0000    	-0.68075571E-01	 0.24621885E-03
  5784.0000    	  5785.0000    	-0.52457812E-01	 0.23835429E-03
  5785.0000    	  5786.0000    	-0.36619549E-01	 0.20585953E-03
  5786.0000    	  5787.0000    	-0.44330258E-01	 0.22180626E-03
  5787.0000    	  5788.0000    	-0.61475343E-01	 0.24525145E-03
  5788.0000    	  5789.0000    	-0.77820650E-01	 0.26734591E-03
  5789.0000    	  5790.0000    	-0.92867989E-01	 0.28052391E-03
  5790.0000    	  5791.0000    	-0.10526299    	 0.30728065E-03
  5791.0000    	  5792.0000    	-0.11592849    	 0.31735802E-03
  5792.0000    	  5793.0000    	-0.12381518    	 0.32863876E-03
  5793.0000    	  5794.0000    	-0.12983214    	 0.33852424E-03
  5794.0000    	  5795.0000    	-0.13381865    	 0.34611842E-03
  5795.0000    	  5796.0000    	-0.13555030    	 0.34996616E-03
  5796.0000    	  5797.0000    	-0.13646205    	 0.35397982E-03
  5797.0000    	  5798.0000    	-0.13463730    	 0.34854739E-03
  5798.0000    	  5799.0000    	-0.13306654    	 0.34750135E-03
  5799.0000    	  5800.0000    	-0.12840989    	 0.34114796E-03
  5800.0000    	  5801.0000    	-0.12224592    	 0.33184976E-03
  5801.0000    	  5802.0000    	-0.11489180    	 0.32004970E-03
  5802.0000    	  5803.0000    	-0.10495837    	 0.30511310E-03
  5803.0000    	  5804.0000    	-0.94303665E-01	 0.29206158E-03
  5804.0000    	  5805.0000    	-0.81512027E-01	 0.29034754E-03
  5805.0000    	  5806.0000    	-0.67016556E-01	 0.25016899E-03
  5806.0000    	  5807.0000    	-0.51713854E-01	 0.24446990E-03
  5807.0000    	  5808.0000    	-0.35767627E-01	 0.20414889E-03
  5808.0000    	  5809.0000    	-0.43481750E-01	 0.21294333E-03
  5809.0000    	  5810.0000    	-0.60838298E-01	 0.24756173E-03
  5810.0000    	  5811.0000    	-0.76970808E-01	 0.26067963E-03
  5811.0000    	  5812.0000    	-0.91599539E-01	 0.29539633E-03
  5812.0000    	  5813.0000    	-0.10404116    	 0.30200174E-03
  5813.0000    	  5814.0000    	-0.11385756    	 0.31272122E-03
  5814.0000    	  5815.0000    	-0.12208400    	 0.32547693E-03
  5815.0000    	  5816.0000    	-0.12828162    	 0.33987657E-03
  5816.0000    	  5817.0000    	-0.13245128    	 0.34676614E-03
  5817.0000    	  5818.0000    	-0.13440026    	 0.34654560E-03
  5818.0000    	  5819.0000    	-0.13512500    	 0.34924298E-03
  5819.0000    	  5820.0000    	-0.13481851    	 0.35190213E-03
  5820.0000    	  5821.0000    	-0.13078848    	 0.34533966E-03
  5821.0000    	  5822.0000    	-0.12694063    	 0.33896715E-03
  5822.0000    	  5823.0000    	-0.12079704    	 0.32826565E-03
  5823.0000    	  5824.0000    	-0.11316845    	 0.31637259E-03
  5824.0000    	  5825.0000    	-0.10415025    	 0.30354579E-03
  5825.0000    	  5826.0000    	-0.93365628E-01	 0.28642166E-03
  5826.0000    	  5827.0000    	-0.80287904E-01	 0.26568132E-03
  5827.0000    	  5828.0000    	-0.66444894E-01	 0.25965802E-03
  5828.0000    	  5829.0000    	-0.50460790E-01	 0.22691102E-03
  5829.0000    	  5830.0000    	-0.34986509E-01	 0.19790131E-03
  5830.0000    	  5831.0000    	-0.43173410E-01	 0.22662228E-03
  5831.0000    	  5832.0000    	-0.59605124E-01	 0.24308547E-03
  5832.0000    	  5833.0000    	-0.76087783E-01	 0.26931051E-03
  5833.0000    	  5834.0000    	-0.90251278E-01	 0.27914136E-03
  5834.0000    	  5835.0000    	-0.10275447    	 0.29606946E-03
  5835.0000    	  5836.0000    	-0.11291682    	 0.31216973E-03
  5836.0000    	  5837.0000    	-0.12059038    	 0.32451363E-03
  5837.0000    	  5838.0000    	-0.12717661    	 0.33430416E-03
  5838.0000    	  5839.0000    	-0.13059618    	 0.34122900E-03
  5839.0000    	  5840.0000    	-0.13332642    	 0.34824640E-03
  5840.0000    	  5841.0000    	-0.13329800    	 0.34706648E-03
  5841.0000    	  5842.0000    	-0.13209721    	 0.34660391E-03
  5842.0000    	  5843.0000    	-0.12987261    	 0.34636841E-03
  5843.0000    	  5844.0000    	-0.12543671    	 0.33696929E-03
  5844.0000    	  5845.0000    	-0.11960583    	 0.32719120E-03
  5845.0000    	  5846.0000    	-0.11211758    	 0.31788018E-03
  5846.0000    	  5847.0000    	-0.10286197    	 0.30172234E-03
  5847.0000    	  5848.0000    	-0.91680599E-01	 0.29212762E-03
  5848.0000    	  5849.0000    	-0.79478504E-01	 0.26351185E-03
  5849.0000    	  5850.0000    	-0.65206762E-01	 0.24257799E-03
  5850.0000    	  5851.0000    	-0.49958479E-01	 0.22165578E-03
  5851.0000    	  5852.0000    	-0.34970634E-01	 0.19318612E-03
  5852.0000    	  5853.0000    	-0.42013727E-01	 0.21139564E-03
  5853.0000    	  5854.0000    	-0.59056773E-01	 0.24502316E-03
  5854.0000    	  5855.0000    	-0.74883807E-01	 0.25489510E-03
  5855.0000    	  5856.0000    	-0.89430551E-01	 0.28305557E-03
  5856.0000    	  5857.0000    	-0.10150900    	 0.29984924E-03
  5857.0000    	  5858.0000    	-0.11131733    	 0.30835117E-03
  5858.0000    	  5859.0000    	-0.11953557    	 0.32261484E-03
  5859.0000    	  5860.0000    	-0.12510596    	 0.33107193E-03
  5860.0000    	  5861.0000    	-0.12879296    	 0.33868086E-03
  5861.0000    	  5862.0000    	-0.13122107    	 0.34359280E-03
  5862.0000    	  5863.0000    	-0.13214515    	 0.34784160E-03
  5863.0000    	  5864.0000    	-0.13052754    	 0.34164521E-03
  5864.0000    	  5865.0000    	-0.12794766    	 0.34081755E-03
  5865.0000    	  5866.0000    	-0.12362657    	 0.33255259E-03
  5866.0000    	  5867.0000    	-0.11766913    	 0.32395380E-03
  5867.0000    	  5868.0000    	-0.11029002    	 0.31132001E-03
  5868.0000    	  5869.0000    	-0.10184428    	 0.30112090E-03
  5869.0000    	  5870.0000    	-0.90676644E-01	 0.27891729E-03
  5870.0000    	  5871.0000    	-0.78338987E-01	 0.26417024E-03
  5871.0000    	  5872.0000    	-0.64321018E-01	 0.24450052E-03
  5872.0000    	  5873.0000    	-0.49297634E-01	 0.23335533E-03
  5873.0000    	  5874.0000    	-0.33994631E-01	 0.19927028E-03
  5874.0000    	  5875.0000    	-0.41617399E-01	 0.21027334E-03
  5875.0000    	  5876.0000    	-0.57634923E-01	 0.25612576E-03
  5876.0000    	  5877.0000    	-0.73871580E-01	 0.27536855E-03
  5877.0000    	  5878.0000    	-0.87938602E-01	 0.28250647E-03
  5878.0000    	  5879.0000    	-0.99926855E-01	 0.29000230E-03
  5879.0000    	  5880.0000    	-0.11021703    	 0.30637657E-03
  5880.0000    	  5881.0000    	-0.11794967    	 0.32152330E-03
  5881.0000    	  5882.0000    	-0.12355876    	 0.32865290E-03
  5882.0000    	  5883.0000    	-0.12781386    	 0.33713663E-03
  5883.0000    	  5884.0000    	-0.12966751    	 0.34077665E-03
  5884.0000    	  5885.0000    	-0.13050617    	 0.34378220E-03
  5885.0000    	  5886.0000    	-0.12924097    	 0.34243607E-03
  5886.0000    	  5887.0000    	-0.12681623    	 0.33811538E-03
  5887.0000    	  5888.0000    	-0.12228364    	 0.33032232E-03
  5888.0000    	  5889.0000    	-0.11651061    	 0.32319715E-03
  5889.0000    	  5890.0000    	-0.10950714    	 0.31371722E-03
  5890.0000    	  5891.0000    	-0.10002012    	 0.29640597E-03
  5891.0000    	  5892.0000    	-0.89733353E-01	 0.28605025E-03
  5892.0000    	  5893.0000    	-0.77279024E-01	 0.25947734E-03
  5893.0000    	  5894.0000    	-0.63474106E-01	 0.24750245E-03
  5894.0000    	  5895.0000    	-0.48075949E-01	 0.21437183E-03
  5895.0000    	  5896.0000    	-0.33129425E-01	 0.19642235E-03
  5896.0000    	  5897.0000    	-0.40818466E-01	 0.21201565E-03
  5897.0000    	  5898.0000    	-0.57497487E-01	 0.25046741E-03
  5898.0000    	  5899.0000    	-0.72870679E-01	 0.26062063E-03
  5899.0000    	  5900.0000    	-0.86670519E-01	 0.28355552E-03
  5900.0000    	  5901.0000    	-0.98816588E-01	 0.28985369E-03
  5901.0000    	  5902.0000    	-0.10892008    	 0.30529380E-03
  5902.0000    	  5903.0000    	-0.11665155    	 0.31955752E-03
  5903.0000    	  5904.0000    	-0.12247148    	 0.32987479E-03
  5904.0000    	  5905.0000    	-0.12624355    	 0.33447094E-03
  5905.0000    	  5906.0000    	-0.12799128    	 0.33723218E-03
  5906.0000    	  5907.0000    	-0.12851086    	 0.33896707E-03
  5907.0000    	  5908.0000    	-0.12768583    	 0.33941895E-03
  5908.0000    	  5909.0000    	-0.12502203    	 0.33588994E-03
  5909.0000    	  5910.0000    	-0.12077891    	 0.32843129E-03
  5910.0000    	  5911.0000    	-0.11542290    	 0.32191801E-03
  5911.0000    	  5912.0000    	-0.10781907    	 0.30599921E-03
  5912.0000    	  5913.0000    	-0.98911308E-01	 0.29256895E-03
  5913.0000    	  5914.0000    	-0.88431195E-01	 0.27995962E-03
  5914.0000    	  5915.0000    	-0.75902057E-01	 0.25199010E-03
  5915.0000    	  5916.0000    	-0.62708225E-01	 0.24030381E-03
  5916.0000    	  5917.0000    	-0.47530926E-01	 0.21319901E-03
  5917.0000    	  5918.0000    	-0.32607920E-01	 0.18457440E-03
  5918.0000    	  5919.0000    	-0.40385787E-01	 0.21297283E-03
  5919.0000    	  5920.0000    	-0.56151863E-01	 0.24294547E-03
  5920.0000    	  5921.0000    	-0.71851560E-01	 0.26593109E-03
  5921.0000    	  5922.0000    	-0.85711915E-01	 0.27240529E-03
  5922.0000    	  5923.0000    	-0.97801451E-01	 0.30016049E-03
  5923.0000    	  5924.0000    	-0.10767732    	 0.30446191E-03
  5924.0000    	  5925.0000    	-0.11527452    	 0.31614446E-03
  5925.0000    	  5926.0000    	-0.12046108    	 0.32496508E-03
  5926.0000    	  5927.0000    	-0.12481117    	 0.33279752E-03
  5927.0000    	  5928.0000    	-0.12688352    	 0.33634624E-03
  5928.0000    	  5929.0000    	-0.12757051    	 0.34048519E-03
  5929.0000    	  5930.0000    	-0.12599082    	 0.33493418E-03
  5930.0000    	  5931.0000    	-0.12330310    	 0.33165400E-03
  5931.0000    	  5932.0000    	-0.11967919    	 0.32834019E-03
  5932.0000    	  5933.0000    	-0.11377391    	 0.31881912E-03
  5933.0000    	  5934.0000    	-0.10631841    	 0.30808261E-03
  5934.0000    	  5935.0000    	-0.97729704E-01	 0.29707654E-03
  5935.0000    	  5936.0000    	-0.87459632E-01	 0.28818614E-03
  5936.0000    	  5937.0000    	-0.75393331E-01	 0.26157298E-03
  5937.0000    	  5938.0000    	-0.61707011E-01	 0.25111870E-03
  5938.0000    	  5939.0000    	-0.47044918E-01	 0.21797227E-03
  5939.0000    	  5940.0000    	-0.32293726E-01	 0.18076087E-03
  5940.0000    	  5941.0000    	-0.39441293E-01	 0.21269239E-03
  5941.0000    	  5942.0000    	-0.55385629E-01	 0.24008639E-03
  5942.0000    	  5943.0000    	-0.70626584E-01	 0.25213878E-03
  5943.0000    	  5944.0000    	-0.84445078E-01	 0.26415663E-03
  5944.0000    	  5945.0000    	-0.96504445E-01	 0.28806119E-03
  5945.0000    	  5946.0000    	-0.10570653    	 0.30311851E-03
  5946.0000    	  5947.0000    	-0.11366302    	 0.31379439E-03
  5947.0000    	  5948.0000    	-0.11957941    	 0.32370529E-03
  5948.0000    	  5949.0000    	-0.12331865    	 0.33260856E-03
  5949.0000    	  5950.0000    	-0.12535744    	 0.33480073E-03
  5950.0000    	  5951.0000    	-0.12622071    	 0.33770797E-03
  5951.0000    	  5952.0000    	-0.12488356    	 0.33653133E-03
  5952.0000    	  5953.0000    	-0.12244625    	 0.33130567E-03
  5953.0000    	  5954.0000    	-0.11784848    	 0.32466827E-03
  5954.0000    	  5955.0000    	-0.11224787    	 0.31561989E-03
  5955.0000    	  5956.0000    	-0.10527343    	 0.30523757E-03
  5956.0000    	  5957.0000    	-0.96568751E-01	 0.30109456E-03
  5957.0000    	  5958.0000    	-0.86356870E-01	 0.28985570E-03
  5958.0000    	  5959.0000    	-0.74309226E-01	 0.26243382E-03
  5959.0000    	  5960.0000    	-0.60934121E-01	 0.24977783E-03
  5960.0000    	  5961.0000    	-0.45946307E-01	 0.21448659E-03
  5961.0000    	  5962.0000    	-0.31248212E-01	 0.18469863E-03
  5962.0000    	  5963.0000    	-0.38891150E-01	 0.20372662E-03
  5963.0000    	  5964.0000    	-0.54765169E-01	 0.24608661E-03
  5964.0000    	  5965.0000    	-0.69723772E-01	 0.25010549E-03
  5965.0000    	  5966.0000    	-0.83752692E-01	 0.28311310E-03
  5966.0000    	  5967.0000    	-0.95389830E-01	 0.28296655E-03
  5967.0000    	  5968.0000    	-0.10512442    	 0.30082782E-03
  5968.0000    	  5969.0000    	-0.11256221    	 0.31272430E-03
  5969.0000    	  5970.0000    	-0.11810624    	 0.32402601E-03
  5970.0000    	  5971.0000    	-0.12156193    	 0.32792228E-03
  5971.0000    	  5972.0000    	-0.12435212    	 0.33488834E-03
  5972.0000    	  5973.0000    	-0.12397651    	 0.33464101E-03
  5973.0000    	  5974.0000    	-0.12319673    	 0.33132188E-03
  5974.0000    	  5975.0000    	-0.12084800    	 0.32877216E-03
  5975.0000    	  5976.0000    	-0.11705403    	 0.32491131E-03
  5976.0000    	  5977.0000    	-0.11166680    	 0.31624568E-03
  5977.0000    	  5978.0000    	-0.10454063    	 0.30550476E-03
  5978.0000    	  5979.0000    	-0.95492356E-01	 0.29038797E-03
  5979.0000    	  5980.0000    	-0.84653648E-01	 0.26675782E-03
  5980.0000    	  5981.0000    	-0.73669822E-01	 0.26992699E-03
  5981.0000    	  5982.0000    	-0.59492265E-01	 0.22757463E-03
  5982.0000    	  5983.0000    	-0.45635849E-01	 0.21124043E-03
  5983.0000    	  5984.0000    	-0.31080476E-01	 0.18964382E-03
  5984.0000    	  5985.0000    	-0.38373321E-01	 0.21171676E-03
  5985.0000    	  5986.0000    	-0.53818473E-01	 0.24843329E-03
  5986.0000    	  5987.0000    	-0.68838363E-01	 0.25473660E-03
  5987.0000    	  5988.0000    	-0.82071697E-01	 0.26182886E-03
  5988.0000    	  5989.0000    	-0.93655578E-01	 0.28472487E-03
  5989.0000    	  5990.0000    	-0.10344499    	 0.29847735E-03
  5990.0000    	  5991.0000    	-0.11158818    	 0.31533274E-03
  5991.0000    	  5992.0000    	-0.11684104    	 0.32015961E-03
  5992.0000    	  5993.0000    	-0.12029284    	 0.32611635E-03
  5993.0000    	  5994.0000    	-0.12189124    	 0.32868075E-03
  5994.0000    	  5995.0000    	-0.12271751    	 0.32999673E-03
  5995.0000    	  5996.0000    	-0.12183510    	 0.32983422E-03
  5996.0000    	  5997.0000    	-0.11938596    	 0.32843095E-03
  5997.0000    	  5998.0000    	-0.11522907    	 0.31925578E-03
  5998.0000    	  5999.0000    	-0.10987619    	 0.30914854E-03
  5999.0000    	  6000.0000    	-0.10266085    	 0.30069841E-03
  6000.0000    	  6001.0000    	-0.94343794E-01	 0.28757650E-03
  6001.0000    	  6002.0000    	-0.83680911E-01	 0.26461245E-03
  6002.0000    	  6003.0000    	-0.72320670E-01	 0.28326863E-03
  6003.0000    	  6004.0000    	-0.59253904E-01	 0.23649953E-03
  6004.0000    	  6005.0000    	-0.44641456E-01	 0.21301258E-03
  6005.0000    	  6006.0000    	-0.30460452E-01	 0.19017891E-03
  6006.0000    	  6007.0000    	-0.37503522E-01	 0.20514977E-03
  6007.0000    	  6008.0000    	-0.53019741E-01	 0.23456700E-03
  6008.0000    	  6009.0000    	-0.68302436E-01	 0.26586242E-03
  6009.0000    	  6010.0000    	-0.81793572E-01	 0.26917312E-03
  6010.0000    	  6011.0000    	-0.92597128E-01	 0.27773360E-03
  6011.0000    	  6012.0000    	-0.10248651    	 0.29552753E-03
  6012.0000    	  6013.0000    	-0.10978661    	 0.30950950E-03
  6013.0000    	  6014.0000    	-0.11529185    	 0.31855140E-03
  6014.0000    	  6015.0000    	-0.11874783    	 0.32243885E-03
  6015.0000    	  6016.0000    	-0.12125080    	 0.32919333E-03
  6016.0000    	  6017.0000    	-0.12148919    	 0.33049020E-03
  6017.0000    	  6018.0000    	-0.12035892    	 0.32887305E-03
  6018.0000    	  6019.0000    	-0.11798810    	 0.32525101E-03
  6019.0000    	  6020.0000    	-0.11424529    	 0.32274875E-03
  6020.0000    	  6021.0000    	-0.10863465    	 0.31091307E-03
  6021.0000    	  6022.0000    	-0.10157869    	 0.29918504E-03
  6022.0000    	  6023.0000    	-0.92902983E-01	 0.28492188E-03
  6023.0000    	  6024.0000    	-0.83009600E-01	 0.27055605E-03
  6024.0000    	  6025.0000    	-0.71293513E-01	 0.24820394E-03
  6025.0000    	  6026.0000    	-0.58165941E-01	 0.23095164E-03
  6026.0000    	  6027.0000    	-0.44370036E-01	 0.20528166E-03
  6027.0000    	  6028.0000    	-0.29746797E-01	 0.17126282E-03
  6028.0000    	  6029.0000    	-0.36882856E-01	 0.19608866E-03
  6029.0000    	  6030.0000    	-0.52019753E-01	 0.22923391E-03
  6030.0000    	  6031.0000    	-0.66837856E-01	 0.24243962E-03
  6031.0000    	  6032.0000    	-0.80003832E-01	 0.26349139E-03
  6032.0000    	  6033.0000    	-0.92039326E-01	 0.28018390E-03
  6033.0000    	  6034.0000    	-0.10089776    	 0.29553720E-03
  6034.0000    	  6035.0000    	-0.10829565    	 0.30265342E-03
  6035.0000    	  6036.0000    	-0.11379446    	 0.31551217E-03
  6036.0000    	  6037.0000    	-0.11810589    	 0.32327206E-03
  6037.0000    	  6038.0000    	-0.11991633    	 0.32770341E-03
  6038.0000    	  6039.0000    	-0.11969208    	 0.32540735E-03
  6039.0000    	  6040.0000    	-0.11970011    	 0.32964018E-03
  6040.0000    	  6041.0000    	-0.11646083    	 0.32229267E-03
  6041.0000    	  6042.0000    	-0.11221245    	 0.31532579E-03
  6042.0000    	  6043.0000    	-0.10681230    	 0.30577708E-03
  6043.0000    	  6044.0000    	-0.10060563    	 0.29779772E-03
  6044.0000    	  6045.0000    	-0.91916406E-01	 0.28006089E-03
  6045.0000    	  6046.0000    	-0.81683513E-01	 0.26349012E-03
  6046.0000    	  6047.0000    	-0.70293157E-01	 0.25104464E-03
  6047.0000    	  6048.0000    	-0.57471720E-01	 0.25205120E-03
  6048.0000    	  6049.0000    	-0.43811725E-01	 0.21422794E-03
  6049.0000    	  6050.0000    	-0.29396265E-01	 0.17702456E-03
  6050.0000    	  6051.0000    	-0.36553606E-01	 0.21022946E-03
  6051.0000    	  6052.0000    	-0.51183226E-01	 0.22184071E-03
  6052.0000    	  6053.0000    	-0.66019391E-01	 0.24117212E-03
  6053.0000    	  6054.0000    	-0.79155174E-01	 0.26287488E-03
  6054.0000    	  6055.0000    	-0.90163657E-01	 0.27176442E-03
  6055.0000    	  6056.0000    	-0.10001347    	 0.29256111E-03
  6056.0000    	  6057.0000    	-0.10651001    	 0.29994111E-03
  6057.0000    	  6058.0000    	-0.11286038    	 0.31377047E-03
  6058.0000    	  6059.0000    	-0.11576339    	 0.31825445E-03
  6059.0000    	  6060.0000    	-0.11852116    	 0.32450118E-03
  6060.0000    	  6061.0000    	-0.11864080    	 0.32460869E-03
  6061.0000    	  6062.0000    	-0.11815457    	 0.32851087E-03
  6062.0000    	  6063.0000    	-0.11542341    	 0.32116316E-03
  6063.0000    	  6064.0000    	-0.11121889    	 0.31424503E-03
  6064.0000    	  6065.0000    	-0.10614892    	 0.30836984E-03
  6065.0000    	  6066.0000    	-0.99480553E-01	 0.29618996E-03
  6066.0000    	  6067.0000    	-0.90662620E-01	 0.28524926E-03
  6067.0000    	  6068.0000    	-0.80437514E-01	 0.25728719E-03
  6068.0000    	  6069.0000    	-0.69565854E-01	 0.24194912E-03
  6069.0000    	  6070.0000    	-0.56630205E-01	 0.23807090E-03
  6070.0000    	  6071.0000    	-0.42371480E-01	 0.20680880E-03
  6071.0000    	  6072.0000    	-0.28805080E-01	 0.17212588E-03
  6072.0000    	  6073.0000    	-0.35688862E-01	 0.19997597E-03
  6073.0000    	  6074.0000    	-0.50613165E-01	 0.23765947E-03
  6074.0000    	  6075.0000    	-0.65240566E-01	 0.24136849E-03
  6075.0000    	  6076.0000    	-0.78138933E-01	 0.25996832E-03
  6076.0000    	  6077.0000    	-0.89205248E-01	 0.27120544E-03
  6077.0000    	  6078.0000    	-0.98562246E-01	 0.28708629E-03
  6078.0000    	  6079.0000    	-0.10625157    	 0.30380998E-03
  6079.0000    	  6080.0000    	-0.11101208    	 0.31079683E-03
  6080.0000    	  6081.0000    	-0.11490364    	 0.31785294E-03
  6081.0000    	  6082.0000    	-0.11690810    	 0.32224517E-03
  6082.0000    	  6083.0000    	-0.11747406    	 0.32275549E-03
  6083.0000    	  6084.0000    	-0.11597174    	 0.31950888E-03
  6084.0000    	  6085.0000    	-0.11389888    	 0.31867182E-03
  6085.0000    	  6086.0000    	-0.11021491    	 0.31152963E-03
  6086.0000    	  6087.0000    	-0.10477275    	 0.30428951E-03
  6087.0000    	  6088.0000    	-0.97898400E-01	 0.29462324E-03
  6088.0000    	  6089.0000    	-0.89509823E-01	 0.27740330E-03
  6089.0000    	  6090.0000    	-0.80033407E-01	 0.26891234E-03
  6090.0000    	  6091.0000    	-0.68705357E-01	 0.25048831E-03
  6091.0000    	  6092.0000    	-0.55821794E-01	 0.23446722E-03
  6092.0000    	  6093.0000    	-0.42068165E-01	 0.20734406E-03
  6093.0000    	  6094.0000    	-0.28249410E-01	 0.17023458E-03
  6094.0000    	  6095.0000    	-0.35090774E-01	 0.19634630E-03
  6095.0000    	  6096.0000    	-0.49915816E-01	 0.21745524E-03
  6096.0000    	  6097.0000    	-0.63830186E-01	 0.23951880E-03
  6097.0000    	  6098.0000    	-0.77290801E-01	 0.25814505E-03
  6098.0000    	  6099.0000    	-0.88474020E-01	 0.28189381E-03
  6099.0000    	  6100.0000    	-0.97221756E-01	 0.28793262E-03
  6100.0000    	  6101.0000    	-0.10495711    	 0.30116153E-03
  6101.0000    	  6102.0000    	-0.11016685    	 0.30952725E-03
  6102.0000    	  6103.0000    	-0.11382115    	 0.31774882E-03
  6103.0000    	  6104.0000    	-0.11533185    	 0.31902582E-03
  6104.0000    	  6105.0000    	-0.11609185    	 0.32092906E-03
  6105.0000    	  6106.0000    	-0.11537816    	 0.32125781E-03
  6106.0000    	  6107.0000    	-0.11290929    	 0.31683876E-03
  6107.0000    	  6108.0000    	-0.10862922    	 0.31054267E-03
  6108.0000    	  6109.0000    	-0.10330387    	 0.30114392E-03
  6109.0000    	  6110.0000    	-0.97106988E-01	 0.29237149E-03
  6110.0000    	  6111.0000    	-0.88494682E-01	 0.27814595E-03
  6111.0000    	  6112.0000    	-0.78991641E-01	 0.25915830E-03
  6112.0000    	  6113.0000    	-0.67704179E-01	 0.25739264E-03
  6113.0000    	  6114.0000    	-0.54920036E-01	 0.21421351E-03
  6114.0000    	  6115.0000    	-0.41181383E-01	 0.19954957E-03
  6115.0000    	  6116.0000    	-0.27805518E-01	 0.16763969E-03
  6116.0000    	  6117.0000    	-0.34433588E-01	 0.20095694E-03
  6117.0000    	  6118.0000    	-0.49415324E-01	 0.23858186E-03
  6118.0000    	  6119.0000    	-0.63611554E-01	 0.24186888E-03
  6119.0000    	  6120.0000    	-0.76268573E-01	 0.26363281E-03
  6120.0000    	  6121.0000    	-0.87183017E-01	 0.27018693E-03
  6121.0000    	  6122.0000    	-0.95911899E-01	 0.28312485E-03
  6122.0000    	  6123.0000    	-0.10333815    	 0.29766941E-03
  6123.0000    	  6124.0000    	-0.10867362    	 0.30749786E-03
  6124.0000    	  6125.0000    	-0.11265971    	 0.31493904E-03
  6125.0000    	  6126.0000    	-0.11433398    	 0.31880154E-03
  6126.0000    	  6127.0000    	-0.11474256    	 0.31999710E-03
  6127.0000    	  6128.0000    	-0.11408347    	 0.31923998E-03
  6128.0000    	  6129.0000    	-0.11164380    	 0.31697688E-03
  6129.0000    	  6130.0000    	-0.10737633    	 0.31015750E-03
  6130.0000    	  6131.0000    	-0.10230462    	 0.29938323E-03
  6131.0000    	  6132.0000    	-0.95252473E-01	 0.28719202E-03
  6132.0000    	  6133.0000    	-0.87875513E-01	 0.28132507E-03
  6133.0000    	  6134.0000    	-0.77758572E-01	 0.25764604E-03
  6134.0000    	  6135.0000    	-0.66778902E-01	 0.25565793E-03
  6135.0000    	  6136.0000    	-0.54342043E-01	 0.22361826E-03
  6136.0000    	  6137.0000    	-0.40847740E-01	 0.20078261E-03
  6137.0000    	  6138.0000    	-0.27170170E-01	 0.15832717E-03
  6138.0000    	  6139.0000    	-0.34069445E-01	 0.19186040E-03
  6139.0000    	  6140.0000    	-0.48371382E-01	 0.22274561E-03
  6140.0000    	  6141.0000    	-0.62289673E-01	 0.23761673E-03
  6141.0000    	  6142.0000    	-0.75350065E-01	 0.25451616E-03
  6142.0000    	  6143.0000    	-0.86235202E-01	 0.27079801E-03
  6143.0000    	  6144.0000    	-0.95217239E-01	 0.29035529E-03
  6144.0000    	  6145.0000    	-0.10211684    	 0.29711185E-03
  6145.0000    	  6146.0000    	-0.10750900    	 0.30788937E-03
  6146.0000    	  6147.0000    	-0.11101805    	 0.31374845E-03
  6147.0000    	  6148.0000    	-0.11302294    	 0.31734270E-03
  6148.0000    	  6149.0000    	-0.11380400    	 0.31918072E-03
  6149.0000    	  6150.0000    	-0.11219297    	 0.31768065E-03
  6150.0000    	  6151.0000    	-0.10976987    	 0.31110125E-03
  6151.0000    	  6152.0000    	-0.10686394    	 0.30923670E-03
  6152.0000    	  6153.0000    	-0.10129978    	 0.29761962E-03
  6153.0000    	  6154.0000    	-0.94675027E-01	 0.29124484E-03
  6154.0000    	  6155.0000    	-0.86323091E-01	 0.27367489E-03
  6155.0000    	  6156.0000    	-0.76754452E-01	 0.25480581E-03
  6156.0000    	  6157.0000    	-0.65555279E-01	 0.23127141E-03
  6157.0000    	  6158.0000    	-0.53262066E-01	 0.21573449E-03
  6158.0000    	  6159.0000    	-0.40391457E-01	 0.21235015E-03
  6159.0000    	  6160.0000    	-0.26732723E-01	 0.16074268E-03
  6160.0000    	  6161.0000    	-0.33517913E-01	 0.18582302E-03
  6161.0000    	  6162.0000    	-0.47439437E-01	 0.21988425E-03
  6162.0000    	  6163.0000    	-0.61286512E-01	 0.24160831E-03
  6163.0000    	  6164.0000    	-0.73921610E-01	 0.25908082E-03
  6164.0000    	  6165.0000    	-0.84847911E-01	 0.26380802E-03
  6165.0000    	  6166.0000    	-0.93657099E-01	 0.28168503E-03
  6166.0000    	  6167.0000    	-0.10129876    	 0.29795190E-03
  6167.0000    	  6168.0000    	-0.10612353    	 0.30419550E-03
  6168.0000    	  6169.0000    	-0.10951636    	 0.30933943E-03
  6169.0000    	  6170.0000    	-0.11200899    	 0.31404205E-03
  6170.0000    	  6171.0000    	-0.11257644    	 0.31725581E-03
  6171.0000    	  6172.0000    	-0.11088261    	 0.31307744E-03
  6172.0000    	  6173.0000    	-0.10859092    	 0.30982403E-03
  6173.0000    	  6174.0000    	-0.10484805    	 0.30329806E-03
  6174.0000    	  6175.0000    	-0.99477392E-01	 0.29641944E-03
  6175.0000    	  6176.0000    	-0.93357647E-01	 0.28518267E-03
  6176.0000    	  6177.0000    	-0.85347896E-01	 0.27485773E-03
  6177.0000    	  6178.0000    	-0.75571985E-01	 0.26055018E-03
  6178.0000    	  6179.0000    	-0.64711663E-01	 0.23126646E-03
  6179.0000    	  6180.0000    	-0.52398177E-01	 0.21830227E-03
  6180.0000    	  6181.0000    	-0.39606124E-01	 0.19770896E-03
  6181.0000    	  6182.0000    	-0.26621915E-01	 0.17783947E-03
  6182.0000    	  6183.0000    	-0.32849709E-01	 0.19232423E-03
  6183.0000    	  6184.0000    	-0.46667137E-01	 0.21802775E-03
  6184.0000    	  6185.0000    	-0.60757574E-01	 0.23934029E-03
  6185.0000    	  6186.0000    	-0.73306875E-01	 0.25270731E-03
  6186.0000    	  6187.0000    	-0.83673457E-01	 0.26554829E-03
  6187.0000    	  6188.0000    	-0.92994308E-01	 0.28253907E-03
  6188.0000    	  6189.0000    	-0.99679231E-01	 0.29269965E-03
  6189.0000    	  6190.0000    	-0.10473341    	 0.30196542E-03
  6190.0000    	  6191.0000    	-0.10867076    	 0.31047683E-03
  6191.0000    	  6192.0000    	-0.11036129    	 0.31353437E-03
  6192.0000    	  6193.0000    	-0.11094162    	 0.31265562E-03
  6193.0000    	  6194.0000    	-0.11031678    	 0.31253238E-03
  6194.0000    	  6195.0000    	-0.10763397    	 0.30899452E-03
  6195.0000    	  6196.0000    	-0.10382449    	 0.30216282E-03
  6196.0000    	  6197.0000    	-0.98791311E-01	 0.29440244E-03
  6197.0000    	  6198.0000    	-0.92478597E-01	 0.28640283E-03
  6198.0000    	  6199.0000    	-0.84441350E-01	 0.26896796E-03
  6199.0000    	  6200.0000    	-0.74796888E-01	 0.25403987E-03
  6200.0000    	  6201.0000    	-0.64307200E-01	 0.23965395E-03
  6201.0000    	  6202.0000    	-0.51972729E-01	 0.22563900E-03
  6202.0000    	  6203.0000    	-0.38781190E-01	 0.20558525E-03
  6203.0000    	  6204.0000    	-0.25792054E-01	 0.16854331E-03
  6204.0000    	  6205.0000    	-0.32319340E-01	 0.19502440E-03
  6205.0000    	  6206.0000    	-0.46129015E-01	 0.20925869E-03
  6206.0000    	  6207.0000    	-0.59869655E-01	 0.23686405E-03
  6207.0000    	  6208.0000    	-0.72031898E-01	 0.24661224E-03
  6208.0000    	  6209.0000    	-0.83160522E-01	 0.26774050E-03
  6209.0000    	  6210.0000    	-0.91612077E-01	 0.28033100E-03
  6210.0000    	  6211.0000    	-0.98918025E-01	 0.29277049E-03
  6211.0000    	  6212.0000    	-0.10416078    	 0.30287895E-03
  6212.0000    	  6213.0000    	-0.10711746    	 0.30594006E-03
  6213.0000    	  6214.0000    	-0.10948860    	 0.31211192E-03
  6214.0000    	  6215.0000    	-0.10958951    	 0.31119371E-03
  6215.0000    	  6216.0000    	-0.10886928    	 0.31105387E-03
  6216.0000    	  6217.0000    	-0.10645454    	 0.30628917E-03
  6217.0000    	  6218.0000    	-0.10312674    	 0.30294444E-03
  6218.0000    	  6219.0000    	-0.97703067E-01	 0.29299326E-03
  6219.0000    	  6220.0000    	-0.91444926E-01	 0.28462785E-03
  6220.0000    	  6221.0000    	-0.83372013E-01	 0.26897977E-03
  6221.0000    	  6222.0000    	-0.73787742E-01	 0.24971080E-03
  6222.0000    	  6223.0000    	-0.63234422E-01	 0.23285745E-03
  6223.0000    	  6224.0000    	-0.51211428E-01	 0.21838999E-03
  6224.0000    	  6225.0000    	-0.38456669E-01	 0.19948613E-03
  6225.0000    	  6226.0000    	-0.25632194E-01	 0.16613898E-03
  6226.0000    	  6227.0000    	-0.31835890E-01	 0.18641859E-03
  6227.0000    	  6228.0000    	-0.45662573E-01	 0.22020804E-03
  6228.0000    	  6229.0000    	-0.58719506E-01	 0.23005639E-03
  6229.0000    	  6230.0000    	-0.71916705E-01	 0.24983202E-03
  6230.0000    	  6231.0000    	-0.81865306E-01	 0.26436989E-03
  6231.0000    	  6232.0000    	-0.90687697E-01	 0.28053137E-03
  6232.0000    	  6233.0000    	-0.97383754E-01	 0.28865941E-03
  6233.0000    	  6234.0000    	-0.10233900    	 0.29762001E-03
  6234.0000    	  6235.0000    	-0.10608183    	 0.30506746E-03
  6235.0000    	  6236.0000    	-0.10816005    	 0.30807317E-03
  6236.0000    	  6237.0000    	-0.10832155    	 0.30951150E-03
  6237.0000    	  6238.0000    	-0.10719084    	 0.30682215E-03
  6238.0000    	  6239.0000    	-0.10499947    	 0.30701876E-03
  6239.0000    	  6240.0000    	-0.10143958    	 0.29826563E-03
  6240.0000    	  6241.0000    	-0.96572531E-01	 0.29142582E-03
  6241.0000    	  6242.0000    	-0.90053239E-01	 0.28049227E-03
  6242.0000    	  6243.0000    	-0.82030029E-01	 0.26587822E-03
  6243.0000    	  6244.0000    	-0.73309675E-01	 0.25224384E-03
  6244.0000    	  6245.0000    	-0.62321065E-01	 0.23650765E-03
  6245.0000    	  6246.0000    	-0.50177048E-01	 0.22013417E-03
  6246.0000    	  6247.0000    	-0.37465471E-01	 0.19018684E-03
  6247.0000    	  6248.0000    	-0.25022588E-01	 0.15967736E-03
