0.000000000000000000e+00 1.000000000000000000e+00 8.679619890000000737e+01 2.331650182999999821e+00
1.000000000000000000e+00 2.000000000000000000e+00 8.576206109999999683e+01 2.391200652000000204e+00
2.000000000000000000e+00 3.000000000000000000e+00 8.678061669999999594e+01 2.090797185000000002e+00
3.000000000000000000e+00 4.000000000000000000e+00 8.195678479999999411e+01 2.153080990999999944e+00
4.000000000000000000e+00 5.000000000000000000e+00 9.055231750000000090e+01 1.938076999999999828e+00
5.000000000000000000e+00 6.000000000000000000e+00 9.120526809999999784e+01 1.964709789999999900e+00
6.000000000000000000e+00 7.000000000000000000e+00 8.799199210000000448e+01 1.966166072000000042e+00
7.000000000000000000e+00 8.000000000000000000e+00 8.458192900000000236e+01 1.922559985999999999e+00
8.000000000000000000e+00 9.000000000000000000e+00 8.642409859999999355e+01 1.866266537000000003e+00
9.000000000000000000e+00 1.000000000000000000e+01 8.384997820000000956e+01 1.949769514999999842e+00
1.000000000000000000e+01 1.100000000000000000e+01 8.278817309999999452e+01 1.870090601999999880e+00
1.100000000000000000e+01 1.200000000000000000e+01 8.384696139999999787e+01 2.181441769000000086e+00
1.200000000000000000e+01 1.300000000000000000e+01 8.169262830000000974e+01 2.241845140999999764e+00
1.300000000000000000e+01 1.400000000000000000e+01 8.045166700000000048e+01 2.019732306000000310e+00
1.400000000000000000e+01 1.500000000000000000e+01 8.468158540000000301e+01 2.028184962000000091e+00
1.500000000000000000e+01 1.600000000000000000e+01 8.017537129999999479e+01 2.021319110999999946e+00
1.600000000000000000e+01 1.700000000000000000e+01 8.236662659999998937e+01 1.939303529999999887e+00
1.700000000000000000e+01 1.800000000000000000e+01 8.202461769999999319e+01 1.864794839999999843e+00
1.800000000000000000e+01 1.900000000000000000e+01 8.159630939999999555e+01 1.786173749000000033e+00
1.900000000000000000e+01 2.000000000000000000e+01 8.292348660000000393e+01 1.966861863999999960e+00
2.000000000000000000e+01 2.100000000000000000e+01 7.888103319999999030e+01 1.984064006999999963e+00
2.100000000000000000e+01 2.200000000000000000e+01 7.802058660000000145e+01 1.872778897999999970e+00
2.200000000000000000e+01 2.300000000000000000e+01 7.967229009999999789e+01 2.038281260999999844e+00
2.300000000000000000e+01 2.400000000000000000e+01 7.802676010000000417e+01 2.061466880999999862e+00
2.400000000000000000e+01 2.500000000000000000e+01 8.486003540000000100e+01 2.002238831999999746e+00
2.500000000000000000e+01 2.600000000000000000e+01 7.944434070000001213e+01 2.091031950999999722e+00
2.600000000000000000e+01 2.700000000000000000e+01 7.802340710000000001e+01 1.897602228000000002e+00
2.700000000000000000e+01 2.800000000000000000e+01 8.106233199999999783e+01 1.950875649999999961e+00
2.800000000000000000e+01 2.900000000000000000e+01 7.747738630000000626e+01 1.901234736000000147e+00
2.900000000000000000e+01 3.000000000000000000e+01 8.159930970000000627e+01 1.785181915999999980e+00
3.000000000000000000e+01 3.100000000000000000e+01 7.711233760000000359e+01 1.840138937000000086e+00
3.100000000000000000e+01 3.200000000000000000e+01 7.783591140000000053e+01 1.811697634999999806e+00
3.200000000000000000e+01 3.300000000000000000e+01 6.877732699999999966e+01 1.887918892999999931e+00
3.300000000000000000e+01 3.400000000000000000e+01 7.760983960000000081e+01 2.228157085999999953e+00
3.400000000000000000e+01 3.500000000000000000e+01 7.915781280000000208e+01 2.062285495999999885e+00
3.500000000000000000e+01 3.600000000000000000e+01 7.625464060000000188e+01 1.957064109000000052e+00
3.600000000000000000e+01 3.700000000000000000e+01 7.736413760000000650e+01 1.902218366000000049e+00
3.700000000000000000e+01 3.800000000000000000e+01 7.858944710000000100e+01 1.965674688000000003e+00
3.800000000000000000e+01 3.900000000000000000e+01 7.412420369999999537e+01 1.961723640999999851e+00
3.900000000000000000e+01 4.000000000000000000e+01 7.664870620000000656e+01 1.783116019000000163e+00
4.000000000000000000e+01 4.100000000000000000e+01 7.451534410000000719e+01 1.775333529999999937e+00
4.100000000000000000e+01 4.200000000000000000e+01 7.168817780000000539e+01 1.841690518999999915e+00
4.200000000000000000e+01 4.300000000000000000e+01 7.098960340000000713e+01 1.819608209000000087e+00
4.300000000000000000e+01 4.400000000000000000e+01 6.799468209999999146e+01 1.700720742999999979e+00
4.400000000000000000e+01 4.500000000000000000e+01 6.907816200000000606e+01 2.163144257999999986e+00
4.500000000000000000e+01 4.600000000000000000e+01 7.111198640000000637e+01 2.065131950000000050e+00
4.600000000000000000e+01 4.700000000000000000e+01 7.470379710000000273e+01 1.937542660000000083e+00
4.700000000000000000e+01 4.800000000000000000e+01 7.158783789999999669e+01 1.817757631999999957e+00
4.800000000000000000e+01 4.900000000000000000e+01 7.205014549999999929e+01 1.872095846000000119e+00
4.900000000000000000e+01 5.000000000000000000e+01 7.253110889999999245e+01 1.860503283000000119e+00
5.000000000000000000e+01 5.100000000000000000e+01 7.055189040000000489e+01 1.757342489000000008e+00
5.100000000000000000e+01 5.200000000000000000e+01 7.076105769999999495e+01 1.777203698999999970e+00
5.200000000000000000e+01 5.300000000000000000e+01 6.791585210000000927e+01 1.783787932000000076e+00
5.300000000000000000e+01 5.400000000000000000e+01 6.477618579999999326e+01 1.745821615999999965e+00
5.400000000000000000e+01 5.500000000000000000e+01 6.477469890000000419e+01 1.602673840000000016e+00
5.500000000000000000e+01 5.600000000000000000e+01 7.429943769999999859e+01 1.949011926000000061e+00
5.600000000000000000e+01 5.700000000000000000e+01 7.190996159999998838e+01 1.966163027999999979e+00
5.700000000000000000e+01 5.800000000000000000e+01 7.254642190000001278e+01 1.923253885000000052e+00
5.800000000000000000e+01 5.900000000000000000e+01 7.356137739999999781e+01 1.870620514000000068e+00
5.900000000000000000e+01 6.000000000000000000e+01 7.016200099999998940e+01 1.982306020999999863e+00
6.000000000000000000e+01 6.100000000000000000e+01 6.945507209999999532e+01 1.699659671000000039e+00
6.100000000000000000e+01 6.200000000000000000e+01 7.027292740000000038e+01 1.707900119000000050e+00
6.200000000000000000e+01 6.300000000000000000e+01 6.536285130000000265e+01 1.717864802000000024e+00
6.300000000000000000e+01 6.400000000000000000e+01 6.742102440000000740e+01 1.733676918000000011e+00
6.400000000000000000e+01 6.500000000000000000e+01 6.211614769999999908e+01 1.737113332000000065e+00
6.500000000000000000e+01 6.600000000000000000e+01 5.983633999999999986e+01 1.632443053000000033e+00
6.600000000000000000e+01 6.700000000000000000e+01 7.085151160000000914e+01 1.994616884999999895e+00
6.700000000000000000e+01 6.800000000000000000e+01 6.862832760000000576e+01 1.848922568000000100e+00
6.800000000000000000e+01 6.900000000000000000e+01 7.076759099999999592e+01 1.893349380000000082e+00
6.900000000000000000e+01 7.000000000000000000e+01 6.855885709999999733e+01 1.904753353000000038e+00
7.000000000000000000e+01 7.100000000000000000e+01 7.046020380000000216e+01 1.985289586000000162e+00
7.100000000000000000e+01 7.200000000000000000e+01 6.794502559999999391e+01 1.708080384999999923e+00
7.200000000000000000e+01 7.300000000000000000e+01 6.660945710000000020e+01 1.791345138000000059e+00
7.300000000000000000e+01 7.400000000000000000e+01 6.441449540000000695e+01 1.716758610999999934e+00
7.400000000000000000e+01 7.500000000000000000e+01 6.094506029999999441e+01 1.663496462999999981e+00
7.500000000000000000e+01 7.600000000000000000e+01 6.019100889999999993e+01 1.714262475999999813e+00
7.600000000000000000e+01 7.700000000000000000e+01 5.987094619999999878e+01 1.664087821999999939e+00
7.700000000000000000e+01 7.800000000000000000e+01 7.006992010000000448e+01 2.197155470000000221e+00
7.800000000000000000e+01 7.900000000000000000e+01 7.019165480000000912e+01 2.073762859999999986e+00
7.900000000000000000e+01 8.000000000000000000e+01 6.530368640000000369e+01 1.824061767999999972e+00
8.000000000000000000e+01 8.100000000000000000e+01 6.732466020000001095e+01 1.835961423999999953e+00
8.100000000000000000e+01 8.200000000000000000e+01 6.665733579999999847e+01 1.715421642999999996e+00
8.200000000000000000e+01 8.300000000000000000e+01 6.463648349999999709e+01 1.697074973000000098e+00
8.300000000000000000e+01 8.400000000000000000e+01 6.502616190000000529e+01 1.854512042000000083e+00
8.400000000000000000e+01 8.500000000000000000e+01 6.440867980000000159e+01 1.667834156000000068e+00
8.500000000000000000e+01 8.600000000000000000e+01 5.833180800000000232e+01 1.596677558999999968e+00
8.600000000000000000e+01 8.700000000000000000e+01 5.878267129999999696e+01 1.616311808000000072e+00
8.700000000000000000e+01 8.800000000000000000e+01 5.451067019999999985e+01 1.577099247999999898e+00
8.800000000000000000e+01 8.900000000000000000e+01 6.470257429999999488e+01 2.246882856000000039e+00
8.900000000000000000e+01 9.000000000000000000e+01 6.562911289999999553e+01 1.987032037000000084e+00
9.000000000000000000e+01 9.100000000000000000e+01 6.563601640000000259e+01 1.873059107000000001e+00
9.100000000000000000e+01 9.200000000000000000e+01 6.488495319999999822e+01 1.881804121000000052e+00
9.200000000000000000e+01 9.300000000000000000e+01 6.106538470000000274e+01 1.784044949999999963e+00
9.300000000000000000e+01 9.400000000000000000e+01 6.418202049999999304e+01 1.689953091000000018e+00
9.400000000000000000e+01 9.500000000000000000e+01 5.837036909999999779e+01 1.898984686000000144e+00
9.500000000000000000e+01 9.600000000000000000e+01 5.840230650000000168e+01 1.723220137999999846e+00
9.600000000000000000e+01 9.700000000000000000e+01 5.793822959999999966e+01 1.693209296000000030e+00
9.700000000000000000e+01 9.800000000000000000e+01 5.219732410000000300e+01 1.606884519000000067e+00
9.800000000000000000e+01 9.900000000000000000e+01 5.100676459999999679e+01 1.640554574999999904e+00
9.900000000000000000e+01 1.000000000000000000e+02 6.319917980000000313e+01 2.137657888999999756e+00
1.000000000000000000e+02 1.010000000000000000e+02 6.025012250000000336e+01 1.982720575999999957e+00
1.010000000000000000e+02 1.020000000000000000e+02 6.081145979999999440e+01 1.835423240999999983e+00
1.020000000000000000e+02 1.030000000000000000e+02 6.331348109999999707e+01 1.833908928999999910e+00
1.030000000000000000e+02 1.040000000000000000e+02 6.344782349999999838e+01 2.044577236000000298e+00
1.040000000000000000e+02 1.050000000000000000e+02 5.944997670000000056e+01 1.681239017000000002e+00
1.050000000000000000e+02 1.060000000000000000e+02 5.931712639999999936e+01 1.768646849000000021e+00
1.060000000000000000e+02 1.070000000000000000e+02 5.624935239999999936e+01 1.693242153999999999e+00
1.070000000000000000e+02 1.080000000000000000e+02 5.350289889999999815e+01 1.667628372000000025e+00
1.080000000000000000e+02 1.090000000000000000e+02 5.246335550000000580e+01 1.590898657999999966e+00
1.090000000000000000e+02 1.100000000000000000e+02 4.742906800000000089e+01 1.546553727999999905e+00
1.100000000000000000e+02 1.110000000000000000e+02 5.927376840000000158e+01 2.068250630000000090e+00
1.110000000000000000e+02 1.120000000000000000e+02 6.383126169999999888e+01 1.946744476000000112e+00
1.120000000000000000e+02 1.130000000000000000e+02 6.131156880000000342e+01 1.894267297000000072e+00
1.130000000000000000e+02 1.140000000000000000e+02 5.788724799999999959e+01 1.816552576999999946e+00
1.140000000000000000e+02 1.150000000000000000e+02 5.938953439999999517e+01 1.857660811999999995e+00
1.150000000000000000e+02 1.160000000000000000e+02 5.952077549999999917e+01 1.727577378000000108e+00
1.160000000000000000e+02 1.170000000000000000e+02 5.515152019999999311e+01 1.577557170000000175e+00
1.170000000000000000e+02 1.180000000000000000e+02 5.540931870000000004e+01 1.616701327999999993e+00
1.180000000000000000e+02 1.190000000000000000e+02 5.389380149999999503e+01 1.622195859999999934e+00
1.190000000000000000e+02 1.200000000000000000e+02 5.003416310000000067e+01 1.478990719000000009e+00
1.200000000000000000e+02 1.210000000000000000e+02 4.498529519999999593e+01 1.433920156000000112e+00
1.210000000000000000e+02 1.220000000000000000e+02 6.078902149999999693e+01 2.018756788999999774e+00
1.220000000000000000e+02 1.230000000000000000e+02 6.120966460000000353e+01 2.012621696000000071e+00
1.230000000000000000e+02 1.240000000000000000e+02 5.780833969999999766e+01 1.947803728000000012e+00
1.240000000000000000e+02 1.250000000000000000e+02 5.721635639999999512e+01 1.886751228999999919e+00
1.250000000000000000e+02 1.260000000000000000e+02 5.830231409999999670e+01 1.866515978000000020e+00
1.260000000000000000e+02 1.270000000000000000e+02 5.496177039999999892e+01 1.836499609000000088e+00
1.270000000000000000e+02 1.280000000000000000e+02 5.266996939999999938e+01 1.594849141000000081e+00
1.280000000000000000e+02 1.290000000000000000e+02 5.397281770000000023e+01 1.636470481000000143e+00
1.290000000000000000e+02 1.300000000000000000e+02 4.900897849999999778e+01 1.634658841999999890e+00
1.300000000000000000e+02 1.310000000000000000e+02 4.594146560000000079e+01 1.585228336999999987e+00
1.310000000000000000e+02 1.320000000000000000e+02 4.483279170000000136e+01 1.426917975000000061e+00
1.320000000000000000e+02 1.330000000000000000e+02 5.887048770000000530e+01 1.922639980999999887e+00
1.330000000000000000e+02 1.340000000000000000e+02 5.917332319999999868e+01 1.963284655999999906e+00
1.340000000000000000e+02 1.350000000000000000e+02 5.935716929999999536e+01 1.982175105000000048e+00
1.350000000000000000e+02 1.360000000000000000e+02 5.715819130000000570e+01 1.753092826999999909e+00
1.360000000000000000e+02 1.370000000000000000e+02 5.523506730000000431e+01 2.052577997000000209e+00
1.370000000000000000e+02 1.380000000000000000e+02 5.619448440000000033e+01 1.816298568999999974e+00
1.380000000000000000e+02 1.390000000000000000e+02 5.284418140000000363e+01 1.693791296999999973e+00
1.390000000000000000e+02 1.400000000000000000e+02 4.775932310000000314e+01 1.649282715000000010e+00
1.400000000000000000e+02 1.410000000000000000e+02 4.670782319999999999e+01 1.531013189000000052e+00
1.410000000000000000e+02 1.420000000000000000e+02 4.798305479999999790e+01 1.514671356000000024e+00
1.420000000000000000e+02 1.430000000000000000e+02 4.119111939999999805e+01 1.425184800000000029e+00
1.430000000000000000e+02 1.440000000000000000e+02 5.618201520000000215e+01 2.010773063999999888e+00
1.440000000000000000e+02 1.450000000000000000e+02 5.523868120000000204e+01 1.957662454000000052e+00
1.450000000000000000e+02 1.460000000000000000e+02 5.748640449999999902e+01 2.035086895000000062e+00
1.460000000000000000e+02 1.470000000000000000e+02 5.356393529999999714e+01 1.761235396000000009e+00
1.470000000000000000e+02 1.480000000000000000e+02 5.413968609999999870e+01 1.995416463000000196e+00
1.480000000000000000e+02 1.490000000000000000e+02 5.254117569999999660e+01 1.781725698000000024e+00
1.490000000000000000e+02 1.500000000000000000e+02 5.202002590000000026e+01 1.689150799000000092e+00
1.500000000000000000e+02 1.510000000000000000e+02 4.919288720000000126e+01 1.733396472999999993e+00
1.510000000000000000e+02 1.520000000000000000e+02 4.567901200000000017e+01 1.625980026999999994e+00
1.520000000000000000e+02 1.530000000000000000e+02 4.007674510000000367e+01 1.474650291000000113e+00
1.530000000000000000e+02 1.540000000000000000e+02 4.037769629999999665e+01 1.331422329000000015e+00
1.540000000000000000e+02 1.550000000000000000e+02 5.561322509999999397e+01 2.052265494999999884e+00
1.550000000000000000e+02 1.560000000000000000e+02 5.524012840000000324e+01 1.937962069999999981e+00
1.560000000000000000e+02 1.570000000000000000e+02 5.518595820000000174e+01 1.989802202999999992e+00
1.570000000000000000e+02 1.580000000000000000e+02 5.298787890000000544e+01 1.758722418000000065e+00
1.580000000000000000e+02 1.590000000000000000e+02 5.078109200000000101e+01 1.717989060999999928e+00
1.590000000000000000e+02 1.600000000000000000e+02 4.862948259999999578e+01 1.657310258000000092e+00
1.600000000000000000e+02 1.610000000000000000e+02 4.880269970000000512e+01 1.641500925999999971e+00
1.610000000000000000e+02 1.620000000000000000e+02 4.593313590000000346e+01 1.644622303000000008e+00
1.620000000000000000e+02 1.630000000000000000e+02 4.456645439999999780e+01 1.562289142000000020e+00
1.630000000000000000e+02 1.640000000000000000e+02 4.143880039999999809e+01 1.447791170999999988e+00
1.640000000000000000e+02 1.650000000000000000e+02 3.831868290000000599e+01 1.371325501999999918e+00
1.650000000000000000e+02 1.660000000000000000e+02 5.190692929999999450e+01 2.118930034999999990e+00
1.660000000000000000e+02 1.670000000000000000e+02 5.222973539999999559e+01 1.911927413999999992e+00
1.670000000000000000e+02 1.680000000000000000e+02 5.337833480000000463e+01 1.830311942000000025e+00
1.680000000000000000e+02 1.690000000000000000e+02 5.041918859999999825e+01 1.728792857999999821e+00
1.690000000000000000e+02 1.700000000000000000e+02 5.049324190000000101e+01 1.622302000999999994e+00
1.700000000000000000e+02 1.710000000000000000e+02 5.041487790000000047e+01 1.610079110000000036e+00
1.710000000000000000e+02 1.720000000000000000e+02 4.592121269999999811e+01 1.734381382999999888e+00
1.720000000000000000e+02 1.730000000000000000e+02 4.517421999999999827e+01 1.660436703000000014e+00
1.730000000000000000e+02 1.740000000000000000e+02 4.182937120000000419e+01 1.539592482000000206e+00
1.740000000000000000e+02 1.750000000000000000e+02 4.167731799999999964e+01 1.422438289000000022e+00
1.750000000000000000e+02 1.760000000000000000e+02 3.928305449999999865e+01 1.328944491999999977e+00
1.760000000000000000e+02 1.770000000000000000e+02 5.351225900000000024e+01 2.180623064999999805e+00
1.770000000000000000e+02 1.780000000000000000e+02 5.205592719999999929e+01 1.858638049999999931e+00
1.780000000000000000e+02 1.790000000000000000e+02 5.049866330000000403e+01 1.990459549999999966e+00
1.790000000000000000e+02 1.800000000000000000e+02 5.010910720000000396e+01 1.768723921000000088e+00
1.800000000000000000e+02 1.810000000000000000e+02 4.755924020000000496e+01 1.822195827000000046e+00
1.810000000000000000e+02 1.820000000000000000e+02 4.804536679999999649e+01 1.707501709000000201e+00
1.820000000000000000e+02 1.830000000000000000e+02 4.759300340000000062e+01 1.748372205999999984e+00
1.830000000000000000e+02 1.840000000000000000e+02 4.228283919999999796e+01 1.771465851999999952e+00
1.840000000000000000e+02 1.850000000000000000e+02 3.991101739999999864e+01 1.530660458999999918e+00
1.850000000000000000e+02 1.860000000000000000e+02 3.713352800000000542e+01 1.387448733000000045e+00
1.860000000000000000e+02 1.870000000000000000e+02 3.743584640000000263e+01 1.381050195999999897e+00
1.870000000000000000e+02 1.880000000000000000e+02 5.193412299999999959e+01 1.951644521000000188e+00
1.880000000000000000e+02 1.890000000000000000e+02 5.160375129999999899e+01 1.808950535999999998e+00
1.890000000000000000e+02 1.900000000000000000e+02 5.271489340000000112e+01 1.951585119999999840e+00
1.900000000000000000e+02 1.910000000000000000e+02 4.715523519999999991e+01 1.728203125000000062e+00
1.910000000000000000e+02 1.920000000000000000e+02 4.633142639999999801e+01 1.915445037000000017e+00
1.920000000000000000e+02 1.930000000000000000e+02 4.785107599999999906e+01 1.716539522999999789e+00
1.930000000000000000e+02 1.940000000000000000e+02 4.260875229999999902e+01 1.775293185999999857e+00
1.940000000000000000e+02 1.950000000000000000e+02 4.158838950000000523e+01 1.797855672999999932e+00
1.950000000000000000e+02 1.960000000000000000e+02 4.115335960000000171e+01 1.542106922000000102e+00
1.960000000000000000e+02 1.970000000000000000e+02 3.745012750000000068e+01 1.369889311999999970e+00
1.970000000000000000e+02 1.980000000000000000e+02 3.163727739999999855e+01 1.276659514999999967e+00
1.980000000000000000e+02 1.990000000000000000e+02 4.717277600000000604e+01 1.943650035999999970e+00
1.990000000000000000e+02 2.000000000000000000e+02 5.046356240000000071e+01 1.898417738999999882e+00
2.000000000000000000e+02 2.010000000000000000e+02 5.078011240000000015e+01 2.041681571000000250e+00
2.010000000000000000e+02 2.020000000000000000e+02 4.691101650000000234e+01 1.764504201000000050e+00
2.020000000000000000e+02 2.030000000000000000e+02 4.585643910000000290e+01 1.747180433999999893e+00
2.030000000000000000e+02 2.040000000000000000e+02 4.351250110000000149e+01 1.527772289000000061e+00
2.040000000000000000e+02 2.050000000000000000e+02 4.244042229999999449e+01 1.737764346999999931e+00
2.050000000000000000e+02 2.060000000000000000e+02 3.870224629999999877e+01 1.789312803999999923e+00
2.060000000000000000e+02 2.070000000000000000e+02 3.868073989999999895e+01 1.407746727000000142e+00
2.070000000000000000e+02 2.080000000000000000e+02 3.459979160000000320e+01 1.419244491000000163e+00
2.080000000000000000e+02 2.090000000000000000e+02 3.129383809999999855e+01 1.260927292999999949e+00
2.090000000000000000e+02 2.100000000000000000e+02 4.664973280000000244e+01 2.010685764999999847e+00
2.100000000000000000e+02 2.110000000000000000e+02 4.703558710000000076e+01 2.010469757999999718e+00
2.110000000000000000e+02 2.120000000000000000e+02 4.797381989999999519e+01 2.016936441999999996e+00
2.120000000000000000e+02 2.130000000000000000e+02 4.339406550000000351e+01 1.770032207999999940e+00
2.130000000000000000e+02 2.140000000000000000e+02 4.206366680000000002e+01 1.770680589999999999e+00
2.140000000000000000e+02 2.150000000000000000e+02 4.212787979999999521e+01 1.596069604000000197e+00
2.150000000000000000e+02 2.160000000000000000e+02 4.006864159999999941e+01 1.676819316000000004e+00
2.160000000000000000e+02 2.170000000000000000e+02 3.842290239999999812e+01 1.614940160000000180e+00
2.170000000000000000e+02 2.180000000000000000e+02 3.566053780000000017e+01 1.429537903999999804e+00
2.180000000000000000e+02 2.190000000000000000e+02 3.364297990000000027e+01 1.394578389999999946e+00
2.190000000000000000e+02 2.200000000000000000e+02 3.333724420000000066e+01 1.308950574000000033e+00
2.200000000000000000e+02 2.210000000000000000e+02 4.933771340000000549e+01 1.971641087999999931e+00
2.210000000000000000e+02 2.220000000000000000e+02 4.545926319999999521e+01 2.059301610999999976e+00
2.220000000000000000e+02 2.230000000000000000e+02 4.640586030000000051e+01 2.014536833000000193e+00
2.230000000000000000e+02 2.240000000000000000e+02 4.637099169999999759e+01 1.728383549999999991e+00
2.240000000000000000e+02 2.250000000000000000e+02 4.523296810000000079e+01 1.742669666000000062e+00
2.250000000000000000e+02 2.260000000000000000e+02 3.959387900000000116e+01 1.621186868999999975e+00
2.260000000000000000e+02 2.270000000000000000e+02 4.057535260000000221e+01 1.682087628999999973e+00
2.270000000000000000e+02 2.280000000000000000e+02 3.950956440000000214e+01 1.661980546999999975e+00
2.280000000000000000e+02 2.290000000000000000e+02 3.546735389999999910e+01 1.502788366999999958e+00
2.290000000000000000e+02 2.300000000000000000e+02 3.201663320000000112e+01 1.467608259000000137e+00
2.300000000000000000e+02 2.310000000000000000e+02 2.908281919999999943e+01 1.334139976000000116e+00
2.310000000000000000e+02 2.320000000000000000e+02 4.573605919999999969e+01 1.984131241999999906e+00
2.320000000000000000e+02 2.330000000000000000e+02 4.341766149999999413e+01 2.000794390000000256e+00
2.330000000000000000e+02 2.340000000000000000e+02 4.468685649999999754e+01 2.025086200999999697e+00
2.340000000000000000e+02 2.350000000000000000e+02 4.330395370000000099e+01 1.835444371999999991e+00
2.350000000000000000e+02 2.360000000000000000e+02 4.193589400000000467e+01 1.844304848000000163e+00
2.360000000000000000e+02 2.370000000000000000e+02 4.316378679999999690e+01 1.787278923999999991e+00
2.370000000000000000e+02 2.380000000000000000e+02 3.491058040000000062e+01 1.582019356999999848e+00
2.380000000000000000e+02 2.390000000000000000e+02 3.399949140000000369e+01 1.565313082000000078e+00
2.390000000000000000e+02 2.400000000000000000e+02 3.308825089999999847e+01 1.512443412999999959e+00
2.400000000000000000e+02 2.410000000000000000e+02 3.086926169999999914e+01 1.357786506000000060e+00
2.410000000000000000e+02 2.420000000000000000e+02 2.893305239999999756e+01 1.228840193999999997e+00
2.420000000000000000e+02 2.430000000000000000e+02 4.355058259999999848e+01 1.999401398999999913e+00
2.430000000000000000e+02 2.440000000000000000e+02 4.556290959999999757e+01 1.764983282999999847e+00
2.440000000000000000e+02 2.450000000000000000e+02 4.240649640000000176e+01 1.814987310000000020e+00
2.450000000000000000e+02 2.460000000000000000e+02 4.352612240000000554e+01 1.913936112999999883e+00
2.460000000000000000e+02 2.470000000000000000e+02 4.072889990000000182e+01 1.687812154000000175e+00
2.470000000000000000e+02 2.480000000000000000e+02 3.721906450000000177e+01 1.651197167999999937e+00
2.480000000000000000e+02 2.490000000000000000e+02 3.796400630000000120e+01 1.603025066999999915e+00
2.490000000000000000e+02 2.500000000000000000e+02 3.553805480000000472e+01 1.480952178000000119e+00
2.500000000000000000e+02 2.510000000000000000e+02 3.395078979999999547e+01 1.328693757000000142e+00
2.510000000000000000e+02 2.520000000000000000e+02 3.079278210000000016e+01 1.355461786000000002e+00
2.520000000000000000e+02 2.530000000000000000e+02 2.620427619999999891e+01 1.274220150999999968e+00
2.530000000000000000e+02 2.540000000000000000e+02 4.283131219999999928e+01 2.023365177999999709e+00
2.540000000000000000e+02 2.550000000000000000e+02 4.107478100000000154e+01 1.881334604999999938e+00
2.550000000000000000e+02 2.560000000000000000e+02 4.119738140000000470e+01 2.096664991000000366e+00
2.560000000000000000e+02 2.570000000000000000e+02 4.007614140000000447e+01 1.850851095999999973e+00
2.570000000000000000e+02 2.580000000000000000e+02 3.922573299999999819e+01 1.609879075000000048e+00
2.580000000000000000e+02 2.590000000000000000e+02 3.698265449999999532e+01 1.619619399999999931e+00
2.590000000000000000e+02 2.600000000000000000e+02 3.719784990000000136e+01 1.673942405999999883e+00
2.600000000000000000e+02 2.610000000000000000e+02 3.280945499999999981e+01 1.555494221000000010e+00
2.610000000000000000e+02 2.620000000000000000e+02 3.337877319999999770e+01 1.505255533999999784e+00
2.620000000000000000e+02 2.630000000000000000e+02 2.965313719999999975e+01 1.272626000999999896e+00
2.630000000000000000e+02 2.640000000000000000e+02 2.782458857999999680e+01 1.208187232000000000e+00
2.640000000000000000e+02 2.650000000000000000e+02 4.701517980000000563e+01 1.982923946999999965e+00
2.650000000000000000e+02 2.660000000000000000e+02 4.058040609999999759e+01 1.971820832999999995e+00
2.660000000000000000e+02 2.670000000000000000e+02 3.943750339999999710e+01 1.909602217999999851e+00
2.670000000000000000e+02 2.680000000000000000e+02 3.923413419999999974e+01 1.888351886000000146e+00
2.680000000000000000e+02 2.690000000000000000e+02 3.890817659999999734e+01 1.698990096000000172e+00
2.690000000000000000e+02 2.700000000000000000e+02 3.529256569999999726e+01 1.636700507000000027e+00
2.700000000000000000e+02 2.710000000000000000e+02 3.409314510000000098e+01 1.639884255999999985e+00
2.710000000000000000e+02 2.720000000000000000e+02 3.157881940000000043e+01 1.599078106999999971e+00
2.720000000000000000e+02 2.730000000000000000e+02 2.849561519999999959e+01 1.375425577999999982e+00
2.730000000000000000e+02 2.740000000000000000e+02 2.922641260000000329e+01 1.392837686999999880e+00
2.740000000000000000e+02 2.750000000000000000e+02 2.597283223000000163e+01 1.201145396000000032e+00
2.750000000000000000e+02 2.760000000000000000e+02 3.957712310000000144e+01 1.944669541999999973e+00
2.760000000000000000e+02 2.770000000000000000e+02 4.261750969999999938e+01 1.863126003999999947e+00
2.770000000000000000e+02 2.780000000000000000e+02 4.129962479999999658e+01 2.013647693999999877e+00
2.780000000000000000e+02 2.790000000000000000e+02 4.115223080000000522e+01 2.050526128000000003e+00
2.790000000000000000e+02 2.800000000000000000e+02 3.863430759999999964e+01 1.669419363999999906e+00
2.800000000000000000e+02 2.810000000000000000e+02 3.563916379999999862e+01 1.696154866000000094e+00
2.810000000000000000e+02 2.820000000000000000e+02 3.417793520000000029e+01 1.537340270999999925e+00
2.820000000000000000e+02 2.830000000000000000e+02 3.231120519999999630e+01 1.480650976000000174e+00
2.830000000000000000e+02 2.840000000000000000e+02 2.852226669999999942e+01 1.306693516000000166e+00
2.840000000000000000e+02 2.850000000000000000e+02 2.693998453999999754e+01 1.667597436999999960e+00
2.850000000000000000e+02 2.860000000000000000e+02 2.520453282999999800e+01 1.256882193000000036e+00
2.860000000000000000e+02 2.870000000000000000e+02 3.984702939999999671e+01 2.037460896999999882e+00
2.870000000000000000e+02 2.880000000000000000e+02 4.095753060000000545e+01 1.853570519999999888e+00
2.880000000000000000e+02 2.890000000000000000e+02 3.812740130000000249e+01 2.009035711000000113e+00
2.890000000000000000e+02 2.900000000000000000e+02 4.005712599999999668e+01 1.918732732000000052e+00
2.900000000000000000e+02 2.910000000000000000e+02 3.586573599999999828e+01 1.612065282000000099e+00
2.910000000000000000e+02 2.920000000000000000e+02 3.388201519999999789e+01 1.677922146000000003e+00
2.920000000000000000e+02 2.930000000000000000e+02 3.115092950000000016e+01 1.585847345999999991e+00
2.930000000000000000e+02 2.940000000000000000e+02 2.957032939999999854e+01 1.454144909000000041e+00
2.940000000000000000e+02 2.950000000000000000e+02 2.886464400000000197e+01 1.373877514000000133e+00
2.950000000000000000e+02 2.960000000000000000e+02 2.561992714999999876e+01 1.486164819999999942e+00
2.960000000000000000e+02 2.970000000000000000e+02 2.453696885000000094e+01 1.173357309000000015e+00
2.970000000000000000e+02 2.980000000000000000e+02 4.100711710000000210e+01 2.042671599999999810e+00
2.980000000000000000e+02 2.990000000000000000e+02 3.833359610000000117e+01 1.868508518000000063e+00
2.990000000000000000e+02 3.000000000000000000e+02 3.376919989999999672e+01 1.872266790000000070e+00
3.000000000000000000e+02 3.010000000000000000e+02 3.510118080000000162e+01 1.828537089000000115e+00
3.010000000000000000e+02 3.020000000000000000e+02 3.564477919999999500e+01 1.715075008999999984e+00
3.020000000000000000e+02 3.030000000000000000e+02 3.298652200000000079e+01 1.584488947000000092e+00
3.030000000000000000e+02 3.040000000000000000e+02 3.317131080000000054e+01 1.576141393000000113e+00
3.040000000000000000e+02 3.050000000000000000e+02 3.393995509999999882e+01 1.472109144000000036e+00
3.050000000000000000e+02 3.060000000000000000e+02 2.618623356999999885e+01 1.434398870000000104e+00
3.060000000000000000e+02 3.070000000000000000e+02 2.472295074000000170e+01 1.352216803000000134e+00
3.070000000000000000e+02 3.080000000000000000e+02 2.168023007000000035e+01 1.126852375999999989e+00
3.080000000000000000e+02 3.090000000000000000e+02 3.421209569999999900e+01 1.926922040000000003e+00
3.090000000000000000e+02 3.100000000000000000e+02 3.865896570000000310e+01 1.805237436000000084e+00
3.100000000000000000e+02 3.110000000000000000e+02 3.883391329999999897e+01 1.941515038999999998e+00
3.110000000000000000e+02 3.120000000000000000e+02 3.875072579999999789e+01 1.746504417000000142e+00
3.120000000000000000e+02 3.130000000000000000e+02 3.350297189999999858e+01 1.742156617000000018e+00
3.130000000000000000e+02 3.140000000000000000e+02 3.452768929999999870e+01 1.644086718000000058e+00
3.140000000000000000e+02 3.150000000000000000e+02 3.123382179999999764e+01 1.680559397999999982e+00
3.150000000000000000e+02 3.160000000000000000e+02 2.806062019999999890e+01 1.481306675999999989e+00
3.160000000000000000e+02 3.170000000000000000e+02 2.489438878000000344e+01 1.439168663000000015e+00
3.170000000000000000e+02 3.180000000000000000e+02 2.609098490999999953e+01 1.298755931000000086e+00
3.180000000000000000e+02 3.190000000000000000e+02 2.023813274000000106e+01 1.282584650999999853e+00
3.190000000000000000e+02 3.200000000000000000e+02 3.880795020000000051e+01 2.069961056999999993e+00
3.200000000000000000e+02 3.210000000000000000e+02 3.533085880000000145e+01 1.888195630999999874e+00
3.210000000000000000e+02 3.220000000000000000e+02 3.577061480000000415e+01 1.907723126000000047e+00
3.220000000000000000e+02 3.230000000000000000e+02 3.550490419999999858e+01 1.976279480000000088e+00
3.230000000000000000e+02 3.240000000000000000e+02 3.436342720000000384e+01 1.573636288000000105e+00
3.240000000000000000e+02 3.250000000000000000e+02 3.146662429999999944e+01 1.568080123000000103e+00
3.250000000000000000e+02 3.260000000000000000e+02 3.125486179999999692e+01 1.492470041000000025e+00
3.260000000000000000e+02 3.270000000000000000e+02 2.748942050000000137e+01 1.486702013000000155e+00
3.270000000000000000e+02 3.280000000000000000e+02 2.556966935000000163e+01 1.341062996999999868e+00
3.280000000000000000e+02 3.290000000000000000e+02 2.152042296000000121e+01 1.269214607999999966e+00
3.290000000000000000e+02 3.300000000000000000e+02 2.056387070999999978e+01 1.332664673000000022e+00
3.300000000000000000e+02 3.310000000000000000e+02 3.376961980000000096e+01 2.202147728999999998e+00
3.310000000000000000e+02 3.320000000000000000e+02 3.508075350000000014e+01 1.839382858000000009e+00
3.320000000000000000e+02 3.330000000000000000e+02 3.348405999999999949e+01 1.761950217999999957e+00
3.330000000000000000e+02 3.340000000000000000e+02 3.357063369999999480e+01 1.889588473000000102e+00
3.340000000000000000e+02 3.350000000000000000e+02 3.286261580000000038e+01 1.581435522000000038e+00
3.350000000000000000e+02 3.360000000000000000e+02 3.066066869999999867e+01 1.548913286999999972e+00
3.360000000000000000e+02 3.370000000000000000e+02 2.814458789999999766e+01 1.515718354999999962e+00
3.370000000000000000e+02 3.380000000000000000e+02 2.765428980000000081e+01 1.456329759000000168e+00
3.380000000000000000e+02 3.390000000000000000e+02 2.602958304999999939e+01 1.361813211000000079e+00
3.390000000000000000e+02 3.400000000000000000e+02 2.427046039000000022e+01 1.182778598000000070e+00
3.400000000000000000e+02 3.410000000000000000e+02 2.103495370999999992e+01 1.082738421000000173e+00
3.410000000000000000e+02 3.420000000000000000e+02 3.377702490000000068e+01 1.965556733999999972e+00
3.420000000000000000e+02 3.430000000000000000e+02 3.486103829999999704e+01 2.085929856999999998e+00
3.430000000000000000e+02 3.440000000000000000e+02 3.610431709999999583e+01 1.890934201999999953e+00
3.440000000000000000e+02 3.450000000000000000e+02 3.568836229999999432e+01 1.765009292000000007e+00
3.450000000000000000e+02 3.460000000000000000e+02 3.134469439999999807e+01 1.656002685000000030e+00
3.460000000000000000e+02 3.470000000000000000e+02 2.919945810000000108e+01 1.593652284000000030e+00
3.470000000000000000e+02 3.480000000000000000e+02 3.025821780000000061e+01 1.631118523000000042e+00
3.480000000000000000e+02 3.490000000000000000e+02 2.842245349999999959e+01 1.436729814999999855e+00
3.490000000000000000e+02 3.500000000000000000e+02 2.474140483000000046e+01 1.271938110000000011e+00
3.500000000000000000e+02 3.510000000000000000e+02 2.164342231999999910e+01 1.316937585000000022e+00
3.510000000000000000e+02 3.520000000000000000e+02 1.891628440000000211e+01 1.093197074000000102e+00
3.520000000000000000e+02 3.530000000000000000e+02 3.716808840000000203e+01 2.068668936999999985e+00
3.530000000000000000e+02 3.540000000000000000e+02 3.275830260000000038e+01 2.091868051000000062e+00
3.540000000000000000e+02 3.550000000000000000e+02 3.577303350000000393e+01 1.966032656000000101e+00
3.550000000000000000e+02 3.560000000000000000e+02 3.112014969999999892e+01 1.772451514000000117e+00
3.560000000000000000e+02 3.570000000000000000e+02 3.200795389999999685e+01 1.682431094000000016e+00
3.570000000000000000e+02 3.580000000000000000e+02 3.136314009999999897e+01 1.494773885000000080e+00
3.580000000000000000e+02 3.590000000000000000e+02 2.932849130000000315e+01 1.589692458999999891e+00
3.590000000000000000e+02 3.600000000000000000e+02 2.653182882999999848e+01 1.555955863999999966e+00
3.600000000000000000e+02 3.610000000000000000e+02 2.587760224999999892e+01 1.429674016999999964e+00
3.610000000000000000e+02 3.620000000000000000e+02 2.301387071999999989e+01 1.244056135000000118e+00
3.620000000000000000e+02 3.630000000000000000e+02 1.949387939000000003e+01 1.044059038999999967e+00
3.630000000000000000e+02 3.640000000000000000e+02 3.276404130000000237e+01 1.989215968999999973e+00
3.640000000000000000e+02 3.650000000000000000e+02 3.148560649999999939e+01 1.844254229000000134e+00
3.650000000000000000e+02 3.660000000000000000e+02 3.166304870000000093e+01 1.906889059000000053e+00
3.660000000000000000e+02 3.670000000000000000e+02 3.323124469999999775e+01 1.921244396000000076e+00
3.670000000000000000e+02 3.680000000000000000e+02 3.218564390000000230e+01 1.871922598999999909e+00
3.680000000000000000e+02 3.690000000000000000e+02 3.036957629999999853e+01 1.637381213999999918e+00
3.690000000000000000e+02 3.700000000000000000e+02 2.638423189999999963e+01 1.429571933999999933e+00
3.700000000000000000e+02 3.710000000000000000e+02 2.455633916000000028e+01 1.572811202000000019e+00
3.710000000000000000e+02 3.720000000000000000e+02 2.239726399000000256e+01 1.477158061000000133e+00
3.720000000000000000e+02 3.730000000000000000e+02 2.173473819000000162e+01 1.139864729999999993e+00
3.730000000000000000e+02 3.740000000000000000e+02 1.933706901999999772e+01 1.043207943000000082e+00
3.740000000000000000e+02 3.750000000000000000e+02 3.388747120000000024e+01 1.999093820999999993e+00
3.750000000000000000e+02 3.760000000000000000e+02 3.275661990000000401e+01 1.837112327000000045e+00
3.760000000000000000e+02 3.770000000000000000e+02 3.363467849999999970e+01 1.931866501999999874e+00
3.770000000000000000e+02 3.780000000000000000e+02 3.044893370000000132e+01 1.743497179000000008e+00
3.780000000000000000e+02 3.790000000000000000e+02 2.832945469999999943e+01 1.656765805000000036e+00
3.790000000000000000e+02 3.800000000000000000e+02 2.794271589999999961e+01 1.544965145999999789e+00
3.800000000000000000e+02 3.810000000000000000e+02 2.551928015000000016e+01 1.382693377999999917e+00
3.810000000000000000e+02 3.820000000000000000e+02 2.158125373999999752e+01 1.383651631999999854e+00
3.820000000000000000e+02 3.830000000000000000e+02 1.994011920999999887e+01 1.306179801999999945e+00
3.830000000000000000e+02 3.840000000000000000e+02 2.065828917999999703e+01 1.250647488999999890e+00
3.840000000000000000e+02 3.850000000000000000e+02 1.760806011000000026e+01 1.136855039000000067e+00
3.850000000000000000e+02 3.860000000000000000e+02 3.404257439999999946e+01 2.010908375000000081e+00
3.860000000000000000e+02 3.870000000000000000e+02 3.334225570000000261e+01 1.847892589000000196e+00
3.870000000000000000e+02 3.880000000000000000e+02 2.929434350000000009e+01 1.853245005000000001e+00
3.880000000000000000e+02 3.890000000000000000e+02 2.678110309999999927e+01 1.645338479000000076e+00
3.890000000000000000e+02 3.900000000000000000e+02 3.137644220000000317e+01 1.775626605999999885e+00
3.900000000000000000e+02 3.910000000000000000e+02 2.779701070000000129e+01 1.549126712999999933e+00
3.910000000000000000e+02 3.920000000000000000e+02 2.767425370000000129e+01 1.426553916999999894e+00
3.920000000000000000e+02 3.930000000000000000e+02 2.520002912999999722e+01 1.300542372999999863e+00
3.930000000000000000e+02 3.940000000000000000e+02 2.239380648999999934e+01 1.481239812999999961e+00
3.940000000000000000e+02 3.950000000000000000e+02 2.039021550000000005e+01 1.266395700999999985e+00
3.950000000000000000e+02 3.960000000000000000e+02 1.849127672000000189e+01 1.120367055000000001e+00
3.960000000000000000e+02 3.970000000000000000e+02 3.190692770000000067e+01 1.778574596999999979e+00
3.970000000000000000e+02 3.980000000000000000e+02 3.269207829999999859e+01 1.960349948000000175e+00
3.980000000000000000e+02 3.990000000000000000e+02 3.134094649999999760e+01 1.758084439000000110e+00
3.990000000000000000e+02 4.000000000000000000e+02 2.875135480000000143e+01 1.591935915000000090e+00
4.000000000000000000e+02 4.010000000000000000e+02 2.762132829999999828e+01 1.742545757999999889e+00
4.010000000000000000e+02 4.020000000000000000e+02 2.802940159999999992e+01 1.564937067999999876e+00
4.020000000000000000e+02 4.030000000000000000e+02 2.444580022999999969e+01 1.658611254999999840e+00
4.030000000000000000e+02 4.040000000000000000e+02 2.254334114999999983e+01 1.375005482999999806e+00
4.040000000000000000e+02 4.050000000000000000e+02 2.262198489999999751e+01 1.327627257999999921e+00
4.050000000000000000e+02 4.060000000000000000e+02 1.621805145000000081e+01 1.168372735999999801e+00
4.060000000000000000e+02 4.070000000000000000e+02 1.689362157000000053e+01 1.165316760000000063e+00
4.070000000000000000e+02 4.080000000000000000e+02 3.454166610000000048e+01 2.041682316999999802e+00
4.080000000000000000e+02 4.090000000000000000e+02 2.822781559999999956e+01 1.797293446000000072e+00
4.090000000000000000e+02 4.100000000000000000e+02 2.943352009999999908e+01 1.915138100999999926e+00
4.100000000000000000e+02 4.110000000000000000e+02 3.173251739999999899e+01 1.806458859000000139e+00
4.110000000000000000e+02 4.120000000000000000e+02 2.532855440000000158e+01 1.628669225999999970e+00
4.120000000000000000e+02 4.130000000000000000e+02 2.496615212000000028e+01 1.626619000000000037e+00
4.130000000000000000e+02 4.140000000000000000e+02 2.124395192999999793e+01 1.504323623999999970e+00
4.140000000000000000e+02 4.150000000000000000e+02 2.515646306000000010e+01 1.397949330999999962e+00
4.150000000000000000e+02 4.160000000000000000e+02 2.006426459000000051e+01 1.170897322999999934e+00
4.160000000000000000e+02 4.170000000000000000e+02 1.918738487999999975e+01 1.047115612000000029e+00
4.170000000000000000e+02 4.180000000000000000e+02 1.520414505000000105e+01 1.042299587000000027e+00
4.180000000000000000e+02 4.190000000000000000e+02 2.938212159999999784e+01 1.867449023000000041e+00
4.190000000000000000e+02 4.200000000000000000e+02 3.125947509999999951e+01 1.844510725999999989e+00
4.200000000000000000e+02 4.210000000000000000e+02 3.018979980000000296e+01 1.996009536999999945e+00
4.210000000000000000e+02 4.220000000000000000e+02 2.831853690000000157e+01 1.858395075000000007e+00
4.220000000000000000e+02 4.230000000000000000e+02 2.700680570000000102e+01 1.697979016000000119e+00
4.230000000000000000e+02 4.240000000000000000e+02 2.433825101000000046e+01 1.767129745000000085e+00
4.240000000000000000e+02 4.250000000000000000e+02 2.615468400000000315e+01 1.359908764000000048e+00
4.250000000000000000e+02 4.260000000000000000e+02 2.030080858999999904e+01 1.496099505000000107e+00
4.260000000000000000e+02 4.270000000000000000e+02 2.006677137999999871e+01 1.232904175999999907e+00
4.270000000000000000e+02 4.280000000000000000e+02 1.746135646999999835e+01 1.108224466000000019e+00
4.280000000000000000e+02 4.290000000000000000e+02 1.649343481000000011e+01 1.007236679999999884e+00
4.290000000000000000e+02 4.300000000000000000e+02 2.767993260000000078e+01 1.901210808000000085e+00
4.300000000000000000e+02 4.310000000000000000e+02 3.347832219999999381e+01 1.996605908999999901e+00
4.310000000000000000e+02 4.320000000000000000e+02 2.811296590000000251e+01 2.111667896999999794e+00
4.320000000000000000e+02 4.330000000000000000e+02 2.848671889999999962e+01 1.750703402999999936e+00
4.330000000000000000e+02 4.340000000000000000e+02 2.416453164999999714e+01 1.595440390999999902e+00
4.340000000000000000e+02 4.350000000000000000e+02 2.557877900000000082e+01 1.735097813999999961e+00
4.350000000000000000e+02 4.360000000000000000e+02 2.339818921999999901e+01 1.420095586999999826e+00
4.360000000000000000e+02 4.370000000000000000e+02 2.127682708000000034e+01 1.380845919000000199e+00
4.370000000000000000e+02 4.380000000000000000e+02 1.890895132999999717e+01 1.341579983000000142e+00
4.380000000000000000e+02 4.390000000000000000e+02 1.643442566999999954e+01 1.208932947000000091e+00
4.390000000000000000e+02 4.400000000000000000e+02 1.660982655000000108e+01 1.120713097999999963e+00
4.400000000000000000e+02 4.410000000000000000e+02 2.726888840000000158e+01 1.992021518000000047e+00
4.410000000000000000e+02 4.420000000000000000e+02 2.799824560000000062e+01 2.010036541999999926e+00
4.420000000000000000e+02 4.430000000000000000e+02 2.766250310000000212e+01 1.864352063000000115e+00
4.430000000000000000e+02 4.440000000000000000e+02 2.532315360000000126e+01 1.570295384000000016e+00
4.440000000000000000e+02 4.450000000000000000e+02 2.798199699999999979e+01 1.698412444999999993e+00
4.450000000000000000e+02 4.460000000000000000e+02 2.369887551999999786e+01 1.511091633000000156e+00
4.460000000000000000e+02 4.470000000000000000e+02 2.292897540999999961e+01 1.424862163999999876e+00
4.470000000000000000e+02 4.480000000000000000e+02 2.118376857999999885e+01 1.348866649000000084e+00
4.480000000000000000e+02 4.490000000000000000e+02 1.870905966999999848e+01 1.409999774000000095e+00
4.490000000000000000e+02 4.500000000000000000e+02 1.555329960999999983e+01 1.101689190000000096e+00
4.500000000000000000e+02 4.510000000000000000e+02 1.465834704000000066e+01 1.094682605000000031e+00
4.510000000000000000e+02 4.520000000000000000e+02 2.796124870000000229e+01 1.844699765999999963e+00
4.520000000000000000e+02 4.530000000000000000e+02 2.941106989999999755e+01 1.797034287000000008e+00
4.530000000000000000e+02 4.540000000000000000e+02 2.727997600000000133e+01 1.975185904000000159e+00
4.540000000000000000e+02 4.550000000000000000e+02 2.790392229999999785e+01 1.517858336000000197e+00
4.550000000000000000e+02 4.560000000000000000e+02 2.675681880000000135e+01 1.512123240999999840e+00
4.560000000000000000e+02 4.570000000000000000e+02 2.243047630000000225e+01 1.379869524999999930e+00
4.570000000000000000e+02 4.580000000000000000e+02 2.091790411999999932e+01 1.349457185000000115e+00
4.580000000000000000e+02 4.590000000000000000e+02 2.178670379999999795e+01 1.308524740999999825e+00
4.590000000000000000e+02 4.600000000000000000e+02 2.002372119999999711e+01 1.243625164000000005e+00
4.600000000000000000e+02 4.610000000000000000e+02 1.737041006000000110e+01 1.089981799000000029e+00
4.610000000000000000e+02 4.620000000000000000e+02 1.426552865000000025e+01 1.015373668000000063e+00
4.620000000000000000e+02 4.630000000000000000e+02 2.468350879999999847e+01 1.819412613999999984e+00
4.630000000000000000e+02 4.640000000000000000e+02 2.710804860000000005e+01 1.945747428999999862e+00
4.640000000000000000e+02 4.650000000000000000e+02 2.858704859999999925e+01 1.839083382999999960e+00
4.650000000000000000e+02 4.660000000000000000e+02 2.380023120999999975e+01 1.702036946999999856e+00
4.660000000000000000e+02 4.670000000000000000e+02 2.575653570000000059e+01 1.705169504999999974e+00
4.670000000000000000e+02 4.680000000000000000e+02 2.506953065999999808e+01 1.667784388999999923e+00
4.680000000000000000e+02 4.690000000000000000e+02 2.178468450000000090e+01 1.359007126000000065e+00
4.690000000000000000e+02 4.700000000000000000e+02 1.935798275000000146e+01 1.403962159999999848e+00
4.700000000000000000e+02 4.710000000000000000e+02 1.810860682999999938e+01 1.188435042000000053e+00
4.710000000000000000e+02 4.720000000000000000e+02 1.640599989000000036e+01 1.081841527999999997e+00
4.720000000000000000e+02 4.730000000000000000e+02 1.342070496999999918e+01 9.953486970000000600e-01
4.730000000000000000e+02 4.740000000000000000e+02 2.983107030000000037e+01 1.807897050999999866e+00
4.740000000000000000e+02 4.750000000000000000e+02 2.493132699999999957e+01 1.817665464999999925e+00
4.750000000000000000e+02 4.760000000000000000e+02 2.512040849999999992e+01 1.827577785000000121e+00
4.760000000000000000e+02 4.770000000000000000e+02 2.448768010999999944e+01 1.756549127999999849e+00
4.770000000000000000e+02 4.780000000000000000e+02 2.509097849999999852e+01 1.837378309999999848e+00
4.780000000000000000e+02 4.790000000000000000e+02 2.311429371999999915e+01 1.557447413999999863e+00
4.790000000000000000e+02 4.800000000000000000e+02 2.194197305000000142e+01 1.263211569999999950e+00
4.800000000000000000e+02 4.810000000000000000e+02 1.913147153999999972e+01 1.289676532999999958e+00
4.810000000000000000e+02 4.820000000000000000e+02 1.687014229000000043e+01 1.217117138000000098e+00
4.820000000000000000e+02 4.830000000000000000e+02 1.576062006000000082e+01 1.145168444999999924e+00
4.830000000000000000e+02 4.840000000000000000e+02 1.345646007000000033e+01 1.057772432000000151e+00
4.840000000000000000e+02 4.850000000000000000e+02 2.702056029999999964e+01 1.863232974000000208e+00
4.850000000000000000e+02 4.860000000000000000e+02 2.679051759999999760e+01 1.872519031000000167e+00
4.860000000000000000e+02 4.870000000000000000e+02 2.549153980000000175e+01 1.891765130000000017e+00
4.870000000000000000e+02 4.880000000000000000e+02 2.505672140000000070e+01 1.587178809000000079e+00
4.880000000000000000e+02 4.890000000000000000e+02 2.416051600999999849e+01 1.554003229999999958e+00
4.890000000000000000e+02 4.900000000000000000e+02 1.812713288999999861e+01 1.488500986000000026e+00
4.900000000000000000e+02 4.910000000000000000e+02 2.072592464000000234e+01 1.406811787999999952e+00
4.910000000000000000e+02 4.920000000000000000e+02 1.969260008000000184e+01 1.297104540000000084e+00
4.920000000000000000e+02 4.930000000000000000e+02 1.947783429000000055e+01 1.192887185999999877e+00
4.930000000000000000e+02 4.940000000000000000e+02 1.404750265000000020e+01 1.052528902000000155e+00
4.940000000000000000e+02 4.950000000000000000e+02 1.354118888999999903e+01 1.001883509000000005e+00
4.950000000000000000e+02 4.960000000000000000e+02 2.765197430000000267e+01 1.769219911999999839e+00
4.960000000000000000e+02 4.970000000000000000e+02 2.275500208000000057e+01 1.656695260999999864e+00
4.970000000000000000e+02 4.980000000000000000e+02 2.794063369999999935e+01 1.786524762999999849e+00
4.980000000000000000e+02 4.990000000000000000e+02 2.452042905999999789e+01 1.654719551000000122e+00
4.990000000000000000e+02 5.000000000000000000e+02 2.196387325999999973e+01 1.489861902999999987e+00
5.000000000000000000e+02 5.010000000000000000e+02 2.184233739000000085e+01 1.407457055999999929e+00
5.010000000000000000e+02 5.020000000000000000e+02 2.354917693999999884e+01 1.469480922999999883e+00
5.020000000000000000e+02 5.030000000000000000e+02 1.686556155999999973e+01 1.305907079000000026e+00
5.030000000000000000e+02 5.040000000000000000e+02 1.594887360999999970e+01 1.255034816999999858e+00
5.040000000000000000e+02 5.050000000000000000e+02 1.350739562000000049e+01 1.058849882000000076e+00
5.050000000000000000e+02 5.060000000000000000e+02 1.178509247000000038e+01 9.180998720000000946e-01
5.060000000000000000e+02 5.070000000000000000e+02 2.727313169999999687e+01 1.719491081000000143e+00
5.070000000000000000e+02 5.080000000000000000e+02 2.475066050000000217e+01 1.681062733000000087e+00
5.080000000000000000e+02 5.090000000000000000e+02 2.637891000000000119e+01 1.833006601999999985e+00
5.090000000000000000e+02 5.100000000000000000e+02 2.288353377999999694e+01 1.641785637000000131e+00
5.100000000000000000e+02 5.110000000000000000e+02 2.360336329000000077e+01 1.669254849999999957e+00
5.110000000000000000e+02 5.120000000000000000e+02 2.107847938000000099e+01 1.637978208000000047e+00
5.120000000000000000e+02 5.130000000000000000e+02 1.865265282000000013e+01 1.440266739999999990e+00
5.130000000000000000e+02 5.140000000000000000e+02 1.747497903999999735e+01 1.271888624999999884e+00
5.140000000000000000e+02 5.150000000000000000e+02 1.481534249000000081e+01 1.200799583999999864e+00
5.150000000000000000e+02 5.160000000000000000e+02 1.366033020999999970e+01 1.000962179000000063e+00
5.160000000000000000e+02 5.170000000000000000e+02 1.335045666999999980e+01 1.017927287000000014e+00
5.170000000000000000e+02 5.180000000000000000e+02 2.362225680000000239e+01 1.807811945999999947e+00
5.180000000000000000e+02 5.190000000000000000e+02 2.842101809999999773e+01 1.738524304999999881e+00
5.190000000000000000e+02 5.200000000000000000e+02 2.410403687999999889e+01 1.893186703000000026e+00
5.200000000000000000e+02 5.210000000000000000e+02 2.154137934999999970e+01 1.546737107999999861e+00
5.210000000000000000e+02 5.220000000000000000e+02 2.197422986999999850e+01 1.612529222000000040e+00
5.220000000000000000e+02 5.230000000000000000e+02 2.046472139999999840e+01 1.462944484999999961e+00
5.230000000000000000e+02 5.240000000000000000e+02 1.989869626000000125e+01 1.529760954999999978e+00
5.240000000000000000e+02 5.250000000000000000e+02 1.897905954000000150e+01 1.312522286999999954e+00
5.250000000000000000e+02 5.260000000000000000e+02 1.534820683000000052e+01 1.117890923000000036e+00
5.260000000000000000e+02 5.270000000000000000e+02 1.567758435999999911e+01 1.039634761000000074e+00
5.270000000000000000e+02 5.280000000000000000e+02 1.252591442999999849e+01 1.207295165000000114e+00
5.280000000000000000e+02 5.290000000000000000e+02 2.454006869999999907e+01 1.771673363999999973e+00
5.290000000000000000e+02 5.300000000000000000e+02 2.500402289999999894e+01 1.787937858999999907e+00
5.300000000000000000e+02 5.310000000000000000e+02 2.562458369999999874e+01 1.778778069999999989e+00
5.310000000000000000e+02 5.320000000000000000e+02 2.446910407000000021e+01 1.605887155999999871e+00
5.320000000000000000e+02 5.330000000000000000e+02 2.340665594000000027e+01 1.452545143999999899e+00
5.330000000000000000e+02 5.340000000000000000e+02 2.121137068000000170e+01 1.397269830999999796e+00
5.340000000000000000e+02 5.350000000000000000e+02 1.579723790999999977e+01 1.278326634000000128e+00
5.350000000000000000e+02 5.360000000000000000e+02 1.415068022999999897e+01 1.347025856999999993e+00
5.360000000000000000e+02 5.370000000000000000e+02 1.569429592999999912e+01 1.122799039999999859e+00
5.370000000000000000e+02 5.380000000000000000e+02 1.184932618000000026e+01 1.087805381000000127e+00
5.380000000000000000e+02 5.390000000000000000e+02 1.102692648000000020e+01 1.003909493000000097e+00
5.390000000000000000e+02 5.400000000000000000e+02 2.321069977000000151e+01 1.671774783000000042e+00
5.400000000000000000e+02 5.410000000000000000e+02 2.335657576999999918e+01 1.876965664000000089e+00
5.410000000000000000e+02 5.420000000000000000e+02 2.239022462000000147e+01 1.705050764000000108e+00
5.420000000000000000e+02 5.430000000000000000e+02 2.215216765999999993e+01 1.734052272000000006e+00
5.430000000000000000e+02 5.440000000000000000e+02 2.075699412999999893e+01 1.500395978999999880e+00
5.440000000000000000e+02 5.450000000000000000e+02 1.990794209999999964e+01 1.396302992000000076e+00
5.450000000000000000e+02 5.460000000000000000e+02 1.964226207000000102e+01 1.313257630999999925e+00
5.460000000000000000e+02 5.470000000000000000e+02 1.674471012000000059e+01 1.214516193000000133e+00
5.470000000000000000e+02 5.480000000000000000e+02 1.330357852999999935e+01 1.087505009000000022e+00
5.480000000000000000e+02 5.490000000000000000e+02 1.399038245000000025e+01 1.084958827999999986e+00
5.490000000000000000e+02 5.500000000000000000e+02 1.218557445999999977e+01 8.794516300000000397e-01
5.500000000000000000e+02 5.510000000000000000e+02 2.418501269999999792e+01 1.888240301999999815e+00
5.510000000000000000e+02 5.520000000000000000e+02 2.378904617999999971e+01 1.836549525999999988e+00
5.520000000000000000e+02 5.530000000000000000e+02 2.250174687000000162e+01 1.552337980999999978e+00
5.530000000000000000e+02 5.540000000000000000e+02 2.173660393000000113e+01 1.563282502999999934e+00
5.540000000000000000e+02 5.550000000000000000e+02 1.816741980999999839e+01 1.597455403999999968e+00
5.550000000000000000e+02 5.560000000000000000e+02 2.012173135999999829e+01 1.674763766000000098e+00
5.560000000000000000e+02 5.570000000000000000e+02 1.835538488999999984e+01 1.524421035000000035e+00
5.570000000000000000e+02 5.580000000000000000e+02 1.719227890000000158e+01 1.160265139000000056e+00
5.580000000000000000e+02 5.590000000000000000e+02 1.579106896999999954e+01 1.149836261999999998e+00
5.590000000000000000e+02 5.600000000000000000e+02 1.332606013000000011e+01 1.052024137000000081e+00
5.600000000000000000e+02 5.610000000000000000e+02 1.123909158000000019e+01 8.267100079999999407e-01
5.610000000000000000e+02 5.620000000000000000e+02 2.256571560000000076e+01 1.736440452999999939e+00
5.620000000000000000e+02 5.630000000000000000e+02 2.451544990000000013e+01 1.936245278999999986e+00
5.630000000000000000e+02 5.640000000000000000e+02 2.160568928000000000e+01 1.748443129999999845e+00
5.640000000000000000e+02 5.650000000000000000e+02 2.383531342999999936e+01 1.649341334999999908e+00
5.650000000000000000e+02 5.660000000000000000e+02 2.076990333999999905e+01 1.511343552999999895e+00
5.660000000000000000e+02 5.670000000000000000e+02 1.946825431999999978e+01 1.443394806000000141e+00
5.670000000000000000e+02 5.680000000000000000e+02 1.404751691000000058e+01 1.301341377999999827e+00
5.680000000000000000e+02 5.690000000000000000e+02 1.617496144999999785e+01 1.349794562000000031e+00
5.690000000000000000e+02 5.700000000000000000e+02 1.385341159000000033e+01 1.012797836999999923e+00
5.700000000000000000e+02 5.710000000000000000e+02 1.245141848000000095e+01 1.025949379000000050e+00
5.710000000000000000e+02 5.720000000000000000e+02 1.037963763999999856e+01 9.080763889999999838e-01
5.720000000000000000e+02 5.730000000000000000e+02 2.349142621000000020e+01 1.737613889999999994e+00
5.730000000000000000e+02 5.740000000000000000e+02 2.086872037000000191e+01 1.837923882999999980e+00
5.740000000000000000e+02 5.750000000000000000e+02 2.200241703000000015e+01 1.600112294999999962e+00
5.750000000000000000e+02 5.760000000000000000e+02 1.747595895999999982e+01 1.803728929000000036e+00
5.760000000000000000e+02 5.770000000000000000e+02 1.904551603999999898e+01 1.588210443000000138e+00
5.770000000000000000e+02 5.780000000000000000e+02 1.797831838999999832e+01 1.621036549000000049e+00
5.780000000000000000e+02 5.790000000000000000e+02 1.694845033999999728e+01 1.245777581000000023e+00
5.790000000000000000e+02 5.800000000000000000e+02 1.584883662000000015e+01 1.399673621000000034e+00
5.800000000000000000e+02 5.810000000000000000e+02 1.445601324999999981e+01 1.073934618000000007e+00
5.810000000000000000e+02 5.820000000000000000e+02 1.230239326000000055e+01 1.007050567999999924e+00
5.820000000000000000e+02 5.830000000000000000e+02 1.002928092999999876e+01 9.913905450000000119e-01
5.830000000000000000e+02 5.840000000000000000e+02 2.470505500000000154e+01 1.742317799999999917e+00
5.840000000000000000e+02 5.850000000000000000e+02 2.213603097000000020e+01 1.595624403999999830e+00
5.850000000000000000e+02 5.860000000000000000e+02 1.909976589000000047e+01 1.801960794999999838e+00
5.860000000000000000e+02 5.870000000000000000e+02 2.067243287000000151e+01 1.777792956999999952e+00
5.870000000000000000e+02 5.880000000000000000e+02 2.151009963999999997e+01 1.389528040000000075e+00
5.880000000000000000e+02 5.890000000000000000e+02 1.616897708000000122e+01 1.464168981000000036e+00
5.890000000000000000e+02 5.900000000000000000e+02 1.701327986000000081e+01 1.217554889999999945e+00
5.900000000000000000e+02 5.910000000000000000e+02 1.358183547000000146e+01 1.126441987000000200e+00
5.910000000000000000e+02 5.920000000000000000e+02 1.382880542999999918e+01 1.091289764999999967e+00
5.920000000000000000e+02 5.930000000000000000e+02 1.276708645000000075e+01 1.067814371999999956e+00
5.930000000000000000e+02 5.940000000000000000e+02 9.323545449999999235e+00 8.214013180000000469e-01
5.940000000000000000e+02 5.950000000000000000e+02 2.168291243999999907e+01 1.807906234999999917e+00
5.950000000000000000e+02 5.960000000000000000e+02 2.090432042000000123e+01 1.641110854000000119e+00
5.960000000000000000e+02 5.970000000000000000e+02 2.134440130000000124e+01 1.555292743999999949e+00
5.970000000000000000e+02 5.980000000000000000e+02 1.971366615999999894e+01 1.480841292000000031e+00
5.980000000000000000e+02 5.990000000000000000e+02 1.816979471999999873e+01 1.485676760000000041e+00
5.990000000000000000e+02 6.000000000000000000e+02 1.716347105999999911e+01 1.542737258000000056e+00
6.000000000000000000e+02 6.010000000000000000e+02 1.468300702999999885e+01 1.343543303999999994e+00
6.010000000000000000e+02 6.020000000000000000e+02 1.710032904000000187e+01 1.279296275999999954e+00
6.020000000000000000e+02 6.030000000000000000e+02 1.233949617000000032e+01 1.084722332000000122e+00
6.030000000000000000e+02 6.040000000000000000e+02 1.098537306999999963e+01 1.015127029999999930e+00
6.040000000000000000e+02 6.050000000000000000e+02 1.068608734999999932e+01 8.655529229999999741e-01
6.050000000000000000e+02 6.060000000000000000e+02 1.942775177000000042e+01 1.696899479999999905e+00
6.060000000000000000e+02 6.070000000000000000e+02 2.242557767999999996e+01 1.683955622000000041e+00
6.070000000000000000e+02 6.080000000000000000e+02 2.078907939999999854e+01 1.483605287000000050e+00
6.080000000000000000e+02 6.090000000000000000e+02 1.801486663000000021e+01 1.497899842000000037e+00
6.090000000000000000e+02 6.100000000000000000e+02 2.010112154000000118e+01 1.681175522000000200e+00
6.100000000000000000e+02 6.110000000000000000e+02 1.613632100999999963e+01 1.383324433999999936e+00
6.110000000000000000e+02 6.120000000000000000e+02 1.772228242999999992e+01 1.226149869000000114e+00
6.120000000000000000e+02 6.130000000000000000e+02 1.361874083999999918e+01 1.236319144999999953e+00
6.130000000000000000e+02 6.140000000000000000e+02 1.108010913999999936e+01 1.118214143999999965e+00
6.140000000000000000e+02 6.150000000000000000e+02 1.205677236000000008e+01 1.037459888999999968e+00
6.150000000000000000e+02 6.160000000000000000e+02 8.815517229999999316e+00 9.282854300000000780e-01
6.160000000000000000e+02 6.170000000000000000e+02 2.266293123999999892e+01 2.010327608999999960e+00
6.170000000000000000e+02 6.180000000000000000e+02 2.236837956999999832e+01 1.641682140999999984e+00
6.180000000000000000e+02 6.190000000000000000e+02 1.927877216999999987e+01 1.444241617999999949e+00
6.190000000000000000e+02 6.200000000000000000e+02 1.841105555000000038e+01 1.583017196000000126e+00
6.200000000000000000e+02 6.210000000000000000e+02 1.638682886000000138e+01 1.652839409999999898e+00
6.210000000000000000e+02 6.220000000000000000e+02 1.777684184000000300e+01 1.325489214999999943e+00
6.220000000000000000e+02 6.230000000000000000e+02 1.773386978999999997e+01 1.496399473000000091e+00
6.230000000000000000e+02 6.240000000000000000e+02 1.427748264999999961e+01 1.138200171000000038e+00
6.240000000000000000e+02 6.250000000000000000e+02 1.168342202000000007e+01 1.159008406000000102e+00
6.250000000000000000e+02 6.260000000000000000e+02 1.073098983000000040e+01 9.691612419999999783e-01
6.260000000000000000e+02 6.270000000000000000e+02 1.062569230000000076e+01 8.059725979999999845e-01
6.270000000000000000e+02 6.280000000000000000e+02 1.737421953999999857e+01 1.924777690999999846e+00
6.280000000000000000e+02 6.290000000000000000e+02 1.987854504999999961e+01 1.745371600999999995e+00
6.290000000000000000e+02 6.300000000000000000e+02 2.161030489999999915e+01 1.634140433000000003e+00
6.300000000000000000e+02 6.310000000000000000e+02 2.110087029999999686e+01 1.698202972000000033e+00
6.310000000000000000e+02 6.320000000000000000e+02 1.390485935000000062e+01 1.522081798999999958e+00
6.320000000000000000e+02 6.330000000000000000e+02 1.748844376999999994e+01 1.273017636000000063e+00
6.330000000000000000e+02 6.340000000000000000e+02 1.361907801999999990e+01 1.426777443999999839e+00
6.340000000000000000e+02 6.350000000000000000e+02 1.141611694000000021e+01 1.147173775000000173e+00
6.350000000000000000e+02 6.360000000000000000e+02 1.268588796999999957e+01 1.280111307999999948e+00
6.360000000000000000e+02 6.370000000000000000e+02 1.097032285999999957e+01 1.004692040000000119e+00
6.370000000000000000e+02 6.380000000000000000e+02 8.741733420000000976e+00 8.794718979999999187e-01
6.380000000000000000e+02 6.390000000000000000e+02 2.081296701999999854e+01 1.626080703000000183e+00
6.390000000000000000e+02 6.400000000000000000e+02 2.023294353000000001e+01 1.836879466000000072e+00
6.400000000000000000e+02 6.410000000000000000e+02 1.791694357999999809e+01 1.541962328999999965e+00
6.410000000000000000e+02 6.420000000000000000e+02 1.704130494000000340e+01 1.619765608999999884e+00
6.420000000000000000e+02 6.430000000000000000e+02 2.025072511000000119e+01 1.351349000000000133e+00
6.430000000000000000e+02 6.440000000000000000e+02 1.543114056000000112e+01 1.273330792000000100e+00
6.440000000000000000e+02 6.450000000000000000e+02 1.177122905000000053e+01 1.189828247999999977e+00
6.450000000000000000e+02 6.460000000000000000e+02 1.308870149999999910e+01 1.281493313999999994e+00
6.460000000000000000e+02 6.470000000000000000e+02 1.153425694999999962e+01 1.250582271999999939e+00
6.470000000000000000e+02 6.480000000000000000e+02 8.818264259999999410e+00 8.843582279999999685e-01
6.480000000000000000e+02 6.490000000000000000e+02 8.764641980000000387e+00 8.388413160000000035e-01
6.490000000000000000e+02 6.500000000000000000e+02 1.912310302999999934e+01 1.531149333999999973e+00
6.500000000000000000e+02 6.510000000000000000e+02 1.854296000999999805e+01 1.763087638000000013e+00
6.510000000000000000e+02 6.520000000000000000e+02 2.005517174000000225e+01 1.691670565999999987e+00
6.520000000000000000e+02 6.530000000000000000e+02 1.739628264999999985e+01 1.614132121000000142e+00
6.530000000000000000e+02 6.540000000000000000e+02 1.815059246999999942e+01 1.510461223999999936e+00
6.540000000000000000e+02 6.550000000000000000e+02 1.627350518000000079e+01 1.260867959000000038e+00
6.550000000000000000e+02 6.560000000000000000e+02 1.473924627999999970e+01 1.251544221999999928e+00
6.560000000000000000e+02 6.570000000000000000e+02 1.311296976000000036e+01 1.168603897000000114e+00
6.570000000000000000e+02 6.580000000000000000e+02 1.048464932999999988e+01 1.100469712999999850e+00
6.580000000000000000e+02 6.590000000000000000e+02 8.805050290000000501e+00 9.598889680000000091e-01
6.590000000000000000e+02 6.600000000000000000e+02 6.430271020000000171e+00 8.623868599999999773e-01
6.600000000000000000e+02 6.610000000000000000e+02 1.945772986000000060e+01 1.698244317999999975e+00
6.610000000000000000e+02 6.620000000000000000e+02 1.935785376000000113e+01 1.836848105999999925e+00
6.620000000000000000e+02 6.630000000000000000e+02 1.855552918999999790e+01 1.536518009000000129e+00
6.630000000000000000e+02 6.640000000000000000e+02 1.612073307000000000e+01 1.465225464000000200e+00
6.640000000000000000e+02 6.650000000000000000e+02 1.465100100000000083e+01 1.547853345999999908e+00
6.650000000000000000e+02 6.660000000000000000e+02 1.792338278000000074e+01 1.395477084000000145e+00
6.660000000000000000e+02 6.670000000000000000e+02 1.372256582999999885e+01 1.369342108000000113e+00
6.670000000000000000e+02 6.680000000000000000e+02 1.254908166999999963e+01 1.109154447000000099e+00
6.680000000000000000e+02 6.690000000000000000e+02 1.091579431999999983e+01 9.789455250000000941e-01
6.690000000000000000e+02 6.700000000000000000e+02 9.391574330000000970e+00 8.406353370000000380e-01
6.700000000000000000e+02 6.710000000000000000e+02 8.491102720000000659e+00 8.050717979999999496e-01
6.710000000000000000e+02 6.720000000000000000e+02 1.626943615000000065e+01 1.876128473000000074e+00
6.720000000000000000e+02 6.730000000000000000e+02 1.884745531000000085e+01 1.808500510000000006e+00
6.730000000000000000e+02 6.740000000000000000e+02 1.797257630000000006e+01 1.456683122000000052e+00
6.740000000000000000e+02 6.750000000000000000e+02 1.784040880999999956e+01 1.500206575999999847e+00
6.750000000000000000e+02 6.760000000000000000e+02 1.491326897000000073e+01 1.269690071999999947e+00
6.760000000000000000e+02 6.770000000000000000e+02 1.464688657999999855e+01 1.373302682999999913e+00
6.770000000000000000e+02 6.780000000000000000e+02 1.200478357000000074e+01 1.418191725999999875e+00
6.780000000000000000e+02 6.790000000000000000e+02 1.371688686999999973e+01 1.118322000000000038e+00
6.790000000000000000e+02 6.800000000000000000e+02 1.066010588999999875e+01 1.001086936000000094e+00
6.800000000000000000e+02 6.810000000000000000e+02 9.527327019999999536e+00 9.147533350000000008e-01
6.810000000000000000e+02 6.820000000000000000e+02 9.428596780000001232e+00 8.319270039999999700e-01
6.820000000000000000e+02 6.830000000000000000e+02 2.172138645000000068e+01 1.808713908999999953e+00
6.830000000000000000e+02 6.840000000000000000e+02 1.813861302999999836e+01 1.735805832999999909e+00
6.840000000000000000e+02 6.850000000000000000e+02 1.884382074999999901e+01 1.527797886999999966e+00
6.850000000000000000e+02 6.860000000000000000e+02 1.818808346000000142e+01 1.374984288999999915e+00
6.860000000000000000e+02 6.870000000000000000e+02 1.641306257000000102e+01 1.250215153000000079e+00
6.870000000000000000e+02 6.880000000000000000e+02 1.531213349000000079e+01 1.428184270999999894e+00
6.880000000000000000e+02 6.890000000000000000e+02 1.260073389000000077e+01 1.146827816000000055e+00
6.890000000000000000e+02 6.900000000000000000e+02 1.408031959000000022e+01 1.128666534000000166e+00
6.900000000000000000e+02 6.910000000000000000e+02 1.287375594000000056e+01 1.170745241000000103e+00
6.910000000000000000e+02 6.920000000000000000e+02 1.047136388999999923e+01 1.093889900999999831e+00
6.920000000000000000e+02 6.930000000000000000e+02 8.748250859999998852e+00 8.958546320000000396e-01
6.930000000000000000e+02 6.940000000000000000e+02 1.526702718999999853e+01 1.736059216999999988e+00
6.940000000000000000e+02 6.950000000000000000e+02 1.587146154000000031e+01 1.533584843999999947e+00
6.950000000000000000e+02 6.960000000000000000e+02 1.929920853000000136e+01 1.483660280999999914e+00
6.960000000000000000e+02 6.970000000000000000e+02 1.564773253000000075e+01 1.439678516999999935e+00
6.970000000000000000e+02 6.980000000000000000e+02 1.738273434999999978e+01 1.384223698000000002e+00
6.980000000000000000e+02 6.990000000000000000e+02 1.093044019999999961e+01 1.346147565999999962e+00
6.990000000000000000e+02 7.000000000000000000e+02 1.323874636000000038e+01 1.171261450999999898e+00
7.000000000000000000e+02 7.010000000000000000e+02 1.181249088999999941e+01 1.210245984000000163e+00
7.010000000000000000e+02 7.020000000000000000e+02 1.095754102999999979e+01 1.206307663999999891e+00
7.020000000000000000e+02 7.030000000000000000e+02 7.676081369999999460e+00 8.648836710000000760e-01
7.030000000000000000e+02 7.040000000000000000e+02 7.890066500000000538e+00 8.267918530000000210e-01
7.040000000000000000e+02 7.050000000000000000e+02 1.800127840999999762e+01 1.596672969999999969e+00
7.050000000000000000e+02 7.060000000000000000e+02 1.661207233999999744e+01 1.739881212999999871e+00
7.060000000000000000e+02 7.070000000000000000e+02 1.572513088000000003e+01 1.626531200000000066e+00
7.070000000000000000e+02 7.080000000000000000e+02 1.619553713999999900e+01 1.377303794999999997e+00
7.080000000000000000e+02 7.090000000000000000e+02 1.366455193999999906e+01 1.439897954999999952e+00
7.090000000000000000e+02 7.100000000000000000e+02 1.637592641000000171e+01 1.342324607999999975e+00
7.100000000000000000e+02 7.110000000000000000e+02 1.282652868000000090e+01 1.159863218000000140e+00
7.110000000000000000e+02 7.120000000000000000e+02 1.038224622000000075e+01 1.147767986000000073e+00
7.120000000000000000e+02 7.130000000000000000e+02 1.070621153999999997e+01 1.177106809000000087e+00
7.130000000000000000e+02 7.140000000000000000e+02 1.013202715000000076e+01 8.908121139999999327e-01
7.140000000000000000e+02 7.150000000000000000e+02 7.202337919999999727e+00 7.409960530000000434e-01
7.150000000000000000e+02 7.160000000000000000e+02 1.587484956000000125e+01 1.507669712999999856e+00
7.160000000000000000e+02 7.170000000000000000e+02 1.818773201000000128e+01 1.668820446000000013e+00
7.170000000000000000e+02 7.180000000000000000e+02 1.583953117999999982e+01 1.425045989000000013e+00
7.180000000000000000e+02 7.190000000000000000e+02 1.562065758999999865e+01 1.614933826999999988e+00
7.190000000000000000e+02 7.200000000000000000e+02 1.441862697000000004e+01 1.271475734000000024e+00
7.200000000000000000e+02 7.210000000000000000e+02 1.348885389000000146e+01 1.251337817000000019e+00
7.210000000000000000e+02 7.220000000000000000e+02 1.298974152999999987e+01 1.264470618000000046e+00
7.220000000000000000e+02 7.230000000000000000e+02 1.048191238000000070e+01 1.287427783000000048e+00
7.230000000000000000e+02 7.240000000000000000e+02 9.671903650000000852e+00 9.431801690000000127e-01
7.240000000000000000e+02 7.250000000000000000e+02 8.164281960000000282e+00 8.827635879999999879e-01
7.250000000000000000e+02 7.260000000000000000e+02 8.632077710000000792e+00 7.471981130000000526e-01
7.260000000000000000e+02 7.270000000000000000e+02 1.670529510999999800e+01 1.515588356999999942e+00
7.270000000000000000e+02 7.280000000000000000e+02 1.816120706999999967e+01 1.533619886999999959e+00
7.280000000000000000e+02 7.290000000000000000e+02 1.847496267999999731e+01 1.497626743000000094e+00
7.290000000000000000e+02 7.300000000000000000e+02 1.589687199000000106e+01 1.448065606000000116e+00
7.300000000000000000e+02 7.310000000000000000e+02 1.597097224999999909e+01 1.206261975999999958e+00
7.310000000000000000e+02 7.320000000000000000e+02 1.526880479000000079e+01 1.320858212999999948e+00
7.320000000000000000e+02 7.330000000000000000e+02 1.134796884999999911e+01 9.726489050000000081e-01
7.330000000000000000e+02 7.340000000000000000e+02 1.129271010000000075e+01 1.189405601000000035e+00
7.340000000000000000e+02 7.350000000000000000e+02 1.038716287999999999e+01 9.536588620000000516e-01
7.350000000000000000e+02 7.360000000000000000e+02 8.891918099999999825e+00 8.444470700000000773e-01
7.360000000000000000e+02 7.370000000000000000e+02 5.862659790000000370e+00 7.530427319999999369e-01
7.370000000000000000e+02 7.380000000000000000e+02 1.590648733999999997e+01 1.590442207999999802e+00
7.380000000000000000e+02 7.390000000000000000e+02 1.735481515000000030e+01 1.473528630999999978e+00
7.390000000000000000e+02 7.400000000000000000e+02 1.559562457000000002e+01 1.264831327999999866e+00
7.400000000000000000e+02 7.410000000000000000e+02 1.389529199000000048e+01 1.378206866999999836e+00
7.410000000000000000e+02 7.420000000000000000e+02 1.538145893000000086e+01 1.260255643000000036e+00
7.420000000000000000e+02 7.430000000000000000e+02 1.353935560999999943e+01 1.272107903999999845e+00
7.430000000000000000e+02 7.440000000000000000e+02 1.137838146999999900e+01 1.144256283999999901e+00
7.440000000000000000e+02 7.450000000000000000e+02 9.558052569999999193e+00 1.050665648999999924e+00
7.450000000000000000e+02 7.460000000000000000e+02 7.116754079999999760e+00 9.619024130000000117e-01
7.460000000000000000e+02 7.470000000000000000e+02 7.260352280000000214e+00 9.023759820000000209e-01
7.470000000000000000e+02 7.480000000000000000e+02 8.319203250000001049e+00 7.282110310000000641e-01
7.480000000000000000e+02 7.490000000000000000e+02 1.678729643000000138e+01 1.485184571999999870e+00
7.490000000000000000e+02 7.500000000000000000e+02 1.477657065000000003e+01 1.769780012000000013e+00
7.500000000000000000e+02 7.510000000000000000e+02 1.657007716000000030e+01 1.443748492999999966e+00
7.510000000000000000e+02 7.520000000000000000e+02 1.630194700000000196e+01 1.436203622999999929e+00
7.520000000000000000e+02 7.530000000000000000e+02 1.501539441999999980e+01 1.323169963000000005e+00
7.530000000000000000e+02 7.540000000000000000e+02 1.337990685999999840e+01 1.121823913999999922e+00
7.540000000000000000e+02 7.550000000000000000e+02 1.190820101000000086e+01 1.035430016999999925e+00
7.550000000000000000e+02 7.560000000000000000e+02 9.892002339999999450e+00 1.130913177000000047e+00
7.560000000000000000e+02 7.570000000000000000e+02 9.006966359999999838e+00 8.776145969999999963e-01
7.570000000000000000e+02 7.580000000000000000e+02 9.037487220000000931e+00 8.928680140000000431e-01
7.580000000000000000e+02 7.590000000000000000e+02 5.816311050000000371e+00 7.385039669999999834e-01
7.590000000000000000e+02 7.600000000000000000e+02 1.349358486000000035e+01 1.726692482999999889e+00
7.600000000000000000e+02 7.610000000000000000e+02 2.146409543000000042e+01 1.820869166999999900e+00
7.610000000000000000e+02 7.620000000000000000e+02 1.453228254999999969e+01 1.418565547000000038e+00
7.620000000000000000e+02 7.630000000000000000e+02 1.423580096999999967e+01 1.404102262999999962e+00
7.630000000000000000e+02 7.640000000000000000e+02 1.381084032000000050e+01 1.248243556000000032e+00
7.640000000000000000e+02 7.650000000000000000e+02 1.347368769999999927e+01 1.268013838999999976e+00
7.650000000000000000e+02 7.660000000000000000e+02 1.059647663000000151e+01 1.037487489999999957e+00
7.660000000000000000e+02 7.670000000000000000e+02 8.555732669999999374e+00 1.027109682000000079e+00
7.670000000000000000e+02 7.680000000000000000e+02 1.012052152000000049e+01 9.188501970000000352e-01
7.680000000000000000e+02 7.690000000000000000e+02 6.984852829999999457e+00 9.544798179999999244e-01
7.690000000000000000e+02 7.700000000000000000e+02 6.481009729999999358e+00 7.694619900000000401e-01
7.700000000000000000e+02 7.710000000000000000e+02 1.770910450999999952e+01 1.470593259000000153e+00
7.710000000000000000e+02 7.720000000000000000e+02 1.475059251000000060e+01 1.821149742999999877e+00
7.720000000000000000e+02 7.730000000000000000e+02 1.556219959999999958e+01 1.312764548999999947e+00
7.730000000000000000e+02 7.740000000000000000e+02 1.646200818000000154e+01 1.479499555999999938e+00
7.740000000000000000e+02 7.750000000000000000e+02 1.399360109000000030e+01 1.331002958000000014e+00
7.750000000000000000e+02 7.760000000000000000e+02 1.180646789999999946e+01 1.142021793000000063e+00
7.760000000000000000e+02 7.770000000000000000e+02 1.066639744000000078e+01 1.065079853999999937e+00
7.770000000000000000e+02 7.780000000000000000e+02 9.992567740000000143e+00 8.440894689999999256e-01
7.780000000000000000e+02 7.790000000000000000e+02 9.403482630000000952e+00 9.725606260000000391e-01
7.790000000000000000e+02 7.800000000000000000e+02 7.315373469999999934e+00 7.812920709999999769e-01
7.800000000000000000e+02 7.810000000000000000e+02 8.491745930000000442e+00 8.263406749999999690e-01
7.810000000000000000e+02 7.820000000000000000e+02 1.488108590000000042e+01 1.570228113999999842e+00
7.820000000000000000e+02 7.830000000000000000e+02 1.648822436000000025e+01 1.510291956999999963e+00
7.830000000000000000e+02 7.840000000000000000e+02 1.480812560999999938e+01 1.364186109000000036e+00
7.840000000000000000e+02 7.850000000000000000e+02 1.318379953999999898e+01 1.412488780999999971e+00
7.850000000000000000e+02 7.860000000000000000e+02 1.428148805000000010e+01 1.319908289999999873e+00
7.860000000000000000e+02 7.870000000000000000e+02 1.119270603999999913e+01 1.241938954999999956e+00
7.870000000000000000e+02 7.880000000000000000e+02 9.610414020000000335e+00 1.101790974000000034e+00
7.880000000000000000e+02 7.890000000000000000e+02 1.026406672999999969e+01 1.111428882999999868e+00
7.890000000000000000e+02 7.900000000000000000e+02 9.099162059999999386e+00 1.039514561999999920e+00
7.900000000000000000e+02 7.910000000000000000e+02 7.649782239999999511e+00 7.653779350000000647e-01
7.910000000000000000e+02 7.920000000000000000e+02 5.552971829999999720e+00 8.546368770000000170e-01
7.920000000000000000e+02 7.930000000000000000e+02 1.836165878999999990e+01 1.621341292999999961e+00
7.930000000000000000e+02 7.940000000000000000e+02 1.277117557999999953e+01 1.505258476999999928e+00
7.940000000000000000e+02 7.950000000000000000e+02 1.323694828000000001e+01 1.500614601999999964e+00
7.950000000000000000e+02 7.960000000000000000e+02 1.484135829999999956e+01 1.352036462999999911e+00
7.960000000000000000e+02 7.970000000000000000e+02 1.168310701999999957e+01 1.290429939999999887e+00
7.970000000000000000e+02 7.980000000000000000e+02 1.185631148999999951e+01 1.227686373000000053e+00
7.980000000000000000e+02 7.990000000000000000e+02 1.095474785000000040e+01 1.068568857000000039e+00
7.990000000000000000e+02 8.000000000000000000e+02 9.847691340000000793e+00 1.015564052999999856e+00
8.000000000000000000e+02 8.010000000000000000e+02 9.684803690000000742e+00 9.411764650000000731e-01
8.010000000000000000e+02 8.020000000000000000e+02 7.281436490000000816e+00 8.100997620000000010e-01
8.020000000000000000e+02 8.030000000000000000e+02 4.886895660000000419e+00 7.018945290000000448e-01
8.030000000000000000e+02 8.040000000000000000e+02 1.434547496000000066e+01 1.540969420000000145e+00
8.040000000000000000e+02 8.050000000000000000e+02 1.219610682999999973e+01 1.459066524000000031e+00
8.050000000000000000e+02 8.060000000000000000e+02 1.418501382999999905e+01 1.396996780000000049e+00
8.060000000000000000e+02 8.070000000000000000e+02 1.389158433000000059e+01 1.429280389000000095e+00
8.070000000000000000e+02 8.080000000000000000e+02 1.250885874999999992e+01 1.309729973000000047e+00
8.080000000000000000e+02 8.090000000000000000e+02 9.537842410000001436e+00 1.267824728999999984e+00
8.090000000000000000e+02 8.100000000000000000e+02 1.075487582999999958e+01 1.076523463000000014e+00
8.100000000000000000e+02 8.110000000000000000e+02 8.734704439999999792e+00 1.009496578999999894e+00
8.110000000000000000e+02 8.120000000000000000e+02 7.932823199999999630e+00 9.710383879999999746e-01
8.120000000000000000e+02 8.130000000000000000e+02 4.855189239999999629e+00 7.287461559999999228e-01
8.130000000000000000e+02 8.140000000000000000e+02 5.279846939999999655e+00 7.805032210000000248e-01
8.140000000000000000e+02 8.150000000000000000e+02 1.536711640000000045e+01 1.434752065999999937e+00
8.150000000000000000e+02 8.160000000000000000e+02 1.348328623999999820e+01 1.619839647000000049e+00
8.160000000000000000e+02 8.170000000000000000e+02 1.315488116999999946e+01 1.436965510999999918e+00
8.170000000000000000e+02 8.180000000000000000e+02 1.194373938000000024e+01 1.277377017999999920e+00
8.180000000000000000e+02 8.190000000000000000e+02 1.202769793000000043e+01 1.286327607000000040e+00
8.190000000000000000e+02 8.200000000000000000e+02 1.038037805999999996e+01 1.126368684000000009e+00
8.200000000000000000e+02 8.210000000000000000e+02 1.348828130999999964e+01 1.205142494999999814e+00
8.210000000000000000e+02 8.220000000000000000e+02 9.751060999999999979e+00 9.877142150000000065e-01
8.220000000000000000e+02 8.230000000000000000e+02 7.589228010000000246e+00 9.380062860000000224e-01
8.230000000000000000e+02 8.240000000000000000e+02 7.218056210000000306e+00 6.670810879999999887e-01
8.240000000000000000e+02 8.250000000000000000e+02 5.501637080000000068e+00 7.039914160000000365e-01
8.250000000000000000e+02 8.260000000000000000e+02 1.322501099999999852e+01 1.690861433000000025e+00
8.260000000000000000e+02 8.270000000000000000e+02 1.302278044000000001e+01 1.367479823000000039e+00
8.270000000000000000e+02 8.280000000000000000e+02 1.664721386000000081e+01 1.435862773999999842e+00
8.280000000000000000e+02 8.290000000000000000e+02 1.163234440999999997e+01 1.375587965000000024e+00
8.290000000000000000e+02 8.300000000000000000e+02 1.080475801999999952e+01 1.345026556999999956e+00
8.300000000000000000e+02 8.310000000000000000e+02 1.110765537999999886e+01 1.192835282000000108e+00
8.310000000000000000e+02 8.320000000000000000e+02 9.489646669999999062e+00 1.112671780000000110e+00
8.320000000000000000e+02 8.330000000000000000e+02 9.451667370000000901e+00 9.568668110000000393e-01
8.330000000000000000e+02 8.340000000000000000e+02 7.134824840000000279e+00 9.055499949999999965e-01
8.340000000000000000e+02 8.350000000000000000e+02 5.928194159999999435e+00 6.914061270000000370e-01
8.350000000000000000e+02 8.360000000000000000e+02 5.121465829999999997e+00 7.355792180000000346e-01
8.360000000000000000e+02 8.370000000000000000e+02 1.566507333000000024e+01 1.562639012999999855e+00
8.370000000000000000e+02 8.380000000000000000e+02 1.374827660999999956e+01 1.244066284000000078e+00
8.380000000000000000e+02 8.390000000000000000e+02 1.238549723000000036e+01 1.453902822999999955e+00
8.390000000000000000e+02 8.400000000000000000e+02 1.515029299000000051e+01 1.248299494000000065e+00
8.400000000000000000e+02 8.410000000000000000e+02 1.378389569000000137e+01 1.221760301999999854e+00
8.410000000000000000e+02 8.420000000000000000e+02 1.296357204000000074e+01 1.096910735000000026e+00
8.420000000000000000e+02 8.430000000000000000e+02 8.897515139999999434e+00 1.186988646000000092e+00
8.430000000000000000e+02 8.440000000000000000e+02 8.576588010000000040e+00 9.907554399999999317e-01
8.440000000000000000e+02 8.450000000000000000e+02 7.865402640000000112e+00 8.032412579999999025e-01
8.450000000000000000e+02 8.460000000000000000e+02 7.631680949999999797e+00 7.035750849999999890e-01
8.460000000000000000e+02 8.470000000000000000e+02 5.202600959999999830e+00 7.141207830000000367e-01
8.470000000000000000e+02 8.480000000000000000e+02 1.339946047000000107e+01 1.448176829999999971e+00
8.480000000000000000e+02 8.490000000000000000e+02 1.427006639000000021e+01 1.418230360000000134e+00
8.490000000000000000e+02 8.500000000000000000e+02 1.254557969000000028e+01 1.345980775000000129e+00
8.500000000000000000e+02 8.510000000000000000e+02 1.113773806000000022e+01 1.206319641999999970e+00
8.510000000000000000e+02 8.520000000000000000e+02 1.268258186999999992e+01 1.249327907999999931e+00
8.520000000000000000e+02 8.530000000000000000e+02 9.593152449999999831e+00 1.119161401999999805e+00
8.530000000000000000e+02 8.540000000000000000e+02 1.077208002999999970e+01 1.215088651999999936e+00
8.540000000000000000e+02 8.550000000000000000e+02 7.520415210000000350e+00 9.933996349999999476e-01
8.550000000000000000e+02 8.560000000000000000e+02 8.601347220000000959e+00 7.168154060000000438e-01
8.560000000000000000e+02 8.570000000000000000e+02 6.457249059999999652e+00 8.130123719999999832e-01
8.570000000000000000e+02 8.580000000000000000e+02 5.380815760000000836e+00 6.328095100000000750e-01
8.580000000000000000e+02 8.590000000000000000e+02 1.510851852000000051e+01 1.470474084000000126e+00
8.590000000000000000e+02 8.600000000000000000e+02 1.494060191999999887e+01 1.300732087999999953e+00
8.600000000000000000e+02 8.610000000000000000e+02 1.523053150999999872e+01 1.535322370000000047e+00
8.610000000000000000e+02 8.620000000000000000e+02 1.481961570999999900e+01 1.221892270000000114e+00
8.620000000000000000e+02 8.630000000000000000e+02 1.210765866000000024e+01 1.099137478000000057e+00
8.630000000000000000e+02 8.640000000000000000e+02 9.278022480000000627e+00 1.113844292000000014e+00
8.640000000000000000e+02 8.650000000000000000e+02 9.171766500000000377e+00 1.111660938999999848e+00
8.650000000000000000e+02 8.660000000000000000e+02 7.974123740000000460e+00 9.507448569999999988e-01
8.660000000000000000e+02 8.670000000000000000e+02 7.292533390000000004e+00 7.332391019999999759e-01
8.670000000000000000e+02 8.680000000000000000e+02 5.310662309999999664e+00 7.222984310000000185e-01
8.680000000000000000e+02 8.690000000000000000e+02 5.567618999999999652e+00 6.633641780000000265e-01
8.690000000000000000e+02 8.700000000000000000e+02 1.181663820999999892e+01 1.345542044999999964e+00
8.700000000000000000e+02 8.710000000000000000e+02 1.247855026000000045e+01 1.342023713999999979e+00
8.710000000000000000e+02 8.720000000000000000e+02 1.410593770999999919e+01 1.442181852000000042e+00
8.720000000000000000e+02 8.730000000000000000e+02 1.000922593000000127e+01 1.384627797999999910e+00
8.730000000000000000e+02 8.740000000000000000e+02 1.078347869999999986e+01 1.227625394000000147e+00
8.740000000000000000e+02 8.750000000000000000e+02 1.163256733000000054e+01 9.967102349999999999e-01
8.750000000000000000e+02 8.760000000000000000e+02 1.030541136999999985e+01 1.069328674000000090e+00
8.760000000000000000e+02 8.770000000000000000e+02 9.139047330000000358e+00 8.770204339999999599e-01
8.770000000000000000e+02 8.780000000000000000e+02 6.040554199999999874e+00 7.621245089999999500e-01
8.780000000000000000e+02 8.790000000000000000e+02 8.292231240000001335e+00 7.401378189999999746e-01
8.790000000000000000e+02 8.800000000000000000e+02 6.296354039999999763e+00 6.564873900000000040e-01
8.800000000000000000e+02 8.810000000000000000e+02 1.228109347999999912e+01 1.281834160999999916e+00
8.810000000000000000e+02 8.820000000000000000e+02 1.167808415000000011e+01 1.367190265000000071e+00
8.820000000000000000e+02 8.830000000000000000e+02 1.126384423000000012e+01 1.240027082999999974e+00
8.830000000000000000e+02 8.840000000000000000e+02 1.207959832999999961e+01 1.181372598999999912e+00
8.840000000000000000e+02 8.850000000000000000e+02 9.206764760000000436e+00 1.183245582000000073e+00
8.850000000000000000e+02 8.860000000000000000e+02 1.055724400999999979e+01 1.111508372999999938e+00
8.860000000000000000e+02 8.870000000000000000e+02 1.147483466999999990e+01 1.053571105000000063e+00
8.870000000000000000e+02 8.880000000000000000e+02 8.988135870000000693e+00 9.672970129999999278e-01
8.880000000000000000e+02 8.890000000000000000e+02 5.930566449999999712e+00 7.624850000000000794e-01
8.890000000000000000e+02 8.900000000000000000e+02 5.719935480000000183e+00 7.713021020000000449e-01
8.900000000000000000e+02 8.910000000000000000e+02 5.173413560000000189e+00 6.170026140000000048e-01
8.910000000000000000e+02 8.920000000000000000e+02 1.145175550999999992e+01 1.340828518999999996e+00
8.920000000000000000e+02 8.930000000000000000e+02 1.181238966999999995e+01 1.243678735000000035e+00
8.930000000000000000e+02 8.940000000000000000e+02 1.318155863999999866e+01 1.423136168999999951e+00
8.940000000000000000e+02 8.950000000000000000e+02 1.117205977000000061e+01 1.234698157000000185e+00
8.950000000000000000e+02 8.960000000000000000e+02 9.280848879999998857e+00 1.195497647000000052e+00
8.960000000000000000e+02 8.970000000000000000e+02 1.005434914999999840e+01 1.047889340000000002e+00
8.970000000000000000e+02 8.980000000000000000e+02 7.413830869999999962e+00 1.038799066000000160e+00
8.980000000000000000e+02 8.990000000000000000e+02 6.982527239999999580e+00 9.255123670000000580e-01
8.990000000000000000e+02 9.000000000000000000e+02 7.497091160000000087e+00 7.289013629999999688e-01
9.000000000000000000e+02 9.010000000000000000e+02 5.556051819999999530e+00 7.880458330000000844e-01
9.010000000000000000e+02 9.020000000000000000e+02 4.326581349999999659e+00 6.478754370000000540e-01
9.020000000000000000e+02 9.030000000000000000e+02 1.312761388000000018e+01 1.294594456999999865e+00
9.030000000000000000e+02 9.040000000000000000e+02 1.498370085999999901e+01 1.260301555000000073e+00
9.040000000000000000e+02 9.050000000000000000e+02 1.198101108000000004e+01 1.335289087000000041e+00
9.050000000000000000e+02 9.060000000000000000e+02 1.199644112000000007e+01 1.181306614000000144e+00
9.060000000000000000e+02 9.070000000000000000e+02 1.047858311999999970e+01 1.070044734999999969e+00
9.070000000000000000e+02 9.080000000000000000e+02 1.066963022999999922e+01 1.026018034999999884e+00
9.080000000000000000e+02 9.090000000000000000e+02 9.493327000000000737e+00 9.519316490000000464e-01
9.090000000000000000e+02 9.100000000000000000e+02 7.934921099999999505e+00 9.809995810000000649e-01
9.100000000000000000e+02 9.110000000000000000e+02 7.622343069999999443e+00 7.741316550000000296e-01
9.110000000000000000e+02 9.120000000000000000e+02 5.699984719999999783e+00 6.698433030000000565e-01
9.120000000000000000e+02 9.130000000000000000e+02 5.688919320000000113e+00 6.093623350000000327e-01
9.130000000000000000e+02 9.140000000000000000e+02 1.274727807000000013e+01 1.447499356000000015e+00
9.140000000000000000e+02 9.150000000000000000e+02 9.934033640000000887e+00 1.375538523999999985e+00
9.150000000000000000e+02 9.160000000000000000e+02 1.130017470999999851e+01 1.192600433999999821e+00
9.160000000000000000e+02 9.170000000000000000e+02 9.180432259999999900e+00 1.179609082000000031e+00
9.170000000000000000e+02 9.180000000000000000e+02 1.268281296000000147e+01 1.016185281000000051e+00
9.180000000000000000e+02 9.190000000000000000e+02 1.019341239999999971e+01 1.074323949000000056e+00
9.190000000000000000e+02 9.200000000000000000e+02 6.458463670000000434e+00 9.110167049999999822e-01
9.200000000000000000e+02 9.210000000000000000e+02 9.114945760000001229e+00 9.040423250000000355e-01
9.210000000000000000e+02 9.220000000000000000e+02 6.491128360000000264e+00 9.912132790000000027e-01
9.220000000000000000e+02 9.230000000000000000e+02 6.030584269999999414e+00 7.198536620000000052e-01
9.230000000000000000e+02 9.240000000000000000e+02 4.105382019999999521e+00 5.889223319999999928e-01
9.240000000000000000e+02 9.250000000000000000e+02 1.116911688000000069e+01 1.268473321000000098e+00
9.250000000000000000e+02 9.260000000000000000e+02 1.077209058000000041e+01 1.287245817000000070e+00
9.260000000000000000e+02 9.270000000000000000e+02 1.259468339000000014e+01 1.216755410999999842e+00
9.270000000000000000e+02 9.280000000000000000e+02 1.058992519999999971e+01 1.037807185999999993e+00
9.280000000000000000e+02 9.290000000000000000e+02 9.919120949999999937e+00 1.172725919999999977e+00
9.290000000000000000e+02 9.300000000000000000e+02 1.028316839000000016e+01 9.892769509999999045e-01
9.300000000000000000e+02 9.310000000000000000e+02 8.955503779999999026e+00 9.798588350000000391e-01
9.310000000000000000e+02 9.320000000000000000e+02 6.907519980000000004e+00 8.923819330000000161e-01
9.320000000000000000e+02 9.330000000000000000e+02 5.386678110000000075e+00 7.310310859999999966e-01
9.330000000000000000e+02 9.340000000000000000e+02 4.609193390000000612e+00 7.377976669999999348e-01
9.340000000000000000e+02 9.350000000000000000e+02 2.598597489999999954e+00 7.362030630000000464e-01
9.350000000000000000e+02 9.360000000000000000e+02 1.249551373999999981e+01 1.401912535999999987e+00
9.360000000000000000e+02 9.370000000000000000e+02 1.291324524000000018e+01 1.277445630999999970e+00
9.370000000000000000e+02 9.380000000000000000e+02 1.154854124999999954e+01 1.204937806999999861e+00
9.380000000000000000e+02 9.390000000000000000e+02 1.129409576999999842e+01 1.049278590999999983e+00
9.390000000000000000e+02 9.400000000000000000e+02 1.109345219999999976e+01 1.137163590000000113e+00
9.400000000000000000e+02 9.410000000000000000e+02 7.513269119999999468e+00 1.083970415000000020e+00
9.410000000000000000e+02 9.420000000000000000e+02 9.611987870000000100e+00 1.079297686000000089e+00
9.420000000000000000e+02 9.430000000000000000e+02 6.058309839999999724e+00 8.260992400000000124e-01
9.430000000000000000e+02 9.440000000000000000e+02 6.667163069999999969e+00 7.486851860000000025e-01
9.440000000000000000e+02 9.450000000000000000e+02 5.523326329999999729e+00 7.034876800000000596e-01
9.450000000000000000e+02 9.460000000000000000e+02 4.362143870000000589e+00 4.829232900000000051e-01
9.460000000000000000e+02 9.470000000000000000e+02 1.078406101000000028e+01 1.385743744999999860e+00
9.470000000000000000e+02 9.480000000000000000e+02 1.224096506000000062e+01 1.300717384000000143e+00
9.480000000000000000e+02 9.490000000000000000e+02 1.001105594000000032e+01 1.151334124999999986e+00
9.490000000000000000e+02 9.500000000000000000e+02 1.117406638000000108e+01 1.006247548000000158e+00
9.500000000000000000e+02 9.510000000000000000e+02 9.218867949999999922e+00 1.162877947999999995e+00
9.510000000000000000e+02 9.520000000000000000e+02 8.290258259999999879e+00 9.797664609999999774e-01
9.520000000000000000e+02 9.530000000000000000e+02 8.128798269999998993e+00 9.315491569999999610e-01
9.530000000000000000e+02 9.540000000000000000e+02 7.530119449999999937e+00 7.359219409999999684e-01
9.540000000000000000e+02 9.550000000000000000e+02 5.948502379999999867e+00 6.709122109999999806e-01
9.550000000000000000e+02 9.560000000000000000e+02 5.762009560000000086e+00 7.374093419999999677e-01
9.560000000000000000e+02 9.570000000000000000e+02 4.700381510000000596e+00 6.390584980000000304e-01
9.570000000000000000e+02 9.580000000000000000e+02 1.307654400999999922e+01 1.298546774999999931e+00
9.580000000000000000e+02 9.590000000000000000e+02 1.187444056000000003e+01 1.288776047000000036e+00
9.590000000000000000e+02 9.600000000000000000e+02 1.024854290999999940e+01 1.160201778999999878e+00
9.600000000000000000e+02 9.610000000000000000e+02 1.025426069000000062e+01 1.046699234999999950e+00
9.610000000000000000e+02 9.620000000000000000e+02 8.671435980000000043e+00 1.090751285000000070e+00
9.620000000000000000e+02 9.630000000000000000e+02 8.752542919999999782e+00 9.663070390000000343e-01
9.630000000000000000e+02 9.640000000000000000e+02 6.421580930000000187e+00 9.022234519999999813e-01
9.640000000000000000e+02 9.650000000000000000e+02 6.233465129999999910e+00 8.135963859999999492e-01
9.650000000000000000e+02 9.660000000000000000e+02 5.650761519999999649e+00 7.229290839999999996e-01
9.660000000000000000e+02 9.670000000000000000e+02 4.829292099999999976e+00 6.419904080000000679e-01
9.670000000000000000e+02 9.680000000000000000e+02 3.473043029999999920e+00 6.396170249999999502e-01
9.680000000000000000e+02 9.690000000000000000e+02 1.214553717000000077e+01 1.105322321000000052e+00
9.690000000000000000e+02 9.700000000000000000e+02 9.652421750000000245e+00 1.250826129999999869e+00
9.700000000000000000e+02 9.710000000000000000e+02 1.125442340999999935e+01 1.039105474999999945e+00
9.710000000000000000e+02 9.720000000000000000e+02 1.164914137000000061e+01 1.158862090000000178e+00
9.720000000000000000e+02 9.730000000000000000e+02 9.140052999999999983e+00 1.047227458000000055e+00
9.730000000000000000e+02 9.740000000000000000e+02 8.156136350000000590e+00 9.188355729999999610e-01
9.740000000000000000e+02 9.750000000000000000e+02 7.722052810000000100e+00 8.726660350000000621e-01
9.750000000000000000e+02 9.760000000000000000e+02 7.848622749999999648e+00 8.653628669999999801e-01
9.760000000000000000e+02 9.770000000000000000e+02 4.854040440000000345e+00 7.269615449999999868e-01
9.770000000000000000e+02 9.780000000000000000e+02 5.368244459999999663e+00 5.372415669999999199e-01
9.780000000000000000e+02 9.790000000000000000e+02 3.893187940000000236e+00 5.133973819999999577e-01
9.790000000000000000e+02 9.800000000000000000e+02 1.130924482999999903e+01 1.300723261999999991e+00
9.800000000000000000e+02 9.810000000000000000e+02 1.054410885000000064e+01 1.152835709999999958e+00
9.810000000000000000e+02 9.820000000000000000e+02 1.023229125000000117e+01 1.111483156999999888e+00
9.820000000000000000e+02 9.830000000000000000e+02 8.711475169999999935e+00 1.116403322999999892e+00
9.830000000000000000e+02 9.840000000000000000e+02 9.008846510000001473e+00 9.506828449999999986e-01
9.840000000000000000e+02 9.850000000000000000e+02 8.728831280000001414e+00 8.414617049999999487e-01
9.850000000000000000e+02 9.860000000000000000e+02 7.247826359999999468e+00 8.921517850000000305e-01
9.860000000000000000e+02 9.870000000000000000e+02 5.787404020000000315e+00 8.234929699999999908e-01
9.870000000000000000e+02 9.880000000000000000e+02 4.527893090000000065e+00 6.877938659999999205e-01
9.880000000000000000e+02 9.890000000000000000e+02 5.550002390000000396e+00 6.592720440000000570e-01
9.890000000000000000e+02 9.900000000000000000e+02 4.550540419999999919e+00 5.985669750000000011e-01
9.900000000000000000e+02 9.910000000000000000e+02 1.016656895999999932e+01 1.187831821000000065e+00
9.910000000000000000e+02 9.920000000000000000e+02 1.197596594999999908e+01 1.223480271000000119e+00
9.920000000000000000e+02 9.930000000000000000e+02 8.392743360000000763e+00 1.156630476000000129e+00
9.930000000000000000e+02 9.940000000000000000e+02 9.376380000000001047e+00 1.185206755999999917e+00
9.940000000000000000e+02 9.950000000000000000e+02 9.767700620000001166e+00 9.889925269999999546e-01
9.950000000000000000e+02 9.960000000000000000e+02 8.505541819999999475e+00 9.352261689999999961e-01
9.960000000000000000e+02 9.970000000000000000e+02 9.110452629999999274e+00 9.074745509999999626e-01
9.970000000000000000e+02 9.980000000000000000e+02 6.015451760000000370e+00 9.216298529999999989e-01
9.980000000000000000e+02 9.990000000000000000e+02 6.006909859999999490e+00 7.425508069999999794e-01
9.990000000000000000e+02 1.000000000000000000e+03 4.649628639999999535e+00 6.398297499999999749e-01
1.000000000000000000e+03 1.001000000000000000e+03 3.940002799999999805e+00 5.312209720000000690e-01
1.001000000000000000e+03 1.002000000000000000e+03 1.019876039000000034e+01 1.214661086999999862e+00
1.002000000000000000e+03 1.003000000000000000e+03 9.947517700000000573e+00 9.713605519999999327e-01
1.003000000000000000e+03 1.004000000000000000e+03 1.006517636000000060e+01 1.005301202999999921e+00
1.004000000000000000e+03 1.005000000000000000e+03 8.393951229999998986e+00 1.074974816999999971e+00
1.005000000000000000e+03 1.006000000000000000e+03 8.746504599999999741e+00 1.029539713999999995e+00
1.006000000000000000e+03 1.007000000000000000e+03 7.868472299999999642e+00 1.051839412999999945e+00
1.007000000000000000e+03 1.008000000000000000e+03 7.416933450000000150e+00 9.414774960000000803e-01
1.008000000000000000e+03 1.009000000000000000e+03 6.786128660000000146e+00 7.208794749999999363e-01
1.009000000000000000e+03 1.010000000000000000e+03 5.890874100000000446e+00 7.259923990000000105e-01
1.010000000000000000e+03 1.011000000000000000e+03 6.093906360000000078e+00 6.527425119999999970e-01
1.011000000000000000e+03 1.012000000000000000e+03 -5.716572349999999858e-01 5.628212400000000004e-01
1.012000000000000000e+03 1.013000000000000000e+03 1.114429102999999976e+01 1.124976825999999930e+00
1.013000000000000000e+03 1.014000000000000000e+03 1.072715627999999910e+01 1.174389460999999857e+00
1.014000000000000000e+03 1.015000000000000000e+03 1.062549552000000119e+01 1.044696289000000000e+00
1.015000000000000000e+03 1.016000000000000000e+03 8.478940560000001625e+00 1.242473162000000020e+00
1.016000000000000000e+03 1.017000000000000000e+03 8.419827610000000462e+00 9.516455869999999040e-01
1.017000000000000000e+03 1.018000000000000000e+03 7.991740930000000631e+00 9.010050819999999572e-01
1.018000000000000000e+03 1.019000000000000000e+03 7.372494950000000102e+00 8.162246019999999103e-01
1.019000000000000000e+03 1.020000000000000000e+03 7.604419969999999473e+00 7.396052199999999521e-01
1.020000000000000000e+03 1.021000000000000000e+03 5.793602860000000021e+00 6.788057509999999573e-01
1.021000000000000000e+03 1.022000000000000000e+03 3.297181517999999922e+00 5.987907199999999985e-01
1.022000000000000000e+03 1.023000000000000000e+03 3.171339823999999918e+00 4.929414010000000013e-01
1.023000000000000000e+03 1.024000000000000000e+03 1.015401555999999950e+01 1.311051157000000078e+00
1.024000000000000000e+03 1.025000000000000000e+03 1.165229367999999965e+01 1.043401779999999945e+00
1.025000000000000000e+03 1.026000000000000000e+03 1.111110352000000034e+01 1.061006328999999804e+00
1.026000000000000000e+03 1.027000000000000000e+03 9.156019350000001111e+00 9.832841320000000884e-01
1.027000000000000000e+03 1.028000000000000000e+03 7.725400660000000030e+00 9.216979700000000886e-01
1.028000000000000000e+03 1.029000000000000000e+03 6.913634559999999318e+00 7.972126769999999807e-01
1.029000000000000000e+03 1.030000000000000000e+03 6.962928009999999723e+00 9.105980339999999451e-01
1.030000000000000000e+03 1.031000000000000000e+03 5.419894690000000459e+00 7.055766909999999781e-01
1.031000000000000000e+03 1.032000000000000000e+03 4.895165030000000250e+00 6.814882110000000104e-01
1.032000000000000000e+03 1.033000000000000000e+03 2.687255809000000273e+00 6.834956229999999966e-01
1.033000000000000000e+03 1.034000000000000000e+03 3.522409827000000160e+00 4.939354479999999992e-01
1.034000000000000000e+03 1.035000000000000000e+03 1.068663278000000005e+01 9.604003079999999803e-01
1.035000000000000000e+03 1.036000000000000000e+03 1.046885752000000025e+01 8.667931239999999704e-01
1.036000000000000000e+03 1.037000000000000000e+03 9.755865740000000841e+00 8.748764759999999585e-01
1.037000000000000000e+03 1.038000000000000000e+03 8.704526659999999083e+00 8.025199559999999233e-01
1.038000000000000000e+03 1.039000000000000000e+03 7.902299059999999820e+00 7.897842360000000284e-01
1.039000000000000000e+03 1.040000000000000000e+03 6.875441970000000680e+00 7.259001259999999789e-01
1.040000000000000000e+03 1.041000000000000000e+03 6.885600870000000207e+00 6.464626480000000841e-01
1.041000000000000000e+03 1.042000000000000000e+03 5.789122719999999944e+00 5.647152800000000417e-01
1.042000000000000000e+03 1.043000000000000000e+03 4.875661349999999672e+00 5.081161949999999372e-01
1.043000000000000000e+03 1.044000000000000000e+03 3.727874610000000200e+00 4.667594250000000056e-01
1.044000000000000000e+03 1.045000000000000000e+03 3.194763688000000101e+00 4.202323370000000113e-01
1.045000000000000000e+03 1.046000000000000000e+03 9.956251869999999116e+00 8.786037589999999842e-01
1.046000000000000000e+03 1.047000000000000000e+03 1.042664109000000039e+01 8.852065759999999672e-01
1.047000000000000000e+03 1.048000000000000000e+03 9.671448540000000094e+00 8.431424809999999992e-01
1.048000000000000000e+03 1.049000000000000000e+03 7.891185809999999634e+00 7.997866409999999648e-01
1.049000000000000000e+03 1.050000000000000000e+03 8.305437839999999738e+00 8.021562810000000265e-01
1.050000000000000000e+03 1.051000000000000000e+03 7.351456199999999441e+00 7.072972849999999978e-01
1.051000000000000000e+03 1.052000000000000000e+03 5.999897419999999926e+00 5.885677890000000634e-01
1.052000000000000000e+03 1.053000000000000000e+03 5.800958110000000723e+00 5.877268359999999747e-01
1.053000000000000000e+03 1.054000000000000000e+03 4.576953810000000011e+00 5.041989829999999895e-01
1.054000000000000000e+03 1.055000000000000000e+03 3.768790269999999776e+00 4.663364810000000249e-01
1.055000000000000000e+03 1.056000000000000000e+03 3.092084621999999783e+00 4.301704980000000123e-01
1.056000000000000000e+03 1.057000000000000000e+03 8.679062820000000400e+00 9.302868060000000217e-01
1.057000000000000000e+03 1.058000000000000000e+03 9.957295690000000477e+00 9.411719679999999144e-01
1.058000000000000000e+03 1.059000000000000000e+03 9.571793369999999967e+00 7.499144189999999988e-01
1.059000000000000000e+03 1.060000000000000000e+03 9.816535979999999384e+00 8.320283090000000215e-01
1.060000000000000000e+03 1.061000000000000000e+03 6.709672190000000036e+00 8.294930780000000503e-01
1.061000000000000000e+03 1.062000000000000000e+03 7.366517369999999509e+00 6.402830360000000276e-01
1.062000000000000000e+03 1.063000000000000000e+03 5.775910190000000277e+00 6.102842459999999747e-01
1.063000000000000000e+03 1.064000000000000000e+03 5.252746700000000324e+00 6.301204099999999642e-01
1.064000000000000000e+03 1.065000000000000000e+03 6.149462000000000650e+00 5.489334489999999622e-01
1.065000000000000000e+03 1.066000000000000000e+03 4.571984009999999543e+00 4.794327720000000070e-01
1.066000000000000000e+03 1.067000000000000000e+03 3.273237911000000278e+00 3.830143878999999751e-01
1.067000000000000000e+03 1.068000000000000000e+03 1.062716440999999890e+01 8.785497529999999333e-01
1.068000000000000000e+03 1.069000000000000000e+03 9.344776680000000724e+00 8.648204489999999911e-01
1.069000000000000000e+03 1.070000000000000000e+03 8.450135660000000826e+00 7.937242460000000221e-01
1.070000000000000000e+03 1.071000000000000000e+03 7.882202430000000426e+00 9.101247089999999762e-01
1.071000000000000000e+03 1.072000000000000000e+03 8.360305639999999983e+00 6.682926540000000415e-01
1.072000000000000000e+03 1.073000000000000000e+03 6.190908240000000617e+00 6.418042330000000018e-01
1.073000000000000000e+03 1.074000000000000000e+03 6.713886669999999945e+00 6.432100219999999924e-01
1.074000000000000000e+03 1.075000000000000000e+03 5.295247800000000282e+00 6.054500179999999787e-01
1.075000000000000000e+03 1.076000000000000000e+03 4.694428190000000001e+00 5.221569010000000066e-01
1.076000000000000000e+03 1.077000000000000000e+03 3.570900420000000075e+00 4.375506989999999874e-01
1.077000000000000000e+03 1.078000000000000000e+03 2.764535888000000163e+00 4.341317249999999683e-01
1.078000000000000000e+03 1.079000000000000000e+03 9.584532429999999437e+00 8.951481190000000199e-01
1.079000000000000000e+03 1.080000000000000000e+03 8.586317059999998946e+00 9.143403159999999863e-01
1.080000000000000000e+03 1.081000000000000000e+03 1.002105371999999939e+01 8.116655569999999820e-01
1.081000000000000000e+03 1.082000000000000000e+03 8.562745680000000803e+00 8.158474249999999595e-01
1.082000000000000000e+03 1.083000000000000000e+03 7.883856449999999683e+00 7.056509539999999969e-01
1.083000000000000000e+03 1.084000000000000000e+03 7.458189739999999901e+00 6.151512749999999974e-01
1.084000000000000000e+03 1.085000000000000000e+03 5.162551020000000435e+00 5.962134459999999248e-01
1.085000000000000000e+03 1.086000000000000000e+03 5.756761680000000325e+00 5.564369650000000611e-01
1.086000000000000000e+03 1.087000000000000000e+03 5.079307470000000713e+00 5.241470400000000085e-01
1.087000000000000000e+03 1.088000000000000000e+03 4.123333629999999417e+00 4.218833560000000427e-01
1.088000000000000000e+03 1.089000000000000000e+03 3.456536770000000036e+00 4.336188230000000421e-01
1.089000000000000000e+03 1.090000000000000000e+03 9.751897030000000299e+00 8.938061099999999870e-01
1.090000000000000000e+03 1.091000000000000000e+03 8.539971229999999025e+00 8.820267440000000292e-01
1.091000000000000000e+03 1.092000000000000000e+03 9.122986810000000446e+00 8.245651150000000706e-01
1.092000000000000000e+03 1.093000000000000000e+03 8.205448179999999425e+00 7.723262989999999384e-01
1.093000000000000000e+03 1.094000000000000000e+03 7.946773939999999925e+00 7.113220420000000432e-01
1.094000000000000000e+03 1.095000000000000000e+03 5.864846520000000396e+00 5.670379030000000098e-01
1.095000000000000000e+03 1.096000000000000000e+03 6.702339980000000530e+00 5.547646450000000007e-01
1.096000000000000000e+03 1.097000000000000000e+03 5.535339250000000710e+00 5.461992039999999937e-01
1.097000000000000000e+03 1.098000000000000000e+03 3.740976950000000301e+00 5.439079430000000048e-01
1.098000000000000000e+03 1.099000000000000000e+03 3.725679920000000145e+00 4.707539869999999849e-01
1.099000000000000000e+03 1.100000000000000000e+03 2.693883191999999926e+00 3.659470870000000042e-01
1.100000000000000000e+03 1.101000000000000000e+03 8.484995819999999966e+00 7.906122060000000396e-01
1.101000000000000000e+03 1.102000000000000000e+03 9.075481030000000615e+00 8.193565699999999508e-01
1.102000000000000000e+03 1.103000000000000000e+03 8.475749620000000206e+00 7.900523279999999149e-01
1.103000000000000000e+03 1.104000000000000000e+03 8.544012109999998827e+00 8.097049169999999130e-01
1.104000000000000000e+03 1.105000000000000000e+03 7.054741640000000480e+00 7.132041340000000451e-01
1.105000000000000000e+03 1.106000000000000000e+03 7.742713440000000169e+00 6.597385909999999853e-01
1.106000000000000000e+03 1.107000000000000000e+03 6.319731449999999917e+00 5.836161330000000369e-01
1.107000000000000000e+03 1.108000000000000000e+03 5.777597590000000061e+00 5.301140209999999353e-01
1.108000000000000000e+03 1.109000000000000000e+03 5.591116079999999933e+00 4.933962599999999754e-01
1.109000000000000000e+03 1.110000000000000000e+03 3.905263000000000151e+00 4.155076460000000083e-01
1.110000000000000000e+03 1.111000000000000000e+03 3.777813480000000279e+00 3.490767147999999653e-01
1.111000000000000000e+03 1.112000000000000000e+03 8.472010210000000541e+00 8.806368599999999658e-01
1.112000000000000000e+03 1.113000000000000000e+03 8.741476029999999398e+00 8.813338750000000443e-01
1.113000000000000000e+03 1.114000000000000000e+03 8.868388360000000858e+00 7.185993729999999857e-01
1.114000000000000000e+03 1.115000000000000000e+03 8.214397780000000537e+00 7.363374700000000495e-01
1.115000000000000000e+03 1.116000000000000000e+03 7.916665980000000324e+00 6.614409329999999532e-01
1.116000000000000000e+03 1.117000000000000000e+03 5.978278420000000537e+00 6.431905210000000706e-01
1.117000000000000000e+03 1.118000000000000000e+03 6.010490719999999953e+00 6.496111129999999623e-01
1.118000000000000000e+03 1.119000000000000000e+03 4.342222119999999741e+00 5.609762219999999688e-01
1.119000000000000000e+03 1.120000000000000000e+03 3.397800870000000195e+00 4.892736220000000191e-01
1.120000000000000000e+03 1.121000000000000000e+03 3.156323903000000097e+00 3.918079950000000200e-01
1.121000000000000000e+03 1.122000000000000000e+03 2.918431886000000031e+00 3.445339775999999854e-01
1.122000000000000000e+03 1.123000000000000000e+03 1.040785398000000050e+01 1.060517507999999998e+00
1.123000000000000000e+03 1.124000000000000000e+03 8.055008880000000815e+00 7.841528060000000355e-01
1.124000000000000000e+03 1.125000000000000000e+03 7.715125459999999435e+00 8.226116749999999866e-01
1.125000000000000000e+03 1.126000000000000000e+03 7.758140929999999713e+00 7.527900180000000052e-01
1.126000000000000000e+03 1.127000000000000000e+03 7.465414219999999546e+00 7.038602170000000102e-01
1.127000000000000000e+03 1.128000000000000000e+03 6.435307499999999514e+00 5.856420239999999833e-01
1.128000000000000000e+03 1.129000000000000000e+03 5.762040830000000113e+00 6.503022809999999820e-01
1.129000000000000000e+03 1.130000000000000000e+03 6.322821499999999872e+00 5.031925729999999763e-01
1.130000000000000000e+03 1.131000000000000000e+03 3.729386429999999919e+00 4.474344239999999973e-01
1.131000000000000000e+03 1.132000000000000000e+03 4.098262619999999856e+00 4.153818650000000168e-01
1.132000000000000000e+03 1.133000000000000000e+03 2.981326453999999959e+00 3.580640310000000048e-01
1.133000000000000000e+03 1.134000000000000000e+03 8.916083309999999429e+00 9.635340970000000338e-01
1.134000000000000000e+03 1.135000000000000000e+03 9.459765720000000044e+00 7.910889689999999197e-01
1.135000000000000000e+03 1.136000000000000000e+03 8.656795330000001343e+00 7.930254930000000257e-01
1.136000000000000000e+03 1.137000000000000000e+03 7.834880000000000067e+00 7.312909200000000665e-01
1.137000000000000000e+03 1.138000000000000000e+03 6.620026560000000337e+00 6.186376810000000503e-01
1.138000000000000000e+03 1.139000000000000000e+03 6.505327199999999976e+00 6.897869079999999764e-01
1.139000000000000000e+03 1.140000000000000000e+03 5.783285450000000161e+00 6.686139610000000344e-01
1.140000000000000000e+03 1.141000000000000000e+03 4.047772059999999783e+00 5.331466809999999557e-01
1.141000000000000000e+03 1.142000000000000000e+03 4.439296160000000491e+00 3.969883379999999962e-01
1.142000000000000000e+03 1.143000000000000000e+03 3.995092990000000288e+00 4.871638019999999791e-01
1.143000000000000000e+03 1.144000000000000000e+03 2.826610682999999735e+00 3.858594439999999959e-01
1.144000000000000000e+03 1.145000000000000000e+03 8.077824030000000377e+00 1.038813183000000029e+00
1.145000000000000000e+03 1.146000000000000000e+03 7.333391739999999714e+00 8.047264039999999508e-01
1.146000000000000000e+03 1.147000000000000000e+03 8.370956539999999890e+00 7.645470570000000299e-01
1.147000000000000000e+03 1.148000000000000000e+03 7.502515889999999743e+00 7.632759559999999777e-01
1.148000000000000000e+03 1.149000000000000000e+03 7.080620360000000169e+00 6.683444029999999758e-01
1.149000000000000000e+03 1.150000000000000000e+03 6.099477030000000077e+00 6.577948040000000107e-01
1.150000000000000000e+03 1.151000000000000000e+03 5.806905379999999894e+00 5.897459879999999988e-01
1.151000000000000000e+03 1.152000000000000000e+03 3.621861650000000044e+00 5.626842779999999822e-01
1.152000000000000000e+03 1.153000000000000000e+03 4.656623680000000043e+00 4.941252279999999719e-01
1.153000000000000000e+03 1.154000000000000000e+03 2.756029909000000000e+00 4.678648059999999664e-01
1.154000000000000000e+03 1.155000000000000000e+03 2.887677492000000345e+00 3.395998539999999788e-01
1.155000000000000000e+03 1.156000000000000000e+03 8.511454320000000351e+00 8.254699509999999796e-01
1.156000000000000000e+03 1.157000000000000000e+03 7.775291199999999847e+00 7.593748989999999921e-01
1.157000000000000000e+03 1.158000000000000000e+03 7.185462830000000523e+00 7.028344309999999817e-01
1.158000000000000000e+03 1.159000000000000000e+03 7.066241309999999665e+00 8.441626570000000385e-01
1.159000000000000000e+03 1.160000000000000000e+03 7.054295490000000335e+00 7.771062899999999773e-01
1.160000000000000000e+03 1.161000000000000000e+03 5.989102390000000220e+00 6.473598940000000468e-01
1.161000000000000000e+03 1.162000000000000000e+03 5.766323349999999515e+00 5.541085390000000110e-01
1.162000000000000000e+03 1.163000000000000000e+03 4.131481049999999655e+00 5.020524239999999416e-01
1.163000000000000000e+03 1.164000000000000000e+03 4.337970140000000363e+00 4.911608089999999760e-01
1.164000000000000000e+03 1.165000000000000000e+03 3.590201229999999910e+00 4.225795079999999926e-01
1.165000000000000000e+03 1.166000000000000000e+03 3.167444441999999860e+00 3.596193211000000001e-01
1.166000000000000000e+03 1.167000000000000000e+03 8.132110490000000524e+00 9.148849150000000208e-01
1.167000000000000000e+03 1.168000000000000000e+03 8.398664549999999451e+00 7.458642410000000389e-01
1.168000000000000000e+03 1.169000000000000000e+03 7.098402150000000077e+00 7.661081859999999688e-01
1.169000000000000000e+03 1.170000000000000000e+03 7.013344229999999513e+00 7.764102630000000449e-01
1.170000000000000000e+03 1.171000000000000000e+03 5.756093300000000745e+00 6.822431959999999407e-01
1.171000000000000000e+03 1.172000000000000000e+03 6.770621339999999933e+00 6.812209559999999886e-01
1.172000000000000000e+03 1.173000000000000000e+03 5.779849190000000192e+00 5.734809229999999758e-01
1.173000000000000000e+03 1.174000000000000000e+03 4.842871839999999928e+00 6.308500979999999148e-01
1.174000000000000000e+03 1.175000000000000000e+03 3.948897580000000129e+00 4.542458619999999447e-01
1.175000000000000000e+03 1.176000000000000000e+03 3.410317640000000150e+00 3.638403430000000105e-01
1.176000000000000000e+03 1.177000000000000000e+03 2.491244946000000127e+00 3.273123542999999969e-01
1.177000000000000000e+03 1.178000000000000000e+03 5.722124549999999310e+00 8.623978209999999534e-01
1.178000000000000000e+03 1.179000000000000000e+03 6.146479130000000346e+00 8.795578530000000006e-01
1.179000000000000000e+03 1.180000000000000000e+03 9.269241689999999423e+00 8.079277020000000809e-01
1.180000000000000000e+03 1.181000000000000000e+03 8.335293939999999679e+00 6.475123439999999064e-01
1.181000000000000000e+03 1.182000000000000000e+03 7.422160959999999363e+00 6.757955869999999754e-01
1.182000000000000000e+03 1.183000000000000000e+03 5.918297090000000260e+00 6.436644179999999604e-01
1.183000000000000000e+03 1.184000000000000000e+03 5.267484209999999223e+00 5.602421170000000394e-01
1.184000000000000000e+03 1.185000000000000000e+03 4.195758320000000374e+00 5.656261539999999366e-01
1.185000000000000000e+03 1.186000000000000000e+03 4.604902679999999471e+00 4.417591969999999924e-01
1.186000000000000000e+03 1.187000000000000000e+03 3.224264225999999844e+00 4.252135620000000449e-01
1.187000000000000000e+03 1.188000000000000000e+03 2.570775106999999782e+00 3.412802760999999463e-01
1.188000000000000000e+03 1.189000000000000000e+03 8.917448750000000146e+00 7.766666289999999417e-01
1.189000000000000000e+03 1.190000000000000000e+03 7.875953629999999706e+00 7.925617710000000260e-01
1.190000000000000000e+03 1.191000000000000000e+03 6.752326790000000578e+00 7.668299140000000014e-01
1.191000000000000000e+03 1.192000000000000000e+03 7.526356859999999926e+00 7.200640919999999889e-01
1.192000000000000000e+03 1.193000000000000000e+03 6.559225249999999896e+00 6.397821079999999050e-01
1.193000000000000000e+03 1.194000000000000000e+03 5.011806189999999717e+00 6.374641770000000207e-01
1.194000000000000000e+03 1.195000000000000000e+03 4.906366420000000339e+00 6.118291909999999945e-01
1.195000000000000000e+03 1.196000000000000000e+03 4.413022910000000465e+00 5.013135570000000207e-01
1.196000000000000000e+03 1.197000000000000000e+03 3.978623800000000266e+00 3.896954679999999893e-01
1.197000000000000000e+03 1.198000000000000000e+03 3.324363710000000083e+00 3.912438310000000419e-01
1.198000000000000000e+03 1.199000000000000000e+03 2.824341557999999974e+00 3.578382225000000250e-01
1.199000000000000000e+03 1.200000000000000000e+03 6.946685440000000433e+00 8.348417949999999976e-01
1.200000000000000000e+03 1.201000000000000000e+03 7.400182659999999579e+00 8.260948259999999488e-01
1.201000000000000000e+03 1.202000000000000000e+03 5.614794929999999518e+00 7.631830889999999812e-01
1.202000000000000000e+03 1.203000000000000000e+03 6.352108359999999898e+00 8.069861649999999775e-01
1.203000000000000000e+03 1.204000000000000000e+03 6.616319240000000157e+00 6.346257899999999674e-01
1.204000000000000000e+03 1.205000000000000000e+03 4.572465539999999606e+00 5.478274329999999193e-01
1.205000000000000000e+03 1.206000000000000000e+03 5.266431030000000568e+00 5.692696839999999980e-01
1.206000000000000000e+03 1.207000000000000000e+03 4.767989229999999523e+00 4.773015419999999676e-01
1.207000000000000000e+03 1.208000000000000000e+03 3.641182449999999626e+00 4.480136069999999804e-01
1.208000000000000000e+03 1.209000000000000000e+03 3.162451799999999924e+00 4.442709570000000219e-01
1.209000000000000000e+03 1.210000000000000000e+03 2.685559502999999903e+00 3.625357640000000381e-01
1.210000000000000000e+03 1.211000000000000000e+03 6.978834289999999996e+00 8.301319120000000273e-01
1.211000000000000000e+03 1.212000000000000000e+03 7.263132559999999849e+00 6.979873770000000199e-01
1.212000000000000000e+03 1.213000000000000000e+03 6.496173559999999902e+00 7.101116240000000523e-01
1.213000000000000000e+03 1.214000000000000000e+03 5.967591249999999903e+00 7.140744369999999508e-01
1.214000000000000000e+03 1.215000000000000000e+03 6.154970330000000267e+00 6.924905529999999532e-01
1.215000000000000000e+03 1.216000000000000000e+03 5.744729899999999390e+00 5.274036239999999598e-01
1.216000000000000000e+03 1.217000000000000000e+03 4.561928059999999618e+00 5.947133950000000890e-01
1.217000000000000000e+03 1.218000000000000000e+03 4.230703580000000130e+00 5.449651679999999443e-01
1.218000000000000000e+03 1.219000000000000000e+03 3.119124549999999996e+00 4.697334089999999907e-01
1.219000000000000000e+03 1.220000000000000000e+03 3.325255650999999979e+00 4.316426060000000398e-01
1.220000000000000000e+03 1.221000000000000000e+03 1.625383165000000130e+00 3.331112011999999845e-01
1.221000000000000000e+03 1.222000000000000000e+03 8.039266099999998971e+00 7.905183769999999388e-01
1.222000000000000000e+03 1.223000000000000000e+03 7.779986809999999586e+00 7.312759380000000142e-01
1.223000000000000000e+03 1.224000000000000000e+03 7.017260379999999742e+00 7.374531370000000363e-01
1.224000000000000000e+03 1.225000000000000000e+03 6.607374649999999683e+00 7.310922960000000304e-01
1.225000000000000000e+03 1.226000000000000000e+03 5.854893170000000424e+00 6.084028329999999762e-01
1.226000000000000000e+03 1.227000000000000000e+03 6.024505200000000116e+00 4.894653280000000328e-01
1.227000000000000000e+03 1.228000000000000000e+03 4.691216879999999811e+00 5.605877710000000125e-01
1.228000000000000000e+03 1.229000000000000000e+03 3.420633490000000165e+00 5.393306819999998947e-01
1.229000000000000000e+03 1.230000000000000000e+03 3.430895619999999813e+00 4.996312889999999785e-01
1.230000000000000000e+03 1.231000000000000000e+03 2.146302464000000132e+00 4.511164649999999665e-01
1.231000000000000000e+03 1.232000000000000000e+03 2.569192810000000105e+00 3.275186032999999886e-01
1.232000000000000000e+03 1.233000000000000000e+03 8.923670330000000206e+00 8.056090220000000635e-01
1.233000000000000000e+03 1.234000000000000000e+03 7.210845389999999355e+00 7.011279499999999443e-01
1.234000000000000000e+03 1.235000000000000000e+03 5.198699549999999725e+00 7.714919460000000395e-01
1.235000000000000000e+03 1.236000000000000000e+03 5.908292449999999363e+00 7.423119900000000326e-01
1.236000000000000000e+03 1.237000000000000000e+03 5.408345020000000503e+00 5.854999610000000132e-01
1.237000000000000000e+03 1.238000000000000000e+03 5.224469280000000104e+00 5.118966609999999751e-01
1.238000000000000000e+03 1.239000000000000000e+03 4.489468829999999855e+00 5.437262769999999801e-01
1.239000000000000000e+03 1.240000000000000000e+03 4.759835050000000400e+00 4.414406389999999680e-01
1.240000000000000000e+03 1.241000000000000000e+03 3.030480975000000132e+00 4.118455830000000151e-01
1.241000000000000000e+03 1.242000000000000000e+03 3.199212216999999914e+00 3.612589849999999769e-01
1.242000000000000000e+03 1.243000000000000000e+03 2.327951311000000079e+00 3.116033959999999770e-01
1.243000000000000000e+03 1.244000000000000000e+03 7.865826529999999650e+00 8.398753989999999670e-01
1.244000000000000000e+03 1.245000000000000000e+03 6.069659749999999576e+00 7.361758699999999545e-01
1.245000000000000000e+03 1.246000000000000000e+03 5.960882489999999478e+00 6.953647990000000334e-01
1.246000000000000000e+03 1.247000000000000000e+03 5.670151889999999639e+00 6.973967480000000663e-01
1.247000000000000000e+03 1.248000000000000000e+03 6.274932769999999493e+00 5.931154240000000577e-01
1.248000000000000000e+03 1.249000000000000000e+03 4.179772189999999554e+00 5.601511740000000295e-01
1.249000000000000000e+03 1.250000000000000000e+03 4.233553559999999827e+00 5.393057440000000868e-01
1.250000000000000000e+03 1.251000000000000000e+03 4.446745560000000097e+00 5.027636930000000115e-01
1.251000000000000000e+03 1.252000000000000000e+03 3.739327019999999724e+00 3.653334360000000114e-01
1.252000000000000000e+03 1.253000000000000000e+03 3.125806392999999961e+00 3.839828039999999554e-01
1.253000000000000000e+03 1.254000000000000000e+03 2.648213696000000006e+00 3.161910521999999890e-01
1.254000000000000000e+03 1.255000000000000000e+03 8.240258779999999561e+00 8.423823609999999684e-01
1.255000000000000000e+03 1.256000000000000000e+03 5.974581200000000258e+00 7.578183339999999824e-01
1.256000000000000000e+03 1.257000000000000000e+03 7.404198070000000520e+00 6.862542489999999828e-01
1.257000000000000000e+03 1.258000000000000000e+03 6.585366569999999697e+00 7.027747479999999491e-01
1.258000000000000000e+03 1.259000000000000000e+03 5.186111320000000191e+00 6.575148419999999883e-01
1.259000000000000000e+03 1.260000000000000000e+03 5.954887279999999450e+00 5.671516359999999590e-01
1.260000000000000000e+03 1.261000000000000000e+03 4.504883409999999699e+00 5.372471659999999982e-01
1.261000000000000000e+03 1.262000000000000000e+03 3.657671150000000093e+00 4.847933979999999865e-01
1.262000000000000000e+03 1.263000000000000000e+03 3.358195020000000142e+00 4.505256830000000101e-01
1.263000000000000000e+03 1.264000000000000000e+03 2.345671884000000151e+00 3.619455790000000173e-01
1.264000000000000000e+03 1.265000000000000000e+03 1.353953516000000024e+00 3.446708606000000175e-01
1.265000000000000000e+03 1.266000000000000000e+03 5.963143940000000143e+00 7.953909889999999372e-01
1.266000000000000000e+03 1.267000000000000000e+03 6.764050730000000122e+00 6.562443009999999743e-01
1.267000000000000000e+03 1.268000000000000000e+03 6.493707269999999809e+00 7.022319580000000450e-01
1.268000000000000000e+03 1.269000000000000000e+03 6.859797970000000689e+00 7.499469989999999475e-01
1.269000000000000000e+03 1.270000000000000000e+03 5.577260530000000216e+00 6.083612900000000545e-01
1.270000000000000000e+03 1.271000000000000000e+03 5.285376499999999922e+00 6.025243759999999726e-01
1.271000000000000000e+03 1.272000000000000000e+03 4.551322889999999788e+00 5.600233559999999722e-01
1.272000000000000000e+03 1.273000000000000000e+03 3.736247019999999974e+00 4.939498310000000059e-01
1.273000000000000000e+03 1.274000000000000000e+03 2.909680414999999964e+00 4.047203270000000463e-01
1.274000000000000000e+03 1.275000000000000000e+03 2.722692638999999915e+00 3.408714149999999554e-01
1.275000000000000000e+03 1.276000000000000000e+03 2.246669639999999912e+00 3.004122966000000172e-01
1.276000000000000000e+03 1.277000000000000000e+03 5.587209650000000138e+00 8.447846430000000018e-01
1.277000000000000000e+03 1.278000000000000000e+03 6.301532289999999925e+00 7.186555770000000454e-01
1.278000000000000000e+03 1.279000000000000000e+03 7.150967900000000377e+00 6.878227069999999221e-01
1.279000000000000000e+03 1.280000000000000000e+03 6.100065650000000339e+00 6.774886629999999910e-01
1.280000000000000000e+03 1.281000000000000000e+03 5.837251760000000012e+00 7.232582579999999872e-01
1.281000000000000000e+03 1.282000000000000000e+03 4.815096610000000332e+00 5.824223469999999514e-01
1.282000000000000000e+03 1.283000000000000000e+03 4.163725729999999459e+00 5.885994820000000072e-01
1.283000000000000000e+03 1.284000000000000000e+03 4.026460919999999888e+00 4.808796899999999708e-01
1.284000000000000000e+03 1.285000000000000000e+03 2.690611625000000284e+00 4.165832889999999677e-01
1.285000000000000000e+03 1.286000000000000000e+03 2.976214165000000023e+00 3.741176110000000166e-01
1.286000000000000000e+03 1.287000000000000000e+03 1.958367355000000032e+00 2.611263481999999692e-01
1.287000000000000000e+03 1.288000000000000000e+03 7.390627169999999246e+00 7.782055310000000059e-01
1.288000000000000000e+03 1.289000000000000000e+03 7.448113569999999406e+00 6.727869810000000061e-01
1.289000000000000000e+03 1.290000000000000000e+03 4.987616940000000554e+00 6.649857320000001071e-01
1.290000000000000000e+03 1.291000000000000000e+03 5.663655529999999771e+00 6.835346740000000088e-01
1.291000000000000000e+03 1.292000000000000000e+03 4.674969860000000033e+00 6.346178890000000461e-01
1.292000000000000000e+03 1.293000000000000000e+03 4.697183439999999877e+00 5.401996620000000249e-01
1.293000000000000000e+03 1.294000000000000000e+03 4.932947019999999405e+00 5.343099989999999799e-01
1.294000000000000000e+03 1.295000000000000000e+03 3.519717550000000195e+00 5.258024279999999884e-01
1.295000000000000000e+03 1.296000000000000000e+03 3.582050240000000052e+00 4.356230150000000023e-01
1.296000000000000000e+03 1.297000000000000000e+03 2.987741470000000010e+00 3.758148199999999939e-01
1.297000000000000000e+03 1.298000000000000000e+03 2.093644572000000093e+00 2.837019379999999869e-01
1.298000000000000000e+03 1.299000000000000000e+03 6.547526469999999321e+00 8.240375519999999510e-01
1.299000000000000000e+03 1.300000000000000000e+03 6.768313019999999902e+00 7.591444219999999854e-01
1.300000000000000000e+03 1.301000000000000000e+03 6.720087389999999772e+00 7.131443880000000179e-01
1.301000000000000000e+03 1.302000000000000000e+03 6.080649470000000001e+00 6.784695560000000292e-01
1.302000000000000000e+03 1.303000000000000000e+03 5.255976089999999878e+00 6.455978559999999700e-01
1.303000000000000000e+03 1.304000000000000000e+03 4.312793229999999589e+00 5.622108879999999642e-01
1.304000000000000000e+03 1.305000000000000000e+03 4.922001999999999988e+00 4.656070649999999866e-01
1.305000000000000000e+03 1.306000000000000000e+03 4.164094509999999971e+00 4.279325109999999599e-01
1.306000000000000000e+03 1.307000000000000000e+03 2.819461886000000028e+00 5.018089070000000262e-01
1.307000000000000000e+03 1.308000000000000000e+03 2.657083223999999966e+00 3.867803149999999857e-01
1.308000000000000000e+03 1.309000000000000000e+03 1.711398796999999972e+00 3.162822403000000171e-01
1.309000000000000000e+03 1.310000000000000000e+03 7.208459570000000483e+00 7.561412569999999000e-01
1.310000000000000000e+03 1.311000000000000000e+03 6.809769150000000160e+00 6.593417719999999926e-01
1.311000000000000000e+03 1.312000000000000000e+03 5.181653889999999762e+00 7.272661400000000054e-01
1.312000000000000000e+03 1.313000000000000000e+03 4.535633160000000608e+00 7.129696989999999568e-01
1.313000000000000000e+03 1.314000000000000000e+03 4.813826900000000464e+00 6.446158450000000206e-01
1.314000000000000000e+03 1.315000000000000000e+03 4.645810820000000341e+00 5.513156210000000890e-01
1.315000000000000000e+03 1.316000000000000000e+03 4.723757230000000362e+00 4.909228259999999788e-01
1.316000000000000000e+03 1.317000000000000000e+03 3.773208850000000059e+00 4.719748809999999573e-01
1.317000000000000000e+03 1.318000000000000000e+03 3.175668910000000178e+00 4.453072790000000003e-01
1.318000000000000000e+03 1.319000000000000000e+03 2.629873931999999748e+00 3.542391280000000142e-01
1.319000000000000000e+03 1.320000000000000000e+03 2.140084852000000204e+00 3.179244575000000350e-01
1.320000000000000000e+03 1.321000000000000000e+03 4.799042200000000591e+00 7.347127409999999470e-01
1.321000000000000000e+03 1.322000000000000000e+03 5.888546709999999962e+00 6.301072250000000485e-01
1.322000000000000000e+03 1.323000000000000000e+03 5.762525890000000039e+00 6.347403420000000684e-01
1.323000000000000000e+03 1.324000000000000000e+03 5.262377569999999949e+00 6.204606310000000402e-01
1.324000000000000000e+03 1.325000000000000000e+03 5.388376870000000096e+00 6.727034060000000038e-01
1.325000000000000000e+03 1.326000000000000000e+03 4.212626520000000596e+00 5.806294170000000365e-01
1.326000000000000000e+03 1.327000000000000000e+03 3.293488760000000237e+00 4.946220649999999996e-01
1.327000000000000000e+03 1.328000000000000000e+03 3.116574430000000007e+00 4.869856250000000331e-01
1.328000000000000000e+03 1.329000000000000000e+03 2.625734947999999847e+00 4.480011650000000345e-01
1.329000000000000000e+03 1.330000000000000000e+03 2.127370560000000133e+00 3.566632323000000215e-01
1.330000000000000000e+03 1.331000000000000000e+03 1.992440957999999984e+00 3.166498368999999813e-01
1.331000000000000000e+03 1.332000000000000000e+03 6.161365970000000303e+00 6.714432850000000563e-01
1.332000000000000000e+03 1.333000000000000000e+03 5.375705780000000544e+00 7.176751789999999964e-01
1.333000000000000000e+03 1.334000000000000000e+03 5.731561459999999997e+00 6.645991339999999248e-01
1.334000000000000000e+03 1.335000000000000000e+03 5.494793350000000132e+00 5.839862099999999501e-01
1.335000000000000000e+03 1.336000000000000000e+03 5.232270220000000194e+00 6.358695879999999301e-01
1.336000000000000000e+03 1.337000000000000000e+03 4.878623590000000121e+00 5.113746319999999956e-01
1.337000000000000000e+03 1.338000000000000000e+03 3.813075079999999950e+00 4.606645870000000142e-01
1.338000000000000000e+03 1.339000000000000000e+03 2.960267850000000145e+00 4.616384399999999832e-01
1.339000000000000000e+03 1.340000000000000000e+03 2.935160712999999699e+00 3.826315129999999787e-01
1.340000000000000000e+03 1.341000000000000000e+03 1.998586294999999957e+00 3.516953179999999790e-01
1.341000000000000000e+03 1.342000000000000000e+03 1.471163137999999870e+00 2.912041657999999700e-01
1.342000000000000000e+03 1.343000000000000000e+03 5.628755690000000200e+00 6.868724499999999678e-01
1.343000000000000000e+03 1.344000000000000000e+03 6.272262029999999378e+00 7.132910630000000030e-01
1.344000000000000000e+03 1.345000000000000000e+03 5.364416999999999547e+00 6.491520320000000455e-01
1.345000000000000000e+03 1.346000000000000000e+03 6.762811890000000048e+00 6.136854640000000138e-01
1.346000000000000000e+03 1.347000000000000000e+03 4.865106810000000337e+00 5.949021349999999986e-01
1.347000000000000000e+03 1.348000000000000000e+03 5.166430509999999643e+00 5.015912489999999613e-01
1.348000000000000000e+03 1.349000000000000000e+03 3.858410759999999939e+00 5.026631510000000302e-01
1.349000000000000000e+03 1.350000000000000000e+03 3.598882839999999916e+00 4.267351439999999552e-01
1.350000000000000000e+03 1.351000000000000000e+03 3.256630159999999830e+00 3.516521100000000177e-01
1.351000000000000000e+03 1.352000000000000000e+03 2.269914611999999998e+00 3.680459809999999665e-01
1.352000000000000000e+03 1.353000000000000000e+03 1.922783833999999858e+00 2.812781836999999618e-01
1.353000000000000000e+03 1.354000000000000000e+03 7.069440720000000233e+00 7.674795610000000323e-01
1.354000000000000000e+03 1.355000000000000000e+03 4.839473179999999708e+00 7.088644699999999688e-01
1.355000000000000000e+03 1.356000000000000000e+03 5.872877520000000295e+00 7.171966769999998936e-01
1.356000000000000000e+03 1.357000000000000000e+03 5.291622779999999970e+00 6.024841840000000337e-01
1.357000000000000000e+03 1.358000000000000000e+03 4.112980099999999695e+00 6.679509850000000526e-01
1.358000000000000000e+03 1.359000000000000000e+03 4.667171289999999750e+00 5.505740599999999763e-01
1.359000000000000000e+03 1.360000000000000000e+03 4.149686379999999453e+00 5.095195540000000411e-01
1.360000000000000000e+03 1.361000000000000000e+03 3.431615359999999892e+00 4.440207010000000176e-01
1.361000000000000000e+03 1.362000000000000000e+03 2.561721636000000135e+00 3.502379650000000400e-01
1.362000000000000000e+03 1.363000000000000000e+03 1.651358557000000005e+00 3.498442325999999714e-01
1.363000000000000000e+03 1.364000000000000000e+03 1.867730690999999998e+00 2.656627194000000247e-01
1.364000000000000000e+03 1.365000000000000000e+03 6.767376379999999969e+00 7.346726840000000758e-01
1.365000000000000000e+03 1.366000000000000000e+03 6.213754100000000058e+00 6.721248620000001006e-01
1.366000000000000000e+03 1.367000000000000000e+03 6.398684489999999947e+00 7.012552789999999536e-01
1.367000000000000000e+03 1.368000000000000000e+03 5.450338979999999722e+00 5.947673840000000656e-01
1.368000000000000000e+03 1.369000000000000000e+03 5.562058430000000442e+00 5.217569119999999616e-01
1.369000000000000000e+03 1.370000000000000000e+03 3.909404260000000075e+00 5.011885489999999832e-01
1.370000000000000000e+03 1.371000000000000000e+03 3.705181100000000338e+00 4.389289470000000137e-01
1.371000000000000000e+03 1.372000000000000000e+03 3.519851099999999899e+00 4.276956299999999933e-01
1.372000000000000000e+03 1.373000000000000000e+03 2.214836076000000098e+00 4.004146869999999914e-01
1.373000000000000000e+03 1.374000000000000000e+03 1.434141682000000140e+00 3.122167215000000162e-01
1.374000000000000000e+03 1.375000000000000000e+03 1.768812478999999938e+00 2.632519995000000002e-01
1.375000000000000000e+03 1.376000000000000000e+03 5.213804479999999408e+00 6.655217190000000116e-01
1.376000000000000000e+03 1.377000000000000000e+03 6.821050630000000226e+00 6.454855130000000107e-01
1.377000000000000000e+03 1.378000000000000000e+03 5.538028399999999962e+00 6.388981819999999257e-01
1.378000000000000000e+03 1.379000000000000000e+03 5.986655400000000071e+00 7.465092100000000341e-01
1.379000000000000000e+03 1.380000000000000000e+03 4.566136550000000405e+00 5.270057169999999847e-01
1.380000000000000000e+03 1.381000000000000000e+03 3.598409909999999989e+00 4.904272069999999761e-01
1.381000000000000000e+03 1.382000000000000000e+03 3.919974730000000296e+00 4.960127299999999573e-01
1.382000000000000000e+03 1.383000000000000000e+03 3.201300960000000195e+00 4.659964419999999552e-01
1.383000000000000000e+03 1.384000000000000000e+03 2.603846653999999816e+00 3.493040029999999740e-01
1.384000000000000000e+03 1.385000000000000000e+03 2.477532768000000107e+00 3.476110088999999626e-01
1.385000000000000000e+03 1.386000000000000000e+03 2.078747278000000254e+00 2.628198137999999684e-01
1.386000000000000000e+03 1.387000000000000000e+03 6.326944969999999557e+00 6.541941689999999365e-01
1.387000000000000000e+03 1.388000000000000000e+03 5.326547050000000283e+00 6.348256199999999794e-01
1.388000000000000000e+03 1.389000000000000000e+03 6.111465990000000126e+00 7.173741230000000302e-01
1.389000000000000000e+03 1.390000000000000000e+03 4.162090909999999866e+00 5.950131530000000168e-01
1.390000000000000000e+03 1.391000000000000000e+03 4.551230529999999774e+00 5.753961729999998997e-01
1.391000000000000000e+03 1.392000000000000000e+03 4.418172700000000397e+00 4.803081939999999661e-01
1.392000000000000000e+03 1.393000000000000000e+03 3.508868940000000158e+00 5.096615649999999276e-01
1.393000000000000000e+03 1.394000000000000000e+03 2.766665331000000005e+00 4.064962080000000255e-01
1.394000000000000000e+03 1.395000000000000000e+03 2.924364435000000206e+00 3.383402389999999871e-01
1.395000000000000000e+03 1.396000000000000000e+03 2.123209382999999839e+00 3.398660611000000054e-01
1.396000000000000000e+03 1.397000000000000000e+03 1.603381091000000147e+00 2.467880107000000045e-01
1.397000000000000000e+03 1.398000000000000000e+03 5.026671859999999548e+00 7.563609669999999952e-01
1.398000000000000000e+03 1.399000000000000000e+03 5.239151520000000062e+00 6.565297239999999812e-01
1.399000000000000000e+03 1.400000000000000000e+03 5.773545020000000250e+00 6.684883209999999965e-01
1.400000000000000000e+03 1.401000000000000000e+03 5.507176180000000087e+00 5.664661960000000329e-01
1.401000000000000000e+03 1.402000000000000000e+03 5.415075510000000314e+00 6.288846930000000501e-01
1.402000000000000000e+03 1.403000000000000000e+03 4.653103349999999416e+00 4.980180379999999962e-01
1.403000000000000000e+03 1.404000000000000000e+03 3.601220679999999952e+00 4.688005820000000212e-01
1.404000000000000000e+03 1.405000000000000000e+03 3.304168899999999631e+00 3.843162560000000227e-01
1.405000000000000000e+03 1.406000000000000000e+03 2.191209683999999935e+00 3.241395384000000379e-01
1.406000000000000000e+03 1.407000000000000000e+03 2.657307191000000124e+00 3.112693839999999823e-01
1.407000000000000000e+03 1.408000000000000000e+03 1.950315787000000078e+00 2.537197594000000223e-01
1.408000000000000000e+03 1.409000000000000000e+03 5.165210300000000032e+00 6.616962739999999732e-01
1.409000000000000000e+03 1.410000000000000000e+03 5.948385140000000071e+00 6.835246350000000470e-01
1.410000000000000000e+03 1.411000000000000000e+03 5.489056510000000166e+00 6.051236170000000580e-01
1.411000000000000000e+03 1.412000000000000000e+03 4.805984119999999749e+00 6.544516510000000231e-01
1.412000000000000000e+03 1.413000000000000000e+03 5.554836799999999464e+00 5.764303429999999562e-01
1.413000000000000000e+03 1.414000000000000000e+03 3.496381229999999896e+00 5.362470470000000322e-01
1.414000000000000000e+03 1.415000000000000000e+03 4.421659259999999314e+00 4.928947700000000376e-01
1.415000000000000000e+03 1.416000000000000000e+03 3.016642529999999933e+00 3.567079120000000159e-01
1.416000000000000000e+03 1.417000000000000000e+03 2.608817146000000253e+00 3.613722060000000291e-01
1.417000000000000000e+03 1.418000000000000000e+03 1.873499414999999946e+00 2.979784682000000129e-01
1.418000000000000000e+03 1.419000000000000000e+03 1.575271815000000020e+00 2.757248004000000252e-01
1.419000000000000000e+03 1.420000000000000000e+03 6.625796020000000119e+00 5.783858790000000472e-01
1.420000000000000000e+03 1.421000000000000000e+03 4.466686319999999988e+00 7.108491329999999664e-01
1.421000000000000000e+03 1.422000000000000000e+03 5.751553389999999766e+00 5.388756980000000141e-01
1.422000000000000000e+03 1.423000000000000000e+03 5.005434670000000530e+00 6.850816760000000283e-01
1.423000000000000000e+03 1.424000000000000000e+03 3.743129849999999870e+00 5.753555819999999210e-01
1.424000000000000000e+03 1.425000000000000000e+03 4.009873439999999789e+00 4.730016669999999590e-01
1.425000000000000000e+03 1.426000000000000000e+03 2.908423879999999961e+00 4.325299580000000477e-01
1.426000000000000000e+03 1.427000000000000000e+03 2.767810888000000080e+00 4.206914370000000014e-01
1.427000000000000000e+03 1.428000000000000000e+03 2.134365309999999738e+00 4.476081809999999939e-01
1.428000000000000000e+03 1.429000000000000000e+03 2.592831395000000150e+00 3.854034139999999997e-01
1.429000000000000000e+03 1.430000000000000000e+03 1.598749603999999991e+00 2.479991292000000014e-01
1.430000000000000000e+03 1.431000000000000000e+03 5.443128039999999501e+00 6.326199029999999279e-01
1.431000000000000000e+03 1.432000000000000000e+03 4.705138990000000021e+00 6.546489500000000072e-01
1.432000000000000000e+03 1.433000000000000000e+03 4.458122460000000231e+00 6.038037550000000531e-01
1.433000000000000000e+03 1.434000000000000000e+03 5.428231249999999619e+00 5.532025550000000402e-01
1.434000000000000000e+03 1.435000000000000000e+03 4.113230200000000281e+00 5.709512150000000119e-01
1.435000000000000000e+03 1.436000000000000000e+03 3.641502939999999633e+00 4.452505210000000102e-01
1.436000000000000000e+03 1.437000000000000000e+03 3.592321539999999924e+00 4.064489540000000289e-01
1.437000000000000000e+03 1.438000000000000000e+03 2.375801126999999902e+00 4.008561219999999814e-01
1.438000000000000000e+03 1.439000000000000000e+03 2.156775526000000109e+00 4.180774569999999857e-01
1.439000000000000000e+03 1.440000000000000000e+03 1.262749759000000083e+00 3.373388018999999849e-01
1.440000000000000000e+03 1.441000000000000000e+03 1.450828871999999992e+00 2.466877836999999962e-01
1.441000000000000000e+03 1.442000000000000000e+03 5.159137349999999955e+00 7.225017049999999941e-01
1.442000000000000000e+03 1.443000000000000000e+03 4.715090420000000115e+00 7.261710329999999658e-01
1.443000000000000000e+03 1.444000000000000000e+03 4.993158840000000431e+00 6.385337709999999722e-01
1.444000000000000000e+03 1.445000000000000000e+03 4.596097470000000129e+00 6.844125509999999801e-01
1.445000000000000000e+03 1.446000000000000000e+03 4.370987140000000437e+00 5.243392689999999412e-01
1.446000000000000000e+03 1.447000000000000000e+03 3.541900789999999688e+00 4.458542309999999897e-01
1.447000000000000000e+03 1.448000000000000000e+03 2.623836231999999935e+00 4.305272439999999756e-01
1.448000000000000000e+03 1.449000000000000000e+03 3.327263440000000294e+00 4.181873849999999671e-01
1.449000000000000000e+03 1.450000000000000000e+03 2.227094292999999947e+00 3.249006185000000158e-01
1.450000000000000000e+03 1.451000000000000000e+03 1.355257409000000024e+00 2.846162944999999778e-01
1.451000000000000000e+03 1.452000000000000000e+03 1.495211816000000082e+00 2.326278932999999993e-01
1.452000000000000000e+03 1.453000000000000000e+03 5.148405089999999795e+00 7.620414479999999546e-01
1.453000000000000000e+03 1.454000000000000000e+03 5.769532120000000042e+00 6.660881969999999930e-01
1.454000000000000000e+03 1.455000000000000000e+03 5.041833620000000238e+00 6.078171359999999801e-01
1.455000000000000000e+03 1.456000000000000000e+03 2.715696669999999813e+00 6.788786129999999641e-01
1.456000000000000000e+03 1.457000000000000000e+03 4.548303530000000094e+00 5.167441099999999787e-01
1.457000000000000000e+03 1.458000000000000000e+03 3.889206940000000223e+00 4.184421379999999635e-01
1.458000000000000000e+03 1.459000000000000000e+03 3.297886719999999716e+00 4.028958320000000093e-01
1.459000000000000000e+03 1.460000000000000000e+03 2.315955924000000277e+00 4.093122610000000106e-01
1.460000000000000000e+03 1.461000000000000000e+03 2.081048862999999916e+00 3.682777859999999959e-01
1.461000000000000000e+03 1.462000000000000000e+03 1.919723331000000144e+00 2.792839115999999899e-01
1.462000000000000000e+03 1.463000000000000000e+03 1.629571644999999958e+00 2.560155384999999728e-01
1.463000000000000000e+03 1.464000000000000000e+03 5.164100389999999763e+00 6.764195460000000937e-01
1.464000000000000000e+03 1.465000000000000000e+03 4.263260260000000024e+00 6.553540669999999846e-01
1.465000000000000000e+03 1.466000000000000000e+03 4.908348880000000136e+00 5.751421919999999410e-01
1.466000000000000000e+03 1.467000000000000000e+03 3.894550689999999982e+00 5.015760710000000122e-01
1.467000000000000000e+03 1.468000000000000000e+03 3.854152689999999826e+00 4.705242270000000171e-01
1.468000000000000000e+03 1.469000000000000000e+03 3.215621389999999913e+00 4.443781079999999939e-01
1.469000000000000000e+03 1.470000000000000000e+03 3.120684589999999758e+00 5.479048830000000647e-01
1.470000000000000000e+03 1.471000000000000000e+03 2.808134923999999977e+00 3.860465049999999843e-01
1.471000000000000000e+03 1.472000000000000000e+03 2.837089736999999889e+00 3.284881945999999497e-01
1.472000000000000000e+03 1.473000000000000000e+03 2.074103232000000130e+00 2.681428969999999912e-01
1.473000000000000000e+03 1.474000000000000000e+03 1.579270883000000181e+00 2.258063001999999764e-01
1.474000000000000000e+03 1.475000000000000000e+03 4.703837500000000560e+00 7.378062770000000103e-01
1.475000000000000000e+03 1.476000000000000000e+03 5.985742250000000375e+00 7.413154990000000444e-01
1.476000000000000000e+03 1.477000000000000000e+03 3.970557099999999728e+00 6.290754309999999627e-01
1.477000000000000000e+03 1.478000000000000000e+03 4.489797199999999933e+00 5.511738900000000552e-01
1.478000000000000000e+03 1.479000000000000000e+03 3.809880460000000024e+00 5.191967459999999868e-01
1.479000000000000000e+03 1.480000000000000000e+03 3.060377090000000244e+00 4.347688130000000317e-01
1.480000000000000000e+03 1.481000000000000000e+03 3.154260170000000141e+00 3.965055189999999730e-01
1.481000000000000000e+03 1.482000000000000000e+03 2.850250707999999911e+00 4.052834280000000011e-01
1.482000000000000000e+03 1.483000000000000000e+03 2.165445899000000285e+00 3.260307550000000054e-01
1.483000000000000000e+03 1.484000000000000000e+03 1.823911625999999897e+00 2.511977891000000129e-01
1.484000000000000000e+03 1.485000000000000000e+03 1.053872240000000016e+00 2.455105471000000039e-01
1.485000000000000000e+03 1.486000000000000000e+03 4.199783860000000146e+00 5.874778460000000813e-01
1.486000000000000000e+03 1.487000000000000000e+03 4.984724549999999255e+00 5.810267610000000582e-01
1.487000000000000000e+03 1.488000000000000000e+03 4.200576179999999660e+00 5.533364530000000059e-01
1.488000000000000000e+03 1.489000000000000000e+03 4.301781899999999936e+00 5.872642340000000516e-01
1.489000000000000000e+03 1.490000000000000000e+03 4.264924800000000182e+00 4.832243050000000206e-01
1.490000000000000000e+03 1.491000000000000000e+03 3.940722150000000035e+00 4.918927650000000096e-01
1.491000000000000000e+03 1.492000000000000000e+03 2.796551032999999631e+00 4.397582160000000351e-01
1.492000000000000000e+03 1.493000000000000000e+03 2.243381669000000134e+00 3.781579139999999839e-01
1.493000000000000000e+03 1.494000000000000000e+03 2.318224229999999775e+00 3.248114004999999582e-01
1.494000000000000000e+03 1.495000000000000000e+03 1.280676286000000053e+00 2.717596706000000029e-01
1.495000000000000000e+03 1.496000000000000000e+03 1.282102889000000134e+00 2.517416118999999952e-01
1.496000000000000000e+03 1.497000000000000000e+03 4.954120689999999883e+00 6.172340629999999440e-01
1.497000000000000000e+03 1.498000000000000000e+03 5.233412760000000219e+00 6.813593380000000366e-01
1.498000000000000000e+03 1.499000000000000000e+03 4.630902169999999707e+00 5.302009610000000261e-01
1.499000000000000000e+03 1.500000000000000000e+03 4.022744059999999955e+00 5.071852340000000403e-01
1.500000000000000000e+03 1.501000000000000000e+03 3.325722949999999845e+00 5.387626779999999949e-01
1.501000000000000000e+03 1.502000000000000000e+03 2.864048850000000090e+00 3.978474080000000135e-01
1.502000000000000000e+03 1.503000000000000000e+03 3.432543180000000138e+00 4.153972669999999590e-01
1.503000000000000000e+03 1.504000000000000000e+03 1.936146672000000013e+00 3.511673319999999987e-01
1.504000000000000000e+03 1.505000000000000000e+03 2.227149445999999866e+00 3.371399709999999827e-01
1.505000000000000000e+03 1.506000000000000000e+03 1.724081524000000032e+00 2.489224832000000165e-01
1.506000000000000000e+03 1.507000000000000000e+03 1.099878675000000028e+00 2.300789126999999989e-01
1.507000000000000000e+03 1.508000000000000000e+03 4.437238579999999821e+00 6.003942650000000381e-01
1.508000000000000000e+03 1.509000000000000000e+03 4.744836819999999733e+00 6.005932250000000083e-01
1.509000000000000000e+03 1.510000000000000000e+03 5.571073199999999837e+00 5.742119490000000548e-01
1.510000000000000000e+03 1.511000000000000000e+03 4.679319139999999599e+00 5.373286109999999560e-01
1.511000000000000000e+03 1.512000000000000000e+03 3.520966889999999960e+00 4.826877660000000181e-01
1.512000000000000000e+03 1.513000000000000000e+03 3.482045869999999876e+00 4.163233050000000324e-01
1.513000000000000000e+03 1.514000000000000000e+03 2.904287221000000141e+00 4.319998700000000080e-01
1.514000000000000000e+03 1.515000000000000000e+03 2.884254470000000126e+00 3.658687939999999972e-01
1.515000000000000000e+03 1.516000000000000000e+03 1.718739781000000022e+00 3.195790694999999793e-01
1.516000000000000000e+03 1.517000000000000000e+03 1.822114723999999963e+00 2.561130287000000227e-01
1.517000000000000000e+03 1.518000000000000000e+03 1.359503646000000066e+00 2.039470421000000033e-01
1.518000000000000000e+03 1.519000000000000000e+03 6.076052040000000432e+00 6.918594730000000581e-01
1.519000000000000000e+03 1.520000000000000000e+03 4.322440480000000029e+00 5.965725769999999928e-01
1.520000000000000000e+03 1.521000000000000000e+03 3.947142250000000185e+00 5.660315830000000048e-01
1.521000000000000000e+03 1.522000000000000000e+03 3.470044129999999782e+00 5.197030519999999987e-01
1.522000000000000000e+03 1.523000000000000000e+03 3.831252469999999910e+00 5.275585459999999616e-01
1.523000000000000000e+03 1.524000000000000000e+03 3.585443080000000116e+00 4.971527249999999620e-01
1.524000000000000000e+03 1.525000000000000000e+03 3.051397740000000081e+00 3.936477499999999630e-01
1.525000000000000000e+03 1.526000000000000000e+03 2.635652064999999933e+00 3.297974370000000266e-01
1.526000000000000000e+03 1.527000000000000000e+03 2.078463203999999731e+00 3.466637890000000000e-01
1.527000000000000000e+03 1.528000000000000000e+03 1.727419457000000103e+00 2.972559524000000231e-01
1.528000000000000000e+03 1.529000000000000000e+03 9.650845279999999970e-01 2.135026402000000101e-01
1.529000000000000000e+03 1.530000000000000000e+03 3.660285749999999894e+00 6.549456089999999842e-01
1.530000000000000000e+03 1.531000000000000000e+03 4.535750170000000026e+00 6.004875320000000460e-01
1.531000000000000000e+03 1.532000000000000000e+03 4.702932679999999976e+00 4.789226859999999864e-01
1.532000000000000000e+03 1.533000000000000000e+03 4.068877170000000376e+00 4.470662739999999857e-01
1.533000000000000000e+03 1.534000000000000000e+03 3.422341599999999762e+00 4.881468869999999738e-01
1.534000000000000000e+03 1.535000000000000000e+03 2.882570820000000200e+00 4.933098870000000025e-01
1.535000000000000000e+03 1.536000000000000000e+03 3.279021579999999769e+00 3.567153610000000086e-01
1.536000000000000000e+03 1.537000000000000000e+03 2.000966317000000050e+00 3.936770300000000389e-01
1.537000000000000000e+03 1.538000000000000000e+03 2.101027355000000263e+00 2.846283544999999582e-01
1.538000000000000000e+03 1.539000000000000000e+03 1.504860295999999931e+00 2.851800516999999924e-01
1.539000000000000000e+03 1.540000000000000000e+03 1.322612727999999960e+00 2.070857982000000042e-01
1.540000000000000000e+03 1.541000000000000000e+03 4.597141940000000204e+00 6.796771630000000286e-01
1.541000000000000000e+03 1.542000000000000000e+03 4.313497220000000354e+00 6.360693199999999381e-01
1.542000000000000000e+03 1.543000000000000000e+03 3.487316159999999776e+00 5.135900740000000075e-01
1.543000000000000000e+03 1.544000000000000000e+03 4.548901639999999524e+00 4.892645640000000129e-01
1.544000000000000000e+03 1.545000000000000000e+03 3.814070820000000417e+00 5.182677319999999810e-01
1.545000000000000000e+03 1.546000000000000000e+03 2.640165132999999997e+00 4.447351520000000225e-01
1.546000000000000000e+03 1.547000000000000000e+03 3.295616769999999640e+00 3.938547239999999894e-01
1.547000000000000000e+03 1.548000000000000000e+03 2.720902959999999648e+00 3.412355300000000091e-01
1.548000000000000000e+03 1.549000000000000000e+03 2.029559463000000008e+00 2.864814647999999742e-01
1.549000000000000000e+03 1.550000000000000000e+03 1.418653331000000017e+00 2.662512958000000096e-01
1.550000000000000000e+03 1.551000000000000000e+03 9.713962869999999139e-01 2.276925226000000024e-01
1.551000000000000000e+03 1.552000000000000000e+03 4.855186600000000574e+00 6.346581839999999586e-01
1.552000000000000000e+03 1.553000000000000000e+03 4.148979040000000396e+00 5.716962690000000347e-01
1.553000000000000000e+03 1.554000000000000000e+03 3.304844249999999928e+00 5.958630480000000063e-01
1.554000000000000000e+03 1.555000000000000000e+03 4.479783639999999956e+00 5.525613339999999596e-01
1.555000000000000000e+03 1.556000000000000000e+03 2.880190339999999960e+00 5.549327590000000532e-01
1.556000000000000000e+03 1.557000000000000000e+03 3.807385560000000169e+00 3.565880790000000022e-01
1.557000000000000000e+03 1.558000000000000000e+03 1.958485338000000020e+00 3.543164050000000009e-01
1.558000000000000000e+03 1.559000000000000000e+03 1.880420391999999996e+00 3.531617160000000144e-01
1.559000000000000000e+03 1.560000000000000000e+03 2.079769247000000210e+00 2.981945958999999702e-01
1.560000000000000000e+03 1.561000000000000000e+03 1.707445334000000203e+00 2.465050592000000151e-01
1.561000000000000000e+03 1.562000000000000000e+03 1.197980891999999908e+00 2.155829703999999902e-01
1.562000000000000000e+03 1.563000000000000000e+03 4.827735090000000007e+00 6.226503370000000537e-01
1.563000000000000000e+03 1.564000000000000000e+03 4.352548910000000326e+00 5.670524529999999563e-01
1.564000000000000000e+03 1.565000000000000000e+03 4.039229439999999727e+00 5.320809670000000713e-01
1.565000000000000000e+03 1.566000000000000000e+03 4.047018659999999990e+00 5.091899069999999972e-01
1.566000000000000000e+03 1.567000000000000000e+03 3.110012639999999884e+00 5.064521450000000202e-01
1.567000000000000000e+03 1.568000000000000000e+03 2.911076479999999744e+00 3.427578920000000084e-01
1.568000000000000000e+03 1.569000000000000000e+03 2.665217279000000161e+00 3.825187549999999881e-01
1.569000000000000000e+03 1.570000000000000000e+03 2.627797080000000118e+00 3.521576399999999940e-01
1.570000000000000000e+03 1.571000000000000000e+03 2.016842156000000053e+00 2.988404927000000155e-01
1.571000000000000000e+03 1.572000000000000000e+03 1.152541607000000079e+00 2.247924946000000035e-01
1.572000000000000000e+03 1.573000000000000000e+03 1.132966482999999913e+00 2.103404831000000030e-01
1.573000000000000000e+03 1.574000000000000000e+03 3.714022230000000313e+00 6.170478499999999533e-01
1.574000000000000000e+03 1.575000000000000000e+03 4.460893549999999763e+00 6.212285690000000082e-01
1.575000000000000000e+03 1.576000000000000000e+03 4.039478700000000089e+00 4.916200159999999930e-01
1.576000000000000000e+03 1.577000000000000000e+03 3.356872099999999914e+00 5.337681890000000040e-01
1.577000000000000000e+03 1.578000000000000000e+03 3.404555149999999752e+00 4.369996110000000100e-01
1.578000000000000000e+03 1.579000000000000000e+03 3.571838790000000152e+00 4.013460699999999992e-01
1.579000000000000000e+03 1.580000000000000000e+03 2.548950082999999811e+00 3.753400159999999985e-01
1.580000000000000000e+03 1.581000000000000000e+03 1.985179168999999799e+00 3.671802849999999951e-01
1.581000000000000000e+03 1.582000000000000000e+03 1.867529640000000102e+00 3.259578623000000119e-01
1.582000000000000000e+03 1.583000000000000000e+03 1.578942904999999897e+00 2.687353754999999844e-01
1.583000000000000000e+03 1.584000000000000000e+03 1.299649193999999897e+00 2.405718393000000066e-01
1.584000000000000000e+03 1.585000000000000000e+03 4.378795849999999490e+00 5.510754839999999488e-01
1.585000000000000000e+03 1.586000000000000000e+03 4.158801440000000404e+00 5.810388809999998960e-01
1.586000000000000000e+03 1.587000000000000000e+03 4.455947049999999798e+00 6.463087849999999968e-01
1.587000000000000000e+03 1.588000000000000000e+03 2.734991989999999706e+00 4.694511619999999774e-01
1.588000000000000000e+03 1.589000000000000000e+03 2.947953949999999601e+00 4.583490309999999623e-01
1.589000000000000000e+03 1.590000000000000000e+03 2.636669401000000246e+00 4.384719049999999951e-01
1.590000000000000000e+03 1.591000000000000000e+03 3.098343600000000198e+00 4.324847820000000120e-01
1.591000000000000000e+03 1.592000000000000000e+03 1.587216946000000073e+00 3.076464830000000261e-01
1.592000000000000000e+03 1.593000000000000000e+03 1.783063172999999946e+00 3.084552410999999994e-01
1.593000000000000000e+03 1.594000000000000000e+03 1.531070112999999955e+00 2.332441044000000130e-01
1.594000000000000000e+03 1.595000000000000000e+03 1.374187176000000177e+00 2.292483763000000008e-01
1.595000000000000000e+03 1.596000000000000000e+03 2.790648040000000218e+00 5.115740899999999813e-01
1.596000000000000000e+03 1.597000000000000000e+03 4.365403760000000410e+00 4.807656929999999940e-01
1.597000000000000000e+03 1.598000000000000000e+03 4.779489309999999769e+00 5.288199370000000732e-01
1.598000000000000000e+03 1.599000000000000000e+03 3.703437150000000067e+00 5.301822200000000374e-01
1.599000000000000000e+03 1.600000000000000000e+03 2.140494460999999848e+00 4.807211329999999672e-01
1.600000000000000000e+03 1.601000000000000000e+03 2.450453459000000223e+00 4.100302670000000038e-01
1.601000000000000000e+03 1.602000000000000000e+03 1.953319158000000222e+00 3.686803810000000015e-01
1.602000000000000000e+03 1.603000000000000000e+03 2.332979995000000084e+00 2.924676037000000228e-01
1.603000000000000000e+03 1.604000000000000000e+03 2.226820291000000118e+00 2.676584455999999612e-01
1.604000000000000000e+03 1.605000000000000000e+03 1.591499298000000007e+00 2.233176618000000113e-01
1.605000000000000000e+03 1.606000000000000000e+03 1.095561221000000085e+00 2.296169807000000007e-01
1.606000000000000000e+03 1.607000000000000000e+03 4.707711780000000346e+00 5.656230389999999941e-01
1.607000000000000000e+03 1.608000000000000000e+03 4.741506689999999580e+00 5.236920630000000410e-01
1.608000000000000000e+03 1.609000000000000000e+03 3.185831499999999927e+00 5.127142390000000161e-01
1.609000000000000000e+03 1.610000000000000000e+03 2.910784600000000388e+00 4.658622310000000155e-01
1.610000000000000000e+03 1.611000000000000000e+03 3.307294469999999986e+00 4.080347960000000329e-01
1.611000000000000000e+03 1.612000000000000000e+03 2.779622165000000145e+00 3.437063550000000189e-01
1.612000000000000000e+03 1.613000000000000000e+03 2.273143006999999827e+00 3.461758970000000102e-01
1.613000000000000000e+03 1.614000000000000000e+03 1.803933581000000119e+00 3.026876279999999864e-01
1.614000000000000000e+03 1.615000000000000000e+03 1.785017598000000039e+00 2.679929598999999940e-01
1.615000000000000000e+03 1.616000000000000000e+03 1.660984119999999953e+00 2.405383581000000159e-01
1.616000000000000000e+03 1.617000000000000000e+03 9.410629219999999684e-01 2.350012422000000156e-01
1.617000000000000000e+03 1.618000000000000000e+03 3.344882629999999857e+00 5.867710400000000215e-01
1.618000000000000000e+03 1.619000000000000000e+03 3.029037900000000061e+00 5.993026459999999389e-01
1.619000000000000000e+03 1.620000000000000000e+03 3.405451030000000046e+00 5.672547500000000298e-01
1.620000000000000000e+03 1.621000000000000000e+03 4.301595550000000046e+00 4.277717030000000031e-01
1.621000000000000000e+03 1.622000000000000000e+03 3.501695240000000098e+00 4.111635290000000276e-01
1.622000000000000000e+03 1.623000000000000000e+03 3.023398699999999995e+00 3.541111189999999742e-01
1.623000000000000000e+03 1.624000000000000000e+03 2.006774672000000148e+00 3.655396559999999906e-01
1.624000000000000000e+03 1.625000000000000000e+03 2.435631942000000105e+00 3.014226247999999830e-01
1.625000000000000000e+03 1.626000000000000000e+03 1.726699483000000201e+00 2.609135122000000306e-01
1.626000000000000000e+03 1.627000000000000000e+03 1.054153681000000065e+00 2.637815602999999953e-01
1.627000000000000000e+03 1.628000000000000000e+03 1.131654751999999986e+00 2.101729073999999975e-01
1.628000000000000000e+03 1.629000000000000000e+03 4.185167429999999911e+00 6.455378589999999361e-01
1.629000000000000000e+03 1.630000000000000000e+03 4.923205290000000289e+00 5.359552739999999815e-01
1.630000000000000000e+03 1.631000000000000000e+03 3.843488730000000242e+00 5.169693859999999752e-01
1.631000000000000000e+03 1.632000000000000000e+03 3.472788710000000112e+00 4.611102189999999879e-01
1.632000000000000000e+03 1.633000000000000000e+03 3.327097329999999964e+00 4.097392060000000225e-01
1.633000000000000000e+03 1.634000000000000000e+03 3.141612550000000059e+00 4.820762820000000226e-01
1.634000000000000000e+03 1.635000000000000000e+03 2.363208236000000184e+00 3.302026349999999666e-01
1.635000000000000000e+03 1.636000000000000000e+03 1.844000634999999999e+00 2.969415574000000002e-01
1.636000000000000000e+03 1.637000000000000000e+03 1.663913003000000002e+00 2.528549189000000030e-01
1.637000000000000000e+03 1.638000000000000000e+03 1.249701551000000022e+00 2.273217127000000115e-01
1.638000000000000000e+03 1.639000000000000000e+03 8.057561160000000777e-01 1.853371406000000055e-01
1.639000000000000000e+03 1.640000000000000000e+03 3.523617010000000160e+00 4.955021740000000174e-01
1.640000000000000000e+03 1.641000000000000000e+03 2.130363094999999873e+00 5.886409850000000610e-01
1.641000000000000000e+03 1.642000000000000000e+03 4.671394809999999786e+00 5.288074999999999859e-01
1.642000000000000000e+03 1.643000000000000000e+03 3.462999250000000195e+00 4.589198439999999657e-01
1.643000000000000000e+03 1.644000000000000000e+03 2.179244698000000202e+00 3.891289740000000164e-01
1.644000000000000000e+03 1.645000000000000000e+03 2.149975219999999965e+00 4.054296260000000429e-01
1.645000000000000000e+03 1.646000000000000000e+03 1.950344660999999924e+00 3.440086499999999714e-01
1.646000000000000000e+03 1.647000000000000000e+03 1.982123772000000006e+00 3.363983530000000388e-01
1.647000000000000000e+03 1.648000000000000000e+03 1.576170749000000093e+00 2.653163417000000135e-01
1.648000000000000000e+03 1.649000000000000000e+03 1.527871830999999903e+00 2.451314133000000173e-01
1.649000000000000000e+03 1.650000000000000000e+03 1.333162318000000068e+00 1.824861547999999944e-01
1.650000000000000000e+03 1.651000000000000000e+03 3.585287339999999823e+00 5.656141289999999655e-01
1.651000000000000000e+03 1.652000000000000000e+03 4.508224390000000525e+00 6.072452069999999535e-01
1.652000000000000000e+03 1.653000000000000000e+03 2.393320333999999772e+00 4.679291690000000337e-01
1.653000000000000000e+03 1.654000000000000000e+03 3.116948040000000031e+00 4.300738020000000050e-01
1.654000000000000000e+03 1.655000000000000000e+03 3.430231100000000311e+00 4.323364359999999906e-01
1.655000000000000000e+03 1.656000000000000000e+03 2.832001593999999844e+00 3.721581599999999601e-01
1.656000000000000000e+03 1.657000000000000000e+03 2.400697955000000050e+00 3.233670470000000186e-01
1.657000000000000000e+03 1.658000000000000000e+03 1.795367141000000055e+00 3.190587175999999858e-01
1.658000000000000000e+03 1.659000000000000000e+03 1.276025271999999822e+00 2.711533741000000108e-01
1.659000000000000000e+03 1.660000000000000000e+03 1.343512925999999830e+00 2.355398492999999926e-01
1.660000000000000000e+03 1.661000000000000000e+03 8.223460400000000003e-01 1.866390685000000049e-01
1.661000000000000000e+03 1.662000000000000000e+03 3.729985699999999849e+00 5.386088869999999806e-01
1.662000000000000000e+03 1.663000000000000000e+03 3.489307629999999882e+00 6.145730430000000410e-01
1.663000000000000000e+03 1.664000000000000000e+03 4.049977319999999992e+00 4.304405819999999605e-01
1.664000000000000000e+03 1.665000000000000000e+03 3.166148699999999927e+00 4.259458909999999654e-01
1.665000000000000000e+03 1.666000000000000000e+03 2.584113007000000017e+00 4.190265989999999996e-01
1.666000000000000000e+03 1.667000000000000000e+03 2.902028459999999921e+00 3.908073570000000219e-01
1.667000000000000000e+03 1.668000000000000000e+03 2.133117437999999755e+00 3.541448229999999975e-01
1.668000000000000000e+03 1.669000000000000000e+03 2.044238470999999890e+00 3.193151739999999794e-01
1.669000000000000000e+03 1.670000000000000000e+03 1.693125605999999950e+00 2.361029806000000120e-01
1.670000000000000000e+03 1.671000000000000000e+03 1.262654137000000176e+00 2.307282361999999920e-01
1.671000000000000000e+03 1.672000000000000000e+03 1.121826436999999954e+00 1.865866227000000099e-01
1.672000000000000000e+03 1.673000000000000000e+03 3.976968620000000065e+00 4.571368139999999469e-01
1.673000000000000000e+03 1.674000000000000000e+03 3.862959000000000032e+00 5.108028020000000557e-01
1.674000000000000000e+03 1.675000000000000000e+03 3.718158689999999655e+00 4.643189999999999817e-01
1.675000000000000000e+03 1.676000000000000000e+03 3.568420140000000185e+00 4.913252409999999681e-01
1.676000000000000000e+03 1.677000000000000000e+03 2.500356605999999982e+00 4.187105500000000147e-01
1.677000000000000000e+03 1.678000000000000000e+03 2.313794842999999712e+00 3.862353239999999910e-01
1.678000000000000000e+03 1.679000000000000000e+03 2.334788220000000081e+00 3.434878259999999961e-01
1.679000000000000000e+03 1.680000000000000000e+03 2.049783085000000060e+00 3.371105019999999786e-01
1.680000000000000000e+03 1.681000000000000000e+03 1.371184103000000043e+00 2.729379891000000002e-01
1.681000000000000000e+03 1.682000000000000000e+03 9.477314659999999114e-01 1.936521512999999917e-01
1.682000000000000000e+03 1.683000000000000000e+03 1.147547990000000073e+00 2.037182269000000212e-01
1.683000000000000000e+03 1.684000000000000000e+03 4.561845179999999722e+00 4.741762740000000087e-01
1.684000000000000000e+03 1.685000000000000000e+03 4.010716020000000270e+00 5.392524340000000027e-01
1.685000000000000000e+03 1.686000000000000000e+03 3.495995949999999741e+00 4.532252749999999830e-01
1.686000000000000000e+03 1.687000000000000000e+03 2.803263749999999721e+00 4.621541590000000088e-01
1.687000000000000000e+03 1.688000000000000000e+03 2.418793384000000213e+00 4.057839830000000148e-01
1.688000000000000000e+03 1.689000000000000000e+03 2.091519471999999880e+00 3.570521799999999968e-01
1.689000000000000000e+03 1.690000000000000000e+03 2.216277236000000261e+00 3.301369029999999816e-01
1.690000000000000000e+03 1.691000000000000000e+03 1.910980585999999981e+00 2.956175156000000470e-01
1.691000000000000000e+03 1.692000000000000000e+03 1.426658293999999882e+00 2.787866529000000426e-01
1.692000000000000000e+03 1.693000000000000000e+03 1.237886483999999898e+00 2.131211034000000115e-01
1.693000000000000000e+03 1.694000000000000000e+03 5.912493109999999996e-01 1.950264015999999823e-01
1.694000000000000000e+03 1.695000000000000000e+03 4.522276659999999282e+00 5.499855169999999793e-01
1.695000000000000000e+03 1.696000000000000000e+03 2.776654139999999771e+00 5.128587409999999513e-01
1.696000000000000000e+03 1.697000000000000000e+03 3.130281019999999970e+00 4.545365950000000432e-01
1.697000000000000000e+03 1.698000000000000000e+03 3.164698860000000114e+00 4.467387760000000041e-01
1.698000000000000000e+03 1.699000000000000000e+03 2.851216570000000061e+00 3.102322299999999977e-01
1.699000000000000000e+03 1.700000000000000000e+03 2.742827745000000039e+00 4.008741109999999774e-01
1.700000000000000000e+03 1.701000000000000000e+03 2.273344350999999985e+00 3.032560340000000076e-01
1.701000000000000000e+03 1.702000000000000000e+03 2.011494595999999913e+00 2.917696498000000305e-01
1.702000000000000000e+03 1.703000000000000000e+03 2.184685804999999981e+00 2.340236903000000035e-01
1.703000000000000000e+03 1.704000000000000000e+03 1.183174330999999802e+00 1.888221944999999846e-01
1.704000000000000000e+03 1.705000000000000000e+03 8.938712619999999998e-01 1.860043100000000060e-01
1.705000000000000000e+03 1.706000000000000000e+03 3.554271940000000019e+00 5.652418109999999274e-01
1.706000000000000000e+03 1.707000000000000000e+03 3.818554590000000193e+00 5.014474490000000451e-01
1.707000000000000000e+03 1.708000000000000000e+03 4.304186880000000492e+00 5.167261810000000066e-01
1.708000000000000000e+03 1.709000000000000000e+03 3.300675299999999979e+00 4.215779010000000326e-01
1.709000000000000000e+03 1.710000000000000000e+03 2.505238011000000320e+00 3.950920389999999505e-01
1.710000000000000000e+03 1.711000000000000000e+03 2.338474016999999794e+00 3.529328760000000065e-01
1.711000000000000000e+03 1.712000000000000000e+03 2.060963797999999958e+00 3.386447240000000081e-01
1.712000000000000000e+03 1.713000000000000000e+03 1.344089384000000109e+00 2.734173953999999851e-01
1.713000000000000000e+03 1.714000000000000000e+03 1.660953834000000073e+00 2.189278876999999901e-01
1.714000000000000000e+03 1.715000000000000000e+03 8.407699519999999316e-01 2.120591143999999983e-01
1.715000000000000000e+03 1.716000000000000000e+03 6.397804779999999303e-01 1.765545424999999946e-01
1.716000000000000000e+03 1.717000000000000000e+03 3.379311210000000010e+00 5.345204300000000464e-01
1.717000000000000000e+03 1.718000000000000000e+03 3.583396159999999941e+00 4.596132960000000045e-01
1.718000000000000000e+03 1.719000000000000000e+03 3.258100100000000054e+00 5.352058539999999809e-01
1.719000000000000000e+03 1.720000000000000000e+03 2.874608330000000045e+00 4.466046770000000055e-01
1.720000000000000000e+03 1.721000000000000000e+03 2.796102525000000227e+00 3.845241219999999682e-01
1.721000000000000000e+03 1.722000000000000000e+03 2.831977483000000184e+00 3.458182109999999865e-01
1.722000000000000000e+03 1.723000000000000000e+03 1.704162957000000089e+00 3.182385859999999900e-01
1.723000000000000000e+03 1.724000000000000000e+03 2.132124440000000121e+00 2.827424080000000006e-01
1.724000000000000000e+03 1.725000000000000000e+03 1.117946972000000150e+00 2.617155749000000253e-01
1.725000000000000000e+03 1.726000000000000000e+03 1.007263870999999922e+00 2.034439626000000001e-01
1.726000000000000000e+03 1.727000000000000000e+03 2.870818445000000163e-01 1.772100326999999920e-01
1.727000000000000000e+03 1.728000000000000000e+03 3.156481059999999950e+00 4.427026679999999659e-01
1.728000000000000000e+03 1.729000000000000000e+03 3.710462380000000060e+00 4.571335639999999922e-01
1.729000000000000000e+03 1.730000000000000000e+03 2.706443541000000064e+00 4.631654550000000037e-01
1.730000000000000000e+03 1.731000000000000000e+03 2.772350330000000085e+00 3.996543800000000313e-01
1.731000000000000000e+03 1.732000000000000000e+03 2.982073430000000247e+00 3.659171820000000075e-01
1.732000000000000000e+03 1.733000000000000000e+03 2.749274307000000306e+00 3.247615680000000005e-01
1.733000000000000000e+03 1.734000000000000000e+03 1.772686514999999963e+00 3.178767450000000161e-01
1.734000000000000000e+03 1.735000000000000000e+03 1.345020708999999925e+00 2.807925822999999821e-01
1.735000000000000000e+03 1.736000000000000000e+03 1.352407621000000004e+00 3.047180313000000251e-01
1.736000000000000000e+03 1.737000000000000000e+03 1.072655869999999956e+00 1.894898297999999814e-01
1.737000000000000000e+03 1.738000000000000000e+03 1.026844668999999932e+00 1.731096145999999891e-01
1.738000000000000000e+03 1.739000000000000000e+03 3.832188649999999974e+00 4.773000429999999517e-01
1.739000000000000000e+03 1.740000000000000000e+03 2.414068846000000157e+00 4.640527360000000212e-01
1.740000000000000000e+03 1.741000000000000000e+03 2.244933072999999890e+00 4.387070490000000156e-01
1.741000000000000000e+03 1.742000000000000000e+03 1.980175185000000004e+00 4.489502619999999888e-01
1.742000000000000000e+03 1.743000000000000000e+03 2.030444790999999860e+00 3.732819410000000060e-01
1.743000000000000000e+03 1.744000000000000000e+03 2.958632129999999805e+00 3.515089880000000222e-01
1.744000000000000000e+03 1.745000000000000000e+03 1.953318536999999910e+00 2.992139540999999570e-01
1.745000000000000000e+03 1.746000000000000000e+03 1.150872533000000031e+00 2.525144501000000097e-01
1.746000000000000000e+03 1.747000000000000000e+03 1.442764633000000130e+00 2.243957605999999938e-01
1.747000000000000000e+03 1.748000000000000000e+03 1.183817259999999871e+00 1.848921057999999840e-01
1.748000000000000000e+03 1.749000000000000000e+03 1.041621192000000029e+00 1.622287401000000184e-01
1.749000000000000000e+03 1.750000000000000000e+03 2.848541769999999751e+00 4.817435400000000256e-01
1.750000000000000000e+03 1.751000000000000000e+03 3.710772200000000076e+00 4.290186369999999805e-01
1.751000000000000000e+03 1.752000000000000000e+03 2.380006122999999807e+00 4.993346530000000172e-01
1.752000000000000000e+03 1.753000000000000000e+03 3.678283949999999969e+00 4.244756190000000262e-01
1.753000000000000000e+03 1.754000000000000000e+03 2.008781572999999820e+00 4.186670989999999870e-01
1.754000000000000000e+03 1.755000000000000000e+03 2.238861775999999804e+00 4.099927820000000001e-01
1.755000000000000000e+03 1.756000000000000000e+03 1.985987715999999903e+00 3.051706940000000201e-01
1.756000000000000000e+03 1.757000000000000000e+03 1.631329009999999968e+00 2.742880973999999861e-01
1.757000000000000000e+03 1.758000000000000000e+03 1.034269523999999940e+00 2.512732411999999971e-01
1.758000000000000000e+03 1.759000000000000000e+03 9.720692979999999705e-01 1.977287218000000069e-01
1.759000000000000000e+03 1.760000000000000000e+03 6.657314190000001020e-01 1.593684197000000136e-01
1.760000000000000000e+03 1.761000000000000000e+03 3.527555140000000033e+00 4.474080419999999503e-01
1.761000000000000000e+03 1.762000000000000000e+03 3.238778659999999920e+00 4.133527900000000255e-01
1.762000000000000000e+03 1.763000000000000000e+03 3.337520109999999818e+00 4.473886910000000050e-01
1.763000000000000000e+03 1.764000000000000000e+03 3.155602570000000107e+00 4.789925460000000190e-01
1.764000000000000000e+03 1.765000000000000000e+03 2.524351890000000154e+00 3.754304760000000130e-01
1.765000000000000000e+03 1.766000000000000000e+03 1.691747472000000085e+00 3.701373319999999856e-01
1.766000000000000000e+03 1.767000000000000000e+03 1.896723120999999956e+00 2.948309555999999998e-01
1.767000000000000000e+03 1.768000000000000000e+03 1.653103844999999961e+00 2.429834569000000055e-01
1.768000000000000000e+03 1.769000000000000000e+03 1.510376241000000119e+00 2.204884726000000128e-01
1.769000000000000000e+03 1.770000000000000000e+03 9.405239520000000519e-01 1.882026817999999935e-01
1.770000000000000000e+03 1.771000000000000000e+03 7.922537829999999337e-01 1.761454073000000009e-01
1.771000000000000000e+03 1.772000000000000000e+03 2.689702150000000014e+00 4.643045869999999908e-01
1.772000000000000000e+03 1.773000000000000000e+03 3.502523580000000081e+00 4.499136349999999784e-01
1.773000000000000000e+03 1.774000000000000000e+03 2.415644102000000348e+00 4.457719319999999819e-01
1.774000000000000000e+03 1.775000000000000000e+03 2.080907182000000244e+00 4.220551419999999943e-01
1.775000000000000000e+03 1.776000000000000000e+03 3.055773579999999878e+00 3.307026650000000068e-01
1.776000000000000000e+03 1.777000000000000000e+03 2.319815995999999991e+00 3.274419670000000004e-01
1.777000000000000000e+03 1.778000000000000000e+03 2.667257098999999965e+00 3.407421900000000003e-01
1.778000000000000000e+03 1.779000000000000000e+03 2.233189196000000099e+00 2.600900296999999473e-01
1.779000000000000000e+03 1.780000000000000000e+03 1.063273071000000014e+00 2.246263300000000129e-01
1.780000000000000000e+03 1.781000000000000000e+03 1.161959116000000014e+00 1.805447884999999975e-01
1.781000000000000000e+03 1.782000000000000000e+03 4.703698725000000080e-01 1.590006536000000137e-01
1.782000000000000000e+03 1.783000000000000000e+03 3.406100649999999952e+00 4.325784980000000335e-01
1.783000000000000000e+03 1.784000000000000000e+03 2.495152967999999749e+00 4.576950209999999797e-01
1.784000000000000000e+03 1.785000000000000000e+03 3.531638999999999751e+00 4.776069109999999673e-01
1.785000000000000000e+03 1.786000000000000000e+03 1.976744076999999988e+00 4.097555420000000281e-01
1.786000000000000000e+03 1.787000000000000000e+03 2.371244606999999949e+00 3.453856639999999811e-01
1.787000000000000000e+03 1.788000000000000000e+03 1.804965173999999895e+00 3.177329020000000392e-01
1.788000000000000000e+03 1.789000000000000000e+03 1.750283859999999914e+00 3.660554890000000117e-01
1.789000000000000000e+03 1.790000000000000000e+03 1.650519041999999992e+00 2.467209266000000012e-01
1.790000000000000000e+03 1.791000000000000000e+03 1.053898471999999975e+00 2.288139007000000169e-01
1.791000000000000000e+03 1.792000000000000000e+03 1.116280088999999975e+00 1.729393466999999962e-01
1.792000000000000000e+03 1.793000000000000000e+03 8.231598137000000204e-01 1.999264020999999836e-01
1.793000000000000000e+03 1.794000000000000000e+03 2.863343320000000247e+00 4.600065389999999921e-01
1.794000000000000000e+03 1.795000000000000000e+03 2.823634549999999965e+00 4.514332970000000111e-01
1.795000000000000000e+03 1.796000000000000000e+03 3.249373830000000130e+00 4.450962879999999511e-01
1.796000000000000000e+03 1.797000000000000000e+03 2.729722023999999969e+00 3.944376220000000433e-01
1.797000000000000000e+03 1.798000000000000000e+03 2.831809719999999864e+00 3.879894170000000031e-01
1.798000000000000000e+03 1.799000000000000000e+03 1.991839063000000021e+00 3.598859219999999692e-01
1.799000000000000000e+03 1.800000000000000000e+03 1.703764690999999942e+00 3.036456694999999928e-01
1.800000000000000000e+03 1.801000000000000000e+03 1.516359524999999930e+00 2.785414444000000045e-01
1.801000000000000000e+03 1.802000000000000000e+03 1.327444876000000162e+00 2.159642303000000041e-01
1.802000000000000000e+03 1.803000000000000000e+03 1.007338360000000099e+00 2.049785097000000056e-01
1.803000000000000000e+03 1.804000000000000000e+03 6.974289179999999533e-01 1.422253690999999987e-01
1.804000000000000000e+03 1.805000000000000000e+03 3.300246070000000032e+00 6.140153660000000624e-01
1.805000000000000000e+03 1.806000000000000000e+03 3.465986210000000067e+00 3.514006760000000229e-01
1.806000000000000000e+03 1.807000000000000000e+03 2.196894454000000163e+00 3.806709100000000290e-01
1.807000000000000000e+03 1.808000000000000000e+03 2.819087029999999938e+00 3.486694040000000161e-01
1.808000000000000000e+03 1.809000000000000000e+03 1.918072430000000050e+00 3.893166200000000021e-01
1.809000000000000000e+03 1.810000000000000000e+03 1.975290312999999909e+00 3.104527069999999944e-01
1.810000000000000000e+03 1.811000000000000000e+03 1.544878085000000123e+00 3.166468800000000194e-01
1.811000000000000000e+03 1.812000000000000000e+03 1.563651723999999854e+00 2.508150464000000190e-01
1.812000000000000000e+03 1.813000000000000000e+03 1.431648582999999864e+00 2.185289879999999796e-01
1.813000000000000000e+03 1.814000000000000000e+03 1.257782103000000040e+00 1.882010706000000200e-01
1.814000000000000000e+03 1.815000000000000000e+03 5.619579962999999845e-01 1.731748569000000071e-01
1.815000000000000000e+03 1.816000000000000000e+03 3.802635449999999917e+00 4.759349780000000085e-01
1.816000000000000000e+03 1.817000000000000000e+03 2.457430897000000058e+00 4.450282050000000100e-01
1.817000000000000000e+03 1.818000000000000000e+03 2.742343060000000055e+00 4.059934840000000156e-01
1.818000000000000000e+03 1.819000000000000000e+03 2.574397010000000208e+00 4.007536250000000022e-01
1.819000000000000000e+03 1.820000000000000000e+03 2.319167949999999756e+00 3.035614769999999685e-01
1.820000000000000000e+03 1.821000000000000000e+03 1.907093088999999964e+00 3.009563320000000486e-01
1.821000000000000000e+03 1.822000000000000000e+03 1.564781252999999817e+00 3.009351643000000021e-01
1.822000000000000000e+03 1.823000000000000000e+03 1.497190988999999917e+00 2.422427699999999962e-01
1.823000000000000000e+03 1.824000000000000000e+03 8.868103560000000218e-01 2.118884124000000035e-01
1.824000000000000000e+03 1.825000000000000000e+03 6.509728209999999793e-01 1.656969976999999872e-01
1.825000000000000000e+03 1.826000000000000000e+03 7.598094600000000476e-01 1.312121375000000201e-01
1.826000000000000000e+03 1.827000000000000000e+03 3.181767579999999818e+00 4.887230659999999838e-01
1.827000000000000000e+03 1.828000000000000000e+03 3.053641150000000248e+00 4.574406470000000335e-01
1.828000000000000000e+03 1.829000000000000000e+03 2.676261242999999901e+00 4.338801829999999748e-01
1.829000000000000000e+03 1.830000000000000000e+03 2.258673772999999940e+00 3.671001650000000338e-01
1.830000000000000000e+03 1.831000000000000000e+03 2.107071190999999732e+00 3.280372349999999826e-01
1.831000000000000000e+03 1.832000000000000000e+03 2.474102135999999952e+00 3.394769910000000057e-01
1.832000000000000000e+03 1.833000000000000000e+03 2.078903223999999827e+00 2.923929720000000287e-01
1.833000000000000000e+03 1.834000000000000000e+03 1.122365861999999881e+00 2.595266018999999869e-01
1.834000000000000000e+03 1.835000000000000000e+03 1.445440909999999857e+00 2.309067501000000022e-01
1.835000000000000000e+03 1.836000000000000000e+03 9.888121970000000038e-01 1.581518208000000092e-01
1.836000000000000000e+03 1.837000000000000000e+03 5.186432391999999947e-01 1.582645407000000115e-01
1.837000000000000000e+03 1.838000000000000000e+03 2.968730470000000121e+00 4.439273519999999973e-01
1.838000000000000000e+03 1.839000000000000000e+03 2.802421920000000011e+00 4.795197949999999709e-01
1.839000000000000000e+03 1.840000000000000000e+03 2.973321499999999951e+00 3.979875560000000201e-01
1.840000000000000000e+03 1.841000000000000000e+03 2.180348046999999845e+00 3.403139719999999646e-01
1.841000000000000000e+03 1.842000000000000000e+03 1.871585611999999843e+00 3.185594199999999820e-01
1.842000000000000000e+03 1.843000000000000000e+03 1.916919143000000103e+00 3.293303490000000222e-01
1.843000000000000000e+03 1.844000000000000000e+03 2.245073183999999777e+00 3.423331380000000368e-01
1.844000000000000000e+03 1.845000000000000000e+03 1.105728787999999962e+00 2.788740200000000002e-01
1.845000000000000000e+03 1.846000000000000000e+03 1.037998717000000015e+00 2.093735287000000056e-01
1.846000000000000000e+03 1.847000000000000000e+03 8.432277799999999823e-01 1.571580217000000113e-01
1.847000000000000000e+03 1.848000000000000000e+03 4.377899050999999875e-01 1.421321960999999967e-01
1.848000000000000000e+03 1.849000000000000000e+03 3.362605400000000078e+00 4.246502850000000162e-01
1.849000000000000000e+03 1.850000000000000000e+03 2.411248589999999581e+00 4.423292300000000177e-01
1.850000000000000000e+03 1.851000000000000000e+03 2.281361786999999808e+00 4.024422009999999994e-01
1.851000000000000000e+03 1.852000000000000000e+03 2.172936374999999920e+00 3.832860100000000103e-01
1.852000000000000000e+03 1.853000000000000000e+03 2.268179346000000152e+00 2.911990580000000106e-01
1.853000000000000000e+03 1.854000000000000000e+03 1.988523174000000004e+00 3.517809729999999968e-01
1.854000000000000000e+03 1.855000000000000000e+03 1.333369425999999969e+00 2.814290810999999781e-01
1.855000000000000000e+03 1.856000000000000000e+03 1.489796422999999814e+00 2.611042986000000066e-01
1.856000000000000000e+03 1.857000000000000000e+03 9.259474840000000428e-01 1.964649227999999970e-01
1.857000000000000000e+03 1.858000000000000000e+03 7.671664830000000102e-01 1.715588601999999963e-01
1.858000000000000000e+03 1.859000000000000000e+03 7.440329100000000473e-01 1.429003298999999838e-01
1.859000000000000000e+03 1.860000000000000000e+03 2.026802931000000196e+00 3.775346920000000051e-01
1.860000000000000000e+03 1.861000000000000000e+03 2.418561755999999896e+00 3.724379170000000072e-01
1.861000000000000000e+03 1.862000000000000000e+03 3.592915450000000455e+00 3.611377419999999838e-01
1.862000000000000000e+03 1.863000000000000000e+03 1.988319254999999952e+00 3.514484439999999710e-01
1.863000000000000000e+03 1.864000000000000000e+03 2.081816851000000135e+00 3.395517200000000013e-01
1.864000000000000000e+03 1.865000000000000000e+03 2.262074474999999918e+00 2.633870409999999884e-01
1.865000000000000000e+03 1.866000000000000000e+03 2.234253526999999906e+00 2.631287174999999978e-01
1.866000000000000000e+03 1.867000000000000000e+03 1.287673226999999976e+00 2.381769413000000002e-01
1.867000000000000000e+03 1.868000000000000000e+03 1.386869339000000201e+00 2.104472421999999954e-01
1.868000000000000000e+03 1.869000000000000000e+03 1.023870177999999909e+00 1.873190842000000134e-01
1.869000000000000000e+03 1.870000000000000000e+03 7.171926210000000301e-01 1.382561422999999956e-01
1.870000000000000000e+03 1.871000000000000000e+03 2.150965769999999999e+00 4.157201670000000293e-01
1.871000000000000000e+03 1.872000000000000000e+03 2.829086260000000408e+00 4.583267599999999997e-01
1.872000000000000000e+03 1.873000000000000000e+03 2.239252800000000043e+00 3.783574400000000448e-01
1.873000000000000000e+03 1.874000000000000000e+03 2.475510331000000175e+00 3.551584329999999956e-01
1.874000000000000000e+03 1.875000000000000000e+03 2.068370613999999996e+00 3.384934370000000081e-01
1.875000000000000000e+03 1.876000000000000000e+03 1.716619556000000157e+00 2.818088424999999897e-01
1.876000000000000000e+03 1.877000000000000000e+03 1.465684020999999948e+00 3.018561636000000048e-01
1.877000000000000000e+03 1.878000000000000000e+03 1.738432144000000124e+00 2.319509523999999934e-01
1.878000000000000000e+03 1.879000000000000000e+03 1.079181901000000110e+00 1.735218245999999853e-01
1.879000000000000000e+03 1.880000000000000000e+03 8.084111010000000208e-01 1.606327420000000228e-01
1.880000000000000000e+03 1.881000000000000000e+03 8.917021370000000058e-01 1.702642444999999949e-01
1.881000000000000000e+03 1.882000000000000000e+03 2.962018290000000054e+00 4.459632560000000301e-01
1.882000000000000000e+03 1.883000000000000000e+03 2.104978936999999828e+00 3.459849249999999987e-01
1.883000000000000000e+03 1.884000000000000000e+03 2.874446980000000096e+00 4.078853150000000261e-01
1.884000000000000000e+03 1.885000000000000000e+03 2.936724219999999885e+00 3.476608259999999784e-01
1.885000000000000000e+03 1.886000000000000000e+03 2.036310915999999693e+00 3.200947799999999677e-01
1.886000000000000000e+03 1.887000000000000000e+03 2.224729245999999883e+00 3.178095570000000203e-01
1.887000000000000000e+03 1.888000000000000000e+03 1.532520113999999989e+00 2.763354977000000434e-01
1.888000000000000000e+03 1.889000000000000000e+03 1.364187279999999891e+00 2.314450388000000025e-01
1.889000000000000000e+03 1.890000000000000000e+03 1.036503249000000126e+00 1.869887131000000091e-01
1.890000000000000000e+03 1.891000000000000000e+03 9.299065539999999963e-01 1.672367949999999936e-01
1.891000000000000000e+03 1.892000000000000000e+03 6.374745429999999491e-01 1.395698338000000149e-01
1.892000000000000000e+03 1.893000000000000000e+03 2.150792582000000230e+00 4.571468080000000156e-01
1.893000000000000000e+03 1.894000000000000000e+03 3.075073960000000106e+00 3.540909600000000101e-01
1.894000000000000000e+03 1.895000000000000000e+03 2.534076407000000142e+00 4.098256249999999712e-01
1.895000000000000000e+03 1.896000000000000000e+03 2.145129216000000394e+00 3.330923590000000045e-01
1.896000000000000000e+03 1.897000000000000000e+03 2.842696929000000150e+00 4.213628939999999878e-01
1.897000000000000000e+03 1.898000000000000000e+03 1.564280163999999917e+00 2.887989363000000309e-01
1.898000000000000000e+03 1.899000000000000000e+03 1.488458118000000052e+00 2.912035470000000070e-01
1.899000000000000000e+03 1.900000000000000000e+03 1.223813328999999950e+00 2.366874781000000150e-01
1.900000000000000000e+03 1.901000000000000000e+03 9.973950330000000974e-01 2.005859093000000037e-01
1.901000000000000000e+03 1.902000000000000000e+03 1.025575356000000049e+00 1.708013546000000105e-01
1.902000000000000000e+03 1.903000000000000000e+03 6.296868999999999383e-01 1.398709582000000062e-01
1.903000000000000000e+03 1.904000000000000000e+03 3.025116779999999839e+00 3.867867350000000481e-01
1.904000000000000000e+03 1.905000000000000000e+03 2.338257558000000014e+00 3.820425530000000069e-01
1.905000000000000000e+03 1.906000000000000000e+03 2.306197432999999908e+00 3.690178170000000257e-01
1.906000000000000000e+03 1.907000000000000000e+03 2.007857905999999915e+00 3.327194880000000077e-01
1.907000000000000000e+03 1.908000000000000000e+03 1.629618640999999979e+00 3.283565110000000176e-01
1.908000000000000000e+03 1.909000000000000000e+03 2.315950654999999969e+00 2.865983980999999847e-01
1.909000000000000000e+03 1.910000000000000000e+03 1.366981624999999978e+00 2.664978749999999952e-01
1.910000000000000000e+03 1.911000000000000000e+03 1.479386504000000047e+00 2.427343489999999882e-01
1.911000000000000000e+03 1.912000000000000000e+03 1.097878059999999989e+00 1.896080155000000045e-01
1.912000000000000000e+03 1.913000000000000000e+03 5.995089729999999451e-01 1.703869261999999829e-01
1.913000000000000000e+03 1.914000000000000000e+03 7.918822464999999422e-01 1.334904583000000033e-01
1.914000000000000000e+03 1.915000000000000000e+03 3.183383859999999732e+00 3.693636800000000275e-01
1.915000000000000000e+03 1.916000000000000000e+03 2.795773899999999923e+00 4.017066930000000036e-01
1.916000000000000000e+03 1.917000000000000000e+03 3.016004779999999830e+00 4.189308219999999805e-01
1.917000000000000000e+03 1.918000000000000000e+03 2.617058595000000043e+00 3.750054809999999739e-01
1.918000000000000000e+03 1.919000000000000000e+03 2.509320597999999958e+00 3.159282919999999995e-01
1.919000000000000000e+03 1.920000000000000000e+03 1.848606498999999959e+00 3.123662309999999942e-01
1.920000000000000000e+03 1.921000000000000000e+03 1.869703107000000086e+00 2.954155934000000094e-01
1.921000000000000000e+03 1.922000000000000000e+03 1.327125616000000008e+00 2.206098101999999783e-01
1.922000000000000000e+03 1.923000000000000000e+03 1.121872465000000041e+00 2.080593362000000002e-01
1.923000000000000000e+03 1.924000000000000000e+03 7.669570109999999108e-01 1.609432620999999841e-01
1.924000000000000000e+03 1.925000000000000000e+03 5.006876563000000058e-01 1.461639003999999908e-01
1.925000000000000000e+03 1.926000000000000000e+03 2.183399236000000077e+00 3.858585649999999867e-01
1.926000000000000000e+03 1.927000000000000000e+03 2.327323094000000037e+00 3.781382770000000226e-01
1.927000000000000000e+03 1.928000000000000000e+03 1.647035485000000188e+00 3.684995520000000080e-01
1.928000000000000000e+03 1.929000000000000000e+03 2.499886792999999940e+00 3.533606719999999868e-01
1.929000000000000000e+03 1.930000000000000000e+03 2.335725857999999988e+00 3.375337620000000149e-01
1.930000000000000000e+03 1.931000000000000000e+03 1.725354649000000018e+00 2.626275194000000091e-01
1.931000000000000000e+03 1.932000000000000000e+03 1.310780143999999980e+00 2.813488941999999771e-01
1.932000000000000000e+03 1.933000000000000000e+03 1.243426588000000166e+00 2.093986291000000111e-01
1.933000000000000000e+03 1.934000000000000000e+03 9.486311310000000718e-01 1.990100183999999883e-01
1.934000000000000000e+03 1.935000000000000000e+03 7.747469550000000149e-01 1.566690843000000111e-01
1.935000000000000000e+03 1.936000000000000000e+03 5.204905665999999265e-01 1.269624453000000042e-01
1.936000000000000000e+03 1.937000000000000000e+03 2.463615056000000081e+00 3.652263000000000037e-01
1.937000000000000000e+03 1.938000000000000000e+03 2.963837279999999907e+00 3.479927190000000059e-01
1.938000000000000000e+03 1.939000000000000000e+03 2.208811760000000124e+00 3.628350449999999672e-01
1.939000000000000000e+03 1.940000000000000000e+03 2.320791565000000389e+00 3.415099290000000454e-01
1.940000000000000000e+03 1.941000000000000000e+03 1.649476820999999926e+00 3.630957419999999991e-01
1.941000000000000000e+03 1.942000000000000000e+03 2.061825751999999845e+00 2.725872843000000101e-01
1.942000000000000000e+03 1.943000000000000000e+03 1.643574467999999955e+00 2.559019712000000224e-01
1.943000000000000000e+03 1.944000000000000000e+03 1.336693220000000126e+00 2.254315402000000024e-01
1.944000000000000000e+03 1.945000000000000000e+03 8.206584160000000017e-01 1.942828034999999898e-01
1.945000000000000000e+03 1.946000000000000000e+03 7.665842790000000351e-01 1.494576864000000116e-01
1.946000000000000000e+03 1.947000000000000000e+03 6.453999419999999487e-01 1.208635148000000020e-01
1.947000000000000000e+03 1.948000000000000000e+03 2.101605957999999941e+00 3.164773030000000431e-01
1.948000000000000000e+03 1.949000000000000000e+03 1.844761920000000055e+00 3.610050610000000160e-01
1.949000000000000000e+03 1.950000000000000000e+03 2.072111700000000223e+00 3.242819079999999521e-01
1.950000000000000000e+03 1.951000000000000000e+03 2.188610951999999887e+00 3.022411070000000088e-01
1.951000000000000000e+03 1.952000000000000000e+03 1.900151107999999978e+00 3.078420149999999689e-01
1.952000000000000000e+03 1.953000000000000000e+03 1.896032716000000118e+00 2.867908238000000387e-01
1.953000000000000000e+03 1.954000000000000000e+03 1.383269000999999943e+00 2.587493301000000079e-01
1.954000000000000000e+03 1.955000000000000000e+03 1.377924771999999853e+00 2.042599562999999896e-01
1.955000000000000000e+03 1.956000000000000000e+03 8.750237889999999963e-01 1.847772705999999876e-01
1.956000000000000000e+03 1.957000000000000000e+03 7.783412559999999258e-01 1.674133047999999957e-01
1.957000000000000000e+03 1.958000000000000000e+03 5.246691991999999916e-01 1.298188466000000096e-01
1.958000000000000000e+03 1.959000000000000000e+03 3.087310879999999980e+00 4.006514800000000043e-01
1.959000000000000000e+03 1.960000000000000000e+03 2.138190905000000086e+00 4.156752629999999615e-01
1.960000000000000000e+03 1.961000000000000000e+03 2.646242387999999668e+00 3.022798489999999894e-01
1.961000000000000000e+03 1.962000000000000000e+03 1.452464301000000013e+00 3.011508960000000013e-01
1.962000000000000000e+03 1.963000000000000000e+03 2.238442838000000101e+00 2.935988499999999668e-01
1.963000000000000000e+03 1.964000000000000000e+03 1.999011191000000132e+00 3.002543759999999895e-01
1.964000000000000000e+03 1.965000000000000000e+03 1.390080733000000013e+00 2.412883841000000029e-01
1.965000000000000000e+03 1.966000000000000000e+03 1.438350996000000048e+00 2.081138633999999876e-01
1.966000000000000000e+03 1.967000000000000000e+03 9.128797280000000569e-01 1.641318441999999878e-01
1.967000000000000000e+03 1.968000000000000000e+03 9.459461249999999710e-01 1.378493478000000216e-01
1.968000000000000000e+03 1.969000000000000000e+03 3.746715950000000239e-01 1.338598296999999882e-01
1.969000000000000000e+03 1.970000000000000000e+03 2.448499368000000231e+00 3.736305769999999637e-01
1.970000000000000000e+03 1.971000000000000000e+03 2.053549996999999738e+00 3.346234549999999586e-01
1.971000000000000000e+03 1.972000000000000000e+03 2.192834316999999977e+00 3.581988720000000015e-01
1.972000000000000000e+03 1.973000000000000000e+03 2.359193756999999891e+00 3.025649220000000139e-01
1.973000000000000000e+03 1.974000000000000000e+03 1.490482697000000023e+00 2.856874489999999822e-01
1.974000000000000000e+03 1.975000000000000000e+03 1.803517138999999991e+00 2.688349313000000240e-01
1.975000000000000000e+03 1.976000000000000000e+03 1.779473891999999946e+00 2.284050852999999770e-01
1.976000000000000000e+03 1.977000000000000000e+03 1.405789041999999878e+00 1.944269687999999885e-01
1.977000000000000000e+03 1.978000000000000000e+03 7.026414309999999830e-01 1.890610290999999998e-01
1.978000000000000000e+03 1.979000000000000000e+03 7.152746729999999165e-01 1.329509403999999950e-01
1.979000000000000000e+03 1.980000000000000000e+03 5.062347217000000565e-01 1.389974260000000073e-01
1.980000000000000000e+03 1.981000000000000000e+03 2.886577489999999635e+00 3.345413069999999545e-01
1.981000000000000000e+03 1.982000000000000000e+03 2.276809409999999811e+00 3.411767860000000097e-01
1.982000000000000000e+03 1.983000000000000000e+03 1.962712974999999860e+00 3.605012179999999566e-01
1.983000000000000000e+03 1.984000000000000000e+03 1.870882010000000095e+00 3.103943780000000263e-01
1.984000000000000000e+03 1.985000000000000000e+03 2.545659289000000047e+00 3.203375110000000192e-01
1.985000000000000000e+03 1.986000000000000000e+03 1.192817726999999994e+00 2.755575754999999849e-01
1.986000000000000000e+03 1.987000000000000000e+03 1.513360398999999967e+00 2.398721393000000091e-01
1.987000000000000000e+03 1.988000000000000000e+03 1.036850738000000050e+00 1.864704479000000026e-01
1.988000000000000000e+03 1.989000000000000000e+03 9.737083970000000033e-01 1.866622557000000016e-01
1.989000000000000000e+03 1.990000000000000000e+03 5.655202969999999496e-01 1.480792180999999930e-01
1.990000000000000000e+03 1.991000000000000000e+03 4.158036858999999974e-01 1.082950099000000027e-01
1.991000000000000000e+03 1.992000000000000000e+03 2.258887215000000115e+00 3.448375710000000094e-01
1.992000000000000000e+03 1.993000000000000000e+03 2.044888779999999961e+00 3.519621929999999788e-01
1.993000000000000000e+03 1.994000000000000000e+03 2.398609564000000027e+00 3.376238139999999666e-01
1.994000000000000000e+03 1.995000000000000000e+03 2.083970453999999695e+00 3.204918959999999983e-01
1.995000000000000000e+03 1.996000000000000000e+03 1.541746697999999860e+00 3.235806929999999748e-01
1.996000000000000000e+03 1.997000000000000000e+03 1.413092832000000021e+00 2.683020359999999660e-01
1.997000000000000000e+03 1.998000000000000000e+03 1.406499697000000104e+00 2.320844714000000197e-01
1.998000000000000000e+03 1.999000000000000000e+03 1.292622369000000049e+00 1.876620566000000156e-01
1.999000000000000000e+03 2.000000000000000000e+03 1.041684572000000086e+00 1.774838572000000114e-01
2.000000000000000000e+03 2.001000000000000000e+03 7.562974850000000471e-01 1.435920532999999943e-01
2.001000000000000000e+03 2.002000000000000000e+03 5.494039880000000098e-01 1.160393535999999920e-01
2.002000000000000000e+03 2.003000000000000000e+03 2.414388214000000143e+00 3.480987199999999726e-01
2.003000000000000000e+03 2.004000000000000000e+03 2.091894440999999993e+00 4.002307500000000240e-01
2.004000000000000000e+03 2.005000000000000000e+03 1.865303012999999899e+00 3.124130370000000045e-01
2.005000000000000000e+03 2.006000000000000000e+03 2.185712887000000215e+00 3.283544439999999676e-01
2.006000000000000000e+03 2.007000000000000000e+03 1.745935156000000044e+00 2.701657481999999999e-01
2.007000000000000000e+03 2.008000000000000000e+03 1.913205983000000110e+00 2.553112506000000392e-01
2.008000000000000000e+03 2.009000000000000000e+03 1.156543835999999992e+00 2.448165659000000050e-01
2.009000000000000000e+03 2.010000000000000000e+03 7.393888720000000303e-01 1.951219668999999990e-01
2.010000000000000000e+03 2.011000000000000000e+03 7.697566859999999123e-01 1.549521531999999979e-01
2.011000000000000000e+03 2.012000000000000000e+03 9.793318320000000687e-01 1.587616223999999965e-01
2.012000000000000000e+03 2.013000000000000000e+03 3.696336960000000116e-01 1.242981623000000008e-01
2.013000000000000000e+03 2.014000000000000000e+03 2.766862740000000098e+00 3.865405920000000162e-01
2.014000000000000000e+03 2.015000000000000000e+03 2.479075421999999751e+00 3.763596040000000142e-01
2.015000000000000000e+03 2.016000000000000000e+03 2.353421523999999820e+00 3.307952719999999736e-01
2.016000000000000000e+03 2.017000000000000000e+03 1.677839475999999941e+00 3.793304789999999982e-01
2.017000000000000000e+03 2.018000000000000000e+03 1.742852513999999964e+00 2.705961345999999823e-01
2.018000000000000000e+03 2.019000000000000000e+03 1.619812039000000148e+00 2.548739644999999943e-01
2.019000000000000000e+03 2.020000000000000000e+03 1.129147192000000022e+00 2.224762740000000016e-01
2.020000000000000000e+03 2.021000000000000000e+03 1.157661160999999828e+00 1.814540027000000055e-01
2.021000000000000000e+03 2.022000000000000000e+03 8.520163269999999622e-01 1.523213924000000052e-01
2.022000000000000000e+03 2.023000000000000000e+03 5.792562768000000251e-01 1.502653815999999976e-01
2.023000000000000000e+03 2.024000000000000000e+03 4.556467100300000128e-01 1.407820325999999955e-01
2.024000000000000000e+03 2.025000000000000000e+03 2.483340903999999849e+00 3.145958309999999925e-01
2.025000000000000000e+03 2.026000000000000000e+03 1.663065004000000124e+00 3.035611159999999642e-01
2.026000000000000000e+03 2.027000000000000000e+03 2.215132596999999759e+00 3.055213159999999872e-01
2.027000000000000000e+03 2.028000000000000000e+03 1.340259528000000033e+00 2.937870529999999647e-01
2.028000000000000000e+03 2.029000000000000000e+03 1.092456921000000136e+00 2.319223448999999937e-01
2.029000000000000000e+03 2.030000000000000000e+03 1.037542385000000067e+00 2.275801080000000032e-01
2.030000000000000000e+03 2.031000000000000000e+03 1.174754683999999827e+00 2.185681725000000186e-01
2.031000000000000000e+03 2.032000000000000000e+03 1.058558675999999865e+00 1.656707768999999830e-01
2.032000000000000000e+03 2.033000000000000000e+03 1.093938584999999852e+00 1.461461208000000012e-01
2.033000000000000000e+03 2.034000000000000000e+03 5.198515559999999924e-01 1.466994999999999827e-01
2.034000000000000000e+03 2.035000000000000000e+03 4.973398755999999810e-01 9.110671089999999861e-02
2.035000000000000000e+03 2.036000000000000000e+03 1.493733093999999983e+00 3.261179740000000327e-01
2.036000000000000000e+03 2.037000000000000000e+03 1.510249947000000148e+00 2.826150929999999839e-01
2.037000000000000000e+03 2.038000000000000000e+03 1.352726023000000000e+00 3.526019240000000110e-01
2.038000000000000000e+03 2.039000000000000000e+03 1.497620430000000002e+00 2.617902918000000190e-01
2.039000000000000000e+03 2.040000000000000000e+03 1.484416485000000119e+00 2.375250740000000027e-01
2.040000000000000000e+03 2.041000000000000000e+03 1.735414874000000163e+00 2.535037478000000122e-01
2.041000000000000000e+03 2.042000000000000000e+03 1.213675381000000053e+00 2.157437543000000069e-01
2.042000000000000000e+03 2.043000000000000000e+03 1.030119643000000140e+00 1.599286340999999945e-01
2.043000000000000000e+03 2.044000000000000000e+03 8.492078259999999990e-01 1.418249874999999993e-01
2.044000000000000000e+03 2.045000000000000000e+03 6.808619409999999705e-01 1.505683751999999931e-01
2.045000000000000000e+03 2.046000000000000000e+03 4.033832003999999749e-01 1.146863553000000008e-01
2.046000000000000000e+03 2.047000000000000000e+03 2.616353246000000077e+00 2.811143259999999700e-01
2.047000000000000000e+03 2.048000000000000000e+03 2.029993451000000171e+00 2.985430769999999900e-01
2.048000000000000000e+03 2.049000000000000000e+03 1.893981968000000071e+00 2.649528258000000136e-01
2.049000000000000000e+03 2.050000000000000000e+03 9.900171870000000762e-01 2.955849620000000066e-01
2.050000000000000000e+03 2.051000000000000000e+03 1.361329961000000033e+00 2.253758700999999864e-01
2.051000000000000000e+03 2.052000000000000000e+03 1.599268860000000014e+00 2.405891541000000078e-01
2.052000000000000000e+03 2.053000000000000000e+03 1.279409082000000142e+00 2.003972662000000071e-01
2.053000000000000000e+03 2.054000000000000000e+03 9.435933990000000549e-01 1.780624295999999884e-01
2.054000000000000000e+03 2.055000000000000000e+03 9.223427770000000026e-01 1.373501450000000068e-01
2.055000000000000000e+03 2.056000000000000000e+03 4.894174024000000345e-01 1.071936344999999957e-01
2.056000000000000000e+03 2.057000000000000000e+03 7.800768259999999454e-01 1.111562211000000078e-01
2.057000000000000000e+03 2.058000000000000000e+03 2.310162126999999899e+00 3.390511310000000056e-01
2.058000000000000000e+03 2.059000000000000000e+03 2.183085933000000090e+00 3.381899299999999720e-01
2.059000000000000000e+03 2.060000000000000000e+03 1.826823528999999890e+00 3.240222340000000201e-01
2.060000000000000000e+03 2.061000000000000000e+03 1.860136221999999950e+00 2.267640362999999992e-01
2.061000000000000000e+03 2.062000000000000000e+03 1.740225133999999896e+00 2.632950255000000017e-01
2.062000000000000000e+03 2.063000000000000000e+03 1.531343902000000146e+00 2.060466826000000029e-01
2.063000000000000000e+03 2.064000000000000000e+03 1.278857818999999951e+00 2.225835275999999974e-01
2.064000000000000000e+03 2.065000000000000000e+03 6.715603810000000395e-01 1.532436956000000072e-01
2.065000000000000000e+03 2.066000000000000000e+03 9.715874150000000098e-01 1.407310411999999900e-01
2.066000000000000000e+03 2.067000000000000000e+03 7.429147820000000513e-01 1.044126053999999970e-01
2.067000000000000000e+03 2.068000000000000000e+03 5.838462723000000798e-01 1.208321735000000008e-01
2.068000000000000000e+03 2.069000000000000000e+03 1.881833121999999969e+00 3.116932060000000004e-01
2.069000000000000000e+03 2.070000000000000000e+03 1.731208618000000143e+00 3.384293400000000229e-01
2.070000000000000000e+03 2.071000000000000000e+03 1.658885352999999840e+00 3.217294589999999954e-01
2.071000000000000000e+03 2.072000000000000000e+03 2.152350187999999775e+00 2.386989944000000030e-01
2.072000000000000000e+03 2.073000000000000000e+03 1.462391890999999999e+00 2.397619849999999830e-01
2.073000000000000000e+03 2.074000000000000000e+03 1.474072588000000072e+00 2.209345283999999965e-01
2.074000000000000000e+03 2.075000000000000000e+03 1.118539788999999951e+00 2.068931680999999967e-01
2.075000000000000000e+03 2.076000000000000000e+03 1.073513844000000050e+00 1.660227314000000121e-01
2.076000000000000000e+03 2.077000000000000000e+03 7.214887170000000571e-01 1.276005182000000127e-01
2.077000000000000000e+03 2.078000000000000000e+03 4.550220009000000010e-01 1.251161285999999873e-01
2.078000000000000000e+03 2.079000000000000000e+03 4.971048725000000168e-01 1.076429311000000055e-01
2.079000000000000000e+03 2.080000000000000000e+03 2.017087908000000152e+00 2.977934289999999984e-01
2.080000000000000000e+03 2.081000000000000000e+03 1.557323718999999995e+00 3.402047289999999835e-01
2.081000000000000000e+03 2.082000000000000000e+03 2.182677871000000103e+00 2.954375850000000026e-01
2.082000000000000000e+03 2.083000000000000000e+03 1.588807652000000070e+00 2.726104588999999634e-01
2.083000000000000000e+03 2.084000000000000000e+03 1.348120517999999990e+00 2.749027115000000077e-01
2.084000000000000000e+03 2.085000000000000000e+03 1.515300375000000033e+00 2.281203044000000013e-01
2.085000000000000000e+03 2.086000000000000000e+03 1.040607444000000159e+00 2.033903720000000137e-01
2.086000000000000000e+03 2.087000000000000000e+03 1.050868693000000187e+00 1.658338369000000034e-01
2.087000000000000000e+03 2.088000000000000000e+03 5.999780519999999839e-01 1.426087742000000103e-01
2.088000000000000000e+03 2.089000000000000000e+03 8.102756600000000642e-01 1.169582301999999990e-01
2.089000000000000000e+03 2.090000000000000000e+03 4.828121834999999917e-01 1.069997866000000075e-01
2.090000000000000000e+03 2.091000000000000000e+03 1.994966121000000037e+00 2.812313589999999586e-01
2.091000000000000000e+03 2.092000000000000000e+03 2.377755682000000093e+00 2.820778019999999886e-01
2.092000000000000000e+03 2.093000000000000000e+03 1.764245936000000015e+00 2.324584291000000025e-01
2.093000000000000000e+03 2.094000000000000000e+03 1.398240909999999948e+00 3.004881679999999999e-01
2.094000000000000000e+03 2.095000000000000000e+03 1.633452635000000042e+00 2.291681275999999934e-01
2.095000000000000000e+03 2.096000000000000000e+03 1.506927254999999910e+00 2.391426212999999967e-01
2.096000000000000000e+03 2.097000000000000000e+03 1.074953102000000049e+00 2.433451984999999984e-01
2.097000000000000000e+03 2.098000000000000000e+03 1.354626904999999937e+00 1.944823413000000001e-01
2.098000000000000000e+03 2.099000000000000000e+03 8.755219760000000351e-01 1.353444853999999919e-01
2.099000000000000000e+03 2.100000000000000000e+03 6.242828430000000317e-01 1.270483044999999866e-01
2.100000000000000000e+03 2.101000000000000000e+03 4.593406478000000015e-01 9.455342840000000026e-02
2.101000000000000000e+03 2.102000000000000000e+03 1.802751972999999897e+00 2.723693939999999869e-01
2.102000000000000000e+03 2.103000000000000000e+03 2.162261277999999898e+00 2.880865509999999685e-01
2.103000000000000000e+03 2.104000000000000000e+03 1.615394991000000058e+00 3.081530170000000290e-01
2.104000000000000000e+03 2.105000000000000000e+03 1.860493423000000091e+00 2.674182448999999906e-01
2.105000000000000000e+03 2.106000000000000000e+03 1.656880609000000115e+00 2.536144983999999991e-01
2.106000000000000000e+03 2.107000000000000000e+03 1.317061391999999831e+00 2.053137833999999773e-01
2.107000000000000000e+03 2.108000000000000000e+03 1.302357194999999912e+00 1.856069872999999981e-01
2.108000000000000000e+03 2.109000000000000000e+03 9.656464719999999780e-01 1.689064053999999870e-01
2.109000000000000000e+03 2.110000000000000000e+03 7.165822059999999993e-01 1.316096643999999927e-01
2.110000000000000000e+03 2.111000000000000000e+03 6.030065890000000373e-01 1.089693589000000074e-01
2.111000000000000000e+03 2.112000000000000000e+03 2.507696091000000127e-01 1.002603100999999997e-01
2.112000000000000000e+03 2.113000000000000000e+03 2.147332040999999858e+00 2.962975330000000018e-01
2.113000000000000000e+03 2.114000000000000000e+03 1.451941694000000060e+00 2.658426896000000150e-01
2.114000000000000000e+03 2.115000000000000000e+03 2.084010816000000155e+00 2.465962821999999888e-01
2.115000000000000000e+03 2.116000000000000000e+03 1.956089535000000046e+00 2.534445402000000125e-01
2.116000000000000000e+03 2.117000000000000000e+03 1.232814383000000014e+00 2.265359608999999996e-01
2.117000000000000000e+03 2.118000000000000000e+03 1.576957619999999949e+00 2.016265007999999970e-01
2.118000000000000000e+03 2.119000000000000000e+03 1.415523341999999962e+00 2.042456380000000071e-01
2.119000000000000000e+03 2.120000000000000000e+03 8.059081949999999939e-01 1.503444284999999880e-01
2.120000000000000000e+03 2.121000000000000000e+03 7.542511680000000274e-01 1.308354367999999823e-01
2.121000000000000000e+03 2.122000000000000000e+03 5.545732571000000499e-01 1.327340227000000095e-01
2.122000000000000000e+03 2.123000000000000000e+03 4.532859506000000427e-01 8.866942029999999586e-02
2.123000000000000000e+03 2.124000000000000000e+03 2.093234028999999996e+00 3.024946439999999792e-01
2.124000000000000000e+03 2.125000000000000000e+03 2.611360041000000187e+00 2.843162840000000302e-01
2.125000000000000000e+03 2.126000000000000000e+03 2.161305953999999918e+00 2.985257980000000089e-01
2.126000000000000000e+03 2.127000000000000000e+03 1.664130200000000004e+00 2.407708795000000068e-01
2.127000000000000000e+03 2.128000000000000000e+03 1.692484529999999987e+00 2.100322842000000023e-01
2.128000000000000000e+03 2.129000000000000000e+03 1.261870252000000026e+00 2.165998611999999934e-01
2.129000000000000000e+03 2.130000000000000000e+03 1.311424047000000037e+00 1.969805411000000173e-01
2.130000000000000000e+03 2.131000000000000000e+03 9.080102039999999874e-01 1.808192983999999948e-01
2.131000000000000000e+03 2.132000000000000000e+03 7.140380739999999671e-01 1.598804474999999947e-01
2.132000000000000000e+03 2.133000000000000000e+03 6.502793307999999994e-01 1.180367038000000035e-01
2.133000000000000000e+03 2.134000000000000000e+03 5.412507742000000066e-01 9.919309140000000247e-02
2.134000000000000000e+03 2.135000000000000000e+03 1.868575442999999892e+00 3.255304609999999932e-01
2.135000000000000000e+03 2.136000000000000000e+03 1.879568246000000054e+00 2.771736570000000177e-01
2.136000000000000000e+03 2.137000000000000000e+03 1.882796200999999892e+00 3.078801310000000013e-01
2.137000000000000000e+03 2.138000000000000000e+03 2.120772949000000018e+00 2.367979503000000041e-01
2.138000000000000000e+03 2.139000000000000000e+03 1.596040903000000011e+00 2.337148194000000234e-01
2.139000000000000000e+03 2.140000000000000000e+03 1.282876748000000067e+00 2.017417669999999885e-01
2.140000000000000000e+03 2.141000000000000000e+03 8.097715920000000400e-01 2.093234964000000031e-01
2.141000000000000000e+03 2.142000000000000000e+03 9.947086269999999564e-01 1.510430379000000101e-01
2.142000000000000000e+03 2.143000000000000000e+03 9.573484530000000436e-01 1.264956402999999896e-01
2.143000000000000000e+03 2.144000000000000000e+03 7.713835130000000762e-01 1.191858790000000085e-01
2.144000000000000000e+03 2.145000000000000000e+03 3.301954952999999748e-01 9.776555019999999541e-02
2.145000000000000000e+03 2.146000000000000000e+03 2.135818369000000327e+00 2.939396360000000041e-01
2.146000000000000000e+03 2.147000000000000000e+03 1.867904172000000029e+00 3.219211160000000072e-01
2.147000000000000000e+03 2.148000000000000000e+03 1.314675777000000156e+00 2.714816156000000036e-01
2.148000000000000000e+03 2.149000000000000000e+03 1.371036722000000152e+00 2.625343581999999842e-01
2.149000000000000000e+03 2.150000000000000000e+03 9.798982580000000775e-01 2.320173872000000082e-01
2.150000000000000000e+03 2.151000000000000000e+03 9.917275920000000466e-01 2.139480601000000037e-01
2.151000000000000000e+03 2.152000000000000000e+03 8.529082040000000031e-01 2.074861939000000044e-01
2.152000000000000000e+03 2.153000000000000000e+03 9.333448800000000434e-01 1.627190452999999759e-01
2.153000000000000000e+03 2.154000000000000000e+03 5.381661877000000205e-01 1.343910289000000147e-01
2.154000000000000000e+03 2.155000000000000000e+03 5.598874999999999824e-01 1.104727201000000048e-01
2.155000000000000000e+03 2.156000000000000000e+03 5.728860490999999611e-01 8.587196789999999857e-02
2.156000000000000000e+03 2.157000000000000000e+03 1.868974536000000075e+00 3.258854610000000429e-01
2.157000000000000000e+03 2.158000000000000000e+03 1.477015415000000109e+00 3.038095590000000068e-01
2.158000000000000000e+03 2.159000000000000000e+03 1.580174167999999879e+00 2.455688788000000011e-01
2.159000000000000000e+03 2.160000000000000000e+03 1.877379772000000058e+00 2.469928529000000039e-01
2.160000000000000000e+03 2.161000000000000000e+03 1.640650184999999928e+00 2.336289866000000048e-01
2.161000000000000000e+03 2.162000000000000000e+03 1.308461075999999945e+00 1.822369031000000139e-01
2.162000000000000000e+03 2.163000000000000000e+03 1.231886480000000006e+00 1.698497474000000007e-01
2.163000000000000000e+03 2.164000000000000000e+03 6.612447510000000195e-01 1.628714621999999834e-01
2.164000000000000000e+03 2.165000000000000000e+03 6.289750139999999989e-01 1.389856450000000188e-01
2.165000000000000000e+03 2.166000000000000000e+03 5.810438129999999646e-01 1.084001121000000012e-01
2.166000000000000000e+03 2.167000000000000000e+03 3.354951314999999878e-01 8.312168250000000203e-02
2.167000000000000000e+03 2.168000000000000000e+03 1.088345303000000097e+00 3.077733879999999811e-01
2.168000000000000000e+03 2.169000000000000000e+03 1.774511071000000051e+00 2.883405920000000067e-01
2.169000000000000000e+03 2.170000000000000000e+03 1.733831676000000099e+00 2.534660621000000003e-01
2.170000000000000000e+03 2.171000000000000000e+03 1.436764963999999978e+00 2.311378069000000202e-01
2.171000000000000000e+03 2.172000000000000000e+03 1.063939559000000035e+00 2.299528465999999827e-01
2.172000000000000000e+03 2.173000000000000000e+03 1.483441915000000000e+00 2.206060025000000091e-01
2.173000000000000000e+03 2.174000000000000000e+03 9.357736829999999673e-01 1.608953519000000110e-01
2.174000000000000000e+03 2.175000000000000000e+03 6.512335870000000027e-01 1.850393330000000003e-01
2.175000000000000000e+03 2.176000000000000000e+03 2.606208221000000380e-01 1.343861974000000181e-01
2.176000000000000000e+03 2.177000000000000000e+03 5.316968617999999758e-01 9.963684500000000166e-02
2.177000000000000000e+03 2.178000000000000000e+03 4.514417364999999682e-01 9.646710000000000007e-02
2.178000000000000000e+03 2.179000000000000000e+03 1.930109584999999850e+00 2.514619737000000077e-01
2.179000000000000000e+03 2.180000000000000000e+03 1.719058246999999984e+00 2.799567309999999587e-01
2.180000000000000000e+03 2.181000000000000000e+03 1.320738181999999927e+00 3.237590390000000262e-01
2.181000000000000000e+03 2.182000000000000000e+03 1.176504278999999986e+00 2.405622380000000116e-01
2.182000000000000000e+03 2.183000000000000000e+03 1.212635613000000223e+00 2.023482461000000177e-01
2.183000000000000000e+03 2.184000000000000000e+03 1.059423881999999928e+00 2.245852929000000109e-01
2.184000000000000000e+03 2.185000000000000000e+03 1.199850233000000044e+00 1.808455528999999840e-01
2.185000000000000000e+03 2.186000000000000000e+03 6.713713949999999819e-01 1.437615978999999822e-01
2.186000000000000000e+03 2.187000000000000000e+03 9.862104020000000970e-01 1.306977115999999883e-01
2.187000000000000000e+03 2.188000000000000000e+03 7.271509379999999689e-01 1.030282705000000049e-01
2.188000000000000000e+03 2.189000000000000000e+03 4.101976111000000258e-01 9.517128569999999677e-02
2.189000000000000000e+03 2.190000000000000000e+03 1.921327618999999931e+00 2.665033403000000023e-01
2.190000000000000000e+03 2.191000000000000000e+03 1.701426617000000086e+00 2.688695302000000398e-01
2.191000000000000000e+03 2.192000000000000000e+03 9.143731130000000151e-01 2.854482340000000229e-01
2.192000000000000000e+03 2.193000000000000000e+03 1.696999799000000086e+00 2.204970599999999947e-01
2.193000000000000000e+03 2.194000000000000000e+03 1.383504486999999950e+00 2.022684599999999833e-01
2.194000000000000000e+03 2.195000000000000000e+03 1.055262978999999879e+00 2.084231894000000140e-01
2.195000000000000000e+03 2.196000000000000000e+03 1.216582006000000105e+00 1.705326712999999939e-01
2.196000000000000000e+03 2.197000000000000000e+03 1.051310438000000014e+00 1.491862176000000040e-01
2.197000000000000000e+03 2.198000000000000000e+03 6.879933619999999417e-01 1.336807821000000063e-01
2.198000000000000000e+03 2.199000000000000000e+03 5.867772172999999869e-01 1.139616794000000016e-01
2.199000000000000000e+03 2.200000000000000000e+03 3.712969911000000289e-01 8.894871209999999362e-02
2.200000000000000000e+03 2.201000000000000000e+03 1.548481607999999898e+00 2.507631992000000087e-01
2.201000000000000000e+03 2.202000000000000000e+03 1.689957600000000060e+00 2.672058783000000326e-01
2.202000000000000000e+03 2.203000000000000000e+03 1.740882473999999958e+00 2.899256989999999812e-01
2.203000000000000000e+03 2.204000000000000000e+03 1.637635868999999911e+00 2.249974142999999760e-01
2.204000000000000000e+03 2.205000000000000000e+03 1.372056367000000110e+00 1.866005363999999889e-01
2.205000000000000000e+03 2.206000000000000000e+03 1.077242580000000061e+00 2.086515170000000086e-01
2.206000000000000000e+03 2.207000000000000000e+03 9.932179380000000224e-01 1.802476168999999906e-01
2.207000000000000000e+03 2.208000000000000000e+03 1.013768361999999978e+00 1.505982251000000105e-01
2.208000000000000000e+03 2.209000000000000000e+03 7.264116279999999204e-01 1.305044767999999911e-01
2.209000000000000000e+03 2.210000000000000000e+03 5.770696439999999372e-01 1.102132304000000007e-01
2.210000000000000000e+03 2.211000000000000000e+03 3.752630464999999749e-01 7.548744529999999731e-02
2.211000000000000000e+03 2.212000000000000000e+03 1.779361059000000189e+00 2.858425259999999857e-01
2.212000000000000000e+03 2.213000000000000000e+03 1.001865572000000038e+00 2.808410089999999748e-01
2.213000000000000000e+03 2.214000000000000000e+03 1.536309162999999867e+00 2.775793492000000473e-01
2.214000000000000000e+03 2.215000000000000000e+03 1.369101963999999949e+00 2.636699295000000109e-01
2.215000000000000000e+03 2.216000000000000000e+03 1.286770302999999949e+00 2.238417628999999909e-01
2.216000000000000000e+03 2.217000000000000000e+03 1.256816488000000120e+00 2.018560798999999850e-01
2.217000000000000000e+03 2.218000000000000000e+03 9.059289289999999939e-01 1.824038969000000010e-01
2.218000000000000000e+03 2.219000000000000000e+03 7.143175850000000882e-01 1.473043012999999957e-01
2.219000000000000000e+03 2.220000000000000000e+03 6.957904129999999965e-01 1.239194571999999994e-01
2.220000000000000000e+03 2.221000000000000000e+03 4.433849509999999716e-01 1.023109390999999979e-01
2.221000000000000000e+03 2.222000000000000000e+03 3.732465897999999727e-01 9.092896329999999860e-02
2.222000000000000000e+03 2.223000000000000000e+03 1.892755858999999985e+00 2.962870819999999794e-01
2.223000000000000000e+03 2.224000000000000000e+03 1.303441180000000088e+00 2.545570407000000146e-01
2.224000000000000000e+03 2.225000000000000000e+03 9.246938439999999870e-01 2.257007967000000115e-01
2.225000000000000000e+03 2.226000000000000000e+03 1.284665716999999985e+00 2.257813969999999948e-01
2.226000000000000000e+03 2.227000000000000000e+03 1.214235305000000098e+00 2.075774129999999884e-01
2.227000000000000000e+03 2.228000000000000000e+03 9.286763340000000477e-01 1.833642829999999890e-01
2.228000000000000000e+03 2.229000000000000000e+03 9.799038589999999882e-01 1.669776015999999974e-01
2.229000000000000000e+03 2.230000000000000000e+03 8.969630969999999870e-01 1.414050890000000116e-01
2.230000000000000000e+03 2.231000000000000000e+03 5.403199079999999599e-01 1.195647849999999929e-01
2.231000000000000000e+03 2.232000000000000000e+03 5.415170510000000270e-01 1.104964925000000014e-01
2.232000000000000000e+03 2.233000000000000000e+03 3.266546421000000033e-01 7.973241379999999878e-02
2.233000000000000000e+03 2.234000000000000000e+03 1.554644637999999857e+00 2.514415648000000170e-01
2.234000000000000000e+03 2.235000000000000000e+03 1.759648491999999953e+00 2.434332006999999909e-01
2.235000000000000000e+03 2.236000000000000000e+03 1.615940777000000050e+00 2.426355655000000111e-01
2.236000000000000000e+03 2.237000000000000000e+03 1.504260982999999996e+00 2.383934823999999952e-01
2.237000000000000000e+03 2.238000000000000000e+03 1.026563359000000064e+00 1.851590516999999936e-01
2.238000000000000000e+03 2.239000000000000000e+03 1.186805611000000038e+00 1.954135035000000020e-01
2.239000000000000000e+03 2.240000000000000000e+03 8.037086800000000641e-01 1.824821698999999908e-01
2.240000000000000000e+03 2.241000000000000000e+03 6.955196609999999557e-01 1.330493550999999885e-01
2.241000000000000000e+03 2.242000000000000000e+03 7.209075029999999495e-01 1.293954287999999897e-01
2.242000000000000000e+03 2.243000000000000000e+03 5.419054366000000122e-01 1.029821635000000013e-01
2.243000000000000000e+03 2.244000000000000000e+03 3.553683903999999560e-01 7.176207090000000233e-02
2.244000000000000000e+03 2.245000000000000000e+03 1.833941869000000002e+00 2.548773892999999791e-01
2.245000000000000000e+03 2.246000000000000000e+03 1.819095909000000066e+00 2.265338920000000145e-01
2.246000000000000000e+03 2.247000000000000000e+03 9.015850549999999686e-01 3.016333719999999552e-01
2.247000000000000000e+03 2.248000000000000000e+03 7.680177209999999866e-01 2.909663009999999828e-01
2.248000000000000000e+03 2.249000000000000000e+03 1.320074827000000006e+00 2.024090453999999872e-01
2.249000000000000000e+03 2.250000000000000000e+03 7.660307109999999753e-01 1.919702534999999932e-01
2.250000000000000000e+03 2.251000000000000000e+03 7.560555470000001055e-01 1.813440873000000120e-01
2.251000000000000000e+03 2.252000000000000000e+03 6.189658540000000375e-01 1.320827016999999992e-01
2.252000000000000000e+03 2.253000000000000000e+03 7.551428310000000144e-01 1.401301507000000113e-01
2.253000000000000000e+03 2.254000000000000000e+03 3.975697127999999747e-01 1.048155682999999949e-01
2.254000000000000000e+03 2.255000000000000000e+03 3.406739554000000059e-01 8.304833929999999587e-02
2.255000000000000000e+03 2.256000000000000000e+03 1.733243188999999962e+00 2.473619497999999806e-01
2.256000000000000000e+03 2.257000000000000000e+03 1.868603306000000019e+00 2.508458567999999889e-01
2.257000000000000000e+03 2.258000000000000000e+03 1.792649272000000016e+00 2.549399351000000147e-01
2.258000000000000000e+03 2.259000000000000000e+03 2.023001830000000112e+00 2.808172084999999707e-01
2.259000000000000000e+03 2.260000000000000000e+03 8.936219100000000193e-01 1.858732999999999913e-01
2.260000000000000000e+03 2.261000000000000000e+03 1.019107989999999964e+00 1.747825570999999856e-01
2.261000000000000000e+03 2.262000000000000000e+03 1.228554512999999959e+00 1.614120041999999866e-01
2.262000000000000000e+03 2.263000000000000000e+03 8.931647820000000459e-01 1.327680665000000038e-01
2.263000000000000000e+03 2.264000000000000000e+03 5.529554359999999669e-01 1.430547520000000072e-01
2.264000000000000000e+03 2.265000000000000000e+03 5.269670479000000407e-01 9.849105450000000817e-02
2.265000000000000000e+03 2.266000000000000000e+03 3.254744612000000092e-01 7.897534239999999539e-02
2.266000000000000000e+03 2.267000000000000000e+03 1.260762334000000040e+00 2.726919622000000265e-01
2.267000000000000000e+03 2.268000000000000000e+03 1.538556086000000045e+00 2.425528836999999993e-01
2.268000000000000000e+03 2.269000000000000000e+03 1.487637148000000131e+00 2.513601178000000047e-01
2.269000000000000000e+03 2.270000000000000000e+03 1.251009848000000035e+00 2.620661370000000323e-01
2.270000000000000000e+03 2.271000000000000000e+03 1.057477562000000093e+00 1.959969095000000106e-01
2.271000000000000000e+03 2.272000000000000000e+03 1.109579215999999979e+00 1.816563110999999953e-01
2.272000000000000000e+03 2.273000000000000000e+03 8.931318770000000740e-01 1.757855110000000054e-01
2.273000000000000000e+03 2.274000000000000000e+03 9.100121720000000636e-01 1.250387859999999851e-01
2.274000000000000000e+03 2.275000000000000000e+03 3.993915042000000248e-01 1.244440467999999994e-01
2.275000000000000000e+03 2.276000000000000000e+03 3.501129486999999818e-01 9.050160949999999649e-02
2.276000000000000000e+03 2.277000000000000000e+03 4.198408929999999928e-01 7.890922350000000030e-02
2.277000000000000000e+03 2.278000000000000000e+03 1.769258825000000090e+00 2.353672870999999889e-01
2.278000000000000000e+03 2.279000000000000000e+03 1.306985426999999866e+00 2.728823436000000213e-01
2.279000000000000000e+03 2.280000000000000000e+03 1.795870558999999922e+00 2.529378003999999680e-01
2.280000000000000000e+03 2.281000000000000000e+03 1.035964098000000000e+00 2.408132246000000143e-01
2.281000000000000000e+03 2.282000000000000000e+03 1.240964042999999961e+00 1.782417042999999979e-01
2.282000000000000000e+03 2.283000000000000000e+03 8.244981510000000124e-01 1.648635552999999920e-01
2.283000000000000000e+03 2.284000000000000000e+03 7.520716109999999732e-01 1.754237141000000166e-01
2.284000000000000000e+03 2.285000000000000000e+03 7.988534160000000384e-01 1.214245434999999956e-01
2.285000000000000000e+03 2.286000000000000000e+03 5.619501140000000561e-01 1.239344733999999948e-01
2.286000000000000000e+03 2.287000000000000000e+03 5.200084171000000088e-01 1.023038807999999966e-01
2.287000000000000000e+03 2.288000000000000000e+03 2.308632790000000046e-01 8.032799510000000753e-02
2.288000000000000000e+03 2.289000000000000000e+03 1.836416513000000084e+00 2.510591581000000128e-01
2.289000000000000000e+03 2.290000000000000000e+03 1.405865366000000005e+00 2.214425543000000107e-01
2.290000000000000000e+03 2.291000000000000000e+03 1.213669643000000020e+00 2.474282636000000035e-01
2.291000000000000000e+03 2.292000000000000000e+03 1.130778763000000131e+00 2.352347672999999806e-01
2.292000000000000000e+03 2.293000000000000000e+03 1.525178058000000059e+00 1.903093855000000112e-01
2.293000000000000000e+03 2.294000000000000000e+03 8.824814990000000581e-01 1.803661998999999960e-01
2.294000000000000000e+03 2.295000000000000000e+03 7.909914689999999471e-01 1.709414853000000012e-01
2.295000000000000000e+03 2.296000000000000000e+03 8.626804180000000599e-01 1.191808458999999987e-01
2.296000000000000000e+03 2.297000000000000000e+03 5.264626020000000572e-01 1.175124433000000052e-01
2.297000000000000000e+03 2.298000000000000000e+03 4.157806007000000026e-01 9.076826450000000102e-02
2.298000000000000000e+03 2.299000000000000000e+03 2.612540772999999983e-01 7.309131639999999486e-02
2.299000000000000000e+03 2.300000000000000000e+03 1.320940469999999811e+00 2.731013056000000105e-01
2.300000000000000000e+03 2.301000000000000000e+03 1.868479819000000042e+00 2.166173883999999994e-01
2.301000000000000000e+03 2.302000000000000000e+03 1.426985596999999828e+00 2.250155244999999804e-01
2.302000000000000000e+03 2.303000000000000000e+03 1.168433041999999977e+00 2.438988443000000006e-01
2.303000000000000000e+03 2.304000000000000000e+03 1.434442655000000011e+00 1.749958212000000124e-01
2.304000000000000000e+03 2.305000000000000000e+03 1.361611895000000017e+00 1.660340156000000011e-01
2.305000000000000000e+03 2.306000000000000000e+03 7.370561449999999404e-01 1.487112539000000067e-01
2.306000000000000000e+03 2.307000000000000000e+03 5.598700689999999147e-01 1.364154924999999852e-01
2.307000000000000000e+03 2.308000000000000000e+03 6.626552660000000206e-01 1.205575493999999914e-01
2.308000000000000000e+03 2.309000000000000000e+03 4.948861296000000021e-01 1.074178359000000083e-01
2.309000000000000000e+03 2.310000000000000000e+03 5.107788144999999558e-01 7.640115819999999947e-02
2.310000000000000000e+03 2.311000000000000000e+03 1.745114242000000093e+00 2.512293986999999951e-01
2.311000000000000000e+03 2.312000000000000000e+03 1.751866804999999916e+00 2.444563911999999839e-01
2.312000000000000000e+03 2.313000000000000000e+03 1.243346607999999964e+00 2.049819662000000042e-01
2.313000000000000000e+03 2.314000000000000000e+03 1.110589714000000061e+00 1.953257797999999879e-01
2.314000000000000000e+03 2.315000000000000000e+03 1.383876592000000016e+00 1.869566002999999976e-01
2.315000000000000000e+03 2.316000000000000000e+03 9.984943459999999771e-01 1.692398697999999979e-01
2.316000000000000000e+03 2.317000000000000000e+03 8.941620109999999233e-01 1.536567419000000045e-01
2.317000000000000000e+03 2.318000000000000000e+03 8.447189479999999140e-01 1.253882551000000123e-01
2.318000000000000000e+03 2.319000000000000000e+03 7.255846930000000583e-01 1.092982591999999975e-01
2.319000000000000000e+03 2.320000000000000000e+03 5.001506037999999821e-01 9.629995250000000784e-02
2.320000000000000000e+03 2.321000000000000000e+03 2.114715077300000079e-01 7.756579890000001032e-02
2.321000000000000000e+03 2.322000000000000000e+03 1.242168688000000021e+00 2.530346352000000243e-01
2.322000000000000000e+03 2.323000000000000000e+03 7.674670829999999944e-01 2.468069540000000228e-01
2.323000000000000000e+03 2.324000000000000000e+03 1.381138489000000025e+00 2.199966958999999833e-01
2.324000000000000000e+03 2.325000000000000000e+03 9.341425859999999970e-01 2.045200867000000200e-01
2.325000000000000000e+03 2.326000000000000000e+03 1.263128896999999862e+00 1.880568182000000033e-01
2.326000000000000000e+03 2.327000000000000000e+03 9.573130799999999274e-01 1.619042965999999972e-01
2.327000000000000000e+03 2.328000000000000000e+03 1.059921639999999998e+00 1.765189548999999969e-01
2.328000000000000000e+03 2.329000000000000000e+03 4.865142390000000150e-01 1.541517269000000079e-01
2.329000000000000000e+03 2.330000000000000000e+03 4.995709449999999885e-01 1.164207376999999988e-01
2.330000000000000000e+03 2.331000000000000000e+03 4.926131592999999920e-01 1.024714393000000084e-01
2.331000000000000000e+03 2.332000000000000000e+03 3.212447967000000015e-01 8.328602810000000634e-02
2.332000000000000000e+03 2.333000000000000000e+03 1.559816298999999962e+00 2.761863190999999662e-01
2.333000000000000000e+03 2.334000000000000000e+03 1.101779252000000042e+00 2.523847170999999889e-01
2.334000000000000000e+03 2.335000000000000000e+03 1.189609168999999911e+00 2.494020945000000045e-01
2.335000000000000000e+03 2.336000000000000000e+03 1.820396475999999986e+00 2.000585951999999945e-01
2.336000000000000000e+03 2.337000000000000000e+03 1.028413719000000004e+00 1.739786355000000062e-01
2.337000000000000000e+03 2.338000000000000000e+03 9.224508790000000014e-01 1.744639392999999816e-01
2.338000000000000000e+03 2.339000000000000000e+03 8.297712409999999927e-01 1.410803351000000094e-01
2.339000000000000000e+03 2.340000000000000000e+03 8.209453639999999552e-01 1.225093027000000029e-01
2.340000000000000000e+03 2.341000000000000000e+03 4.015810623000000135e-01 1.160616988000000016e-01
2.341000000000000000e+03 2.342000000000000000e+03 3.969400124999999946e-01 1.063126677000000020e-01
2.342000000000000000e+03 2.343000000000000000e+03 2.472827150000000140e-01 6.920530115999999621e-02
2.343000000000000000e+03 2.344000000000000000e+03 1.258551204999999840e+00 2.688929741000000151e-01
2.344000000000000000e+03 2.345000000000000000e+03 1.568905933000000141e+00 2.416399683999999881e-01
2.345000000000000000e+03 2.346000000000000000e+03 1.143438755000000029e+00 2.311217798999999906e-01
2.346000000000000000e+03 2.347000000000000000e+03 1.072805183000000051e+00 2.253650105999999986e-01
2.347000000000000000e+03 2.348000000000000000e+03 1.290904564000000088e+00 1.977207015000000123e-01
2.348000000000000000e+03 2.349000000000000000e+03 1.199758866000000035e+00 1.495246887999999996e-01
2.349000000000000000e+03 2.350000000000000000e+03 6.749388490000000074e-01 1.496035787000000172e-01
2.350000000000000000e+03 2.351000000000000000e+03 7.463361570000000000e-01 1.430898171999999968e-01
2.351000000000000000e+03 2.352000000000000000e+03 5.976893309999999904e-01 1.086959432000000059e-01
2.352000000000000000e+03 2.353000000000000000e+03 2.996133565999999915e-01 8.919107979999998936e-02
2.353000000000000000e+03 2.354000000000000000e+03 3.770723235999999812e-01 8.205433650000000523e-02
2.354000000000000000e+03 2.355000000000000000e+03 1.491798759000000141e+00 2.396170095999999861e-01
2.355000000000000000e+03 2.356000000000000000e+03 1.181679133999999909e+00 2.490501830000000083e-01
2.356000000000000000e+03 2.357000000000000000e+03 1.303559898000000050e+00 2.139598481999999968e-01
2.357000000000000000e+03 2.358000000000000000e+03 9.850638609999999851e-01 1.849141031000000046e-01
2.358000000000000000e+03 2.359000000000000000e+03 1.154060107000000057e+00 1.700504480000000207e-01
2.359000000000000000e+03 2.360000000000000000e+03 1.048956508999999926e+00 1.721962347999999865e-01
2.360000000000000000e+03 2.361000000000000000e+03 8.595402899999999846e-01 1.430450420000000111e-01
2.361000000000000000e+03 2.362000000000000000e+03 4.924603200000000069e-01 1.116426941000000089e-01
2.362000000000000000e+03 2.363000000000000000e+03 6.548726809999999565e-01 1.190070309999999992e-01
2.363000000000000000e+03 2.364000000000000000e+03 3.046314187999999978e-01 9.311862230000000906e-02
2.364000000000000000e+03 2.365000000000000000e+03 1.755058552999999855e-01 7.108234649999999044e-02
2.365000000000000000e+03 2.366000000000000000e+03 1.215379935000000078e+00 2.144228290999999897e-01
2.366000000000000000e+03 2.367000000000000000e+03 1.498023191000000143e+00 2.275742411000000187e-01
2.367000000000000000e+03 2.368000000000000000e+03 9.587516860000000474e-01 1.888617642000000041e-01
2.368000000000000000e+03 2.369000000000000000e+03 1.075064614999999835e+00 2.089901539000000030e-01
2.369000000000000000e+03 2.370000000000000000e+03 8.171039810000000347e-01 1.688518051000000020e-01
2.370000000000000000e+03 2.371000000000000000e+03 6.790919489999999170e-01 1.757873601000000119e-01
2.371000000000000000e+03 2.372000000000000000e+03 5.622883290000000311e-01 1.450229648999999954e-01
2.372000000000000000e+03 2.373000000000000000e+03 5.017096759999999378e-01 1.336915945000000105e-01
2.373000000000000000e+03 2.374000000000000000e+03 5.522727711999999567e-01 1.022983687000000030e-01
2.374000000000000000e+03 2.375000000000000000e+03 6.066306289999999768e-01 8.959417170000000263e-02
2.375000000000000000e+03 2.376000000000000000e+03 2.094252159999999974e-01 6.465428820000000687e-02
2.376000000000000000e+03 2.377000000000000000e+03 1.220955492999999947e+00 2.582775895000000155e-01
2.377000000000000000e+03 2.378000000000000000e+03 1.457717171000000089e+00 2.247515820999999858e-01
2.378000000000000000e+03 2.379000000000000000e+03 1.534540032999999859e+00 2.185043879999999938e-01
2.379000000000000000e+03 2.380000000000000000e+03 9.138036050000000188e-01 2.001261657000000249e-01
2.380000000000000000e+03 2.381000000000000000e+03 9.787908240000000593e-01 1.981981178000000177e-01
2.381000000000000000e+03 2.382000000000000000e+03 7.784094150000000489e-01 1.660833311999999895e-01
2.382000000000000000e+03 2.383000000000000000e+03 6.978196850000000229e-01 1.364736169000000110e-01
2.383000000000000000e+03 2.384000000000000000e+03 4.929116381000000491e-01 1.426626754000000219e-01
2.384000000000000000e+03 2.385000000000000000e+03 5.610635286999999805e-01 9.052976740000000244e-02
2.385000000000000000e+03 2.386000000000000000e+03 3.805585029999999924e-01 8.582638800000000345e-02
2.386000000000000000e+03 2.387000000000000000e+03 2.592325124999999564e-01 7.078202969999999872e-02
2.387000000000000000e+03 2.388000000000000000e+03 1.057964405999999968e+00 2.272859760000000007e-01
2.388000000000000000e+03 2.389000000000000000e+03 9.625305830000000507e-01 2.247499538999999935e-01
2.389000000000000000e+03 2.390000000000000000e+03 1.207058629000000050e+00 2.051445296999999945e-01
2.390000000000000000e+03 2.391000000000000000e+03 1.132440985999999983e+00 2.007964916999999960e-01
2.391000000000000000e+03 2.392000000000000000e+03 1.257138619000000013e+00 2.123479282999999884e-01
2.392000000000000000e+03 2.393000000000000000e+03 9.467708319999998956e-01 1.722610883999999842e-01
2.393000000000000000e+03 2.394000000000000000e+03 7.184648160000000061e-01 1.318184748000000017e-01
2.394000000000000000e+03 2.395000000000000000e+03 7.387214989999999482e-01 1.283717983000000062e-01
2.395000000000000000e+03 2.396000000000000000e+03 7.026059839999999612e-01 1.128369516999999933e-01
2.396000000000000000e+03 2.397000000000000000e+03 4.975706838000000243e-01 1.043557657999999999e-01
2.397000000000000000e+03 2.398000000000000000e+03 3.889873098999999668e-01 8.659885210000001221e-02
2.398000000000000000e+03 2.399000000000000000e+03 1.435686443999999895e+00 2.047597164000000136e-01
2.399000000000000000e+03 2.400000000000000000e+03 9.624128119999999509e-01 2.486665516999999881e-01
2.400000000000000000e+03 2.401000000000000000e+03 1.195801016999999966e+00 2.166481956999999903e-01
2.401000000000000000e+03 2.402000000000000000e+03 1.207773136999999997e+00 1.916958768999999785e-01
2.402000000000000000e+03 2.403000000000000000e+03 1.203218490999999890e+00 1.621033075999999962e-01
2.403000000000000000e+03 2.404000000000000000e+03 8.747336259999999308e-01 1.309080692999999851e-01
2.404000000000000000e+03 2.405000000000000000e+03 7.281627309999999520e-01 1.410948137999999963e-01
2.405000000000000000e+03 2.406000000000000000e+03 7.443385849999999415e-01 1.219378457999999998e-01
2.406000000000000000e+03 2.407000000000000000e+03 5.963558869999999734e-01 8.939365690000000697e-02
2.407000000000000000e+03 2.408000000000000000e+03 4.834877182999999801e-01 9.360052640000000868e-02
2.408000000000000000e+03 2.409000000000000000e+03 1.409169872999999906e-01 3.294677401000000588e-02
2.409000000000000000e+03 2.410000000000000000e+03 1.263844846000000022e+00 2.628243710000000011e-01
2.410000000000000000e+03 2.411000000000000000e+03 1.176099220000000001e+00 2.376174588999999948e-01
2.411000000000000000e+03 2.412000000000000000e+03 1.202648027999999814e+00 2.035220399999999874e-01
2.412000000000000000e+03 2.413000000000000000e+03 1.031613792000000140e+00 1.799011262999999916e-01
2.413000000000000000e+03 2.414000000000000000e+03 1.382396085000000108e+00 2.525761408000000152e-01
2.414000000000000000e+03 2.415000000000000000e+03 8.158814300000000186e-01 1.439790511000000051e-01
2.415000000000000000e+03 2.416000000000000000e+03 7.666065040000000774e-01 1.527013371999999813e-01
2.416000000000000000e+03 2.417000000000000000e+03 7.047214039999999402e-01 1.090024606000000035e-01
2.417000000000000000e+03 2.418000000000000000e+03 4.756270861999999933e-01 1.023915893000000021e-01
2.418000000000000000e+03 2.419000000000000000e+03 2.424740036000000154e-01 8.355253990000000019e-02
2.419000000000000000e+03 2.420000000000000000e+03 2.518534916999999873e-01 6.422981510000000394e-02
2.420000000000000000e+03 2.421000000000000000e+03 1.453377962000000023e+00 2.194412624999999839e-01
2.421000000000000000e+03 2.422000000000000000e+03 1.967069791000000123e+00 2.556993463000000189e-01
2.422000000000000000e+03 2.423000000000000000e+03 1.470699746999999835e+00 2.061984723999999991e-01
2.423000000000000000e+03 2.424000000000000000e+03 7.625414120000000295e-01 1.716022833999999997e-01
2.424000000000000000e+03 2.425000000000000000e+03 8.459400249999999843e-01 1.832006438999999876e-01
2.425000000000000000e+03 2.426000000000000000e+03 1.041495057999999974e+00 1.522242194999999798e-01
2.426000000000000000e+03 2.427000000000000000e+03 8.198310079999999722e-01 1.471691977000000040e-01
2.427000000000000000e+03 2.428000000000000000e+03 5.732740929999999846e-01 1.153141843000000111e-01
2.428000000000000000e+03 2.429000000000000000e+03 5.960946429999999241e-01 1.086750830000000057e-01
2.429000000000000000e+03 2.430000000000000000e+03 4.577801364999999900e-01 8.354689939999999926e-02
2.430000000000000000e+03 2.431000000000000000e+03 2.805118654400000078e-01 5.969989989999999885e-02
2.431000000000000000e+03 2.432000000000000000e+03 1.275313810999999964e+00 2.067678156999999961e-01
2.432000000000000000e+03 2.433000000000000000e+03 1.500712217000000015e+00 2.263753729000000103e-01
2.433000000000000000e+03 2.434000000000000000e+03 8.076324030000000542e-01 2.122489542999999868e-01
2.434000000000000000e+03 2.435000000000000000e+03 9.454208119999999438e-01 1.884161619999999981e-01
2.435000000000000000e+03 2.436000000000000000e+03 9.438949679999999454e-01 1.630727970999999998e-01
2.436000000000000000e+03 2.437000000000000000e+03 6.374718400000000118e-01 1.519561868000000038e-01
2.437000000000000000e+03 2.438000000000000000e+03 7.756484370000000794e-01 1.411407106000000244e-01
2.438000000000000000e+03 2.439000000000000000e+03 6.095133069999999487e-01 1.069662789999999974e-01
2.439000000000000000e+03 2.440000000000000000e+03 5.444476120000000252e-01 1.110175706000000040e-01
2.440000000000000000e+03 2.441000000000000000e+03 2.463739645000000145e-01 7.749309120000000273e-02
2.441000000000000000e+03 2.442000000000000000e+03 2.990407983000000214e-01 5.684242042999999855e-02
2.442000000000000000e+03 2.443000000000000000e+03 1.256191480999999888e+00 2.054325123999999891e-01
2.443000000000000000e+03 2.444000000000000000e+03 4.685545489999999869e-01 2.376444895999999807e-01
2.444000000000000000e+03 2.445000000000000000e+03 1.429239217999999978e+00 2.208472092000000053e-01
2.445000000000000000e+03 2.446000000000000000e+03 6.243985679999999316e-01 1.948577279999999801e-01
2.446000000000000000e+03 2.447000000000000000e+03 9.888066730000000248e-01 1.759370201000000078e-01
2.447000000000000000e+03 2.448000000000000000e+03 9.114490659999999744e-01 1.626861916999999824e-01
2.448000000000000000e+03 2.449000000000000000e+03 7.252530870000000185e-01 1.229640545000000029e-01
2.449000000000000000e+03 2.450000000000000000e+03 3.678789892000000061e-01 1.089814794999999920e-01
2.450000000000000000e+03 2.451000000000000000e+03 4.255769158999999635e-01 9.869959909999999337e-02
2.451000000000000000e+03 2.452000000000000000e+03 2.955614549999999729e-01 8.621386039999999473e-02
2.452000000000000000e+03 2.453000000000000000e+03 2.633793470000000414e-01 5.994101739999999762e-02
2.453000000000000000e+03 2.454000000000000000e+03 1.368069965999999971e+00 2.088949401999999900e-01
2.454000000000000000e+03 2.455000000000000000e+03 1.583291043000000009e+00 2.132562540000000062e-01
2.455000000000000000e+03 2.456000000000000000e+03 1.154007757000000023e+00 1.914474810000000027e-01
2.456000000000000000e+03 2.457000000000000000e+03 1.148225338000000040e+00 1.871884806999999928e-01
2.457000000000000000e+03 2.458000000000000000e+03 8.300307060000000625e-01 2.026986916999999888e-01
2.458000000000000000e+03 2.459000000000000000e+03 5.400135670000000276e-01 1.590282910999999966e-01
2.459000000000000000e+03 2.460000000000000000e+03 8.447107829999999096e-01 1.097089627000000095e-01
2.460000000000000000e+03 2.461000000000000000e+03 4.774307780000000001e-01 1.152828689000000018e-01
2.461000000000000000e+03 2.462000000000000000e+03 4.527077461000000302e-01 1.058471616000000032e-01
2.462000000000000000e+03 2.463000000000000000e+03 3.111095260000000251e-01 8.365161759999999169e-02
2.463000000000000000e+03 2.464000000000000000e+03 2.953125467000000115e-01 6.608087949999999489e-02
2.464000000000000000e+03 2.465000000000000000e+03 1.066017293999999893e+00 2.464551857000000235e-01
2.465000000000000000e+03 2.466000000000000000e+03 1.244517375000000037e+00 1.890902284000000044e-01
2.466000000000000000e+03 2.467000000000000000e+03 1.186610739000000025e+00 1.906938597000000235e-01
2.467000000000000000e+03 2.468000000000000000e+03 1.101714301999999979e+00 1.788171290999999996e-01
2.468000000000000000e+03 2.469000000000000000e+03 8.347343649999999782e-01 1.657906487000000151e-01
2.469000000000000000e+03 2.470000000000000000e+03 7.790187600000000323e-01 1.628624177999999922e-01
2.470000000000000000e+03 2.471000000000000000e+03 5.463905449999999497e-01 1.285122099000000073e-01
2.471000000000000000e+03 2.472000000000000000e+03 5.431796159999999762e-01 1.066910362000000057e-01
2.472000000000000000e+03 2.473000000000000000e+03 3.203578343999999856e-01 9.002442289999999792e-02
2.473000000000000000e+03 2.474000000000000000e+03 2.599897878999999912e-01 8.381104410000000948e-02
2.474000000000000000e+03 2.475000000000000000e+03 2.401842421999999810e-01 6.589127329999999727e-02
2.475000000000000000e+03 2.476000000000000000e+03 9.302279609999999366e-01 2.493483137999999988e-01
2.476000000000000000e+03 2.477000000000000000e+03 7.367848839999999733e-01 2.123885276000000155e-01
2.477000000000000000e+03 2.478000000000000000e+03 1.017653251000000036e+00 1.960152354000000152e-01
2.478000000000000000e+03 2.479000000000000000e+03 1.176863067000000207e+00 1.878555583000000029e-01
2.479000000000000000e+03 2.480000000000000000e+03 6.807480100000000700e-01 1.646661154999999876e-01
2.480000000000000000e+03 2.481000000000000000e+03 9.481599320000000386e-01 1.268369983000000034e-01
2.481000000000000000e+03 2.482000000000000000e+03 6.330915480000000040e-01 1.219616008999999945e-01
2.482000000000000000e+03 2.483000000000000000e+03 5.726402839999999994e-01 1.050932266000000059e-01
2.483000000000000000e+03 2.484000000000000000e+03 7.216523349999999226e-01 1.027130807999999951e-01
2.484000000000000000e+03 2.485000000000000000e+03 3.023070863000000275e-01 8.019040839999999615e-02
2.485000000000000000e+03 2.486000000000000000e+03 2.518997088999999634e-01 6.168465929999999986e-02
2.486000000000000000e+03 2.487000000000000000e+03 1.103418720999999936e+00 2.352410926999999874e-01
2.487000000000000000e+03 2.488000000000000000e+03 1.439315311000000097e+00 2.221173706999999831e-01
2.488000000000000000e+03 2.489000000000000000e+03 1.202703529000000104e+00 1.905457954999999759e-01
2.489000000000000000e+03 2.490000000000000000e+03 4.907101420000000158e-01 2.273215748999999897e-01
2.490000000000000000e+03 2.491000000000000000e+03 6.669241660000000405e-01 1.695654031000000117e-01
2.491000000000000000e+03 2.492000000000000000e+03 8.217812800000000584e-01 1.297345944000000140e-01
2.492000000000000000e+03 2.493000000000000000e+03 7.453946820000000306e-01 1.195850180999999957e-01
2.493000000000000000e+03 2.494000000000000000e+03 4.552940644999999842e-01 9.699402990000000058e-02
2.494000000000000000e+03 2.495000000000000000e+03 4.017696545999999702e-01 1.066923168000000061e-01
2.495000000000000000e+03 2.496000000000000000e+03 4.852773054999999780e-01 7.842970009999999936e-02
2.496000000000000000e+03 2.497000000000000000e+03 2.489037225000000075e-01 5.941964069999999820e-02
2.497000000000000000e+03 2.498000000000000000e+03 1.213872440999999913e+00 1.940025925000000151e-01
2.498000000000000000e+03 2.499000000000000000e+03 1.301975625000000081e+00 2.261125300999999865e-01
2.499000000000000000e+03 2.500000000000000000e+03 1.105897681999999937e+00 1.878045141000000140e-01
2.500000000000000000e+03 2.501000000000000000e+03 1.092963359999999939e+00 1.783379538000000042e-01
2.501000000000000000e+03 2.502000000000000000e+03 8.687340230000000219e-01 1.577319697000000021e-01
2.502000000000000000e+03 2.503000000000000000e+03 7.278117749999999386e-01 1.369752687999999941e-01
2.503000000000000000e+03 2.504000000000000000e+03 6.336776029999999782e-01 1.392779298999999860e-01
2.504000000000000000e+03 2.505000000000000000e+03 5.502898099999999904e-01 9.930869939999999174e-02
2.505000000000000000e+03 2.506000000000000000e+03 4.044135923000000132e-01 7.540553980000000434e-02
2.506000000000000000e+03 2.507000000000000000e+03 3.179003852000000241e-01 6.524821179999999721e-02
2.507000000000000000e+03 2.508000000000000000e+03 2.320934245000000062e-01 6.824927910000000431e-02
2.508000000000000000e+03 2.509000000000000000e+03 5.405691719999999867e-01 2.482279732999999877e-01
2.509000000000000000e+03 2.510000000000000000e+03 1.063055089999999980e+00 1.926365237000000064e-01
2.510000000000000000e+03 2.511000000000000000e+03 1.335901771999999932e+00 1.786752895000000008e-01
2.511000000000000000e+03 2.512000000000000000e+03 1.122337211999999917e+00 1.946624286000000204e-01
2.512000000000000000e+03 2.513000000000000000e+03 6.554880589999999563e-01 1.517399765999999928e-01
2.513000000000000000e+03 2.514000000000000000e+03 8.727648789999999934e-01 1.301159095999999959e-01
2.514000000000000000e+03 2.515000000000000000e+03 7.733774089999999601e-01 1.276196135000000065e-01
2.515000000000000000e+03 2.516000000000000000e+03 5.290275679999999481e-01 1.165972940999999985e-01
2.516000000000000000e+03 2.517000000000000000e+03 3.345276878000000287e-01 5.801762251999999925e-02
2.517000000000000000e+03 2.518000000000000000e+03 3.510077610999999820e-01 7.304291920000000049e-02
2.518000000000000000e+03 2.519000000000000000e+03 2.419512372899999819e-01 7.091498469999998888e-02
2.519000000000000000e+03 2.520000000000000000e+03 1.284188408999999975e+00 1.947668770999999854e-01
2.520000000000000000e+03 2.521000000000000000e+03 1.692494284999999987e+00 1.978115646999999977e-01
2.521000000000000000e+03 2.522000000000000000e+03 1.021875183999999992e+00 2.099947242000000103e-01
2.522000000000000000e+03 2.523000000000000000e+03 8.372887099999999361e-01 1.706102063000000113e-01
2.523000000000000000e+03 2.524000000000000000e+03 1.013044250999999951e+00 1.695475669000000019e-01
2.524000000000000000e+03 2.525000000000000000e+03 6.295393460000000552e-01 1.409701577999999955e-01
2.525000000000000000e+03 2.526000000000000000e+03 6.776898729999999427e-01 1.239857134000000027e-01
2.526000000000000000e+03 2.527000000000000000e+03 6.015411529999999951e-01 1.126602484999999904e-01
2.527000000000000000e+03 2.528000000000000000e+03 3.734845525000000110e-01 9.875012040000000213e-02
2.528000000000000000e+03 2.529000000000000000e+03 3.429039691999999917e-01 8.401787720000000736e-02
2.529000000000000000e+03 2.530000000000000000e+03 2.150397907999999914e-01 6.665165239999999713e-02
2.530000000000000000e+03 2.531000000000000000e+03 1.512945873999999913e+00 1.991147282999999879e-01
2.531000000000000000e+03 2.532000000000000000e+03 8.268167889999999964e-01 2.150709417000000179e-01
2.532000000000000000e+03 2.533000000000000000e+03 1.087826870000000001e+00 1.951059504000000056e-01
2.533000000000000000e+03 2.534000000000000000e+03 7.579286530000000077e-01 1.820985526000000188e-01
2.534000000000000000e+03 2.535000000000000000e+03 7.878901929999999609e-01 1.516201570000000054e-01
2.535000000000000000e+03 2.536000000000000000e+03 7.652394629999998976e-01 1.389754266000000071e-01
2.536000000000000000e+03 2.537000000000000000e+03 7.421634129999999940e-01 1.180256911000000103e-01
2.537000000000000000e+03 2.538000000000000000e+03 4.935561459999999734e-01 1.034492445000000094e-01
2.538000000000000000e+03 2.539000000000000000e+03 2.531109031000000065e-01 9.446744470000000005e-02
2.539000000000000000e+03 2.540000000000000000e+03 2.679675390999999851e-01 5.904868820000000462e-02
2.540000000000000000e+03 2.541000000000000000e+03 3.998283006000000195e-01 5.497235489999999919e-02
2.541000000000000000e+03 2.542000000000000000e+03 9.935821830000000077e-01 2.268153602000000102e-01
2.542000000000000000e+03 2.543000000000000000e+03 1.150801414000000022e+00 1.990333670999999971e-01
2.543000000000000000e+03 2.544000000000000000e+03 7.747087639999999942e-01 2.067673084999999966e-01
2.544000000000000000e+03 2.545000000000000000e+03 8.361008620000000002e-01 1.776561660000000042e-01
2.545000000000000000e+03 2.546000000000000000e+03 1.161762083999999806e+00 1.608507564999999973e-01
2.546000000000000000e+03 2.547000000000000000e+03 1.091523688999999964e+00 1.507894087000000161e-01
2.547000000000000000e+03 2.548000000000000000e+03 7.520072389999999940e-01 1.287689392999999960e-01
2.548000000000000000e+03 2.549000000000000000e+03 5.789174879999999801e-01 1.091693128000000013e-01
2.549000000000000000e+03 2.550000000000000000e+03 4.859624093000000089e-01 7.991233100000000311e-02
2.550000000000000000e+03 2.551000000000000000e+03 3.459952182000000098e-01 3.662262377000000124e-02
2.551000000000000000e+03 2.552000000000000000e+03 1.473023487028999878e-01 5.207852799999999893e-02
2.552000000000000000e+03 2.553000000000000000e+03 1.067908905000000130e+00 2.411988955000000101e-01
2.553000000000000000e+03 2.554000000000000000e+03 1.011187596999999938e+00 2.146576441999999973e-01
2.554000000000000000e+03 2.555000000000000000e+03 9.999184100000000353e-01 1.992024178999999839e-01
2.555000000000000000e+03 2.556000000000000000e+03 1.111060217999999988e+00 1.489211463000000013e-01
2.556000000000000000e+03 2.557000000000000000e+03 5.451374509999999951e-01 1.548625218000000137e-01
2.557000000000000000e+03 2.558000000000000000e+03 8.361571880000000512e-01 1.534466982999999896e-01
2.558000000000000000e+03 2.559000000000000000e+03 5.153447580000000139e-01 1.419418466000000045e-01
2.559000000000000000e+03 2.560000000000000000e+03 6.085635770000000777e-01 1.033650180999999973e-01
2.560000000000000000e+03 2.561000000000000000e+03 4.390241042999999954e-01 8.161713839999999720e-02
2.561000000000000000e+03 2.562000000000000000e+03 2.221260446000000166e-01 7.946230240000000389e-02
2.562000000000000000e+03 2.563000000000000000e+03 3.067274214999999860e-01 5.401789340000000272e-02
2.563000000000000000e+03 2.564000000000000000e+03 7.951615879999999192e-01 2.203042434999999966e-01
2.564000000000000000e+03 2.565000000000000000e+03 8.517814769999999536e-01 1.805431312999999927e-01
2.565000000000000000e+03 2.566000000000000000e+03 8.513002740000000790e-01 1.965027206999999942e-01
2.566000000000000000e+03 2.567000000000000000e+03 8.587078420000000545e-01 1.769989346000000185e-01
2.567000000000000000e+03 2.568000000000000000e+03 9.869063619999999259e-01 1.399602184999999832e-01
2.568000000000000000e+03 2.569000000000000000e+03 4.858450679999999910e-01 1.069847355999999916e-01
2.569000000000000000e+03 2.570000000000000000e+03 8.247485609999999356e-01 1.236615235000000090e-01
2.570000000000000000e+03 2.571000000000000000e+03 5.487314590000000880e-01 9.507501529999999590e-02
2.571000000000000000e+03 2.572000000000000000e+03 3.936979099999999843e-01 7.737179299999999427e-02
2.572000000000000000e+03 2.573000000000000000e+03 3.384956955999999795e-01 6.216541190000000189e-02
2.573000000000000000e+03 2.574000000000000000e+03 1.792633717000000071e-01 5.222303306000000006e-02
2.574000000000000000e+03 2.575000000000000000e+03 1.209618037000000035e+00 1.919735610999999953e-01
2.575000000000000000e+03 2.576000000000000000e+03 1.125942862999999905e+00 1.732465920000000048e-01
2.576000000000000000e+03 2.577000000000000000e+03 9.936881260000000049e-01 1.645456886000000174e-01
2.577000000000000000e+03 2.578000000000000000e+03 1.019918534999999959e+00 1.777574628999999962e-01
2.578000000000000000e+03 2.579000000000000000e+03 9.761824690000000526e-01 1.582278803000000122e-01
2.579000000000000000e+03 2.580000000000000000e+03 7.936243219999999932e-01 1.312629473999999963e-01
2.580000000000000000e+03 2.581000000000000000e+03 6.846778749999999913e-01 1.176249238999999974e-01
2.581000000000000000e+03 2.582000000000000000e+03 3.721320102999999824e-01 1.065894643000000058e-01
2.582000000000000000e+03 2.583000000000000000e+03 3.342401677000000348e-01 7.462792639999998867e-02
2.583000000000000000e+03 2.584000000000000000e+03 3.596346444999999892e-01 7.963203469999999284e-02
2.584000000000000000e+03 2.585000000000000000e+03 1.981397706999999953e-01 4.644433474000000256e-02
2.585000000000000000e+03 2.586000000000000000e+03 1.140722871999999999e+00 1.828098932999999982e-01
2.586000000000000000e+03 2.587000000000000000e+03 6.496717279999999484e-01 1.993136648999999927e-01
2.587000000000000000e+03 2.588000000000000000e+03 9.062973100000000226e-01 1.500475651999999827e-01
2.588000000000000000e+03 2.589000000000000000e+03 6.694551599999999381e-01 1.586326665999999996e-01
2.589000000000000000e+03 2.590000000000000000e+03 7.039618680000000461e-01 1.564099929000000166e-01
2.590000000000000000e+03 2.591000000000000000e+03 7.393045450000000907e-01 9.718701279999999998e-02
2.591000000000000000e+03 2.592000000000000000e+03 5.216789619999999683e-01 1.372520537000000151e-01
2.592000000000000000e+03 2.593000000000000000e+03 3.143516572999999759e-01 9.125645679999999649e-02
2.593000000000000000e+03 2.594000000000000000e+03 4.133795755999999932e-01 6.090707960000000393e-02
2.594000000000000000e+03 2.595000000000000000e+03 2.874934902000000347e-01 6.648104030000000220e-02
2.595000000000000000e+03 2.596000000000000000e+03 3.117171100999999722e-01 4.949905622999999782e-02
2.596000000000000000e+03 2.597000000000000000e+03 8.336022299999999996e-01 2.031887645999999881e-01
2.597000000000000000e+03 2.598000000000000000e+03 1.112836810999999981e+00 1.919858173000000001e-01
2.598000000000000000e+03 2.599000000000000000e+03 9.982197640000000094e-01 1.752854933999999920e-01
2.599000000000000000e+03 2.600000000000000000e+03 7.281527870000000791e-01 1.565984461999999910e-01
2.600000000000000000e+03 2.601000000000000000e+03 7.027761820000000270e-01 1.630844707999999921e-01
2.601000000000000000e+03 2.602000000000000000e+03 7.149055840000000384e-01 1.231374372000000050e-01
2.602000000000000000e+03 2.603000000000000000e+03 4.823551640000000029e-01 1.095208536999999899e-01
2.603000000000000000e+03 2.604000000000000000e+03 2.732502504000000054e-01 9.943215960000000020e-02
2.604000000000000000e+03 2.605000000000000000e+03 3.017209873999999736e-01 9.499911560000000310e-02
2.605000000000000000e+03 2.606000000000000000e+03 1.338810776999999896e-01 8.011357745000000086e-02
2.606000000000000000e+03 2.607000000000000000e+03 2.370889562400000095e-01 4.887819636000000079e-02
2.607000000000000000e+03 2.608000000000000000e+03 1.109573579999999948e+00 1.845642325000000084e-01
2.608000000000000000e+03 2.609000000000000000e+03 7.140981840000000247e-01 1.824233390000000177e-01
2.609000000000000000e+03 2.610000000000000000e+03 9.601709210000000105e-01 1.737186299000000045e-01
2.610000000000000000e+03 2.611000000000000000e+03 1.248597981000000079e+00 1.929594339000000047e-01
2.611000000000000000e+03 2.612000000000000000e+03 1.112416450000000001e+00 1.636092878999999833e-01
2.612000000000000000e+03 2.613000000000000000e+03 5.152960980000000912e-01 1.247946023999999959e-01
2.613000000000000000e+03 2.614000000000000000e+03 5.454203910000000599e-01 1.150069833999999985e-01
2.614000000000000000e+03 2.615000000000000000e+03 4.978643799999999953e-01 8.402491689999999624e-02
2.615000000000000000e+03 2.616000000000000000e+03 2.870810410999999895e-01 8.532073009999999180e-02
2.616000000000000000e+03 2.617000000000000000e+03 3.491508643000000300e-01 5.508757951999999902e-02
2.617000000000000000e+03 2.618000000000000000e+03 1.042113910899999940e-01 4.894318682000000503e-02
2.618000000000000000e+03 2.619000000000000000e+03 7.057628639999999898e-01 2.159735559999999832e-01
2.619000000000000000e+03 2.620000000000000000e+03 1.194138077000000076e+00 1.820975747999999950e-01
2.620000000000000000e+03 2.621000000000000000e+03 7.615629339999999692e-01 1.896875178000000106e-01
2.621000000000000000e+03 2.622000000000000000e+03 8.048573829999999818e-01 1.484081441000000001e-01
2.622000000000000000e+03 2.623000000000000000e+03 6.627839920000000440e-01 1.516894183999999979e-01
2.623000000000000000e+03 2.624000000000000000e+03 5.740744390000001030e-01 1.307440601000000036e-01
2.624000000000000000e+03 2.625000000000000000e+03 7.132815439999999896e-01 1.097191899999999942e-01
2.625000000000000000e+03 2.626000000000000000e+03 5.451272719999999961e-01 9.689173980000000130e-02
2.626000000000000000e+03 2.627000000000000000e+03 3.462931005999999590e-01 9.533447280000000024e-02
2.627000000000000000e+03 2.628000000000000000e+03 3.330315802700000161e-01 6.419374899999999440e-02
2.628000000000000000e+03 2.629000000000000000e+03 2.674061998000000218e-01 5.410208849999999930e-02
2.629000000000000000e+03 2.630000000000000000e+03 1.060355855999999930e+00 1.788248168000000082e-01
2.630000000000000000e+03 2.631000000000000000e+03 1.207224178000000148e+00 1.783947334000000051e-01
2.631000000000000000e+03 2.632000000000000000e+03 1.023043622999999958e+00 1.716881922999999865e-01
2.632000000000000000e+03 2.633000000000000000e+03 8.916296200000000116e-01 1.450445735999999763e-01
2.633000000000000000e+03 2.634000000000000000e+03 8.596478810000000026e-01 1.270067975999999987e-01
2.634000000000000000e+03 2.635000000000000000e+03 8.226237840000000245e-01 1.332668757000000093e-01
2.635000000000000000e+03 2.636000000000000000e+03 7.257621349999999749e-01 1.158353782000000054e-01
2.636000000000000000e+03 2.637000000000000000e+03 3.277094957999999725e-01 1.206974502000000005e-01
2.637000000000000000e+03 2.638000000000000000e+03 3.358942387000000140e-01 6.642804639999999594e-02
2.638000000000000000e+03 2.639000000000000000e+03 2.728785829999999524e-01 6.741055260000000660e-02
2.639000000000000000e+03 2.640000000000000000e+03 1.744548494000000005e-01 4.147255103999999970e-02
2.640000000000000000e+03 2.641000000000000000e+03 1.188316372999999926e+00 1.946089907000000119e-01
2.641000000000000000e+03 2.642000000000000000e+03 1.027066851999999919e+00 2.001013724999999854e-01
2.642000000000000000e+03 2.643000000000000000e+03 1.073750361000000098e+00 1.670155815000000099e-01
2.643000000000000000e+03 2.644000000000000000e+03 9.342063310000000564e-01 1.657485776000000022e-01
2.644000000000000000e+03 2.645000000000000000e+03 6.919998760000000138e-01 1.729336290000000054e-01
2.645000000000000000e+03 2.646000000000000000e+03 6.339919290000000096e-01 1.341396115999999861e-01
2.646000000000000000e+03 2.647000000000000000e+03 4.171189370000000229e-01 1.009808576000000013e-01
2.647000000000000000e+03 2.648000000000000000e+03 5.439817040000000103e-01 1.146477803000000018e-01
2.648000000000000000e+03 2.649000000000000000e+03 4.011568811999999817e-01 8.111698259999999827e-02
2.649000000000000000e+03 2.650000000000000000e+03 3.335432897000000230e-01 5.941749260000000338e-02
2.650000000000000000e+03 2.651000000000000000e+03 1.536224989999999957e-01 5.691677409999999770e-02
2.651000000000000000e+03 2.652000000000000000e+03 7.185116599999999965e-01 1.986525651999999920e-01
2.652000000000000000e+03 2.653000000000000000e+03 8.269925449999999678e-01 1.531696032000000041e-01
2.653000000000000000e+03 2.654000000000000000e+03 8.367757209999999723e-01 1.619768174000000005e-01
2.654000000000000000e+03 2.655000000000000000e+03 4.913551999999999920e-01 1.408325440999999845e-01
2.655000000000000000e+03 2.656000000000000000e+03 7.968395480000000086e-01 1.504405279999999900e-01
2.656000000000000000e+03 2.657000000000000000e+03 7.518399719999999675e-01 1.286159355000000004e-01
2.657000000000000000e+03 2.658000000000000000e+03 4.926622962000000161e-01 1.311782937000000038e-01
2.658000000000000000e+03 2.659000000000000000e+03 4.434936306999999744e-01 8.647111700000000012e-02
2.659000000000000000e+03 2.660000000000000000e+03 2.637300089000000347e-01 9.301587570000000027e-02
2.660000000000000000e+03 2.661000000000000000e+03 2.148382989000000021e-01 6.879258159999999955e-02
2.661000000000000000e+03 2.662000000000000000e+03 2.148584849999999880e-01 3.704161070999999888e-02
2.662000000000000000e+03 2.663000000000000000e+03 1.241539077999999963e+00 1.773487287999999940e-01
2.663000000000000000e+03 2.664000000000000000e+03 1.279197834999999950e+00 1.686337336000000020e-01
2.664000000000000000e+03 2.665000000000000000e+03 1.050709176000000022e+00 1.464458921000000025e-01
2.665000000000000000e+03 2.666000000000000000e+03 9.763978549999999812e-01 1.424032567000000082e-01
2.666000000000000000e+03 2.667000000000000000e+03 7.121442989999999806e-01 1.554223507999999976e-01
2.667000000000000000e+03 2.668000000000000000e+03 6.423809779999999359e-01 1.317080562000000066e-01
2.668000000000000000e+03 2.669000000000000000e+03 5.244714430000000371e-01 1.035995881999999951e-01
2.669000000000000000e+03 2.670000000000000000e+03 4.812736966999999755e-01 9.665914520000000454e-02
2.670000000000000000e+03 2.671000000000000000e+03 3.534058541999999803e-01 7.319818100000000105e-02
2.671000000000000000e+03 2.672000000000000000e+03 1.349278089999999819e-01 5.731916819999999940e-02
2.672000000000000000e+03 2.673000000000000000e+03 2.028151572650000178e-01 5.539181894999999772e-02
2.673000000000000000e+03 2.674000000000000000e+03 7.643303379999999425e-01 2.048792084999999930e-01
2.674000000000000000e+03 2.675000000000000000e+03 6.913250050000000479e-01 1.886350659999999901e-01
2.675000000000000000e+03 2.676000000000000000e+03 6.803645619999999505e-01 1.651316113000000085e-01
2.676000000000000000e+03 2.677000000000000000e+03 7.330046349999999045e-01 1.388212044999999895e-01
2.677000000000000000e+03 2.678000000000000000e+03 8.405879259999999853e-01 1.368022799999999983e-01
2.678000000000000000e+03 2.679000000000000000e+03 7.599036540000000395e-01 1.334064496000000044e-01
2.679000000000000000e+03 2.680000000000000000e+03 4.389636199999999988e-01 9.948207770000000449e-02
2.680000000000000000e+03 2.681000000000000000e+03 4.511212828000000230e-01 8.821086680000000957e-02
2.681000000000000000e+03 2.682000000000000000e+03 3.964383278999999982e-01 7.361534949999999633e-02
2.682000000000000000e+03 2.683000000000000000e+03 2.519382840000000123e-01 6.083626200000000206e-02
2.683000000000000000e+03 2.684000000000000000e+03 2.112436077999999828e-01 5.693675314999999820e-02
2.684000000000000000e+03 2.685000000000000000e+03 1.212116693999999884e+00 1.808173619000000010e-01
2.685000000000000000e+03 2.686000000000000000e+03 1.330441760000000029e+00 1.754612418000000007e-01
2.686000000000000000e+03 2.687000000000000000e+03 7.265488610000000458e-01 1.540483931999999945e-01
2.687000000000000000e+03 2.688000000000000000e+03 8.518087010000000570e-01 1.568423990000000212e-01
2.688000000000000000e+03 2.689000000000000000e+03 5.823461589999999743e-01 1.255576341000000096e-01
2.689000000000000000e+03 2.690000000000000000e+03 5.609665620000000574e-01 1.273626944000000039e-01
2.690000000000000000e+03 2.691000000000000000e+03 5.544960349999999982e-01 1.241972360999999969e-01
2.691000000000000000e+03 2.692000000000000000e+03 5.623605591000000459e-01 8.388361349999999550e-02
2.692000000000000000e+03 2.693000000000000000e+03 3.127094031999999579e-01 7.998456550000000720e-02
2.693000000000000000e+03 2.694000000000000000e+03 2.646292768000000351e-01 6.000933729999999994e-02
2.694000000000000000e+03 2.695000000000000000e+03 1.131557271000000059e-01 4.916035553999999891e-02
2.695000000000000000e+03 2.696000000000000000e+03 8.132705319999999904e-01 1.820972867999999800e-01
2.696000000000000000e+03 2.697000000000000000e+03 7.827625380000000632e-01 1.881189937999999950e-01
2.697000000000000000e+03 2.698000000000000000e+03 6.469005620000000123e-01 1.734261936000000004e-01
2.698000000000000000e+03 2.699000000000000000e+03 7.096995590000000353e-01 1.492886541000000011e-01
2.699000000000000000e+03 2.700000000000000000e+03 1.006807819999999909e+00 1.388282178000000144e-01
2.700000000000000000e+03 2.701000000000000000e+03 7.063357559999999813e-01 1.361067187999999983e-01
2.701000000000000000e+03 2.702000000000000000e+03 5.430547589999999980e-01 1.203556743999999873e-01
2.702000000000000000e+03 2.703000000000000000e+03 3.176248446000000114e-01 8.423801679999999570e-02
2.703000000000000000e+03 2.704000000000000000e+03 2.710731493000000381e-01 7.767712060000001029e-02
2.704000000000000000e+03 2.705000000000000000e+03 3.386494257000000063e-01 6.019897760000000181e-02
2.705000000000000000e+03 2.706000000000000000e+03 1.247243149399999973e-01 5.088170498999999847e-02
2.706000000000000000e+03 2.707000000000000000e+03 8.862477069999999957e-01 1.663836636000000091e-01
2.707000000000000000e+03 2.708000000000000000e+03 8.685118509999999459e-01 1.885033877999999774e-01
2.708000000000000000e+03 2.709000000000000000e+03 1.063026507000000009e+00 1.748181372000000011e-01
2.709000000000000000e+03 2.710000000000000000e+03 7.358844610000000452e-01 1.433373735999999843e-01
2.710000000000000000e+03 2.711000000000000000e+03 6.133681229999999873e-01 1.336537515999999814e-01
2.711000000000000000e+03 2.712000000000000000e+03 5.850373239999999697e-01 1.325032275999999953e-01
2.712000000000000000e+03 2.713000000000000000e+03 5.832310219999999878e-01 1.006685390999999957e-01
2.713000000000000000e+03 2.714000000000000000e+03 5.237165118999999036e-01 9.226219830000000066e-02
2.714000000000000000e+03 2.715000000000000000e+03 2.100757812999999863e-01 7.710449449999999538e-02
2.715000000000000000e+03 2.716000000000000000e+03 1.081358496799999930e-01 5.816000479000000417e-02
2.716000000000000000e+03 2.717000000000000000e+03 1.398237553999999994e-01 4.388269126999999603e-02
2.717000000000000000e+03 2.718000000000000000e+03 7.972747299999999315e-01 1.737756659000000148e-01
2.718000000000000000e+03 2.719000000000000000e+03 9.663148190000000470e-01 1.930189780000000077e-01
2.719000000000000000e+03 2.720000000000000000e+03 9.351476950000000565e-01 1.516264141999999759e-01
2.720000000000000000e+03 2.721000000000000000e+03 6.754855749999999492e-01 1.557539993000000011e-01
2.721000000000000000e+03 2.722000000000000000e+03 6.341676849999999810e-01 1.310306198999999783e-01
2.722000000000000000e+03 2.723000000000000000e+03 6.424604539999999586e-01 1.188311994999999982e-01
2.723000000000000000e+03 2.724000000000000000e+03 3.949324235999999710e-01 9.707666689999999710e-02
2.724000000000000000e+03 2.725000000000000000e+03 2.859079918999999914e-01 9.363666530000000487e-02
2.725000000000000000e+03 2.726000000000000000e+03 2.439191339000000014e-01 6.770716800000001201e-02
2.726000000000000000e+03 2.727000000000000000e+03 2.414889357999999986e-01 6.398043459999999683e-02
2.727000000000000000e+03 2.728000000000000000e+03 2.151043516900000008e-01 4.455413777999999575e-02
2.728000000000000000e+03 2.729000000000000000e+03 6.095440979999999787e-01 1.626038662000000024e-01
2.729000000000000000e+03 2.730000000000000000e+03 5.947252170000000282e-01 1.583001871000000171e-01
2.730000000000000000e+03 2.731000000000000000e+03 9.099916559999999821e-01 1.519825388999999916e-01
2.731000000000000000e+03 2.732000000000000000e+03 6.622483920000000746e-01 1.550797475000000036e-01
2.732000000000000000e+03 2.733000000000000000e+03 7.095040139999999607e-01 1.399562396999999847e-01
2.733000000000000000e+03 2.734000000000000000e+03 5.566145730000000569e-01 1.161417181999999937e-01
2.734000000000000000e+03 2.735000000000000000e+03 4.005804027000000045e-01 9.872715010000000790e-02
2.735000000000000000e+03 2.736000000000000000e+03 3.756582071999999828e-01 8.222700700000000473e-02
2.736000000000000000e+03 2.737000000000000000e+03 3.625042440999999838e-01 7.391759669999999061e-02
2.737000000000000000e+03 2.738000000000000000e+03 3.592340705000000023e-01 5.486279664999999667e-02
2.738000000000000000e+03 2.739000000000000000e+03 1.379398028399999865e-01 4.787046994000000028e-02
2.739000000000000000e+03 2.740000000000000000e+03 8.319139080000000908e-01 1.846498951000000166e-01
2.740000000000000000e+03 2.741000000000000000e+03 6.587371480000000501e-01 1.676042784000000008e-01
2.741000000000000000e+03 2.742000000000000000e+03 6.134120770000000000e-01 1.657500922000000043e-01
2.742000000000000000e+03 2.743000000000000000e+03 6.658059069999999746e-01 1.304760625999999979e-01
2.743000000000000000e+03 2.744000000000000000e+03 8.557533460000000813e-01 1.386830048000000093e-01
2.744000000000000000e+03 2.745000000000000000e+03 5.670339030000000058e-01 9.716656699999999536e-02
2.745000000000000000e+03 2.746000000000000000e+03 5.185656899999999681e-01 7.427650800000000497e-02
2.746000000000000000e+03 2.747000000000000000e+03 4.763435145000000093e-01 7.883931539999999849e-02
2.747000000000000000e+03 2.748000000000000000e+03 4.161013979000000029e-01 7.349707190000000223e-02
2.748000000000000000e+03 2.749000000000000000e+03 3.163071447999999952e-01 5.876901174999999561e-02
2.749000000000000000e+03 2.750000000000000000e+03 1.291109777000000181e-01 4.689018645000000290e-02
2.750000000000000000e+03 2.751000000000000000e+03 1.201375317999999970e+00 1.579856238000000024e-01
2.751000000000000000e+03 2.752000000000000000e+03 7.134086120000000530e-01 1.554950394000000069e-01
2.752000000000000000e+03 2.753000000000000000e+03 9.447786350000000333e-01 1.461724879000000088e-01
2.753000000000000000e+03 2.754000000000000000e+03 7.536801479999999387e-01 1.366698422000000024e-01
2.754000000000000000e+03 2.755000000000000000e+03 5.980725169999999702e-01 1.255190751999999965e-01
2.755000000000000000e+03 2.756000000000000000e+03 5.540921819999999887e-01 1.073301036999999986e-01
2.756000000000000000e+03 2.757000000000000000e+03 4.807948658999999791e-01 8.637453750000000097e-02
2.757000000000000000e+03 2.758000000000000000e+03 3.649478552000000042e-01 8.547137489999999393e-02
2.758000000000000000e+03 2.759000000000000000e+03 2.274271434999999841e-01 6.125448599999999688e-02
2.759000000000000000e+03 2.760000000000000000e+03 2.003163025999999958e-01 5.960206944999999618e-02
2.760000000000000000e+03 2.761000000000000000e+03 1.827552166000000200e-01 4.702612583000000124e-02
2.761000000000000000e+03 2.762000000000000000e+03 9.005765399999999810e-01 1.697854198999999842e-01
2.762000000000000000e+03 2.763000000000000000e+03 9.296813199999999222e-01 1.507946126999999970e-01
2.763000000000000000e+03 2.764000000000000000e+03 6.746932139999999301e-01 1.663220672999999872e-01
2.764000000000000000e+03 2.765000000000000000e+03 8.915329180000000076e-01 1.452658956000000001e-01
2.765000000000000000e+03 2.766000000000000000e+03 5.876135559999999813e-01 1.559640351999999897e-01
2.766000000000000000e+03 2.767000000000000000e+03 4.341344749999999642e-01 1.091675462000000069e-01
2.767000000000000000e+03 2.768000000000000000e+03 4.366890374999999880e-01 8.777724049999999223e-02
2.768000000000000000e+03 2.769000000000000000e+03 4.080232687999999497e-01 8.709363269999999269e-02
2.769000000000000000e+03 2.770000000000000000e+03 2.766550839999999956e-01 7.188677530000001092e-02
2.770000000000000000e+03 2.771000000000000000e+03 2.238025927299999995e-01 6.427137330000000370e-02
2.771000000000000000e+03 2.772000000000000000e+03 1.899170796000000105e-01 3.150157734999999709e-02
2.772000000000000000e+03 2.773000000000000000e+03 1.073187855000000024e+00 1.503076268999999909e-01
2.773000000000000000e+03 2.774000000000000000e+03 1.009004401000000106e+00 1.577764275000000105e-01
2.774000000000000000e+03 2.775000000000000000e+03 8.778523280000000151e-01 1.645665992999999772e-01
2.775000000000000000e+03 2.776000000000000000e+03 6.149078470000000074e-01 1.200471624000000043e-01
2.776000000000000000e+03 2.777000000000000000e+03 4.351134759999999990e-01 1.206808981000000031e-01
2.777000000000000000e+03 2.778000000000000000e+03 4.330499580000000126e-01 1.131989161999999993e-01
2.778000000000000000e+03 2.779000000000000000e+03 2.636350250999999756e-01 9.209761919999999435e-02
2.779000000000000000e+03 2.780000000000000000e+03 4.967321606999999806e-01 1.000025598999999960e-01
2.780000000000000000e+03 2.781000000000000000e+03 1.604412298999999820e-01 6.808295609999999443e-02
2.781000000000000000e+03 2.782000000000000000e+03 1.478066355600000104e-01 5.825740699999999717e-02
2.782000000000000000e+03 2.783000000000000000e+03 7.314785551999999913e-02 4.807965430999999734e-02
2.783000000000000000e+03 2.784000000000000000e+03 7.669719310000000512e-01 1.631760797999999846e-01
2.784000000000000000e+03 2.785000000000000000e+03 8.167852459999999093e-01 1.527008930000000042e-01
2.785000000000000000e+03 2.786000000000000000e+03 7.652188259999999076e-01 1.560029454999999898e-01
2.786000000000000000e+03 2.787000000000000000e+03 7.705955289999999458e-01 1.308780160999999942e-01
2.787000000000000000e+03 2.788000000000000000e+03 6.195483269999999543e-01 1.333306095000000024e-01
2.788000000000000000e+03 2.789000000000000000e+03 4.280311729999999870e-01 1.136734779000000001e-01
2.789000000000000000e+03 2.790000000000000000e+03 6.779475440000000130e-01 9.246729699999998997e-02
2.790000000000000000e+03 2.791000000000000000e+03 2.469322828000000136e-01 8.442833909999999942e-02
2.791000000000000000e+03 2.792000000000000000e+03 3.512610986000000435e-01 7.170553490000000640e-02
2.792000000000000000e+03 2.793000000000000000e+03 2.854614741000000011e-01 5.099314098000000406e-02
2.793000000000000000e+03 2.794000000000000000e+03 9.052396838900000908e-02 4.129466903000000161e-02
2.794000000000000000e+03 2.795000000000000000e+03 7.076687919999999909e-01 1.436197777000000064e-01
2.795000000000000000e+03 2.796000000000000000e+03 3.776842799999999833e-01 1.682339404000000038e-01
2.796000000000000000e+03 2.797000000000000000e+03 7.008606419999999781e-01 1.631782226999999863e-01
2.797000000000000000e+03 2.798000000000000000e+03 6.026784619999999704e-01 1.256212761999999927e-01
2.798000000000000000e+03 2.799000000000000000e+03 6.473621589999999371e-01 1.214025943999999940e-01
2.799000000000000000e+03 2.800000000000000000e+03 3.372952517000000205e-01 1.169557469999999988e-01
2.800000000000000000e+03 2.801000000000000000e+03 4.381088949999999982e-01 8.899305080000000090e-02
2.801000000000000000e+03 2.802000000000000000e+03 2.803119493000000295e-01 7.300739829999999819e-02
2.802000000000000000e+03 2.803000000000000000e+03 3.125965166000000406e-01 7.507251069999999749e-02
2.803000000000000000e+03 2.804000000000000000e+03 3.016517990999999510e-01 7.073367559999998999e-02
2.804000000000000000e+03 2.805000000000000000e+03 -4.565629078999999813e-02 4.475610015999999941e-02
2.805000000000000000e+03 2.806000000000000000e+03 4.018942699999999979e-01 1.986656003999999753e-01
2.806000000000000000e+03 2.807000000000000000e+03 9.420958409999999894e-01 1.620801676999999996e-01
2.807000000000000000e+03 2.808000000000000000e+03 4.329679200000000061e-01 1.484179914999999850e-01
2.808000000000000000e+03 2.809000000000000000e+03 5.981218670000000293e-01 1.327473470000000155e-01
2.809000000000000000e+03 2.810000000000000000e+03 5.147172380000000214e-01 1.295958178000000127e-01
2.810000000000000000e+03 2.811000000000000000e+03 3.894939018000000419e-01 1.112120917000000014e-01
2.811000000000000000e+03 2.812000000000000000e+03 4.797201709999999730e-01 8.269378030000000546e-02
2.812000000000000000e+03 2.813000000000000000e+03 3.984842238999999897e-01 7.256244469999999225e-02
2.813000000000000000e+03 2.814000000000000000e+03 2.877812437999999751e-01 5.935676299999999989e-02
2.814000000000000000e+03 2.815000000000000000e+03 4.957801829999999854e-02 5.534995717999999926e-02
2.815000000000000000e+03 2.816000000000000000e+03 2.188982524700000265e-01 4.420906253999999647e-02
2.816000000000000000e+03 2.817000000000000000e+03 8.553195890000000468e-01 1.900481726000000093e-01
2.817000000000000000e+03 2.818000000000000000e+03 5.591675999999999869e-01 1.495655730000000072e-01
2.818000000000000000e+03 2.819000000000000000e+03 7.118608240000000587e-01 1.395910979000000163e-01
2.819000000000000000e+03 2.820000000000000000e+03 6.981751139999999856e-01 1.259318388000000011e-01
2.820000000000000000e+03 2.821000000000000000e+03 4.066460370000000157e-01 1.274162746999999984e-01
2.821000000000000000e+03 2.822000000000000000e+03 5.875850390000000312e-01 1.041897217000000014e-01
2.822000000000000000e+03 2.823000000000000000e+03 4.230949708999999781e-01 8.943724359999999374e-02
2.823000000000000000e+03 2.824000000000000000e+03 3.431599377000000284e-01 7.625117089999999820e-02
2.824000000000000000e+03 2.825000000000000000e+03 2.622813246000000320e-01 5.452309639999999846e-02
2.825000000000000000e+03 2.826000000000000000e+03 2.687845584000000398e-01 5.201183424999999971e-02
2.826000000000000000e+03 2.827000000000000000e+03 1.177865181600000061e-01 3.933344144999999931e-02
2.827000000000000000e+03 2.828000000000000000e+03 8.401684259999999682e-01 1.517970869000000167e-01
2.828000000000000000e+03 2.829000000000000000e+03 8.577600920000000295e-01 1.430000401999999837e-01
2.829000000000000000e+03 2.830000000000000000e+03 8.000313580000000258e-01 1.587925847999999973e-01
2.830000000000000000e+03 2.831000000000000000e+03 7.189443420000000140e-01 1.409151443999999975e-01
2.831000000000000000e+03 2.832000000000000000e+03 6.288243840000000695e-01 1.187517380000000095e-01
2.832000000000000000e+03 2.833000000000000000e+03 6.784783249999999377e-01 1.065484937999999909e-01
2.833000000000000000e+03 2.834000000000000000e+03 4.217222999999999944e-01 9.852171180000000861e-02
2.834000000000000000e+03 2.835000000000000000e+03 3.013704432000000044e-01 7.506416420000000533e-02
2.835000000000000000e+03 2.836000000000000000e+03 3.239536745000000106e-01 5.997230919999999715e-02
2.836000000000000000e+03 2.837000000000000000e+03 2.694303972999999575e-01 6.386301259999999091e-02
2.837000000000000000e+03 2.838000000000000000e+03 1.608414405499999922e-01 1.968523157000000301e-02
2.838000000000000000e+03 2.839000000000000000e+03 9.630257249999999436e-01 1.606526146000000210e-01
2.839000000000000000e+03 2.840000000000000000e+03 6.146370420000000223e-01 1.501115067000000081e-01
2.840000000000000000e+03 2.841000000000000000e+03 5.822830700000000137e-01 1.538303923000000073e-01
2.841000000000000000e+03 2.842000000000000000e+03 5.879646740000000760e-01 1.292029440999999945e-01
2.842000000000000000e+03 2.843000000000000000e+03 5.791525129999999244e-01 1.095624315999999959e-01
2.843000000000000000e+03 2.844000000000000000e+03 6.223296769999999700e-01 1.045979565999999999e-01
2.844000000000000000e+03 2.845000000000000000e+03 4.136813015000000426e-01 9.091400419999999538e-02
2.845000000000000000e+03 2.846000000000000000e+03 4.338392037999999618e-01 8.512292550000000180e-02
2.846000000000000000e+03 2.847000000000000000e+03 2.357256058000000154e-01 6.071283029999999942e-02
2.847000000000000000e+03 2.848000000000000000e+03 2.041829524400000095e-01 4.896700904000000215e-02
2.848000000000000000e+03 2.849000000000000000e+03 1.402777957000000131e-01 3.489459538999999805e-02
2.849000000000000000e+03 2.850000000000000000e+03 7.305161829999999856e-01 1.290435850000000162e-01
2.850000000000000000e+03 2.851000000000000000e+03 8.354072169999999797e-01 1.569793627000000136e-01
2.851000000000000000e+03 2.852000000000000000e+03 9.955798009999999865e-01 1.448722102000000178e-01
2.852000000000000000e+03 2.853000000000000000e+03 4.880097049999999603e-01 1.407556259999999948e-01
2.853000000000000000e+03 2.854000000000000000e+03 4.202899666000000090e-01 1.019601686999999923e-01
2.854000000000000000e+03 2.855000000000000000e+03 3.966769824999999972e-01 1.016527668000000023e-01
2.855000000000000000e+03 2.856000000000000000e+03 4.025893904999999773e-01 9.980126620000000226e-02
2.856000000000000000e+03 2.857000000000000000e+03 4.457313088000000034e-01 9.895454350000000565e-02
2.857000000000000000e+03 2.858000000000000000e+03 2.363158479000000145e-01 6.358052740000000314e-02
2.858000000000000000e+03 2.859000000000000000e+03 1.596745893900000102e-01 5.210972772000000558e-02
2.859000000000000000e+03 2.860000000000000000e+03 1.389668553999999778e-01 4.276487028999999968e-02
2.860000000000000000e+03 2.861000000000000000e+03 7.910311690000000340e-01 1.453060389000000174e-01
2.861000000000000000e+03 2.862000000000000000e+03 7.705429919999999822e-01 1.586193349000000197e-01
2.862000000000000000e+03 2.863000000000000000e+03 6.562586660000000460e-01 1.441903892000000187e-01
2.863000000000000000e+03 2.864000000000000000e+03 7.579561220000000654e-01 1.366675710999999960e-01
2.864000000000000000e+03 2.865000000000000000e+03 7.669932389999999378e-01 1.124156863000000117e-01
2.865000000000000000e+03 2.866000000000000000e+03 3.913313535000000343e-01 1.004650173999999951e-01
2.866000000000000000e+03 2.867000000000000000e+03 3.643202430999999963e-01 8.057040399999999825e-02
2.867000000000000000e+03 2.868000000000000000e+03 2.342333664000000037e-01 7.204918979999999640e-02
2.868000000000000000e+03 2.869000000000000000e+03 2.736595968000000156e-01 5.580363470000000020e-02
2.869000000000000000e+03 2.870000000000000000e+03 2.339935357000000049e-01 4.860364552999999616e-02
2.870000000000000000e+03 2.871000000000000000e+03 1.708669242000000199e-01 3.732203097999999691e-02
2.871000000000000000e+03 2.872000000000000000e+03 7.196798150000000005e-01 1.862790056999999999e-01
2.872000000000000000e+03 2.873000000000000000e+03 9.753041490000000646e-01 1.444906299000000005e-01
2.873000000000000000e+03 2.874000000000000000e+03 7.269936790000000038e-01 1.386709146000000004e-01
2.874000000000000000e+03 2.875000000000000000e+03 4.941544450000000532e-01 1.227711347000000064e-01
2.875000000000000000e+03 2.876000000000000000e+03 5.087293760000000109e-01 1.076145894999999963e-01
2.876000000000000000e+03 2.877000000000000000e+03 4.236210220000000137e-01 9.812770559999998976e-02
2.877000000000000000e+03 2.878000000000000000e+03 5.190839929999999658e-01 7.391598250000000481e-02
2.878000000000000000e+03 2.879000000000000000e+03 3.126391446000000296e-01 6.526682090000000824e-02
2.879000000000000000e+03 2.880000000000000000e+03 3.111760171999999880e-01 5.071182697999999933e-02
2.880000000000000000e+03 2.881000000000000000e+03 2.637589372099999885e-01 5.988159759999999582e-02
2.881000000000000000e+03 2.882000000000000000e+03 1.366400931700000043e-01 2.782872910999999866e-02
2.882000000000000000e+03 2.883000000000000000e+03 9.506215719999999703e-01 1.453916556000000027e-01
2.883000000000000000e+03 2.884000000000000000e+03 4.464370569999999705e-01 1.466863607999999985e-01
2.884000000000000000e+03 2.885000000000000000e+03 4.609318239999999900e-01 1.365882441000000058e-01
2.885000000000000000e+03 2.886000000000000000e+03 7.713407239999999776e-01 1.336467859999999896e-01
2.886000000000000000e+03 2.887000000000000000e+03 5.211216779999999771e-01 1.173518327999999999e-01
2.887000000000000000e+03 2.888000000000000000e+03 6.141041739999999471e-01 9.994631250000000910e-02
2.888000000000000000e+03 2.889000000000000000e+03 4.304978831999999866e-01 8.004309990000001152e-02
2.889000000000000000e+03 2.890000000000000000e+03 2.086843654999999964e-01 7.599293909999998986e-02
2.890000000000000000e+03 2.891000000000000000e+03 2.487253631999999937e-01 5.759559060000000313e-02
2.891000000000000000e+03 2.892000000000000000e+03 9.617317749999999832e-02 5.115141521000000219e-02
2.892000000000000000e+03 2.893000000000000000e+03 1.298767769099999914e-01 3.226546200000000170e-02
2.893000000000000000e+03 2.894000000000000000e+03 8.478595380000000237e-01 1.402475175999999824e-01
2.894000000000000000e+03 2.895000000000000000e+03 8.908526789999999806e-01 1.724623399999999918e-01
2.895000000000000000e+03 2.896000000000000000e+03 1.118300937999999967e+00 1.545475358999999771e-01
2.896000000000000000e+03 2.897000000000000000e+03 6.201831440000000750e-01 1.223958648999999982e-01
2.897000000000000000e+03 2.898000000000000000e+03 3.944586170000000114e-01 8.897520130000000083e-02
2.898000000000000000e+03 2.899000000000000000e+03 3.715290363000000040e-01 8.580971199999999632e-02
2.899000000000000000e+03 2.900000000000000000e+03 4.777723540000000102e-01 8.611390649999998981e-02
2.900000000000000000e+03 2.901000000000000000e+03 4.032359972000000292e-01 7.115536540000000354e-02
2.901000000000000000e+03 2.902000000000000000e+03 2.148609066999999928e-01 4.651111446000000260e-02
2.902000000000000000e+03 2.903000000000000000e+03 1.728949808999999949e-01 4.649050785999999519e-02
2.903000000000000000e+03 2.904000000000000000e+03 7.281870819999999855e-02 3.758118937999999770e-02
2.904000000000000000e+03 2.905000000000000000e+03 8.654304780000000585e-01 1.311555688999999914e-01
2.905000000000000000e+03 2.906000000000000000e+03 8.330572430000000583e-01 1.209888784999999939e-01
2.906000000000000000e+03 2.907000000000000000e+03 4.305263449999999770e-01 1.369843027000000046e-01
2.907000000000000000e+03 2.908000000000000000e+03 6.876352779999999054e-01 1.364010814000000127e-01
2.908000000000000000e+03 2.909000000000000000e+03 5.708932799999999474e-01 1.088008686000000030e-01
2.909000000000000000e+03 2.910000000000000000e+03 4.535096430000000178e-01 8.527123740000000507e-02
2.910000000000000000e+03 2.911000000000000000e+03 3.029398794000000006e-01 8.206695079999999642e-02
2.911000000000000000e+03 2.912000000000000000e+03 3.732100603000000349e-01 7.096946890000001285e-02
2.912000000000000000e+03 2.913000000000000000e+03 2.153151808999999861e-01 5.942581060000000359e-02
2.913000000000000000e+03 2.914000000000000000e+03 1.058311771900000003e-01 4.571788001000000323e-02
2.914000000000000000e+03 2.915000000000000000e+03 8.231594618000000196e-02 2.881491883999999851e-02
2.915000000000000000e+03 2.916000000000000000e+03 7.091138939999999113e-01 1.349382323999999966e-01
2.916000000000000000e+03 2.917000000000000000e+03 7.317749439999999828e-01 1.323157048999999974e-01
2.917000000000000000e+03 2.918000000000000000e+03 6.428103929999999799e-01 1.307360513000000168e-01
2.918000000000000000e+03 2.919000000000000000e+03 7.924886770000000302e-01 1.133583226000000055e-01
2.919000000000000000e+03 2.920000000000000000e+03 7.873744440000000067e-01 1.135953977999999975e-01
2.920000000000000000e+03 2.921000000000000000e+03 4.356132909999999581e-01 9.555121380000000664e-02
2.921000000000000000e+03 2.922000000000000000e+03 3.266959271999999581e-01 7.098534089999999908e-02
2.922000000000000000e+03 2.923000000000000000e+03 2.246594077000000078e-01 6.574237759999999875e-02
2.923000000000000000e+03 2.924000000000000000e+03 2.171590183000000063e-01 5.417852694999999996e-02
2.924000000000000000e+03 2.925000000000000000e+03 1.344613961000000191e-01 4.803130291000000385e-02
2.925000000000000000e+03 2.926000000000000000e+03 1.532462178000000008e-01 2.390298558000000101e-02
2.926000000000000000e+03 2.927000000000000000e+03 6.143242030000000131e-01 1.307329567999999942e-01
2.927000000000000000e+03 2.928000000000000000e+03 7.807551549999999230e-01 1.427141852999999905e-01
2.928000000000000000e+03 2.929000000000000000e+03 6.009567639999999766e-01 1.475674734000000099e-01
2.929000000000000000e+03 2.930000000000000000e+03 5.584775910000000509e-01 1.138193455999999965e-01
2.930000000000000000e+03 2.931000000000000000e+03 5.586379790000000067e-01 1.099817519000000077e-01
2.931000000000000000e+03 2.932000000000000000e+03 4.727086739999999954e-01 9.275793210000000955e-02
2.932000000000000000e+03 2.933000000000000000e+03 3.834398283999999602e-01 7.366666730000000218e-02
2.933000000000000000e+03 2.934000000000000000e+03 3.167846250999999946e-01 7.468835740000000223e-02
2.934000000000000000e+03 2.935000000000000000e+03 2.298711075000000048e-01 5.918945330000000005e-02
2.935000000000000000e+03 2.936000000000000000e+03 1.676315681399999924e-01 6.276873952999999229e-02
2.936000000000000000e+03 2.937000000000000000e+03 1.840135505000000116e-01 3.989225092000000389e-02
2.937000000000000000e+03 2.938000000000000000e+03 7.234778600000000282e-01 1.296669342000000003e-01
2.938000000000000000e+03 2.939000000000000000e+03 5.011480489999999843e-01 1.281902332000000033e-01
2.939000000000000000e+03 2.940000000000000000e+03 6.193629170000000128e-01 1.299233811000000127e-01
2.940000000000000000e+03 2.941000000000000000e+03 4.403797070000000091e-01 1.161780280000000026e-01
2.941000000000000000e+03 2.942000000000000000e+03 2.782204165999999645e-01 1.150299558999999944e-01
2.942000000000000000e+03 2.943000000000000000e+03 5.497291490000000280e-01 9.692246330000001131e-02
2.943000000000000000e+03 2.944000000000000000e+03 4.556981390000000021e-01 7.885858369999999840e-02
2.944000000000000000e+03 2.945000000000000000e+03 2.588609027000000062e-01 7.877047330000000458e-02
2.945000000000000000e+03 2.946000000000000000e+03 2.080203815999999983e-01 5.159656179999999592e-02
2.946000000000000000e+03 2.947000000000000000e+03 1.892736943999999977e-01 5.558751058999999994e-02
2.947000000000000000e+03 2.948000000000000000e+03 6.313251914600000181e-02 3.715194494000000069e-02
2.948000000000000000e+03 2.949000000000000000e+03 9.288202559999999552e-01 1.313105681999999774e-01
2.949000000000000000e+03 2.950000000000000000e+03 7.187563099999999539e-01 1.162483953000000014e-01
2.950000000000000000e+03 2.951000000000000000e+03 5.829917020000000560e-01 1.328676590999999796e-01
2.951000000000000000e+03 2.952000000000000000e+03 5.797541449999999985e-01 1.159287638000000009e-01
2.952000000000000000e+03 2.953000000000000000e+03 4.641757129999999898e-01 9.370619330000000413e-02
2.953000000000000000e+03 2.954000000000000000e+03 4.508861640000000337e-01 8.804182799999998865e-02
2.954000000000000000e+03 2.955000000000000000e+03 3.934539537000000253e-01 7.477409250000000007e-02
2.955000000000000000e+03 2.956000000000000000e+03 2.874414778000000115e-01 6.857959660000000068e-02
2.956000000000000000e+03 2.957000000000000000e+03 7.553362747000000321e-02 4.868603519000000435e-02
2.957000000000000000e+03 2.958000000000000000e+03 2.113882729000000071e-01 3.172451689999999935e-02
2.958000000000000000e+03 2.959000000000000000e+03 7.952683629999998671e-02 3.746218309999999746e-02
2.959000000000000000e+03 2.960000000000000000e+03 7.244347060000000393e-01 1.268948215000000046e-01
2.960000000000000000e+03 2.961000000000000000e+03 5.816955670000000245e-01 1.186068460000000019e-01
2.961000000000000000e+03 2.962000000000000000e+03 6.254393249999999904e-01 1.232465229000000023e-01
2.962000000000000000e+03 2.963000000000000000e+03 5.708695590000000264e-01 1.244673781000000118e-01
2.963000000000000000e+03 2.964000000000000000e+03 5.888209349999999898e-01 1.000337208999999977e-01
2.964000000000000000e+03 2.965000000000000000e+03 3.537944320000000475e-01 9.508319239999998840e-02
2.965000000000000000e+03 2.966000000000000000e+03 4.016637642000000508e-01 6.912287599999999976e-02
2.966000000000000000e+03 2.967000000000000000e+03 2.595266400000000306e-01 8.830758550000000762e-02
2.967000000000000000e+03 2.968000000000000000e+03 2.129490046999999997e-01 5.848480390000000001e-02
2.968000000000000000e+03 2.969000000000000000e+03 1.908076904100000082e-01 4.606276676999999931e-02
2.969000000000000000e+03 2.970000000000000000e+03 1.548625565199999998e-01 4.000257293000000075e-02
2.970000000000000000e+03 2.971000000000000000e+03 5.606101569999999423e-01 1.333408799000000144e-01
2.971000000000000000e+03 2.972000000000000000e+03 6.460735600000000467e-01 1.196020301000000063e-01
2.972000000000000000e+03 2.973000000000000000e+03 7.234760199999999974e-01 1.148854180999999974e-01
2.973000000000000000e+03 2.974000000000000000e+03 3.653705931000000295e-01 1.494930083000000076e-01
2.974000000000000000e+03 2.975000000000000000e+03 5.387963729999999396e-01 9.243450079999999958e-02
2.975000000000000000e+03 2.976000000000000000e+03 3.636104264000000197e-01 6.348893649999999556e-02
2.976000000000000000e+03 2.977000000000000000e+03 1.253914938000000034e-01 7.811458989999998936e-02
2.977000000000000000e+03 2.978000000000000000e+03 3.556253702999999655e-01 6.904660210000000686e-02
2.978000000000000000e+03 2.979000000000000000e+03 1.636862230580000133e-01 5.516630780000000150e-02
2.979000000000000000e+03 2.980000000000000000e+03 4.141174732999999830e-02 4.354573717000000121e-02
2.980000000000000000e+03 2.981000000000000000e+03 1.539949494299999999e-01 3.064410363000000248e-02
2.981000000000000000e+03 2.982000000000000000e+03 7.725633650000000019e-01 1.285694132999999906e-01
2.982000000000000000e+03 2.983000000000000000e+03 5.252019940000000053e-01 1.592204657999999884e-01
2.983000000000000000e+03 2.984000000000000000e+03 8.743655999999999651e-01 1.297237326999999829e-01
2.984000000000000000e+03 2.985000000000000000e+03 6.519734139999999734e-01 1.195610767999999990e-01
2.985000000000000000e+03 2.986000000000000000e+03 4.785813349999999966e-01 9.739726880000000586e-02
2.986000000000000000e+03 2.987000000000000000e+03 4.889844160000000328e-01 9.634024239999999795e-02
2.987000000000000000e+03 2.988000000000000000e+03 4.337036858000000161e-01 8.109346779999999921e-02
2.988000000000000000e+03 2.989000000000000000e+03 2.929027352000000417e-01 6.086977409999999589e-02
2.989000000000000000e+03 2.990000000000000000e+03 2.941549073999999986e-01 4.613642567000000166e-02
2.990000000000000000e+03 2.991000000000000000e+03 1.713447476600000186e-01 4.581513247999999955e-02
2.991000000000000000e+03 2.992000000000000000e+03 8.876253345000000017e-02 3.258140070999999971e-02
2.992000000000000000e+03 2.993000000000000000e+03 6.738457999999999393e-01 1.187799582000000076e-01
2.993000000000000000e+03 2.994000000000000000e+03 6.583673540000000157e-01 1.303063916000000155e-01
2.994000000000000000e+03 2.995000000000000000e+03 5.533551500000000178e-01 1.131610413000000009e-01
2.995000000000000000e+03 2.996000000000000000e+03 4.816133809999999515e-01 9.955386650000000448e-02
2.996000000000000000e+03 2.997000000000000000e+03 4.578473220000000010e-01 9.993795279999999337e-02
2.997000000000000000e+03 2.998000000000000000e+03 3.201401849000000133e-01 9.508242429999999579e-02
2.998000000000000000e+03 2.999000000000000000e+03 4.196494430999999636e-01 7.618659210000000570e-02
2.999000000000000000e+03 3.000000000000000000e+03 3.168384911000000081e-01 5.693894970000000499e-02
3.000000000000000000e+03 3.001000000000000000e+03 2.173876802999999969e-01 5.146846571000000120e-02
3.001000000000000000e+03 3.002000000000000000e+03 1.154043143800000115e-01 5.208996244000000525e-02
3.002000000000000000e+03 3.003000000000000000e+03 1.697589297100000061e-01 3.654530892999999919e-02
3.003000000000000000e+03 3.004000000000000000e+03 7.525192989999999194e-01 1.315078576999999804e-01
3.004000000000000000e+03 3.005000000000000000e+03 4.725233899999999876e-01 1.233114982000000082e-01
3.005000000000000000e+03 3.006000000000000000e+03 7.990621329999999523e-01 1.514823981999999791e-01
3.006000000000000000e+03 3.007000000000000000e+03 6.336105570000000187e-01 1.011400438000000096e-01
3.007000000000000000e+03 3.008000000000000000e+03 5.131726209999999400e-01 9.155010080000000605e-02
3.008000000000000000e+03 3.009000000000000000e+03 4.856304940000000236e-01 9.206083939999999688e-02
3.009000000000000000e+03 3.010000000000000000e+03 3.211939473000000045e-01 7.372797510000000942e-02
3.010000000000000000e+03 3.011000000000000000e+03 3.386432431999999992e-01 4.948722829999999823e-02
3.011000000000000000e+03 3.012000000000000000e+03 1.939402020999999865e-01 5.997186479999999653e-02
3.012000000000000000e+03 3.013000000000000000e+03 2.056243286999999975e-01 4.529475319999999583e-02
3.013000000000000000e+03 3.014000000000000000e+03 1.441964248000000004e-01 3.398472046000000635e-02
3.014000000000000000e+03 3.015000000000000000e+03 8.044640029999999831e-01 1.124503168999999997e-01
3.015000000000000000e+03 3.016000000000000000e+03 7.015003929999999999e-01 1.238209920999999991e-01
3.016000000000000000e+03 3.017000000000000000e+03 6.183875990000000655e-01 1.135372582999999991e-01
3.017000000000000000e+03 3.018000000000000000e+03 4.438725119999999968e-01 9.605409160000000224e-02
3.018000000000000000e+03 3.019000000000000000e+03 3.445643903000000230e-01 9.701578519999999595e-02
3.019000000000000000e+03 3.020000000000000000e+03 5.277060959999999579e-01 1.003745311999999917e-01
3.020000000000000000e+03 3.021000000000000000e+03 5.331805899999999543e-01 9.289855639999999859e-02
3.021000000000000000e+03 3.022000000000000000e+03 1.822856904999999861e-01 5.653315849999999976e-02
3.022000000000000000e+03 3.023000000000000000e+03 2.366082365999999937e-01 5.272344448000000627e-02
3.023000000000000000e+03 3.024000000000000000e+03 1.359166849999999815e-01 3.827516813999999601e-02
3.024000000000000000e+03 3.025000000000000000e+03 1.406847984400000084e-01 3.340924034000000015e-02
3.025000000000000000e+03 3.026000000000000000e+03 6.964348540000000476e-01 1.118690800000000096e-01
3.026000000000000000e+03 3.027000000000000000e+03 7.573189209999999782e-01 1.289121615000000109e-01
3.027000000000000000e+03 3.028000000000000000e+03 5.296675619999999807e-01 1.211706602000000021e-01
3.028000000000000000e+03 3.029000000000000000e+03 5.223589860000000806e-01 9.768903349999999430e-02
3.029000000000000000e+03 3.030000000000000000e+03 3.826460612999999511e-01 9.772777120000000761e-02
3.030000000000000000e+03 3.031000000000000000e+03 3.348109323000000304e-01 7.666286929999999167e-02
3.031000000000000000e+03 3.032000000000000000e+03 3.664504973999999637e-01 7.268373720000000093e-02
3.032000000000000000e+03 3.033000000000000000e+03 3.497403949000000289e-01 6.360671119999999901e-02
3.033000000000000000e+03 3.034000000000000000e+03 1.438289611999999940e-01 5.498645469999999952e-02
3.034000000000000000e+03 3.035000000000000000e+03 1.386916624600000036e-01 3.991817723999999817e-02
3.035000000000000000e+03 3.036000000000000000e+03 6.751771128999999039e-02 3.392429234000000210e-02
3.036000000000000000e+03 3.037000000000000000e+03 6.067709730000000468e-01 1.232646114999999959e-01
3.037000000000000000e+03 3.038000000000000000e+03 7.734537850000000603e-01 1.159457051999999988e-01
3.038000000000000000e+03 3.039000000000000000e+03 6.000201280000000414e-01 1.062409505999999948e-01
3.039000000000000000e+03 3.040000000000000000e+03 5.926637670000000080e-01 1.050768987000000043e-01
3.040000000000000000e+03 3.041000000000000000e+03 6.753244929999999702e-01 1.087697370999999996e-01
3.041000000000000000e+03 3.042000000000000000e+03 3.169188508999999931e-01 7.634479569999999549e-02
3.042000000000000000e+03 3.043000000000000000e+03 3.508640224000000307e-01 6.810313869999999603e-02
3.043000000000000000e+03 3.044000000000000000e+03 3.367092562999999816e-01 4.841417052000000082e-02
3.044000000000000000e+03 3.045000000000000000e+03 2.593506125999999745e-01 5.573973063000000477e-02
3.045000000000000000e+03 3.046000000000000000e+03 2.408471762999999932e-01 4.035589972000000469e-02
3.046000000000000000e+03 3.047000000000000000e+03 1.577920798159999916e-01 1.899983878000000015e-02
3.047000000000000000e+03 3.048000000000000000e+03 5.566572200000000636e-01 1.173010858000000101e-01
3.048000000000000000e+03 3.049000000000000000e+03 2.578687541000000000e-02 1.270483772999999872e-01
3.049000000000000000e+03 3.050000000000000000e+03 5.756506640000000896e-01 1.148224646999999876e-01
3.050000000000000000e+03 3.051000000000000000e+03 6.326394850000000014e-01 1.015024903999999922e-01
3.051000000000000000e+03 3.052000000000000000e+03 3.868101549999999889e-01 1.139720795000000036e-01
3.052000000000000000e+03 3.053000000000000000e+03 4.183516767999999608e-01 8.584314319999999943e-02
3.053000000000000000e+03 3.054000000000000000e+03 3.669974632999999931e-01 7.114460229999999830e-02
3.054000000000000000e+03 3.055000000000000000e+03 1.997036949000000061e-01 7.022451979999999594e-02
3.055000000000000000e+03 3.056000000000000000e+03 2.362950842999999856e-01 5.412179246999999915e-02
3.056000000000000000e+03 3.057000000000000000e+03 1.446424311600000012e-01 3.674957493000000075e-02
3.057000000000000000e+03 3.058000000000000000e+03 7.757251310000000399e-02 3.667509470999999466e-02
3.058000000000000000e+03 3.059000000000000000e+03 7.252573239999999810e-01 1.313428569999999795e-01
3.059000000000000000e+03 3.060000000000000000e+03 6.125678450000000552e-01 1.130020669000000033e-01
3.060000000000000000e+03 3.061000000000000000e+03 5.540995870000000600e-01 1.403721314999999970e-01
3.061000000000000000e+03 3.062000000000000000e+03 6.921454569999999640e-01 1.180579363999999937e-01
3.062000000000000000e+03 3.063000000000000000e+03 4.046349937999999535e-01 9.952371720000000033e-02
3.063000000000000000e+03 3.064000000000000000e+03 4.086554980000000059e-01 7.803130629999999179e-02
3.064000000000000000e+03 3.065000000000000000e+03 4.488076457999999880e-01 6.728252769999999716e-02
3.065000000000000000e+03 3.066000000000000000e+03 2.049689286999999971e-01 6.667607310000001064e-02
3.066000000000000000e+03 3.067000000000000000e+03 1.719793658000000058e-01 5.689742703000000290e-02
3.067000000000000000e+03 3.068000000000000000e+03 1.895363556199999855e-01 3.299954927999999843e-02
3.068000000000000000e+03 3.069000000000000000e+03 1.358045795499999986e-01 1.971659742999999979e-02
3.069000000000000000e+03 3.070000000000000000e+03 5.928762480000000501e-01 1.242686189999999968e-01
3.070000000000000000e+03 3.071000000000000000e+03 6.382640960000000030e-01 1.060135389000000095e-01
3.071000000000000000e+03 3.072000000000000000e+03 4.503057010000000027e-01 1.224043696000000070e-01
3.072000000000000000e+03 3.073000000000000000e+03 4.331177110000000163e-01 1.044295813999999989e-01
3.073000000000000000e+03 3.074000000000000000e+03 4.022310447000000400e-01 9.598285830000000129e-02
3.074000000000000000e+03 3.075000000000000000e+03 4.511152139999999866e-01 7.569893939999999821e-02
3.075000000000000000e+03 3.076000000000000000e+03 2.775963713999999860e-01 7.166498859999999305e-02
3.076000000000000000e+03 3.077000000000000000e+03 2.420593668999999892e-01 6.243766549999999610e-02
3.077000000000000000e+03 3.078000000000000000e+03 2.148979295000000012e-01 5.138958300999999645e-02
3.078000000000000000e+03 3.079000000000000000e+03 1.312568065000000173e-01 4.238794010000000029e-02
3.079000000000000000e+03 3.080000000000000000e+03 8.117786559999999596e-02 2.067457371000000141e-02
3.080000000000000000e+03 3.081000000000000000e+03 6.322723729999999431e-01 1.422301284999999971e-01
3.081000000000000000e+03 3.082000000000000000e+03 4.941694259999999672e-01 1.200671858999999980e-01
3.082000000000000000e+03 3.083000000000000000e+03 4.544596289999999761e-01 1.129759416999999988e-01
3.083000000000000000e+03 3.084000000000000000e+03 4.310379440000000062e-01 1.091852311000000020e-01
3.084000000000000000e+03 3.085000000000000000e+03 5.833919030000001005e-01 8.637397380000000346e-02
3.085000000000000000e+03 3.086000000000000000e+03 3.982518965999999883e-01 7.250578309999999860e-02
3.086000000000000000e+03 3.087000000000000000e+03 4.414224186000000327e-01 7.198678000000000021e-02
3.087000000000000000e+03 3.088000000000000000e+03 2.371981995000000121e-01 6.206036580000000302e-02
3.088000000000000000e+03 3.089000000000000000e+03 2.130998864899999734e-01 5.250562519000000206e-02
3.089000000000000000e+03 3.090000000000000000e+03 1.423834283499999798e-01 3.905931183999999945e-02
3.090000000000000000e+03 3.091000000000000000e+03 5.751862971999999880e-02 2.933157025000000112e-02
3.091000000000000000e+03 3.092000000000000000e+03 4.656213640000000376e-01 1.074180751000000100e-01
3.092000000000000000e+03 3.093000000000000000e+03 6.965198100000000725e-01 1.230867778999999995e-01
3.093000000000000000e+03 3.094000000000000000e+03 5.182967370000000074e-01 9.286980240000000664e-02
3.094000000000000000e+03 3.095000000000000000e+03 4.228209339999999816e-01 9.164878170000000102e-02
3.095000000000000000e+03 3.096000000000000000e+03 4.197009070000000119e-01 8.330065359999999641e-02
3.096000000000000000e+03 3.097000000000000000e+03 3.154923574000000341e-01 6.876021379999999739e-02
3.097000000000000000e+03 3.098000000000000000e+03 3.517804716000000331e-01 6.764857470000000539e-02
3.098000000000000000e+03 3.099000000000000000e+03 2.256719470000000116e-01 6.094116299999999958e-02
3.099000000000000000e+03 3.100000000000000000e+03 2.422160375999999893e-01 4.548657765999999936e-02
3.100000000000000000e+03 3.101000000000000000e+03 1.823194863100000007e-01 4.303330650000000007e-02
3.101000000000000000e+03 3.102000000000000000e+03 3.248460640999999843e-02 2.717215515999999928e-02
3.102000000000000000e+03 3.103000000000000000e+03 2.590186040999999939e-01 1.197624749999999932e-01
3.103000000000000000e+03 3.104000000000000000e+03 5.082615449999999813e-01 1.084513317999999948e-01
3.104000000000000000e+03 3.105000000000000000e+03 5.673693800000000342e-01 1.119494359999999994e-01
3.105000000000000000e+03 3.106000000000000000e+03 4.878368330000000253e-01 1.045834260999999876e-01
3.106000000000000000e+03 3.107000000000000000e+03 4.342864920000000239e-01 8.275623840000000120e-02
3.107000000000000000e+03 3.108000000000000000e+03 3.385334150000000042e-01 7.389320570000000588e-02
3.108000000000000000e+03 3.109000000000000000e+03 2.358054329000000005e-01 7.035421740000000201e-02
3.109000000000000000e+03 3.110000000000000000e+03 2.615468052000000099e-01 5.989105589999999674e-02
3.110000000000000000e+03 3.111000000000000000e+03 1.117288512200000083e-01 4.029804830000000004e-02
3.111000000000000000e+03 3.112000000000000000e+03 1.200730926300000029e-01 3.746240776999999744e-02
3.112000000000000000e+03 3.113000000000000000e+03 1.127734612880000042e-01 3.103428737000000007e-02
3.113000000000000000e+03 3.114000000000000000e+03 4.865251760000000036e-01 1.184942362999999999e-01
3.114000000000000000e+03 3.115000000000000000e+03 4.447197550000000499e-01 1.360156966999999939e-01
3.115000000000000000e+03 3.116000000000000000e+03 5.581378989999999929e-01 1.134634203000000063e-01
3.116000000000000000e+03 3.117000000000000000e+03 5.914662710000000434e-01 1.008399737000000018e-01
3.117000000000000000e+03 3.118000000000000000e+03 3.793392432000000092e-01 8.320663100000000312e-02
3.118000000000000000e+03 3.119000000000000000e+03 4.223341954000000009e-01 8.126317399999999358e-02
3.119000000000000000e+03 3.120000000000000000e+03 3.626238210000000128e-01 6.194043549999999482e-02
3.120000000000000000e+03 3.121000000000000000e+03 2.706709927000000016e-01 6.434611210000000525e-02
3.121000000000000000e+03 3.122000000000000000e+03 1.940973657800000030e-01 5.225478360000000017e-02
3.122000000000000000e+03 3.123000000000000000e+03 8.800655744999999475e-02 3.916192631999999840e-02
3.123000000000000000e+03 3.124000000000000000e+03 1.088133366899999982e-01 2.891044115000000053e-02
3.124000000000000000e+03 3.125000000000000000e+03 5.408572259999999687e-01 1.257805808999999941e-01
3.125000000000000000e+03 3.126000000000000000e+03 4.884138940000000151e-01 1.215106148999999941e-01
3.126000000000000000e+03 3.127000000000000000e+03 3.293313538000000040e-01 1.016935537000000084e-01
3.127000000000000000e+03 3.128000000000000000e+03 2.528290154000000234e-01 8.268681549999999658e-02
3.128000000000000000e+03 3.129000000000000000e+03 2.977000399999999991e-01 9.249118580000000034e-02
3.129000000000000000e+03 3.130000000000000000e+03 1.753778286999999880e-01 7.441231869999999360e-02
3.130000000000000000e+03 3.131000000000000000e+03 2.795460935999999896e-01 7.054276919999999396e-02
3.131000000000000000e+03 3.132000000000000000e+03 2.949534462000000246e-01 5.408627530000000017e-02
3.132000000000000000e+03 3.133000000000000000e+03 2.492595163999999919e-01 4.148296841000000124e-02
3.133000000000000000e+03 3.134000000000000000e+03 1.242517379799999988e-01 3.446874317999999715e-02
3.134000000000000000e+03 3.135000000000000000e+03 8.933431479999999481e-02 3.043263619000000086e-02
3.135000000000000000e+03 3.136000000000000000e+03 5.372429439999999445e-01 9.902846449999999634e-02
3.136000000000000000e+03 3.137000000000000000e+03 7.342470629999999776e-01 9.962350999999999845e-02
3.137000000000000000e+03 3.138000000000000000e+03 4.236496449999999636e-01 1.064990799000000016e-01
3.138000000000000000e+03 3.139000000000000000e+03 3.471267909999999901e-01 8.261128110000000302e-02
3.139000000000000000e+03 3.140000000000000000e+03 2.417736201999999834e-01 8.001437909999999099e-02
3.140000000000000000e+03 3.141000000000000000e+03 1.862102910000000000e-01 7.587063909999999800e-02
3.141000000000000000e+03 3.142000000000000000e+03 2.613297782999999819e-01 6.888794279999999048e-02
3.142000000000000000e+03 3.143000000000000000e+03 1.832261319000000055e-01 5.850300080000000319e-02
3.143000000000000000e+03 3.144000000000000000e+03 1.676876311000000119e-01 4.450984612000000173e-02
3.144000000000000000e+03 3.145000000000000000e+03 1.580505658899999943e-01 3.758137555000000407e-02
3.145000000000000000e+03 3.146000000000000000e+03 1.142546605199999954e-01 2.880266305999999721e-02
3.146000000000000000e+03 3.147000000000000000e+03 6.239295350000000351e-01 1.192629837999999998e-01
3.147000000000000000e+03 3.148000000000000000e+03 5.538730389999999559e-01 1.041574768000000095e-01
3.148000000000000000e+03 3.149000000000000000e+03 4.937163220000000408e-01 1.121249406999999948e-01
3.149000000000000000e+03 3.150000000000000000e+03 4.373168459999999813e-01 8.432559069999999435e-02
3.150000000000000000e+03 3.151000000000000000e+03 4.265743770000000046e-01 7.726253820000000827e-02
3.151000000000000000e+03 3.152000000000000000e+03 2.900399862999999967e-01 7.043306470000000596e-02
3.152000000000000000e+03 3.153000000000000000e+03 3.099948269000000201e-01 7.047152449999999346e-02
3.153000000000000000e+03 3.154000000000000000e+03 2.623420760000000351e-01 5.889175420000000022e-02
3.154000000000000000e+03 3.155000000000000000e+03 1.269816179500000142e-01 4.428716071999999615e-02
3.155000000000000000e+03 3.156000000000000000e+03 1.450463904000000026e-01 3.359140391000000475e-02
3.156000000000000000e+03 3.157000000000000000e+03 5.200121725000000222e-02 3.072424312999999865e-02
3.157000000000000000e+03 3.158000000000000000e+03 6.949099300000000090e-01 1.249398124000000027e-01
3.158000000000000000e+03 3.159000000000000000e+03 3.414145776999999993e-01 1.208749316999999934e-01
3.159000000000000000e+03 3.160000000000000000e+03 4.224760980000000221e-01 1.084323948999999926e-01
3.160000000000000000e+03 3.161000000000000000e+03 4.174769909999999640e-01 9.623122630000000011e-02
3.161000000000000000e+03 3.162000000000000000e+03 4.259535720000000025e-01 8.204978350000000087e-02
3.162000000000000000e+03 3.163000000000000000e+03 2.863675694000000216e-01 7.703645350000000447e-02
3.163000000000000000e+03 3.164000000000000000e+03 3.521382818000000081e-01 8.078440720000000519e-02
3.164000000000000000e+03 3.165000000000000000e+03 1.859829830999999989e-01 6.609122339999999596e-02
3.165000000000000000e+03 3.166000000000000000e+03 1.573910081300000097e-01 4.542218298999999709e-02
3.166000000000000000e+03 3.167000000000000000e+03 1.941583946999999866e-01 3.774698291999999816e-02
3.167000000000000000e+03 3.168000000000000000e+03 7.494924637000000001e-02 2.995582458999999920e-02
3.168000000000000000e+03 3.169000000000000000e+03 4.108505440000000397e-01 1.153620848000000004e-01
3.169000000000000000e+03 3.170000000000000000e+03 3.658563050000000483e-01 1.027170248000000008e-01
3.170000000000000000e+03 3.171000000000000000e+03 4.107304749999999838e-01 9.730362139999999826e-02
3.171000000000000000e+03 3.172000000000000000e+03 4.300944490000000453e-01 9.969184169999999179e-02
3.172000000000000000e+03 3.173000000000000000e+03 4.143820930000000069e-01 8.288923389999999780e-02
3.173000000000000000e+03 3.174000000000000000e+03 2.333656833999999958e-01 7.168232909999999736e-02
3.174000000000000000e+03 3.175000000000000000e+03 3.861993086000000130e-01 8.102560940000000378e-02
3.175000000000000000e+03 3.176000000000000000e+03 2.370684836999999989e-01 6.405678210000000095e-02
3.176000000000000000e+03 3.177000000000000000e+03 1.905772215000000047e-01 4.827636249000000213e-02
3.177000000000000000e+03 3.178000000000000000e+03 9.466944181000000458e-02 3.629052522999999530e-02
3.178000000000000000e+03 3.179000000000000000e+03 7.825380515000000814e-02 3.273337671999999865e-02
3.179000000000000000e+03 3.180000000000000000e+03 6.335003569999999584e-01 1.214274280999999983e-01
3.180000000000000000e+03 3.181000000000000000e+03 5.248917610000000122e-01 1.062745094999999890e-01
3.181000000000000000e+03 3.182000000000000000e+03 5.114971659999999476e-01 8.700499320000000536e-02
3.182000000000000000e+03 3.183000000000000000e+03 3.778980560000000377e-01 9.293242919999999962e-02
3.183000000000000000e+03 3.184000000000000000e+03 3.077668135000000138e-01 8.280497900000000078e-02
3.184000000000000000e+03 3.185000000000000000e+03 3.878099334000000287e-01 7.308117760000000518e-02
3.185000000000000000e+03 3.186000000000000000e+03 1.738249327999999982e-01 6.671666249999999576e-02
3.186000000000000000e+03 3.187000000000000000e+03 3.239853445999999471e-01 5.909418980000000210e-02
3.187000000000000000e+03 3.188000000000000000e+03 1.866968585999999874e-01 5.275222673000000417e-02
3.188000000000000000e+03 3.189000000000000000e+03 1.935075685000000045e-01 3.458878024000000551e-02
3.189000000000000000e+03 3.190000000000000000e+03 5.948223513999999906e-02 3.145977538999999989e-02
3.190000000000000000e+03 3.191000000000000000e+03 4.851633340000000016e-01 9.945727189999999107e-02
3.191000000000000000e+03 3.192000000000000000e+03 5.426471560000000194e-01 1.033437330000000071e-01
3.192000000000000000e+03 3.193000000000000000e+03 4.362239049999999674e-01 9.182488939999999822e-02
3.193000000000000000e+03 3.194000000000000000e+03 4.490423269999999634e-01 7.360705130000000374e-02
3.194000000000000000e+03 3.195000000000000000e+03 3.962579655000000312e-01 7.847190160000000470e-02
3.195000000000000000e+03 3.196000000000000000e+03 7.863355778999998880e-02 9.143690899999999677e-02
3.196000000000000000e+03 3.197000000000000000e+03 3.533854606999999870e-01 5.876245010000000213e-02
3.197000000000000000e+03 3.198000000000000000e+03 1.073898542399999989e-01 5.638979430000000403e-02
3.198000000000000000e+03 3.199000000000000000e+03 1.057766829420000027e-01 4.431165358999999970e-02
3.199000000000000000e+03 3.200000000000000000e+03 9.859321903999999914e-02 3.652928228999999943e-02
3.200000000000000000e+03 3.201000000000000000e+03 9.458004420000000467e-02 3.166608724000000152e-02
3.201000000000000000e+03 3.202000000000000000e+03 4.896323020000000192e-01 1.051202730000000002e-01
3.202000000000000000e+03 3.203000000000000000e+03 5.536949179999999249e-01 1.000307210000000030e-01
3.203000000000000000e+03 3.204000000000000000e+03 4.224929049999999742e-01 9.372089759999999159e-02
3.204000000000000000e+03 3.205000000000000000e+03 4.312573510000000110e-01 7.698319620000000640e-02
3.205000000000000000e+03 3.206000000000000000e+03 3.610214776999999819e-01 8.125007909999999722e-02
3.206000000000000000e+03 3.207000000000000000e+03 4.606033250000000079e-01 7.256752770000000907e-02
3.207000000000000000e+03 3.208000000000000000e+03 1.991312713000000234e-01 5.372626499999999528e-02
3.208000000000000000e+03 3.209000000000000000e+03 1.837195169999999989e-01 5.925814280000000350e-02
3.209000000000000000e+03 3.210000000000000000e+03 1.201722478000000066e-01 4.404100615999999996e-02
3.210000000000000000e+03 3.211000000000000000e+03 7.399028958999999406e-02 4.029716466999999636e-02
3.211000000000000000e+03 3.212000000000000000e+03 7.405578478999999548e-02 2.599972553000000006e-02
3.212000000000000000e+03 3.213000000000000000e+03 6.783048480000000158e-01 1.180503938000000003e-01
3.213000000000000000e+03 3.214000000000000000e+03 5.364464609999999301e-01 1.157115608999999962e-01
3.214000000000000000e+03 3.215000000000000000e+03 4.674266679999999896e-01 8.898434129999999165e-02
3.215000000000000000e+03 3.216000000000000000e+03 4.299063989999999946e-01 8.698431589999999769e-02
3.216000000000000000e+03 3.217000000000000000e+03 3.187808422999999780e-01 7.627424970000000470e-02
3.217000000000000000e+03 3.218000000000000000e+03 2.902468464000000359e-01 6.744188550000000670e-02
3.218000000000000000e+03 3.219000000000000000e+03 3.909627359999999774e-01 5.359327879999999794e-02
3.219000000000000000e+03 3.220000000000000000e+03 1.781614683800000210e-01 5.868412130000000282e-02
3.220000000000000000e+03 3.221000000000000000e+03 1.845479959999999919e-01 4.650366227000000269e-02
3.221000000000000000e+03 3.222000000000000000e+03 1.397642286200000139e-01 3.940267013000000457e-02
3.222000000000000000e+03 3.223000000000000000e+03 5.804563130000000432e-02 2.616761776999999844e-02
3.223000000000000000e+03 3.224000000000000000e+03 6.807980670000000067e-01 1.034938336000000014e-01
3.224000000000000000e+03 3.225000000000000000e+03 4.993435759999999557e-01 9.999361430000000550e-02
3.225000000000000000e+03 3.226000000000000000e+03 4.442510800000000204e-01 8.898582459999999916e-02
3.226000000000000000e+03 3.227000000000000000e+03 5.566365209999999397e-01 8.453182049999999337e-02
3.227000000000000000e+03 3.228000000000000000e+03 3.234687101000000009e-01 8.160134789999999583e-02
3.228000000000000000e+03 3.229000000000000000e+03 3.403548231000000368e-01 7.958143480000000325e-02
3.229000000000000000e+03 3.230000000000000000e+03 3.225554173999999885e-01 5.899940339999999728e-02
3.230000000000000000e+03 3.231000000000000000e+03 2.330199340000000119e-01 4.577986019000000045e-02
3.231000000000000000e+03 3.232000000000000000e+03 1.752917822299999984e-01 4.289496347999999931e-02
3.232000000000000000e+03 3.233000000000000000e+03 1.296734695800000059e-01 3.775832642000000183e-02
3.233000000000000000e+03 3.234000000000000000e+03 9.940992509000000366e-02 3.077406312999999768e-02
3.234000000000000000e+03 3.235000000000000000e+03 3.296321218000000108e-01 1.025991666000000135e-01
3.235000000000000000e+03 3.236000000000000000e+03 4.268680019999999686e-01 9.617882060000000621e-02
3.236000000000000000e+03 3.237000000000000000e+03 6.337314950000000335e-01 8.928124049999999756e-02
3.237000000000000000e+03 3.238000000000000000e+03 3.727372879999999999e-01 7.913147509999998719e-02
3.238000000000000000e+03 3.239000000000000000e+03 4.486677349999999564e-01 7.924234859999999825e-02
3.239000000000000000e+03 3.240000000000000000e+03 3.227006433000000341e-01 8.410255240000000243e-02
3.240000000000000000e+03 3.241000000000000000e+03 2.167333530999999980e-01 7.735236619999999452e-02
3.241000000000000000e+03 3.242000000000000000e+03 2.488179403999999928e-01 4.698404721000000450e-02
3.242000000000000000e+03 3.243000000000000000e+03 1.207116379289999986e-01 4.598865200999999875e-02
3.243000000000000000e+03 3.244000000000000000e+03 1.966966593000000207e-01 3.173332556000000443e-02
3.244000000000000000e+03 3.245000000000000000e+03 1.034028988999999982e-01 2.527699705000000310e-02
3.245000000000000000e+03 3.246000000000000000e+03 3.984175839999999913e-01 1.000260834999999876e-01
3.246000000000000000e+03 3.247000000000000000e+03 4.862136049999999932e-01 9.336988899999999758e-02
3.247000000000000000e+03 3.248000000000000000e+03 4.723967860000000130e-01 9.085410369999999403e-02
3.248000000000000000e+03 3.249000000000000000e+03 3.482852301000000095e-01 7.851798780000000810e-02
3.249000000000000000e+03 3.250000000000000000e+03 2.832836457999999835e-01 7.474825300000000061e-02
3.250000000000000000e+03 3.251000000000000000e+03 4.337931609999999827e-01 6.296654309999999422e-02
3.251000000000000000e+03 3.252000000000000000e+03 2.851103862000000100e-01 6.786579229999999130e-02
3.252000000000000000e+03 3.253000000000000000e+03 2.061881733999999800e-01 4.653889005000000356e-02
3.253000000000000000e+03 3.254000000000000000e+03 2.075974141999999967e-01 3.987179796000000359e-02
3.254000000000000000e+03 3.255000000000000000e+03 1.164951501900000075e-01 3.410433429999999710e-02
3.255000000000000000e+03 3.256000000000000000e+03 1.096406379869999947e-01 2.767607555999999913e-02
3.256000000000000000e+03 3.257000000000000000e+03 2.972333004999999639e-01 9.921482869999999343e-02
3.257000000000000000e+03 3.258000000000000000e+03 4.316759880000000105e-01 9.322286450000000224e-02
3.258000000000000000e+03 3.259000000000000000e+03 3.576291522999999750e-01 8.690876270000000292e-02
3.259000000000000000e+03 3.260000000000000000e+03 4.834087460000000003e-01 8.434373970000000331e-02
3.260000000000000000e+03 3.261000000000000000e+03 3.832849595999999748e-01 6.788125309999999690e-02
3.261000000000000000e+03 3.262000000000000000e+03 3.468183219000000039e-01 6.077164790000000316e-02
3.262000000000000000e+03 3.263000000000000000e+03 1.702221805999999948e-01 6.432904289999999414e-02
3.263000000000000000e+03 3.264000000000000000e+03 1.785883558000000149e-01 4.677796105000000398e-02
3.264000000000000000e+03 3.265000000000000000e+03 1.821497809899999820e-01 4.111355329000000031e-02
3.265000000000000000e+03 3.266000000000000000e+03 1.081299309999999951e-02 3.826773979999999881e-02
3.266000000000000000e+03 3.267000000000000000e+03 4.222443211000000141e-02 2.676959135000000004e-02
3.267000000000000000e+03 3.268000000000000000e+03 3.970227350000000155e-01 9.826589410000000080e-02
3.268000000000000000e+03 3.269000000000000000e+03 6.135534420000000599e-01 1.021466268999999955e-01
3.269000000000000000e+03 3.270000000000000000e+03 4.869834239999999981e-01 8.582966190000000661e-02
3.270000000000000000e+03 3.271000000000000000e+03 3.312050470999999829e-01 8.705073600000000356e-02
3.271000000000000000e+03 3.272000000000000000e+03 3.749857900000000410e-01 6.715292420000000539e-02
3.272000000000000000e+03 3.273000000000000000e+03 3.939303017999999934e-01 6.417595669999999475e-02
3.273000000000000000e+03 3.274000000000000000e+03 2.801750534999999931e-01 5.362417760000000311e-02
3.274000000000000000e+03 3.275000000000000000e+03 2.360428050000000222e-01 4.970917180000000019e-02
3.275000000000000000e+03 3.276000000000000000e+03 1.547973965300000199e-01 4.134769574000000253e-02
3.276000000000000000e+03 3.277000000000000000e+03 1.375081089199999829e-01 3.707615649999999874e-02
3.277000000000000000e+03 3.278000000000000000e+03 8.916174420000000378e-02 2.500370178000000179e-02
3.278000000000000000e+03 3.279000000000000000e+03 4.964315049999999951e-01 9.154432839999999960e-02
3.279000000000000000e+03 3.280000000000000000e+03 3.209142679999999470e-01 1.013642800000000010e-01
3.280000000000000000e+03 3.281000000000000000e+03 3.759196620000000433e-01 9.942644069999999334e-02
3.281000000000000000e+03 3.282000000000000000e+03 2.337100705999999861e-01 8.249637009999999382e-02
3.282000000000000000e+03 3.283000000000000000e+03 3.670116555999999863e-01 7.167681219999999520e-02
3.283000000000000000e+03 3.284000000000000000e+03 3.049161808000000473e-01 8.056909359999998854e-02
3.284000000000000000e+03 3.285000000000000000e+03 2.080901274999999995e-01 5.990468139999999969e-02
3.285000000000000000e+03 3.286000000000000000e+03 2.481979769000000058e-01 5.093325359999999885e-02
3.286000000000000000e+03 3.287000000000000000e+03 1.606429623700000031e-01 4.039027301999999903e-02
3.287000000000000000e+03 3.288000000000000000e+03 1.237396664999999979e-01 3.418101163000000081e-02
3.288000000000000000e+03 3.289000000000000000e+03 6.785356754900000176e-02 2.512936420000000046e-02
3.289000000000000000e+03 3.290000000000000000e+03 4.756379570000000001e-01 9.044012939999999945e-02
3.290000000000000000e+03 3.291000000000000000e+03 3.935263890000000320e-01 9.436891279999999604e-02
3.291000000000000000e+03 3.292000000000000000e+03 4.922499329999999729e-01 9.204689820000000466e-02
3.292000000000000000e+03 3.293000000000000000e+03 4.992611869999999952e-01 7.407890910000000662e-02
3.293000000000000000e+03 3.294000000000000000e+03 1.707919840000000078e-01 6.559151190000001019e-02
3.294000000000000000e+03 3.295000000000000000e+03 2.364718299999999940e-01 6.677663879999999608e-02
3.295000000000000000e+03 3.296000000000000000e+03 3.153829240000000089e-01 5.184318660000000051e-02
3.296000000000000000e+03 3.297000000000000000e+03 1.960451512999999979e-01 5.311701280000000192e-02
3.297000000000000000e+03 3.298000000000000000e+03 1.188532086099999968e-01 4.502163119999999519e-02
3.298000000000000000e+03 3.299000000000000000e+03 1.029922949000000032e-01 3.704735065999999882e-02
3.299000000000000000e+03 3.300000000000000000e+03 9.240424767999999567e-02 2.333573694000000073e-02
3.300000000000000000e+03 3.301000000000000000e+03 5.778825400000000556e-01 9.321770160000000804e-02
3.301000000000000000e+03 3.302000000000000000e+03 4.085075430000000285e-01 9.189104069999999569e-02
3.302000000000000000e+03 3.303000000000000000e+03 3.454413652000000168e-01 7.743207020000000829e-02
3.303000000000000000e+03 3.304000000000000000e+03 4.147343010000000274e-01 8.402915510000000254e-02
3.304000000000000000e+03 3.305000000000000000e+03 4.304414830000000136e-01 5.705772819999999773e-02
3.305000000000000000e+03 3.306000000000000000e+03 2.531155122000000035e-01 6.442976079999999939e-02
3.306000000000000000e+03 3.307000000000000000e+03 3.324057377999999896e-01 5.236230290000000454e-02
3.307000000000000000e+03 3.308000000000000000e+03 2.024335062999999824e-01 5.096524233000000043e-02
3.308000000000000000e+03 3.309000000000000000e+03 1.658781635999999893e-01 3.747793546000000031e-02
3.309000000000000000e+03 3.310000000000000000e+03 1.314580375299999881e-01 3.047298869000000104e-02
3.310000000000000000e+03 3.311000000000000000e+03 1.274910726800000116e-01 2.181185667000000092e-02
3.311000000000000000e+03 3.312000000000000000e+03 4.889910840000000203e-01 9.603951829999998746e-02
3.312000000000000000e+03 3.313000000000000000e+03 5.414358519999999952e-01 8.621108309999998831e-02
3.313000000000000000e+03 3.314000000000000000e+03 4.494547500000000140e-01 8.490697160000000576e-02
3.314000000000000000e+03 3.315000000000000000e+03 4.540354959999999829e-01 8.210998610000000419e-02
3.315000000000000000e+03 3.316000000000000000e+03 4.214025039999999556e-01 6.405140330000000382e-02
3.316000000000000000e+03 3.317000000000000000e+03 3.217496422000000189e-01 6.294692189999999410e-02
3.317000000000000000e+03 3.318000000000000000e+03 2.202629865999999881e-01 5.145916390000000035e-02
3.318000000000000000e+03 3.319000000000000000e+03 2.416895608000000084e-01 5.720714523999999995e-02
3.319000000000000000e+03 3.320000000000000000e+03 1.828368973499999994e-01 4.731580462999999959e-02
3.320000000000000000e+03 3.321000000000000000e+03 8.129270615999999172e-02 3.694387233000000215e-02
3.321000000000000000e+03 3.322000000000000000e+03 1.001866652800000035e-01 2.330168614000000318e-02
3.322000000000000000e+03 3.323000000000000000e+03 4.570677670000000137e-01 9.791833419999999844e-02
3.323000000000000000e+03 3.324000000000000000e+03 4.629492879999999588e-01 8.950274140000000211e-02
3.324000000000000000e+03 3.325000000000000000e+03 4.013650777999999697e-01 7.251348309999999797e-02
3.325000000000000000e+03 3.326000000000000000e+03 3.228420377000000285e-01 7.918661120000000664e-02
3.326000000000000000e+03 3.327000000000000000e+03 3.186226922999999545e-01 6.588682549999999583e-02
3.327000000000000000e+03 3.328000000000000000e+03 3.640130738999999838e-01 5.854740519999999948e-02
3.328000000000000000e+03 3.329000000000000000e+03 2.280045323000000068e-01 5.878345589999999649e-02
3.329000000000000000e+03 3.330000000000000000e+03 2.017495840000000096e-01 4.824735160000000189e-02
3.330000000000000000e+03 3.331000000000000000e+03 1.561257304600000007e-01 4.680004111000000272e-02
3.331000000000000000e+03 3.332000000000000000e+03 1.020356322300000063e-01 3.243413259999999854e-02
3.332000000000000000e+03 3.333000000000000000e+03 5.452979067999999541e-02 2.352144646999999866e-02
3.333000000000000000e+03 3.334000000000000000e+03 6.104672129999999530e-01 9.340017159999999818e-02
3.334000000000000000e+03 3.335000000000000000e+03 4.212458680000000233e-01 8.793650009999999517e-02
3.335000000000000000e+03 3.336000000000000000e+03 4.902901510000000074e-01 7.227827359999999812e-02
3.336000000000000000e+03 3.337000000000000000e+03 3.348655517999999942e-01 8.582583579999999990e-02
3.337000000000000000e+03 3.338000000000000000e+03 3.565701504000000077e-01 6.758919359999999987e-02
3.338000000000000000e+03 3.339000000000000000e+03 2.537807682000000065e-01 7.625342590000000476e-02
3.339000000000000000e+03 3.340000000000000000e+03 1.938137004999999913e-01 5.275799839999999880e-02
3.340000000000000000e+03 3.341000000000000000e+03 2.273825766999999776e-01 4.478138759999999996e-02
3.341000000000000000e+03 3.342000000000000000e+03 7.229853606999998850e-02 4.656797622000000136e-02
3.342000000000000000e+03 3.343000000000000000e+03 1.284573086599999914e-01 3.502528544999999882e-02
3.343000000000000000e+03 3.344000000000000000e+03 9.447602671999999480e-02 2.366321818000000077e-02
3.344000000000000000e+03 3.345000000000000000e+03 4.100876090000000196e-01 8.212854190000000443e-02
3.345000000000000000e+03 3.346000000000000000e+03 4.118030080000000259e-01 8.648509940000000118e-02
3.346000000000000000e+03 3.347000000000000000e+03 1.907457037999999994e-01 8.847029870000000518e-02
3.347000000000000000e+03 3.348000000000000000e+03 5.173772339999999081e-01 7.345907140000000612e-02
3.348000000000000000e+03 3.349000000000000000e+03 2.263499451000000051e-01 7.173019710000000382e-02
3.349000000000000000e+03 3.350000000000000000e+03 2.641666568999999631e-01 5.766536190000000339e-02
3.350000000000000000e+03 3.351000000000000000e+03 2.286345877000000026e-01 5.134308540000000198e-02
3.351000000000000000e+03 3.352000000000000000e+03 1.169923934000000054e-01 5.212168050000000330e-02
3.352000000000000000e+03 3.353000000000000000e+03 2.201546630200000021e-01 4.651393124000000046e-02
3.353000000000000000e+03 3.354000000000000000e+03 9.588635095999999136e-02 3.264638704999999613e-02
3.354000000000000000e+03 3.355000000000000000e+03 5.327428995000000472e-02 2.826315990999999847e-02
3.355000000000000000e+03 3.356000000000000000e+03 3.587897345999999654e-01 1.036123099999999991e-01
3.356000000000000000e+03 3.357000000000000000e+03 4.049171209999999910e-01 9.324575429999999721e-02
3.357000000000000000e+03 3.358000000000000000e+03 4.127396549999999831e-01 8.042287769999999225e-02
3.358000000000000000e+03 3.359000000000000000e+03 4.221983450000000304e-01 7.100666160000000671e-02
3.359000000000000000e+03 3.360000000000000000e+03 4.743278400000000006e-01 7.078996740000000065e-02
3.360000000000000000e+03 3.361000000000000000e+03 2.945669750000000087e-01 6.158031690000000113e-02
3.361000000000000000e+03 3.362000000000000000e+03 2.282560991999999789e-01 4.672145520000000468e-02
3.362000000000000000e+03 3.363000000000000000e+03 1.300608857999999979e-01 5.152257492000000133e-02
3.363000000000000000e+03 3.364000000000000000e+03 1.496842803869999905e-01 4.127777460999999815e-02
3.364000000000000000e+03 3.365000000000000000e+03 1.165703521500000006e-01 3.155145992000000371e-02
3.365000000000000000e+03 3.366000000000000000e+03 5.889234391999999957e-02 2.402778387000000307e-02
3.366000000000000000e+03 3.367000000000000000e+03 3.098665941000000035e-01 1.084600275000000003e-01
3.367000000000000000e+03 3.368000000000000000e+03 3.951093039999999945e-01 9.468726900000000446e-02
3.368000000000000000e+03 3.369000000000000000e+03 3.468673157000000118e-01 8.718971339999999348e-02
3.369000000000000000e+03 3.370000000000000000e+03 2.518265765000000100e-01 7.515248529999998817e-02
3.370000000000000000e+03 3.371000000000000000e+03 3.048182912000000355e-01 8.382228880000000548e-02
3.371000000000000000e+03 3.372000000000000000e+03 3.555711209999999900e-01 6.642429630000000473e-02
3.372000000000000000e+03 3.373000000000000000e+03 2.677831808000000202e-01 6.113523299999999716e-02
3.373000000000000000e+03 3.374000000000000000e+03 1.476809026299999994e-01 4.691759548999999835e-02
3.374000000000000000e+03 3.375000000000000000e+03 1.855012578200000151e-01 3.825444082999999995e-02
3.375000000000000000e+03 3.376000000000000000e+03 1.338195373000000132e-01 3.231692000999999981e-02
3.376000000000000000e+03 3.377000000000000000e+03 6.993969966000000704e-02 2.359589659999999922e-02
3.377000000000000000e+03 3.378000000000000000e+03 5.524099570000000625e-01 9.027525310000000802e-02
3.378000000000000000e+03 3.379000000000000000e+03 3.900522220000000040e-01 7.962702570000000646e-02
3.379000000000000000e+03 3.380000000000000000e+03 4.688832680000000197e-01 8.721559909999999916e-02
3.380000000000000000e+03 3.381000000000000000e+03 3.490944705000000314e-01 8.287283069999999696e-02
3.381000000000000000e+03 3.382000000000000000e+03 3.623025549000000178e-01 7.075871699999999875e-02
3.382000000000000000e+03 3.383000000000000000e+03 2.480026828999999933e-01 6.500592550000000580e-02
3.383000000000000000e+03 3.384000000000000000e+03 2.461105412999999853e-01 5.717963889999999605e-02
3.384000000000000000e+03 3.385000000000000000e+03 1.091652691100000044e-01 4.362200452000000034e-02
3.385000000000000000e+03 3.386000000000000000e+03 1.096211136499999905e-01 4.222131520000000499e-02
3.386000000000000000e+03 3.387000000000000000e+03 1.262644240599999912e-01 3.313502572000000257e-02
3.387000000000000000e+03 3.388000000000000000e+03 6.477731636000000348e-02 2.363200265999999827e-02
3.388000000000000000e+03 3.389000000000000000e+03 4.616421069999999682e-01 9.694467169999999856e-02
3.389000000000000000e+03 3.390000000000000000e+03 3.989448399999999673e-01 8.064812970000000136e-02
3.390000000000000000e+03 3.391000000000000000e+03 3.437613614000000206e-01 7.662554500000000324e-02
3.391000000000000000e+03 3.392000000000000000e+03 4.470097980000000137e-01 7.512133360000000648e-02
3.392000000000000000e+03 3.393000000000000000e+03 4.210863243999999894e-01 6.523396979999999956e-02
3.393000000000000000e+03 3.394000000000000000e+03 3.304639397000000423e-01 6.090842999999999952e-02
3.394000000000000000e+03 3.395000000000000000e+03 2.400875917000000193e-01 4.401481401000000016e-02
3.395000000000000000e+03 3.396000000000000000e+03 2.069872395000000032e-01 4.309998738999999690e-02
3.396000000000000000e+03 3.397000000000000000e+03 1.241347608000000075e-01 4.113989527999999812e-02
3.397000000000000000e+03 3.398000000000000000e+03 9.039355137999999235e-02 3.245068901999999950e-02
3.398000000000000000e+03 3.399000000000000000e+03 4.750905103999999990e-02 2.497189360000000302e-02
3.399000000000000000e+03 3.400000000000000000e+03 4.662547669999999589e-01 9.622111640000000077e-02
3.400000000000000000e+03 3.401000000000000000e+03 4.660292690000000237e-01 8.663895679999999988e-02
3.401000000000000000e+03 3.402000000000000000e+03 4.480003389999999697e-01 9.558850990000000714e-02
3.402000000000000000e+03 3.403000000000000000e+03 3.313933923999999864e-01 7.382956239999999282e-02
3.403000000000000000e+03 3.404000000000000000e+03 2.788583063999999778e-01 6.105914469999999816e-02
3.404000000000000000e+03 3.405000000000000000e+03 2.232822188999999957e-01 6.017960069999999523e-02
3.405000000000000000e+03 3.406000000000000000e+03 1.401965122000000119e-01 6.022055140000000251e-02
3.406000000000000000e+03 3.407000000000000000e+03 1.869546072999999919e-01 4.344809328999999637e-02
3.407000000000000000e+03 3.408000000000000000e+03 1.755396652500000043e-01 3.565910211000000024e-02
3.408000000000000000e+03 3.409000000000000000e+03 7.989788353000000509e-02 2.777158973000000072e-02
3.409000000000000000e+03 3.410000000000000000e+03 6.459835260000000579e-02 2.196039393999999964e-02
3.410000000000000000e+03 3.411000000000000000e+03 4.059863100000000169e-01 8.643381160000000729e-02
3.411000000000000000e+03 3.412000000000000000e+03 4.654762630000000012e-01 8.281175039999999488e-02
3.412000000000000000e+03 3.413000000000000000e+03 5.645352429999999089e-01 8.087760139999999875e-02
3.413000000000000000e+03 3.414000000000000000e+03 3.022641205000000109e-01 7.391393079999999949e-02
3.414000000000000000e+03 3.415000000000000000e+03 4.491342929999999622e-01 6.139478750000000595e-02
3.415000000000000000e+03 3.416000000000000000e+03 1.903143452999999929e-01 6.539512750000001096e-02
3.416000000000000000e+03 3.417000000000000000e+03 1.882450552999999915e-01 5.384475030000000079e-02
3.417000000000000000e+03 3.418000000000000000e+03 1.801394500999999870e-01 4.673752873000000529e-02
3.418000000000000000e+03 3.419000000000000000e+03 1.386802799999999891e-01 3.188284384000000110e-02
3.419000000000000000e+03 3.420000000000000000e+03 4.369591457400000267e-02 2.815428966000000158e-02
3.420000000000000000e+03 3.421000000000000000e+03 1.274930380479999958e-01 2.583085316000000020e-02
3.421000000000000000e+03 3.422000000000000000e+03 5.538985200000000608e-01 9.273508689999999943e-02
3.422000000000000000e+03 3.423000000000000000e+03 2.713668647999999961e-01 7.286126919999999507e-02
3.423000000000000000e+03 3.424000000000000000e+03 3.537521894999999805e-01 7.520666920000000644e-02
3.424000000000000000e+03 3.425000000000000000e+03 4.132308749999999975e-01 6.663701610000000164e-02
3.425000000000000000e+03 3.426000000000000000e+03 2.976220706000000105e-01 7.353229679999999380e-02
3.426000000000000000e+03 3.427000000000000000e+03 3.040022655999999879e-01 6.029194730000000252e-02
3.427000000000000000e+03 3.428000000000000000e+03 1.797787250999999809e-01 4.700094869000000231e-02
3.428000000000000000e+03 3.429000000000000000e+03 1.875198577000000144e-01 4.054529080000000146e-02
3.429000000000000000e+03 3.430000000000000000e+03 2.003258055999999898e-01 3.119733340999999993e-02
3.430000000000000000e+03 3.431000000000000000e+03 7.696341528999998960e-02 3.210707755000000163e-02
3.431000000000000000e+03 3.432000000000000000e+03 8.702904505799999302e-02 2.561387769000000175e-02
3.432000000000000000e+03 3.433000000000000000e+03 4.233912959999999726e-01 9.837380860000000116e-02
3.433000000000000000e+03 3.434000000000000000e+03 3.288995976999999904e-01 8.996333539999999684e-02
3.434000000000000000e+03 3.435000000000000000e+03 4.434763589999999867e-01 6.563118419999999786e-02
3.435000000000000000e+03 3.436000000000000000e+03 3.320277823999999711e-01 6.794554869999999691e-02
3.436000000000000000e+03 3.437000000000000000e+03 1.746317011000000086e-01 7.621738960000000451e-02
3.437000000000000000e+03 3.438000000000000000e+03 2.808005283999999713e-01 5.803420390000000456e-02
3.438000000000000000e+03 3.439000000000000000e+03 1.673945682000000101e-01 4.840606780000000081e-02
3.439000000000000000e+03 3.440000000000000000e+03 1.303185442319999832e-01 4.374458511999999855e-02
3.440000000000000000e+03 3.441000000000000000e+03 1.221671014999999999e-01 3.518494401999999743e-02
3.441000000000000000e+03 3.442000000000000000e+03 1.390766081300000012e-01 3.275668307000000057e-02
3.442000000000000000e+03 3.443000000000000000e+03 2.619323905000000077e-02 2.300054186000000112e-02
3.443000000000000000e+03 3.444000000000000000e+03 3.020627723000000042e-01 9.274159790000000014e-02
3.444000000000000000e+03 3.445000000000000000e+03 4.023971349999999614e-01 1.098104010999999963e-01
3.445000000000000000e+03 3.446000000000000000e+03 3.688730065000000446e-01 7.453983379999999659e-02
3.446000000000000000e+03 3.447000000000000000e+03 3.669166973999999914e-01 7.726177139999999832e-02
3.447000000000000000e+03 3.448000000000000000e+03 2.815089379000000336e-01 6.001639150000000200e-02
3.448000000000000000e+03 3.449000000000000000e+03 2.570591172999999729e-01 5.548667529999999626e-02
3.449000000000000000e+03 3.450000000000000000e+03 2.455443375999999955e-01 5.017773499999999415e-02
3.450000000000000000e+03 3.451000000000000000e+03 1.644942292000000084e-01 4.104045264000000248e-02
3.451000000000000000e+03 3.452000000000000000e+03 8.727732676999999661e-02 3.107021555999999948e-02
3.452000000000000000e+03 3.453000000000000000e+03 6.405490063999999539e-02 2.678289022999999838e-02
3.453000000000000000e+03 3.454000000000000000e+03 9.172655384999998940e-02 2.498581147999999821e-02
3.454000000000000000e+03 3.455000000000000000e+03 4.434390790000000138e-01 9.694864390000000609e-02
3.455000000000000000e+03 3.456000000000000000e+03 3.679692968999999647e-01 7.881892590000000309e-02
3.456000000000000000e+03 3.457000000000000000e+03 3.297354161000000117e-01 6.567207949999999406e-02
3.457000000000000000e+03 3.458000000000000000e+03 3.825743538999999971e-01 7.415337520000001015e-02
3.458000000000000000e+03 3.459000000000000000e+03 1.804285630000000140e-01 6.909555350000000373e-02
3.459000000000000000e+03 3.460000000000000000e+03 2.334155448000000133e-01 5.211487710000000523e-02
3.460000000000000000e+03 3.461000000000000000e+03 2.617786679999999921e-01 5.046099108000000333e-02
3.461000000000000000e+03 3.462000000000000000e+03 1.916608900999999809e-01 3.959156493000000332e-02
3.462000000000000000e+03 3.463000000000000000e+03 1.548296725100000160e-01 3.377143423000000116e-02
3.463000000000000000e+03 3.464000000000000000e+03 1.061505541399999919e-01 2.570916650999999914e-02
3.464000000000000000e+03 3.465000000000000000e+03 6.818481810000000254e-02 2.240031406999999988e-02
3.465000000000000000e+03 3.466000000000000000e+03 3.837206136999999906e-01 7.691373499999999697e-02
3.466000000000000000e+03 3.467000000000000000e+03 5.549064779999999253e-01 8.445461099999999888e-02
3.467000000000000000e+03 3.468000000000000000e+03 3.674304832000000465e-01 8.429327870000000167e-02
3.468000000000000000e+03 3.469000000000000000e+03 2.726212976000000343e-01 7.879473380000000249e-02
3.469000000000000000e+03 3.470000000000000000e+03 3.510259165000000348e-01 6.239330779999999882e-02
3.470000000000000000e+03 3.471000000000000000e+03 2.454375463000000035e-01 5.753177259999999599e-02
3.471000000000000000e+03 3.472000000000000000e+03 1.797964910999999832e-01 6.004712790000000383e-02
3.472000000000000000e+03 3.473000000000000000e+03 2.358781848999999819e-01 4.145735779000000315e-02
3.473000000000000000e+03 3.474000000000000000e+03 1.276493884199999818e-01 3.212633717999999888e-02
3.474000000000000000e+03 3.475000000000000000e+03 1.130303799000000053e-01 2.447406048000000042e-02
3.475000000000000000e+03 3.476000000000000000e+03 5.446427804000000122e-02 1.889772707999999926e-02
3.476000000000000000e+03 3.477000000000000000e+03 4.083202280000000073e-01 8.246709319999999399e-02
3.477000000000000000e+03 3.478000000000000000e+03 4.800082689999999874e-01 8.187698250000000066e-02
3.478000000000000000e+03 3.479000000000000000e+03 3.382111069000000025e-01 9.088346099999999872e-02
3.479000000000000000e+03 3.480000000000000000e+03 3.231465693000000194e-01 7.228830099999999925e-02
3.480000000000000000e+03 3.481000000000000000e+03 3.041202818000000030e-01 7.159267290000000117e-02
3.481000000000000000e+03 3.482000000000000000e+03 2.082285639000000244e-01 5.898466410000000049e-02
3.482000000000000000e+03 3.483000000000000000e+03 2.550295768999999990e-01 4.828105993000000179e-02
3.483000000000000000e+03 3.484000000000000000e+03 1.997986166999999869e-01 3.957664934999999967e-02
3.484000000000000000e+03 3.485000000000000000e+03 1.912325901999999966e-01 3.314440471999999943e-02
3.485000000000000000e+03 3.486000000000000000e+03 1.021742633149999996e-01 2.445187395000000125e-02
3.486000000000000000e+03 3.487000000000000000e+03 6.684459338999999833e-02 2.114360902999999972e-02
3.487000000000000000e+03 3.488000000000000000e+03 4.712144560000000038e-01 7.828616650000000399e-02
3.488000000000000000e+03 3.489000000000000000e+03 3.649762449999999769e-01 7.789267729999999057e-02
3.489000000000000000e+03 3.490000000000000000e+03 2.825460683999999612e-01 8.368229969999999018e-02
3.490000000000000000e+03 3.491000000000000000e+03 2.127690212000000192e-01 7.001477329999999943e-02
3.491000000000000000e+03 3.492000000000000000e+03 2.404612617999999924e-01 6.526713309999999935e-02
3.492000000000000000e+03 3.493000000000000000e+03 2.122585381000000049e-01 5.399068859999999609e-02
3.493000000000000000e+03 3.494000000000000000e+03 1.963844865999999911e-01 5.370837669999999758e-02
3.494000000000000000e+03 3.495000000000000000e+03 1.875230521000000039e-01 3.851551808000000521e-02
3.495000000000000000e+03 3.496000000000000000e+03 1.139286762399999986e-01 3.923037875999999674e-02
3.496000000000000000e+03 3.497000000000000000e+03 1.155129940299999963e-01 2.617506699999999978e-02
3.497000000000000000e+03 3.498000000000000000e+03 5.966589720999999902e-02 2.040996961000000193e-02
3.498000000000000000e+03 3.499000000000000000e+03 2.900724954999999716e-01 8.460204400000000124e-02
3.499000000000000000e+03 3.500000000000000000e+03 3.231576862000000161e-01 8.321761090000000249e-02
3.500000000000000000e+03 3.501000000000000000e+03 4.434303119999999931e-01 7.570742440000000073e-02
3.501000000000000000e+03 3.502000000000000000e+03 3.124949261000000145e-01 7.192366649999999695e-02
3.502000000000000000e+03 3.503000000000000000e+03 2.450831688000000008e-01 5.820844479999999488e-02
3.503000000000000000e+03 3.504000000000000000e+03 2.441614303999999902e-01 4.608071229999999990e-02
3.504000000000000000e+03 3.505000000000000000e+03 2.126926935000000018e-01 4.291032372999999817e-02
3.505000000000000000e+03 3.506000000000000000e+03 1.286009990900000011e-01 4.754438106000000164e-02
3.506000000000000000e+03 3.507000000000000000e+03 1.220952738800000076e-01 3.386799552000000629e-02
3.507000000000000000e+03 3.508000000000000000e+03 9.232938463999999790e-02 2.676441503999999957e-02
3.508000000000000000e+03 3.509000000000000000e+03 5.688953081999999911e-02 2.130116757999999874e-02
3.509000000000000000e+03 3.510000000000000000e+03 3.972904239999999754e-01 8.511383949999999643e-02
3.510000000000000000e+03 3.511000000000000000e+03 3.099035219000000341e-01 9.438045069999999315e-02
3.511000000000000000e+03 3.512000000000000000e+03 3.686194755000000156e-01 8.081413799999999370e-02
3.512000000000000000e+03 3.513000000000000000e+03 3.598749615000000346e-01 7.141577250000000210e-02
3.513000000000000000e+03 3.514000000000000000e+03 3.661957671999999664e-01 5.931360349999999920e-02
3.514000000000000000e+03 3.515000000000000000e+03 1.979570874000000091e-01 5.277795450000000166e-02
3.515000000000000000e+03 3.516000000000000000e+03 1.703389264000000070e-01 5.263337530000000014e-02
3.516000000000000000e+03 3.517000000000000000e+03 1.293544711700000127e-01 4.210581221999999679e-02
3.517000000000000000e+03 3.518000000000000000e+03 1.363624745500000013e-01 3.104777084999999978e-02
3.518000000000000000e+03 3.519000000000000000e+03 5.757102155999999776e-02 2.468091703999999997e-02
3.519000000000000000e+03 3.520000000000000000e+03 1.618411426000000014e-02 2.016079625999999889e-02
3.520000000000000000e+03 3.521000000000000000e+03 3.711354520000000323e-01 9.866087869999999593e-02
3.521000000000000000e+03 3.522000000000000000e+03 3.246663093000000111e-01 9.769532150000000137e-02
3.522000000000000000e+03 3.523000000000000000e+03 3.393903851000000249e-01 6.459589789999999054e-02
3.523000000000000000e+03 3.524000000000000000e+03 3.494217853000000096e-01 6.580566930000000814e-02
3.524000000000000000e+03 3.525000000000000000e+03 3.094584422000000168e-01 6.685937019999999009e-02
3.525000000000000000e+03 3.526000000000000000e+03 1.702914578999999984e-01 5.258061569999999962e-02
3.526000000000000000e+03 3.527000000000000000e+03 2.697256805999999618e-01 4.481055474999999511e-02
3.527000000000000000e+03 3.528000000000000000e+03 8.495246350000000557e-02 4.534851924000000284e-02
3.528000000000000000e+03 3.529000000000000000e+03 1.212359536200000032e-01 3.254816638000000012e-02
3.529000000000000000e+03 3.530000000000000000e+03 1.256343582999999986e-01 2.819192653999999867e-02
3.530000000000000000e+03 3.531000000000000000e+03 9.312658443700000399e-02 1.846150112000000121e-02
3.531000000000000000e+03 3.532000000000000000e+03 3.396053769000000333e-01 7.475972479999999643e-02
3.532000000000000000e+03 3.533000000000000000e+03 2.638240043999999784e-01 7.388881029999999628e-02
3.533000000000000000e+03 3.534000000000000000e+03 3.659883761999999652e-01 7.506104770000000814e-02
3.534000000000000000e+03 3.535000000000000000e+03 3.788675244999999969e-01 6.823451120000000036e-02
3.535000000000000000e+03 3.536000000000000000e+03 2.148678491999999884e-01 7.189677719999999772e-02
3.536000000000000000e+03 3.537000000000000000e+03 2.421529015999999979e-01 5.355228239999999806e-02
3.537000000000000000e+03 3.538000000000000000e+03 2.168477531999999930e-01 5.259744549999999935e-02
3.538000000000000000e+03 3.539000000000000000e+03 1.485890188000000001e-01 3.458858778999999994e-02
3.539000000000000000e+03 3.540000000000000000e+03 4.846467523000000388e-02 3.586266244999999908e-02
3.540000000000000000e+03 3.541000000000000000e+03 8.167552036999999043e-02 2.639276451999999704e-02
3.541000000000000000e+03 3.542000000000000000e+03 6.821644320999999123e-02 1.901660704000000118e-02
3.542000000000000000e+03 3.543000000000000000e+03 3.352570094000000278e-01 9.380674120000000171e-02
3.543000000000000000e+03 3.544000000000000000e+03 4.181393380000000271e-01 8.496158430000000372e-02
3.544000000000000000e+03 3.545000000000000000e+03 2.649376642999999865e-01 7.798187150000000789e-02
3.545000000000000000e+03 3.546000000000000000e+03 3.412276865000000159e-01 6.393834389999999979e-02
3.546000000000000000e+03 3.547000000000000000e+03 1.967517047000000019e-01 7.430968260000000991e-02
3.547000000000000000e+03 3.548000000000000000e+03 2.840418728000000392e-01 5.095632259999999941e-02
3.548000000000000000e+03 3.549000000000000000e+03 1.456882627999999957e-01 4.200239209000000001e-02
3.549000000000000000e+03 3.550000000000000000e+03 1.838881395899999993e-01 3.846739870000000228e-02
3.550000000000000000e+03 3.551000000000000000e+03 1.925400894700000087e-01 3.471834307000000452e-02
3.551000000000000000e+03 3.552000000000000000e+03 9.721295998899999458e-02 2.213952610000000099e-02
3.552000000000000000e+03 3.553000000000000000e+03 7.425097477000000556e-02 2.161993425000000024e-02
3.553000000000000000e+03 3.554000000000000000e+03 4.223893890000000040e-01 7.971252530000000336e-02
3.554000000000000000e+03 3.555000000000000000e+03 3.071447962000000143e-01 8.454453480000000132e-02
3.555000000000000000e+03 3.556000000000000000e+03 3.905772193999999531e-01 8.040827849999999943e-02
3.556000000000000000e+03 3.557000000000000000e+03 1.883668581999999869e-01 7.129241799999999629e-02
3.557000000000000000e+03 3.558000000000000000e+03 2.250457871999999859e-01 6.125300460000000086e-02
3.558000000000000000e+03 3.559000000000000000e+03 2.506502421999999841e-01 7.158887270000000025e-02
3.559000000000000000e+03 3.560000000000000000e+03 1.904584700999999991e-01 4.477231229999999867e-02
3.560000000000000000e+03 3.561000000000000000e+03 1.226777217799999986e-01 4.005606226999999797e-02
3.561000000000000000e+03 3.562000000000000000e+03 6.037724727000000347e-02 3.403766720000000329e-02
3.562000000000000000e+03 3.563000000000000000e+03 9.730630476000000362e-02 2.217816972999999900e-02
3.563000000000000000e+03 3.564000000000000000e+03 4.338655586000000203e-02 1.965420889000000018e-02
3.564000000000000000e+03 3.565000000000000000e+03 3.832233300000000287e-01 8.001314810000000055e-02
3.565000000000000000e+03 3.566000000000000000e+03 3.309061401000000235e-01 7.443669140000000461e-02
3.566000000000000000e+03 3.567000000000000000e+03 2.261533303000000106e-01 7.122159089999999249e-02
3.567000000000000000e+03 3.568000000000000000e+03 3.152392926999999512e-01 6.122756380000000248e-02
3.568000000000000000e+03 3.569000000000000000e+03 1.188278426999999915e-01 6.139992479999999836e-02
3.569000000000000000e+03 3.570000000000000000e+03 2.521214455999999937e-01 5.109541860000000463e-02
3.570000000000000000e+03 3.571000000000000000e+03 1.423084907000000121e-01 5.218628619999999413e-02
3.571000000000000000e+03 3.572000000000000000e+03 1.702166076999999944e-01 3.451392920000000142e-02
3.572000000000000000e+03 3.573000000000000000e+03 9.752042110000000430e-02 3.728751194999999768e-02
3.573000000000000000e+03 3.574000000000000000e+03 8.824491800999999247e-02 2.788686623000000142e-02
3.574000000000000000e+03 3.575000000000000000e+03 6.696519697000000160e-02 2.091206552999999926e-02
3.575000000000000000e+03 3.576000000000000000e+03 4.027053970000000205e-01 7.912580619999999565e-02
3.576000000000000000e+03 3.577000000000000000e+03 2.824141644000000007e-01 7.541073770000000787e-02
3.577000000000000000e+03 3.578000000000000000e+03 4.214876120000000115e-01 7.220374949999999736e-02
3.578000000000000000e+03 3.579000000000000000e+03 3.121256906000000053e-01 5.869320160000000147e-02
3.579000000000000000e+03 3.580000000000000000e+03 1.971259222000000255e-01 5.332365420000000078e-02
3.580000000000000000e+03 3.581000000000000000e+03 2.196661658999999878e-01 4.689347259999999962e-02
3.581000000000000000e+03 3.582000000000000000e+03 2.237958604000000185e-01 5.010922989999999633e-02
3.582000000000000000e+03 3.583000000000000000e+03 1.280871883999999961e-01 3.279369933999999598e-02
3.583000000000000000e+03 3.584000000000000000e+03 1.446774324600000050e-01 3.353080870999999852e-02
3.584000000000000000e+03 3.585000000000000000e+03 5.757975980999999882e-02 2.440200120999999958e-02
3.585000000000000000e+03 3.586000000000000000e+03 6.087601460000000020e-02 2.191015311000000035e-02
3.586000000000000000e+03 3.587000000000000000e+03 3.118920314999999999e-01 7.620642249999999562e-02
3.587000000000000000e+03 3.588000000000000000e+03 3.310506306999999593e-01 6.504763819999999364e-02
3.588000000000000000e+03 3.589000000000000000e+03 2.891591130999999759e-01 6.137876169999999937e-02
3.589000000000000000e+03 3.590000000000000000e+03 3.456541847999999861e-01 6.543184550000000210e-02
3.590000000000000000e+03 3.591000000000000000e+03 2.513649070000000263e-01 4.814422559999999990e-02
3.591000000000000000e+03 3.592000000000000000e+03 2.654442985000000088e-01 5.093494769999999672e-02
3.592000000000000000e+03 3.593000000000000000e+03 1.456624633999999974e-01 4.687457726000000130e-02
3.593000000000000000e+03 3.594000000000000000e+03 1.571330824700000184e-01 3.943185988999999697e-02
3.594000000000000000e+03 3.595000000000000000e+03 1.257795142500000019e-01 3.003047772000000046e-02
3.595000000000000000e+03 3.596000000000000000e+03 8.509761742000000739e-02 2.392616468000000052e-02
3.596000000000000000e+03 3.597000000000000000e+03 5.446594196800000343e-02 1.930754063000000159e-02
3.597000000000000000e+03 3.598000000000000000e+03 3.326819576999999750e-01 7.268424199999999613e-02
3.598000000000000000e+03 3.599000000000000000e+03 2.698030160999999594e-01 9.579294039999999844e-02
3.599000000000000000e+03 3.600000000000000000e+03 2.571046715999999455e-01 7.060853820000000114e-02
3.600000000000000000e+03 3.601000000000000000e+03 2.761707280999999847e-01 5.775688250000000218e-02
3.601000000000000000e+03 3.602000000000000000e+03 2.587989599999999668e-01 5.649710809999999861e-02
3.602000000000000000e+03 3.603000000000000000e+03 2.009645331000000090e-01 5.113678170000000162e-02
3.603000000000000000e+03 3.604000000000000000e+03 1.895315309899999745e-01 5.768164089999999744e-02
3.604000000000000000e+03 3.605000000000000000e+03 1.552847232500000063e-01 3.303036654000000155e-02
3.605000000000000000e+03 3.606000000000000000e+03 1.105247751700000058e-01 3.410290481000000096e-02
3.606000000000000000e+03 3.607000000000000000e+03 8.064221032000000455e-02 2.335280245999999879e-02
3.607000000000000000e+03 3.608000000000000000e+03 8.620905456999999883e-02 2.027787739000000075e-02
3.608000000000000000e+03 3.609000000000000000e+03 2.213263738000000036e-01 7.702741339999999437e-02
3.609000000000000000e+03 3.610000000000000000e+03 1.968634901000000104e-01 9.744762899999999395e-02
3.610000000000000000e+03 3.611000000000000000e+03 3.400273389000000313e-01 7.235972829999999523e-02
3.611000000000000000e+03 3.612000000000000000e+03 3.614936118000000032e-01 6.859601999999999367e-02
3.612000000000000000e+03 3.613000000000000000e+03 2.183153157999999927e-01 4.958491500000000024e-02
3.613000000000000000e+03 3.614000000000000000e+03 1.877439753000000044e-01 4.699987939999999975e-02
3.614000000000000000e+03 3.615000000000000000e+03 1.270191536899999973e-01 3.982923131999999838e-02
3.615000000000000000e+03 3.616000000000000000e+03 1.813707950899999810e-01 3.997995678999999997e-02
3.616000000000000000e+03 3.617000000000000000e+03 1.264088239700000005e-01 3.166509573999999605e-02
3.617000000000000000e+03 3.618000000000000000e+03 9.800495311000000098e-02 2.671722544999999976e-02
3.618000000000000000e+03 3.619000000000000000e+03 6.063841492999999527e-02 2.008896676000000020e-02
3.619000000000000000e+03 3.620000000000000000e+03 4.663101820000000175e-01 7.894188150000000515e-02
3.620000000000000000e+03 3.621000000000000000e+03 2.550420056000000102e-01 9.113740300000000572e-02
3.621000000000000000e+03 3.622000000000000000e+03 2.989463569999999959e-01 7.840439220000000597e-02
3.622000000000000000e+03 3.623000000000000000e+03 2.056056672000000085e-01 6.763089900000000820e-02
3.623000000000000000e+03 3.624000000000000000e+03 2.486421121999999873e-01 5.354971339999999719e-02
3.624000000000000000e+03 3.625000000000000000e+03 2.931086261999999998e-01 4.454393090000000055e-02
3.625000000000000000e+03 3.626000000000000000e+03 9.783691799999999494e-02 5.399180290000000354e-02
3.626000000000000000e+03 3.627000000000000000e+03 1.294440718409999858e-01 3.541638609000000160e-02
3.627000000000000000e+03 3.628000000000000000e+03 1.144663143900000041e-01 2.863642236000000021e-02
3.628000000000000000e+03 3.629000000000000000e+03 7.466342977999999853e-02 2.600215021999999904e-02
3.629000000000000000e+03 3.630000000000000000e+03 4.533085767999999599e-02 1.909541148999999854e-02
3.630000000000000000e+03 3.631000000000000000e+03 2.677719161000000070e-01 7.592781149999999757e-02
3.631000000000000000e+03 3.632000000000000000e+03 2.105457374999999964e-01 7.075237549999999209e-02
3.632000000000000000e+03 3.633000000000000000e+03 3.179828472000000295e-01 6.920996910000000446e-02
3.633000000000000000e+03 3.634000000000000000e+03 3.343054195999999867e-01 6.884772890000000201e-02
3.634000000000000000e+03 3.635000000000000000e+03 2.565443225999999854e-01 5.387907520000000117e-02
3.635000000000000000e+03 3.636000000000000000e+03 1.213613129000000040e-01 4.987003970000000036e-02
3.636000000000000000e+03 3.637000000000000000e+03 2.079798392999999967e-01 4.368409827999999995e-02
3.637000000000000000e+03 3.638000000000000000e+03 9.560458529999998900e-02 3.802747817999999752e-02
3.638000000000000000e+03 3.639000000000000000e+03 9.645676094999999783e-02 2.806807543000000224e-02
3.639000000000000000e+03 3.640000000000000000e+03 1.015467250699999963e-01 2.638183328000000272e-02
3.640000000000000000e+03 3.641000000000000000e+03 7.930103801999999202e-02 1.797224298000000067e-02
3.641000000000000000e+03 3.642000000000000000e+03 2.747436897999999683e-01 7.001236420000001015e-02
3.642000000000000000e+03 3.643000000000000000e+03 3.070171921000000026e-01 7.138451199999999719e-02
3.643000000000000000e+03 3.644000000000000000e+03 3.073537413999999912e-01 6.081339170000000377e-02
3.644000000000000000e+03 3.645000000000000000e+03 2.734094022000000401e-01 6.312571020000000421e-02
3.645000000000000000e+03 3.646000000000000000e+03 2.962455988000000096e-01 5.642591049999999553e-02
3.646000000000000000e+03 3.647000000000000000e+03 2.897619714999999929e-01 4.464448929999999954e-02
3.647000000000000000e+03 3.648000000000000000e+03 1.840901650999999806e-01 4.034368087999999630e-02
3.648000000000000000e+03 3.649000000000000000e+03 1.025670052680000000e-01 3.822562687999999514e-02
3.649000000000000000e+03 3.650000000000000000e+03 1.235709383199999900e-01 3.151304109999999992e-02
3.650000000000000000e+03 3.651000000000000000e+03 5.484189127999999913e-02 2.412903019000000107e-02
3.651000000000000000e+03 3.652000000000000000e+03 4.811084686000000055e-02 2.032859529999999845e-02
3.652000000000000000e+03 3.653000000000000000e+03 3.583783379000000102e-01 9.075818719999999284e-02
3.653000000000000000e+03 3.654000000000000000e+03 2.813246677999999834e-01 6.511923039999999163e-02
3.654000000000000000e+03 3.655000000000000000e+03 2.930242687000000346e-01 5.742690510000000165e-02
3.655000000000000000e+03 3.656000000000000000e+03 3.927031320000000103e-01 5.784949340000000023e-02
3.656000000000000000e+03 3.657000000000000000e+03 3.013140299000000022e-01 5.462872700000000192e-02
3.657000000000000000e+03 3.658000000000000000e+03 2.301387876999999860e-01 3.901524613000000030e-02
3.658000000000000000e+03 3.659000000000000000e+03 2.033681512999999941e-01 4.149953371000000141e-02
3.659000000000000000e+03 3.660000000000000000e+03 1.109387892200000003e-01 3.161169584000000227e-02
3.660000000000000000e+03 3.661000000000000000e+03 1.148953251400000042e-01 3.570302013999999968e-02
3.661000000000000000e+03 3.662000000000000000e+03 5.839376476000000121e-02 2.554156458999999949e-02
3.662000000000000000e+03 3.663000000000000000e+03 6.033951246000000129e-02 2.087627276000000170e-02
3.663000000000000000e+03 3.664000000000000000e+03 2.942438236000000096e-01 7.243611269999999935e-02
3.664000000000000000e+03 3.665000000000000000e+03 2.633674966999999811e-01 5.839861360000000307e-02
3.665000000000000000e+03 3.666000000000000000e+03 3.592838979999999904e-01 6.658472180000001017e-02
3.666000000000000000e+03 3.667000000000000000e+03 2.520838395000000176e-01 6.570670720000000575e-02
3.667000000000000000e+03 3.668000000000000000e+03 1.686099695999999926e-01 6.790363739999999426e-02
3.668000000000000000e+03 3.669000000000000000e+03 1.696198322999999952e-01 4.633825529999999887e-02
3.669000000000000000e+03 3.670000000000000000e+03 1.195754249399999941e-01 4.483638112999999842e-02
3.670000000000000000e+03 3.671000000000000000e+03 1.732841937999999860e-01 3.279514920000000527e-02
3.671000000000000000e+03 3.672000000000000000e+03 9.960159311999999820e-02 2.833317530000000264e-02
3.672000000000000000e+03 3.673000000000000000e+03 6.122379207999999878e-02 2.003105814999999942e-02
3.673000000000000000e+03 3.674000000000000000e+03 2.543331633000000050e-02 1.866135847000000014e-02
3.674000000000000000e+03 3.675000000000000000e+03 1.709974629000000079e-01 6.928621719999999984e-02
3.675000000000000000e+03 3.676000000000000000e+03 3.417250678000000041e-01 5.873534379999999916e-02
3.676000000000000000e+03 3.677000000000000000e+03 3.549368323000000047e-01 5.761715380000000108e-02
3.677000000000000000e+03 3.678000000000000000e+03 2.962564212000000086e-01 6.435895040000000344e-02
3.678000000000000000e+03 3.679000000000000000e+03 2.273471910999999845e-01 5.004838090000000156e-02
3.679000000000000000e+03 3.680000000000000000e+03 2.603878383000000074e-01 4.659080000000000166e-02
3.680000000000000000e+03 3.681000000000000000e+03 1.551031288999999980e-01 4.200616802999999899e-02
3.681000000000000000e+03 3.682000000000000000e+03 1.182666113900000121e-01 3.310859667999999784e-02
3.682000000000000000e+03 3.683000000000000000e+03 6.472720072399999747e-02 2.686858372999999939e-02
3.683000000000000000e+03 3.684000000000000000e+03 9.210376317999999229e-02 2.130514520000000023e-02
3.684000000000000000e+03 3.685000000000000000e+03 4.786078402999999898e-02 1.883308280000000126e-02
3.685000000000000000e+03 3.686000000000000000e+03 3.037146794999999733e-01 6.886521589999999859e-02
3.686000000000000000e+03 3.687000000000000000e+03 3.215746490999999985e-01 6.752280110000000168e-02
3.687000000000000000e+03 3.688000000000000000e+03 2.644967925999999747e-01 6.636072839999999917e-02
3.688000000000000000e+03 3.689000000000000000e+03 2.194015071000000039e-01 6.296994079999999883e-02
3.689000000000000000e+03 3.690000000000000000e+03 2.530824140999999861e-01 4.831129490000000276e-02
3.690000000000000000e+03 3.691000000000000000e+03 2.723769074000000345e-01 4.718386050000000081e-02
3.691000000000000000e+03 3.692000000000000000e+03 1.257717172099999947e-01 3.661226566000000404e-02
3.692000000000000000e+03 3.693000000000000000e+03 9.486428275000000077e-02 3.550984313999999697e-02
3.693000000000000000e+03 3.694000000000000000e+03 1.585702294200000140e-01 3.143630599999999720e-02
3.694000000000000000e+03 3.695000000000000000e+03 4.137008590999999985e-02 2.168472899999999981e-02
3.695000000000000000e+03 3.696000000000000000e+03 6.020163221600000059e-02 1.583727156999999858e-02
3.696000000000000000e+03 3.697000000000000000e+03 4.840719820000000118e-01 1.020833626000000049e-01
3.697000000000000000e+03 3.698000000000000000e+03 3.747624598000000029e-01 6.402472770000000590e-02
3.698000000000000000e+03 3.699000000000000000e+03 2.228157457000000119e-01 6.052485130000000157e-02
3.699000000000000000e+03 3.700000000000000000e+03 2.378210555999999976e-01 5.495839839999999699e-02
3.700000000000000000e+03 3.701000000000000000e+03 2.948815085000000003e-01 5.398309020000000014e-02
3.701000000000000000e+03 3.702000000000000000e+03 1.651562762000000073e-01 4.826683589999999913e-02
3.702000000000000000e+03 3.703000000000000000e+03 1.848894083999999827e-01 4.084328975999999833e-02
3.703000000000000000e+03 3.704000000000000000e+03 8.436042679999999905e-02 4.062024414999999833e-02
3.704000000000000000e+03 3.705000000000000000e+03 1.077657378699999891e-01 2.820315873000000043e-02
3.705000000000000000e+03 3.706000000000000000e+03 9.275765315199999139e-02 2.452991448000000144e-02
3.706000000000000000e+03 3.707000000000000000e+03 4.327702782000000109e-02 1.648418745999999727e-02
3.707000000000000000e+03 3.708000000000000000e+03 3.032925673999999905e-01 8.330786049999999721e-02
3.708000000000000000e+03 3.709000000000000000e+03 3.921147729999999720e-01 6.792133239999999239e-02
3.709000000000000000e+03 3.710000000000000000e+03 3.333920370000000299e-01 6.395587919999999593e-02
3.710000000000000000e+03 3.711000000000000000e+03 2.871218409999999888e-01 5.351640699999999501e-02
3.711000000000000000e+03 3.712000000000000000e+03 1.598565918999999835e-01 5.473923549999999694e-02
3.712000000000000000e+03 3.713000000000000000e+03 1.876352232000000064e-01 4.677199779999999946e-02
3.713000000000000000e+03 3.714000000000000000e+03 1.272650190999999875e-01 4.454631384999999805e-02
3.714000000000000000e+03 3.715000000000000000e+03 1.162350083600000028e-01 3.483470316000000094e-02
3.715000000000000000e+03 3.716000000000000000e+03 1.105813293000000030e-01 3.144361046000000021e-02
3.716000000000000000e+03 3.717000000000000000e+03 6.293349638200000651e-02 2.523736799999999961e-02
3.717000000000000000e+03 3.718000000000000000e+03 8.289096851299999902e-02 1.711982979999999988e-02
3.718000000000000000e+03 3.719000000000000000e+03 3.068048943999999723e-01 8.651718469999999939e-02
3.719000000000000000e+03 3.720000000000000000e+03 3.438997379000000021e-01 6.862981559999999093e-02
3.720000000000000000e+03 3.721000000000000000e+03 2.457464310999999957e-01 5.934965859999999371e-02
3.721000000000000000e+03 3.722000000000000000e+03 2.389876779000000007e-01 5.492431390000000052e-02
3.722000000000000000e+03 3.723000000000000000e+03 2.132832705000000106e-01 4.722752300000000042e-02
3.723000000000000000e+03 3.724000000000000000e+03 1.684911277000000207e-01 5.341299839999999466e-02
3.724000000000000000e+03 3.725000000000000000e+03 2.365262135999999793e-01 3.813254443999999910e-02
3.725000000000000000e+03 3.726000000000000000e+03 1.832132971299999802e-01 3.174836447999999922e-02
3.726000000000000000e+03 3.727000000000000000e+03 8.168696888000000211e-02 3.095643991999999858e-02
3.727000000000000000e+03 3.728000000000000000e+03 7.040444822999999963e-02 1.987974403000000029e-02
3.728000000000000000e+03 3.729000000000000000e+03 4.360501298000000331e-02 1.911591114000000050e-02
3.729000000000000000e+03 3.730000000000000000e+03 3.015478468000000190e-01 7.467419029999999847e-02
3.730000000000000000e+03 3.731000000000000000e+03 2.987452039999999864e-01 6.758587879999999881e-02
3.731000000000000000e+03 3.732000000000000000e+03 1.976386651999999799e-01 6.294280180000000335e-02
3.732000000000000000e+03 3.733000000000000000e+03 1.758435296000000203e-01 5.702245609999999354e-02
3.733000000000000000e+03 3.734000000000000000e+03 1.828975189000000001e-01 5.108757049999999855e-02
3.734000000000000000e+03 3.735000000000000000e+03 1.998280392999999822e-01 4.415787460000000081e-02
3.735000000000000000e+03 3.736000000000000000e+03 2.190932650000000093e-01 4.172350911000000107e-02
3.736000000000000000e+03 3.737000000000000000e+03 1.005426651900000051e-01 3.556328760999999394e-02
3.737000000000000000e+03 3.738000000000000000e+03 6.357779324999998649e-02 2.722234336999999893e-02
3.738000000000000000e+03 3.739000000000000000e+03 7.854432447400000461e-02 1.982809308000000117e-02
3.739000000000000000e+03 3.740000000000000000e+03 4.488814232999999848e-02 2.242832586999999808e-02
3.740000000000000000e+03 3.741000000000000000e+03 2.668445142000000492e-01 6.619589089999999842e-02
3.741000000000000000e+03 3.742000000000000000e+03 3.364579242999999886e-01 6.346467449999999844e-02
3.742000000000000000e+03 3.743000000000000000e+03 3.264145082999999614e-01 5.374317299999999825e-02
3.743000000000000000e+03 3.744000000000000000e+03 2.874157378000000151e-01 5.310854179999999897e-02
3.744000000000000000e+03 3.745000000000000000e+03 2.423115362999999911e-01 5.396632519999999822e-02
3.745000000000000000e+03 3.746000000000000000e+03 2.282465201000000166e-01 4.193281059000000116e-02
3.746000000000000000e+03 3.747000000000000000e+03 1.000767683000000075e-01 4.803118060999999467e-02
3.747000000000000000e+03 3.748000000000000000e+03 1.819038082939999912e-01 3.072730773999999762e-02
3.748000000000000000e+03 3.749000000000000000e+03 1.042199956099999908e-01 2.477047242999999913e-02
3.749000000000000000e+03 3.750000000000000000e+03 5.616896405999999980e-02 2.209052589999999788e-02
3.750000000000000000e+03 3.751000000000000000e+03 5.418620128999999952e-02 1.691202839000000013e-02
3.751000000000000000e+03 3.752000000000000000e+03 2.463093822999999905e-01 6.350319139999999196e-02
3.752000000000000000e+03 3.753000000000000000e+03 2.138025491999999972e-01 6.822075119999999882e-02
3.753000000000000000e+03 3.754000000000000000e+03 2.490198538999999767e-01 6.712852459999998911e-02
3.754000000000000000e+03 3.755000000000000000e+03 2.037581994999999868e-01 5.101750719999999933e-02
3.755000000000000000e+03 3.756000000000000000e+03 2.661478963999999725e-01 4.757708940000000136e-02
3.756000000000000000e+03 3.757000000000000000e+03 1.578424548000000038e-01 5.467668109999999915e-02
3.757000000000000000e+03 3.758000000000000000e+03 1.902906919000000030e-01 3.892172563000000085e-02
3.758000000000000000e+03 3.759000000000000000e+03 9.364215910000001086e-02 3.159240065999999875e-02
3.759000000000000000e+03 3.760000000000000000e+03 8.448159320999999722e-02 2.520202177000000279e-02
3.760000000000000000e+03 3.761000000000000000e+03 5.979627993999999530e-02 2.046747012000000102e-02
3.761000000000000000e+03 3.762000000000000000e+03 5.521680939999999878e-03 1.582081554000000154e-02
3.762000000000000000e+03 3.763000000000000000e+03 3.683083870000000148e-01 6.533699499999999494e-02
3.763000000000000000e+03 3.764000000000000000e+03 3.554982408000000316e-01 6.694894319999999954e-02
3.764000000000000000e+03 3.765000000000000000e+03 2.954814622999999973e-01 5.383462099999999917e-02
3.765000000000000000e+03 3.766000000000000000e+03 2.688066379999999866e-01 5.956377269999999641e-02
3.766000000000000000e+03 3.767000000000000000e+03 2.134918450999999939e-01 5.487880049999999815e-02
3.767000000000000000e+03 3.768000000000000000e+03 9.426575079999999218e-02 4.685494582000000047e-02
3.768000000000000000e+03 3.769000000000000000e+03 1.035596065900000057e-01 4.333608426000000458e-02
3.769000000000000000e+03 3.770000000000000000e+03 1.029613025500000084e-01 3.334971997999999771e-02
3.770000000000000000e+03 3.771000000000000000e+03 1.056884974830000073e-01 2.566705853000000176e-02
3.771000000000000000e+03 3.772000000000000000e+03 7.450350364999999697e-02 2.295394134999999974e-02
3.772000000000000000e+03 3.773000000000000000e+03 3.741414263000000101e-02 1.643604063999999990e-02
3.773000000000000000e+03 3.774000000000000000e+03 3.201644403000000194e-01 6.871478809999999326e-02
3.774000000000000000e+03 3.775000000000000000e+03 1.922823784999999897e-01 6.880994219999998773e-02
3.775000000000000000e+03 3.776000000000000000e+03 2.439304337000000045e-01 5.995831389999999733e-02
3.776000000000000000e+03 3.777000000000000000e+03 2.196572450999999815e-01 4.699100039999999645e-02
3.777000000000000000e+03 3.778000000000000000e+03 1.502294574000000160e-01 4.986906640000000196e-02
3.778000000000000000e+03 3.779000000000000000e+03 1.949522831000000123e-01 4.233331991000000016e-02
3.779000000000000000e+03 3.780000000000000000e+03 9.370414037000000806e-02 3.701152005000000328e-02
3.780000000000000000e+03 3.781000000000000000e+03 1.268917271700000238e-01 2.944432539000000140e-02
3.781000000000000000e+03 3.782000000000000000e+03 1.117416697700000100e-01 2.541070450000000244e-02
3.782000000000000000e+03 3.783000000000000000e+03 4.736480583000000216e-02 2.189860998000000072e-02
3.783000000000000000e+03 3.784000000000000000e+03 7.804467872999999722e-02 1.582390361000000217e-02
3.784000000000000000e+03 3.785000000000000000e+03 3.251437191000000060e-01 7.233675089999999641e-02
3.785000000000000000e+03 3.786000000000000000e+03 2.888621939000000083e-01 6.765752419999999934e-02
3.786000000000000000e+03 3.787000000000000000e+03 3.123215495999999702e-01 5.772499860000000066e-02
3.787000000000000000e+03 3.788000000000000000e+03 2.174052584000000232e-01 5.322407590000000077e-02
3.788000000000000000e+03 3.789000000000000000e+03 1.502512627999999795e-01 5.002469259999999668e-02
3.789000000000000000e+03 3.790000000000000000e+03 1.918797602000000269e-01 4.015756793999999963e-02
3.790000000000000000e+03 3.791000000000000000e+03 2.238799848000000148e-01 3.573284698999999731e-02
3.791000000000000000e+03 3.792000000000000000e+03 7.586446953000000604e-02 3.643452797000000520e-02
3.792000000000000000e+03 3.793000000000000000e+03 1.123142258000000004e-01 2.437248675999999920e-02
3.793000000000000000e+03 3.794000000000000000e+03 5.113794781000000067e-02 1.838128111000000148e-02
3.794000000000000000e+03 3.795000000000000000e+03 3.956906049999999592e-02 1.573012089999999835e-02
3.795000000000000000e+03 3.796000000000000000e+03 2.166200756999999977e-01 5.922209850000000053e-02
3.796000000000000000e+03 3.797000000000000000e+03 2.630890774000000376e-01 5.304312209999999944e-02
3.797000000000000000e+03 3.798000000000000000e+03 2.654778043000000087e-01 5.805395749999999605e-02
3.798000000000000000e+03 3.799000000000000000e+03 2.817258068999999865e-01 5.976709210000000216e-02
3.799000000000000000e+03 3.800000000000000000e+03 2.675804937000000328e-01 4.304498019999999925e-02
3.800000000000000000e+03 3.801000000000000000e+03 1.403734177000000027e-01 4.395377795999999559e-02
3.801000000000000000e+03 3.802000000000000000e+03 1.540464131000000014e-01 3.878500412000000092e-02
3.802000000000000000e+03 3.803000000000000000e+03 1.339718669800000206e-01 3.074805154000000151e-02
3.803000000000000000e+03 3.804000000000000000e+03 6.471390437000000551e-02 2.575072105000000139e-02
3.804000000000000000e+03 3.805000000000000000e+03 4.791360571000000124e-02 2.194324819999999773e-02
3.805000000000000000e+03 3.806000000000000000e+03 2.811838092999999900e-02 1.558829262000000111e-02
3.806000000000000000e+03 3.807000000000000000e+03 3.391110499999999695e-01 6.969935239999999754e-02
3.807000000000000000e+03 3.808000000000000000e+03 2.620409170999999926e-01 6.318983960000000566e-02
3.808000000000000000e+03 3.809000000000000000e+03 2.620044769999999579e-01 5.961964880000000105e-02
3.809000000000000000e+03 3.810000000000000000e+03 1.458167311000000133e-01 5.216516849999999761e-02
3.810000000000000000e+03 3.811000000000000000e+03 2.281231653000000137e-01 5.163761780000000051e-02
3.811000000000000000e+03 3.812000000000000000e+03 1.806171980000000066e-01 3.774249125000000288e-02
3.812000000000000000e+03 3.813000000000000000e+03 1.557628421999999735e-01 3.234741935000000346e-02
3.813000000000000000e+03 3.814000000000000000e+03 1.548374446999999932e-01 2.893807729000000273e-02
3.814000000000000000e+03 3.815000000000000000e+03 7.945560882000000935e-02 2.346160867999999913e-02
3.815000000000000000e+03 3.816000000000000000e+03 6.934578097999999358e-02 1.964431624999999834e-02
3.816000000000000000e+03 3.817000000000000000e+03 4.794673690000000182e-02 1.479456574000000135e-02
3.817000000000000000e+03 3.818000000000000000e+03 2.663707976999999949e-01 6.580467780000000266e-02
3.818000000000000000e+03 3.819000000000000000e+03 2.255848181999999813e-01 6.265608890000000375e-02
3.819000000000000000e+03 3.820000000000000000e+03 1.505249351999999874e-01 5.778971570000000085e-02
3.820000000000000000e+03 3.821000000000000000e+03 2.954765055000000418e-01 5.689484289999999916e-02
3.821000000000000000e+03 3.822000000000000000e+03 2.194616953999999898e-01 4.587069610000000380e-02
3.822000000000000000e+03 3.823000000000000000e+03 1.377100390000000063e-01 5.082258209999999943e-02
3.823000000000000000e+03 3.824000000000000000e+03 1.583761298000000151e-01 3.730035489000000509e-02
3.824000000000000000e+03 3.825000000000000000e+03 8.369542141999999907e-02 2.784543001000000170e-02
3.825000000000000000e+03 3.826000000000000000e+03 3.797455084899999805e-02 2.512499602999999915e-02
3.826000000000000000e+03 3.827000000000000000e+03 6.384271760000000129e-02 2.166431303999999738e-02
3.827000000000000000e+03 3.828000000000000000e+03 4.648463413999999461e-02 1.631726542000000099e-02
3.828000000000000000e+03 3.829000000000000000e+03 3.083410810000000168e-01 6.863076210000000621e-02
3.829000000000000000e+03 3.830000000000000000e+03 2.611637433999999813e-01 6.010893949999999986e-02
3.830000000000000000e+03 3.831000000000000000e+03 2.760131873999999708e-01 6.310699349999999985e-02
3.831000000000000000e+03 3.832000000000000000e+03 2.008483443000000090e-01 5.676236469999999812e-02
3.832000000000000000e+03 3.833000000000000000e+03 1.498187766000000087e-01 4.493703920000000074e-02
3.833000000000000000e+03 3.834000000000000000e+03 1.469512454999999940e-01 3.768580140999999717e-02
3.834000000000000000e+03 3.835000000000000000e+03 9.099098431999999570e-02 3.502493440000000596e-02
3.835000000000000000e+03 3.836000000000000000e+03 1.100546974899999919e-01 2.881700844999999719e-02
3.836000000000000000e+03 3.837000000000000000e+03 8.683560840000000003e-02 2.360681962000000036e-02
3.837000000000000000e+03 3.838000000000000000e+03 3.381942777000000039e-02 2.775570288999999746e-02
3.838000000000000000e+03 3.839000000000000000e+03 3.343182764000000168e-02 1.521594445000000115e-02
3.839000000000000000e+03 3.840000000000000000e+03 2.129862487999999998e-01 6.335648600000000352e-02
3.840000000000000000e+03 3.841000000000000000e+03 2.272464073000000084e-01 6.080551640000000230e-02
3.841000000000000000e+03 3.842000000000000000e+03 1.524431713999999938e-01 6.787914949999999947e-02
3.842000000000000000e+03 3.843000000000000000e+03 1.867936812999999863e-01 5.750464420000000326e-02
3.843000000000000000e+03 3.844000000000000000e+03 2.135120405999999804e-01 4.654202529999999782e-02
3.844000000000000000e+03 3.845000000000000000e+03 1.577207855999999964e-01 4.446657278999999879e-02
3.845000000000000000e+03 3.846000000000000000e+03 2.129681004999999794e-01 3.710316351000000207e-02
3.846000000000000000e+03 3.847000000000000000e+03 1.075341197979999969e-01 2.881854927000000038e-02
3.847000000000000000e+03 3.848000000000000000e+03 8.092479432000000694e-02 2.341553717000000034e-02
3.848000000000000000e+03 3.849000000000000000e+03 3.939600559999999890e-02 1.809204046000000010e-02
3.849000000000000000e+03 3.850000000000000000e+03 4.692952725000000547e-02 1.485358342000000012e-02
3.850000000000000000e+03 3.851000000000000000e+03 3.117398248999999621e-01 6.006695680000000148e-02
3.851000000000000000e+03 3.852000000000000000e+03 2.863596223000000052e-01 5.188477619999999624e-02
3.852000000000000000e+03 3.853000000000000000e+03 1.571605497999999934e-01 5.520997930000000331e-02
3.853000000000000000e+03 3.854000000000000000e+03 1.162441202400000123e-01 5.563492540000000014e-02
3.854000000000000000e+03 3.855000000000000000e+03 2.038806481999999864e-01 5.135537460000000332e-02
3.855000000000000000e+03 3.856000000000000000e+03 1.083641783999999969e-01 5.201525100000000540e-02
3.856000000000000000e+03 3.857000000000000000e+03 1.401853108999999986e-01 3.722147564000000131e-02
3.857000000000000000e+03 3.858000000000000000e+03 1.083403101000000035e-01 2.889973441999999990e-02
3.858000000000000000e+03 3.859000000000000000e+03 1.344344477500000190e-01 2.495521675000000189e-02
3.859000000000000000e+03 3.860000000000000000e+03 4.314814573219999394e-02 1.946177688000000003e-02
3.860000000000000000e+03 3.861000000000000000e+03 1.036963668000000054e-02 1.687181723999999980e-02
3.861000000000000000e+03 3.862000000000000000e+03 1.679744823000000054e-01 6.739611630000000297e-02
3.862000000000000000e+03 3.863000000000000000e+03 2.596495124000000043e-01 5.316995549999999765e-02
3.863000000000000000e+03 3.864000000000000000e+03 2.111742047000000067e-01 5.641878300000000013e-02
3.864000000000000000e+03 3.865000000000000000e+03 1.688943764999999986e-01 4.459514269999999975e-02
3.865000000000000000e+03 3.866000000000000000e+03 1.266414717999999884e-01 4.823790959999999656e-02
3.866000000000000000e+03 3.867000000000000000e+03 1.370495528000000018e-01 4.465754232000000018e-02
3.867000000000000000e+03 3.868000000000000000e+03 1.950288597999999818e-01 4.462668330000000433e-02
3.868000000000000000e+03 3.869000000000000000e+03 1.457698345500000048e-01 2.852234028999999990e-02
3.869000000000000000e+03 3.870000000000000000e+03 4.705666589000000177e-02 2.121474993999999947e-02
3.870000000000000000e+03 3.871000000000000000e+03 4.499223121999999797e-02 2.158880874000000324e-02
3.871000000000000000e+03 3.872000000000000000e+03 5.107046492999999660e-02 1.448793075000000090e-02
3.872000000000000000e+03 3.873000000000000000e+03 2.932188765999999558e-01 6.996789679999999845e-02
3.873000000000000000e+03 3.874000000000000000e+03 1.893859707999999975e-01 5.389063820000000032e-02
3.874000000000000000e+03 3.875000000000000000e+03 1.813083902000000025e-01 6.230407669999999537e-02
3.875000000000000000e+03 3.876000000000000000e+03 2.435264366999999874e-01 6.173557949999999850e-02
3.876000000000000000e+03 3.877000000000000000e+03 2.096915050000000003e-01 3.939297592999999736e-02
3.877000000000000000e+03 3.878000000000000000e+03 1.842320271000000009e-01 4.136241702000000020e-02
3.878000000000000000e+03 3.879000000000000000e+03 1.442849686000000076e-01 3.147902500000000076e-02
3.879000000000000000e+03 3.880000000000000000e+03 7.665597551000000176e-02 2.870162987999999929e-02
3.880000000000000000e+03 3.881000000000000000e+03 6.047560498900000220e-02 2.583048201000000266e-02
3.881000000000000000e+03 3.882000000000000000e+03 4.014388040999999907e-02 2.298708546000000075e-02
3.882000000000000000e+03 3.883000000000000000e+03 5.004398302999999576e-02 1.791779482000000270e-02
3.883000000000000000e+03 3.884000000000000000e+03 2.294987699999999908e-01 6.038355650000000463e-02
3.884000000000000000e+03 3.885000000000000000e+03 3.425462001000000312e-01 5.550859720000000247e-02
3.885000000000000000e+03 3.886000000000000000e+03 2.780978147999999539e-01 5.877464169999999793e-02
3.886000000000000000e+03 3.887000000000000000e+03 1.569608824000000014e-01 4.996912949999999382e-02
3.887000000000000000e+03 3.888000000000000000e+03 1.459202302999999812e-01 4.145467796999999927e-02
3.888000000000000000e+03 3.889000000000000000e+03 1.403856624500000039e-01 4.294299195999999597e-02
3.889000000000000000e+03 3.890000000000000000e+03 1.730954627999999884e-01 3.331090575000000137e-02
3.890000000000000000e+03 3.891000000000000000e+03 1.788553702500000064e-01 2.771842270999999927e-02
3.891000000000000000e+03 3.892000000000000000e+03 7.135092228000000647e-02 2.238641304000000068e-02
3.892000000000000000e+03 3.893000000000000000e+03 1.652146770000000042e-02 2.142421011000000125e-02
3.893000000000000000e+03 3.894000000000000000e+03 2.364624076799999933e-02 1.381702955999999927e-02
3.894000000000000000e+03 3.895000000000000000e+03 2.163231026999999917e-01 6.031680409999999604e-02
3.895000000000000000e+03 3.896000000000000000e+03 2.267068921000000015e-01 5.389716420000000008e-02
3.896000000000000000e+03 3.897000000000000000e+03 2.583425061000000356e-01 5.741937549999999446e-02
3.897000000000000000e+03 3.898000000000000000e+03 2.435874940999999960e-01 5.265594050000000498e-02
3.898000000000000000e+03 3.899000000000000000e+03 1.693118148999999961e-01 4.036668046999999926e-02
3.899000000000000000e+03 3.900000000000000000e+03 2.209104883000000130e-01 4.547678113999999855e-02
3.900000000000000000e+03 3.901000000000000000e+03 7.746914970000000344e-02 3.890989853000000054e-02
3.901000000000000000e+03 3.902000000000000000e+03 1.154104130499999936e-01 3.720970129000000098e-02
3.902000000000000000e+03 3.903000000000000000e+03 5.850738022000000205e-02 2.619110329000000001e-02
3.903000000000000000e+03 3.904000000000000000e+03 6.333298906999999811e-02 1.843735932999999994e-02
3.904000000000000000e+03 3.905000000000000000e+03 4.379044007999999960e-02 1.857875133000000054e-02
3.905000000000000000e+03 3.906000000000000000e+03 2.056279589000000185e-01 5.257182640000000046e-02
3.906000000000000000e+03 3.907000000000000000e+03 1.727560984000000022e-01 5.497234649999999806e-02
3.907000000000000000e+03 3.908000000000000000e+03 2.463857144000000110e-01 5.245622469999999815e-02
3.908000000000000000e+03 3.909000000000000000e+03 2.121601030999999971e-01 5.100361600000000162e-02
3.909000000000000000e+03 3.910000000000000000e+03 1.489484818000000044e-01 4.015253738999999961e-02
3.910000000000000000e+03 3.911000000000000000e+03 1.020001682200000065e-01 4.389541085000000370e-02
3.911000000000000000e+03 3.912000000000000000e+03 9.203152506000000788e-02 3.919338090999999885e-02
3.912000000000000000e+03 3.913000000000000000e+03 1.147901957950999974e-01 2.802127836000000219e-02
3.913000000000000000e+03 3.914000000000000000e+03 7.625020121999999401e-02 2.493308433000000074e-02
3.914000000000000000e+03 3.915000000000000000e+03 7.513773373999999006e-02 2.109759045999999930e-02
3.915000000000000000e+03 3.916000000000000000e+03 1.454867009099999886e-02 1.406813401999999942e-02
3.916000000000000000e+03 3.917000000000000000e+03 2.649907793999999872e-01 6.030246309999999499e-02
3.917000000000000000e+03 3.918000000000000000e+03 2.663579403999999928e-01 5.655219940000000278e-02
3.918000000000000000e+03 3.919000000000000000e+03 2.245732284000000190e-01 4.746245539999999902e-02
3.919000000000000000e+03 3.920000000000000000e+03 2.211188378000000232e-01 5.000799339999999898e-02
3.920000000000000000e+03 3.921000000000000000e+03 2.194028033999999849e-01 4.409898670000000215e-02
3.921000000000000000e+03 3.922000000000000000e+03 1.053175777799999907e-01 3.845135739999999691e-02
3.922000000000000000e+03 3.923000000000000000e+03 8.327836778000000106e-02 3.755079482999999774e-02
3.923000000000000000e+03 3.924000000000000000e+03 7.716773835000000081e-02 3.095007375000000116e-02
3.924000000000000000e+03 3.925000000000000000e+03 2.697959559999999705e-03 2.223511956000000234e-02
3.925000000000000000e+03 3.926000000000000000e+03 3.290381016999999880e-02 2.037909381999999936e-02
3.926000000000000000e+03 3.927000000000000000e+03 3.620839161000000139e-02 1.731513206000000193e-02
3.927000000000000000e+03 3.928000000000000000e+03 2.503844182999999668e-01 6.246150020000000580e-02
3.928000000000000000e+03 3.929000000000000000e+03 2.835717080000000334e-01 6.427193979999999696e-02
3.929000000000000000e+03 3.930000000000000000e+03 2.712542353999999878e-01 5.206414959999999814e-02
3.930000000000000000e+03 3.931000000000000000e+03 1.892932398000000127e-01 4.807373210000000230e-02
3.931000000000000000e+03 3.932000000000000000e+03 2.304011228000000244e-01 4.379452780000000350e-02
3.932000000000000000e+03 3.933000000000000000e+03 1.941945663000000100e-01 4.233014158999999499e-02
3.933000000000000000e+03 3.934000000000000000e+03 1.809678077000000107e-01 3.503724929000000265e-02
3.934000000000000000e+03 3.935000000000000000e+03 1.310206481999999784e-01 2.921871065999999753e-02
3.935000000000000000e+03 3.936000000000000000e+03 4.003196662999999877e-02 2.344909023999999786e-02
3.936000000000000000e+03 3.937000000000000000e+03 4.647017774400000190e-02 1.679490834999999849e-02
3.937000000000000000e+03 3.938000000000000000e+03 1.851838901000000051e-02 1.534200563999999975e-02
3.938000000000000000e+03 3.939000000000000000e+03 1.746993748999999818e-01 5.672956469999999862e-02
3.939000000000000000e+03 3.940000000000000000e+03 1.109914020000000029e-01 5.395485009999999998e-02
3.940000000000000000e+03 3.941000000000000000e+03 2.811024590999999795e-01 5.455524860000000170e-02
3.941000000000000000e+03 3.942000000000000000e+03 1.477109168999999889e-01 4.623113820000000068e-02
3.942000000000000000e+03 3.943000000000000000e+03 1.735103084000000073e-01 4.219085538999999691e-02
3.943000000000000000e+03 3.944000000000000000e+03 1.457043711999999880e-01 3.890425855000000099e-02
3.944000000000000000e+03 3.945000000000000000e+03 1.208323264099999961e-01 2.904258166000000044e-02
3.945000000000000000e+03 3.946000000000000000e+03 7.427134879730000472e-02 2.695386291000000101e-02
3.946000000000000000e+03 3.947000000000000000e+03 5.711486770999999601e-02 2.278885712999999952e-02
3.947000000000000000e+03 3.948000000000000000e+03 5.205454701000000045e-02 1.652053658999999911e-02
3.948000000000000000e+03 3.949000000000000000e+03 8.604784457999999775e-03 1.464026604999999967e-02
3.949000000000000000e+03 3.950000000000000000e+03 2.168446920000000055e-01 6.546200939999999302e-02
3.950000000000000000e+03 3.951000000000000000e+03 2.418192394000000245e-01 5.190641309999999981e-02
3.951000000000000000e+03 3.952000000000000000e+03 1.994046725000000186e-01 5.455322359999999898e-02
3.952000000000000000e+03 3.953000000000000000e+03 2.056726535999999772e-01 4.806548509999999941e-02
3.953000000000000000e+03 3.954000000000000000e+03 1.648403251999999986e-01 4.116252780000000111e-02
3.954000000000000000e+03 3.955000000000000000e+03 1.631665615000000014e-01 3.957598963000000247e-02
3.955000000000000000e+03 3.956000000000000000e+03 1.348736149699999998e-01 3.114875832999999816e-02
3.956000000000000000e+03 3.957000000000000000e+03 1.267845092799999851e-01 2.735613729999999966e-02
3.957000000000000000e+03 3.958000000000000000e+03 8.453596855680001187e-02 2.645002759000000120e-02
3.958000000000000000e+03 3.959000000000000000e+03 5.924598789999999809e-02 1.983530306000000007e-02
3.959000000000000000e+03 3.960000000000000000e+03 1.479440593199999980e-02 1.609068280999999961e-02
3.960000000000000000e+03 3.961000000000000000e+03 2.258722405000000155e-01 6.919511870000000231e-02
3.961000000000000000e+03 3.962000000000000000e+03 2.631036253000000324e-01 5.230309880000000300e-02
3.962000000000000000e+03 3.963000000000000000e+03 2.013525335999999943e-01 5.916577440000000271e-02
3.963000000000000000e+03 3.964000000000000000e+03 1.618619775999999844e-01 5.083757220000000021e-02
3.964000000000000000e+03 3.965000000000000000e+03 1.583443833999999828e-01 4.165551399999999765e-02
3.965000000000000000e+03 3.966000000000000000e+03 1.981725424000000124e-01 3.633664687999999671e-02
3.966000000000000000e+03 3.967000000000000000e+03 8.805401779999999512e-02 3.327539691000000466e-02
3.967000000000000000e+03 3.968000000000000000e+03 9.531927462999999212e-02 2.903522983999999932e-02
3.968000000000000000e+03 3.969000000000000000e+03 1.022789610540000005e-01 2.200519425999999945e-02
3.969000000000000000e+03 3.970000000000000000e+03 6.877234407000000493e-02 2.002827197999999809e-02
3.970000000000000000e+03 3.971000000000000000e+03 3.832294168000000001e-02 1.238752148000000011e-02
3.971000000000000000e+03 3.972000000000000000e+03 3.664475664999999882e-01 5.374729090000000126e-02
3.972000000000000000e+03 3.973000000000000000e+03 2.155523349000000033e-01 5.452027529999999705e-02
3.973000000000000000e+03 3.974000000000000000e+03 2.551235170999999746e-01 5.316597170000000178e-02
3.974000000000000000e+03 3.975000000000000000e+03 2.044197910999999979e-01 4.630564329999999756e-02
3.975000000000000000e+03 3.976000000000000000e+03 1.407295556000000003e-01 4.015373817999999539e-02
3.976000000000000000e+03 3.977000000000000000e+03 9.842182210000000042e-02 4.036020762999999872e-02
3.977000000000000000e+03 3.978000000000000000e+03 1.615064153000000113e-01 3.752957896000000404e-02
3.978000000000000000e+03 3.979000000000000000e+03 4.967305016000000267e-02 2.698147197000000039e-02
3.979000000000000000e+03 3.980000000000000000e+03 8.524130755999999309e-02 1.933715195000000261e-02
3.980000000000000000e+03 3.981000000000000000e+03 3.664903200999999888e-02 1.842411904999999989e-02
3.981000000000000000e+03 3.982000000000000000e+03 3.160574682999999635e-02 1.264395821999999940e-02
3.982000000000000000e+03 3.983000000000000000e+03 1.274361163999999935e-01 5.767699710000000202e-02
3.983000000000000000e+03 3.984000000000000000e+03 2.492693370999999880e-01 5.442347259999999465e-02
3.984000000000000000e+03 3.985000000000000000e+03 2.090165176000000069e-01 5.699960310000000419e-02
3.985000000000000000e+03 3.986000000000000000e+03 1.995512721999999906e-01 4.933265030000000273e-02
3.986000000000000000e+03 3.987000000000000000e+03 1.668994467000000093e-01 4.521594949999999807e-02
3.987000000000000000e+03 3.988000000000000000e+03 1.618480100000000144e-01 3.421360499000000027e-02
3.988000000000000000e+03 3.989000000000000000e+03 1.158733403999999967e-01 3.093133626999999830e-02
3.989000000000000000e+03 3.990000000000000000e+03 9.053864418000000247e-02 2.750462531000000266e-02
3.990000000000000000e+03 3.991000000000000000e+03 6.893255004999999935e-02 1.964881326999999914e-02
3.991000000000000000e+03 3.992000000000000000e+03 2.583687306000000128e-02 1.687066715999999827e-02
3.992000000000000000e+03 3.993000000000000000e+03 3.050532033000000198e-02 1.245130361999999963e-02
3.993000000000000000e+03 3.994000000000000000e+03 2.556060252999999838e-01 5.435315689999999783e-02
3.994000000000000000e+03 3.995000000000000000e+03 2.748806538000000410e-01 5.553862539999999959e-02
3.995000000000000000e+03 3.996000000000000000e+03 2.832181296000000348e-01 5.543454629999999828e-02
3.996000000000000000e+03 3.997000000000000000e+03 2.475350379000000045e-01 4.593759249999999905e-02
3.997000000000000000e+03 3.998000000000000000e+03 1.299590025000000038e-01 4.589833120000000322e-02
3.998000000000000000e+03 3.999000000000000000e+03 1.665968958000000055e-01 3.734978503000000588e-02
3.999000000000000000e+03 4.000000000000000000e+03 7.749016744799999690e-02 2.753116635000000048e-02
4.000000000000000000e+03 4.001000000000000000e+03 9.749939133000000424e-02 2.668383769000000003e-02
4.001000000000000000e+03 4.002000000000000000e+03 6.297059498000000255e-02 2.296486489000000228e-02
4.002000000000000000e+03 4.003000000000000000e+03 1.254128602999999946e-02 2.040405916000000153e-02
4.003000000000000000e+03 4.004000000000000000e+03 3.995047287999999724e-02 1.511170847999999955e-02
4.004000000000000000e+03 4.005000000000000000e+03 2.497755096999999813e-01 6.206450669999999392e-02
4.005000000000000000e+03 4.006000000000000000e+03 2.555642262999999748e-01 5.682450060000000108e-02
4.006000000000000000e+03 4.007000000000000000e+03 1.120493884999999995e-01 5.234254199999999885e-02
4.007000000000000000e+03 4.008000000000000000e+03 1.084255345999999981e-01 5.042585769999999995e-02
4.008000000000000000e+03 4.009000000000000000e+03 1.508069620999999971e-01 3.865394641000000076e-02
4.009000000000000000e+03 4.010000000000000000e+03 1.356162352999999987e-01 3.711211220999999921e-02
4.010000000000000000e+03 4.011000000000000000e+03 1.093608755500000002e-01 2.875855551999999954e-02
4.011000000000000000e+03 4.012000000000000000e+03 7.206377651999999745e-02 2.390075067000000178e-02
4.012000000000000000e+03 4.013000000000000000e+03 6.847361413999999979e-02 2.386255957999999788e-02
4.013000000000000000e+03 4.014000000000000000e+03 6.195589133699999640e-02 1.933142095000000074e-02
4.014000000000000000e+03 4.015000000000000000e+03 1.576185692000000096e-02 1.334460173999999985e-02
4.015000000000000000e+03 4.016000000000000000e+03 2.457313379999999936e-01 5.176060860000000069e-02
4.016000000000000000e+03 4.017000000000000000e+03 2.921464925999999740e-01 6.852377040000000308e-02
4.017000000000000000e+03 4.018000000000000000e+03 1.354916771000000131e-01 4.689753270000000113e-02
4.018000000000000000e+03 4.019000000000000000e+03 1.860716041000000098e-01 4.962509439999999994e-02
4.019000000000000000e+03 4.020000000000000000e+03 2.106088769999999999e-01 4.404217710000000313e-02
4.020000000000000000e+03 4.021000000000000000e+03 1.028780002499999902e-01 3.590127562999999994e-02
4.021000000000000000e+03 4.022000000000000000e+03 1.845863010899999879e-01 3.133037284999999617e-02
4.022000000000000000e+03 4.023000000000000000e+03 6.201753738000000127e-02 2.968937642000000002e-02
4.023000000000000000e+03 4.024000000000000000e+03 4.942562979999999551e-02 2.243116846999999858e-02
4.024000000000000000e+03 4.025000000000000000e+03 6.836130364700000739e-02 1.582171039999999765e-02
4.025000000000000000e+03 4.026000000000000000e+03 4.316589835000000236e-02 1.313285688000000000e-02
4.026000000000000000e+03 4.027000000000000000e+03 1.824052036999999904e-01 5.851412839999999699e-02
4.027000000000000000e+03 4.028000000000000000e+03 2.508297905999999911e-01 4.893120100000000056e-02
4.028000000000000000e+03 4.029000000000000000e+03 1.832012831000000008e-01 5.628184149999999886e-02
4.029000000000000000e+03 4.030000000000000000e+03 2.057990410999999964e-01 5.050017350000000210e-02
4.030000000000000000e+03 4.031000000000000000e+03 1.656406590999999762e-01 4.159360111999999693e-02
4.031000000000000000e+03 4.032000000000000000e+03 1.664770445000000043e-01 3.569198182000000302e-02
4.032000000000000000e+03 4.033000000000000000e+03 8.519601555999999076e-02 2.755106586999999871e-02
4.033000000000000000e+03 4.034000000000000000e+03 7.664714352000000230e-02 2.589812821999999681e-02
4.034000000000000000e+03 4.035000000000000000e+03 9.657985987999999355e-02 2.330947754000000163e-02
4.035000000000000000e+03 4.036000000000000000e+03 6.787100589000000239e-02 1.509410985000000059e-02
4.036000000000000000e+03 4.037000000000000000e+03 2.756700818699999930e-02 1.307418886999999960e-02
4.037000000000000000e+03 4.038000000000000000e+03 3.032315599999999556e-01 5.671331159999999649e-02
4.038000000000000000e+03 4.039000000000000000e+03 1.443005981999999909e-01 4.791838650000000005e-02
4.039000000000000000e+03 4.040000000000000000e+03 1.777059349000000010e-01 5.086047679999999849e-02
4.040000000000000000e+03 4.041000000000000000e+03 1.463666892000000108e-01 3.889685140000000152e-02
4.041000000000000000e+03 4.042000000000000000e+03 1.928169356999999973e-01 3.982503431000000010e-02
4.042000000000000000e+03 4.043000000000000000e+03 1.695130759999999848e-01 3.142359000000000124e-02
4.043000000000000000e+03 4.044000000000000000e+03 1.516823468000000064e-01 2.535120096000000045e-02
4.044000000000000000e+03 4.045000000000000000e+03 4.374150501599999991e-02 2.676332827999999830e-02
4.045000000000000000e+03 4.046000000000000000e+03 1.069515049199999956e-01 2.244691789000000104e-02
4.046000000000000000e+03 4.047000000000000000e+03 1.881160911999999949e-02 1.812145613000000141e-02
4.047000000000000000e+03 4.048000000000000000e+03 1.518514854000000032e-02 1.420601527999999954e-02
4.048000000000000000e+03 4.049000000000000000e+03 1.946194309000000011e-01 5.054801080000000113e-02
4.049000000000000000e+03 4.050000000000000000e+03 1.757602493000000043e-01 5.702160819999999714e-02
4.050000000000000000e+03 4.051000000000000000e+03 1.775733560000000155e-01 4.786251479999999864e-02
4.051000000000000000e+03 4.052000000000000000e+03 1.169583841000000068e-01 3.973825560000000118e-02
4.052000000000000000e+03 4.053000000000000000e+03 1.266054040000000047e-01 3.810347037999999714e-02
4.053000000000000000e+03 4.054000000000000000e+03 2.206000954999999819e-01 3.204862346999999556e-02
4.054000000000000000e+03 4.055000000000000000e+03 3.879062959300000335e-02 3.281623565999999825e-02
4.055000000000000000e+03 4.056000000000000000e+03 1.224108729300000115e-01 2.288266241000000076e-02
4.056000000000000000e+03 4.057000000000000000e+03 6.406421837999999591e-02 1.826541849000000092e-02
4.057000000000000000e+03 4.058000000000000000e+03 6.168135532999999976e-02 1.880302321000000207e-02
4.058000000000000000e+03 4.059000000000000000e+03 -5.197836786000000278e-03 1.346089601999999989e-02
4.059000000000000000e+03 4.060000000000000000e+03 2.815951382999999919e-01 5.220500549999999851e-02
4.060000000000000000e+03 4.061000000000000000e+03 2.364672843999999774e-01 4.354208839999999803e-02
4.061000000000000000e+03 4.062000000000000000e+03 2.179951943999999808e-01 4.405863609999999958e-02
4.062000000000000000e+03 4.063000000000000000e+03 1.824518158000000001e-01 3.796063778999999444e-02
4.063000000000000000e+03 4.064000000000000000e+03 1.585207918999999854e-01 3.855380785000000338e-02
4.064000000000000000e+03 4.065000000000000000e+03 1.199824011800000034e-01 3.130780912000000193e-02
4.065000000000000000e+03 4.066000000000000000e+03 8.076815374000000103e-02 3.104328208999999894e-02
4.066000000000000000e+03 4.067000000000000000e+03 4.915740115000000188e-02 2.506210208999999980e-02
4.067000000000000000e+03 4.068000000000000000e+03 5.524925719000000485e-02 1.955981591999999755e-02
4.068000000000000000e+03 4.069000000000000000e+03 5.232301132000000132e-02 1.505537525000000092e-02
4.069000000000000000e+03 4.070000000000000000e+03 4.035434461000000222e-02 1.440392262000000055e-02
4.070000000000000000e+03 4.071000000000000000e+03 2.233041746999999966e-01 5.433932920000000139e-02
4.071000000000000000e+03 4.072000000000000000e+03 2.140312806999999928e-01 4.400464669999999689e-02
4.072000000000000000e+03 4.073000000000000000e+03 1.272185491999999751e-01 5.138142059999999817e-02
4.073000000000000000e+03 4.074000000000000000e+03 1.882390948000000064e-01 4.069071399999999589e-02
4.074000000000000000e+03 4.075000000000000000e+03 1.519430707000000158e-01 3.617070749000000224e-02
4.075000000000000000e+03 4.076000000000000000e+03 1.803209386000000081e-01 2.958734284000000270e-02
4.076000000000000000e+03 4.077000000000000000e+03 1.133460292299999922e-01 2.965089216000000097e-02
4.077000000000000000e+03 4.078000000000000000e+03 9.707026477400000630e-02 2.851025693999999916e-02
4.078000000000000000e+03 4.079000000000000000e+03 5.891566475999999997e-02 2.008347543999999818e-02
4.079000000000000000e+03 4.080000000000000000e+03 4.296248073000000223e-02 1.644159788999999955e-02
4.080000000000000000e+03 4.081000000000000000e+03 2.017535767999999868e-02 1.299538073000000050e-02
4.081000000000000000e+03 4.082000000000000000e+03 2.186689843000000077e-01 5.463685530000000207e-02
4.082000000000000000e+03 4.083000000000000000e+03 2.338086597000000044e-01 4.828569959999999550e-02
4.083000000000000000e+03 4.084000000000000000e+03 1.620676471000000174e-01 4.665889880000000101e-02
4.084000000000000000e+03 4.085000000000000000e+03 2.220511505999999968e-01 3.635371494999999759e-02
4.085000000000000000e+03 4.086000000000000000e+03 1.845118191000000019e-01 3.448607380999999666e-02
4.086000000000000000e+03 4.087000000000000000e+03 5.722890064000000360e-02 3.660408601000000178e-02
4.087000000000000000e+03 4.088000000000000000e+03 4.816977481999999700e-02 2.818589205999999861e-02
4.088000000000000000e+03 4.089000000000000000e+03 1.090580367799999922e-01 2.759143542000000102e-02
4.089000000000000000e+03 4.090000000000000000e+03 2.057831243999999962e-02 1.930251131000000273e-02
4.090000000000000000e+03 4.091000000000000000e+03 2.629135033000000107e-02 1.572369759999999936e-02
4.091000000000000000e+03 4.092000000000000000e+03 1.263458767699999867e-02 1.193900881000000032e-02
4.092000000000000000e+03 4.093000000000000000e+03 1.745250932999999893e-01 4.609543259999999976e-02
4.093000000000000000e+03 4.094000000000000000e+03 2.323036269999999848e-01 4.944739169999999573e-02
4.094000000000000000e+03 4.095000000000000000e+03 1.871058751999999936e-01 4.737304159999999875e-02
4.095000000000000000e+03 4.096000000000000000e+03 1.372954747000000031e-01 5.137654180000000154e-02
4.096000000000000000e+03 4.097000000000000000e+03 8.099373114999999790e-02 4.128774701000000047e-02
4.097000000000000000e+03 4.098000000000000000e+03 1.308923042000000037e-01 3.203086543999999342e-02
4.098000000000000000e+03 4.099000000000000000e+03 1.389610162999999898e-01 3.117627548999999873e-02
4.099000000000000000e+03 4.100000000000000000e+03 8.894725644900000616e-02 2.316003567000000235e-02
4.100000000000000000e+03 4.101000000000000000e+03 8.181083259699999111e-02 1.866036931999999829e-02
4.101000000000000000e+03 4.102000000000000000e+03 3.295912457999999878e-02 1.574468176000000039e-02
4.102000000000000000e+03 4.103000000000000000e+03 2.017851567000000096e-02 1.221176012999999894e-02
4.103000000000000000e+03 4.104000000000000000e+03 2.651618247000000483e-01 4.403583630000000582e-02
4.104000000000000000e+03 4.105000000000000000e+03 1.565697272999999889e-01 4.149837879999999923e-02
4.105000000000000000e+03 4.106000000000000000e+03 2.469514409999999938e-01 4.252354159999999911e-02
4.106000000000000000e+03 4.107000000000000000e+03 1.181230288999999961e-01 4.531468060000000408e-02
4.107000000000000000e+03 4.108000000000000000e+03 2.861340593999999737e-01 5.047466639999999977e-02
4.108000000000000000e+03 4.109000000000000000e+03 2.111905638999999890e-01 3.430140633999999994e-02
4.109000000000000000e+03 4.110000000000000000e+03 7.454140281000000423e-02 2.617151076000000243e-02
4.110000000000000000e+03 4.111000000000000000e+03 1.493970517600000103e-01 2.463299038000000066e-02
4.111000000000000000e+03 4.112000000000000000e+03 5.130628066000000181e-02 1.927544302000000140e-02
4.112000000000000000e+03 4.113000000000000000e+03 6.296093018499999971e-02 1.583392271000000004e-02
4.113000000000000000e+03 4.114000000000000000e+03 2.821844681000000229e-02 1.189372724000000055e-02
4.114000000000000000e+03 4.115000000000000000e+03 1.191534964999999974e-01 4.531845020000000585e-02
4.115000000000000000e+03 4.116000000000000000e+03 2.015661655000000052e-01 4.343785180000000329e-02
4.116000000000000000e+03 4.117000000000000000e+03 2.243901044000000122e-01 4.137016849999999857e-02
4.117000000000000000e+03 4.118000000000000000e+03 2.146181318000000005e-01 4.278687800000000041e-02
4.118000000000000000e+03 4.119000000000000000e+03 1.105900251999999973e-01 4.689210459999999803e-02
4.119000000000000000e+03 4.120000000000000000e+03 1.113328014999999949e-01 3.033701033000000061e-02
4.120000000000000000e+03 4.121000000000000000e+03 1.072251892100000020e-01 2.955904940000000231e-02
4.121000000000000000e+03 4.122000000000000000e+03 8.883220927999999073e-02 2.428434998000000150e-02
4.122000000000000000e+03 4.123000000000000000e+03 7.661659928309999534e-02 2.084864595000000126e-02
4.123000000000000000e+03 4.124000000000000000e+03 3.698469643999999917e-02 1.533417896000000002e-02
4.124000000000000000e+03 4.125000000000000000e+03 4.643641651000000176e-02 1.161022089000000000e-02
4.125000000000000000e+03 4.126000000000000000e+03 1.874990159000000101e-01 5.353704409999999331e-02
4.126000000000000000e+03 4.127000000000000000e+03 1.710473067000000125e-01 4.415589520000000323e-02
4.127000000000000000e+03 4.128000000000000000e+03 2.787171305999999738e-01 4.272169740000000132e-02
4.128000000000000000e+03 4.129000000000000000e+03 1.424570732999999867e-01 4.722451529999999870e-02
4.129000000000000000e+03 4.130000000000000000e+03 2.115059011999999850e-01 4.261000378000000255e-02
4.130000000000000000e+03 4.131000000000000000e+03 1.443345525000000185e-01 2.768626726000000121e-02
4.131000000000000000e+03 4.132000000000000000e+03 1.212285666000000039e-01 2.794543449000000054e-02
4.132000000000000000e+03 4.133000000000000000e+03 7.304466896000000320e-02 2.155558513000000245e-02
4.133000000000000000e+03 4.134000000000000000e+03 5.489800610000000053e-02 2.169772468000000232e-02
4.134000000000000000e+03 4.135000000000000000e+03 4.781206294999999773e-02 1.388039129999999940e-02
4.135000000000000000e+03 4.136000000000000000e+03 2.154261267499999952e-02 1.330044269000000071e-02
4.136000000000000000e+03 4.137000000000000000e+03 3.222631420000000024e-01 5.147974670000000225e-02
4.137000000000000000e+03 4.138000000000000000e+03 2.458073584000000089e-01 4.448232790000000020e-02
4.138000000000000000e+03 4.139000000000000000e+03 1.968278568000000062e-01 4.921301339999999830e-02
4.139000000000000000e+03 4.140000000000000000e+03 2.041655081999999843e-01 3.581966913999999613e-02
4.140000000000000000e+03 4.141000000000000000e+03 1.412132412999999864e-01 3.662056127000000438e-02
4.141000000000000000e+03 4.142000000000000000e+03 1.438528163999999998e-01 3.309923060000000139e-02
4.142000000000000000e+03 4.143000000000000000e+03 1.070327672700000093e-01 2.782861531999999971e-02
4.143000000000000000e+03 4.144000000000000000e+03 6.716962370000000015e-02 2.852637343000000159e-02
4.144000000000000000e+03 4.145000000000000000e+03 6.153043617600000015e-02 1.738188467000000015e-02
4.145000000000000000e+03 4.146000000000000000e+03 4.872179262000000260e-02 1.530224395000000064e-02
4.146000000000000000e+03 4.147000000000000000e+03 5.339746687999999408e-02 1.306230725000000030e-02
4.147000000000000000e+03 4.148000000000000000e+03 1.390694945000000016e-01 5.549164300000000022e-02
4.148000000000000000e+03 4.149000000000000000e+03 1.210419303999999974e-01 4.509706159999999492e-02
4.149000000000000000e+03 4.150000000000000000e+03 1.327668951000000042e-01 4.630671289999999801e-02
4.150000000000000000e+03 4.151000000000000000e+03 1.275292003000000063e-01 4.292093250000000165e-02
4.151000000000000000e+03 4.152000000000000000e+03 9.914985900999999380e-02 3.567207151000000021e-02
4.152000000000000000e+03 4.153000000000000000e+03 1.189418542000000023e-01 2.801571695999999917e-02
4.153000000000000000e+03 4.154000000000000000e+03 7.032587086000000043e-02 3.062886811999999959e-02
4.154000000000000000e+03 4.155000000000000000e+03 1.122147820200000007e-01 2.455178632999999860e-02
4.155000000000000000e+03 4.156000000000000000e+03 6.689924307470000719e-02 1.878926240000000289e-02
4.156000000000000000e+03 4.157000000000000000e+03 3.521464647400000120e-02 1.513622811000000026e-02
4.157000000000000000e+03 4.158000000000000000e+03 8.797708660000000402e-03 1.209997997999999984e-02
4.158000000000000000e+03 4.159000000000000000e+03 1.898829200999999911e-01 5.115836489999999598e-02
4.159000000000000000e+03 4.160000000000000000e+03 1.645909685000000178e-01 4.205255919999999897e-02
4.160000000000000000e+03 4.161000000000000000e+03 2.412297558999999814e-01 4.438374660000000277e-02
4.161000000000000000e+03 4.162000000000000000e+03 1.346334968000000021e-01 4.029502089999999898e-02
4.162000000000000000e+03 4.163000000000000000e+03 1.687308161999999945e-01 3.228476403999999689e-02
4.163000000000000000e+03 4.164000000000000000e+03 1.105402758899999976e-01 2.892021671999999918e-02
4.164000000000000000e+03 4.165000000000000000e+03 7.216733788300000452e-02 2.611468865999999958e-02
4.165000000000000000e+03 4.166000000000000000e+03 7.154458658500000012e-02 2.255668845000000089e-02
4.166000000000000000e+03 4.167000000000000000e+03 2.859179216999999801e-02 2.047225356000000052e-02
4.167000000000000000e+03 4.168000000000000000e+03 6.698814434199999723e-02 1.507544777000000003e-02
4.168000000000000000e+03 4.169000000000000000e+03 1.633801483700000196e-02 1.239080056999999901e-02
4.169000000000000000e+03 4.170000000000000000e+03 2.256356579999999890e-01 5.793503289999999556e-02
4.170000000000000000e+03 4.171000000000000000e+03 3.733008878000000363e-01 4.650287859999999857e-02
4.171000000000000000e+03 4.172000000000000000e+03 1.826833174999999976e-01 4.516939520000000374e-02
4.172000000000000000e+03 4.173000000000000000e+03 1.952778023000000251e-01 4.028779359999999643e-02
4.173000000000000000e+03 4.174000000000000000e+03 1.119939084999999890e-01 3.756287879999999774e-02
4.174000000000000000e+03 4.175000000000000000e+03 1.347608269999999997e-01 2.870873306000000166e-02
4.175000000000000000e+03 4.176000000000000000e+03 5.653290625999999458e-02 2.568384078000000154e-02
4.176000000000000000e+03 4.177000000000000000e+03 3.573926103400000553e-02 2.233462766000000183e-02
4.177000000000000000e+03 4.178000000000000000e+03 8.767256817000000646e-02 2.120397057000000113e-02
4.178000000000000000e+03 4.179000000000000000e+03 3.263738398999999762e-02 1.676548880000000227e-02
4.179000000000000000e+03 4.180000000000000000e+03 3.120582092999999932e-02 1.229946176000000155e-02
4.180000000000000000e+03 4.181000000000000000e+03 1.768854338999999998e-01 4.652013399999999771e-02
4.181000000000000000e+03 4.182000000000000000e+03 1.649132148000000131e-01 4.048834070000000007e-02
4.182000000000000000e+03 4.183000000000000000e+03 1.432096627999999983e-01 4.130352660000000120e-02
4.183000000000000000e+03 4.184000000000000000e+03 2.106603817000000101e-01 4.169750100000000487e-02
4.184000000000000000e+03 4.185000000000000000e+03 1.266280616000000081e-01 4.197497044999999594e-02
4.185000000000000000e+03 4.186000000000000000e+03 1.398334432999999988e-01 2.872525004999999798e-02
4.186000000000000000e+03 4.187000000000000000e+03 1.029603888800000033e-01 2.679029534999999990e-02
4.187000000000000000e+03 4.188000000000000000e+03 4.367327683000000321e-02 2.213098213999999814e-02
4.188000000000000000e+03 4.189000000000000000e+03 6.752858482000000107e-02 1.693900536999999942e-02
4.189000000000000000e+03 4.190000000000000000e+03 6.256706406000000012e-03 1.559869172000000019e-02
4.190000000000000000e+03 4.191000000000000000e+03 2.332081922099999913e-02 1.246044112000000044e-02
4.191000000000000000e+03 4.192000000000000000e+03 2.460549680999999933e-01 5.037240989999999807e-02
4.192000000000000000e+03 4.193000000000000000e+03 2.102136347999999932e-01 4.378687839999999970e-02
4.193000000000000000e+03 4.194000000000000000e+03 1.984675748999999989e-01 4.246902589999999866e-02
4.194000000000000000e+03 4.195000000000000000e+03 1.790419390999999916e-01 3.546226470000000269e-02
4.195000000000000000e+03 4.196000000000000000e+03 1.692853960000000046e-01 3.717143847000000528e-02
4.196000000000000000e+03 4.197000000000000000e+03 1.249423423199999966e-01 2.864800308999999878e-02
4.197000000000000000e+03 4.198000000000000000e+03 8.903407102499999448e-02 2.564879083000000046e-02
4.198000000000000000e+03 4.199000000000000000e+03 6.421680113000000079e-02 2.231530073000000114e-02
4.199000000000000000e+03 4.200000000000000000e+03 5.770087827999999947e-02 2.137301842999999799e-02
4.200000000000000000e+03 4.201000000000000000e+03 6.586896776000000786e-02 1.706441724000000090e-02
4.201000000000000000e+03 4.202000000000000000e+03 1.525600964000000011e-02 1.403660007999999945e-02
4.202000000000000000e+03 4.203000000000000000e+03 1.953137412999999822e-01 4.087534550000000017e-02
4.203000000000000000e+03 4.204000000000000000e+03 1.244052244000000002e-01 4.384622020000000092e-02
4.204000000000000000e+03 4.205000000000000000e+03 2.405763404000000050e-01 4.569572860000000597e-02
4.205000000000000000e+03 4.206000000000000000e+03 1.674086059999999876e-01 3.435785413000000399e-02
4.206000000000000000e+03 4.207000000000000000e+03 4.476679002299999849e-02 3.623317849999999757e-02
4.207000000000000000e+03 4.208000000000000000e+03 1.139230112000000072e-01 3.231387390999999887e-02
4.208000000000000000e+03 4.209000000000000000e+03 9.158501843000001197e-02 2.696439885999999883e-02
4.209000000000000000e+03 4.210000000000000000e+03 6.832953718999999759e-02 2.080294149000000078e-02
4.210000000000000000e+03 4.211000000000000000e+03 5.395460684999999618e-02 2.094622493000000002e-02
4.211000000000000000e+03 4.212000000000000000e+03 4.539987317999999439e-02 1.455915998999999898e-02
4.212000000000000000e+03 4.213000000000000000e+03 3.620633605999999671e-02 1.247245414000000031e-02
4.213000000000000000e+03 4.214000000000000000e+03 2.044152911000000072e-01 4.484559600000000146e-02
4.214000000000000000e+03 4.215000000000000000e+03 2.607888819000000469e-01 4.370987149999999710e-02
4.215000000000000000e+03 4.216000000000000000e+03 1.428904386000000026e-01 3.629775359999999618e-02
4.216000000000000000e+03 4.217000000000000000e+03 1.663847283000000066e-01 3.701461520000000338e-02
4.217000000000000000e+03 4.218000000000000000e+03 2.206914922000000057e-01 3.550382512999999962e-02
4.218000000000000000e+03 4.219000000000000000e+03 1.248059956999999914e-01 2.952733148000000196e-02
4.219000000000000000e+03 4.220000000000000000e+03 7.017864259999999355e-02 2.580641281999999925e-02
4.220000000000000000e+03 4.221000000000000000e+03 1.025124901799999988e-01 2.281135273000000144e-02
4.221000000000000000e+03 4.222000000000000000e+03 1.152482765999999874e-02 1.648356750000000079e-02
4.222000000000000000e+03 4.223000000000000000e+03 2.760692236999999841e-02 1.463305605999999995e-02
4.223000000000000000e+03 4.224000000000000000e+03 9.236653262000000739e-03 1.113142310000000100e-02
4.224000000000000000e+03 4.225000000000000000e+03 1.873057570999999977e-01 5.721287440000000224e-02
4.225000000000000000e+03 4.226000000000000000e+03 9.027429740000000521e-03 5.688069760000000197e-02
4.226000000000000000e+03 4.227000000000000000e+03 5.050966557000000079e-02 4.643958790000000253e-02
4.227000000000000000e+03 4.228000000000000000e+03 9.459257470000000112e-02 5.067247729999999756e-02
4.228000000000000000e+03 4.229000000000000000e+03 2.443660894699999780e-02 3.702435788000000422e-02
4.229000000000000000e+03 4.230000000000000000e+03 5.437228314999999895e-02 3.362490306000000262e-02
4.230000000000000000e+03 4.231000000000000000e+03 6.405591730000000095e-02 3.325485605999999733e-02
4.231000000000000000e+03 4.232000000000000000e+03 8.375379273999999930e-02 2.857400178000000027e-02
4.232000000000000000e+03 4.233000000000000000e+03 7.612950895999999468e-02 2.472382566000000045e-02
4.233000000000000000e+03 4.234000000000000000e+03 5.903431374000000370e-02 1.761542010999999838e-02
4.234000000000000000e+03 4.235000000000000000e+03 1.135857174000000011e-02 1.307386879000000009e-02
4.235000000000000000e+03 4.236000000000000000e+03 1.044892575000000018e-01 6.059132949999999906e-02
4.236000000000000000e+03 4.237000000000000000e+03 1.196534553999999972e-01 5.233599010000000024e-02
4.237000000000000000e+03 4.238000000000000000e+03 1.556904701999999863e-01 4.246092499999999659e-02
4.238000000000000000e+03 4.239000000000000000e+03 6.927939919999999419e-02 4.388878769999999402e-02
4.239000000000000000e+03 4.240000000000000000e+03 1.209851059000000006e-01 4.453737129999999628e-02
4.240000000000000000e+03 4.241000000000000000e+03 2.419446075000000057e-02 3.816410651999999765e-02
4.241000000000000000e+03 4.242000000000000000e+03 6.166685781999999699e-02 3.078467865000000109e-02
4.242000000000000000e+03 4.243000000000000000e+03 2.045635922000000120e-02 2.559145473000000101e-02
4.243000000000000000e+03 4.244000000000000000e+03 7.189271784999999582e-02 2.217908715999999947e-02
4.244000000000000000e+03 4.245000000000000000e+03 2.467931108999999942e-02 1.906253687000000058e-02
4.245000000000000000e+03 4.246000000000000000e+03 2.409742490000000084e-02 1.163421584999999904e-02
4.246000000000000000e+03 4.247000000000000000e+03 1.187065672000000016e-01 6.081004610000000088e-02
4.247000000000000000e+03 4.248000000000000000e+03 4.338437301999999857e-02 6.088710399999999745e-02
4.248000000000000000e+03 4.249000000000000000e+03 7.009736111000000602e-02 4.739132809999999779e-02
4.249000000000000000e+03 4.250000000000000000e+03 2.348060646999999834e-02 4.692712489999999875e-02
4.250000000000000000e+03 4.251000000000000000e+03 1.864668386999999983e-01 4.489520870000000136e-02
4.251000000000000000e+03 4.252000000000000000e+03 2.169055901299999853e-02 3.051732582999999721e-02
4.252000000000000000e+03 4.253000000000000000e+03 4.466687762700000119e-02 3.148606535000000178e-02
4.253000000000000000e+03 4.254000000000000000e+03 3.932279638999999771e-02 2.721354994999999888e-02
4.254000000000000000e+03 4.255000000000000000e+03 4.870973772000000007e-02 2.149017112000000188e-02
4.255000000000000000e+03 4.256000000000000000e+03 1.769634160999999928e-02 1.517029355000000003e-02
4.256000000000000000e+03 4.257000000000000000e+03 1.076874646000000081e-02 1.169778042999999879e-02
4.257000000000000000e+03 4.258000000000000000e+03 7.353178149999999025e-02 6.011648009999999431e-02
4.258000000000000000e+03 4.259000000000000000e+03 1.654172829000000178e-01 4.973330609999999929e-02
4.259000000000000000e+03 4.260000000000000000e+03 -9.331615499999999438e-03 5.149799170000000231e-02
4.260000000000000000e+03 4.261000000000000000e+03 5.064853027999999951e-02 4.817739809999999762e-02
4.261000000000000000e+03 4.262000000000000000e+03 7.133792492999999069e-02 4.540138445999999939e-02
4.262000000000000000e+03 4.263000000000000000e+03 1.116919450000000008e-01 4.008890393000000274e-02
4.263000000000000000e+03 4.264000000000000000e+03 5.890351919999999714e-02 3.650551971000000340e-02
4.264000000000000000e+03 4.265000000000000000e+03 5.764668825000000135e-02 2.528666195000000075e-02
4.265000000000000000e+03 4.266000000000000000e+03 -1.652668110000000143e-03 2.168716487000000095e-02
4.266000000000000000e+03 4.267000000000000000e+03 2.941793402000000140e-02 1.905348349000000191e-02
4.267000000000000000e+03 4.268000000000000000e+03 8.440011469999999724e-03 1.137754239999999931e-02
4.268000000000000000e+03 4.269000000000000000e+03 6.558709873000000135e-02 5.959195750000000069e-02
4.269000000000000000e+03 4.270000000000000000e+03 2.024300970999999838e-01 5.787488300000000196e-02
4.270000000000000000e+03 4.271000000000000000e+03 1.495896501999999795e-01 5.162297309999999695e-02
4.271000000000000000e+03 4.272000000000000000e+03 1.011994736000000061e-01 4.105115251000000104e-02
4.272000000000000000e+03 4.273000000000000000e+03 6.587641841999999914e-02 4.126642615000000042e-02
4.273000000000000000e+03 4.274000000000000000e+03 4.868405106999999787e-02 3.186033370000000003e-02
4.274000000000000000e+03 4.275000000000000000e+03 7.479831199000000486e-02 3.360285955999999657e-02
4.275000000000000000e+03 4.276000000000000000e+03 7.192180473000001073e-02 2.523629352000000131e-02
4.276000000000000000e+03 4.277000000000000000e+03 3.940553114999999912e-02 2.191354713999999967e-02
4.277000000000000000e+03 4.278000000000000000e+03 4.314867440999999720e-02 1.577097239999999956e-02
4.278000000000000000e+03 4.279000000000000000e+03 1.774118381000000175e-02 1.366529369000000008e-02
4.279000000000000000e+03 4.280000000000000000e+03 1.301079838000000211e-01 6.466097590000000062e-02
4.280000000000000000e+03 4.281000000000000000e+03 2.675807997000000382e-01 5.564732730000000044e-02
4.281000000000000000e+03 4.282000000000000000e+03 1.318011271999999963e-02 5.258969260000000145e-02
4.282000000000000000e+03 4.283000000000000000e+03 7.119563947000000226e-02 4.899753060000000549e-02
4.283000000000000000e+03 4.284000000000000000e+03 1.645099926999999893e-02 4.122924838999999370e-02
4.284000000000000000e+03 4.285000000000000000e+03 1.181978155000000009e-02 3.702619342999999980e-02
4.285000000000000000e+03 4.286000000000000000e+03 2.497857441999999997e-02 3.361454373000000162e-02
4.286000000000000000e+03 4.287000000000000000e+03 8.130422661980001020e-02 2.732468525999999856e-02
4.287000000000000000e+03 4.288000000000000000e+03 6.969591395700000525e-02 2.014573448000000003e-02
4.288000000000000000e+03 4.289000000000000000e+03 1.533317976399999928e-02 1.482934087000000074e-02
4.289000000000000000e+03 4.290000000000000000e+03 -1.626912890000000020e-03 1.412296812999999998e-02
4.290000000000000000e+03 4.291000000000000000e+03 1.779761896000000010e-01 5.619093989999999345e-02
4.291000000000000000e+03 4.292000000000000000e+03 1.056752315000000081e-01 5.828939350000000158e-02
4.292000000000000000e+03 4.293000000000000000e+03 1.091624630000000012e-01 4.653646239999999906e-02
4.293000000000000000e+03 4.294000000000000000e+03 5.028217736300000240e-02 5.032820429999999845e-02
4.294000000000000000e+03 4.295000000000000000e+03 6.293922119999999232e-02 3.421921199999999885e-02
4.295000000000000000e+03 4.296000000000000000e+03 4.821634539999999913e-02 3.819704406999999829e-02
4.296000000000000000e+03 4.297000000000000000e+03 6.464392977800000051e-02 3.448925360999999939e-02
4.297000000000000000e+03 4.298000000000000000e+03 8.790349055000000467e-02 2.510083814000000149e-02
4.298000000000000000e+03 4.299000000000000000e+03 3.292361125999999916e-02 1.894863298000000126e-02
4.299000000000000000e+03 4.300000000000000000e+03 1.755341820000000039e-02 1.643677804000000242e-02
4.300000000000000000e+03 4.301000000000000000e+03 2.974290402999999958e-02 1.337776908999999993e-02
4.301000000000000000e+03 4.302000000000000000e+03 2.325432795000000052e-01 6.464216300000000248e-02
4.302000000000000000e+03 4.303000000000000000e+03 8.511266390000001014e-02 5.483185840000000255e-02
4.303000000000000000e+03 4.304000000000000000e+03 4.615483039300000145e-02 5.309775130000000259e-02
4.304000000000000000e+03 4.305000000000000000e+03 1.450162812000000030e-02 5.552789799999999915e-02
4.305000000000000000e+03 4.306000000000000000e+03 8.109979925999999395e-02 3.624505826999999819e-02
4.306000000000000000e+03 4.307000000000000000e+03 9.273576619999999993e-02 3.732911262000000036e-02
4.307000000000000000e+03 4.308000000000000000e+03 1.183581665099999874e-01 3.171516258999999838e-02
4.308000000000000000e+03 4.309000000000000000e+03 3.307074926000000414e-02 2.416946940000000085e-02
4.309000000000000000e+03 4.310000000000000000e+03 7.024780172000000267e-02 2.120781077999999917e-02
4.310000000000000000e+03 4.311000000000000000e+03 2.634161000999999877e-02 1.640042807000000047e-02
4.311000000000000000e+03 4.312000000000000000e+03 7.749665289999999908e-03 1.701403301999999951e-02
4.312000000000000000e+03 4.313000000000000000e+03 1.193581359000000092e-01 6.199928829999999669e-02
4.313000000000000000e+03 4.314000000000000000e+03 1.058690106999999880e-01 4.977258450000000140e-02
4.314000000000000000e+03 4.315000000000000000e+03 6.428952100000000225e-02 4.997490930000000192e-02
4.315000000000000000e+03 4.316000000000000000e+03 9.423758111000000992e-02 4.687610019999999961e-02
4.316000000000000000e+03 4.317000000000000000e+03 5.143013237899999451e-02 4.137275868999999717e-02
4.317000000000000000e+03 4.318000000000000000e+03 -1.095961164000000022e-02 3.302463949000000037e-02
4.318000000000000000e+03 4.319000000000000000e+03 1.114954413799999905e-01 3.107379574999999741e-02
4.319000000000000000e+03 4.320000000000000000e+03 7.512977323000000207e-02 2.361104106000000077e-02
4.320000000000000000e+03 4.321000000000000000e+03 3.121168110750000002e-02 1.853581701999999776e-02
4.321000000000000000e+03 4.322000000000000000e+03 5.092912108000000049e-02 1.598914640999999845e-02
4.322000000000000000e+03 4.323000000000000000e+03 2.686760087000000102e-02 1.228525913000000011e-02
4.323000000000000000e+03 4.324000000000000000e+03 1.323857209000000035e-01 5.730994689999999864e-02
4.324000000000000000e+03 4.325000000000000000e+03 5.154860160000000052e-02 4.782314399999999799e-02
4.325000000000000000e+03 4.326000000000000000e+03 9.960152120000000109e-02 4.875205960000000144e-02
4.326000000000000000e+03 4.327000000000000000e+03 8.713687420000000572e-02 4.609151820000000066e-02
4.327000000000000000e+03 4.328000000000000000e+03 7.758005560000000300e-02 4.130594362000000047e-02
4.328000000000000000e+03 4.329000000000000000e+03 6.183119005600000440e-02 3.497022925999999921e-02
4.329000000000000000e+03 4.330000000000000000e+03 1.057520646600000058e-01 3.124811552999999867e-02
4.330000000000000000e+03 4.331000000000000000e+03 7.417763494999998763e-02 2.368200212999999749e-02
4.331000000000000000e+03 4.332000000000000000e+03 4.614509417999999863e-02 2.087331971999999841e-02
4.332000000000000000e+03 4.333000000000000000e+03 9.384947637999999440e-03 1.579827266999999855e-02
4.333000000000000000e+03 4.334000000000000000e+03 3.253173360000000125e-03 1.187525197000000032e-02
4.334000000000000000e+03 4.335000000000000000e+03 6.739773256000000656e-02 5.686724669999999870e-02
4.335000000000000000e+03 4.336000000000000000e+03 2.480287284999999897e-01 4.615209829999999958e-02
4.336000000000000000e+03 4.337000000000000000e+03 2.300973230000000376e-03 4.713402280000000139e-02
4.337000000000000000e+03 4.338000000000000000e+03 1.523735896999999784e-01 4.462566419999999812e-02
4.338000000000000000e+03 4.339000000000000000e+03 7.258214635000000137e-02 3.693465464999999559e-02
4.339000000000000000e+03 4.340000000000000000e+03 1.313277512000000091e-01 3.888388622999999766e-02
4.340000000000000000e+03 4.341000000000000000e+03 9.500604404000000114e-02 3.034865628000000051e-02
4.341000000000000000e+03 4.342000000000000000e+03 3.728539915000000232e-02 2.125078454999999866e-02
4.342000000000000000e+03 4.343000000000000000e+03 3.148940726999999856e-02 2.099497596000000216e-02
4.343000000000000000e+03 4.344000000000000000e+03 4.887944878000000104e-02 1.528413756000000095e-02
4.344000000000000000e+03 4.345000000000000000e+03 1.053315883999999918e-02 9.508283099999998919e-03
4.345000000000000000e+03 4.346000000000000000e+03 1.143821183999999963e-01 5.070356399999999958e-02
4.346000000000000000e+03 4.347000000000000000e+03 1.971301535000000160e-01 4.937329840000000136e-02
4.347000000000000000e+03 4.348000000000000000e+03 8.945116360000000821e-02 5.470456719999999828e-02
4.348000000000000000e+03 4.349000000000000000e+03 4.500734028000000220e-02 4.307919729999999670e-02
4.349000000000000000e+03 4.350000000000000000e+03 1.542528113999999950e-01 3.995789817999999965e-02
4.350000000000000000e+03 4.351000000000000000e+03 1.023658652100000038e-01 3.528284882999999789e-02
4.351000000000000000e+03 4.352000000000000000e+03 8.699554389999999970e-02 2.766095459000000173e-02
4.352000000000000000e+03 4.353000000000000000e+03 4.371293542000000143e-02 2.496898900999999782e-02
4.353000000000000000e+03 4.354000000000000000e+03 3.890550873000000326e-02 2.147375269000000031e-02
4.354000000000000000e+03 4.355000000000000000e+03 2.985508057999999854e-02 1.670767899999999959e-02
4.355000000000000000e+03 4.356000000000000000e+03 6.999323749999999608e-03 1.004144345999999875e-02
4.356000000000000000e+03 4.357000000000000000e+03 2.325830145999999987e-01 5.154263229999999502e-02
4.357000000000000000e+03 4.358000000000000000e+03 1.506645771000000023e-01 4.620318290000000050e-02
4.358000000000000000e+03 4.359000000000000000e+03 1.736917849000000069e-01 5.778857030000000145e-02
4.359000000000000000e+03 4.360000000000000000e+03 9.988965385000000974e-02 4.567025730000000283e-02
4.360000000000000000e+03 4.361000000000000000e+03 9.126322549000000228e-02 4.010053427000000170e-02
4.361000000000000000e+03 4.362000000000000000e+03 2.767032708000000119e-02 3.800669412999999747e-02
4.362000000000000000e+03 4.363000000000000000e+03 8.385245239699999631e-02 2.894766152000000092e-02
4.363000000000000000e+03 4.364000000000000000e+03 6.061994968999999400e-02 2.546598036000000120e-02
4.364000000000000000e+03 4.365000000000000000e+03 -8.591361200000000985e-04 1.940818567999999869e-02
4.365000000000000000e+03 4.366000000000000000e+03 -1.439858850999999919e-02 1.740958473000000020e-02
4.366000000000000000e+03 4.367000000000000000e+03 9.897815089999999552e-03 1.212194488999999986e-02
4.367000000000000000e+03 4.368000000000000000e+03 9.750197070000000965e-02 5.360885589999999506e-02
4.368000000000000000e+03 4.369000000000000000e+03 8.757668356999999404e-02 4.427850780000000541e-02
4.369000000000000000e+03 4.370000000000000000e+03 6.802327556999999969e-02 4.310859759999999957e-02
4.370000000000000000e+03 4.371000000000000000e+03 3.910367655000000081e-02 4.781071790000000071e-02
4.371000000000000000e+03 4.372000000000000000e+03 5.412528046999999509e-02 3.626924516999999876e-02
4.372000000000000000e+03 4.373000000000000000e+03 8.131518490000000376e-02 3.391064428999999991e-02
4.373000000000000000e+03 4.374000000000000000e+03 2.534120771500000119e-02 3.302817141000000123e-02
4.374000000000000000e+03 4.375000000000000000e+03 6.081642690999999878e-02 2.212184936000000102e-02
4.375000000000000000e+03 4.376000000000000000e+03 4.551209603399999915e-02 1.983421078000000004e-02
4.376000000000000000e+03 4.377000000000000000e+03 8.356552220000000586e-03 1.772728661000000025e-02
4.377000000000000000e+03 4.378000000000000000e+03 1.240670570000000032e-03 1.087888090000000037e-02
4.378000000000000000e+03 4.379000000000000000e+03 1.367055340000000174e-01 5.565733670000000410e-02
4.379000000000000000e+03 4.380000000000000000e+03 1.030139537000000077e-01 4.556687229999999839e-02
4.380000000000000000e+03 4.381000000000000000e+03 9.881602280000000016e-02 4.789965200000000090e-02
4.381000000000000000e+03 4.382000000000000000e+03 1.825239969000000129e-01 4.173639216999999735e-02
4.382000000000000000e+03 4.383000000000000000e+03 8.799902076000000462e-02 3.619049457000000219e-02
4.383000000000000000e+03 4.384000000000000000e+03 8.733827044999999123e-02 3.403407076000000003e-02
4.384000000000000000e+03 4.385000000000000000e+03 6.671315677999999083e-02 2.963129215999999941e-02
4.385000000000000000e+03 4.386000000000000000e+03 6.755984886000000744e-02 2.333979224999999796e-02
4.386000000000000000e+03 4.387000000000000000e+03 4.528008085000000127e-02 1.911772864000000141e-02
4.387000000000000000e+03 4.388000000000000000e+03 4.867079878999999720e-02 1.736935494999999885e-02
4.388000000000000000e+03 4.389000000000000000e+03 1.147524345999999945e-02 1.110600450000000065e-02
4.389000000000000000e+03 4.390000000000000000e+03 1.579341401000000089e-01 5.949465639999999833e-02
4.390000000000000000e+03 4.391000000000000000e+03 1.406429936000000158e-01 5.124941510000000089e-02
4.391000000000000000e+03 4.392000000000000000e+03 -1.248675959999999939e-03 5.600820080000000478e-02
4.392000000000000000e+03 4.393000000000000000e+03 -1.888618040000000081e-02 3.641889300999999468e-02
4.393000000000000000e+03 4.394000000000000000e+03 1.128695806000000051e-01 3.615919126000000094e-02
4.394000000000000000e+03 4.395000000000000000e+03 1.241297869400000004e-01 3.019160279999999821e-02
4.395000000000000000e+03 4.396000000000000000e+03 5.191268352999999641e-02 3.018030227999999801e-02
4.396000000000000000e+03 4.397000000000000000e+03 5.614870383000000048e-02 2.471262226000000076e-02
4.397000000000000000e+03 4.398000000000000000e+03 4.955305274999999982e-02 1.784570865000000006e-02
4.398000000000000000e+03 4.399000000000000000e+03 3.486609126000000253e-02 1.470553978000000046e-02
4.399000000000000000e+03 4.400000000000000000e+03 2.256095636999999945e-02 1.061660500000000118e-02
4.400000000000000000e+03 4.401000000000000000e+03 2.417438795999999890e-01 6.682676590000000139e-02
4.401000000000000000e+03 4.402000000000000000e+03 1.665289088000000139e-01 6.023000309999999857e-02
4.402000000000000000e+03 4.403000000000000000e+03 1.532753922999999796e-01 4.474113849999999948e-02
4.403000000000000000e+03 4.404000000000000000e+03 5.799955830999999756e-02 3.931816394000000464e-02
4.404000000000000000e+03 4.405000000000000000e+03 4.788602569000000031e-02 3.763032592999999981e-02
4.405000000000000000e+03 4.406000000000000000e+03 1.352192365999999868e-01 3.036574256999999971e-02
4.406000000000000000e+03 4.407000000000000000e+03 1.125116521799999908e-01 3.345747288999999930e-02
4.407000000000000000e+03 4.408000000000000000e+03 3.769993019999999528e-02 2.603455018000000107e-02
4.408000000000000000e+03 4.409000000000000000e+03 7.990224149999999859e-02 1.920015761000000085e-02
4.409000000000000000e+03 4.410000000000000000e+03 2.203464817000000062e-02 1.621273398999999865e-02
4.410000000000000000e+03 4.411000000000000000e+03 2.170488084519999958e-02 1.062964826000000092e-02
4.411000000000000000e+03 4.412000000000000000e+03 1.387014293000000120e-01 5.269556739999999712e-02
4.412000000000000000e+03 4.413000000000000000e+03 1.780499154999999889e-01 5.430880639999999954e-02
4.413000000000000000e+03 4.414000000000000000e+03 1.782103540999999958e-01 4.719472469999999586e-02
4.414000000000000000e+03 4.415000000000000000e+03 1.280796597000000148e-01 3.973766482999999822e-02
4.415000000000000000e+03 4.416000000000000000e+03 5.491232679000000033e-02 3.694374937000000081e-02
4.416000000000000000e+03 4.417000000000000000e+03 1.371916431999999908e-01 3.630055394000000074e-02
4.417000000000000000e+03 4.418000000000000000e+03 7.392383594800000512e-02 2.589944787000000165e-02
4.418000000000000000e+03 4.419000000000000000e+03 6.416874789999999808e-03 2.585185286999999721e-02
4.419000000000000000e+03 4.420000000000000000e+03 4.462742321000000290e-02 2.009914280000000067e-02
4.420000000000000000e+03 4.421000000000000000e+03 2.322168227999999932e-02 1.514381128000000069e-02
4.421000000000000000e+03 4.422000000000000000e+03 1.358460205999999920e-02 1.119974678999999945e-02
4.422000000000000000e+03 4.423000000000000000e+03 9.621560969999999602e-02 5.016063139999999559e-02
4.423000000000000000e+03 4.424000000000000000e+03 1.276370894000000145e-01 4.940994040000000476e-02
4.424000000000000000e+03 4.425000000000000000e+03 1.540719964999999747e-01 6.157693200000000089e-02
4.425000000000000000e+03 4.426000000000000000e+03 1.649634316000000156e-01 4.019740027000000271e-02
4.426000000000000000e+03 4.427000000000000000e+03 1.412386932999999956e-01 3.592018695999999595e-02
4.427000000000000000e+03 4.428000000000000000e+03 8.259459769099999904e-02 3.295814457000000031e-02
4.428000000000000000e+03 4.429000000000000000e+03 1.718997449999999996e-02 2.975647169000000120e-02
4.429000000000000000e+03 4.430000000000000000e+03 6.401337849999999552e-02 2.413996382000000232e-02
4.430000000000000000e+03 4.431000000000000000e+03 5.780906310000000214e-03 1.860780532000000029e-02
4.431000000000000000e+03 4.432000000000000000e+03 2.473382959699999689e-02 1.535503635999999929e-02
4.432000000000000000e+03 4.433000000000000000e+03 7.769591560000000535e-03 9.467816969999999152e-03
4.433000000000000000e+03 4.434000000000000000e+03 1.597196459999999929e-01 5.424855069999999502e-02
4.434000000000000000e+03 4.435000000000000000e+03 9.904632039999999860e-02 5.127421959999999695e-02
4.435000000000000000e+03 4.436000000000000000e+03 1.458845228999999799e-01 4.899747299999999972e-02
4.436000000000000000e+03 4.437000000000000000e+03 1.004680115000000096e-01 4.746849040000000047e-02
4.437000000000000000e+03 4.438000000000000000e+03 1.440823445999999952e-01 3.980850927999999428e-02
4.438000000000000000e+03 4.439000000000000000e+03 1.084615662400000013e-01 3.833428235999999933e-02
4.439000000000000000e+03 4.440000000000000000e+03 6.275818293000000325e-02 3.233559547999999978e-02
4.440000000000000000e+03 4.441000000000000000e+03 4.713015451000000106e-02 2.464545866999999849e-02
4.441000000000000000e+03 4.442000000000000000e+03 4.096421579000000118e-02 1.938826989000000042e-02
4.442000000000000000e+03 4.443000000000000000e+03 2.810682164000000149e-02 1.454936490000000027e-02
4.443000000000000000e+03 4.444000000000000000e+03 3.908933554999999976e-02 1.165172687999999936e-02
4.444000000000000000e+03 4.445000000000000000e+03 1.177153138999999932e-01 5.277259349999999932e-02
4.445000000000000000e+03 4.446000000000000000e+03 1.122487553999999971e-01 4.921925609999999729e-02
4.446000000000000000e+03 4.447000000000000000e+03 9.139233979999999979e-02 4.185889589999999827e-02
4.447000000000000000e+03 4.448000000000000000e+03 1.066139873999999987e-01 4.226769454000000453e-02
4.448000000000000000e+03 4.449000000000000000e+03 1.143587357999999998e-01 3.766489112000000195e-02
4.449000000000000000e+03 4.450000000000000000e+03 8.853389955000000311e-02 3.374130689999999683e-02
4.450000000000000000e+03 4.451000000000000000e+03 8.887130230999999714e-02 2.426118927000000050e-02
4.451000000000000000e+03 4.452000000000000000e+03 7.521973456000000113e-02 1.919411633000000020e-02
4.452000000000000000e+03 4.453000000000000000e+03 2.845382835000000166e-02 1.937835740000000070e-02
4.453000000000000000e+03 4.454000000000000000e+03 8.617597179999998691e-03 1.365499474999999976e-02
4.454000000000000000e+03 4.455000000000000000e+03 -2.315400349999999913e-02 1.033233792000000026e-02
4.455000000000000000e+03 4.456000000000000000e+03 2.262656385999999853e-01 5.025564989999999760e-02
4.456000000000000000e+03 4.457000000000000000e+03 1.973283341000000024e-01 5.126107700000000211e-02
4.457000000000000000e+03 4.458000000000000000e+03 1.966215433999999873e-01 4.087491560000000579e-02
4.458000000000000000e+03 4.459000000000000000e+03 1.159191244000000037e-01 4.152366168999999801e-02
4.459000000000000000e+03 4.460000000000000000e+03 6.826767736000000086e-02 3.826192889999999874e-02
4.460000000000000000e+03 4.461000000000000000e+03 2.914370692000000165e-02 3.248105217999999739e-02
4.461000000000000000e+03 4.462000000000000000e+03 5.053679176999999884e-02 2.570000266000000214e-02
4.462000000000000000e+03 4.463000000000000000e+03 4.507195875000000185e-02 2.118181558999999992e-02
4.463000000000000000e+03 4.464000000000000000e+03 2.125111387000000115e-02 1.737841487000000087e-02
4.464000000000000000e+03 4.465000000000000000e+03 1.765108199999999850e-02 1.413645405000000035e-02
4.465000000000000000e+03 4.466000000000000000e+03 5.821664970000000293e-03 9.856699039999999856e-03
4.466000000000000000e+03 4.467000000000000000e+03 1.413018447000000122e-01 4.499247859999999655e-02
4.467000000000000000e+03 4.468000000000000000e+03 -2.190413570000000060e-02 5.183598409999999601e-02
4.468000000000000000e+03 4.469000000000000000e+03 1.634371363999999882e-01 4.246490440000000310e-02
4.469000000000000000e+03 4.470000000000000000e+03 1.471477801999999946e-01 4.735113116999999788e-02
4.470000000000000000e+03 4.471000000000000000e+03 1.063118351999999961e-01 3.513922435999999871e-02
4.471000000000000000e+03 4.472000000000000000e+03 1.028212612999999942e-01 3.329245526000000621e-02
4.472000000000000000e+03 4.473000000000000000e+03 5.972488117000000069e-02 2.597404156999999839e-02
4.473000000000000000e+03 4.474000000000000000e+03 8.767826606999999661e-02 2.483108806000000265e-02
4.474000000000000000e+03 4.475000000000000000e+03 1.698061501999999917e-02 1.642607738999999831e-02
4.475000000000000000e+03 4.476000000000000000e+03 4.258433486100000193e-02 1.386263046000000068e-02
4.476000000000000000e+03 4.477000000000000000e+03 9.352412989999999565e-03 8.999364279999999897e-03
4.477000000000000000e+03 4.478000000000000000e+03 1.241759226999999965e-01 5.110414739999999401e-02
4.478000000000000000e+03 4.479000000000000000e+03 1.829065646999999961e-01 4.492247360000000550e-02
4.479000000000000000e+03 4.480000000000000000e+03 1.147403590000000001e-01 4.591496169999999960e-02
4.480000000000000000e+03 4.481000000000000000e+03 1.164149805000000010e-01 3.892608644000000034e-02
4.481000000000000000e+03 4.482000000000000000e+03 1.021689161000000068e-01 3.252533944999999593e-02
4.482000000000000000e+03 4.483000000000000000e+03 8.673566412000000003e-02 3.239785705000000626e-02
4.483000000000000000e+03 4.484000000000000000e+03 1.362683798100000065e-01 2.756825518999999822e-02
4.484000000000000000e+03 4.485000000000000000e+03 6.165587680000000209e-02 2.307437474000000044e-02
4.485000000000000000e+03 4.486000000000000000e+03 3.012588291000000210e-02 1.737082179000000101e-02
4.486000000000000000e+03 4.487000000000000000e+03 4.701700377000000292e-02 1.699659588000000318e-02
4.487000000000000000e+03 4.488000000000000000e+03 1.642919656100000000e-02 1.086266286999999948e-02
4.488000000000000000e+03 4.489000000000000000e+03 9.284670849999999975e-02 6.241888649999999955e-02
4.489000000000000000e+03 4.490000000000000000e+03 1.092114429000000109e-01 4.731369889999999939e-02
4.490000000000000000e+03 4.491000000000000000e+03 1.744234779000000124e-01 5.156688820000000090e-02
4.491000000000000000e+03 4.492000000000000000e+03 8.950518640000000581e-02 3.685028913000000517e-02
4.492000000000000000e+03 4.493000000000000000e+03 8.758090781999999797e-02 3.117491644000000214e-02
4.493000000000000000e+03 4.494000000000000000e+03 1.375868855000000057e-01 3.688801362000000000e-02
4.494000000000000000e+03 4.495000000000000000e+03 5.973487621999999664e-02 2.653594433999999919e-02
4.495000000000000000e+03 4.496000000000000000e+03 6.408745089999999534e-02 2.318648021999999975e-02
4.496000000000000000e+03 4.497000000000000000e+03 2.572249961000000126e-02 2.042468587999999793e-02
4.497000000000000000e+03 4.498000000000000000e+03 2.530405783999999797e-02 1.262256234999999983e-02
4.498000000000000000e+03 4.499000000000000000e+03 6.110677989999999636e-03 1.072237998000000019e-02
4.499000000000000000e+03 4.500000000000000000e+03 1.620115481000000135e-01 5.197201899999999430e-02
4.500000000000000000e+03 4.501000000000000000e+03 1.179228615999999980e-01 4.955943789999999599e-02
4.501000000000000000e+03 4.502000000000000000e+03 5.757681380000000126e-02 4.871925879999999820e-02
4.502000000000000000e+03 4.503000000000000000e+03 1.242969480999999987e-01 3.647214836999999876e-02
4.503000000000000000e+03 4.504000000000000000e+03 6.599912615000000371e-02 3.420666413000000156e-02
4.504000000000000000e+03 4.505000000000000000e+03 3.606681630300000163e-02 3.298664364000000043e-02
4.505000000000000000e+03 4.506000000000000000e+03 8.389036450000001560e-03 2.546244328000000015e-02
4.506000000000000000e+03 4.507000000000000000e+03 2.484016937800000158e-02 2.145939125000000114e-02
4.507000000000000000e+03 4.508000000000000000e+03 6.742032323600000154e-02 1.887587582999999958e-02
4.508000000000000000e+03 4.509000000000000000e+03 1.815024880000000104e-02 1.500665153999999890e-02
4.509000000000000000e+03 4.510000000000000000e+03 2.557534729000000319e-03 9.053278640000000585e-03
4.510000000000000000e+03 4.511000000000000000e+03 1.041972879000000046e-01 4.825468740000000284e-02
4.511000000000000000e+03 4.512000000000000000e+03 1.785444250000000066e-01 4.750353340000000590e-02
4.512000000000000000e+03 4.513000000000000000e+03 2.203590307999999942e-01 4.810466539999999624e-02
4.513000000000000000e+03 4.514000000000000000e+03 8.703181459000000619e-02 3.640395877000000141e-02
4.514000000000000000e+03 4.515000000000000000e+03 1.367830299999999999e-01 3.579379904999999834e-02
4.515000000000000000e+03 4.516000000000000000e+03 6.379331206499999629e-02 2.825724959999999925e-02
4.516000000000000000e+03 4.517000000000000000e+03 9.968283273000000388e-02 2.387990294000000291e-02
4.517000000000000000e+03 4.518000000000000000e+03 1.721707051999999891e-02 2.115549119000000033e-02
4.518000000000000000e+03 4.519000000000000000e+03 6.352508905000001094e-02 1.648970637000000267e-02
4.519000000000000000e+03 4.520000000000000000e+03 2.465725733530000144e-02 1.254321018000000010e-02
4.520000000000000000e+03 4.521000000000000000e+03 7.654256730000000460e-03 9.710053189999999848e-03
4.521000000000000000e+03 4.522000000000000000e+03 2.343944380999999910e-01 5.644140350000000084e-02
4.522000000000000000e+03 4.523000000000000000e+03 1.866011244000000124e-01 5.355088749999999814e-02
4.523000000000000000e+03 4.524000000000000000e+03 1.055323587000000091e-01 4.610921619999999721e-02
4.524000000000000000e+03 4.525000000000000000e+03 1.190526278999999993e-01 3.841905122999999395e-02
4.525000000000000000e+03 4.526000000000000000e+03 1.162680004999999961e-01 3.989686194000000019e-02
4.526000000000000000e+03 4.527000000000000000e+03 1.158824349899999911e-01 3.249542922000000361e-02
4.527000000000000000e+03 4.528000000000000000e+03 -1.615476739999999883e-03 2.727134510000000026e-02
4.528000000000000000e+03 4.529000000000000000e+03 4.244328450999999836e-02 2.342643431999999817e-02
4.529000000000000000e+03 4.530000000000000000e+03 4.254868893699999960e-02 1.892172035999999807e-02
4.530000000000000000e+03 4.531000000000000000e+03 9.837101319999999594e-03 1.447571521999999923e-02
4.531000000000000000e+03 4.532000000000000000e+03 1.286091645000000082e-02 1.066588402000000040e-02
4.532000000000000000e+03 4.533000000000000000e+03 8.725365100000000151e-02 4.787641620000000070e-02
4.533000000000000000e+03 4.534000000000000000e+03 2.231137545000000111e-01 5.982743299999999931e-02
4.534000000000000000e+03 4.535000000000000000e+03 1.611558022999999840e-01 4.259659229999999963e-02
4.535000000000000000e+03 4.536000000000000000e+03 9.917746060000000308e-02 4.211010524999999477e-02
4.536000000000000000e+03 4.537000000000000000e+03 9.856453479000000517e-02 3.729027882000000155e-02
4.537000000000000000e+03 4.538000000000000000e+03 1.156665246599999919e-01 3.344667610999999680e-02
4.538000000000000000e+03 4.539000000000000000e+03 7.436662522000000997e-02 2.603729550999999906e-02
4.539000000000000000e+03 4.540000000000000000e+03 4.200530038000000604e-02 2.452584017000000033e-02
4.540000000000000000e+03 4.541000000000000000e+03 2.369511367000000021e-02 1.830218810000000182e-02
4.541000000000000000e+03 4.542000000000000000e+03 2.306206168999999986e-02 1.410784997999999998e-02
4.542000000000000000e+03 4.543000000000000000e+03 -1.115861989999999970e-02 6.920638209999999818e-03
4.543000000000000000e+03 4.544000000000000000e+03 8.415259370000000017e-02 4.888485199999999947e-02
4.544000000000000000e+03 4.545000000000000000e+03 9.583488770000000989e-02 4.832520170000000059e-02
4.545000000000000000e+03 4.546000000000000000e+03 8.692108910000000133e-02 4.081928938999999923e-02
4.546000000000000000e+03 4.547000000000000000e+03 7.787517926999999729e-02 3.821626309000000082e-02
4.547000000000000000e+03 4.548000000000000000e+03 9.626042601999999782e-02 2.967123292999999939e-02
4.548000000000000000e+03 4.549000000000000000e+03 1.165496906999999999e-01 3.680472187000000117e-02
4.549000000000000000e+03 4.550000000000000000e+03 8.600119118000000562e-02 2.617206623999999981e-02
4.550000000000000000e+03 4.551000000000000000e+03 5.014014167999999994e-02 2.379314989999999769e-02
4.551000000000000000e+03 4.552000000000000000e+03 2.586345875000000197e-02 1.826520526000000033e-02
4.552000000000000000e+03 4.553000000000000000e+03 -1.750206970000000271e-03 1.386453982999999966e-02
4.553000000000000000e+03 4.554000000000000000e+03 2.247241388800000003e-02 9.332514689999999932e-03
4.554000000000000000e+03 4.555000000000000000e+03 1.247362199000000005e-01 5.650460969999999972e-02
4.555000000000000000e+03 4.556000000000000000e+03 7.432020034000000330e-02 4.662143989999999877e-02
4.556000000000000000e+03 4.557000000000000000e+03 1.133100126999999901e-01 4.346371090000000076e-02
4.557000000000000000e+03 4.558000000000000000e+03 1.221298384999999903e-01 3.850183641000000379e-02
4.558000000000000000e+03 4.559000000000000000e+03 8.978985076000001175e-02 2.989060015999999917e-02
4.559000000000000000e+03 4.560000000000000000e+03 2.912979677000000073e-02 3.353322759999999986e-02
4.560000000000000000e+03 4.561000000000000000e+03 5.806962456000000494e-02 2.271384425000000026e-02
4.561000000000000000e+03 4.562000000000000000e+03 1.141537838999999964e-02 2.171257739000000131e-02
4.562000000000000000e+03 4.563000000000000000e+03 1.551459403999999945e-02 1.825093139999999989e-02
4.563000000000000000e+03 4.564000000000000000e+03 4.960854035999999467e-02 1.504929680000000047e-02
4.564000000000000000e+03 4.565000000000000000e+03 -1.315655990000000157e-03 8.594258659999999550e-03
4.565000000000000000e+03 4.566000000000000000e+03 8.341391349999999205e-02 4.876734110000000011e-02
4.566000000000000000e+03 4.567000000000000000e+03 1.986765222999999914e-01 4.982972470000000126e-02
4.567000000000000000e+03 4.568000000000000000e+03 1.680262584000000170e-01 4.327245136999999936e-02
4.568000000000000000e+03 4.569000000000000000e+03 2.059638779000000086e-01 3.876006452999999907e-02
4.569000000000000000e+03 4.570000000000000000e+03 1.266802968000000085e-01 3.327894338999999591e-02
4.570000000000000000e+03 4.571000000000000000e+03 1.027903239000000080e-01 2.766289849000000065e-02
4.571000000000000000e+03 4.572000000000000000e+03 3.174995004100000101e-02 2.278643178000000144e-02
4.572000000000000000e+03 4.573000000000000000e+03 6.014446285999999753e-02 2.097548709000000150e-02
4.573000000000000000e+03 4.574000000000000000e+03 3.876176099999999874e-03 1.874383089000000030e-02
4.574000000000000000e+03 4.575000000000000000e+03 1.964149727000000234e-02 1.409564620999999990e-02
4.575000000000000000e+03 4.576000000000000000e+03 1.393035324000000026e-02 9.064087400000000322e-03
4.576000000000000000e+03 4.577000000000000000e+03 1.943472423999999810e-01 4.072805309999999457e-02
4.577000000000000000e+03 4.578000000000000000e+03 1.154312252000000011e-01 4.059726571999999756e-02
4.578000000000000000e+03 4.579000000000000000e+03 -1.092437710000000034e-02 4.431886399999999948e-02
4.579000000000000000e+03 4.580000000000000000e+03 1.033311739999999944e-02 4.091528081999999678e-02
4.580000000000000000e+03 4.581000000000000000e+03 9.584973888999999414e-02 3.547735761999999682e-02
4.581000000000000000e+03 4.582000000000000000e+03 1.039896611999999998e-01 2.707112998000000062e-02
4.582000000000000000e+03 4.583000000000000000e+03 4.550976708199999665e-02 2.491978104000000180e-02
4.583000000000000000e+03 4.584000000000000000e+03 5.929460558900000178e-02 2.204310444999999993e-02
4.584000000000000000e+03 4.585000000000000000e+03 3.881539486999999872e-02 1.699743041000000010e-02
4.585000000000000000e+03 4.586000000000000000e+03 3.075125898999999871e-02 1.444910761000000113e-02
4.586000000000000000e+03 4.587000000000000000e+03 7.018143711999999881e-03 8.731917290000000206e-03
4.587000000000000000e+03 4.588000000000000000e+03 1.389668840000000127e-01 4.987094079999999929e-02
4.588000000000000000e+03 4.589000000000000000e+03 1.505232981000000081e-01 4.460967519999999714e-02
4.589000000000000000e+03 4.590000000000000000e+03 7.010886149000000733e-02 4.855765599999999765e-02
4.590000000000000000e+03 4.591000000000000000e+03 8.442544509999999613e-02 3.957004878000000558e-02
4.591000000000000000e+03 4.592000000000000000e+03 5.758024590999999415e-02 3.772936056000000121e-02
4.592000000000000000e+03 4.593000000000000000e+03 7.486913597400000897e-02 2.657115963000000053e-02
4.593000000000000000e+03 4.594000000000000000e+03 6.184171109600000021e-02 2.430127094000000126e-02
4.594000000000000000e+03 4.595000000000000000e+03 3.537440782000000200e-02 2.172341384999999792e-02
4.595000000000000000e+03 4.596000000000000000e+03 2.970075647000000249e-02 1.564308631999999921e-02
4.596000000000000000e+03 4.597000000000000000e+03 3.944476938000000127e-02 1.469277564000000084e-02
4.597000000000000000e+03 4.598000000000000000e+03 1.435624969000000133e-02 9.554354640000000190e-03
4.598000000000000000e+03 4.599000000000000000e+03 1.260035005000000041e-01 5.055345089999999791e-02
4.599000000000000000e+03 4.600000000000000000e+03 1.280221547000000015e-01 5.843004539999999830e-02
4.600000000000000000e+03 4.601000000000000000e+03 8.514084274999998703e-02 3.788290645999999734e-02
4.601000000000000000e+03 4.602000000000000000e+03 5.911853322999999910e-02 4.113512869000000155e-02
4.602000000000000000e+03 4.603000000000000000e+03 1.261468859000000053e-01 3.045575648000000205e-02
4.603000000000000000e+03 4.604000000000000000e+03 2.350803757000000105e-02 2.724392711000000328e-02
4.604000000000000000e+03 4.605000000000000000e+03 5.283944220000000302e-02 2.551660154000000291e-02
4.605000000000000000e+03 4.606000000000000000e+03 2.816090262999999816e-02 2.237244338999999985e-02
4.606000000000000000e+03 4.607000000000000000e+03 2.001206584999999996e-02 1.734834092000000008e-02
4.607000000000000000e+03 4.608000000000000000e+03 2.025186432999999744e-02 1.359302207000000033e-02
4.608000000000000000e+03 4.609000000000000000e+03 3.573359540000000355e-03 1.115293648999999936e-02
4.609000000000000000e+03 4.610000000000000000e+03 4.939899103999999957e-02 5.138838879999999693e-02
4.610000000000000000e+03 4.611000000000000000e+03 2.055022063999999982e-01 5.011025150000000122e-02
4.611000000000000000e+03 4.612000000000000000e+03 1.047400373999999995e-01 3.908907657999999979e-02
4.612000000000000000e+03 4.613000000000000000e+03 1.052371983499999913e-01 4.170628939999999896e-02
4.613000000000000000e+03 4.614000000000000000e+03 7.327627530999999972e-02 3.449559778999999882e-02
4.614000000000000000e+03 4.615000000000000000e+03 6.244270973999999780e-02 2.647760088999999775e-02
4.615000000000000000e+03 4.616000000000000000e+03 5.764238655000000072e-02 2.414422084999999843e-02
4.616000000000000000e+03 4.617000000000000000e+03 3.448449703999999921e-02 1.957669970000000190e-02
4.617000000000000000e+03 4.618000000000000000e+03 4.957786982000000203e-02 1.805414501999999879e-02
4.618000000000000000e+03 4.619000000000000000e+03 1.978169159999999815e-02 1.169982687000000084e-02
4.619000000000000000e+03 4.620000000000000000e+03 1.670175819999999978e-02 8.777828240000000448e-03
4.620000000000000000e+03 4.621000000000000000e+03 2.050499073999999811e-01 4.623583009999999993e-02
4.621000000000000000e+03 4.622000000000000000e+03 4.696732747000000041e-02 5.405734410000000156e-02
4.622000000000000000e+03 4.623000000000000000e+03 1.236815652999999904e-01 3.746620175000000413e-02
4.623000000000000000e+03 4.624000000000000000e+03 4.619274955000000210e-02 4.609796973000000048e-02
4.624000000000000000e+03 4.625000000000000000e+03 8.224781026999999911e-02 3.057030449999999927e-02
4.625000000000000000e+03 4.626000000000000000e+03 1.018235013599999988e-01 2.988114634000000117e-02
4.626000000000000000e+03 4.627000000000000000e+03 6.736919889829999508e-02 2.493443367000000230e-02
4.627000000000000000e+03 4.628000000000000000e+03 6.105469089999999988e-02 1.876922400000000102e-02
4.628000000000000000e+03 4.629000000000000000e+03 5.644903450000000183e-02 2.140615557000000169e-02
4.629000000000000000e+03 4.630000000000000000e+03 1.147539219999999926e-03 1.295151737000000032e-02
4.630000000000000000e+03 4.631000000000000000e+03 -7.450255130000000593e-03 7.470999380000000085e-03
4.631000000000000000e+03 4.632000000000000000e+03 1.343026377000000049e-01 4.285447220000000029e-02
4.632000000000000000e+03 4.633000000000000000e+03 1.424418669999999998e-01 4.474204759999999420e-02
4.633000000000000000e+03 4.634000000000000000e+03 1.363085456999999778e-01 3.939715226000000542e-02
4.634000000000000000e+03 4.635000000000000000e+03 9.903285425999999725e-02 4.140811985000000112e-02
4.635000000000000000e+03 4.636000000000000000e+03 8.697776279999999693e-02 2.886597906999999880e-02
4.636000000000000000e+03 4.637000000000000000e+03 1.315862781000000023e-02 2.770673535999999826e-02
4.637000000000000000e+03 4.638000000000000000e+03 5.090906018999999394e-02 2.241132013999999964e-02
4.638000000000000000e+03 4.639000000000000000e+03 2.705268840000000022e-02 1.753020251999999959e-02
4.639000000000000000e+03 4.640000000000000000e+03 4.268636352470000367e-02 1.996838616000000052e-02
4.640000000000000000e+03 4.641000000000000000e+03 1.745593949999999991e-02 1.248808354999999919e-02
4.641000000000000000e+03 4.642000000000000000e+03 1.836553374699999991e-02 1.121272201000000045e-02
4.642000000000000000e+03 4.643000000000000000e+03 7.897700019999999432e-02 5.194767039999999975e-02
4.643000000000000000e+03 4.644000000000000000e+03 2.511730375000000015e-02 5.441292310000000326e-02
4.644000000000000000e+03 4.645000000000000000e+03 1.042088476999999958e-01 3.923883890000000318e-02
4.645000000000000000e+03 4.646000000000000000e+03 1.654302450000000035e-01 4.430962959999999728e-02
4.646000000000000000e+03 4.647000000000000000e+03 9.314150767999999914e-02 3.323311609000000055e-02
4.647000000000000000e+03 4.648000000000000000e+03 8.641740473000000811e-02 2.754780511999999765e-02
4.648000000000000000e+03 4.649000000000000000e+03 7.127320147999999245e-02 2.130636808999999965e-02
4.649000000000000000e+03 4.650000000000000000e+03 6.961962423999999705e-02 1.938538877999999854e-02
4.650000000000000000e+03 4.651000000000000000e+03 3.934129751999999869e-02 1.581228839000000178e-02
4.651000000000000000e+03 4.652000000000000000e+03 3.930560686699999945e-02 1.325760997999999961e-02
4.652000000000000000e+03 4.653000000000000000e+03 2.160157329000000209e-02 9.266509899999999036e-03
4.653000000000000000e+03 4.654000000000000000e+03 9.969648799999999977e-02 4.364180589999999693e-02
4.654000000000000000e+03 4.655000000000000000e+03 1.940196714000000100e-01 4.373453599999999747e-02
4.655000000000000000e+03 4.656000000000000000e+03 1.623470217999999909e-01 4.660409799999999658e-02
4.656000000000000000e+03 4.657000000000000000e+03 1.421878604000000046e-01 4.909888515000000037e-02
4.657000000000000000e+03 4.658000000000000000e+03 1.139388526000000013e-01 3.709017507000000186e-02
4.658000000000000000e+03 4.659000000000000000e+03 4.648727552299999899e-02 2.534480750000000018e-02
4.659000000000000000e+03 4.660000000000000000e+03 3.624993351659999696e-02 2.276353822000000068e-02
4.660000000000000000e+03 4.661000000000000000e+03 7.474624223999999650e-02 1.757752275999999864e-02
4.661000000000000000e+03 4.662000000000000000e+03 2.649136772999999972e-02 1.615030821999999949e-02
4.662000000000000000e+03 4.663000000000000000e+03 1.694626762000000023e-02 1.169521427999999953e-02
4.663000000000000000e+03 4.664000000000000000e+03 5.929763349999999690e-03 8.859316449999999829e-03
4.664000000000000000e+03 4.665000000000000000e+03 1.858004991999999966e-01 4.341345840000000039e-02
4.665000000000000000e+03 4.666000000000000000e+03 8.014478299999999722e-02 4.377083690000000554e-02
4.666000000000000000e+03 4.667000000000000000e+03 1.055643110000000079e-01 4.305010608999999822e-02
4.667000000000000000e+03 4.668000000000000000e+03 1.268209715000000182e-01 3.767863442000000257e-02
4.668000000000000000e+03 4.669000000000000000e+03 1.027212145599999960e-01 3.094090827000000113e-02
4.669000000000000000e+03 4.670000000000000000e+03 7.929500672999999222e-02 2.444438078999999764e-02
4.670000000000000000e+03 4.671000000000000000e+03 6.454189731999999957e-02 2.442240505999999922e-02
4.671000000000000000e+03 4.672000000000000000e+03 5.427466742999999955e-02 1.968978404000000168e-02
4.672000000000000000e+03 4.673000000000000000e+03 3.414231192000000137e-02 1.443952645999999930e-02
4.673000000000000000e+03 4.674000000000000000e+03 1.963658321900000128e-02 1.202300395999999875e-02
4.674000000000000000e+03 4.675000000000000000e+03 1.020549488000000067e-02 7.822668599999998973e-03
4.675000000000000000e+03 4.676000000000000000e+03 6.538787923000000113e-02 4.608502119999999952e-02
4.676000000000000000e+03 4.677000000000000000e+03 7.341434679999998825e-02 4.598704730000000018e-02
4.677000000000000000e+03 4.678000000000000000e+03 2.911291971999999811e-02 3.416435262999999861e-02
4.678000000000000000e+03 4.679000000000000000e+03 -1.733642322999999832e-02 3.687159153999999828e-02
4.679000000000000000e+03 4.680000000000000000e+03 8.108042192999999342e-02 2.848590605000000248e-02
4.680000000000000000e+03 4.681000000000000000e+03 7.291754935999998632e-02 2.644683139999999891e-02
4.681000000000000000e+03 4.682000000000000000e+03 5.668780157000000153e-02 2.300429929999999942e-02
4.682000000000000000e+03 4.683000000000000000e+03 2.892376210000000003e-02 2.275204249999999984e-02
4.683000000000000000e+03 4.684000000000000000e+03 1.740567021999999894e-02 1.513885039999999897e-02
4.684000000000000000e+03 4.685000000000000000e+03 3.192137492000000215e-02 1.262530325999999987e-02
4.685000000000000000e+03 4.686000000000000000e+03 -5.698564010000000540e-03 8.539028849999999796e-03
4.686000000000000000e+03 4.687000000000000000e+03 9.848592899999999983e-02 4.251962119999999623e-02
4.687000000000000000e+03 4.688000000000000000e+03 8.768959870000000989e-02 4.258332975999999659e-02
4.688000000000000000e+03 4.689000000000000000e+03 4.836767841000000345e-02 3.397157637000000618e-02
4.689000000000000000e+03 4.690000000000000000e+03 7.331312090000000059e-02 3.348915658999999934e-02
4.690000000000000000e+03 4.691000000000000000e+03 7.316033565000000516e-02 3.178533416999999861e-02
4.691000000000000000e+03 4.692000000000000000e+03 6.684302857000000431e-02 2.969201193000000141e-02
4.692000000000000000e+03 4.693000000000000000e+03 6.854706573999999608e-02 2.680935723000000062e-02
4.693000000000000000e+03 4.694000000000000000e+03 4.012216199999999594e-02 2.090775645000000210e-02
4.694000000000000000e+03 4.695000000000000000e+03 5.331328068999999920e-02 1.586280168000000004e-02
4.695000000000000000e+03 4.696000000000000000e+03 1.101848625000000081e-02 1.301621246999999995e-02
4.696000000000000000e+03 4.697000000000000000e+03 3.454838349999999909e-03 8.270674409999999657e-03
4.697000000000000000e+03 4.698000000000000000e+03 1.564285488000000113e-01 4.515930950000000138e-02
4.698000000000000000e+03 4.699000000000000000e+03 1.237022758000000111e-01 3.429609910000000483e-02
4.699000000000000000e+03 4.700000000000000000e+03 1.113024247999999938e-01 4.204893774000000028e-02
4.700000000000000000e+03 4.701000000000000000e+03 1.188946900000000112e-01 3.794115107999999903e-02
4.701000000000000000e+03 4.702000000000000000e+03 8.541892939999999601e-02 3.051445469000000146e-02
4.702000000000000000e+03 4.703000000000000000e+03 6.249361009999999939e-02 2.627610067000000008e-02
4.703000000000000000e+03 4.704000000000000000e+03 5.493007705700000270e-02 2.565851191999999822e-02
4.704000000000000000e+03 4.705000000000000000e+03 5.405113882999999786e-02 1.969903169000000037e-02
4.705000000000000000e+03 4.706000000000000000e+03 3.094092467000000152e-02 1.620734118000000112e-02
4.706000000000000000e+03 4.707000000000000000e+03 2.900082173999999832e-02 1.231613898999999943e-02
4.707000000000000000e+03 4.708000000000000000e+03 1.295678706999999971e-02 8.205844069999999185e-03
4.708000000000000000e+03 4.709000000000000000e+03 1.388599040000000062e-01 4.594804369999999638e-02
4.709000000000000000e+03 4.710000000000000000e+03 7.689811850000000115e-02 3.712202372000000111e-02
4.710000000000000000e+03 4.711000000000000000e+03 9.914921510000000715e-02 3.204579536999999784e-02
4.711000000000000000e+03 4.712000000000000000e+03 8.735835089999999248e-02 3.253812782999999931e-02
4.712000000000000000e+03 4.713000000000000000e+03 7.289008349000000719e-02 3.110807611999999792e-02
4.713000000000000000e+03 4.714000000000000000e+03 2.050571125819999896e-02 2.674956354000000008e-02
4.714000000000000000e+03 4.715000000000000000e+03 6.365999371000000129e-02 1.782238509999999748e-02
4.715000000000000000e+03 4.716000000000000000e+03 1.184749274599999902e-02 1.734203800000000059e-02
4.716000000000000000e+03 4.717000000000000000e+03 4.220591880000000053e-03 1.447255863999999913e-02
4.717000000000000000e+03 4.718000000000000000e+03 1.336925225000000148e-02 1.118432316999999968e-02
4.718000000000000000e+03 4.719000000000000000e+03 2.023111535000000211e-02 7.782581989999999734e-03
4.719000000000000000e+03 4.720000000000000000e+03 4.122118525000000033e-02 4.859073079999999545e-02
4.720000000000000000e+03 4.721000000000000000e+03 9.226856140000000428e-02 4.231167279999999836e-02
4.721000000000000000e+03 4.722000000000000000e+03 1.157363177000000076e-01 3.652439511999999722e-02
4.722000000000000000e+03 4.723000000000000000e+03 1.060176784999999899e-01 3.749581253999999947e-02
4.723000000000000000e+03 4.724000000000000000e+03 2.960400174000000009e-02 2.914090380000000299e-02
4.724000000000000000e+03 4.725000000000000000e+03 6.106183135000000511e-02 2.856139021999999986e-02
4.725000000000000000e+03 4.726000000000000000e+03 8.808778403000000479e-02 2.398783805999999894e-02
4.726000000000000000e+03 4.727000000000000000e+03 3.436601969000000617e-02 2.042332909999999835e-02
4.727000000000000000e+03 4.728000000000000000e+03 1.139019039999999983e-02 1.588783301000000134e-02
4.728000000000000000e+03 4.729000000000000000e+03 2.224449688000000244e-02 1.247003032000000046e-02
4.729000000000000000e+03 4.730000000000000000e+03 6.038564523999999378e-03 8.455425130000001135e-03
4.730000000000000000e+03 4.731000000000000000e+03 1.529116855000000053e-01 4.964004310000000308e-02
4.731000000000000000e+03 4.732000000000000000e+03 5.211414059999999737e-02 4.118142309999999612e-02
4.732000000000000000e+03 4.733000000000000000e+03 1.609403776999999980e-01 3.637071438000000212e-02
4.733000000000000000e+03 4.734000000000000000e+03 6.812763940000000906e-02 3.654668437999999964e-02
4.734000000000000000e+03 4.735000000000000000e+03 1.233800671000000043e-01 3.062790459000000118e-02
4.735000000000000000e+03 4.736000000000000000e+03 6.251110636999999970e-02 2.249269783999999911e-02
4.736000000000000000e+03 4.737000000000000000e+03 6.901149382000000554e-02 2.070021899000000151e-02
4.737000000000000000e+03 4.738000000000000000e+03 2.430222854000000168e-02 1.796844062000000145e-02
4.738000000000000000e+03 4.739000000000000000e+03 5.017381434000000445e-02 1.699556718000000063e-02
4.739000000000000000e+03 4.740000000000000000e+03 2.782553050999999819e-02 1.005785051000000069e-02
4.740000000000000000e+03 4.741000000000000000e+03 2.129569626999999743e-02 9.972696649999999649e-03
4.741000000000000000e+03 4.742000000000000000e+03 1.888493301999999985e-01 4.799291829999999953e-02
4.742000000000000000e+03 4.743000000000000000e+03 1.035735249000000052e-01 4.802402079999999740e-02
4.743000000000000000e+03 4.744000000000000000e+03 1.125530515999999953e-01 4.413906282000000514e-02
4.744000000000000000e+03 4.745000000000000000e+03 1.132796761000000041e-01 3.328478908999999569e-02
4.745000000000000000e+03 4.746000000000000000e+03 1.016818129999999959e-01 3.056357625999999925e-02
4.746000000000000000e+03 4.747000000000000000e+03 1.031934835799999950e-01 2.928263758000000314e-02
4.747000000000000000e+03 4.748000000000000000e+03 3.580525018270000470e-02 2.220170642999999902e-02
4.748000000000000000e+03 4.749000000000000000e+03 3.736591457999999949e-02 2.027438290999999948e-02
4.749000000000000000e+03 4.750000000000000000e+03 5.080544692999999605e-03 1.346150052999999999e-02
4.750000000000000000e+03 4.751000000000000000e+03 1.920993676000000080e-02 1.189244891999999970e-02
4.751000000000000000e+03 4.752000000000000000e+03 4.781395290000000492e-03 7.859854319999999908e-03
4.752000000000000000e+03 4.753000000000000000e+03 9.538053900000000029e-02 4.767494149999999820e-02
4.753000000000000000e+03 4.754000000000000000e+03 1.183984549999999997e-01 3.758785397000000139e-02
4.754000000000000000e+03 4.755000000000000000e+03 6.473611896000000532e-02 4.569346288000000061e-02
4.755000000000000000e+03 4.756000000000000000e+03 1.355512286000000177e-01 3.336740220000000007e-02
4.756000000000000000e+03 4.757000000000000000e+03 5.451667536999999647e-02 3.135595724000000278e-02
4.757000000000000000e+03 4.758000000000000000e+03 8.607244507999999017e-02 3.057978570999999798e-02
4.758000000000000000e+03 4.759000000000000000e+03 3.810663136999999784e-02 2.420319639999999814e-02
4.759000000000000000e+03 4.760000000000000000e+03 9.066750963999999080e-02 2.224458631000000158e-02
4.760000000000000000e+03 4.761000000000000000e+03 3.026334941000000112e-02 1.499353900999999926e-02
4.761000000000000000e+03 4.762000000000000000e+03 1.157761399999999909e-03 1.031153022999999926e-02
4.762000000000000000e+03 4.763000000000000000e+03 1.018081674000000103e-02 9.769150899999998888e-03
4.763000000000000000e+03 4.764000000000000000e+03 1.267696013000000066e-01 3.825948056000000319e-02
4.764000000000000000e+03 4.765000000000000000e+03 2.504463013660000043e-02 4.125065944000000373e-02
4.765000000000000000e+03 4.766000000000000000e+03 7.938491820000000143e-02 4.449738296000000509e-02
4.766000000000000000e+03 4.767000000000000000e+03 9.312663360000000834e-02 3.790469601000000244e-02
4.767000000000000000e+03 4.768000000000000000e+03 9.847146789999999816e-02 3.013032753000000064e-02
4.768000000000000000e+03 4.769000000000000000e+03 5.451492561000000070e-02 2.621334863999999834e-02
4.769000000000000000e+03 4.770000000000000000e+03 7.705866948999999522e-02 2.235051826000000047e-02
4.770000000000000000e+03 4.771000000000000000e+03 4.659426817000000137e-02 1.894224578999999936e-02
4.771000000000000000e+03 4.772000000000000000e+03 -1.264039065999999871e-02 1.528549859000000004e-02
4.772000000000000000e+03 4.773000000000000000e+03 2.587597544900000282e-02 1.187132154000000023e-02
4.773000000000000000e+03 4.774000000000000000e+03 -4.084635920000000424e-04 8.067786480000000218e-03
4.774000000000000000e+03 4.775000000000000000e+03 9.471504919999999828e-02 4.502350699999999734e-02
4.775000000000000000e+03 4.776000000000000000e+03 1.250790035999999883e-01 4.007310836999999903e-02
4.776000000000000000e+03 4.777000000000000000e+03 7.826560399999998863e-02 4.080707596000000131e-02
4.777000000000000000e+03 4.778000000000000000e+03 6.313787082999999800e-02 3.443738067999999736e-02
4.778000000000000000e+03 4.779000000000000000e+03 5.525273810999999785e-02 3.024579863000000091e-02
4.779000000000000000e+03 4.780000000000000000e+03 7.012602437999999883e-02 2.677184720999999795e-02
4.780000000000000000e+03 4.781000000000000000e+03 3.226735858000000234e-02 2.184570800000000187e-02
4.781000000000000000e+03 4.782000000000000000e+03 1.253994515000000053e-02 1.971377973999999950e-02
4.782000000000000000e+03 4.783000000000000000e+03 2.135414015999999998e-02 1.554717813000000039e-02
4.783000000000000000e+03 4.784000000000000000e+03 -2.237325860000000111e-03 1.199319532000000035e-02
4.784000000000000000e+03 4.785000000000000000e+03 1.005579043900000150e-02 8.311877419999998823e-03
4.785000000000000000e+03 4.786000000000000000e+03 9.533892280000000330e-02 4.584898929999999678e-02
4.786000000000000000e+03 4.787000000000000000e+03 1.288798235000000181e-01 3.728976686999999762e-02
4.787000000000000000e+03 4.788000000000000000e+03 6.942528369999999283e-02 3.398882730999999713e-02
4.788000000000000000e+03 4.789000000000000000e+03 9.642354679999999567e-02 3.073213334999999949e-02
4.789000000000000000e+03 4.790000000000000000e+03 5.063374430999999926e-02 3.250784057000000171e-02
4.790000000000000000e+03 4.791000000000000000e+03 7.133265987999999613e-02 2.980552825999999850e-02
4.791000000000000000e+03 4.792000000000000000e+03 8.943649739999999515e-02 2.267512672000000090e-02
4.792000000000000000e+03 4.793000000000000000e+03 1.917631249999999805e-03 1.917400135000000075e-02
4.793000000000000000e+03 4.794000000000000000e+03 2.599401483000000207e-02 1.424985225999999931e-02
4.794000000000000000e+03 4.795000000000000000e+03 7.954461379999999693e-03 1.088771669000000025e-02
4.795000000000000000e+03 4.796000000000000000e+03 1.725999609999999927e-03 7.443327239999999491e-03
4.796000000000000000e+03 4.797000000000000000e+03 5.145004402999999588e-02 4.020372519999999839e-02
4.797000000000000000e+03 4.798000000000000000e+03 2.909002697999999928e-02 4.410908899999999716e-02
4.798000000000000000e+03 4.799000000000000000e+03 8.792824559999999623e-02 3.288980013000000063e-02
4.799000000000000000e+03 4.800000000000000000e+03 7.091987502999999582e-02 3.572007493999999894e-02
4.800000000000000000e+03 4.801000000000000000e+03 1.035474320800000014e-01 2.939580156999999777e-02
4.801000000000000000e+03 4.802000000000000000e+03 3.669420557800000260e-02 2.702663406000000226e-02
4.802000000000000000e+03 4.803000000000000000e+03 2.852877670000000115e-02 2.348977631999999913e-02
4.803000000000000000e+03 4.804000000000000000e+03 2.350025673999999939e-02 1.907842040999999794e-02
4.804000000000000000e+03 4.805000000000000000e+03 2.829388966000000172e-02 1.337585433999999990e-02
4.805000000000000000e+03 4.806000000000000000e+03 3.499914729999999922e-03 1.038584206999999988e-02
4.806000000000000000e+03 4.807000000000000000e+03 2.831393091000000001e-02 9.589300889999999300e-03
4.807000000000000000e+03 4.808000000000000000e+03 5.654014212999999844e-02 4.153491559999999971e-02
4.808000000000000000e+03 4.809000000000000000e+03 9.516874295999999678e-02 3.826707005999999828e-02
4.809000000000000000e+03 4.810000000000000000e+03 5.071450996999999489e-02 4.121996101000000023e-02
4.810000000000000000e+03 4.811000000000000000e+03 4.627242391000000593e-02 3.621691285000000482e-02
4.811000000000000000e+03 4.812000000000000000e+03 5.708285921999999707e-02 2.873084677999999947e-02
4.812000000000000000e+03 4.813000000000000000e+03 7.038335482999999448e-02 2.508758546999999978e-02
4.813000000000000000e+03 4.814000000000000000e+03 2.547847032000000178e-02 2.263303587999999922e-02
4.814000000000000000e+03 4.815000000000000000e+03 5.100143625000000402e-02 1.704894170000000042e-02
4.815000000000000000e+03 4.816000000000000000e+03 4.696603674000000145e-02 1.334399163999999867e-02
4.816000000000000000e+03 4.817000000000000000e+03 2.186403367270000134e-02 1.015209884000000014e-02
4.817000000000000000e+03 4.818000000000000000e+03 -3.466377200000000046e-04 6.781660539999999696e-03
4.818000000000000000e+03 4.819000000000000000e+03 1.082481071000000045e-01 4.194301479000000360e-02
4.819000000000000000e+03 4.820000000000000000e+03 6.795292130999999736e-02 3.500264271000000371e-02
4.820000000000000000e+03 4.821000000000000000e+03 5.467095970000000055e-02 3.239424994000000141e-02
4.821000000000000000e+03 4.822000000000000000e+03 1.752456611000000053e-01 3.802548694999999951e-02
4.822000000000000000e+03 4.823000000000000000e+03 6.300460060999998890e-02 2.829074318000000116e-02
4.823000000000000000e+03 4.824000000000000000e+03 5.782826575999999719e-02 2.762849822999999955e-02
4.824000000000000000e+03 4.825000000000000000e+03 5.255104755000000044e-02 2.190356987999999769e-02
4.825000000000000000e+03 4.826000000000000000e+03 -3.403916089999999960e-03 1.876365665000000182e-02
4.826000000000000000e+03 4.827000000000000000e+03 3.959433043999999874e-02 1.295982245999999921e-02
4.827000000000000000e+03 4.828000000000000000e+03 1.333642437000000062e-02 1.092450246999999985e-02
4.828000000000000000e+03 4.829000000000000000e+03 1.264379831999999995e-02 7.940742149999999167e-03
4.829000000000000000e+03 4.830000000000000000e+03 7.641967689999999702e-02 4.219244899999999993e-02
4.830000000000000000e+03 4.831000000000000000e+03 8.919280370000000346e-02 3.963957031999999769e-02
4.831000000000000000e+03 4.832000000000000000e+03 7.851942362000000064e-02 3.545227952999999849e-02
4.832000000000000000e+03 4.833000000000000000e+03 3.301971743999999875e-02 3.494856677999999550e-02
4.833000000000000000e+03 4.834000000000000000e+03 1.320529085999999908e-01 3.023413735999999977e-02
4.834000000000000000e+03 4.835000000000000000e+03 1.057941825299999888e-01 2.275021029999999694e-02
4.835000000000000000e+03 4.836000000000000000e+03 3.327867382000000013e-02 2.199241211999999890e-02
4.836000000000000000e+03 4.837000000000000000e+03 5.737211767000000018e-02 1.790997505999999961e-02
4.837000000000000000e+03 4.838000000000000000e+03 3.412808776000000183e-02 1.337274720999999909e-02
4.838000000000000000e+03 4.839000000000000000e+03 1.065293874000000120e-02 1.050889206000000034e-02
4.839000000000000000e+03 4.840000000000000000e+03 4.221309899999999352e-03 7.341758189999999552e-03
4.840000000000000000e+03 4.841000000000000000e+03 7.526884179999999980e-02 4.173491237999999576e-02
4.841000000000000000e+03 4.842000000000000000e+03 1.463419586999999966e-01 4.811275529999999717e-02
4.842000000000000000e+03 4.843000000000000000e+03 2.982732405100000164e-02 3.472449587999999754e-02
4.843000000000000000e+03 4.844000000000000000e+03 7.301398990000000644e-02 3.234699819000000365e-02
4.844000000000000000e+03 4.845000000000000000e+03 1.695568650000000080e-02 3.034033690000000061e-02
4.845000000000000000e+03 4.846000000000000000e+03 3.709533178999999820e-02 2.772985336000000078e-02
4.846000000000000000e+03 4.847000000000000000e+03 4.531255021999999744e-02 2.041016224999999892e-02
4.847000000000000000e+03 4.848000000000000000e+03 3.402606352999999750e-02 1.763932397000000235e-02
4.848000000000000000e+03 4.849000000000000000e+03 3.642169232999999812e-02 1.259130712999999985e-02
4.849000000000000000e+03 4.850000000000000000e+03 1.357480930000000072e-03 8.919760969999999262e-03
4.850000000000000000e+03 4.851000000000000000e+03 1.155510220900000072e-02 7.972917270000001028e-03
4.851000000000000000e+03 4.852000000000000000e+03 8.897720800000000207e-02 3.723200951999999786e-02
4.852000000000000000e+03 4.853000000000000000e+03 1.232906960999999996e-01 3.382270999999999889e-02
4.853000000000000000e+03 4.854000000000000000e+03 7.996254530000000693e-02 3.346543644000000289e-02
4.854000000000000000e+03 4.855000000000000000e+03 9.215477381999999384e-02 3.048361822999999873e-02
4.855000000000000000e+03 4.856000000000000000e+03 1.065121800999999924e-01 2.988114815000000174e-02
4.856000000000000000e+03 4.857000000000000000e+03 7.111512146200001105e-02 2.791464888000000019e-02
4.857000000000000000e+03 4.858000000000000000e+03 -1.341262572299999935e-02 1.796987716000000151e-02
4.858000000000000000e+03 4.859000000000000000e+03 7.604226011000000951e-02 1.631237649999999970e-02
4.859000000000000000e+03 4.860000000000000000e+03 2.988905566000000028e-02 1.672286358000000042e-02
4.860000000000000000e+03 4.861000000000000000e+03 1.120593156000000007e-02 9.534014829999999663e-03
4.861000000000000000e+03 4.862000000000000000e+03 -6.902481030000000989e-04 8.701945910000001561e-03
4.862000000000000000e+03 4.863000000000000000e+03 1.581708933000000039e-01 4.055686289999999722e-02
4.863000000000000000e+03 4.864000000000000000e+03 7.866370279999999882e-02 3.329680866000000322e-02
4.864000000000000000e+03 4.865000000000000000e+03 7.229614869999999305e-02 3.627298902000000019e-02
4.865000000000000000e+03 4.866000000000000000e+03 1.025264473799999965e-01 3.354437953000000139e-02
4.866000000000000000e+03 4.867000000000000000e+03 7.785747316999999668e-02 2.559532900000000000e-02
4.867000000000000000e+03 4.868000000000000000e+03 6.886838019000000866e-02 2.403371867000000245e-02
4.868000000000000000e+03 4.869000000000000000e+03 4.897261346999999543e-02 2.279341580999999853e-02
4.869000000000000000e+03 4.870000000000000000e+03 4.341354651999999870e-02 1.764862686999999972e-02
4.870000000000000000e+03 4.871000000000000000e+03 -1.824596988999999895e-03 1.711582652999999940e-02
4.871000000000000000e+03 4.872000000000000000e+03 3.588777960000000093e-03 1.088755691999999942e-02
4.872000000000000000e+03 4.873000000000000000e+03 2.585272171999999924e-02 8.228778009999999921e-03
4.873000000000000000e+03 4.874000000000000000e+03 9.729914319999999339e-02 3.749118670999999903e-02
4.874000000000000000e+03 4.875000000000000000e+03 1.163243067999999991e-01 3.426025574000000212e-02
4.875000000000000000e+03 4.876000000000000000e+03 1.162082192000000042e-01 3.455500403000000276e-02
4.876000000000000000e+03 4.877000000000000000e+03 8.379807259999999536e-02 3.920807477999999763e-02
4.877000000000000000e+03 4.878000000000000000e+03 8.699222643999998672e-02 2.724883301000000091e-02
4.878000000000000000e+03 4.879000000000000000e+03 4.956542191999999819e-02 2.331705657000000126e-02
4.879000000000000000e+03 4.880000000000000000e+03 2.570533059999999953e-02 2.244886156999999910e-02
4.880000000000000000e+03 4.881000000000000000e+03 6.615583457999998918e-02 1.859261933000000075e-02
4.881000000000000000e+03 4.882000000000000000e+03 1.752076560999999907e-02 1.207203498000000014e-02
4.882000000000000000e+03 4.883000000000000000e+03 1.784589072000000026e-02 1.046698594999999864e-02
4.883000000000000000e+03 4.884000000000000000e+03 -1.633526802999999902e-02 7.873473809999999989e-03
4.884000000000000000e+03 4.885000000000000000e+03 1.148959761999999996e-01 4.149866794999999831e-02
4.885000000000000000e+03 4.886000000000000000e+03 1.069496669000000039e-01 3.664596763000000507e-02
4.886000000000000000e+03 4.887000000000000000e+03 1.256533830999999879e-01 2.853560596000000171e-02
4.887000000000000000e+03 4.888000000000000000e+03 5.123623973999999470e-02 3.475319111999999877e-02
4.888000000000000000e+03 4.889000000000000000e+03 4.531064748000000059e-02 2.759089556999999929e-02
4.889000000000000000e+03 4.890000000000000000e+03 4.592573560000000332e-02 2.871231589999999681e-02
4.890000000000000000e+03 4.891000000000000000e+03 3.236864022000000146e-02 2.131344086999999859e-02
4.891000000000000000e+03 4.892000000000000000e+03 5.537825754999999711e-02 1.775275462999999915e-02
4.892000000000000000e+03 4.893000000000000000e+03 3.311988275000000287e-02 1.435125471999999965e-02
4.893000000000000000e+03 4.894000000000000000e+03 1.583169652199999805e-02 1.289786933999999968e-02
4.894000000000000000e+03 4.895000000000000000e+03 -1.051445353000000048e-02 6.292596389999999436e-03
4.895000000000000000e+03 4.896000000000000000e+03 1.038632966000000019e-01 3.445501402000000074e-02
4.896000000000000000e+03 4.897000000000000000e+03 6.098717730000000059e-02 3.386110431000000087e-02
4.897000000000000000e+03 4.898000000000000000e+03 4.334110909999999706e-02 3.270057738000000519e-02
4.898000000000000000e+03 4.899000000000000000e+03 8.388824224000000773e-02 3.091988279999999950e-02
4.899000000000000000e+03 4.900000000000000000e+03 1.329584023800000070e-01 2.895398710999999917e-02
4.900000000000000000e+03 4.901000000000000000e+03 4.169921708000000338e-02 2.679208704999999982e-02
4.901000000000000000e+03 4.902000000000000000e+03 5.054997622999999468e-02 2.084821581000000090e-02
4.902000000000000000e+03 4.903000000000000000e+03 6.435980600000000204e-03 1.832332374999999861e-02
4.903000000000000000e+03 4.904000000000000000e+03 -4.192613702999999775e-03 1.195917671999999904e-02
4.904000000000000000e+03 4.905000000000000000e+03 -8.628064300000000495e-04 9.452364519999999215e-03
4.905000000000000000e+03 4.906000000000000000e+03 1.045313129999999972e-02 6.770397549999999584e-03
4.906000000000000000e+03 4.907000000000000000e+03 1.059941116000000100e-01 3.224473233999999855e-02
4.907000000000000000e+03 4.908000000000000000e+03 -6.848202070000000002e-03 4.353342955999999625e-02
4.908000000000000000e+03 4.909000000000000000e+03 1.441997849999999970e-01 3.477285045000000352e-02
4.909000000000000000e+03 4.910000000000000000e+03 1.293788888000000081e-01 3.221119210999999483e-02
4.910000000000000000e+03 4.911000000000000000e+03 8.750817732999999210e-02 2.755693152000000118e-02
4.911000000000000000e+03 4.912000000000000000e+03 4.646827484000000397e-02 2.902426925000000171e-02
4.912000000000000000e+03 4.913000000000000000e+03 4.637240707000000323e-02 2.132595506999999946e-02
4.913000000000000000e+03 4.914000000000000000e+03 4.602562572999999851e-02 1.985737555000000043e-02
4.914000000000000000e+03 4.915000000000000000e+03 1.006624989999999921e-02 1.326782640999999915e-02
4.915000000000000000e+03 4.916000000000000000e+03 -8.531004770000000193e-04 9.231785810000000397e-03
4.916000000000000000e+03 4.917000000000000000e+03 1.891952801999999961e-02 7.118615889999999925e-03
4.917000000000000000e+03 4.918000000000000000e+03 1.147737262000000091e-01 3.803196474000000021e-02
4.918000000000000000e+03 4.919000000000000000e+03 6.691023232999999959e-02 4.121814247000000347e-02
4.919000000000000000e+03 4.920000000000000000e+03 6.843558777000000037e-02 3.505907079000000065e-02
4.920000000000000000e+03 4.921000000000000000e+03 1.820209803999999973e-02 3.285690119000000270e-02
4.921000000000000000e+03 4.922000000000000000e+03 1.138561593599999866e-01 2.962982353000000180e-02
4.922000000000000000e+03 4.923000000000000000e+03 2.227814882000000302e-02 2.005412533999999941e-02
4.923000000000000000e+03 4.924000000000000000e+03 6.054283713999999983e-02 2.138429718000000104e-02
4.924000000000000000e+03 4.925000000000000000e+03 1.056198243000000016e-02 1.492801640000000069e-02
4.925000000000000000e+03 4.926000000000000000e+03 3.480837816899999548e-02 1.391450095000000033e-02
4.926000000000000000e+03 4.927000000000000000e+03 1.842347417999999973e-02 8.538557889999999484e-03
4.927000000000000000e+03 4.928000000000000000e+03 1.244926300000000034e-02 6.531956420000000277e-03
4.928000000000000000e+03 4.929000000000000000e+03 8.249706149999999627e-02 3.799785197999999697e-02
4.929000000000000000e+03 4.930000000000000000e+03 7.407562699999999112e-02 4.885561360000000020e-02
4.930000000000000000e+03 4.931000000000000000e+03 5.690589149999999985e-02 3.585269969000000334e-02
4.931000000000000000e+03 4.932000000000000000e+03 1.155020562000000084e-01 2.987272176999999918e-02
4.932000000000000000e+03 4.933000000000000000e+03 4.895200745000000131e-02 3.106220276999999835e-02
4.933000000000000000e+03 4.934000000000000000e+03 6.274795232000000833e-02 2.232188238000000144e-02
4.934000000000000000e+03 4.935000000000000000e+03 4.517907265800000238e-02 2.346129083999999934e-02
4.935000000000000000e+03 4.936000000000000000e+03 2.905841219999999794e-02 1.314162022999999964e-02
4.936000000000000000e+03 4.937000000000000000e+03 3.127473768999999848e-02 1.266516028000000058e-02
4.937000000000000000e+03 4.938000000000000000e+03 -6.945566979999999793e-03 9.430763059999999753e-03
4.938000000000000000e+03 4.939000000000000000e+03 1.034701889000000027e-02 7.927036059999999912e-03
4.939000000000000000e+03 4.940000000000000000e+03 6.652776040000000710e-03 3.422828180000000303e-02
4.940000000000000000e+03 4.941000000000000000e+03 1.054162294000000055e-01 3.604629420000000223e-02
4.941000000000000000e+03 4.942000000000000000e+03 6.968919480999999361e-02 3.325505950999999710e-02
4.942000000000000000e+03 4.943000000000000000e+03 4.819785982000000107e-02 3.007930189000000004e-02
4.943000000000000000e+03 4.944000000000000000e+03 2.904334423000000040e-02 2.527855206000000077e-02
4.944000000000000000e+03 4.945000000000000000e+03 4.493468533000000154e-02 2.554351666000000132e-02
4.945000000000000000e+03 4.946000000000000000e+03 8.262899262999999495e-02 2.273275900000000169e-02
4.946000000000000000e+03 4.947000000000000000e+03 3.303981295999999790e-02 1.574030138999999925e-02
4.947000000000000000e+03 4.948000000000000000e+03 1.733449751999999872e-02 1.378372386000000123e-02
4.948000000000000000e+03 4.949000000000000000e+03 2.572320588000000154e-03 9.236398090000000338e-03
4.949000000000000000e+03 4.950000000000000000e+03 1.068885533000000013e-02 7.900620069999999412e-03
4.950000000000000000e+03 4.951000000000000000e+03 1.480898667000000168e-01 4.223060920000000495e-02
4.951000000000000000e+03 4.952000000000000000e+03 8.873895059999999113e-02 3.357589367999999630e-02
4.952000000000000000e+03 4.953000000000000000e+03 5.454977048999999634e-02 3.338118215000000083e-02
4.953000000000000000e+03 4.954000000000000000e+03 6.393266238000000490e-02 2.813010525000000234e-02
4.954000000000000000e+03 4.955000000000000000e+03 2.571093843099999873e-02 2.537166324000000167e-02
4.955000000000000000e+03 4.956000000000000000e+03 9.684159350999999027e-02 2.514951744000000142e-02
4.956000000000000000e+03 4.957000000000000000e+03 4.677879362699999960e-02 1.754257955999999688e-02
4.957000000000000000e+03 4.958000000000000000e+03 4.039334090999999877e-02 1.631682071000000248e-02
4.958000000000000000e+03 4.959000000000000000e+03 3.300066274999999966e-02 1.349159410000000045e-02
4.959000000000000000e+03 4.960000000000000000e+03 2.739355570000000066e-03 9.240394830000000018e-03
4.960000000000000000e+03 4.961000000000000000e+03 -8.758155000000001191e-05 5.667572420000000118e-03
4.961000000000000000e+03 4.962000000000000000e+03 4.377390156000000171e-02 4.125785955999999866e-02
4.962000000000000000e+03 4.963000000000000000e+03 9.072095819999999311e-02 3.238877415000000065e-02
4.963000000000000000e+03 4.964000000000000000e+03 1.186886347000000036e-01 3.225701873000000330e-02
4.964000000000000000e+03 4.965000000000000000e+03 9.632546525999999276e-02 3.025395414999999810e-02
4.965000000000000000e+03 4.966000000000000000e+03 7.258371000999999656e-02 2.321325415000000114e-02
4.966000000000000000e+03 4.967000000000000000e+03 6.164612773799999640e-02 2.243616278999999852e-02
4.967000000000000000e+03 4.968000000000000000e+03 4.844849811299999781e-02 1.830919565999999943e-02
4.968000000000000000e+03 4.969000000000000000e+03 1.630886330000000037e-02 1.599696632000000007e-02
4.969000000000000000e+03 4.970000000000000000e+03 2.317770720999999881e-02 1.075441247999999947e-02
4.970000000000000000e+03 4.971000000000000000e+03 2.836230605999999835e-02 8.631841129999999820e-03
4.971000000000000000e+03 4.972000000000000000e+03 1.090434400759999860e-02 8.484714049999999771e-03
4.972000000000000000e+03 4.973000000000000000e+03 6.315192411999999422e-02 3.549605762000000025e-02
4.973000000000000000e+03 4.974000000000000000e+03 7.498830434000000600e-02 3.611381546000000387e-02
4.974000000000000000e+03 4.975000000000000000e+03 5.901176806999999802e-02 3.457410196999999991e-02
4.975000000000000000e+03 4.976000000000000000e+03 4.730640760999999667e-02 3.442384225999999686e-02
4.976000000000000000e+03 4.977000000000000000e+03 4.955973013000000010e-02 2.533002805999999899e-02
4.977000000000000000e+03 4.978000000000000000e+03 3.079536105999999829e-02 2.291744664999999931e-02
4.978000000000000000e+03 4.979000000000000000e+03 3.196981754000000064e-02 2.072092015999999967e-02
4.979000000000000000e+03 4.980000000000000000e+03 3.460273826000000164e-02 1.434399591999999980e-02
4.980000000000000000e+03 4.981000000000000000e+03 1.323105519999999945e-02 1.416859493999999935e-02
4.981000000000000000e+03 4.982000000000000000e+03 6.824662872999999984e-03 9.601075730000000266e-03
4.982000000000000000e+03 4.983000000000000000e+03 2.039978243999999996e-02 6.258437940000000088e-03
4.983000000000000000e+03 4.984000000000000000e+03 1.189917058000000000e-01 3.461356227000000202e-02
4.984000000000000000e+03 4.985000000000000000e+03 6.626890459999999761e-02 3.500920750000000026e-02
4.985000000000000000e+03 4.986000000000000000e+03 6.025038580000000032e-02 3.459064765000000041e-02
4.986000000000000000e+03 4.987000000000000000e+03 5.466056018999999877e-02 3.097657959999999822e-02
4.987000000000000000e+03 4.988000000000000000e+03 7.530073622999999827e-02 2.582772918000000167e-02
4.988000000000000000e+03 4.989000000000000000e+03 4.669465792800000375e-02 2.387093405000000057e-02
4.989000000000000000e+03 4.990000000000000000e+03 1.072834772699999932e-02 1.897229388999999850e-02
4.990000000000000000e+03 4.991000000000000000e+03 2.909462289000000132e-02 1.482264502000000053e-02
4.991000000000000000e+03 4.992000000000000000e+03 2.700009532000000045e-02 1.333140953000000115e-02
4.992000000000000000e+03 4.993000000000000000e+03 2.383970956000000183e-02 9.762880220000000678e-03
4.993000000000000000e+03 4.994000000000000000e+03 2.336833000999999702e-02 8.524926000000000378e-03
4.994000000000000000e+03 4.995000000000000000e+03 7.608415350000000132e-02 3.622903959000000479e-02
4.995000000000000000e+03 4.996000000000000000e+03 7.585021010000000952e-02 3.298741122999999942e-02
4.996000000000000000e+03 4.997000000000000000e+03 8.756504477000000286e-02 3.335157217000000313e-02
4.997000000000000000e+03 4.998000000000000000e+03 4.912948316999999482e-02 3.566693645999999968e-02
4.998000000000000000e+03 4.999000000000000000e+03 3.151788255000000094e-02 2.827653671000000118e-02
4.999000000000000000e+03 5.000000000000000000e+03 5.303543039999999986e-02 1.948525920999999786e-02
5.000000000000000000e+03 5.001000000000000000e+03 4.681235901000000560e-02 1.683449835000000103e-02
5.001000000000000000e+03 5.002000000000000000e+03 3.614020485999999699e-02 1.465680152000000021e-02
5.002000000000000000e+03 5.003000000000000000e+03 2.962001208499999774e-02 1.113167703000000029e-02
5.003000000000000000e+03 5.004000000000000000e+03 1.777430105999999732e-02 8.914153850000000254e-03
5.004000000000000000e+03 5.005000000000000000e+03 7.009464677999999865e-03 7.181544950000000316e-03
5.005000000000000000e+03 5.006000000000000000e+03 9.176620019999999489e-02 3.866571903999999754e-02
5.006000000000000000e+03 5.007000000000000000e+03 1.012932983999999953e-01 3.326795219999999914e-02
5.007000000000000000e+03 5.008000000000000000e+03 5.901878712999999999e-02 2.706100164999999946e-02
5.008000000000000000e+03 5.009000000000000000e+03 4.850239249999999808e-02 3.637109860000000555e-02
5.009000000000000000e+03 5.010000000000000000e+03 3.905772758799999633e-02 2.537266594000000056e-02
5.010000000000000000e+03 5.011000000000000000e+03 6.345225125000000799e-02 2.128803756000000047e-02
5.011000000000000000e+03 5.012000000000000000e+03 4.605640342999999665e-02 2.080839683000000259e-02
5.012000000000000000e+03 5.013000000000000000e+03 3.871114558500000219e-02 1.495575664000000152e-02
5.013000000000000000e+03 5.014000000000000000e+03 2.592683592999999939e-02 1.073548361000000069e-02
5.014000000000000000e+03 5.015000000000000000e+03 1.904428805599999927e-02 9.487670200000001067e-03
5.015000000000000000e+03 5.016000000000000000e+03 7.631984730000000196e-03 5.650108390000000216e-03
5.016000000000000000e+03 5.017000000000000000e+03 9.299086160000000212e-02 3.600099747999999794e-02
5.017000000000000000e+03 5.018000000000000000e+03 9.113734620000001063e-02 4.089476663000000262e-02
5.018000000000000000e+03 5.019000000000000000e+03 4.681498131999999729e-02 3.186622098999999930e-02
5.019000000000000000e+03 5.020000000000000000e+03 7.526125518000000014e-02 3.200270134000000183e-02
5.020000000000000000e+03 5.021000000000000000e+03 2.882178654999999895e-02 2.986417994999999992e-02
5.021000000000000000e+03 5.022000000000000000e+03 8.101538588999999957e-02 2.115822619000000057e-02
5.022000000000000000e+03 5.023000000000000000e+03 2.893421495999999940e-02 1.879517439999999970e-02
5.023000000000000000e+03 5.024000000000000000e+03 4.795166200000000080e-03 1.561705983000000013e-02
5.024000000000000000e+03 5.025000000000000000e+03 1.203513127000000078e-02 1.339664285000000121e-02
5.025000000000000000e+03 5.026000000000000000e+03 -2.564042999999996755e-05 8.208512419999999463e-03
5.026000000000000000e+03 5.027000000000000000e+03 1.174118484000000011e-02 6.194162689999999430e-03
5.027000000000000000e+03 5.028000000000000000e+03 1.021066040000000036e-01 3.313246723000000393e-02
5.028000000000000000e+03 5.029000000000000000e+03 6.561209274000000258e-02 3.213159139999999941e-02
5.029000000000000000e+03 5.030000000000000000e+03 1.029679410000000073e-01 3.553357213000000320e-02
5.030000000000000000e+03 5.031000000000000000e+03 7.113010303000000256e-02 2.374793394999999765e-02
5.031000000000000000e+03 5.032000000000000000e+03 8.535104679999999666e-02 2.776674500999999975e-02
5.032000000000000000e+03 5.033000000000000000e+03 3.609103119000000442e-02 2.445921136000000010e-02
5.033000000000000000e+03 5.034000000000000000e+03 3.496359258000000109e-02 1.896863967999999970e-02
5.034000000000000000e+03 5.035000000000000000e+03 3.498494936999999722e-02 1.511077517000000009e-02
5.035000000000000000e+03 5.036000000000000000e+03 1.951843983000000129e-02 1.327493029000000047e-02
5.036000000000000000e+03 5.037000000000000000e+03 1.483429559099999975e-02 8.664748600000000966e-03
5.037000000000000000e+03 5.038000000000000000e+03 1.211225246999999942e-02 6.223244690000000016e-03
5.038000000000000000e+03 5.039000000000000000e+03 9.253659250000000058e-02 3.208204983000000066e-02
5.039000000000000000e+03 5.040000000000000000e+03 5.197601202000000364e-02 3.327427441999999957e-02
5.040000000000000000e+03 5.041000000000000000e+03 4.588195382699999936e-02 3.509021721000000343e-02
5.041000000000000000e+03 5.042000000000000000e+03 6.600756500999999110e-02 2.539373187999999920e-02
5.042000000000000000e+03 5.043000000000000000e+03 7.382034881000000548e-02 2.574800231000000036e-02
5.043000000000000000e+03 5.044000000000000000e+03 3.484095649999999905e-02 2.175794158999999964e-02
5.044000000000000000e+03 5.045000000000000000e+03 3.188598691300000010e-02 1.782621874999999745e-02
5.045000000000000000e+03 5.046000000000000000e+03 2.359029200999999965e-02 1.481781857999999938e-02
5.046000000000000000e+03 5.047000000000000000e+03 3.058144389999999796e-02 1.254682354999999902e-02
5.047000000000000000e+03 5.048000000000000000e+03 7.469090329999999826e-03 1.049206117000000063e-02
5.048000000000000000e+03 5.049000000000000000e+03 3.684871639999999764e-03 6.725470289999999594e-03
5.049000000000000000e+03 5.050000000000000000e+03 5.821607120000000385e-02 3.354505727999999853e-02
5.050000000000000000e+03 5.051000000000000000e+03 5.202932696999999773e-02 2.928215401000000204e-02
5.051000000000000000e+03 5.052000000000000000e+03 7.064473370000000363e-02 3.340211878999999745e-02
5.052000000000000000e+03 5.053000000000000000e+03 3.236368779999999890e-02 2.579200678000000135e-02
5.053000000000000000e+03 5.054000000000000000e+03 2.925106085500000022e-02 2.616466158000000167e-02
5.054000000000000000e+03 5.055000000000000000e+03 1.724859591399999920e-02 1.906003738000000211e-02
5.055000000000000000e+03 5.056000000000000000e+03 1.430731900999999973e-02 1.585087597000000084e-02
5.056000000000000000e+03 5.057000000000000000e+03 -1.046012843999999907e-02 1.507807905000000011e-02
5.057000000000000000e+03 5.058000000000000000e+03 2.942650675000000118e-02 1.113602034999999942e-02
5.058000000000000000e+03 5.059000000000000000e+03 1.447278284069999921e-02 8.510922820000000819e-03
5.059000000000000000e+03 5.060000000000000000e+03 7.059038867000000557e-03 6.530516759999999664e-03
5.060000000000000000e+03 5.061000000000000000e+03 5.799966247999999852e-02 3.571151688000000213e-02
5.061000000000000000e+03 5.062000000000000000e+03 3.598113309599999809e-02 3.485998598999999476e-02
5.062000000000000000e+03 5.063000000000000000e+03 1.122029422000000026e-01 3.096134907000000144e-02
5.063000000000000000e+03 5.064000000000000000e+03 7.470554616999999786e-02 2.425053146999999951e-02
5.064000000000000000e+03 5.065000000000000000e+03 8.832695514999999720e-02 2.405208354999999881e-02
5.065000000000000000e+03 5.066000000000000000e+03 5.348062812900000046e-02 2.233521160999999908e-02
5.066000000000000000e+03 5.067000000000000000e+03 1.500338948000000047e-02 1.925253118000000083e-02
5.067000000000000000e+03 5.068000000000000000e+03 3.855951310999999881e-02 1.445007610000000053e-02
5.068000000000000000e+03 5.069000000000000000e+03 1.811342726100000078e-02 1.125816156000000040e-02
5.069000000000000000e+03 5.070000000000000000e+03 1.203534051999999993e-02 9.901473900000000786e-03
5.070000000000000000e+03 5.071000000000000000e+03 1.665029890000000183e-04 6.922878060000000125e-03
5.071000000000000000e+03 5.072000000000000000e+03 1.226223478999999977e-01 3.966019801000000150e-02
5.072000000000000000e+03 5.073000000000000000e+03 1.125465013999999986e-01 3.574583120000000142e-02
5.073000000000000000e+03 5.074000000000000000e+03 4.951342112999999878e-02 3.021651213999999863e-02
5.074000000000000000e+03 5.075000000000000000e+03 1.078313355000000001e-01 2.642764491000000257e-02
5.075000000000000000e+03 5.076000000000000000e+03 4.963506482999999886e-02 2.273151145999999928e-02
5.076000000000000000e+03 5.077000000000000000e+03 5.672829739000000149e-02 2.353994695000000137e-02
5.077000000000000000e+03 5.078000000000000000e+03 1.860579667000000076e-02 1.564367250999999792e-02
5.078000000000000000e+03 5.079000000000000000e+03 3.234214525000000257e-02 1.589083795000000021e-02
5.079000000000000000e+03 5.080000000000000000e+03 2.632250204000000093e-02 1.422877877000000048e-02
5.080000000000000000e+03 5.081000000000000000e+03 -8.979248290999998841e-03 8.830771189999999521e-03
5.081000000000000000e+03 5.082000000000000000e+03 2.176593284999999919e-02 6.887204380000000285e-03
5.082000000000000000e+03 5.083000000000000000e+03 1.014711786000000032e-01 3.239814582000000165e-02
5.083000000000000000e+03 5.084000000000000000e+03 1.156447899999999973e-01 3.458368556999999455e-02
5.084000000000000000e+03 5.085000000000000000e+03 7.068304270000000389e-02 2.912385144000000092e-02
5.085000000000000000e+03 5.086000000000000000e+03 5.781897147000000098e-02 2.848980584000000010e-02
5.086000000000000000e+03 5.087000000000000000e+03 6.587583025000000314e-02 2.397142973000000038e-02
5.087000000000000000e+03 5.088000000000000000e+03 7.660659688899999764e-02 2.246063091000000123e-02
5.088000000000000000e+03 5.089000000000000000e+03 3.644491496999999885e-02 2.048024738000000025e-02
5.089000000000000000e+03 5.090000000000000000e+03 1.690674147000000016e-02 1.557421258999999898e-02
5.090000000000000000e+03 5.091000000000000000e+03 1.494856833000000017e-02 1.102813784999999956e-02
5.091000000000000000e+03 5.092000000000000000e+03 2.576595500000000011e-02 1.046698698999999969e-02
5.092000000000000000e+03 5.093000000000000000e+03 8.396357199999999760e-04 5.881827910000000763e-03
5.093000000000000000e+03 5.094000000000000000e+03 9.656134809999999957e-02 3.021089970999999916e-02
5.094000000000000000e+03 5.095000000000000000e+03 3.996463891000000268e-02 3.189067555999999803e-02
5.095000000000000000e+03 5.096000000000000000e+03 8.847455550000001001e-02 2.839459109999999814e-02
5.096000000000000000e+03 5.097000000000000000e+03 6.399784317999999972e-02 2.768506916999999984e-02
5.097000000000000000e+03 5.098000000000000000e+03 4.636763330000000238e-02 3.570355735000000502e-02
5.098000000000000000e+03 5.099000000000000000e+03 4.020473136600000164e-02 2.169308011000000216e-02
5.099000000000000000e+03 5.100000000000000000e+03 1.442542618000000089e-02 1.841631640000000042e-02
5.100000000000000000e+03 5.101000000000000000e+03 1.088220428999999920e-02 1.430155557999999993e-02
5.101000000000000000e+03 5.102000000000000000e+03 1.971145628999999844e-02 1.140802223000000025e-02
5.102000000000000000e+03 5.103000000000000000e+03 1.324950549999999970e-02 8.524173459999999369e-03
5.103000000000000000e+03 5.104000000000000000e+03 -2.853628740000000059e-03 5.868562520000000435e-03
5.104000000000000000e+03 5.105000000000000000e+03 1.020804030000000001e-01 3.319274269999999971e-02
5.105000000000000000e+03 5.106000000000000000e+03 1.137763758000000097e-01 3.325176680999999967e-02
5.106000000000000000e+03 5.107000000000000000e+03 4.687133629999999662e-02 2.724021503999999802e-02
5.107000000000000000e+03 5.108000000000000000e+03 4.199893411999999771e-02 2.523383855000000189e-02
5.108000000000000000e+03 5.109000000000000000e+03 8.025918887999999862e-02 2.433759783999999912e-02
5.109000000000000000e+03 5.110000000000000000e+03 8.191372614000000385e-02 2.296856952000000257e-02
5.110000000000000000e+03 5.111000000000000000e+03 3.587413985000000027e-02 2.051879874000000006e-02
5.111000000000000000e+03 5.112000000000000000e+03 -1.984509670000000111e-03 1.355737527999999886e-02
5.112000000000000000e+03 5.113000000000000000e+03 1.444612899000000117e-02 1.114968021999999948e-02
5.113000000000000000e+03 5.114000000000000000e+03 2.144775585500000026e-02 8.101945249999999155e-03
5.114000000000000000e+03 5.115000000000000000e+03 -6.198748068000000180e-03 5.200486580000000109e-03
5.115000000000000000e+03 5.116000000000000000e+03 9.722526990000000813e-02 2.545842700999999958e-02
5.116000000000000000e+03 5.117000000000000000e+03 8.978530509999999021e-02 3.143468164999999731e-02
5.117000000000000000e+03 5.118000000000000000e+03 5.072561609000000166e-02 3.144125038000000066e-02
5.118000000000000000e+03 5.119000000000000000e+03 7.914032198999999823e-02 2.541479582999999973e-02
5.119000000000000000e+03 5.120000000000000000e+03 7.391115378000000236e-02 2.447521920000000212e-02
5.120000000000000000e+03 5.121000000000000000e+03 1.802359932999999734e-02 2.069965900999999955e-02
5.121000000000000000e+03 5.122000000000000000e+03 4.615140462000000277e-02 1.688635282999999959e-02
5.122000000000000000e+03 5.123000000000000000e+03 4.716828990999999416e-02 1.511729082999999953e-02
5.123000000000000000e+03 5.124000000000000000e+03 2.340441251999999736e-02 1.214198652999999919e-02
5.124000000000000000e+03 5.125000000000000000e+03 4.118154888000000527e-03 7.645560650000000034e-03
5.125000000000000000e+03 5.126000000000000000e+03 4.334881710000000263e-03 5.942455919999999926e-03
5.126000000000000000e+03 5.127000000000000000e+03 4.330473507999999666e-02 3.256144070000000640e-02
5.127000000000000000e+03 5.128000000000000000e+03 9.217783990000000260e-02 3.144502899999999934e-02
5.128000000000000000e+03 5.129000000000000000e+03 5.288426853000000039e-02 2.937323279000000203e-02
5.129000000000000000e+03 5.130000000000000000e+03 5.850015679000000052e-02 2.713662136999999905e-02
5.130000000000000000e+03 5.131000000000000000e+03 5.913508202000000019e-02 2.566182254000000038e-02
5.131000000000000000e+03 5.132000000000000000e+03 5.509805913999999555e-02 2.061442362000000250e-02
5.132000000000000000e+03 5.133000000000000000e+03 1.476228686000000123e-02 1.521280700000000007e-02
5.133000000000000000e+03 5.134000000000000000e+03 1.367073316000000024e-02 1.464837704000000046e-02
5.134000000000000000e+03 5.135000000000000000e+03 2.624766446900000244e-02 1.166456347999999914e-02
5.135000000000000000e+03 5.136000000000000000e+03 1.194970877099999981e-02 8.019132979999999550e-03
5.136000000000000000e+03 5.137000000000000000e+03 1.453171422000000025e-02 5.350364489000000029e-03
5.137000000000000000e+03 5.138000000000000000e+03 4.359189819999999618e-03 2.988728403000000255e-02
5.138000000000000000e+03 5.139000000000000000e+03 3.775494009000000123e-02 3.121155743999999913e-02
5.139000000000000000e+03 5.140000000000000000e+03 4.665222227100000035e-02 2.803934590000000185e-02
5.140000000000000000e+03 5.141000000000000000e+03 5.616265413999999706e-02 2.515603024999999923e-02
5.141000000000000000e+03 5.142000000000000000e+03 9.459818641999999389e-02 2.423508911000000002e-02
5.142000000000000000e+03 5.143000000000000000e+03 7.413840948000000042e-02 2.086984131000000145e-02
5.143000000000000000e+03 5.144000000000000000e+03 1.707646347000000078e-02 1.652058840000000112e-02
5.144000000000000000e+03 5.145000000000000000e+03 8.431790359999998333e-03 1.442786789000000125e-02
5.145000000000000000e+03 5.146000000000000000e+03 1.773485388999999912e-02 1.062893403000000035e-02
5.146000000000000000e+03 5.147000000000000000e+03 -1.050946409999999965e-03 7.138590440000000190e-03
5.147000000000000000e+03 5.148000000000000000e+03 1.326424413000000004e-02 5.719724289999999524e-03
5.148000000000000000e+03 5.149000000000000000e+03 1.088471045199999876e-01 3.290995946999999977e-02
5.149000000000000000e+03 5.150000000000000000e+03 3.589591177000000383e-02 2.861994512000000032e-02
5.150000000000000000e+03 5.151000000000000000e+03 6.861627609999999822e-02 3.042255078999999904e-02
5.151000000000000000e+03 5.152000000000000000e+03 1.461832556999999866e-01 3.266901451000000373e-02
5.152000000000000000e+03 5.153000000000000000e+03 5.285493705799999831e-02 2.128648031000000135e-02
5.153000000000000000e+03 5.154000000000000000e+03 5.686118039000000179e-02 1.775013811999999816e-02
5.154000000000000000e+03 5.155000000000000000e+03 2.195643736000000082e-02 1.655673736999999784e-02
5.155000000000000000e+03 5.156000000000000000e+03 3.322490561000000092e-02 1.290355202000000034e-02
5.156000000000000000e+03 5.157000000000000000e+03 8.953057219999999497e-03 9.945862590000000003e-03
5.157000000000000000e+03 5.158000000000000000e+03 1.976524420000000046e-02 8.548184179999999618e-03
5.158000000000000000e+03 5.159000000000000000e+03 -9.911991899999999806e-05 4.864748557999999841e-03
5.159000000000000000e+03 5.160000000000000000e+03 1.112358635000000040e-01 3.311363364000000087e-02
5.160000000000000000e+03 5.161000000000000000e+03 7.113167926999999779e-02 2.817803555999999834e-02
5.161000000000000000e+03 5.162000000000000000e+03 4.603060954000000315e-02 3.055876545999999805e-02
5.162000000000000000e+03 5.163000000000000000e+03 6.958152618999999262e-02 2.549253075000000243e-02
5.163000000000000000e+03 5.164000000000000000e+03 3.592525787999999859e-02 2.489754593999999807e-02
5.164000000000000000e+03 5.165000000000000000e+03 5.780947996900000219e-02 2.542160871999999891e-02
5.165000000000000000e+03 5.166000000000000000e+03 4.658346620899999485e-02 1.520591511000000083e-02
5.166000000000000000e+03 5.167000000000000000e+03 3.965912779999999742e-03 1.442040735000000087e-02
5.167000000000000000e+03 5.168000000000000000e+03 2.291603885999999798e-02 1.099806302000000055e-02
5.168000000000000000e+03 5.169000000000000000e+03 -7.393503600000000259e-04 7.057887569999999992e-03
5.169000000000000000e+03 5.170000000000000000e+03 1.435865054000000016e-02 5.861479662000000125e-03
5.170000000000000000e+03 5.171000000000000000e+03 3.513557060999999981e-02 3.368317498000000104e-02
5.171000000000000000e+03 5.172000000000000000e+03 8.853656143999999451e-02 2.787954942000000005e-02
5.172000000000000000e+03 5.173000000000000000e+03 7.637088272000000511e-02 2.963497948000000035e-02
5.173000000000000000e+03 5.174000000000000000e+03 5.526630873999999888e-02 2.559581887000000194e-02
5.174000000000000000e+03 5.175000000000000000e+03 1.875020859399999934e-02 1.899429359999999997e-02
5.175000000000000000e+03 5.176000000000000000e+03 7.241861395000000201e-02 1.958812165999999910e-02
5.176000000000000000e+03 5.177000000000000000e+03 9.897790420000000117e-03 1.578329912000000015e-02
5.177000000000000000e+03 5.178000000000000000e+03 1.499221792000000018e-02 1.481997767999999882e-02
5.178000000000000000e+03 5.179000000000000000e+03 3.304110437299999370e-02 1.140125119999999860e-02
5.179000000000000000e+03 5.180000000000000000e+03 -8.619690219999998418e-03 8.499064140000000059e-03
5.180000000000000000e+03 5.181000000000000000e+03 -8.060006689999999613e-03 5.458887219999999929e-03
5.181000000000000000e+03 5.182000000000000000e+03 2.284908830000000057e-02 3.444265448000000118e-02
5.182000000000000000e+03 5.183000000000000000e+03 6.549866819999999867e-02 2.914022936999999952e-02
5.183000000000000000e+03 5.184000000000000000e+03 4.542784672000000495e-02 2.915228062000000189e-02
5.184000000000000000e+03 5.185000000000000000e+03 7.017104587000000393e-02 2.376271779000000209e-02
5.185000000000000000e+03 5.186000000000000000e+03 8.853918148000000654e-02 2.569524497999999685e-02
5.186000000000000000e+03 5.187000000000000000e+03 -1.986112390000000123e-03 2.236631768000000089e-02
5.187000000000000000e+03 5.188000000000000000e+03 6.411121745000000760e-02 1.624276951999999857e-02
5.188000000000000000e+03 5.189000000000000000e+03 -5.069077590000000202e-03 1.298815250999999990e-02
5.189000000000000000e+03 5.190000000000000000e+03 3.228682102000000192e-02 1.150514012999999912e-02
5.190000000000000000e+03 5.191000000000000000e+03 1.310820543599999950e-02 7.343421390000000326e-03
5.191000000000000000e+03 5.192000000000000000e+03 2.460698233999999811e-03 5.407519060000000148e-03
5.192000000000000000e+03 5.193000000000000000e+03 6.558467450000000920e-02 3.313970465999999809e-02
5.193000000000000000e+03 5.194000000000000000e+03 4.744465127999999976e-02 2.885232612999999793e-02
5.194000000000000000e+03 5.195000000000000000e+03 5.160733021999999726e-02 3.255889877000000404e-02
5.195000000000000000e+03 5.196000000000000000e+03 7.627135882999999672e-02 2.615403986999999958e-02
5.196000000000000000e+03 5.197000000000000000e+03 4.868925794000000112e-02 2.393342162999999995e-02
5.197000000000000000e+03 5.198000000000000000e+03 5.858581713000000218e-02 2.256589139999999952e-02
5.198000000000000000e+03 5.199000000000000000e+03 1.500181410599999918e-02 1.590294236999999916e-02
5.199000000000000000e+03 5.200000000000000000e+03 1.581780900999999948e-02 1.363420083000000012e-02
5.200000000000000000e+03 5.201000000000000000e+03 1.948087394599999980e-02 8.938414100000000029e-03
5.201000000000000000e+03 5.202000000000000000e+03 7.414882381000000022e-03 9.917724160000000386e-03
5.202000000000000000e+03 5.203000000000000000e+03 -4.423353602999999419e-03 4.419752380000000098e-03
5.203000000000000000e+03 5.204000000000000000e+03 1.306437018000000116e-01 3.286938464999999976e-02
5.204000000000000000e+03 5.205000000000000000e+03 9.056631140000000191e-02 3.514904742000000276e-02
5.205000000000000000e+03 5.206000000000000000e+03 1.019005598999999929e-01 2.881661129999999946e-02
5.206000000000000000e+03 5.207000000000000000e+03 9.071403089999999225e-02 2.762859209000000094e-02
5.207000000000000000e+03 5.208000000000000000e+03 4.292392136999999969e-02 2.150055092000000001e-02
5.208000000000000000e+03 5.209000000000000000e+03 4.754685554000000203e-02 1.806877974999999970e-02
5.209000000000000000e+03 5.210000000000000000e+03 3.893875999819999822e-02 1.664297103999999930e-02
5.210000000000000000e+03 5.211000000000000000e+03 2.756692842000000102e-02 1.223640991999999997e-02
5.211000000000000000e+03 5.212000000000000000e+03 1.144945900999999946e-02 1.036642125000000053e-02
5.212000000000000000e+03 5.213000000000000000e+03 1.396934904249999901e-02 7.715010840000000557e-03
5.213000000000000000e+03 5.214000000000000000e+03 -2.369620240000000141e-03 4.925771070000000383e-03
5.214000000000000000e+03 5.215000000000000000e+03 7.806494499999999670e-02 3.177561753000000128e-02
5.215000000000000000e+03 5.216000000000000000e+03 8.206699427999999963e-02 3.425087839999999689e-02
5.216000000000000000e+03 5.217000000000000000e+03 6.939130339999999286e-02 2.791875886000000015e-02
5.217000000000000000e+03 5.218000000000000000e+03 1.326510853999999899e-02 2.655240099999999978e-02
5.218000000000000000e+03 5.219000000000000000e+03 1.148368954999999872e-02 2.181804177999999844e-02
5.219000000000000000e+03 5.220000000000000000e+03 3.017768652999999746e-02 1.456812194000000130e-02
5.220000000000000000e+03 5.221000000000000000e+03 2.602506897999999971e-02 1.605194558000000091e-02
5.221000000000000000e+03 5.222000000000000000e+03 3.286758098999999905e-02 1.536832580000000066e-02
5.222000000000000000e+03 5.223000000000000000e+03 4.161181438899999585e-02 1.319160441000000010e-02
5.223000000000000000e+03 5.224000000000000000e+03 5.626322339999999950e-03 6.702686339999999743e-03
5.224000000000000000e+03 5.225000000000000000e+03 -1.083632489999999948e-03 2.823172634999999726e-03
5.225000000000000000e+03 5.226000000000000000e+03 8.547033501000000921e-02 3.168551195000000181e-02
5.226000000000000000e+03 5.227000000000000000e+03 4.851929421000000103e-02 2.904040528000000065e-02
5.227000000000000000e+03 5.228000000000000000e+03 8.321015690999999936e-02 3.149779407000000142e-02
5.228000000000000000e+03 5.229000000000000000e+03 2.830723955999999916e-02 2.347237677000000092e-02
5.229000000000000000e+03 5.230000000000000000e+03 9.795209016999999185e-02 2.534318066999999980e-02
5.230000000000000000e+03 5.231000000000000000e+03 5.615296367000000011e-02 1.831773972000000014e-02
5.231000000000000000e+03 5.232000000000000000e+03 1.963450323000000275e-02 1.582139897000000087e-02
5.232000000000000000e+03 5.233000000000000000e+03 3.855709783800000123e-02 1.590795245999999941e-02
5.233000000000000000e+03 5.234000000000000000e+03 1.367479666000000031e-02 8.333028549999999673e-03
5.234000000000000000e+03 5.235000000000000000e+03 2.460078874300000024e-02 6.987770590000000163e-03
5.235000000000000000e+03 5.236000000000000000e+03 -7.270515437000000386e-03 5.323176810000000009e-03
5.236000000000000000e+03 5.237000000000000000e+03 9.306539282999999607e-02 3.571731446999999726e-02
5.237000000000000000e+03 5.238000000000000000e+03 5.316710830999999554e-02 2.893239607000000144e-02
5.238000000000000000e+03 5.239000000000000000e+03 4.901268359000000158e-02 2.630824265000000078e-02
5.239000000000000000e+03 5.240000000000000000e+03 7.259240206999999223e-02 2.351440977000000127e-02
5.240000000000000000e+03 5.241000000000000000e+03 5.895274409999999923e-03 2.119080037999999944e-02
5.241000000000000000e+03 5.242000000000000000e+03 4.787206779500000065e-02 1.932982449999999866e-02
5.242000000000000000e+03 5.243000000000000000e+03 2.530346565000000242e-02 1.692663809999999866e-02
5.243000000000000000e+03 5.244000000000000000e+03 3.126450531000000282e-02 1.371704348000000150e-02
5.244000000000000000e+03 5.245000000000000000e+03 1.108681583399999913e-02 9.544634649999999762e-03
5.245000000000000000e+03 5.246000000000000000e+03 1.763981396000000035e-02 8.400597450000000035e-03
5.246000000000000000e+03 5.247000000000000000e+03 2.159193838999999907e-03 5.086107002999999856e-03
5.247000000000000000e+03 5.248000000000000000e+03 5.659331890000000170e-02 3.758675387000000312e-02
5.248000000000000000e+03 5.249000000000000000e+03 3.891997325000000341e-02 2.864867918999999818e-02
5.249000000000000000e+03 5.250000000000000000e+03 7.172327084999999269e-02 2.427954989999999910e-02
5.250000000000000000e+03 5.251000000000000000e+03 6.082399440000000462e-02 2.863900466999999908e-02
5.251000000000000000e+03 5.252000000000000000e+03 4.165942228000000386e-02 2.026784629000000226e-02
5.252000000000000000e+03 5.253000000000000000e+03 2.682406242000000274e-02 1.952384612000000047e-02
5.253000000000000000e+03 5.254000000000000000e+03 2.442515732199999900e-02 1.386253737000000055e-02
5.254000000000000000e+03 5.255000000000000000e+03 3.053362821400000190e-02 1.339802843000000021e-02
5.255000000000000000e+03 5.256000000000000000e+03 1.124739220999999845e-02 1.083119751999999866e-02
5.256000000000000000e+03 5.257000000000000000e+03 -4.511165034000000004e-03 7.797442390000000091e-03
5.257000000000000000e+03 5.258000000000000000e+03 -1.119087712700000091e-02 6.095922509999999843e-03
5.258000000000000000e+03 5.259000000000000000e+03 1.053802491000000036e-01 3.528914292000000230e-02
5.259000000000000000e+03 5.260000000000000000e+03 7.642053429999999536e-02 2.610446937999999842e-02
5.260000000000000000e+03 5.261000000000000000e+03 6.645034269999999799e-02 2.609972795999999928e-02
5.261000000000000000e+03 5.262000000000000000e+03 4.614095919000000406e-02 2.138733250000000169e-02
5.262000000000000000e+03 5.263000000000000000e+03 5.620394712000000015e-02 2.375855554000000022e-02
5.263000000000000000e+03 5.264000000000000000e+03 4.556534000000000647e-04 1.699198340000000057e-02
5.264000000000000000e+03 5.265000000000000000e+03 5.461044287999999858e-02 1.902534855999999872e-02
5.265000000000000000e+03 5.266000000000000000e+03 2.185445277999999852e-02 1.252208795000000000e-02
5.266000000000000000e+03 5.267000000000000000e+03 6.591420431000000191e-03 8.511702450000000267e-03
5.267000000000000000e+03 5.268000000000000000e+03 1.869916620000000021e-03 6.752877360000000308e-03
5.268000000000000000e+03 5.269000000000000000e+03 3.994933369999999380e-03 5.284120500000000394e-03
5.269000000000000000e+03 5.270000000000000000e+03 1.048849026000000031e-02 3.463078568999999884e-02
5.270000000000000000e+03 5.271000000000000000e+03 5.439505524000000369e-02 2.893312866000000150e-02
5.271000000000000000e+03 5.272000000000000000e+03 6.154958236999999444e-02 2.786637491999999910e-02
5.272000000000000000e+03 5.273000000000000000e+03 6.915408583000000331e-02 2.091175492999999830e-02
5.273000000000000000e+03 5.274000000000000000e+03 2.014869026000000105e-02 2.052537012000000063e-02
5.274000000000000000e+03 5.275000000000000000e+03 9.254708207000000852e-02 2.202936148000000233e-02
5.275000000000000000e+03 5.276000000000000000e+03 1.219473786999999976e-02 1.516926266000000016e-02
5.276000000000000000e+03 5.277000000000000000e+03 2.630024914999999977e-02 1.229432446000000047e-02
5.277000000000000000e+03 5.278000000000000000e+03 5.121186419999999850e-03 1.015316517000000064e-02
5.278000000000000000e+03 5.279000000000000000e+03 -2.390061700000000421e-03 8.200011130000000453e-03
5.279000000000000000e+03 5.280000000000000000e+03 2.653144316999999676e-03 6.088677879999999758e-03
5.280000000000000000e+03 5.281000000000000000e+03 1.016286625000000082e-01 3.380023075999999405e-02
5.281000000000000000e+03 5.282000000000000000e+03 8.262866729999999993e-02 2.977319922000000105e-02
5.282000000000000000e+03 5.283000000000000000e+03 8.142493823999999436e-02 2.513706741999999911e-02
5.283000000000000000e+03 5.284000000000000000e+03 6.926812645999999574e-02 2.169804369000000177e-02
5.284000000000000000e+03 5.285000000000000000e+03 4.528066362999999539e-02 1.914149176000000049e-02
5.285000000000000000e+03 5.286000000000000000e+03 3.103627536000000062e-02 1.757213477000000093e-02
5.286000000000000000e+03 5.287000000000000000e+03 3.479339126000000060e-02 1.392891455999999833e-02
5.287000000000000000e+03 5.288000000000000000e+03 2.658257165000000102e-02 1.259635735000000020e-02
5.288000000000000000e+03 5.289000000000000000e+03 2.259714309000000060e-02 1.163225933999999934e-02
5.289000000000000000e+03 5.290000000000000000e+03 7.715030561999999814e-03 7.875516980000000361e-03
5.290000000000000000e+03 5.291000000000000000e+03 9.528763405999998368e-03 5.953985740000000693e-03
5.291000000000000000e+03 5.292000000000000000e+03 8.836765320000000701e-02 3.190824157000000244e-02
5.292000000000000000e+03 5.293000000000000000e+03 5.210583329000000041e-02 3.077328104000000286e-02
5.293000000000000000e+03 5.294000000000000000e+03 7.253038990000000574e-02 2.759714188999999943e-02
5.294000000000000000e+03 5.295000000000000000e+03 5.907707031999999414e-02 2.127513485999999940e-02
5.295000000000000000e+03 5.296000000000000000e+03 3.338136910000000235e-02 2.344602795000000003e-02
5.296000000000000000e+03 5.297000000000000000e+03 5.670504042999999911e-02 1.851379942000000098e-02
5.297000000000000000e+03 5.298000000000000000e+03 6.740341386999999795e-02 1.574824304999999924e-02
5.298000000000000000e+03 5.299000000000000000e+03 2.112074501000000062e-02 1.309344954999999873e-02
5.299000000000000000e+03 5.300000000000000000e+03 1.398632393500000119e-02 9.564261640000000161e-03
5.300000000000000000e+03 5.301000000000000000e+03 4.602482889999999667e-03 6.831381499999999822e-03
5.301000000000000000e+03 5.302000000000000000e+03 5.097008487999999879e-03 5.256860363999999765e-03
5.302000000000000000e+03 5.303000000000000000e+03 6.119494049999999602e-02 3.561325628999999909e-02
5.303000000000000000e+03 5.304000000000000000e+03 2.178263370699999937e-02 3.112801079999999790e-02
5.304000000000000000e+03 5.305000000000000000e+03 7.209796279999999835e-03 2.862612871000000045e-02
5.305000000000000000e+03 5.306000000000000000e+03 1.089100791000000013e-02 2.316189137999999717e-02
5.306000000000000000e+03 5.307000000000000000e+03 5.022901483799999817e-02 2.572625204999999873e-02
5.307000000000000000e+03 5.308000000000000000e+03 5.737039341900000006e-02 1.820391934000000281e-02
5.308000000000000000e+03 5.309000000000000000e+03 3.215698199000000673e-02 1.711818262000000188e-02
5.309000000000000000e+03 5.310000000000000000e+03 3.030444805999999922e-02 1.088629993000000094e-02
5.310000000000000000e+03 5.311000000000000000e+03 9.783660760000000012e-03 9.927230029999999442e-03
5.311000000000000000e+03 5.312000000000000000e+03 1.450674799999999987e-02 7.941099590000000319e-03
5.312000000000000000e+03 5.313000000000000000e+03 9.665400769999998865e-03 4.777730710000000630e-03
5.313000000000000000e+03 5.314000000000000000e+03 4.837525279999999733e-02 2.907123027000000151e-02
5.314000000000000000e+03 5.315000000000000000e+03 1.072974218000000007e-01 3.092625099000000100e-02
5.315000000000000000e+03 5.316000000000000000e+03 5.707987863999999800e-02 2.388714272999999805e-02
5.316000000000000000e+03 5.317000000000000000e+03 7.023210112000000116e-02 1.854502322000000161e-02
5.317000000000000000e+03 5.318000000000000000e+03 4.555742444999999474e-02 2.416072262000000179e-02
5.318000000000000000e+03 5.319000000000000000e+03 1.391383402600000069e-02 1.859877546000000131e-02
5.319000000000000000e+03 5.320000000000000000e+03 2.834804600000000174e-02 1.520151907999999982e-02
5.320000000000000000e+03 5.321000000000000000e+03 1.456242061600000054e-02 1.162706372000000057e-02
5.321000000000000000e+03 5.322000000000000000e+03 1.722884703000000101e-02 1.072993296000000069e-02
5.322000000000000000e+03 5.323000000000000000e+03 8.118215619999999064e-03 7.475832410000000060e-03
5.323000000000000000e+03 5.324000000000000000e+03 -1.822131724770000146e-03 5.168935309999999998e-03
5.324000000000000000e+03 5.325000000000000000e+03 9.012647520000000023e-02 2.898828219999999983e-02
5.325000000000000000e+03 5.326000000000000000e+03 3.587687129000000086e-02 2.790564421000000031e-02
5.326000000000000000e+03 5.327000000000000000e+03 6.952778285699999505e-02 2.763140710999999888e-02
5.327000000000000000e+03 5.328000000000000000e+03 4.474982230000000560e-02 2.193417377999999987e-02
5.328000000000000000e+03 5.329000000000000000e+03 5.062222775999999924e-02 2.036747421000000002e-02
5.329000000000000000e+03 5.330000000000000000e+03 4.296881807999999858e-02 1.778462605999999932e-02
5.330000000000000000e+03 5.331000000000000000e+03 4.252319459999999961e-03 1.405820111999999886e-02
5.331000000000000000e+03 5.332000000000000000e+03 1.455013638000000019e-02 1.123202085999999884e-02
5.332000000000000000e+03 5.333000000000000000e+03 2.469065528199999859e-02 8.780556139999999565e-03
5.333000000000000000e+03 5.334000000000000000e+03 2.344163710000000001e-03 6.849197430000000461e-03
5.334000000000000000e+03 5.335000000000000000e+03 -1.152447140000000111e-03 4.570397151999999741e-03
5.335000000000000000e+03 5.336000000000000000e+03 5.169352130000000323e-02 3.181924744000000360e-02
5.336000000000000000e+03 5.337000000000000000e+03 6.138912940999999984e-02 2.825685065000000176e-02
5.337000000000000000e+03 5.338000000000000000e+03 4.782221799999999967e-02 2.534659867000000136e-02
5.338000000000000000e+03 5.339000000000000000e+03 2.946988144999999892e-02 2.381505248000000130e-02
5.339000000000000000e+03 5.340000000000000000e+03 3.815535821699999469e-02 2.137732146000000111e-02
5.340000000000000000e+03 5.341000000000000000e+03 5.910393679999999955e-02 1.618266637999999855e-02
5.341000000000000000e+03 5.342000000000000000e+03 4.251989619999999546e-03 1.542758257000000077e-02
5.342000000000000000e+03 5.343000000000000000e+03 2.343513065700000148e-02 1.135695924999999967e-02
5.343000000000000000e+03 5.344000000000000000e+03 1.291658702000000013e-02 9.469482810000000653e-03
5.344000000000000000e+03 5.345000000000000000e+03 3.377014404999999914e-03 6.174461210000000040e-03
5.345000000000000000e+03 5.346000000000000000e+03 5.348201284099999946e-03 5.022079280000000222e-03
5.346000000000000000e+03 5.347000000000000000e+03 7.501446032999999070e-02 2.929140574000000177e-02
5.347000000000000000e+03 5.348000000000000000e+03 3.920309531999999902e-02 2.779346121999999933e-02
5.348000000000000000e+03 5.349000000000000000e+03 1.036439984999999869e-01 2.519990511000000030e-02
5.349000000000000000e+03 5.350000000000000000e+03 6.189379643999999570e-02 2.627643687999999672e-02
5.350000000000000000e+03 5.351000000000000000e+03 4.111345227999999713e-02 2.183961410000000158e-02
5.351000000000000000e+03 5.352000000000000000e+03 3.047172235999999826e-02 1.592591278999999985e-02
5.352000000000000000e+03 5.353000000000000000e+03 2.821685162000000038e-02 1.507661933999999981e-02
5.353000000000000000e+03 5.354000000000000000e+03 4.604670267799999828e-02 1.187309953000000029e-02
5.354000000000000000e+03 5.355000000000000000e+03 1.210913520000000097e-02 1.236623951999999901e-02
5.355000000000000000e+03 5.356000000000000000e+03 -2.844941029999999583e-04 6.090929319999999723e-03
5.356000000000000000e+03 5.357000000000000000e+03 3.731042320000000408e-03 5.645609519999999874e-03
5.357000000000000000e+03 5.358000000000000000e+03 3.094718130000000123e-02 2.981120472000000146e-02
5.358000000000000000e+03 5.359000000000000000e+03 7.938535090000001238e-02 2.462771555999999917e-02
5.359000000000000000e+03 5.360000000000000000e+03 4.778729313999999923e-02 2.775634923000000129e-02
5.360000000000000000e+03 5.361000000000000000e+03 9.204222437999999562e-02 2.470091263000000203e-02
5.361000000000000000e+03 5.362000000000000000e+03 5.397564804200000177e-02 2.088353539000000272e-02
5.362000000000000000e+03 5.363000000000000000e+03 4.235215023899999848e-02 1.846159434999999904e-02
5.363000000000000000e+03 5.364000000000000000e+03 4.487154923000000184e-02 1.356574959999999955e-02
5.364000000000000000e+03 5.365000000000000000e+03 1.274859637999999941e-02 1.161452568999999865e-02
5.365000000000000000e+03 5.366000000000000000e+03 1.753605778799999931e-02 1.090563715999999864e-02
5.366000000000000000e+03 5.367000000000000000e+03 1.127700442999999934e-02 6.817377519999999989e-03
5.367000000000000000e+03 5.368000000000000000e+03 8.443314690000000219e-03 4.434033871999999536e-03
5.368000000000000000e+03 5.369000000000000000e+03 8.129853050000000747e-02 2.721974909999999928e-02
5.369000000000000000e+03 5.370000000000000000e+03 7.695777230000000468e-02 2.666230154999999977e-02
5.370000000000000000e+03 5.371000000000000000e+03 4.160379789000000217e-02 2.515332660999999859e-02
5.371000000000000000e+03 5.372000000000000000e+03 1.880746029999999860e-02 2.676856498000000292e-02
5.372000000000000000e+03 5.373000000000000000e+03 2.878052669999999966e-02 1.872060948000000072e-02
5.373000000000000000e+03 5.374000000000000000e+03 3.719008815999999551e-02 1.916572260000000069e-02
5.374000000000000000e+03 5.375000000000000000e+03 3.107685840000000334e-03 1.363032866999999877e-02
5.375000000000000000e+03 5.376000000000000000e+03 2.568852237800000118e-02 1.458312468999999924e-02
5.376000000000000000e+03 5.377000000000000000e+03 2.518955791000000027e-02 1.101560403999999986e-02
5.377000000000000000e+03 5.378000000000000000e+03 1.646560437399999938e-02 6.599352069999999890e-03
5.378000000000000000e+03 5.379000000000000000e+03 5.129021339999999610e-03 3.910656834999999901e-03
5.379000000000000000e+03 5.380000000000000000e+03 3.880744189999999622e-02 3.088528772999999880e-02
5.380000000000000000e+03 5.381000000000000000e+03 3.047690679000000097e-02 2.898623504999999975e-02
5.381000000000000000e+03 5.382000000000000000e+03 6.406873037000000715e-02 2.322335646999999781e-02
5.382000000000000000e+03 5.383000000000000000e+03 5.607281905999999400e-02 2.375413491999999946e-02
5.383000000000000000e+03 5.384000000000000000e+03 4.317999141099999882e-02 2.218134666000000019e-02
5.384000000000000000e+03 5.385000000000000000e+03 5.611326266999999701e-02 2.016475113999999930e-02
5.385000000000000000e+03 5.386000000000000000e+03 1.612627146000000095e-02 1.456338484000000051e-02
5.386000000000000000e+03 5.387000000000000000e+03 2.890771339999999995e-02 1.109553142999999964e-02
5.387000000000000000e+03 5.388000000000000000e+03 1.023600430999999956e-03 9.736053259999998682e-03
5.388000000000000000e+03 5.389000000000000000e+03 9.433780479999999066e-03 7.207315670000000521e-03
5.389000000000000000e+03 5.390000000000000000e+03 -1.504901891000000021e-03 3.597593884999999991e-03
5.390000000000000000e+03 5.391000000000000000e+03 1.181613675000000030e-01 3.034072408999999998e-02
5.391000000000000000e+03 5.392000000000000000e+03 6.057404278000000364e-02 2.679041978999999879e-02
5.392000000000000000e+03 5.393000000000000000e+03 1.553547583600000011e-02 2.082436047999999817e-02
5.393000000000000000e+03 5.394000000000000000e+03 6.634550070999999105e-02 2.535657948999999953e-02
5.394000000000000000e+03 5.395000000000000000e+03 4.696391946000000317e-02 1.934847496000000056e-02
5.395000000000000000e+03 5.396000000000000000e+03 4.433072470999999820e-02 1.848551822000000025e-02
5.396000000000000000e+03 5.397000000000000000e+03 3.604892599999999937e-03 1.640046172999999954e-02
5.397000000000000000e+03 5.398000000000000000e+03 2.569955682000000033e-02 1.508508991999999924e-02
5.398000000000000000e+03 5.399000000000000000e+03 8.695310480000001049e-03 7.846710340000000172e-03
5.399000000000000000e+03 5.400000000000000000e+03 -6.301075619999999856e-03 4.591896810000000058e-03
5.400000000000000000e+03 5.401000000000000000e+03 -5.789914019000000529e-03 5.292880859999999840e-03
5.401000000000000000e+03 5.402000000000000000e+03 1.089727771000000012e-01 3.151401927999999963e-02
5.402000000000000000e+03 5.403000000000000000e+03 3.866354771999999662e-02 2.594499629999999848e-02
5.403000000000000000e+03 5.404000000000000000e+03 3.818589250799999529e-02 2.554650670999999984e-02
5.404000000000000000e+03 5.405000000000000000e+03 7.800099388000000800e-02 2.483725133999999807e-02
5.405000000000000000e+03 5.406000000000000000e+03 2.235806279000000091e-02 2.429169386999999874e-02
5.406000000000000000e+03 5.407000000000000000e+03 2.191859013999999939e-02 1.618121412999999967e-02
5.407000000000000000e+03 5.408000000000000000e+03 4.215408742230000033e-02 1.518614207999999938e-02
5.408000000000000000e+03 5.409000000000000000e+03 2.641407009000000181e-02 1.203024928999999951e-02
5.409000000000000000e+03 5.410000000000000000e+03 6.474975665999999942e-03 1.064602742000000067e-02
5.410000000000000000e+03 5.411000000000000000e+03 4.015118879999999765e-03 6.013145440000000098e-03
5.411000000000000000e+03 5.412000000000000000e+03 -2.076349350000000239e-03 4.493429087000000259e-03
5.412000000000000000e+03 5.413000000000000000e+03 4.405912255999999694e-02 3.032262728000000018e-02
5.413000000000000000e+03 5.414000000000000000e+03 1.002921508000000073e-01 2.653722798000000133e-02
5.414000000000000000e+03 5.415000000000000000e+03 6.631739931999999782e-02 2.584010042000000132e-02
5.415000000000000000e+03 5.416000000000000000e+03 4.185134763000000063e-02 2.131777384999999914e-02
5.416000000000000000e+03 5.417000000000000000e+03 2.758211535999999936e-02 2.029958381000000062e-02
5.417000000000000000e+03 5.418000000000000000e+03 3.117162096000000021e-02 1.852685181999999889e-02
5.418000000000000000e+03 5.419000000000000000e+03 4.232708760000000042e-02 1.483434830999999857e-02
5.419000000000000000e+03 5.420000000000000000e+03 4.129967721000000168e-03 1.192884281999999872e-02
5.420000000000000000e+03 5.421000000000000000e+03 1.240153232999999938e-02 7.805096689999999927e-03
5.421000000000000000e+03 5.422000000000000000e+03 5.469708030000000089e-03 6.076063579999999888e-03
5.422000000000000000e+03 5.423000000000000000e+03 8.104225238999999970e-03 3.625561401999999930e-03
5.423000000000000000e+03 5.424000000000000000e+03 7.012582679999999902e-02 2.983374295999999953e-02
5.424000000000000000e+03 5.425000000000000000e+03 6.410031467000000538e-02 2.666226790000000152e-02
5.425000000000000000e+03 5.426000000000000000e+03 3.371580715999999978e-02 2.519581299999999746e-02
5.426000000000000000e+03 5.427000000000000000e+03 3.217774776000000003e-02 1.938899406999999853e-02
5.427000000000000000e+03 5.428000000000000000e+03 7.551980707000000015e-02 2.239640239999999768e-02
5.428000000000000000e+03 5.429000000000000000e+03 4.405698747000000304e-02 1.947452118999999995e-02
5.429000000000000000e+03 5.430000000000000000e+03 2.967406139100000131e-02 1.352729569999999888e-02
5.430000000000000000e+03 5.431000000000000000e+03 2.345303639999999842e-02 1.224657147000000022e-02
5.431000000000000000e+03 5.432000000000000000e+03 2.263010590000000006e-03 1.001748986000000098e-02
5.432000000000000000e+03 5.433000000000000000e+03 3.421578280000000388e-03 6.172578950000000286e-03
5.433000000000000000e+03 5.434000000000000000e+03 7.252121289999999536e-04 3.954309476999999864e-03
5.434000000000000000e+03 5.435000000000000000e+03 5.915244640000000276e-02 2.529066736999999870e-02
5.435000000000000000e+03 5.436000000000000000e+03 4.734064209999999662e-03 2.752155217999999876e-02
5.436000000000000000e+03 5.437000000000000000e+03 3.654730528999999839e-02 3.155049690000000240e-02
5.437000000000000000e+03 5.438000000000000000e+03 8.297213924000000629e-02 1.850722017999999885e-02
5.438000000000000000e+03 5.439000000000000000e+03 3.378400558999999914e-02 1.902592367000000007e-02
5.439000000000000000e+03 5.440000000000000000e+03 5.385769164999999747e-02 1.541510054000000060e-02
5.440000000000000000e+03 5.441000000000000000e+03 4.940286411099999858e-02 1.331850277999999978e-02
5.441000000000000000e+03 5.442000000000000000e+03 -2.924875670000000316e-03 1.247604254999999836e-02
5.442000000000000000e+03 5.443000000000000000e+03 1.617545554000000135e-02 9.136931960000000547e-03
5.443000000000000000e+03 5.444000000000000000e+03 7.326468374999999845e-03 5.858347619999999985e-03
5.444000000000000000e+03 5.445000000000000000e+03 7.848458763999999546e-03 4.948541419999999934e-03
5.445000000000000000e+03 5.446000000000000000e+03 7.046533550000000368e-02 3.096296899000000255e-02
5.446000000000000000e+03 5.447000000000000000e+03 3.691333760999999936e-02 2.926083820000000002e-02
5.447000000000000000e+03 5.448000000000000000e+03 5.570347249999999667e-02 2.811492201000000135e-02
5.448000000000000000e+03 5.449000000000000000e+03 5.198205237000000367e-02 2.170349188999999915e-02
5.449000000000000000e+03 5.450000000000000000e+03 1.747295263599999912e-02 2.018353436999999889e-02
5.450000000000000000e+03 5.451000000000000000e+03 3.588931531000000286e-02 1.560051714000000068e-02
5.451000000000000000e+03 5.452000000000000000e+03 2.046274256000000027e-02 1.286956174000000036e-02
5.452000000000000000e+03 5.453000000000000000e+03 3.183574864999999532e-02 1.246677151000000032e-02
5.453000000000000000e+03 5.454000000000000000e+03 1.551990497000000149e-02 1.035353826999999872e-02
5.454000000000000000e+03 5.455000000000000000e+03 5.398786069999999757e-03 5.727347360000000116e-03
5.455000000000000000e+03 5.456000000000000000e+03 2.287630922000000351e-03 4.544626052000000187e-03
5.456000000000000000e+03 5.457000000000000000e+03 2.609200710999999909e-02 2.928410219999999856e-02
5.457000000000000000e+03 5.458000000000000000e+03 4.935735197000000463e-02 2.978778636000000216e-02
5.458000000000000000e+03 5.459000000000000000e+03 3.837395668999999537e-02 1.983363192000000066e-02
5.459000000000000000e+03 5.460000000000000000e+03 9.326265995000000697e-02 2.558117555000000154e-02
5.460000000000000000e+03 5.461000000000000000e+03 4.508385139599999786e-02 1.855065204999999801e-02
5.461000000000000000e+03 5.462000000000000000e+03 2.959331328000000191e-02 1.555529649999999944e-02
5.462000000000000000e+03 5.463000000000000000e+03 4.512797712000000266e-02 1.365970279999999953e-02
5.463000000000000000e+03 5.464000000000000000e+03 1.739693251300000049e-02 1.307753163999999906e-02
5.464000000000000000e+03 5.465000000000000000e+03 1.445284290000000034e-02 7.818028289999999145e-03
5.465000000000000000e+03 5.466000000000000000e+03 7.134056399999999867e-03 5.503288400000000413e-03
5.466000000000000000e+03 5.467000000000000000e+03 5.518944579999999871e-03 4.573003168999999722e-03
5.467000000000000000e+03 5.468000000000000000e+03 1.810325849000000292e-02 2.785146080999999912e-02
5.468000000000000000e+03 5.469000000000000000e+03 7.661558805000000250e-02 2.653602025000000031e-02
5.469000000000000000e+03 5.470000000000000000e+03 2.384985820999999812e-02 2.503578493999999988e-02
5.470000000000000000e+03 5.471000000000000000e+03 6.310978409999999650e-02 2.109175045999999928e-02
5.471000000000000000e+03 5.472000000000000000e+03 3.890292930000000243e-03 1.898119227999999978e-02
5.472000000000000000e+03 5.473000000000000000e+03 8.568999699999999692e-03 1.621284912000000092e-02
5.473000000000000000e+03 5.474000000000000000e+03 3.824448502720000087e-02 1.402025148999999984e-02
5.474000000000000000e+03 5.475000000000000000e+03 3.003581900000000179e-02 1.201127482000000080e-02
5.475000000000000000e+03 5.476000000000000000e+03 -3.315726439999999720e-03 9.071176170000000427e-03
5.476000000000000000e+03 5.477000000000000000e+03 -1.741169783999999996e-03 4.933372650000000109e-03
5.477000000000000000e+03 5.478000000000000000e+03 9.934657455999999429e-03 4.209969008999999568e-03
5.478000000000000000e+03 5.479000000000000000e+03 2.033770054310000269e-02 2.657138529999999998e-02
5.479000000000000000e+03 5.480000000000000000e+03 5.144809119999999708e-02 2.364929778000000177e-02
5.480000000000000000e+03 5.481000000000000000e+03 4.721634157399999532e-02 2.272385253000000147e-02
5.481000000000000000e+03 5.482000000000000000e+03 2.259837136000000107e-02 2.035765658000000117e-02
5.482000000000000000e+03 5.483000000000000000e+03 5.948079488500000039e-02 1.676060785999999858e-02
5.483000000000000000e+03 5.484000000000000000e+03 3.027392849000000094e-02 1.633715502000000069e-02
5.484000000000000000e+03 5.485000000000000000e+03 2.454047938000000068e-02 1.447763001999999993e-02
5.485000000000000000e+03 5.486000000000000000e+03 4.818821479999999859e-03 1.129465305000000065e-02
5.486000000000000000e+03 5.487000000000000000e+03 1.346538170000000090e-02 8.784276930000001204e-03
5.487000000000000000e+03 5.488000000000000000e+03 1.515686866799999949e-02 7.856266799999999176e-03
5.488000000000000000e+03 5.489000000000000000e+03 -6.475020934999999901e-03 4.143060246000000377e-03
5.489000000000000000e+03 5.490000000000000000e+03 1.154631336000000036e-01 2.844265266000000139e-02
5.490000000000000000e+03 5.491000000000000000e+03 3.298370113299999712e-02 2.562315230000000027e-02
5.491000000000000000e+03 5.492000000000000000e+03 5.270953421999999972e-02 2.340692805000000112e-02
5.492000000000000000e+03 5.493000000000000000e+03 4.847491426999999548e-02 2.079984541000000006e-02
5.493000000000000000e+03 5.494000000000000000e+03 3.923670274999999791e-02 1.768311196999999835e-02
5.494000000000000000e+03 5.495000000000000000e+03 3.207022048900000366e-02 1.522536838999999885e-02
5.495000000000000000e+03 5.496000000000000000e+03 1.616397786000000128e-02 1.257875030999999928e-02
5.496000000000000000e+03 5.497000000000000000e+03 1.192633264000000047e-02 1.104935773000000065e-02
5.497000000000000000e+03 5.498000000000000000e+03 1.234413374999999979e-02 7.751553129999999917e-03
5.498000000000000000e+03 5.499000000000000000e+03 1.975376565000000126e-02 6.491215999999999306e-03
5.499000000000000000e+03 5.500000000000000000e+03 4.592676074000000101e-03 4.063511523000000632e-03
5.500000000000000000e+03 5.501000000000000000e+03 5.729272779999999843e-02 2.769164522000000170e-02
5.501000000000000000e+03 5.502000000000000000e+03 4.133474369000000176e-02 2.625639675999999825e-02
5.502000000000000000e+03 5.503000000000000000e+03 5.206791696000000191e-02 2.303567599999999799e-02
5.503000000000000000e+03 5.504000000000000000e+03 3.159759444000000139e-02 2.204193429999999967e-02
5.504000000000000000e+03 5.505000000000000000e+03 1.821235552999999827e-02 2.086431153999999955e-02
5.505000000000000000e+03 5.506000000000000000e+03 3.192878174899999727e-02 1.514486056000000080e-02
5.506000000000000000e+03 5.507000000000000000e+03 3.030756033000000030e-02 1.163516779000000126e-02
5.507000000000000000e+03 5.508000000000000000e+03 -7.681128990000000122e-03 1.097068479000000082e-02
5.508000000000000000e+03 5.509000000000000000e+03 1.451749620999999955e-02 8.246049279999998968e-03
5.509000000000000000e+03 5.510000000000000000e+03 6.023107246000000518e-03 6.538009800000000281e-03
5.510000000000000000e+03 5.511000000000000000e+03 2.268398502000000191e-03 4.965819169999999977e-03
5.511000000000000000e+03 5.512000000000000000e+03 1.495801337999999869e-01 2.800803811000000115e-02
5.512000000000000000e+03 5.513000000000000000e+03 4.096023630999999499e-02 2.321231250999999940e-02
5.513000000000000000e+03 5.514000000000000000e+03 3.257664265999999503e-02 2.352062211999999750e-02
5.514000000000000000e+03 5.515000000000000000e+03 3.640365839999999686e-02 2.344601358999999843e-02
5.515000000000000000e+03 5.516000000000000000e+03 7.177126787000000230e-02 2.244465781999999826e-02
5.516000000000000000e+03 5.517000000000000000e+03 1.768489775000000111e-02 1.714039879999999794e-02
5.517000000000000000e+03 5.518000000000000000e+03 1.400065879999999987e-03 1.509141672000000045e-02
5.518000000000000000e+03 5.519000000000000000e+03 2.494515447000000136e-02 1.155764037999999945e-02
5.519000000000000000e+03 5.520000000000000000e+03 6.498928569999999627e-03 7.953750230000000698e-03
5.520000000000000000e+03 5.521000000000000000e+03 9.890551009999999990e-03 7.423993260000000087e-03
5.521000000000000000e+03 5.522000000000000000e+03 8.751233401000001189e-03 3.586925624000000031e-03
5.522000000000000000e+03 5.523000000000000000e+03 3.694933991999999751e-02 2.414955896999999851e-02
5.523000000000000000e+03 5.524000000000000000e+03 1.178575105000000123e-02 2.332066672000000090e-02
5.524000000000000000e+03 5.525000000000000000e+03 6.044235428000000604e-02 2.294754436999999966e-02
5.525000000000000000e+03 5.526000000000000000e+03 4.565803911900000178e-02 2.064773362000000070e-02
5.526000000000000000e+03 5.527000000000000000e+03 5.640055999199999892e-02 1.998108319999999938e-02
5.527000000000000000e+03 5.528000000000000000e+03 1.701495539000000279e-02 1.556787205000000063e-02
5.528000000000000000e+03 5.529000000000000000e+03 -3.810298500000000328e-03 1.425874346000000070e-02
5.529000000000000000e+03 5.530000000000000000e+03 3.355437974999999490e-02 1.076803360999999994e-02
5.530000000000000000e+03 5.531000000000000000e+03 9.669275359300000955e-03 7.875338150000001092e-03
5.531000000000000000e+03 5.532000000000000000e+03 5.568593260000000850e-03 5.198054342000000064e-03
5.532000000000000000e+03 5.533000000000000000e+03 1.415780417000000145e-02 3.871585099999999904e-03
5.533000000000000000e+03 5.534000000000000000e+03 6.835822769999999604e-02 2.732972720000000078e-02
5.534000000000000000e+03 5.535000000000000000e+03 6.781083249999998730e-02 2.231623819000000050e-02
5.535000000000000000e+03 5.536000000000000000e+03 7.664946749999999864e-02 2.291070745000000144e-02
5.536000000000000000e+03 5.537000000000000000e+03 4.096040430999999676e-02 2.421852525000000103e-02
5.537000000000000000e+03 5.538000000000000000e+03 3.630954794999999985e-02 1.717764459000000257e-02
5.538000000000000000e+03 5.539000000000000000e+03 4.966128653800000459e-02 1.705564145000000240e-02
5.539000000000000000e+03 5.540000000000000000e+03 2.211386461999999969e-02 1.159232968000000093e-02
5.540000000000000000e+03 5.541000000000000000e+03 1.968120682499999857e-02 1.154776819000000003e-02
5.541000000000000000e+03 5.542000000000000000e+03 1.097045807899999989e-02 8.207475829999999820e-03
5.542000000000000000e+03 5.543000000000000000e+03 1.195689177199999939e-02 7.295496250000000141e-03
5.543000000000000000e+03 5.544000000000000000e+03 -9.269735639999999045e-04 3.401044466000000075e-03
5.544000000000000000e+03 5.545000000000000000e+03 7.859483456999999396e-02 2.963846428999999949e-02
5.545000000000000000e+03 5.546000000000000000e+03 7.467331519999999279e-02 2.486395208999999870e-02
5.546000000000000000e+03 5.547000000000000000e+03 7.218390583999999277e-02 2.356709493000000086e-02
5.547000000000000000e+03 5.548000000000000000e+03 4.972877465000000163e-02 2.281274155999999873e-02
5.548000000000000000e+03 5.549000000000000000e+03 2.400721155000000093e-02 2.030501394000000168e-02
5.549000000000000000e+03 5.550000000000000000e+03 2.404515298000000148e-02 1.388014545999999988e-02
5.550000000000000000e+03 5.551000000000000000e+03 3.221478021400000363e-02 1.427311923000000073e-02
5.551000000000000000e+03 5.552000000000000000e+03 1.477722089000000141e-02 9.691265210000001018e-03
5.552000000000000000e+03 5.553000000000000000e+03 -1.411585840000000036e-03 9.010928700000000319e-03
5.553000000000000000e+03 5.554000000000000000e+03 -7.416441319999999768e-04 5.167735065999999426e-03
5.554000000000000000e+03 5.555000000000000000e+03 5.017677346999999816e-03 4.131946287999999773e-03
5.555000000000000000e+03 5.556000000000000000e+03 7.715025109999999742e-02 2.696187486000000202e-02
5.556000000000000000e+03 5.557000000000000000e+03 7.243163249999999553e-02 2.590045095999999811e-02
5.557000000000000000e+03 5.558000000000000000e+03 4.021971653840000077e-02 2.279279847000000025e-02
5.558000000000000000e+03 5.559000000000000000e+03 3.754661970999999959e-02 2.106242552999999795e-02
5.559000000000000000e+03 5.560000000000000000e+03 1.802019456000000103e-02 2.028267847000000262e-02
5.560000000000000000e+03 5.561000000000000000e+03 1.537961029999999896e-03 1.482859994000000105e-02
5.561000000000000000e+03 5.562000000000000000e+03 4.568011107000000126e-02 1.360060531000000135e-02
5.562000000000000000e+03 5.563000000000000000e+03 1.580505818000000132e-02 9.808263589999999602e-03
5.563000000000000000e+03 5.564000000000000000e+03 2.457456729999999909e-03 9.494732439999998760e-03
5.564000000000000000e+03 5.565000000000000000e+03 9.404015139999999384e-03 7.696300520000000193e-03
5.565000000000000000e+03 5.566000000000000000e+03 1.320755904999999916e-03 4.219359204999999398e-03
5.566000000000000000e+03 5.567000000000000000e+03 2.646114307999999915e-02 2.749868133000000006e-02
5.567000000000000000e+03 5.568000000000000000e+03 3.684187510999999832e-02 2.413641089999999864e-02
5.568000000000000000e+03 5.569000000000000000e+03 4.788795408999999698e-02 2.005254742000000048e-02
5.569000000000000000e+03 5.570000000000000000e+03 3.765560632099999860e-02 2.123903877999999690e-02
5.570000000000000000e+03 5.571000000000000000e+03 4.338134499000000088e-02 1.700668213999999984e-02
5.571000000000000000e+03 5.572000000000000000e+03 4.927075099000000069e-02 1.497824462000000093e-02
5.572000000000000000e+03 5.573000000000000000e+03 2.924326528399999806e-02 1.284049747999999914e-02
5.573000000000000000e+03 5.574000000000000000e+03 3.504533890999999429e-02 9.659319090000000052e-03
5.574000000000000000e+03 5.575000000000000000e+03 3.150469140000000234e-03 7.859929570000000199e-03
5.575000000000000000e+03 5.576000000000000000e+03 1.299296183000000007e-02 6.688823489999999768e-03
5.576000000000000000e+03 5.577000000000000000e+03 -1.270658319999999999e-04 4.076393468000000068e-03
5.577000000000000000e+03 5.578000000000000000e+03 3.531001658000000598e-02 2.396784954000000245e-02
5.578000000000000000e+03 5.579000000000000000e+03 2.014269499000000130e-02 2.631385630000000059e-02
5.579000000000000000e+03 5.580000000000000000e+03 3.338314222999999581e-02 2.263837410000000064e-02
5.580000000000000000e+03 5.581000000000000000e+03 6.453163041999999960e-02 2.050055717000000277e-02
5.581000000000000000e+03 5.582000000000000000e+03 3.464355618300000300e-02 1.799270441000000095e-02
5.582000000000000000e+03 5.583000000000000000e+03 2.740029084100000303e-02 1.591160630000000228e-02
5.583000000000000000e+03 5.584000000000000000e+03 9.701520478199998632e-03 1.160114291000000075e-02
5.584000000000000000e+03 5.585000000000000000e+03 2.036091861000000058e-02 1.208667848000000156e-02
5.585000000000000000e+03 5.586000000000000000e+03 1.943928308999999868e-02 7.821729510000000052e-03
5.586000000000000000e+03 5.587000000000000000e+03 8.977848731099998328e-03 5.694440350000000602e-03
5.587000000000000000e+03 5.588000000000000000e+03 -7.615489066999999324e-04 3.525493937999999924e-03
5.588000000000000000e+03 5.589000000000000000e+03 2.739708371999999975e-02 2.720827768000000021e-02
5.589000000000000000e+03 5.590000000000000000e+03 9.163972350000000600e-02 2.408585254999999828e-02
5.590000000000000000e+03 5.591000000000000000e+03 9.554121416999999949e-02 2.269749260000000074e-02
5.591000000000000000e+03 5.592000000000000000e+03 5.019131808999999916e-02 2.224402751000000011e-02
5.592000000000000000e+03 5.593000000000000000e+03 3.828531602000000145e-02 1.894766210999999922e-02
5.593000000000000000e+03 5.594000000000000000e+03 1.858770791999999825e-02 1.609786012999999891e-02
5.594000000000000000e+03 5.595000000000000000e+03 2.822404189799999907e-02 1.272675398999999902e-02
5.595000000000000000e+03 5.596000000000000000e+03 2.883326975000000125e-02 8.586392510000000547e-03
5.596000000000000000e+03 5.597000000000000000e+03 8.787762680000000062e-03 7.537641600000000511e-03
5.597000000000000000e+03 5.598000000000000000e+03 1.730982763999999816e-03 6.437267759999999554e-03
5.598000000000000000e+03 5.599000000000000000e+03 -6.868461697999999997e-03 3.151837331000000193e-03
5.599000000000000000e+03 5.600000000000000000e+03 6.835428949999999837e-02 2.576929907000000131e-02
5.600000000000000000e+03 5.601000000000000000e+03 8.666324489999999159e-02 2.608629365999999908e-02
5.601000000000000000e+03 5.602000000000000000e+03 4.376934453000000391e-02 2.322088752999999783e-02
5.602000000000000000e+03 5.603000000000000000e+03 4.453598125999999602e-02 1.986309140000000126e-02
5.603000000000000000e+03 5.604000000000000000e+03 4.523954226000000134e-02 1.557757737999999892e-02
5.604000000000000000e+03 5.605000000000000000e+03 2.899460081836999908e-02 1.516064022000000039e-02
5.605000000000000000e+03 5.606000000000000000e+03 1.725269790999999983e-02 1.163350745000000033e-02
5.606000000000000000e+03 5.607000000000000000e+03 2.068546823460000114e-02 1.124346026000000096e-02
5.607000000000000000e+03 5.608000000000000000e+03 1.935799335999999898e-02 7.514469549999999720e-03
5.608000000000000000e+03 5.609000000000000000e+03 2.635431613000000298e-03 4.939516359999999995e-03
5.609000000000000000e+03 5.610000000000000000e+03 4.421397230000000469e-03 4.196898576999999984e-03
5.610000000000000000e+03 5.611000000000000000e+03 7.594893279999999358e-02 2.168772016999999733e-02
5.611000000000000000e+03 5.612000000000000000e+03 2.529443382000000004e-02 2.317249714000000141e-02
5.612000000000000000e+03 5.613000000000000000e+03 6.708456240000000570e-02 2.051699748999999753e-02
5.613000000000000000e+03 5.614000000000000000e+03 5.003483955000000150e-02 1.768587209999999965e-02
5.614000000000000000e+03 5.615000000000000000e+03 5.732849178399999912e-02 2.080802001000000082e-02
5.615000000000000000e+03 5.616000000000000000e+03 4.390382019999999885e-02 1.642999214000000208e-02
5.616000000000000000e+03 5.617000000000000000e+03 2.504167607999999851e-02 1.252811187999999971e-02
5.617000000000000000e+03 5.618000000000000000e+03 5.422748730000000140e-04 9.427704610000000457e-03
5.618000000000000000e+03 5.619000000000000000e+03 5.459268072250000013e-03 8.497927949999999411e-03
5.619000000000000000e+03 5.620000000000000000e+03 8.586539949999999477e-03 6.746634210000000513e-03
5.620000000000000000e+03 5.621000000000000000e+03 -2.432069154000000063e-03 4.827000428000000586e-03
5.621000000000000000e+03 5.622000000000000000e+03 3.840269404999999830e-02 2.464344587000000253e-02
5.622000000000000000e+03 5.623000000000000000e+03 5.991689999000000127e-02 1.975554209000000144e-02
5.623000000000000000e+03 5.624000000000000000e+03 4.405974475799999401e-02 2.078866232000000161e-02
5.624000000000000000e+03 5.625000000000000000e+03 6.108034872999999754e-02 2.391841784999999831e-02
5.625000000000000000e+03 5.626000000000000000e+03 3.537110718599999898e-02 1.630973286999999952e-02
5.626000000000000000e+03 5.627000000000000000e+03 2.014303536999999950e-02 1.513448294999999999e-02
5.627000000000000000e+03 5.628000000000000000e+03 1.697512341000000091e-02 1.222971221000000025e-02
5.628000000000000000e+03 5.629000000000000000e+03 3.473638419000000394e-02 9.624348289999999292e-03
5.629000000000000000e+03 5.630000000000000000e+03 1.092978225999999969e-02 7.119475170000000297e-03
5.630000000000000000e+03 5.631000000000000000e+03 -3.337645370000000018e-03 5.621123080000000119e-03
5.631000000000000000e+03 5.632000000000000000e+03 -6.534232600000000266e-04 3.612333228000000080e-03
5.632000000000000000e+03 5.633000000000000000e+03 9.467640439999999713e-02 2.657673269000000033e-02
5.633000000000000000e+03 5.634000000000000000e+03 6.293406564999999564e-02 2.156994645999999946e-02
5.634000000000000000e+03 5.635000000000000000e+03 3.215483230999999914e-02 1.881232816000000252e-02
5.635000000000000000e+03 5.636000000000000000e+03 1.783445829499999760e-02 2.154912457000000142e-02
5.636000000000000000e+03 5.637000000000000000e+03 3.475780097600000146e-02 1.776051585999999932e-02
5.637000000000000000e+03 5.638000000000000000e+03 4.044055816799999731e-02 1.639671992000000036e-02
5.638000000000000000e+03 5.639000000000000000e+03 2.611618042200000017e-02 1.274270096000000053e-02
5.639000000000000000e+03 5.640000000000000000e+03 2.423796809999999996e-03 9.422644519999998775e-03
5.640000000000000000e+03 5.641000000000000000e+03 8.678339049999999125e-03 7.911686799999999645e-03
5.641000000000000000e+03 5.642000000000000000e+03 -1.390093849999999871e-03 4.299236169999999871e-03
5.642000000000000000e+03 5.643000000000000000e+03 4.687695829999999689e-03 3.945677859000000336e-03
5.643000000000000000e+03 5.644000000000000000e+03 7.456384949000000040e-02 2.752627263000000102e-02
5.644000000000000000e+03 5.645000000000000000e+03 3.554053979199999630e-02 2.302015976999999963e-02
5.645000000000000000e+03 5.646000000000000000e+03 4.301719623999999964e-02 1.949664563000000003e-02
5.646000000000000000e+03 5.647000000000000000e+03 4.250516719999999915e-02 1.862653290000000281e-02
5.647000000000000000e+03 5.648000000000000000e+03 5.973704125000000448e-02 1.774921071999999850e-02
5.648000000000000000e+03 5.649000000000000000e+03 3.202136765400000196e-02 1.265114543999999903e-02
5.649000000000000000e+03 5.650000000000000000e+03 2.748943285999999944e-02 1.145593846000000048e-02
5.650000000000000000e+03 5.651000000000000000e+03 9.055128299999999630e-03 1.013472694999999896e-02
5.651000000000000000e+03 5.652000000000000000e+03 1.107888752999999955e-02 7.940533350000000823e-03
5.652000000000000000e+03 5.653000000000000000e+03 1.713101400400000168e-02 5.725389659999999964e-03
5.653000000000000000e+03 5.654000000000000000e+03 3.012981320000000102e-03 3.580554604999999866e-03
5.654000000000000000e+03 5.655000000000000000e+03 -8.593567830000000893e-03 2.376478158999999896e-02
5.655000000000000000e+03 5.656000000000000000e+03 5.317999820999999572e-02 2.081677204999999795e-02
5.656000000000000000e+03 5.657000000000000000e+03 3.417624208000000219e-02 1.976525738999999893e-02
5.657000000000000000e+03 5.658000000000000000e+03 3.348703965000000143e-02 1.704913602999999847e-02
5.658000000000000000e+03 5.659000000000000000e+03 5.548140987999999885e-02 1.702882947000000299e-02
5.659000000000000000e+03 5.660000000000000000e+03 2.746313777400000156e-02 1.299577240000000106e-02
5.660000000000000000e+03 5.661000000000000000e+03 3.010168792000000176e-02 1.140759193000000053e-02
5.661000000000000000e+03 5.662000000000000000e+03 1.089466660000000010e-02 9.030439430000000364e-03
5.662000000000000000e+03 5.663000000000000000e+03 2.099004772000000185e-02 8.218349329999999342e-03
5.663000000000000000e+03 5.664000000000000000e+03 6.579185545999999968e-03 4.378582925999999556e-03
5.664000000000000000e+03 5.665000000000000000e+03 2.642143192999999671e-03 4.257799124999999546e-03
5.665000000000000000e+03 5.666000000000000000e+03 4.019032332999999957e-02 2.285892534999999989e-02
5.666000000000000000e+03 5.667000000000000000e+03 6.802683693999998782e-02 1.934099503999999956e-02
5.667000000000000000e+03 5.668000000000000000e+03 2.593455969099999966e-02 1.789123499999999839e-02
5.668000000000000000e+03 5.669000000000000000e+03 1.339193835999999936e-02 1.829884422999999982e-02
5.669000000000000000e+03 5.670000000000000000e+03 3.297264731579999802e-02 1.531015812999999941e-02
5.670000000000000000e+03 5.671000000000000000e+03 1.795114696000000079e-02 1.243715016999999944e-02
5.671000000000000000e+03 5.672000000000000000e+03 2.561074758999999992e-02 1.301750223999999928e-02
5.672000000000000000e+03 5.673000000000000000e+03 3.011204409999999887e-02 1.075007930999999882e-02
5.673000000000000000e+03 5.674000000000000000e+03 1.106699801000000059e-02 7.161241279999999362e-03
5.674000000000000000e+03 5.675000000000000000e+03 8.849178390000000255e-03 5.458904419999999723e-03
5.675000000000000000e+03 5.676000000000000000e+03 6.692704729999999743e-04 4.451121923000000806e-03
5.676000000000000000e+03 5.677000000000000000e+03 1.325755760000000075e-03 2.405384444000000302e-02
5.677000000000000000e+03 5.678000000000000000e+03 3.104818918999999872e-02 1.930495573000000006e-02
5.678000000000000000e+03 5.679000000000000000e+03 4.582552928999999997e-02 1.872567174999999889e-02
5.679000000000000000e+03 5.680000000000000000e+03 1.603727941000000073e-02 2.009457109999999991e-02
5.680000000000000000e+03 5.681000000000000000e+03 2.949366551700000061e-02 1.479677453999999996e-02
5.681000000000000000e+03 5.682000000000000000e+03 1.865672072999999959e-02 1.391159382000000007e-02
5.682000000000000000e+03 5.683000000000000000e+03 1.973866563999999990e-02 1.136929058000000006e-02
5.683000000000000000e+03 5.684000000000000000e+03 1.353445286999999976e-02 1.083005000999999988e-02
5.684000000000000000e+03 5.685000000000000000e+03 -5.676087240000000575e-03 8.768349979999999488e-03
5.685000000000000000e+03 5.686000000000000000e+03 1.378481194699999850e-02 5.035065778999999950e-03
5.686000000000000000e+03 5.687000000000000000e+03 8.992143999000000096e-03 4.250668128000000337e-03
5.687000000000000000e+03 5.688000000000000000e+03 4.453981190000000367e-02 2.691199254000000221e-02
5.688000000000000000e+03 5.689000000000000000e+03 3.682136068999999901e-02 2.290058098000000153e-02
5.689000000000000000e+03 5.690000000000000000e+03 6.337337933000000700e-02 1.803860339999999868e-02
5.690000000000000000e+03 5.691000000000000000e+03 6.241160251000000408e-02 2.236702846000000050e-02
5.691000000000000000e+03 5.692000000000000000e+03 1.479865577999999945e-02 1.494837954000000080e-02
5.692000000000000000e+03 5.693000000000000000e+03 1.532277840000000058e-02 1.557138591999999988e-02
5.693000000000000000e+03 5.694000000000000000e+03 -3.003463669999999978e-03 1.096272983000000020e-02
5.694000000000000000e+03 5.695000000000000000e+03 1.723557370000000297e-02 1.025795291999999879e-02
5.695000000000000000e+03 5.696000000000000000e+03 2.645173439999999772e-03 8.427977479999999508e-03
5.696000000000000000e+03 5.697000000000000000e+03 1.824949530000000023e-03 3.808194823000000170e-03
5.697000000000000000e+03 5.698000000000000000e+03 -4.189472470999999927e-03 3.541888786000000310e-03
5.698000000000000000e+03 5.699000000000000000e+03 1.373981143000000023e-02 2.218956013000000088e-02
5.699000000000000000e+03 5.700000000000000000e+03 6.136316138999999698e-02 2.048004290000000199e-02
5.700000000000000000e+03 5.701000000000000000e+03 6.799729003599999655e-02 1.919443248999999976e-02
5.701000000000000000e+03 5.702000000000000000e+03 4.108931057999999636e-02 2.074401577999999968e-02
5.702000000000000000e+03 5.703000000000000000e+03 5.120767453999999774e-02 1.425395856999999919e-02
5.703000000000000000e+03 5.704000000000000000e+03 5.103467406000000012e-02 1.306856426000000022e-02
5.704000000000000000e+03 5.705000000000000000e+03 1.336307917999999921e-02 1.018379879000000029e-02
5.705000000000000000e+03 5.706000000000000000e+03 1.228957661999999923e-02 8.709109779999999953e-03
5.706000000000000000e+03 5.707000000000000000e+03 1.613231285899999895e-02 5.781571410000000202e-03
5.707000000000000000e+03 5.708000000000000000e+03 6.564860310000000115e-03 4.490969893999999935e-03
5.708000000000000000e+03 5.709000000000000000e+03 7.752986300000000441e-03 4.042923934000000087e-03
5.709000000000000000e+03 5.710000000000000000e+03 3.689963958000000432e-02 2.682938980000000237e-02
5.710000000000000000e+03 5.711000000000000000e+03 3.867495405000000164e-02 2.354375642000000254e-02
5.711000000000000000e+03 5.712000000000000000e+03 2.401654636999999912e-02 2.081002000000000199e-02
5.712000000000000000e+03 5.713000000000000000e+03 7.128087699999999770e-03 1.789114341000000094e-02
5.713000000000000000e+03 5.714000000000000000e+03 2.727646402999999928e-02 1.506034072000000078e-02
5.714000000000000000e+03 5.715000000000000000e+03 2.067700579999999858e-02 1.391900687999999935e-02
5.715000000000000000e+03 5.716000000000000000e+03 3.388974986999999939e-02 1.137262162000000042e-02
5.716000000000000000e+03 5.717000000000000000e+03 1.423196493000000035e-02 1.003905677000000059e-02
5.717000000000000000e+03 5.718000000000000000e+03 1.030150669999999914e-02 7.380759159999999985e-03
5.718000000000000000e+03 5.719000000000000000e+03 3.896567167999999848e-03 5.514934959999999615e-03
5.719000000000000000e+03 5.720000000000000000e+03 -5.288368790000000201e-03 4.386501938000000704e-03
5.720000000000000000e+03 5.721000000000000000e+03 2.663022009999999745e-02 2.255456481000000027e-02
5.721000000000000000e+03 5.722000000000000000e+03 6.875775203999999474e-02 2.384959499000000038e-02
5.722000000000000000e+03 5.723000000000000000e+03 3.179867287000000264e-02 1.939894323999999740e-02
5.723000000000000000e+03 5.724000000000000000e+03 5.063233462000000379e-02 1.749392779999999967e-02
5.724000000000000000e+03 5.725000000000000000e+03 1.646439023999999793e-02 1.989124311000000159e-02
5.725000000000000000e+03 5.726000000000000000e+03 2.201093380000000103e-03 1.257461692000000006e-02
5.726000000000000000e+03 5.727000000000000000e+03 2.273670106000000302e-02 9.745840610000000570e-03
5.727000000000000000e+03 5.728000000000000000e+03 1.175153861000000077e-02 9.159368459999999226e-03
5.728000000000000000e+03 5.729000000000000000e+03 1.011748661599999946e-02 5.846558779999999449e-03
5.729000000000000000e+03 5.730000000000000000e+03 -1.713729210000000018e-03 5.317848040000000727e-03
5.730000000000000000e+03 5.731000000000000000e+03 5.229386877999999891e-03 4.079589043000000047e-03
5.731000000000000000e+03 5.732000000000000000e+03 -4.645631016999999391e-03 3.563075705000000315e-02
5.732000000000000000e+03 5.733000000000000000e+03 1.048655461400000016e-01 2.921598373999999970e-02
5.733000000000000000e+03 5.734000000000000000e+03 1.677298945000000110e-02 1.887244385000000010e-02
5.734000000000000000e+03 5.735000000000000000e+03 1.598494157000000110e-02 1.591073960000000120e-02
5.735000000000000000e+03 5.736000000000000000e+03 3.228159463599999945e-02 1.711366217999999925e-02
5.736000000000000000e+03 5.737000000000000000e+03 1.769096218999999942e-02 1.414292059000000004e-02
5.737000000000000000e+03 5.738000000000000000e+03 2.306973448000000301e-02 1.136637570000000041e-02
5.738000000000000000e+03 5.739000000000000000e+03 1.743969954999999988e-02 8.409955589999998718e-03
5.739000000000000000e+03 5.740000000000000000e+03 6.215265226999999726e-03 6.525347340000000294e-03
5.740000000000000000e+03 5.741000000000000000e+03 6.779444485000000152e-03 4.988591700000000358e-03
5.741000000000000000e+03 5.742000000000000000e+03 -2.392680363000000178e-03 3.195165997999999726e-03
5.742000000000000000e+03 5.743000000000000000e+03 6.517728064000000154e-02 2.858136711999999940e-02
5.743000000000000000e+03 5.744000000000000000e+03 -3.170585179999999784e-03 2.128382653000000096e-02
5.744000000000000000e+03 5.745000000000000000e+03 1.373801394599999913e-02 1.793875017000000002e-02
5.745000000000000000e+03 5.746000000000000000e+03 5.812144915999999800e-02 1.632618838000000211e-02
5.746000000000000000e+03 5.747000000000000000e+03 6.600796303999999226e-02 1.814080251999999893e-02
5.747000000000000000e+03 5.748000000000000000e+03 3.799605780999999738e-02 1.686596375999999814e-02
5.748000000000000000e+03 5.749000000000000000e+03 2.812399923000000190e-02 1.184319915999999979e-02
5.749000000000000000e+03 5.750000000000000000e+03 1.432395223199999998e-02 1.195008177999999990e-02
5.750000000000000000e+03 5.751000000000000000e+03 1.133589902199999902e-02 7.372853600000000597e-03
5.751000000000000000e+03 5.752000000000000000e+03 8.129909400000000187e-04 3.813465320999999842e-03
5.752000000000000000e+03 5.753000000000000000e+03 7.968186510000000279e-04 2.452734914000000068e-03
5.753000000000000000e+03 5.754000000000000000e+03 3.369373499000000161e-02 2.469448539999999706e-02
5.754000000000000000e+03 5.755000000000000000e+03 6.271366003999999383e-02 2.074681832999999975e-02
5.755000000000000000e+03 5.756000000000000000e+03 4.153625962000000171e-02 1.852588684000000194e-02
5.756000000000000000e+03 5.757000000000000000e+03 2.390347657999999931e-02 1.684536647999999859e-02
5.757000000000000000e+03 5.758000000000000000e+03 5.176489505900000454e-02 1.764511468000000069e-02
5.758000000000000000e+03 5.759000000000000000e+03 2.946961156999999831e-02 1.517667745000000033e-02
5.759000000000000000e+03 5.760000000000000000e+03 6.846937739999999634e-03 1.222030965000000038e-02
5.760000000000000000e+03 5.761000000000000000e+03 1.572340264559999798e-02 1.079054473000000056e-02
5.761000000000000000e+03 5.762000000000000000e+03 1.675649004000000220e-02 7.359327250000000445e-03
5.762000000000000000e+03 5.763000000000000000e+03 3.702475212000000231e-03 4.428980489000000111e-03
5.763000000000000000e+03 5.764000000000000000e+03 2.503393680000000343e-03 3.910167437999999968e-03
5.764000000000000000e+03 5.765000000000000000e+03 4.364792823000000072e-02 2.477108847000000086e-02
5.765000000000000000e+03 5.766000000000000000e+03 1.340085754999999993e-03 2.211179813000000230e-02
5.766000000000000000e+03 5.767000000000000000e+03 4.216907999000000379e-02 2.124422164999999890e-02
5.767000000000000000e+03 5.768000000000000000e+03 3.295170643699999596e-02 1.739818288999999893e-02
5.768000000000000000e+03 5.769000000000000000e+03 2.892633845000000190e-02 1.378670396000000048e-02
5.769000000000000000e+03 5.770000000000000000e+03 2.363363661999999879e-02 1.482056045999999988e-02
5.770000000000000000e+03 5.771000000000000000e+03 1.463956651999999935e-02 1.125269847000000094e-02
5.771000000000000000e+03 5.772000000000000000e+03 1.183641003000000108e-02 9.093856400000000992e-03
5.772000000000000000e+03 5.773000000000000000e+03 2.890576117000000136e-03 6.783911799999999513e-03
5.773000000000000000e+03 5.774000000000000000e+03 1.888549841000000109e-03 4.747771310000000085e-03
5.774000000000000000e+03 5.775000000000000000e+03 -5.392893519999999823e-04 2.958890112000000031e-03
5.775000000000000000e+03 5.776000000000000000e+03 4.095034448000000465e-02 2.008914149999999760e-02
5.776000000000000000e+03 5.777000000000000000e+03 4.878398284999999751e-02 2.145047540999999933e-02
5.777000000000000000e+03 5.778000000000000000e+03 2.985279068999999869e-02 2.077097664999999829e-02
5.778000000000000000e+03 5.779000000000000000e+03 3.287034299700000023e-02 1.484095969999999973e-02
5.779000000000000000e+03 5.780000000000000000e+03 5.198601229999999691e-03 1.476742709000000014e-02
5.780000000000000000e+03 5.781000000000000000e+03 1.644963961500000085e-02 1.652264894999999970e-02
5.781000000000000000e+03 5.782000000000000000e+03 1.856254741600000049e-02 1.127247173999999970e-02
5.782000000000000000e+03 5.783000000000000000e+03 -1.271945228199999889e-02 9.995420619999998910e-03
5.783000000000000000e+03 5.784000000000000000e+03 -8.507919199999998405e-04 6.063099759999999311e-03
5.784000000000000000e+03 5.785000000000000000e+03 8.904210899999999082e-03 5.377192952999999484e-03
5.785000000000000000e+03 5.786000000000000000e+03 -2.969014140999999725e-03 3.060979220000000119e-03
5.786000000000000000e+03 5.787000000000000000e+03 4.978065482000000597e-02 2.604819414999999874e-02
5.787000000000000000e+03 5.788000000000000000e+03 6.814595910000000056e-05 2.246490912000000117e-02
5.788000000000000000e+03 5.789000000000000000e+03 3.136906783199999715e-02 1.943181172000000081e-02
5.789000000000000000e+03 5.790000000000000000e+03 6.487042333999999688e-02 1.851309001999999759e-02
5.790000000000000000e+03 5.791000000000000000e+03 3.385034097999999742e-02 1.592976194999999942e-02
5.791000000000000000e+03 5.792000000000000000e+03 9.466557479800000521e-03 1.196432244000000117e-02
5.792000000000000000e+03 5.793000000000000000e+03 -1.204183399999999811e-04 1.266281058999999855e-02
5.793000000000000000e+03 5.794000000000000000e+03 2.380641290000000063e-02 9.995113510000000479e-03
5.794000000000000000e+03 5.795000000000000000e+03 1.329476786999999986e-02 5.221825959999999885e-03
5.795000000000000000e+03 5.796000000000000000e+03 -6.170620789000000675e-03 4.524261386999999662e-03
5.796000000000000000e+03 5.797000000000000000e+03 8.123727665999998931e-03 3.310930122000000069e-03
5.797000000000000000e+03 5.798000000000000000e+03 3.351432507000000338e-02 1.997389184000000067e-02
5.798000000000000000e+03 5.799000000000000000e+03 7.357443076000000359e-02 2.050052306000000116e-02
5.799000000000000000e+03 5.800000000000000000e+03 4.656929184999999971e-02 1.962521998000000059e-02
5.800000000000000000e+03 5.801000000000000000e+03 2.152671461999999813e-02 1.734134250999999974e-02
5.801000000000000000e+03 5.802000000000000000e+03 3.098732642000000259e-02 1.423320265999999945e-02
5.802000000000000000e+03 5.803000000000000000e+03 1.157626960299999903e-02 1.210903600999999920e-02
5.803000000000000000e+03 5.804000000000000000e+03 4.690678784999999934e-02 1.173150800999999896e-02
5.804000000000000000e+03 5.805000000000000000e+03 8.026227880000000314e-03 9.613710810000000370e-03
5.805000000000000000e+03 5.806000000000000000e+03 -5.858904185999999972e-03 5.680972109999999839e-03
5.806000000000000000e+03 5.807000000000000000e+03 6.697166130000000404e-03 4.733218431000000420e-03
5.807000000000000000e+03 5.808000000000000000e+03 6.024835859999999252e-03 2.996209880000000065e-03
5.808000000000000000e+03 5.809000000000000000e+03 4.257738797999999908e-02 1.945532068999999975e-02
5.809000000000000000e+03 5.810000000000000000e+03 3.245192686000000076e-02 1.870488201999999725e-02
5.810000000000000000e+03 5.811000000000000000e+03 3.082573798999999753e-02 2.001840551000000010e-02
5.811000000000000000e+03 5.812000000000000000e+03 4.705492950999999591e-02 1.517164652999999919e-02
5.812000000000000000e+03 5.813000000000000000e+03 3.178436071000000085e-02 1.332873461999999933e-02
5.813000000000000000e+03 5.814000000000000000e+03 4.161198212099999350e-02 1.260135279999999997e-02
5.814000000000000000e+03 5.815000000000000000e+03 2.134915158999999994e-04 9.674328450000000204e-03
5.815000000000000000e+03 5.816000000000000000e+03 1.209300707399999864e-03 1.002843123999999989e-02
5.816000000000000000e+03 5.817000000000000000e+03 2.163105030000000116e-03 5.748634990000000243e-03
5.817000000000000000e+03 5.818000000000000000e+03 2.585873490000000028e-03 5.067437399999999426e-03
5.818000000000000000e+03 5.819000000000000000e+03 2.033297819999999967e-05 2.306797204000000240e-03
5.819000000000000000e+03 5.820000000000000000e+03 2.047054677199999784e-02 2.177632404000000299e-02
5.820000000000000000e+03 5.821000000000000000e+03 6.152722555000000176e-02 1.968798263000000326e-02
5.821000000000000000e+03 5.822000000000000000e+03 3.230113738000000428e-02 2.015478473000000340e-02
5.822000000000000000e+03 5.823000000000000000e+03 4.445978678999999711e-02 1.594615812000000146e-02
5.823000000000000000e+03 5.824000000000000000e+03 1.986660854899999912e-02 1.445830321000000050e-02
5.824000000000000000e+03 5.825000000000000000e+03 2.177394419999999914e-02 1.355484218000000025e-02
5.825000000000000000e+03 5.826000000000000000e+03 2.514666009999999997e-03 1.038463367000000068e-02
5.826000000000000000e+03 5.827000000000000000e+03 7.388483310000000005e-03 9.527744799999999722e-03
5.827000000000000000e+03 5.828000000000000000e+03 5.210360510000000165e-04 6.424410860000000223e-03
5.828000000000000000e+03 5.829000000000000000e+03 1.052711256000000116e-02 5.046838165000000313e-03
5.829000000000000000e+03 5.830000000000000000e+03 8.596503938000000936e-04 4.253462402999999212e-03
5.830000000000000000e+03 5.831000000000000000e+03 4.174127910000000052e-02 3.071022062999999996e-02
5.831000000000000000e+03 5.832000000000000000e+03 1.128692805000000056e-02 2.150944937000000279e-02
5.832000000000000000e+03 5.833000000000000000e+03 5.231250464000000017e-02 1.750023028000000092e-02
5.833000000000000000e+03 5.834000000000000000e+03 4.115529366999999550e-02 1.402382651999999931e-02
5.834000000000000000e+03 5.835000000000000000e+03 5.305770858999999534e-02 1.703936282999999816e-02
5.835000000000000000e+03 5.836000000000000000e+03 -5.422330510000000076e-03 1.015276109999999933e-02
5.836000000000000000e+03 5.837000000000000000e+03 2.561298950599999805e-02 1.084774595000000119e-02
5.837000000000000000e+03 5.838000000000000000e+03 1.453137942999999967e-02 8.938509750000000337e-03
5.838000000000000000e+03 5.839000000000000000e+03 1.409818724000000065e-02 6.661102000000000342e-03
5.839000000000000000e+03 5.840000000000000000e+03 9.054198569999999738e-03 5.350667029999999803e-03
5.840000000000000000e+03 5.841000000000000000e+03 -3.269774909999999864e-03 3.618629241999999843e-03
5.841000000000000000e+03 5.842000000000000000e+03 1.962329172999999899e-02 2.527397900999999933e-02
5.842000000000000000e+03 5.843000000000000000e+03 1.776341508999999819e-02 1.895989692999999754e-02
5.843000000000000000e+03 5.844000000000000000e+03 1.019052626000000079e-02 1.941467506000000079e-02
5.844000000000000000e+03 5.845000000000000000e+03 3.303234856999999469e-02 1.674499393999999766e-02
5.845000000000000000e+03 5.846000000000000000e+03 4.356906144000000092e-02 1.881984017999999842e-02
5.846000000000000000e+03 5.847000000000000000e+03 3.112369780000000166e-03 1.331217099999999938e-02
5.847000000000000000e+03 5.848000000000000000e+03 1.318605901999999903e-03 1.169772567000000076e-02
5.848000000000000000e+03 5.849000000000000000e+03 1.780608880999999880e-02 9.262541500000000608e-03
5.849000000000000000e+03 5.850000000000000000e+03 7.589149810000000128e-03 6.131788489999999772e-03
5.850000000000000000e+03 5.851000000000000000e+03 -1.948556486999999948e-03 4.624320384999999235e-03
5.851000000000000000e+03 5.852000000000000000e+03 6.838149370000000220e-03 3.412294561000000104e-03
5.852000000000000000e+03 5.853000000000000000e+03 4.580196316000000045e-02 1.934749114000000256e-02
5.853000000000000000e+03 5.854000000000000000e+03 6.222361054000000169e-02 2.389481423999999937e-02
5.854000000000000000e+03 5.855000000000000000e+03 2.688039524999999777e-02 1.549386707000000030e-02
5.855000000000000000e+03 5.856000000000000000e+03 4.506870655000000392e-02 1.434469124999999956e-02
5.856000000000000000e+03 5.857000000000000000e+03 1.221879389299999896e-02 1.352369072000000026e-02
5.857000000000000000e+03 5.858000000000000000e+03 5.584631698999999866e-02 1.320065271999999908e-02
5.858000000000000000e+03 5.859000000000000000e+03 1.827976615799999788e-02 9.095955829999998604e-03
5.859000000000000000e+03 5.860000000000000000e+03 -1.055779929999999932e-03 9.001314909999998809e-03
5.860000000000000000e+03 5.861000000000000000e+03 1.302623016999999994e-02 6.245310040000000285e-03
5.861000000000000000e+03 5.862000000000000000e+03 -4.127389760999999532e-03 4.842660270000000156e-03
5.862000000000000000e+03 5.863000000000000000e+03 -1.334573012000000091e-03 3.069403427000000090e-03
5.863000000000000000e+03 5.864000000000000000e+03 3.219020979000000032e-02 2.338351559000000079e-02
5.864000000000000000e+03 5.865000000000000000e+03 3.284748921000000405e-02 2.542561751999999897e-02
5.865000000000000000e+03 5.866000000000000000e+03 4.036714405999999866e-02 1.717735240000000177e-02
5.866000000000000000e+03 5.867000000000000000e+03 3.618683957699999482e-02 1.679506293999999747e-02
5.867000000000000000e+03 5.868000000000000000e+03 1.378297354099999872e-02 1.521725070999999964e-02
5.868000000000000000e+03 5.869000000000000000e+03 -4.654058380000000196e-03 1.346670018999999996e-02
5.869000000000000000e+03 5.870000000000000000e+03 2.084255397000000024e-02 9.819308330000000098e-03
5.870000000000000000e+03 5.871000000000000000e+03 7.322474859999998989e-04 1.001963373000000143e-02
5.871000000000000000e+03 5.872000000000000000e+03 1.169564401999999975e-02 6.720028799999999691e-03
5.872000000000000000e+03 5.873000000000000000e+03 -2.889589309800000023e-03 4.868177858000000482e-03
5.873000000000000000e+03 5.874000000000000000e+03 2.539195090999999804e-03 2.839322596999999809e-03
5.874000000000000000e+03 5.875000000000000000e+03 4.120224702999999988e-02 2.190728860999999889e-02
5.875000000000000000e+03 5.876000000000000000e+03 4.134250072999999526e-02 2.571043397000000175e-02
5.876000000000000000e+03 5.877000000000000000e+03 2.292689953200000019e-02 1.570595027999999865e-02
5.877000000000000000e+03 5.878000000000000000e+03 -1.558533697999999997e-03 1.482778817999999901e-02
5.878000000000000000e+03 5.879000000000000000e+03 1.437990189000000127e-02 1.510853812999999983e-02
5.879000000000000000e+03 5.880000000000000000e+03 3.032871311999999972e-02 1.142471460999999917e-02
5.880000000000000000e+03 5.881000000000000000e+03 1.247005361900000060e-02 1.119940595999999872e-02
5.881000000000000000e+03 5.882000000000000000e+03 1.758578045399999956e-02 9.458586659999998827e-03
5.882000000000000000e+03 5.883000000000000000e+03 1.120387413399999942e-02 6.850890540000000549e-03
5.883000000000000000e+03 5.884000000000000000e+03 1.508250440000000019e-03 3.866121194999999795e-03
5.884000000000000000e+03 5.885000000000000000e+03 -3.951305900000000207e-04 2.631280499000000338e-03
5.885000000000000000e+03 5.886000000000000000e+03 4.618375637999999617e-02 2.517647547000000097e-02
5.886000000000000000e+03 5.887000000000000000e+03 5.758338627999999570e-02 2.250913497000000055e-02
5.887000000000000000e+03 5.888000000000000000e+03 1.378242867000000101e-02 1.430814355000000100e-02
5.888000000000000000e+03 5.889000000000000000e+03 3.665661309000000506e-02 1.350546344000000051e-02
5.889000000000000000e+03 5.890000000000000000e+03 4.827122635000000161e-02 1.383508058000000075e-02
5.890000000000000000e+03 5.891000000000000000e+03 4.196683433000000102e-02 1.495590695000000026e-02
5.891000000000000000e+03 5.892000000000000000e+03 4.573657567999999535e-02 1.183207737000000100e-02
5.892000000000000000e+03 5.893000000000000000e+03 2.188814174499999904e-02 8.636551520000000648e-03
5.893000000000000000e+03 5.894000000000000000e+03 2.272277979999999618e-03 7.470547030000000005e-03
5.894000000000000000e+03 5.895000000000000000e+03 8.435602209999998671e-03 3.564715561999999907e-03
5.895000000000000000e+03 5.896000000000000000e+03 9.549949190000000393e-04 3.669220272000000161e-03
5.896000000000000000e+03 5.897000000000000000e+03 3.214668916999999931e-02 2.242271432999999939e-02
5.897000000000000000e+03 5.898000000000000000e+03 3.672027882000000049e-02 2.233007782999999954e-02
5.898000000000000000e+03 5.899000000000000000e+03 2.910126230200000066e-02 1.711514147999999846e-02
5.899000000000000000e+03 5.900000000000000000e+03 3.329252431999999567e-02 1.594748029999999706e-02
5.900000000000000000e+03 5.901000000000000000e+03 5.228476868999999694e-02 1.639852026000000046e-02
5.901000000000000000e+03 5.902000000000000000e+03 5.415944399999999929e-03 1.215715193000000034e-02
5.902000000000000000e+03 5.903000000000000000e+03 1.002413534500000078e-02 1.006157954999999972e-02
5.903000000000000000e+03 5.904000000000000000e+03 9.554913499999999468e-04 1.046670186000000016e-02
5.904000000000000000e+03 5.905000000000000000e+03 5.550204062000000174e-03 5.527379419999999856e-03
5.905000000000000000e+03 5.906000000000000000e+03 5.945452800499999996e-03 3.687248937999999896e-03
5.906000000000000000e+03 5.907000000000000000e+03 5.473380651999999909e-03 2.807900618000000025e-03
5.907000000000000000e+03 5.908000000000000000e+03 4.235653833000000562e-02 2.180532546000000030e-02
5.908000000000000000e+03 5.909000000000000000e+03 1.936633523000000009e-02 1.939928362999999989e-02
5.909000000000000000e+03 5.910000000000000000e+03 4.220473777000000037e-02 1.538115953999999973e-02
5.910000000000000000e+03 5.911000000000000000e+03 2.044274224400000062e-02 1.677813167999999897e-02
5.911000000000000000e+03 5.912000000000000000e+03 2.778488636000000025e-02 1.569619767000000193e-02
5.912000000000000000e+03 5.913000000000000000e+03 1.818884704300000044e-02 1.071917008999999886e-02
5.913000000000000000e+03 5.914000000000000000e+03 -9.290508120000000661e-03 1.032494804999999939e-02
5.914000000000000000e+03 5.915000000000000000e+03 2.594088841000000145e-02 1.047070399999999908e-02
5.915000000000000000e+03 5.916000000000000000e+03 6.816490682100000316e-03 5.912756669999999840e-03
5.916000000000000000e+03 5.917000000000000000e+03 -1.847990534000000127e-03 4.313642617999999609e-03
5.917000000000000000e+03 5.918000000000000000e+03 -2.368409247600000104e-03 1.703426700999999873e-03
5.918000000000000000e+03 5.919000000000000000e+03 1.602353430000000170e-03 1.912492422999999969e-02
5.919000000000000000e+03 5.920000000000000000e+03 6.905775136000000258e-02 2.207799727000000004e-02
5.920000000000000000e+03 5.921000000000000000e+03 4.494950533699999806e-02 1.730127784000000044e-02
5.921000000000000000e+03 5.922000000000000000e+03 4.408311253000000290e-02 1.546911404000000066e-02
5.922000000000000000e+03 5.923000000000000000e+03 4.620441601499999940e-02 1.414474513999999968e-02
5.923000000000000000e+03 5.924000000000000000e+03 4.711732115000000221e-02 1.246177244000000114e-02
5.924000000000000000e+03 5.925000000000000000e+03 1.953575251200000140e-02 8.800955239999999971e-03
5.925000000000000000e+03 5.926000000000000000e+03 1.819347385000000001e-03 7.875051500000000704e-03
5.926000000000000000e+03 5.927000000000000000e+03 1.070841998600000067e-02 5.665866710000000070e-03
5.927000000000000000e+03 5.928000000000000000e+03 3.517828179999999902e-03 4.756090638000000197e-03
5.928000000000000000e+03 5.929000000000000000e+03 -6.908662790000000622e-03 2.604054481999999986e-03
5.929000000000000000e+03 5.930000000000000000e+03 3.406565031000000077e-02 2.395444363000000243e-02
5.930000000000000000e+03 5.931000000000000000e+03 3.050701905899999913e-02 1.984757271999999795e-02
5.931000000000000000e+03 5.932000000000000000e+03 2.353399059999999876e-02 1.448710591000000082e-02
5.932000000000000000e+03 5.933000000000000000e+03 2.676942602999999796e-02 1.600757203000000017e-02
5.933000000000000000e+03 5.934000000000000000e+03 3.573839519000000103e-02 1.395155254000000032e-02
5.934000000000000000e+03 5.935000000000000000e+03 1.879909353999999894e-02 1.309906635000000069e-02
5.935000000000000000e+03 5.936000000000000000e+03 6.763023959999999585e-03 8.763166489999999961e-03
5.936000000000000000e+03 5.937000000000000000e+03 1.741520305999999865e-02 8.026389430000000977e-03
5.937000000000000000e+03 5.938000000000000000e+03 1.445744290999999987e-02 7.026823599999999954e-03
5.938000000000000000e+03 5.939000000000000000e+03 1.141964406700000066e-02 4.501772058000000007e-03
5.939000000000000000e+03 5.940000000000000000e+03 -1.871232427000000045e-03 2.618694657999999943e-03
5.940000000000000000e+03 5.941000000000000000e+03 3.553152254999999982e-02 1.759667283999999735e-02
5.941000000000000000e+03 5.942000000000000000e+03 3.660736460999999831e-02 1.927834267000000032e-02
5.942000000000000000e+03 5.943000000000000000e+03 6.255557049000000369e-02 1.532754242999999870e-02
5.943000000000000000e+03 5.944000000000000000e+03 4.307075987069999834e-02 1.548913149999999947e-02
5.944000000000000000e+03 5.945000000000000000e+03 3.620076406000000135e-02 1.546373135999999995e-02
5.945000000000000000e+03 5.946000000000000000e+03 3.021693796999999973e-02 1.084336194999999982e-02
5.946000000000000000e+03 5.947000000000000000e+03 5.802672919999999832e-03 9.453952330000001125e-03
5.947000000000000000e+03 5.948000000000000000e+03 2.341543511999999785e-02 9.173461370000000198e-03
5.948000000000000000e+03 5.949000000000000000e+03 1.162089217800000088e-02 6.842538070000000160e-03
5.949000000000000000e+03 5.950000000000000000e+03 9.210646920000000295e-04 3.726217709999999749e-03
5.950000000000000000e+03 5.951000000000000000e+03 -9.750345099999999164e-05 2.389900737000000015e-03
5.951000000000000000e+03 5.952000000000000000e+03 5.954080735000000235e-02 2.410869877999999994e-02
5.952000000000000000e+03 5.953000000000000000e+03 3.629467768999999899e-02 1.773793287000000052e-02
5.953000000000000000e+03 5.954000000000000000e+03 1.680097169499999987e-02 2.139989792999999821e-02
5.954000000000000000e+03 5.955000000000000000e+03 1.320704179000000041e-02 1.568885616000000038e-02
5.955000000000000000e+03 5.956000000000000000e+03 8.490624389999999744e-03 1.454943729999999893e-02
5.956000000000000000e+03 5.957000000000000000e+03 1.219869734200000090e-02 1.062256174000000136e-02
5.957000000000000000e+03 5.958000000000000000e+03 2.075613921999999723e-02 1.044033437000000016e-02
5.958000000000000000e+03 5.959000000000000000e+03 3.009928325000000085e-02 9.264900030000000272e-03
5.959000000000000000e+03 5.960000000000000000e+03 4.400481846000000447e-03 5.853129910000000151e-03
5.960000000000000000e+03 5.961000000000000000e+03 -1.641748475999999998e-03 3.535126938000000135e-03
5.961000000000000000e+03 5.962000000000000000e+03 1.443941299999999903e-03 2.966831885999999998e-03
5.962000000000000000e+03 5.963000000000000000e+03 1.491665541000000011e-02 2.599756459000000103e-02
5.963000000000000000e+03 5.964000000000000000e+03 5.588173711000000293e-02 1.776198871999999998e-02
5.964000000000000000e+03 5.965000000000000000e+03 2.742774765599999970e-02 1.534956292999999951e-02
5.965000000000000000e+03 5.966000000000000000e+03 4.322477345000000359e-02 1.468776771000000064e-02
5.966000000000000000e+03 5.967000000000000000e+03 4.746895519999999764e-03 1.738114621999999748e-02
5.967000000000000000e+03 5.968000000000000000e+03 3.596213008999999978e-03 1.323613477999999871e-02
5.968000000000000000e+03 5.969000000000000000e+03 1.720472437100000265e-02 1.017480586999999943e-02
5.969000000000000000e+03 5.970000000000000000e+03 -4.874783089999999361e-03 8.080393119999999471e-03
5.970000000000000000e+03 5.971000000000000000e+03 1.048202875999999957e-02 6.084007900000000524e-03
5.971000000000000000e+03 5.972000000000000000e+03 -9.474625299999999588e-05 4.294909147999999809e-03
5.972000000000000000e+03 5.973000000000000000e+03 -2.538159750000000157e-04 2.770133274999999912e-03
5.973000000000000000e+03 5.974000000000000000e+03 5.122359146000000224e-02 2.054393979000000009e-02
5.974000000000000000e+03 5.975000000000000000e+03 2.037573847569999763e-02 1.608932377999999774e-02
5.975000000000000000e+03 5.976000000000000000e+03 1.578443698999999756e-02 1.689234170000000063e-02
5.976000000000000000e+03 5.977000000000000000e+03 2.998703190999999976e-02 1.640579531000000216e-02
5.977000000000000000e+03 5.978000000000000000e+03 1.509760657999999894e-02 1.375533435000000047e-02
5.978000000000000000e+03 5.979000000000000000e+03 9.489435780000001278e-03 1.381282934999999990e-02
5.979000000000000000e+03 5.980000000000000000e+03 1.945256612999999787e-02 1.029299250000000054e-02
5.980000000000000000e+03 5.981000000000000000e+03 1.111270349000000046e-02 8.388887930000000007e-03
5.981000000000000000e+03 5.982000000000000000e+03 8.881284967999999308e-03 5.326757709999999438e-03
5.982000000000000000e+03 5.983000000000000000e+03 1.190612866099999972e-02 4.335398863999999873e-03
5.983000000000000000e+03 5.984000000000000000e+03 6.619178733999999537e-03 3.628204018000000253e-03
5.984000000000000000e+03 5.985000000000000000e+03 4.433149733999999786e-02 2.142896631999999940e-02
5.985000000000000000e+03 5.986000000000000000e+03 5.098743392999999929e-02 2.109497360000000057e-02
5.986000000000000000e+03 5.987000000000000000e+03 5.245317833000000263e-02 1.494069683999999995e-02
5.987000000000000000e+03 5.988000000000000000e+03 1.787967803000000203e-02 1.592992078999999964e-02
5.988000000000000000e+03 5.989000000000000000e+03 2.659148286000000139e-02 1.404603096999999974e-02
5.989000000000000000e+03 5.990000000000000000e+03 2.558955771999999948e-02 1.101533069000000011e-02
5.990000000000000000e+03 5.991000000000000000e+03 9.271602150000000583e-03 9.670750829999999812e-03
5.991000000000000000e+03 5.992000000000000000e+03 9.679758500000001584e-03 8.258619249999999898e-03
5.992000000000000000e+03 5.993000000000000000e+03 2.916234510000000318e-03 5.190375019999999597e-03
5.993000000000000000e+03 5.994000000000000000e+03 4.099748830000000434e-03 3.649272899000000157e-03
5.994000000000000000e+03 5.995000000000000000e+03 -7.386681632999999832e-04 1.664265238999999971e-03
5.995000000000000000e+03 5.996000000000000000e+03 4.099463535400000441e-02 1.977071982999999838e-02
5.996000000000000000e+03 5.997000000000000000e+03 4.667092791000000164e-03 2.029033254000000078e-02
5.997000000000000000e+03 5.998000000000000000e+03 -1.439576010999999919e-02 1.858488934000000065e-02
5.998000000000000000e+03 5.999000000000000000e+03 4.524239355999999657e-02 1.625357483999999991e-02
5.999000000000000000e+03 6.000000000000000000e+03 9.404643639999999902e-03 1.379328015999999914e-02
6.000000000000000000e+03 6.001000000000000000e+03 2.425985719000000110e-02 1.231564731999999947e-02
6.001000000000000000e+03 6.002000000000000000e+03 3.999551036999999913e-03 8.544900590000001350e-03
6.002000000000000000e+03 6.003000000000000000e+03 2.636238561000000050e-02 8.961172280000000503e-03
6.003000000000000000e+03 6.004000000000000000e+03 1.341771702000000080e-02 6.097572109999999448e-03
6.004000000000000000e+03 6.005000000000000000e+03 7.822271957999999206e-03 4.494843179999999383e-03
6.005000000000000000e+03 6.006000000000000000e+03 1.199143094000000012e-03 3.016388559999999986e-03
6.006000000000000000e+03 6.007000000000000000e+03 3.366203946000000113e-02 1.794891787000000086e-02
6.007000000000000000e+03 6.008000000000000000e+03 -2.018982919999999862e-02 2.209384975999999917e-02
6.008000000000000000e+03 6.009000000000000000e+03 4.839405558000000468e-02 2.092879573000000146e-02
6.009000000000000000e+03 6.010000000000000000e+03 2.951391398999999791e-02 1.298400350000000064e-02
6.010000000000000000e+03 6.011000000000000000e+03 3.470885472000000138e-02 1.140194636999999900e-02
6.011000000000000000e+03 6.012000000000000000e+03 1.510274410000000088e-02 1.124139832000000012e-02
6.012000000000000000e+03 6.013000000000000000e+03 2.586065450099999871e-02 1.003246099000000037e-02
6.013000000000000000e+03 6.014000000000000000e+03 1.357012370999999967e-02 8.018265530000000599e-03
6.014000000000000000e+03 6.015000000000000000e+03 7.194310490000000412e-03 5.253679370000000071e-03
6.015000000000000000e+03 6.016000000000000000e+03 -2.847303209999999841e-04 3.696457725000000354e-03
6.016000000000000000e+03 6.017000000000000000e+03 1.264095147000000082e-03 2.653666368000000102e-03
6.017000000000000000e+03 6.018000000000000000e+03 4.566817492999999950e-02 1.976483803000000233e-02
6.018000000000000000e+03 6.019000000000000000e+03 5.765202636999999797e-02 1.926870795000000178e-02
6.019000000000000000e+03 6.020000000000000000e+03 -1.034526924199999885e-02 1.725390745000000142e-02
6.020000000000000000e+03 6.021000000000000000e+03 3.160788120199999746e-02 1.662843021000000310e-02
6.021000000000000000e+03 6.022000000000000000e+03 1.569888601900000166e-02 1.305134965000000029e-02
6.022000000000000000e+03 6.023000000000000000e+03 1.509571862599999939e-02 1.108725596000000035e-02
6.023000000000000000e+03 6.024000000000000000e+03 3.356584880000000083e-03 9.265852909999998735e-03
6.024000000000000000e+03 6.025000000000000000e+03 6.984972631000000397e-03 7.268070009999999699e-03
6.025000000000000000e+03 6.026000000000000000e+03 7.744187830000000619e-03 6.473279480000000002e-03
6.026000000000000000e+03 6.027000000000000000e+03 6.058017599999999947e-03 3.598237264000000036e-03
6.027000000000000000e+03 6.028000000000000000e+03 -1.832304731999999988e-03 2.975797659999999609e-03
6.028000000000000000e+03 6.029000000000000000e+03 3.039707190000000107e-03 2.076902681000000056e-02
6.029000000000000000e+03 6.030000000000000000e+03 3.396077930000000137e-03 1.923749465999999991e-02
6.030000000000000000e+03 6.031000000000000000e+03 3.554222821999999948e-02 1.581016560999999945e-02
6.031000000000000000e+03 6.032000000000000000e+03 1.965364039099999974e-02 1.388251882000000013e-02
6.032000000000000000e+03 6.033000000000000000e+03 2.640690420999999843e-02 1.333605519999999864e-02
6.033000000000000000e+03 6.034000000000000000e+03 2.233048294000000017e-02 1.366729297000000148e-02
6.034000000000000000e+03 6.035000000000000000e+03 8.056258250000000037e-03 1.076084575999999848e-02
6.035000000000000000e+03 6.036000000000000000e+03 1.289348392999999961e-02 7.731431909999999380e-03
6.036000000000000000e+03 6.037000000000000000e+03 1.619207481999999920e-02 6.944650289999999837e-03
6.037000000000000000e+03 6.038000000000000000e+03 -5.900038419999999867e-03 4.011424159000000211e-03
6.038000000000000000e+03 6.039000000000000000e+03 -9.946117751000000881e-04 2.505148287000000164e-03
6.039000000000000000e+03 6.040000000000000000e+03 5.954780697000000567e-02 1.853838362999999864e-02
6.040000000000000000e+03 6.041000000000000000e+03 4.411829784000000088e-02 1.900331646999999999e-02
6.041000000000000000e+03 6.042000000000000000e+03 3.593352841199999592e-02 2.034886212000000180e-02
6.042000000000000000e+03 6.043000000000000000e+03 2.802145150000000251e-02 1.633662786999999852e-02
6.043000000000000000e+03 6.044000000000000000e+03 1.020535907000000124e-02 1.410476846999999916e-02
6.044000000000000000e+03 6.045000000000000000e+03 2.619348268000000132e-02 1.169183596999999984e-02
6.045000000000000000e+03 6.046000000000000000e+03 2.103280089999999894e-02 1.053050634000000062e-02
6.046000000000000000e+03 6.047000000000000000e+03 1.798010283500000098e-02 8.017194990000000437e-03
6.047000000000000000e+03 6.048000000000000000e+03 5.272859394000000560e-03 5.542707729999999701e-03
6.048000000000000000e+03 6.049000000000000000e+03 -1.158266888000000164e-03 3.291646451000000001e-03
6.049000000000000000e+03 6.050000000000000000e+03 -9.653478820000000252e-04 2.234452060999999809e-03
6.050000000000000000e+03 6.051000000000000000e+03 -4.765194920000000167e-03 1.811597203000000003e-02
6.051000000000000000e+03 6.052000000000000000e+03 4.623010202999999763e-02 1.938548478000000005e-02
6.052000000000000000e+03 6.053000000000000000e+03 2.184866485000000122e-02 1.751389788999999780e-02
6.053000000000000000e+03 6.054000000000000000e+03 4.301185281000000082e-02 1.385653492000000001e-02
6.054000000000000000e+03 6.055000000000000000e+03 9.554569520000000260e-03 1.179439174999999916e-02
6.055000000000000000e+03 6.056000000000000000e+03 1.533612808999999973e-02 9.435527419999999166e-03
6.056000000000000000e+03 6.057000000000000000e+03 2.540149155999999950e-02 9.580120719999999854e-03
6.057000000000000000e+03 6.058000000000000000e+03 1.642024804100000041e-02 8.148224399999999187e-03
6.058000000000000000e+03 6.059000000000000000e+03 9.495206061999999711e-03 5.134540650000000810e-03
6.059000000000000000e+03 6.060000000000000000e+03 1.391787171200000069e-02 3.873894671000000043e-03
6.060000000000000000e+03 6.061000000000000000e+03 -9.717191957499999883e-04 2.349310692999999686e-03
6.061000000000000000e+03 6.062000000000000000e+03 6.176287211999999943e-02 2.044180373000000286e-02
6.062000000000000000e+03 6.063000000000000000e+03 8.669602409999999440e-03 1.766460064999999732e-02
6.063000000000000000e+03 6.064000000000000000e+03 2.156112821999999971e-02 1.728936682999999974e-02
6.064000000000000000e+03 6.065000000000000000e+03 1.852853284000000045e-02 1.448441337000000093e-02
6.065000000000000000e+03 6.066000000000000000e+03 1.120542539999999990e-02 1.685136708999999955e-02
6.066000000000000000e+03 6.067000000000000000e+03 1.631370399600000007e-02 9.856618329999998832e-03
6.067000000000000000e+03 6.068000000000000000e+03 2.036515980000000101e-02 1.184642427000000102e-02
6.068000000000000000e+03 6.069000000000000000e+03 3.506980244000000146e-03 6.778626399999999538e-03
6.069000000000000000e+03 6.070000000000000000e+03 1.144702983099999891e-02 6.113631579999999864e-03
6.070000000000000000e+03 6.071000000000000000e+03 4.153266580000000360e-03 4.746183611999999462e-03
6.071000000000000000e+03 6.072000000000000000e+03 3.286694695999999982e-03 2.499137659000000202e-03
6.072000000000000000e+03 6.073000000000000000e+03 4.809840825999999597e-02 2.508707833999999914e-02
6.073000000000000000e+03 6.074000000000000000e+03 3.586905762999999941e-02 1.846248822000000345e-02
6.074000000000000000e+03 6.075000000000000000e+03 7.567208238000000531e-02 1.768815181000000028e-02
6.075000000000000000e+03 6.076000000000000000e+03 5.265558367699999659e-02 1.393196410000000114e-02
6.076000000000000000e+03 6.077000000000000000e+03 1.376145135000000040e-02 1.611493107000000133e-02
6.077000000000000000e+03 6.078000000000000000e+03 2.741573863999999944e-02 1.080346649000000006e-02
6.078000000000000000e+03 6.079000000000000000e+03 2.646459921999999923e-02 1.086506708000000050e-02
6.079000000000000000e+03 6.080000000000000000e+03 1.359039291000000045e-02 7.374227930000000313e-03
6.080000000000000000e+03 6.081000000000000000e+03 1.188751462100000019e-03 5.384437109999999291e-03
6.081000000000000000e+03 6.082000000000000000e+03 7.680560910999999734e-03 5.042462669000000522e-03
6.082000000000000000e+03 6.083000000000000000e+03 1.996759890999999770e-03 2.107749844000000004e-03
6.083000000000000000e+03 6.084000000000000000e+03 2.052109602200000160e-02 2.141054642999999993e-02
6.084000000000000000e+03 6.085000000000000000e+03 7.739914779999999828e-02 1.859638388999999836e-02
6.085000000000000000e+03 6.086000000000000000e+03 1.845202816999999898e-02 1.869260085000000113e-02
6.086000000000000000e+03 6.087000000000000000e+03 2.469880284000000245e-02 1.408016104000000060e-02
6.087000000000000000e+03 6.088000000000000000e+03 7.147151090000000533e-03 1.405335204000000143e-02
6.088000000000000000e+03 6.089000000000000000e+03 1.988050952999999982e-02 1.266913104999999908e-02
6.089000000000000000e+03 6.090000000000000000e+03 1.114273156999999979e-02 9.880257919999999722e-03
6.090000000000000000e+03 6.091000000000000000e+03 7.203915909999999805e-03 7.789938960000000225e-03
6.091000000000000000e+03 6.092000000000000000e+03 9.669412610000000657e-03 6.267469189999999579e-03
6.092000000000000000e+03 6.093000000000000000e+03 1.249664419999999996e-03 3.194593671000000266e-03
6.093000000000000000e+03 6.094000000000000000e+03 -1.411929168000000115e-03 1.882602530999999977e-03
6.094000000000000000e+03 6.095000000000000000e+03 1.831274972000000029e-02 1.601522396999999903e-02
6.095000000000000000e+03 6.096000000000000000e+03 3.060662558000000130e-02 1.747404563000000063e-02
6.096000000000000000e+03 6.097000000000000000e+03 1.888572719900000196e-02 1.780827084000000116e-02
6.097000000000000000e+03 6.098000000000000000e+03 2.114053505100000133e-02 1.259077804999999932e-02
6.098000000000000000e+03 6.099000000000000000e+03 3.107183808000000061e-02 1.396031407000000030e-02
6.099000000000000000e+03 6.100000000000000000e+03 2.142520496900000154e-02 1.115709686000000006e-02
6.100000000000000000e+03 6.101000000000000000e+03 9.272195236999999923e-03 1.027394732999999984e-02
6.101000000000000000e+03 6.102000000000000000e+03 1.425849099500000119e-02 7.306970920000000098e-03
6.102000000000000000e+03 6.103000000000000000e+03 1.671995053099999823e-02 5.781538799999999534e-03
6.103000000000000000e+03 6.104000000000000000e+03 -8.991435619999999570e-04 3.036350596999999943e-03
6.104000000000000000e+03 6.105000000000000000e+03 4.084048759070000277e-03 2.497796503999999765e-03
6.105000000000000000e+03 6.106000000000000000e+03 1.934819637879999984e-02 1.896154649000000164e-02
6.106000000000000000e+03 6.107000000000000000e+03 4.705566312000000057e-02 1.743245371000000030e-02
6.107000000000000000e+03 6.108000000000000000e+03 3.570327175000000131e-02 2.427575597000000002e-02
6.108000000000000000e+03 6.109000000000000000e+03 2.717856437800000163e-02 1.462853929000000087e-02
6.109000000000000000e+03 6.110000000000000000e+03 1.825518490000000230e-02 1.253211461999999971e-02
6.110000000000000000e+03 6.111000000000000000e+03 1.776851281999999865e-02 9.412936900000000093e-03
6.111000000000000000e+03 6.112000000000000000e+03 4.642981830000000171e-03 1.106724016999999921e-02
6.112000000000000000e+03 6.113000000000000000e+03 1.676735056900000020e-02 6.662385290000000411e-03
6.113000000000000000e+03 6.114000000000000000e+03 9.665502657999999400e-03 6.236304619999999931e-03
6.114000000000000000e+03 6.115000000000000000e+03 3.010088670000000098e-03 3.688715757999999970e-03
6.115000000000000000e+03 6.116000000000000000e+03 -6.326030564000000413e-04 2.471347379000000261e-03
6.116000000000000000e+03 6.117000000000000000e+03 2.901590300999999997e-02 1.835910238999999972e-02
6.117000000000000000e+03 6.118000000000000000e+03 3.446437967500000366e-02 1.672376765999999959e-02
6.118000000000000000e+03 6.119000000000000000e+03 3.680063672999999563e-02 2.189054081999999846e-02
6.119000000000000000e+03 6.120000000000000000e+03 2.273031942700000016e-02 1.290419412999999939e-02
6.120000000000000000e+03 6.121000000000000000e+03 2.283352587600000205e-02 1.207252238000000068e-02
6.121000000000000000e+03 6.122000000000000000e+03 -4.545877680000000136e-03 1.001780694999999943e-02
6.122000000000000000e+03 6.123000000000000000e+03 2.796372541999999836e-02 9.789062289999999125e-03
6.123000000000000000e+03 6.124000000000000000e+03 5.073936190999999915e-03 5.527257550000000234e-03
6.124000000000000000e+03 6.125000000000000000e+03 -1.800837169999999982e-03 5.696945939999999847e-03
6.125000000000000000e+03 6.126000000000000000e+03 7.009545959500000124e-03 4.161194841999999242e-03
6.126000000000000000e+03 6.127000000000000000e+03 1.467146129999999816e-03 1.974835027999999760e-03
6.127000000000000000e+03 6.128000000000000000e+03 1.658185925800000071e-02 1.887732958999999849e-02
6.128000000000000000e+03 6.129000000000000000e+03 3.029553642999999880e-02 1.594259367999999871e-02
6.129000000000000000e+03 6.130000000000000000e+03 6.460611879999999738e-03 1.618830639999999793e-02
6.130000000000000000e+03 6.131000000000000000e+03 3.849168952899999913e-02 1.325311527999999996e-02
6.131000000000000000e+03 6.132000000000000000e+03 2.071138884699999863e-02 1.434191809999999997e-02
6.132000000000000000e+03 6.133000000000000000e+03 7.884517900000000482e-03 1.165340805999999854e-02
6.133000000000000000e+03 6.134000000000000000e+03 7.099369680000000224e-04 8.976767890000000860e-03
6.134000000000000000e+03 6.135000000000000000e+03 9.196185429999999966e-03 6.494727100000000086e-03
6.135000000000000000e+03 6.136000000000000000e+03 2.076779828999999675e-03 5.143012110000000185e-03
6.136000000000000000e+03 6.137000000000000000e+03 8.167574730699999133e-03 4.358646082999999977e-03
6.137000000000000000e+03 6.138000000000000000e+03 -7.725643901000000440e-04 2.170822671000000124e-03
6.138000000000000000e+03 6.139000000000000000e+03 2.666150760999999939e-02 1.637288035999999794e-02
6.139000000000000000e+03 6.140000000000000000e+03 1.493478883100000064e-02 1.898317325999999972e-02
6.140000000000000000e+03 6.141000000000000000e+03 5.237870370000000109e-02 1.591996851999999754e-02
6.141000000000000000e+03 6.142000000000000000e+03 4.118767247999999964e-02 1.409064983000000125e-02
6.142000000000000000e+03 6.143000000000000000e+03 2.979040185999999937e-02 1.220469442000000036e-02
6.143000000000000000e+03 6.144000000000000000e+03 3.853735183000000369e-02 1.177977093999999988e-02
6.144000000000000000e+03 6.145000000000000000e+03 1.784534785999999928e-02 8.916778170000000392e-03
6.145000000000000000e+03 6.146000000000000000e+03 1.428663110999999972e-02 7.384732140000000063e-03
6.146000000000000000e+03 6.147000000000000000e+03 2.883488688000000310e-03 4.690997679999999587e-03
6.147000000000000000e+03 6.148000000000000000e+03 1.678892586200000188e-03 3.251869276999999874e-03
6.148000000000000000e+03 6.149000000000000000e+03 1.177832989999999915e-03 2.130107503000000166e-03
6.149000000000000000e+03 6.150000000000000000e+03 2.008658048999999862e-02 1.660634948000000097e-02
6.150000000000000000e+03 6.151000000000000000e+03 1.881286220999999967e-02 1.460145682000000070e-02
6.151000000000000000e+03 6.152000000000000000e+03 1.525301577000000124e-02 1.589222629000000206e-02
6.152000000000000000e+03 6.153000000000000000e+03 2.342539500370000027e-02 1.411827987000000006e-02
6.153000000000000000e+03 6.154000000000000000e+03 4.004766104000000160e-02 1.063592371999999911e-02
6.154000000000000000e+03 6.155000000000000000e+03 9.950214790999998768e-03 1.681054962000000028e-02
6.155000000000000000e+03 6.156000000000000000e+03 1.556737216999999965e-02 1.109471727000000026e-02
6.156000000000000000e+03 6.157000000000000000e+03 5.776286763000000254e-03 7.721167149999999535e-03
6.157000000000000000e+03 6.158000000000000000e+03 6.006875740000000574e-03 5.243253028000000558e-03
6.158000000000000000e+03 6.159000000000000000e+03 1.340791200000000100e-03 3.608116953999999845e-03
6.159000000000000000e+03 6.160000000000000000e+03 4.188600697999999602e-03 2.675109608999999902e-03
6.160000000000000000e+03 6.161000000000000000e+03 5.630799687000000164e-02 1.544327387000000128e-02
6.161000000000000000e+03 6.162000000000000000e+03 4.333686622999999988e-02 1.386135579000000000e-02
6.162000000000000000e+03 6.163000000000000000e+03 1.618579174699999804e-02 1.500628388999999951e-02
6.163000000000000000e+03 6.164000000000000000e+03 1.420667934999999930e-02 1.429838995000000043e-02
6.164000000000000000e+03 6.165000000000000000e+03 2.856984257000000013e-02 1.402677958999999988e-02
6.165000000000000000e+03 6.166000000000000000e+03 1.645279779000000109e-02 9.004891769999998768e-03
6.166000000000000000e+03 6.167000000000000000e+03 6.680526976000000436e-03 9.288959169999999599e-03
6.167000000000000000e+03 6.168000000000000000e+03 9.532115380000000943e-03 6.769633179999999875e-03
6.168000000000000000e+03 6.169000000000000000e+03 1.081272711100000027e-02 6.166396030000000084e-03
6.169000000000000000e+03 6.170000000000000000e+03 4.950026117999999260e-03 3.692363706999999932e-03
6.170000000000000000e+03 6.171000000000000000e+03 8.809176300000001346e-04 2.622950669000000123e-03
6.171000000000000000e+03 6.172000000000000000e+03 3.957242467000000180e-02 1.620046324000000079e-02
6.172000000000000000e+03 6.173000000000000000e+03 9.787755944000000111e-03 1.470815508999999931e-02
6.173000000000000000e+03 6.174000000000000000e+03 2.442715083999999828e-02 1.359759509000000102e-02
6.174000000000000000e+03 6.175000000000000000e+03 1.332739395000000042e-02 1.447111882999999911e-02
6.175000000000000000e+03 6.176000000000000000e+03 3.350612351150000084e-02 1.226046387000000008e-02
6.176000000000000000e+03 6.177000000000000000e+03 1.249620708999999927e-02 1.210238607999999938e-02
6.177000000000000000e+03 6.178000000000000000e+03 3.527324932600000434e-02 9.048136610000000191e-03
6.178000000000000000e+03 6.179000000000000000e+03 1.005982228000000013e-02 7.082030869999999569e-03
6.179000000000000000e+03 6.180000000000000000e+03 4.225483767100000204e-03 5.303395350000000147e-03
6.180000000000000000e+03 6.181000000000000000e+03 2.103463623999999969e-03 4.003970310000000421e-03
6.181000000000000000e+03 6.182000000000000000e+03 6.035449235999999947e-03 2.891139774999999974e-03
6.182000000000000000e+03 6.183000000000000000e+03 3.204155768000000598e-02 1.479301084999999974e-02
6.183000000000000000e+03 6.184000000000000000e+03 3.804327530999999929e-02 1.599137985000000095e-02
6.184000000000000000e+03 6.185000000000000000e+03 1.896982573999999797e-02 1.371502628999999966e-02
6.185000000000000000e+03 6.186000000000000000e+03 2.001911705000000014e-02 1.399979289000000127e-02
6.186000000000000000e+03 6.187000000000000000e+03 2.728206520000000038e-03 1.199798520999999923e-02
6.187000000000000000e+03 6.188000000000000000e+03 8.422644239000000310e-03 1.130265211000000027e-02
6.188000000000000000e+03 6.189000000000000000e+03 -1.285068533000000143e-03 8.815820499999999990e-03
6.189000000000000000e+03 6.190000000000000000e+03 9.080932999999998933e-04 6.505923339999999770e-03
6.190000000000000000e+03 6.191000000000000000e+03 6.466505514000000544e-03 4.889081426000000015e-03
6.191000000000000000e+03 6.192000000000000000e+03 2.560029578999999979e-03 3.781618320000000068e-03
6.192000000000000000e+03 6.193000000000000000e+03 -1.909325179999999775e-05 1.804186270999999942e-03
6.193000000000000000e+03 6.194000000000000000e+03 -1.576168497999999932e-02 1.899207722999999778e-02
6.194000000000000000e+03 6.195000000000000000e+03 5.678043531000000199e-02 1.455624224000000126e-02
6.195000000000000000e+03 6.196000000000000000e+03 4.429082002400000495e-02 1.663270373000000010e-02
6.196000000000000000e+03 6.197000000000000000e+03 3.437253787999999810e-02 1.392265259000000088e-02
6.197000000000000000e+03 6.198000000000000000e+03 2.232040362999999916e-02 1.325205722000000023e-02
6.198000000000000000e+03 6.199000000000000000e+03 4.188905081999999558e-02 1.258550363000000144e-02
6.199000000000000000e+03 6.200000000000000000e+03 1.758177902000000042e-02 1.104971057999999846e-02
6.200000000000000000e+03 6.201000000000000000e+03 9.243011249999998763e-03 8.924264549999999865e-03
6.201000000000000000e+03 6.202000000000000000e+03 1.033188940000000135e-03 5.469493740000000263e-03
6.202000000000000000e+03 6.203000000000000000e+03 -6.192831556999999279e-03 3.154193980999999997e-03
6.203000000000000000e+03 6.204000000000000000e+03 -1.359279695999999951e-03 9.266600409999999934e-04
6.204000000000000000e+03 6.205000000000000000e+03 1.774058855300000154e-02 1.595515751999999898e-02
6.205000000000000000e+03 6.206000000000000000e+03 2.470192606000000055e-02 1.405256920000000007e-02
6.206000000000000000e+03 6.207000000000000000e+03 3.452359161000000121e-02 1.357363016999999991e-02
6.207000000000000000e+03 6.208000000000000000e+03 1.789551793399999854e-02 1.229680967000000048e-02
6.208000000000000000e+03 6.209000000000000000e+03 2.492221538299999734e-02 1.258759480000000083e-02
6.209000000000000000e+03 6.210000000000000000e+03 1.639576532000000184e-02 1.063845134000000053e-02
6.210000000000000000e+03 6.211000000000000000e+03 1.700169764000000056e-02 8.227418070000000819e-03
6.211000000000000000e+03 6.212000000000000000e+03 -1.864955359999999817e-03 5.594956740000000400e-03
6.212000000000000000e+03 6.213000000000000000e+03 1.109511570500000023e-02 4.613764670000000158e-03
6.213000000000000000e+03 6.214000000000000000e+03 9.060747250000001241e-04 4.223332974000000226e-03
6.214000000000000000e+03 6.215000000000000000e+03 8.924346009999999845e-04 1.835325913000000102e-03
6.215000000000000000e+03 6.216000000000000000e+03 1.277396308000000071e-02 1.528071037000000056e-02
6.216000000000000000e+03 6.217000000000000000e+03 5.611604627999999817e-02 1.679315445000000018e-02
6.217000000000000000e+03 6.218000000000000000e+03 3.444647581100000050e-02 1.617368574999999975e-02
6.218000000000000000e+03 6.219000000000000000e+03 4.451144149999999855e-02 1.395552471000000017e-02
6.219000000000000000e+03 6.220000000000000000e+03 3.978129306199999771e-02 9.731317760000000178e-03
6.220000000000000000e+03 6.221000000000000000e+03 2.658262435000000035e-02 1.170771721000000119e-02
6.221000000000000000e+03 6.222000000000000000e+03 -7.581242729999999874e-04 9.493929879999999863e-03
6.222000000000000000e+03 6.223000000000000000e+03 3.591817069999999907e-03 6.264136909999999843e-03
6.223000000000000000e+03 6.224000000000000000e+03 4.566248354000000502e-03 4.093280409999999585e-03
6.224000000000000000e+03 6.225000000000000000e+03 3.941180374299999706e-03 3.348616002999999994e-03
6.225000000000000000e+03 6.226000000000000000e+03 2.026132378599999808e-03 2.589903573000000049e-03
6.226000000000000000e+03 6.227000000000000000e+03 4.694166660400000274e-02 1.628266282000000176e-02
6.227000000000000000e+03 6.228000000000000000e+03 2.193300009999999897e-02 1.694192656999999810e-02
6.228000000000000000e+03 6.229000000000000000e+03 2.253222983200000099e-02 1.531529950000000070e-02
6.229000000000000000e+03 6.230000000000000000e+03 1.036366731399999963e-02 1.188503683000000088e-02
6.230000000000000000e+03 6.231000000000000000e+03 2.893668970999999784e-02 1.194114447999999884e-02
6.231000000000000000e+03 6.232000000000000000e+03 5.510495870000000664e-03 1.020593940999999991e-02
6.232000000000000000e+03 6.233000000000000000e+03 5.396387320000000341e-03 8.173009979999999730e-03
6.233000000000000000e+03 6.234000000000000000e+03 1.384689167999999908e-02 6.668694969999999778e-03
6.234000000000000000e+03 6.235000000000000000e+03 9.979465633000001237e-03 4.070565747999999560e-03
6.235000000000000000e+03 6.236000000000000000e+03 -5.788321542000000354e-04 3.504519160000000005e-03
6.236000000000000000e+03 6.237000000000000000e+03 1.459134770999999907e-03 2.564736174999999920e-03
6.237000000000000000e+03 6.238000000000000000e+03 6.744780796999999550e-02 1.751243748000000031e-02
6.238000000000000000e+03 6.239000000000000000e+03 2.483327000999999840e-02 1.449941457000000072e-02
6.239000000000000000e+03 6.240000000000000000e+03 2.840561479999999944e-03 1.431697288000000068e-02
6.240000000000000000e+03 6.241000000000000000e+03 1.805741963999999908e-02 1.132725538000000157e-02
6.241000000000000000e+03 6.242000000000000000e+03 6.582646509999999854e-03 1.268057885999999967e-02
6.242000000000000000e+03 6.243000000000000000e+03 4.045047115000000026e-02 1.215003058000000032e-02
6.243000000000000000e+03 6.244000000000000000e+03 1.153128134399999949e-02 8.322653710000000801e-03
6.244000000000000000e+03 6.245000000000000000e+03 1.150277128299999861e-02 6.211451679999999663e-03
6.245000000000000000e+03 6.246000000000000000e+03 3.995017960000000513e-03 2.934450247000000220e-03
6.246000000000000000e+03 6.247000000000000000e+03 4.201119741999999324e-03 2.805839289000000222e-03
6.247000000000000000e+03 6.248000000000000000e+03 -8.678077309999999598e-04 2.049387317000000205e-03
6.248000000000000000e+03 6.249000000000000000e+03 1.988139372000000127e-02 1.697551458999999735e-02
6.249000000000000000e+03 6.250000000000000000e+03 2.479196508299999838e-02 1.769982911000000242e-02
6.250000000000000000e+03 6.251000000000000000e+03 1.260598012100000095e-02 1.218083894999999993e-02
6.251000000000000000e+03 6.252000000000000000e+03 4.654094487000000335e-02 1.289572832999999995e-02
6.252000000000000000e+03 6.253000000000000000e+03 9.927736710999999700e-03 1.243349887000000029e-02
6.253000000000000000e+03 6.254000000000000000e+03 2.634793019999999777e-03 1.296995387000000020e-02
6.254000000000000000e+03 6.255000000000000000e+03 -3.632809185999999989e-03 7.535856689999999476e-03
6.255000000000000000e+03 6.256000000000000000e+03 1.135191601800000089e-02 6.481868039999999845e-03
6.256000000000000000e+03 6.257000000000000000e+03 8.896509040000000201e-03 4.710625690000000247e-03
6.257000000000000000e+03 6.258000000000000000e+03 5.023565720000000394e-03 3.300540699000000053e-03
6.258000000000000000e+03 6.259000000000000000e+03 -3.419864218299999929e-03 1.937272371999999897e-03
6.259000000000000000e+03 6.260000000000000000e+03 6.833511261000001225e-02 1.779290216000000216e-02
6.260000000000000000e+03 6.261000000000000000e+03 2.495185530999999984e-02 1.601666204000000079e-02
6.261000000000000000e+03 6.262000000000000000e+03 4.312565011000000365e-02 1.452746095999999862e-02
6.262000000000000000e+03 6.263000000000000000e+03 1.674109394000000001e-02 1.640939154999999927e-02
6.263000000000000000e+03 6.264000000000000000e+03 2.511357583999999921e-02 1.142439408000000059e-02
6.264000000000000000e+03 6.265000000000000000e+03 1.505002018000000004e-02 8.325373780000000848e-03
6.265000000000000000e+03 6.266000000000000000e+03 1.855245960999999874e-02 1.048290550999999952e-02
6.266000000000000000e+03 6.267000000000000000e+03 6.327265893999999349e-03 7.002054899999999617e-03
6.267000000000000000e+03 6.268000000000000000e+03 1.212892665700000122e-02 5.424445850000000034e-03
6.268000000000000000e+03 6.269000000000000000e+03 3.132996359999999734e-03 3.030269831000000080e-03
6.269000000000000000e+03 6.270000000000000000e+03 -1.542930601999999846e-03 1.708392322999999994e-03
6.270000000000000000e+03 6.271000000000000000e+03 4.903740670000000107e-02 1.910513762000000046e-02
6.271000000000000000e+03 6.272000000000000000e+03 2.082139121999999898e-02 1.553957756000000009e-02
6.272000000000000000e+03 6.273000000000000000e+03 3.223309063000000252e-02 1.412666075999999965e-02
6.273000000000000000e+03 6.274000000000000000e+03 -1.479463832000000017e-03 1.311109276999999906e-02
6.274000000000000000e+03 6.275000000000000000e+03 3.562078394999999929e-03 1.107809889999999964e-02
6.275000000000000000e+03 6.276000000000000000e+03 1.722807275329999929e-02 9.339600990000000366e-03
6.276000000000000000e+03 6.277000000000000000e+03 1.036859877899999963e-02 7.932300950000000309e-03
6.277000000000000000e+03 6.278000000000000000e+03 2.449943065000000173e-03 6.008335930000000685e-03
6.278000000000000000e+03 6.279000000000000000e+03 8.359640544999999770e-03 5.063868076000000579e-03
6.279000000000000000e+03 6.280000000000000000e+03 2.621816139999999886e-04 2.417531070999999823e-03
6.280000000000000000e+03 6.281000000000000000e+03 7.469291370000000121e-04 2.067490360999999811e-03
6.281000000000000000e+03 6.282000000000000000e+03 2.921695488000000326e-02 1.719527456999999857e-02
6.282000000000000000e+03 6.283000000000000000e+03 4.076683203999999922e-02 1.361894771999999990e-02
6.283000000000000000e+03 6.284000000000000000e+03 4.433729699999999774e-02 1.563067358000000059e-02
6.284000000000000000e+03 6.285000000000000000e+03 2.815656912999999970e-02 1.323941408999999847e-02
6.285000000000000000e+03 6.286000000000000000e+03 1.718496679000000235e-02 1.389380714999999961e-02
6.286000000000000000e+03 6.287000000000000000e+03 2.285884738999999916e-02 1.039013180999999973e-02
6.287000000000000000e+03 6.288000000000000000e+03 1.784033554000000188e-02 7.935168109999999816e-03
6.288000000000000000e+03 6.289000000000000000e+03 -9.796110519999999891e-03 7.228046190000000232e-03
6.289000000000000000e+03 6.290000000000000000e+03 4.611423879999999647e-04 4.847320563999999929e-03
6.290000000000000000e+03 6.291000000000000000e+03 3.467319450000000435e-04 2.676294419000000129e-03
6.291000000000000000e+03 6.292000000000000000e+03 -4.672406269999999939e-04 1.558448592000000058e-03
6.292000000000000000e+03 6.293000000000000000e+03 2.902554411999999986e-02 1.643423111000000270e-02
6.293000000000000000e+03 6.294000000000000000e+03 2.184291899500000189e-02 1.395784523999999902e-02
6.294000000000000000e+03 6.295000000000000000e+03 4.864187890000000632e-03 1.265613255999999999e-02
6.295000000000000000e+03 6.296000000000000000e+03 3.032686285300000006e-02 1.240691374000000083e-02
6.296000000000000000e+03 6.297000000000000000e+03 3.297714460999999486e-02 1.269697323999999933e-02
6.297000000000000000e+03 6.298000000000000000e+03 2.113041447000000086e-02 9.748379760000000158e-03
6.298000000000000000e+03 6.299000000000000000e+03 9.352361437000000430e-03 9.094478209999999618e-03
6.299000000000000000e+03 6.300000000000000000e+03 1.655172025700000007e-02 7.372024139999999899e-03
6.300000000000000000e+03 6.301000000000000000e+03 1.366161365600000038e-02 5.952873560000000383e-03
6.301000000000000000e+03 6.302000000000000000e+03 4.285410729999999599e-03 3.104644319999999742e-03
6.302000000000000000e+03 6.303000000000000000e+03 1.066774777500000080e-03 1.982783713999999864e-03
6.303000000000000000e+03 6.304000000000000000e+03 2.238890643000000097e-02 1.791716886999999980e-02
6.304000000000000000e+03 6.305000000000000000e+03 5.157404069799999963e-02 1.625883862000000041e-02
6.305000000000000000e+03 6.306000000000000000e+03 2.112898935300000156e-02 1.313696162000000008e-02
6.306000000000000000e+03 6.307000000000000000e+03 2.352888251300000108e-02 1.237629363000000010e-02
6.307000000000000000e+03 6.308000000000000000e+03 2.085567379200000196e-02 1.077879720999999971e-02
6.308000000000000000e+03 6.309000000000000000e+03 -1.054148310000000040e-03 1.149461038999999990e-02
6.309000000000000000e+03 6.310000000000000000e+03 1.364778682000000049e-02 8.418394940000000631e-03
6.310000000000000000e+03 6.311000000000000000e+03 1.335255387499999918e-02 6.498323629999999511e-03
6.311000000000000000e+03 6.312000000000000000e+03 -5.303796079999999408e-04 4.539126843999999328e-03
6.312000000000000000e+03 6.313000000000000000e+03 -2.134454274999999807e-03 3.286441318999999781e-03
6.313000000000000000e+03 6.314000000000000000e+03 -1.532669841000000067e-03 1.850243441000000086e-03
6.314000000000000000e+03 6.315000000000000000e+03 4.226732659999999503e-03 1.865064166000000162e-02
6.315000000000000000e+03 6.316000000000000000e+03 1.252563410000000037e-02 1.317331987000000017e-02
6.316000000000000000e+03 6.317000000000000000e+03 1.277472015000000009e-02 1.622691935999999793e-02
6.317000000000000000e+03 6.318000000000000000e+03 1.380429939999999918e-02 1.283230819999999980e-02
6.318000000000000000e+03 6.319000000000000000e+03 2.963766025999999953e-03 1.109599765000000154e-02
6.319000000000000000e+03 6.320000000000000000e+03 1.975380040000000031e-02 9.830865660000000228e-03
6.320000000000000000e+03 6.321000000000000000e+03 1.696698057900000028e-02 9.818531970000000594e-03
6.321000000000000000e+03 6.322000000000000000e+03 -1.623955399999999979e-03 5.949263040000000481e-03
6.322000000000000000e+03 6.323000000000000000e+03 -3.597144060000000230e-03 4.787539403000000068e-03
6.323000000000000000e+03 6.324000000000000000e+03 7.506235030000000088e-04 3.397168507000000032e-03
6.324000000000000000e+03 6.325000000000000000e+03 -1.449725055000000012e-03 1.877077796000000071e-03
6.325000000000000000e+03 6.326000000000000000e+03 2.276296677999999768e-02 1.496070302999999956e-02
6.326000000000000000e+03 6.327000000000000000e+03 2.127438632000000149e-02 1.348146233000000090e-02
6.327000000000000000e+03 6.328000000000000000e+03 3.400391209000000470e-02 1.918895220999999873e-02
6.328000000000000000e+03 6.329000000000000000e+03 2.471833312000000157e-02 1.131355203000000004e-02
6.329000000000000000e+03 6.330000000000000000e+03 1.201537963900000013e-02 1.078550409999999918e-02
6.330000000000000000e+03 6.331000000000000000e+03 2.702363593999999869e-02 8.720278550000000115e-03
6.331000000000000000e+03 6.332000000000000000e+03 2.530439741000000201e-02 8.154264909999998576e-03
6.332000000000000000e+03 6.333000000000000000e+03 1.779039448999999995e-02 7.298568509999999766e-03
6.333000000000000000e+03 6.334000000000000000e+03 3.885323699999999793e-03 4.251386971999999813e-03
6.334000000000000000e+03 6.335000000000000000e+03 -2.931564186000000342e-03 1.850993072999999921e-03
6.335000000000000000e+03 6.336000000000000000e+03 -1.195659756999999969e-03 2.297120935999999881e-03
6.336000000000000000e+03 6.337000000000000000e+03 3.086251379000000059e-02 1.590935836999999783e-02
6.337000000000000000e+03 6.338000000000000000e+03 1.206048951000000119e-02 1.221679141000000038e-02
6.338000000000000000e+03 6.339000000000000000e+03 2.190319060000000054e-02 1.490149619999999939e-02
6.339000000000000000e+03 6.340000000000000000e+03 1.470015601999999887e-02 1.171084321000000032e-02
6.340000000000000000e+03 6.341000000000000000e+03 2.554919095490000222e-02 1.069915549999999986e-02
6.341000000000000000e+03 6.342000000000000000e+03 9.292724290000000179e-03 1.001720182000000008e-02
6.342000000000000000e+03 6.343000000000000000e+03 5.786540760000000172e-03 7.335973180000000121e-03
6.343000000000000000e+03 6.344000000000000000e+03 5.301261639999999865e-03 5.686628169999999316e-03
6.344000000000000000e+03 6.345000000000000000e+03 9.756919690000000894e-03 4.417747129999999994e-03
6.345000000000000000e+03 6.346000000000000000e+03 -1.161557348000000038e-03 3.249494691000000181e-03
6.346000000000000000e+03 6.347000000000000000e+03 1.831413935999999998e-03 1.948898231999999847e-03
6.347000000000000000e+03 6.348000000000000000e+03 2.851593545000000174e-02 1.400363341999999976e-02
6.348000000000000000e+03 6.349000000000000000e+03 -7.781600020000000416e-03 1.437306000000000000e-02
6.349000000000000000e+03 6.350000000000000000e+03 2.278393644999999676e-02 1.335766964000000001e-02
6.350000000000000000e+03 6.351000000000000000e+03 1.469904279999999924e-03 1.006223197000000007e-02
6.351000000000000000e+03 6.352000000000000000e+03 1.398814296799999989e-02 1.123917609000000054e-02
6.352000000000000000e+03 6.353000000000000000e+03 2.005945785999999759e-02 9.894548839999999651e-03
6.353000000000000000e+03 6.354000000000000000e+03 1.142235567999999937e-02 8.491735190000000363e-03
6.354000000000000000e+03 6.355000000000000000e+03 7.452688090000000355e-03 6.160701809999999563e-03
6.355000000000000000e+03 6.356000000000000000e+03 6.449605649999999753e-03 3.952548055000000386e-03
6.356000000000000000e+03 6.357000000000000000e+03 7.241917729999999311e-03 3.534342886000000142e-03
6.357000000000000000e+03 6.358000000000000000e+03 -4.207484977999999612e-03 1.868979183999999912e-03
6.358000000000000000e+03 6.359000000000000000e+03 2.521973909999999930e-02 1.577696354000000106e-02
6.359000000000000000e+03 6.360000000000000000e+03 2.792179743999999991e-02 1.465081473000000127e-02
6.360000000000000000e+03 6.361000000000000000e+03 4.230200211500000085e-02 1.374055283999999974e-02
6.361000000000000000e+03 6.362000000000000000e+03 3.703785936499999487e-02 1.059219074000000010e-02
6.362000000000000000e+03 6.363000000000000000e+03 -3.065154931399999717e-03 1.143770706000000158e-02
6.363000000000000000e+03 6.364000000000000000e+03 -9.274029178999999542e-04 8.811952320000000088e-03
6.364000000000000000e+03 6.365000000000000000e+03 8.833150235000000045e-03 8.913242309999999669e-03
6.365000000000000000e+03 6.366000000000000000e+03 8.951040033999999382e-03 5.888268720000000046e-03
6.366000000000000000e+03 6.367000000000000000e+03 3.801649117000000227e-03 3.758898132000000007e-03
6.367000000000000000e+03 6.368000000000000000e+03 5.258892998999999298e-03 2.647817894000000123e-03
6.368000000000000000e+03 6.369000000000000000e+03 -1.868702940000000010e-03 2.029497362999999749e-03
6.369000000000000000e+03 6.370000000000000000e+03 3.431482085999999765e-02 1.756725899000000091e-02
6.370000000000000000e+03 6.371000000000000000e+03 4.127784942999999929e-02 1.476830906999999915e-02
6.371000000000000000e+03 6.372000000000000000e+03 3.518085489199999916e-02 1.416864758999999974e-02
6.372000000000000000e+03 6.373000000000000000e+03 1.536057252000000081e-02 1.278776212000000065e-02
6.373000000000000000e+03 6.374000000000000000e+03 2.542691704000000011e-02 1.041078896000000031e-02
6.374000000000000000e+03 6.375000000000000000e+03 1.575318621999999974e-02 8.729326520000000450e-03
6.375000000000000000e+03 6.376000000000000000e+03 7.192097233000000096e-03 8.875902479999999567e-03
6.376000000000000000e+03 6.377000000000000000e+03 1.050559698999999937e-02 6.625365790000000560e-03
6.377000000000000000e+03 6.378000000000000000e+03 4.974230020000000412e-03 4.144214411999999452e-03
6.378000000000000000e+03 6.379000000000000000e+03 -2.146095408000000312e-03 2.685010106999999833e-03
6.379000000000000000e+03 6.380000000000000000e+03 2.007223026000000150e-03 2.301474967000000007e-03
6.380000000000000000e+03 6.381000000000000000e+03 8.180989325999999187e-03 1.452188771999999954e-02
6.381000000000000000e+03 6.382000000000000000e+03 1.717718127600000033e-02 1.299276380000000120e-02
6.382000000000000000e+03 6.383000000000000000e+03 3.243661677709000490e-02 1.739319903000000056e-02
6.383000000000000000e+03 6.384000000000000000e+03 1.705254111299999917e-02 1.068260055000000083e-02
6.384000000000000000e+03 6.385000000000000000e+03 2.739767070999999873e-02 1.235788401999999946e-02
6.385000000000000000e+03 6.386000000000000000e+03 -1.253985899999999869e-03 8.397345190000000612e-03
6.386000000000000000e+03 6.387000000000000000e+03 1.301731843899999949e-02 7.609281920000000518e-03
6.387000000000000000e+03 6.388000000000000000e+03 9.841417159999999234e-03 6.340016619999999659e-03
6.388000000000000000e+03 6.389000000000000000e+03 3.760349789999999949e-03 4.288316452000000278e-03
6.389000000000000000e+03 6.390000000000000000e+03 1.879201156999999855e-03 2.982588529000000047e-03
6.390000000000000000e+03 6.391000000000000000e+03 -8.348883030000000833e-04 1.941882952999999905e-03
6.391000000000000000e+03 6.392000000000000000e+03 2.682517989999999922e-02 1.375822296000000014e-02
6.392000000000000000e+03 6.393000000000000000e+03 5.367934099999999847e-02 1.699066856999999903e-02
6.393000000000000000e+03 6.394000000000000000e+03 2.080235509000000205e-02 1.500334664999999901e-02
6.394000000000000000e+03 6.395000000000000000e+03 2.150185712999999957e-02 1.214095739999999923e-02
6.395000000000000000e+03 6.396000000000000000e+03 2.130913648000000091e-02 9.931547300000001174e-03
6.396000000000000000e+03 6.397000000000000000e+03 2.753208479000000125e-02 9.446614960000000380e-03
6.397000000000000000e+03 6.398000000000000000e+03 2.095069395900000034e-02 7.375052400000000133e-03
6.398000000000000000e+03 6.399000000000000000e+03 7.192463002000000494e-03 5.575157360000000152e-03
6.399000000000000000e+03 6.400000000000000000e+03 -9.538769100000000362e-04 3.688906918999999840e-03
6.400000000000000000e+03 6.401000000000000000e+03 3.309512926999999896e-03 2.493616977000000148e-03
6.401000000000000000e+03 6.402000000000000000e+03 -5.658214499999999797e-05 1.959523397000000056e-03
6.402000000000000000e+03 6.403000000000000000e+03 4.904823950000000016e-02 1.843417909999999979e-02
6.403000000000000000e+03 6.404000000000000000e+03 3.404336312299999917e-02 1.388367470000000103e-02
6.404000000000000000e+03 6.405000000000000000e+03 2.864333565000000068e-02 1.394857943999999912e-02
6.405000000000000000e+03 6.406000000000000000e+03 4.902039715300000183e-02 1.142729477999999965e-02
6.406000000000000000e+03 6.407000000000000000e+03 1.880422344000000009e-02 1.179526290999999977e-02
6.407000000000000000e+03 6.408000000000000000e+03 2.753956013399999972e-02 1.015861568000000006e-02
6.408000000000000000e+03 6.409000000000000000e+03 8.283902569999999563e-03 7.976523149999999521e-03
6.409000000000000000e+03 6.410000000000000000e+03 5.593949249999999838e-03 6.349262569999999939e-03
6.410000000000000000e+03 6.411000000000000000e+03 5.056723140000000255e-03 3.746144219999999851e-03
6.411000000000000000e+03 6.412000000000000000e+03 2.521625472999999840e-03 3.337323640999999719e-03
6.412000000000000000e+03 6.413000000000000000e+03 1.907873828999999974e-03 2.100109786000000072e-03
6.413000000000000000e+03 6.414000000000000000e+03 5.326633530000000200e-02 2.034711292000000032e-02
6.414000000000000000e+03 6.415000000000000000e+03 1.646873423000000045e-02 1.271551974000000029e-02
6.415000000000000000e+03 6.416000000000000000e+03 3.155432509500000204e-02 1.348543733999999980e-02
6.416000000000000000e+03 6.417000000000000000e+03 1.585832204940000253e-02 1.347120521999999911e-02
6.417000000000000000e+03 6.418000000000000000e+03 1.512647477999999948e-02 1.140544347000000021e-02
6.418000000000000000e+03 6.419000000000000000e+03 2.204046706199999997e-02 8.835981130000000044e-03
6.419000000000000000e+03 6.420000000000000000e+03 1.057006943000000053e-02 8.518801440000001168e-03
6.420000000000000000e+03 6.421000000000000000e+03 1.735249331000000145e-02 6.536791509999999826e-03
6.421000000000000000e+03 6.422000000000000000e+03 9.017959592000000107e-03 4.553163768999999791e-03
6.422000000000000000e+03 6.423000000000000000e+03 -1.082721935999999977e-03 2.448428182000000029e-03
6.423000000000000000e+03 6.424000000000000000e+03 3.164797749000000052e-03 1.857562169000000077e-03
6.424000000000000000e+03 6.425000000000000000e+03 4.016157374300000082e-02 1.325974130000000077e-02
6.425000000000000000e+03 6.426000000000000000e+03 2.289712958999999895e-02 1.296684973999999956e-02
6.426000000000000000e+03 6.427000000000000000e+03 3.723658883000000031e-02 1.587362624000000083e-02
6.427000000000000000e+03 6.428000000000000000e+03 5.654075360000000022e-03 1.410134145999999977e-02
6.428000000000000000e+03 6.429000000000000000e+03 2.139061125000000022e-02 1.013560755000000001e-02
6.429000000000000000e+03 6.430000000000000000e+03 1.810974295700000167e-02 1.033500055000000084e-02
6.430000000000000000e+03 6.431000000000000000e+03 5.098225760000000065e-03 7.541582650000000672e-03
6.431000000000000000e+03 6.432000000000000000e+03 1.589432967999999946e-02 5.864607099999999580e-03
6.432000000000000000e+03 6.433000000000000000e+03 7.082784570000000279e-03 3.988202287000000741e-03
6.433000000000000000e+03 6.434000000000000000e+03 -3.912749509999999893e-04 2.150861997999999921e-03
6.434000000000000000e+03 6.435000000000000000e+03 2.138487322000000128e-03 1.971991937999999916e-03
6.435000000000000000e+03 6.436000000000000000e+03 3.015643176999999869e-02 1.182917362000000111e-02
6.436000000000000000e+03 6.437000000000000000e+03 2.722112486000000109e-02 1.435766758000000046e-02
6.437000000000000000e+03 6.438000000000000000e+03 3.467203269000000004e-02 1.348619606000000040e-02
6.438000000000000000e+03 6.439000000000000000e+03 5.835854178000000198e-02 1.292947235000000035e-02
6.439000000000000000e+03 6.440000000000000000e+03 2.463619119000000010e-02 1.136940718999999989e-02
6.440000000000000000e+03 6.441000000000000000e+03 1.112669284799999887e-02 8.856294679999999683e-03
6.441000000000000000e+03 6.442000000000000000e+03 8.555460256299999428e-03 6.796837400000000154e-03
6.442000000000000000e+03 6.443000000000000000e+03 6.317969421000000155e-03 6.491693449999999706e-03
6.443000000000000000e+03 6.444000000000000000e+03 3.049151911000000208e-03 3.441753982000000066e-03
6.444000000000000000e+03 6.445000000000000000e+03 3.191775158999999792e-03 2.894156408000000263e-03
6.445000000000000000e+03 6.446000000000000000e+03 -5.641636780000000139e-04 2.174838088000000200e-03
6.446000000000000000e+03 6.447000000000000000e+03 4.041695649000000279e-02 1.692933686999999882e-02
6.447000000000000000e+03 6.448000000000000000e+03 -9.866284020000001126e-03 1.487616734999999864e-02
6.448000000000000000e+03 6.449000000000000000e+03 8.716888739999999539e-03 1.357004385999999868e-02
6.449000000000000000e+03 6.450000000000000000e+03 3.132632882999999979e-02 1.175252014999999921e-02
6.450000000000000000e+03 6.451000000000000000e+03 1.907331773000000077e-02 1.096726437999999935e-02
6.451000000000000000e+03 6.452000000000000000e+03 1.373720837400000012e-02 7.937087469999999645e-03
6.452000000000000000e+03 6.453000000000000000e+03 -1.365973484799999985e-02 8.854050300000000998e-03
6.453000000000000000e+03 6.454000000000000000e+03 5.637134170000000430e-04 5.379766400000000372e-03
6.454000000000000000e+03 6.455000000000000000e+03 -1.804378570000000036e-03 5.348404399999999448e-03
6.455000000000000000e+03 6.456000000000000000e+03 -1.560867287300000050e-03 2.894636674999999815e-03
6.456000000000000000e+03 6.457000000000000000e+03 2.752387979599999878e-03 1.905169993000000112e-03
6.457000000000000000e+03 6.458000000000000000e+03 -6.785152140000000331e-03 1.754994019999999919e-02
6.458000000000000000e+03 6.459000000000000000e+03 1.051808030999999873e-02 1.348656802000000078e-02
6.459000000000000000e+03 6.460000000000000000e+03 2.396451973299999760e-02 1.200626672000000041e-02
6.460000000000000000e+03 6.461000000000000000e+03 1.541106830000000052e-02 1.217189532999999983e-02
6.461000000000000000e+03 6.462000000000000000e+03 -3.077200029999999868e-03 1.017036992000000008e-02
6.462000000000000000e+03 6.463000000000000000e+03 7.990545130000000287e-03 8.618574169999998827e-03
6.463000000000000000e+03 6.464000000000000000e+03 2.116598087000000003e-02 7.539000240000000470e-03
6.464000000000000000e+03 6.465000000000000000e+03 1.175751684700000049e-02 5.425536130000000248e-03
6.465000000000000000e+03 6.466000000000000000e+03 1.658531772299999887e-02 5.172567393000000041e-03
6.466000000000000000e+03 6.467000000000000000e+03 -2.532737653400000087e-03 2.935452035000000147e-03
6.467000000000000000e+03 6.468000000000000000e+03 1.024364740000000099e-04 1.571366070999999972e-03
6.468000000000000000e+03 6.469000000000000000e+03 4.267902615000000038e-02 1.486585573000000042e-02
6.469000000000000000e+03 6.470000000000000000e+03 1.299728014299999894e-02 1.422500361000000012e-02
6.470000000000000000e+03 6.471000000000000000e+03 3.569156440699999822e-02 1.173656250000000047e-02
6.471000000000000000e+03 6.472000000000000000e+03 2.803483460399999738e-02 1.080339947000000071e-02
6.472000000000000000e+03 6.473000000000000000e+03 2.878763233000000005e-02 1.063163108999999953e-02
6.473000000000000000e+03 6.474000000000000000e+03 9.994344530999999671e-03 8.903658500000001530e-03
6.474000000000000000e+03 6.475000000000000000e+03 4.882147119999999396e-03 8.864981679999999961e-03
6.475000000000000000e+03 6.476000000000000000e+03 -2.293947529999999790e-03 6.023602480000000113e-03
6.476000000000000000e+03 6.477000000000000000e+03 1.347056971999999924e-03 3.579279619000000009e-03
6.477000000000000000e+03 6.478000000000000000e+03 6.146705646300000200e-03 3.508771020999999855e-03
6.478000000000000000e+03 6.479000000000000000e+03 2.667229966199999910e-03 1.676524823000000164e-03
6.479000000000000000e+03 6.480000000000000000e+03 2.787339046000000126e-02 1.200701527999999997e-02
6.480000000000000000e+03 6.481000000000000000e+03 3.351019454999999703e-02 1.555651051000000139e-02
6.481000000000000000e+03 6.482000000000000000e+03 1.640399941780000190e-02 1.241899628999999956e-02
6.482000000000000000e+03 6.483000000000000000e+03 3.241725275099999887e-02 1.038437185999999991e-02
6.483000000000000000e+03 6.484000000000000000e+03 1.354231751000000046e-02 9.479530820000000094e-03
6.484000000000000000e+03 6.485000000000000000e+03 1.898345386100000129e-02 1.037360369999999928e-02
6.485000000000000000e+03 6.486000000000000000e+03 1.314938843999999968e-02 8.231032100000000573e-03
6.486000000000000000e+03 6.487000000000000000e+03 3.767704082000000298e-03 4.568719379999999948e-03
6.487000000000000000e+03 6.488000000000000000e+03 3.645538809000000054e-03 4.594370484000000199e-03
6.488000000000000000e+03 6.489000000000000000e+03 6.553101489999999321e-04 3.143815359000000191e-03
6.489000000000000000e+03 6.490000000000000000e+03 -3.349415711000000313e-03 1.204023914999999842e-03
6.490000000000000000e+03 6.491000000000000000e+03 3.267246458999999853e-02 1.265445699999999916e-02
6.491000000000000000e+03 6.492000000000000000e+03 1.328783440999999933e-02 1.617005852999999979e-02
6.492000000000000000e+03 6.493000000000000000e+03 2.087788647999999983e-02 1.410656739000000146e-02
6.493000000000000000e+03 6.494000000000000000e+03 1.621154502999999983e-02 1.101664607000000032e-02
6.494000000000000000e+03 6.495000000000000000e+03 1.184682624000000031e-02 8.049706769999999748e-03
6.495000000000000000e+03 6.496000000000000000e+03 -5.773215555999999457e-03 9.433073429999999301e-03
6.496000000000000000e+03 6.497000000000000000e+03 6.140027271999999939e-03 6.954341519999999825e-03
6.497000000000000000e+03 6.498000000000000000e+03 9.454065850000000285e-03 5.375285610000000644e-03
6.498000000000000000e+03 6.499000000000000000e+03 -1.277003293999999988e-03 3.336130901999999950e-03
6.499000000000000000e+03 6.500000000000000000e+03 4.456479272999999512e-03 2.426284937000000065e-03
6.500000000000000000e+03 6.501000000000000000e+03 2.527900206999999632e-03 1.702474084999999922e-03
6.501000000000000000e+03 6.502000000000000000e+03 1.236119437969999957e-02 1.177248821000000112e-02
6.502000000000000000e+03 6.503000000000000000e+03 1.296395005000000079e-02 1.463618061999999963e-02
6.503000000000000000e+03 6.504000000000000000e+03 -2.267112200000000340e-04 1.519937547000000007e-02
6.504000000000000000e+03 6.505000000000000000e+03 3.901015876999999743e-02 1.113993318999999954e-02
6.505000000000000000e+03 6.506000000000000000e+03 1.875358642799999920e-02 1.038103658999999998e-02
6.506000000000000000e+03 6.507000000000000000e+03 1.716826215999999947e-02 8.722036169999999172e-03
6.507000000000000000e+03 6.508000000000000000e+03 1.601158150000000016e-02 6.531550649999999687e-03
6.508000000000000000e+03 6.509000000000000000e+03 1.317881559999999931e-02 5.912533250000000067e-03
6.509000000000000000e+03 6.510000000000000000e+03 -1.241584206599999915e-03 2.956437683999999996e-03
6.510000000000000000e+03 6.511000000000000000e+03 -1.501588774000000041e-03 2.692265135000000004e-03
6.511000000000000000e+03 6.512000000000000000e+03 1.983178675999999838e-03 1.361399561000000043e-03
6.512000000000000000e+03 6.513000000000000000e+03 2.092862133000000097e-02 1.457297702999999986e-02
6.513000000000000000e+03 6.514000000000000000e+03 7.611841159999999627e-03 1.308891786000000029e-02
6.514000000000000000e+03 6.515000000000000000e+03 2.507267875000000062e-02 1.518736187999999987e-02
6.515000000000000000e+03 6.516000000000000000e+03 2.714300722999999846e-02 1.089734898999999979e-02
6.516000000000000000e+03 6.517000000000000000e+03 2.780559809000000132e-02 8.591139860000001141e-03
6.517000000000000000e+03 6.518000000000000000e+03 1.119949924999999978e-02 8.191588830000000668e-03
6.518000000000000000e+03 6.519000000000000000e+03 1.044223760000000112e-02 7.721488620000000434e-03
6.519000000000000000e+03 6.520000000000000000e+03 7.107124598999999161e-03 6.121043129999999971e-03
6.520000000000000000e+03 6.521000000000000000e+03 -2.196164281199999933e-03 3.605810270999999876e-03
6.521000000000000000e+03 6.522000000000000000e+03 -7.376801400000001434e-05 2.630935693999999873e-03
6.522000000000000000e+03 6.523000000000000000e+03 -7.733215120000000052e-04 1.118947410000000007e-03
6.523000000000000000e+03 6.524000000000000000e+03 2.042185063999999925e-02 1.310413115000000003e-02
6.524000000000000000e+03 6.525000000000000000e+03 6.812123958000000645e-02 1.682358727000000248e-02
6.525000000000000000e+03 6.526000000000000000e+03 3.240029338199999775e-02 1.077473097000000019e-02
6.526000000000000000e+03 6.527000000000000000e+03 1.234898616999999948e-02 9.210726259999999638e-03
6.527000000000000000e+03 6.528000000000000000e+03 1.654141606000000125e-02 9.332499519999998966e-03
6.528000000000000000e+03 6.529000000000000000e+03 6.695980200000000099e-04 6.865941850000000478e-03
6.529000000000000000e+03 6.530000000000000000e+03 5.947331689999999990e-03 6.078955450000000406e-03
6.530000000000000000e+03 6.531000000000000000e+03 5.601805169999999820e-03 5.540937249999999988e-03
6.531000000000000000e+03 6.532000000000000000e+03 9.927988561000000364e-03 4.370070406000000317e-03
6.532000000000000000e+03 6.533000000000000000e+03 5.393583471000000691e-03 2.678636971999999884e-03
6.533000000000000000e+03 6.534000000000000000e+03 9.440030659999999610e-04 1.778357335999999900e-03
6.534000000000000000e+03 6.535000000000000000e+03 3.263876481999999912e-02 1.313356818000000099e-02
6.535000000000000000e+03 6.536000000000000000e+03 1.024346482300000048e-02 1.570804163999999989e-02
6.536000000000000000e+03 6.537000000000000000e+03 3.484068264000000220e-02 1.268271911999999980e-02
6.537000000000000000e+03 6.538000000000000000e+03 3.604216676000000091e-02 1.125088685999999991e-02
6.538000000000000000e+03 6.539000000000000000e+03 3.413863557000000604e-02 1.033281164999999904e-02
6.539000000000000000e+03 6.540000000000000000e+03 2.670065288999999824e-03 8.451783609999999336e-03
6.540000000000000000e+03 6.541000000000000000e+03 1.181056322800000044e-02 6.712565430000000215e-03
6.541000000000000000e+03 6.542000000000000000e+03 7.763509896000000791e-03 5.381990640000000603e-03
6.542000000000000000e+03 6.543000000000000000e+03 4.641778354999999932e-03 3.457540262000000086e-03
6.543000000000000000e+03 6.544000000000000000e+03 -2.371522155999999850e-03 2.862121930999999772e-03
6.544000000000000000e+03 6.545000000000000000e+03 6.915663295999999747e-04 1.396221682000000101e-03
6.545000000000000000e+03 6.546000000000000000e+03 1.458725947000000071e-02 1.238669547999999947e-02
6.546000000000000000e+03 6.547000000000000000e+03 4.682420378999999772e-02 1.442763573999999993e-02
6.547000000000000000e+03 6.548000000000000000e+03 3.398697330000000072e-02 1.191101191999999892e-02
6.548000000000000000e+03 6.549000000000000000e+03 1.382020503740000010e-02 1.019832006000000006e-02
6.549000000000000000e+03 6.550000000000000000e+03 1.891418924800000040e-02 8.300774150000000615e-03
6.550000000000000000e+03 6.551000000000000000e+03 2.681433140999999951e-02 9.996948940000000006e-03
6.551000000000000000e+03 6.552000000000000000e+03 -7.733182909999999737e-03 5.359970490000000136e-03
6.552000000000000000e+03 6.553000000000000000e+03 1.178860097000000023e-02 4.875845660000000144e-03
6.553000000000000000e+03 6.554000000000000000e+03 5.139132670000000173e-03 4.057857136999999670e-03
6.554000000000000000e+03 6.555000000000000000e+03 1.038327286000000071e-03 3.311990738999999982e-03
6.555000000000000000e+03 6.556000000000000000e+03 1.715950384999999920e-03 2.030558437000000004e-03
6.556000000000000000e+03 6.557000000000000000e+03 1.318924274069999993e-02 1.407508885999999952e-02
6.557000000000000000e+03 6.558000000000000000e+03 3.767733739000000276e-02 1.393806266999999925e-02
6.558000000000000000e+03 6.559000000000000000e+03 2.065486851000000040e-02 1.315514805000000086e-02
6.559000000000000000e+03 6.560000000000000000e+03 2.203922279000000012e-02 9.778874809999999265e-03
6.560000000000000000e+03 6.561000000000000000e+03 3.789708590000000384e-03 1.004389252999999919e-02
6.561000000000000000e+03 6.562000000000000000e+03 9.552271724999998603e-03 9.184363669999999133e-03
6.562000000000000000e+03 6.563000000000000000e+03 5.905076270000000210e-03 6.310206199999999696e-03
6.563000000000000000e+03 6.564000000000000000e+03 1.590515111000000148e-02 4.975668680000000683e-03
6.564000000000000000e+03 6.565000000000000000e+03 5.118976766000000317e-03 3.878861644999999966e-03
6.565000000000000000e+03 6.566000000000000000e+03 1.014509061000000000e-03 2.841055881999999828e-03
6.566000000000000000e+03 6.567000000000000000e+03 2.068528408000000138e-03 2.086573552999999945e-03
6.567000000000000000e+03 6.568000000000000000e+03 3.448653196000000393e-02 1.248315047999999997e-02
6.568000000000000000e+03 6.569000000000000000e+03 1.698406329999999770e-02 1.268714787000000017e-02
6.569000000000000000e+03 6.570000000000000000e+03 1.411667540999999963e-02 1.059153858000000045e-02
6.570000000000000000e+03 6.571000000000000000e+03 2.980846464899999937e-02 1.295871354999999885e-02
6.571000000000000000e+03 6.572000000000000000e+03 2.838654987379999814e-02 1.074719900999999977e-02
6.572000000000000000e+03 6.573000000000000000e+03 1.772591345000000193e-02 8.200371760000000135e-03
6.573000000000000000e+03 6.574000000000000000e+03 2.755199285999999914e-02 7.626381780000000138e-03
6.574000000000000000e+03 6.575000000000000000e+03 9.446537068999999801e-03 5.485076919999999981e-03
6.575000000000000000e+03 6.576000000000000000e+03 -1.816106042000000106e-03 3.759791464000000055e-03
6.576000000000000000e+03 6.577000000000000000e+03 -1.862147968000000013e-03 2.454270246000000034e-03
6.577000000000000000e+03 6.578000000000000000e+03 -1.250355262999999903e-03 1.575910436999999800e-03
6.578000000000000000e+03 6.579000000000000000e+03 3.040649066000000039e-02 1.323384341999999866e-02
6.579000000000000000e+03 6.580000000000000000e+03 9.107408529999999613e-03 1.155166573000000058e-02
6.580000000000000000e+03 6.581000000000000000e+03 1.693630424000000176e-02 1.276956462999999896e-02
6.581000000000000000e+03 6.582000000000000000e+03 3.266797156999999563e-02 9.829671280000000511e-03
6.582000000000000000e+03 6.583000000000000000e+03 1.540575871499999874e-02 8.950821679999998448e-03
6.583000000000000000e+03 6.584000000000000000e+03 6.849430366999999936e-03 7.197199680000000363e-03
6.584000000000000000e+03 6.585000000000000000e+03 9.938682242999999361e-03 6.394523090000000555e-03
6.585000000000000000e+03 6.586000000000000000e+03 -2.337992698999999917e-03 4.942514530000000766e-03
6.586000000000000000e+03 6.587000000000000000e+03 -4.082735649999999776e-04 2.707464051999999930e-03
6.587000000000000000e+03 6.588000000000000000e+03 4.578479892500000002e-03 2.725768286999999662e-03
6.588000000000000000e+03 6.589000000000000000e+03 -8.570120200000000150e-04 1.937529042999999946e-03
6.589000000000000000e+03 6.590000000000000000e+03 3.497108281999999901e-02 1.543818538000000032e-02
6.590000000000000000e+03 6.591000000000000000e+03 7.766631099999999135e-03 1.397554253000000100e-02
6.591000000000000000e+03 6.592000000000000000e+03 4.537789971999999644e-02 1.158534364000000060e-02
6.592000000000000000e+03 6.593000000000000000e+03 1.625487039999999953e-03 8.721258429999999978e-03
6.593000000000000000e+03 6.594000000000000000e+03 2.222239061000000002e-02 8.872514750000001088e-03
6.594000000000000000e+03 6.595000000000000000e+03 5.678206886000000675e-03 7.460843339999999498e-03
6.595000000000000000e+03 6.596000000000000000e+03 7.409365657000000632e-03 6.312691369999999871e-03
6.596000000000000000e+03 6.597000000000000000e+03 1.405515523999999877e-02 4.850271720000000342e-03
6.597000000000000000e+03 6.598000000000000000e+03 -1.772165009999999822e-04 3.435338322000000034e-03
6.598000000000000000e+03 6.599000000000000000e+03 8.342648799999999873e-04 2.136648524000000181e-03
6.599000000000000000e+03 6.600000000000000000e+03 3.489793003699999982e-04 1.785668952999999899e-03
6.600000000000000000e+03 6.601000000000000000e+03 2.109098787000000114e-02 1.380909313000000006e-02
6.601000000000000000e+03 6.602000000000000000e+03 2.049044013799999897e-02 1.401754945999999884e-02
6.602000000000000000e+03 6.603000000000000000e+03 2.656059883999999788e-02 1.272218454999999963e-02
6.603000000000000000e+03 6.604000000000000000e+03 3.269727162000000270e-02 1.127789558000000074e-02
6.604000000000000000e+03 6.605000000000000000e+03 1.486042916999999984e-02 1.081253884999999922e-02
6.605000000000000000e+03 6.606000000000000000e+03 5.825847720000000042e-03 7.658882219999999658e-03
6.606000000000000000e+03 6.607000000000000000e+03 1.480791256000000070e-02 7.551155520000000024e-03
6.607000000000000000e+03 6.608000000000000000e+03 5.560758665999999788e-03 5.303408029999999787e-03
6.608000000000000000e+03 6.609000000000000000e+03 6.043646740000000253e-03 3.833344788000000135e-03
6.609000000000000000e+03 6.610000000000000000e+03 2.387550855999999617e-03 2.160288500999999958e-03
6.610000000000000000e+03 6.611000000000000000e+03 1.663348399999999539e-05 1.297694287999999994e-03
6.611000000000000000e+03 6.612000000000000000e+03 1.923006036199999963e-02 1.148262534000000015e-02
6.612000000000000000e+03 6.613000000000000000e+03 2.929159474700000071e-02 1.123212370000000078e-02
6.613000000000000000e+03 6.614000000000000000e+03 1.706260667500000133e-02 1.076433148999999916e-02
6.614000000000000000e+03 6.615000000000000000e+03 1.623016621999999812e-02 1.058666194000000040e-02
6.615000000000000000e+03 6.616000000000000000e+03 5.985574329999999998e-03 1.173456458000000056e-02
6.616000000000000000e+03 6.617000000000000000e+03 2.615303077000000198e-02 8.681601480000000412e-03
6.617000000000000000e+03 6.618000000000000000e+03 -6.087118680000000621e-03 8.481660639999999418e-03
6.618000000000000000e+03 6.619000000000000000e+03 1.151027222399999932e-02 5.643760700000000075e-03
6.619000000000000000e+03 6.620000000000000000e+03 4.339418522000000784e-03 3.859829365000000227e-03
6.620000000000000000e+03 6.621000000000000000e+03 4.075643650600000410e-03 2.639408790000000084e-03
6.621000000000000000e+03 6.622000000000000000e+03 1.902875477000000098e-03 1.512706521000000033e-03
6.622000000000000000e+03 6.623000000000000000e+03 1.896921596199999810e-02 1.312574877000000084e-02
6.623000000000000000e+03 6.624000000000000000e+03 6.581015414000000036e-03 1.177918787000000085e-02
6.624000000000000000e+03 6.625000000000000000e+03 1.188985737800000130e-02 9.911261010000000163e-03
6.625000000000000000e+03 6.626000000000000000e+03 2.053229427899999973e-02 1.138183432999999994e-02
6.626000000000000000e+03 6.627000000000000000e+03 1.255317177000000138e-02 9.913302630000000656e-03
6.627000000000000000e+03 6.628000000000000000e+03 1.402321794999999982e-02 7.264891049999999684e-03
6.628000000000000000e+03 6.629000000000000000e+03 1.445663545000000017e-03 7.081424749999999831e-03
6.629000000000000000e+03 6.630000000000000000e+03 1.799649709999999935e-03 5.464412020000000009e-03
6.630000000000000000e+03 6.631000000000000000e+03 -4.198129293999999789e-03 3.273174276999999983e-03
6.631000000000000000e+03 6.632000000000000000e+03 -1.302273197000000139e-03 3.359208408999999913e-03
6.632000000000000000e+03 6.633000000000000000e+03 -2.992081570000000058e-03 1.610487974000000084e-03
6.633000000000000000e+03 6.634000000000000000e+03 1.562024314999999920e-02 1.124646418000000044e-02
6.634000000000000000e+03 6.635000000000000000e+03 4.659686606400000042e-02 1.367321386000000007e-02
6.635000000000000000e+03 6.636000000000000000e+03 2.589811035970000092e-02 1.072534521000000074e-02
6.636000000000000000e+03 6.637000000000000000e+03 1.536613569700000063e-02 1.057450591000000037e-02
6.637000000000000000e+03 6.638000000000000000e+03 2.150068482000000013e-03 1.026976676000000005e-02
6.638000000000000000e+03 6.639000000000000000e+03 1.284920032000000031e-02 8.585558380000000295e-03
6.639000000000000000e+03 6.640000000000000000e+03 1.024081673700000077e-02 6.142464809999999623e-03
6.640000000000000000e+03 6.641000000000000000e+03 1.257183290400000139e-02 5.248502090000000016e-03
6.641000000000000000e+03 6.642000000000000000e+03 3.125891740000000078e-03 3.575365778999999977e-03
6.642000000000000000e+03 6.643000000000000000e+03 -3.761750489999999897e-04 2.037778043999999896e-03
6.643000000000000000e+03 6.644000000000000000e+03 3.792912490000000057e-04 9.500464410000000444e-04
6.644000000000000000e+03 6.645000000000000000e+03 2.285737687999999865e-02 1.209801244999999907e-02
6.645000000000000000e+03 6.646000000000000000e+03 6.323652129999999399e-03 1.410764255999999960e-02
6.646000000000000000e+03 6.647000000000000000e+03 1.410093465400000072e-02 1.212395078999999910e-02
6.647000000000000000e+03 6.648000000000000000e+03 2.967169914899999913e-02 1.149530727999999863e-02
6.648000000000000000e+03 6.649000000000000000e+03 1.021662372999999902e-02 1.090997361999999915e-02
6.649000000000000000e+03 6.650000000000000000e+03 1.955065254999999863e-02 7.660689989999999554e-03
6.650000000000000000e+03 6.651000000000000000e+03 1.078809870999999920e-02 6.349035509999999966e-03
6.651000000000000000e+03 6.652000000000000000e+03 -7.179391239999999286e-03 4.173152649999999422e-03
6.652000000000000000e+03 6.653000000000000000e+03 3.699009694999999889e-03 3.661683772000000163e-03
6.653000000000000000e+03 6.654000000000000000e+03 3.752230309999999690e-03 2.453928820999999941e-03
6.654000000000000000e+03 6.655000000000000000e+03 -3.581543820000000051e-04 1.455796412999999954e-03
6.655000000000000000e+03 6.656000000000000000e+03 -1.305977839000000036e-02 1.220506537999999953e-02
6.656000000000000000e+03 6.657000000000000000e+03 3.753067337700000117e-02 1.343796453999999974e-02
6.657000000000000000e+03 6.658000000000000000e+03 1.467555050599999959e-02 1.130129663000000069e-02
6.658000000000000000e+03 6.659000000000000000e+03 1.803252089999999794e-02 1.134277764000000098e-02
6.659000000000000000e+03 6.660000000000000000e+03 7.842168729999999741e-03 8.802615070000000333e-03
6.660000000000000000e+03 6.661000000000000000e+03 1.263590634499999962e-02 8.002276289999998848e-03
6.661000000000000000e+03 6.662000000000000000e+03 8.281083970000000308e-03 6.617507299999999572e-03
6.662000000000000000e+03 6.663000000000000000e+03 1.742330633599999817e-02 5.464688389999999840e-03
6.663000000000000000e+03 6.664000000000000000e+03 8.314232958000000034e-03 3.984693989999999603e-03
6.664000000000000000e+03 6.665000000000000000e+03 -5.461102679999999465e-04 2.846588176999999883e-03
6.665000000000000000e+03 6.666000000000000000e+03 -4.809037300000000917e-05 1.330928572999999981e-03
6.666000000000000000e+03 6.667000000000000000e+03 4.357489267000000388e-02 1.363153245999999992e-02
6.667000000000000000e+03 6.668000000000000000e+03 2.047504783999999980e-02 1.225427943999999984e-02
6.668000000000000000e+03 6.669000000000000000e+03 2.855347919100000020e-02 1.211446629000000053e-02
6.669000000000000000e+03 6.670000000000000000e+03 1.183660022000000006e-02 1.201530605999999966e-02
6.670000000000000000e+03 6.671000000000000000e+03 2.805905824000000034e-02 9.314002010000000872e-03
6.671000000000000000e+03 6.672000000000000000e+03 2.080515932999999970e-02 6.994407989999999742e-03
6.672000000000000000e+03 6.673000000000000000e+03 2.130086521499999913e-02 7.081036159999999982e-03
6.673000000000000000e+03 6.674000000000000000e+03 -2.366522562000000166e-03 6.063370150000000486e-03
6.674000000000000000e+03 6.675000000000000000e+03 5.686052385999999792e-03 3.322246571999999936e-03
6.675000000000000000e+03 6.676000000000000000e+03 -1.922115263999999877e-03 1.652057542000000181e-03
6.676000000000000000e+03 6.677000000000000000e+03 1.497540559999999826e-04 1.596867069000000019e-03
6.677000000000000000e+03 6.678000000000000000e+03 1.756931448000000062e-02 1.274524843999999893e-02
6.678000000000000000e+03 6.679000000000000000e+03 2.860755683999999938e-02 1.214762214999999881e-02
6.679000000000000000e+03 6.680000000000000000e+03 1.878816766899999921e-02 1.136517873999999886e-02
6.680000000000000000e+03 6.681000000000000000e+03 4.501968050300000218e-02 1.271515102000000084e-02
6.681000000000000000e+03 6.682000000000000000e+03 1.575876317799999871e-02 1.154070744999999981e-02
6.682000000000000000e+03 6.683000000000000000e+03 1.054455271499999888e-02 8.085247820000000460e-03
6.683000000000000000e+03 6.684000000000000000e+03 1.244372990999999956e-02 5.234852939999999621e-03
6.684000000000000000e+03 6.685000000000000000e+03 8.757930649000000151e-03 4.490259439999999894e-03
6.685000000000000000e+03 6.686000000000000000e+03 3.631131850000000189e-03 4.021444744000000383e-03
6.686000000000000000e+03 6.687000000000000000e+03 -1.784339470000000148e-04 2.241966754000000207e-03
6.687000000000000000e+03 6.688000000000000000e+03 -5.925572600000000032e-04 1.536358557999999977e-03
6.688000000000000000e+03 6.689000000000000000e+03 2.040815851400000144e-02 1.171138017000000059e-02
6.689000000000000000e+03 6.690000000000000000e+03 1.721488934000000096e-02 1.508434219000000069e-02
6.690000000000000000e+03 6.691000000000000000e+03 1.238174541999999961e-02 9.793516489999999283e-03
6.691000000000000000e+03 6.692000000000000000e+03 1.287550517999999991e-02 1.046261701000000127e-02
6.692000000000000000e+03 6.693000000000000000e+03 3.734168885999999965e-02 8.781008599999999206e-03
6.693000000000000000e+03 6.694000000000000000e+03 1.369254748000000091e-02 8.386230910000000427e-03
6.694000000000000000e+03 6.695000000000000000e+03 1.734648290999999884e-02 6.008245940000000312e-03
6.695000000000000000e+03 6.696000000000000000e+03 -1.829366909999999855e-03 3.781885465999999894e-03
6.696000000000000000e+03 6.697000000000000000e+03 6.338194720000000712e-03 3.341484759000000037e-03
6.697000000000000000e+03 6.698000000000000000e+03 3.825504291000000109e-03 2.682643211999999767e-03
6.698000000000000000e+03 6.699000000000000000e+03 -1.699626472699999891e-03 1.227673308000000159e-03
6.699000000000000000e+03 6.700000000000000000e+03 3.152653711999999636e-02 1.255080768999999874e-02
6.700000000000000000e+03 6.701000000000000000e+03 5.245239369000000151e-02 1.400261959000000112e-02
6.701000000000000000e+03 6.702000000000000000e+03 2.298859876300000243e-02 1.148728983999999960e-02
6.702000000000000000e+03 6.703000000000000000e+03 1.147887990099999943e-02 1.184738463999999991e-02
6.703000000000000000e+03 6.704000000000000000e+03 8.335154079000000119e-03 8.512350269999999913e-03
6.704000000000000000e+03 6.705000000000000000e+03 1.832728368399999877e-02 6.399426619999999850e-03
6.705000000000000000e+03 6.706000000000000000e+03 8.594742416200000512e-03 5.703463109999999323e-03
6.706000000000000000e+03 6.707000000000000000e+03 9.601271669999999689e-03 4.109496736000000337e-03
6.707000000000000000e+03 6.708000000000000000e+03 6.018797439999999319e-03 3.801550075000000029e-03
6.708000000000000000e+03 6.709000000000000000e+03 -3.516135700000000766e-05 2.508490516000000045e-03
6.709000000000000000e+03 6.710000000000000000e+03 1.198712257000000055e-03 1.237025991000000047e-03
6.710000000000000000e+03 6.711000000000000000e+03 3.788812124000000281e-02 1.295139325999999924e-02
6.711000000000000000e+03 6.712000000000000000e+03 -2.548181860000000090e-03 1.249573162999999959e-02
6.712000000000000000e+03 6.713000000000000000e+03 1.618152364999999801e-02 1.028469666000000025e-02
6.713000000000000000e+03 6.714000000000000000e+03 2.310926680299999966e-02 8.783273370000000552e-03
6.714000000000000000e+03 6.715000000000000000e+03 1.364835359000000047e-02 8.531335450000000070e-03
6.715000000000000000e+03 6.716000000000000000e+03 2.162820663200000319e-03 7.009458260000000357e-03
6.716000000000000000e+03 6.717000000000000000e+03 1.310537633599999884e-02 5.754314490000000601e-03
6.717000000000000000e+03 6.718000000000000000e+03 5.314384771000000077e-03 4.959971110000000079e-03
6.718000000000000000e+03 6.719000000000000000e+03 8.897927046000000603e-03 3.840140247000000014e-03
6.719000000000000000e+03 6.720000000000000000e+03 2.311443745999999886e-03 2.500260440999999782e-03
6.720000000000000000e+03 6.721000000000000000e+03 -4.844097309999999962e-04 1.105196389000000093e-03
6.721000000000000000e+03 6.722000000000000000e+03 -9.347116343999999424e-03 1.259716592000000024e-02
6.722000000000000000e+03 6.723000000000000000e+03 2.764978156300000253e-02 1.259598347000000056e-02
6.723000000000000000e+03 6.724000000000000000e+03 6.558911076999999860e-03 9.978378149999999822e-03
6.724000000000000000e+03 6.725000000000000000e+03 5.847842739999999442e-03 1.072173937000000035e-02
6.725000000000000000e+03 6.726000000000000000e+03 2.734780032940000230e-02 9.065319319999999223e-03
6.726000000000000000e+03 6.727000000000000000e+03 2.202306046000000045e-02 7.651179769999999665e-03
6.727000000000000000e+03 6.728000000000000000e+03 1.618836904000000090e-02 5.751644030000000081e-03
6.728000000000000000e+03 6.729000000000000000e+03 6.630075319999999620e-03 5.036183629999999717e-03
6.729000000000000000e+03 6.730000000000000000e+03 -2.011765238999999907e-03 3.544996186000000035e-03
6.730000000000000000e+03 6.731000000000000000e+03 3.095169718999999774e-03 2.417860187000000095e-03
6.731000000000000000e+03 6.732000000000000000e+03 -8.184941779999999533e-04 1.399878742999999866e-03
6.732000000000000000e+03 6.733000000000000000e+03 2.217238729000000144e-02 1.226633550000000121e-02
6.733000000000000000e+03 6.734000000000000000e+03 3.219811641500000543e-02 1.234719086000000098e-02
6.734000000000000000e+03 6.735000000000000000e+03 -4.272064069999999616e-03 1.214336316999999922e-02
6.735000000000000000e+03 6.736000000000000000e+03 4.248506669999999909e-03 8.398460560000001185e-03
6.736000000000000000e+03 6.737000000000000000e+03 2.685201908000000096e-02 1.043511658999999973e-02
6.737000000000000000e+03 6.738000000000000000e+03 2.264358045999999985e-02 8.889440059999999949e-03
6.738000000000000000e+03 6.739000000000000000e+03 -4.789021780000000429e-03 5.802188980000000211e-03
6.739000000000000000e+03 6.740000000000000000e+03 3.430000310000000385e-03 4.731756109999999717e-03
6.740000000000000000e+03 6.741000000000000000e+03 5.826194570999999704e-03 3.709193849000000029e-03
6.741000000000000000e+03 6.742000000000000000e+03 1.310782538999999934e-03 2.853962663000000205e-03
6.742000000000000000e+03 6.743000000000000000e+03 -4.853232449999999578e-04 1.362291924000000060e-03
6.743000000000000000e+03 6.744000000000000000e+03 2.054394202000000072e-02 1.038860617000000007e-02
6.744000000000000000e+03 6.745000000000000000e+03 3.804656967000000223e-02 1.038735808999999982e-02
6.745000000000000000e+03 6.746000000000000000e+03 3.204946249300000272e-02 1.189045702000000003e-02
6.746000000000000000e+03 6.747000000000000000e+03 3.514695463220000177e-02 9.163497199999998816e-03
6.747000000000000000e+03 6.748000000000000000e+03 6.536492301999999310e-03 9.684050960000000971e-03
6.748000000000000000e+03 6.749000000000000000e+03 1.617159709000000334e-02 1.023884318999999932e-02
6.749000000000000000e+03 6.750000000000000000e+03 7.720622690000000614e-03 5.845167969999999664e-03
6.750000000000000000e+03 6.751000000000000000e+03 8.121784519999999605e-03 5.741897519999999804e-03
6.751000000000000000e+03 6.752000000000000000e+03 -1.705550499999999858e-04 3.225085648999999940e-03
6.752000000000000000e+03 6.753000000000000000e+03 3.969111909000000264e-03 2.960370571999999811e-03
6.753000000000000000e+03 6.754000000000000000e+03 7.001440441000000023e-04 1.334421019000000055e-03
6.754000000000000000e+03 6.755000000000000000e+03 2.120619681999999853e-02 1.225667787999999876e-02
6.755000000000000000e+03 6.756000000000000000e+03 2.574240639999999733e-02 1.056190450999999926e-02
6.756000000000000000e+03 6.757000000000000000e+03 -1.202584878999999989e-03 1.242747898000000004e-02
6.757000000000000000e+03 6.758000000000000000e+03 2.126480181999999830e-02 9.317341500000001289e-03
6.758000000000000000e+03 6.759000000000000000e+03 9.648600337999999749e-03 8.220953220000000450e-03
6.759000000000000000e+03 6.760000000000000000e+03 9.020178339999998865e-03 8.547004170000000595e-03
6.760000000000000000e+03 6.761000000000000000e+03 -2.003232163999999968e-03 6.000837390000000361e-03
6.761000000000000000e+03 6.762000000000000000e+03 4.413494296000000129e-03 5.006935970000000145e-03
6.762000000000000000e+03 6.763000000000000000e+03 4.063222614999999725e-03 3.577174105999999815e-03
6.763000000000000000e+03 6.764000000000000000e+03 -1.845620533000000112e-03 2.594225355999999795e-03
6.764000000000000000e+03 6.765000000000000000e+03 2.103771458000000278e-03 1.744010203999999883e-03
6.765000000000000000e+03 6.766000000000000000e+03 -2.196064099999999993e-04 1.245175438000000086e-02
6.766000000000000000e+03 6.767000000000000000e+03 3.272058724000000141e-02 1.217562982999999960e-02
6.767000000000000000e+03 6.768000000000000000e+03 3.008306989000000126e-02 1.197908095999999922e-02
6.768000000000000000e+03 6.769000000000000000e+03 1.952268673000000232e-02 9.811446869999998835e-03
6.769000000000000000e+03 6.770000000000000000e+03 4.225992110080000266e-03 9.269834870000000226e-03
6.770000000000000000e+03 6.771000000000000000e+03 5.366179476999999830e-03 8.116191489999998940e-03
6.771000000000000000e+03 6.772000000000000000e+03 4.321366163000000746e-03 5.797868910000000126e-03
6.772000000000000000e+03 6.773000000000000000e+03 9.016155500000000043e-04 4.967208239999999775e-03
6.773000000000000000e+03 6.774000000000000000e+03 1.020603312899999969e-02 3.167744829000000272e-03
6.774000000000000000e+03 6.775000000000000000e+03 1.342141232999999973e-03 2.288622877000000104e-03
6.775000000000000000e+03 6.776000000000000000e+03 -1.561442089999999982e-03 1.525638051999999960e-03
6.776000000000000000e+03 6.777000000000000000e+03 1.713428945900000167e-02 1.186777001000000054e-02
6.777000000000000000e+03 6.778000000000000000e+03 -2.970829967999999953e-03 1.154984735999999880e-02
6.778000000000000000e+03 6.779000000000000000e+03 4.331439890000000209e-03 9.502507199999999515e-03
6.779000000000000000e+03 6.780000000000000000e+03 2.409471637999999888e-03 8.573758970000001228e-03
6.780000000000000000e+03 6.781000000000000000e+03 1.711974617000000184e-02 7.826811769999999016e-03
6.781000000000000000e+03 6.782000000000000000e+03 1.399821683999999920e-02 7.557577920000000012e-03
6.782000000000000000e+03 6.783000000000000000e+03 1.125062793999999887e-02 6.100148520000000206e-03
6.783000000000000000e+03 6.784000000000000000e+03 -1.144566189999999964e-04 4.016604751000000043e-03
6.784000000000000000e+03 6.785000000000000000e+03 2.167387833999999923e-03 3.559492879999999991e-03
6.785000000000000000e+03 6.786000000000000000e+03 1.654699046999999956e-03 2.228757028999999931e-03
6.786000000000000000e+03 6.787000000000000000e+03 4.230210000000033483e-07 1.271521501000000016e-03
6.787000000000000000e+03 6.788000000000000000e+03 3.297797647999999721e-02 1.109054463999999997e-02
6.788000000000000000e+03 6.789000000000000000e+03 2.186396452499999796e-02 1.091068088000000068e-02
6.789000000000000000e+03 6.790000000000000000e+03 2.403698911000000035e-02 9.441599499999999909e-03
6.790000000000000000e+03 6.791000000000000000e+03 1.019189895000000012e-02 1.004527843000000038e-02
6.791000000000000000e+03 6.792000000000000000e+03 1.956147390310000039e-02 8.185727180000001296e-03
6.792000000000000000e+03 6.793000000000000000e+03 2.368637028000000061e-02 8.643103350000000407e-03
6.793000000000000000e+03 6.794000000000000000e+03 1.157666247299999999e-02 5.084339769999999745e-03
6.794000000000000000e+03 6.795000000000000000e+03 6.431097274999999537e-03 4.432357629999999701e-03
6.795000000000000000e+03 6.796000000000000000e+03 2.282476468999999723e-03 3.191902894999999827e-03
6.796000000000000000e+03 6.797000000000000000e+03 2.020401113000000210e-03 2.812825103999999719e-03
6.797000000000000000e+03 6.798000000000000000e+03 1.341730283999999912e-03 1.801362467000000014e-03
6.798000000000000000e+03 6.799000000000000000e+03 2.854589431400000182e-02 1.188924990000000091e-02
6.799000000000000000e+03 6.800000000000000000e+03 1.976039586999999917e-02 1.270868522999999903e-02
6.800000000000000000e+03 6.801000000000000000e+03 6.582064650000000322e-03 1.058647523000000139e-02
6.801000000000000000e+03 6.802000000000000000e+03 1.256771946699999920e-02 9.285147739999999317e-03
6.802000000000000000e+03 6.803000000000000000e+03 2.076086274099999893e-02 8.493029220000000018e-03
6.803000000000000000e+03 6.804000000000000000e+03 2.706070302999999747e-03 7.949362680000000500e-03
6.804000000000000000e+03 6.805000000000000000e+03 3.957164042899999519e-03 5.811521119999999568e-03
6.805000000000000000e+03 6.806000000000000000e+03 6.450602920000000386e-03 4.264941379999999740e-03
6.806000000000000000e+03 6.807000000000000000e+03 4.663505739000000164e-03 2.936193763000000123e-03
6.807000000000000000e+03 6.808000000000000000e+03 -7.775467189999999448e-05 1.530514580000000031e-03
6.808000000000000000e+03 6.809000000000000000e+03 -4.998495087000000021e-04 9.778585010000000188e-04
6.809000000000000000e+03 6.810000000000000000e+03 2.304309912000000043e-02 1.194562201000000032e-02
6.810000000000000000e+03 6.811000000000000000e+03 2.774100787900000281e-02 9.589573800000000814e-03
6.811000000000000000e+03 6.812000000000000000e+03 1.595851592269999925e-02 1.097572737999999958e-02
6.812000000000000000e+03 6.813000000000000000e+03 2.230409759500000255e-02 9.657956369999999915e-03
6.813000000000000000e+03 6.814000000000000000e+03 2.090122934999999807e-02 8.564133370000000939e-03
6.814000000000000000e+03 6.815000000000000000e+03 1.908714408000000001e-02 6.472922150000000145e-03
6.815000000000000000e+03 6.816000000000000000e+03 1.318211401999999990e-02 5.983481309999999324e-03
6.816000000000000000e+03 6.817000000000000000e+03 8.270168119999999137e-03 4.638667509999999661e-03
6.817000000000000000e+03 6.818000000000000000e+03 1.455902080000000135e-03 2.665909334000000127e-03
6.818000000000000000e+03 6.819000000000000000e+03 1.632165036400000076e-03 2.442551427000000299e-03
6.819000000000000000e+03 6.820000000000000000e+03 -1.369206349999999885e-03 9.606950180000000533e-04
6.820000000000000000e+03 6.821000000000000000e+03 1.319650274099999979e-02 1.205204619000000039e-02
6.821000000000000000e+03 6.822000000000000000e+03 1.462761215400000016e-02 1.215119245999999979e-02
6.822000000000000000e+03 6.823000000000000000e+03 1.640074010999999915e-02 9.288633430000000149e-03
6.823000000000000000e+03 6.824000000000000000e+03 1.083990358999999994e-02 7.809358259999999580e-03
6.824000000000000000e+03 6.825000000000000000e+03 4.485644781999999914e-03 7.700585660000000207e-03
6.825000000000000000e+03 6.826000000000000000e+03 1.625358037799999947e-02 7.398810490000000233e-03
6.826000000000000000e+03 6.827000000000000000e+03 -8.326173900000000822e-04 7.276450179999999560e-03
6.827000000000000000e+03 6.828000000000000000e+03 7.876881560000000004e-03 4.169750929999999599e-03
6.828000000000000000e+03 6.829000000000000000e+03 5.835044402999999859e-03 2.911904834000000018e-03
6.829000000000000000e+03 6.830000000000000000e+03 -3.120395922999999981e-03 2.184218651999999920e-03
6.830000000000000000e+03 6.831000000000000000e+03 2.552826011999999745e-03 1.529522947999999855e-03
6.831000000000000000e+03 6.832000000000000000e+03 1.489502009000000064e-02 1.139039745999999992e-02
6.832000000000000000e+03 6.833000000000000000e+03 2.611200572700000250e-02 1.109092531000000111e-02
6.833000000000000000e+03 6.834000000000000000e+03 2.724096563099999771e-02 1.048029911999999973e-02
6.834000000000000000e+03 6.835000000000000000e+03 7.039989001000000399e-03 1.142880360000000060e-02
6.835000000000000000e+03 6.836000000000000000e+03 1.120325784799999953e-02 7.458165820000000300e-03
6.836000000000000000e+03 6.837000000000000000e+03 1.219045994000000042e-02 6.843518600000000028e-03
6.837000000000000000e+03 6.838000000000000000e+03 1.542547003999999999e-02 5.856667070000000017e-03
6.838000000000000000e+03 6.839000000000000000e+03 1.329492458000000078e-02 5.348194879999999644e-03
6.839000000000000000e+03 6.840000000000000000e+03 2.496593539999999653e-03 2.932566215999999736e-03
6.840000000000000000e+03 6.841000000000000000e+03 -1.653532535599999990e-03 8.457920279999999380e-04
6.841000000000000000e+03 6.842000000000000000e+03 8.878683440000000255e-04 1.579188022999999941e-03
6.842000000000000000e+03 6.843000000000000000e+03 4.392146369999999807e-03 1.068183275999999918e-02
6.843000000000000000e+03 6.844000000000000000e+03 1.373105184799999941e-02 9.335101479999999979e-03
6.844000000000000000e+03 6.845000000000000000e+03 2.492193310300000117e-02 9.912763830000000803e-03
6.845000000000000000e+03 6.846000000000000000e+03 -1.708708089999999829e-03 9.979341779999999565e-03
6.846000000000000000e+03 6.847000000000000000e+03 2.389232479900000108e-02 9.098583730000000050e-03
6.847000000000000000e+03 6.848000000000000000e+03 7.070226203999999820e-03 7.175214820000000264e-03
6.848000000000000000e+03 6.849000000000000000e+03 1.675853563499999851e-02 7.174575969999999470e-03
6.849000000000000000e+03 6.850000000000000000e+03 2.884397950000000023e-03 4.207127090000000250e-03
6.850000000000000000e+03 6.851000000000000000e+03 1.229375528900000184e-03 3.365061178000000076e-03
6.851000000000000000e+03 6.852000000000000000e+03 -1.593077001000000031e-03 1.892989119000000045e-03
6.852000000000000000e+03 6.853000000000000000e+03 2.216674372999999885e-03 1.421696082999999956e-03
6.853000000000000000e+03 6.854000000000000000e+03 3.446861102499999829e-02 1.083729840000000055e-02
6.854000000000000000e+03 6.855000000000000000e+03 4.623740435000000398e-02 1.044145351999999950e-02
6.855000000000000000e+03 6.856000000000000000e+03 9.073240830999999493e-03 8.922297719999999766e-03
6.856000000000000000e+03 6.857000000000000000e+03 2.175136210000000112e-02 8.925373549999999004e-03
6.857000000000000000e+03 6.858000000000000000e+03 2.325283026100000150e-02 8.540931660000000702e-03
6.858000000000000000e+03 6.859000000000000000e+03 6.203229690000000053e-03 6.542666479999999750e-03
6.859000000000000000e+03 6.860000000000000000e+03 3.054432109000000152e-03 5.238584079999999803e-03
6.860000000000000000e+03 6.861000000000000000e+03 1.278497687000000084e-02 4.852775999999999618e-03
6.861000000000000000e+03 6.862000000000000000e+03 1.683273802999999931e-03 3.237902575999999834e-03
6.862000000000000000e+03 6.863000000000000000e+03 7.502707030000000483e-04 1.860192592999999894e-03
6.863000000000000000e+03 6.864000000000000000e+03 1.195728634999999917e-03 1.153591914999999848e-03
6.864000000000000000e+03 6.865000000000000000e+03 3.331360375499999721e-02 1.317571726000000068e-02
6.865000000000000000e+03 6.866000000000000000e+03 1.391616529000000088e-02 1.186753509999999984e-02
6.866000000000000000e+03 6.867000000000000000e+03 2.198305746000000019e-02 1.034659169999999941e-02
6.867000000000000000e+03 6.868000000000000000e+03 2.639197575999999851e-02 9.498516379999998732e-03
6.868000000000000000e+03 6.869000000000000000e+03 4.474364010000000599e-03 1.083642745999999907e-02
6.869000000000000000e+03 6.870000000000000000e+03 1.908158336000000121e-02 6.365901870000000191e-03
6.870000000000000000e+03 6.871000000000000000e+03 5.690955864000000163e-03 5.159681920000000824e-03
6.871000000000000000e+03 6.872000000000000000e+03 9.544989360000000764e-04 3.607900764000000239e-03
6.872000000000000000e+03 6.873000000000000000e+03 7.539918347999999965e-03 3.076862149999999921e-03
6.873000000000000000e+03 6.874000000000000000e+03 1.515582778000000054e-03 2.466868373000000343e-03
6.874000000000000000e+03 6.875000000000000000e+03 -1.971699653100000230e-03 1.130181335000000030e-03
6.875000000000000000e+03 6.876000000000000000e+03 -1.103785598999999958e-02 1.294812587000000043e-02
6.876000000000000000e+03 6.877000000000000000e+03 1.694343476000000071e-02 1.123451294000000003e-02
6.877000000000000000e+03 6.878000000000000000e+03 6.280848264000000146e-03 8.458163499999999183e-03
6.878000000000000000e+03 6.879000000000000000e+03 1.105509263000000082e-02 9.102369849999999984e-03
6.879000000000000000e+03 6.880000000000000000e+03 6.327241093000000004e-03 8.792033660000000278e-03
6.880000000000000000e+03 6.881000000000000000e+03 5.354932209999999776e-03 7.115836310000000012e-03
6.881000000000000000e+03 6.882000000000000000e+03 2.170897945000000231e-02 5.293807880000000153e-03
6.882000000000000000e+03 6.883000000000000000e+03 2.891868690000000300e-04 3.974576439999999607e-03
6.883000000000000000e+03 6.884000000000000000e+03 4.228211130000000297e-03 3.165858477999999952e-03
6.884000000000000000e+03 6.885000000000000000e+03 -1.281305454000000081e-03 2.177230491000000257e-03
6.885000000000000000e+03 6.886000000000000000e+03 -3.865580190000000404e-04 1.106745500000000078e-03
6.886000000000000000e+03 6.887000000000000000e+03 5.257558560000000214e-03 1.269654311999999889e-02
6.887000000000000000e+03 6.888000000000000000e+03 8.603852820000000567e-03 9.957109700000001118e-03
6.888000000000000000e+03 6.889000000000000000e+03 2.872727842299999806e-02 1.072123785000000072e-02
6.889000000000000000e+03 6.890000000000000000e+03 1.799899226999999990e-02 8.609329820000000827e-03
6.890000000000000000e+03 6.891000000000000000e+03 5.363193849999999679e-03 6.993793649999999890e-03
6.891000000000000000e+03 6.892000000000000000e+03 8.166190784000000591e-03 6.061481789999999953e-03
6.892000000000000000e+03 6.893000000000000000e+03 6.021433038000000362e-03 4.676447119999999763e-03
6.893000000000000000e+03 6.894000000000000000e+03 1.309802869999999878e-04 4.809296319999999819e-03
6.894000000000000000e+03 6.895000000000000000e+03 5.391354169000000737e-03 3.142298103999999984e-03
6.895000000000000000e+03 6.896000000000000000e+03 2.002837376000000166e-03 2.209465854999999920e-03
6.896000000000000000e+03 6.897000000000000000e+03 1.518848860000000084e-04 1.128210731000000048e-03
6.897000000000000000e+03 6.898000000000000000e+03 2.588129602100000190e-02 1.187183340000000017e-02
6.898000000000000000e+03 6.899000000000000000e+03 1.688007228000000179e-02 1.137320238999999997e-02
6.899000000000000000e+03 6.900000000000000000e+03 9.391073209000001115e-03 9.850064339999999030e-03
6.900000000000000000e+03 6.901000000000000000e+03 1.181426829499999942e-02 7.829559209999999853e-03
6.901000000000000000e+03 6.902000000000000000e+03 1.088635584899999911e-02 6.691403250000000150e-03
6.902000000000000000e+03 6.903000000000000000e+03 7.419512859999999668e-03 6.696453780000000133e-03
6.903000000000000000e+03 6.904000000000000000e+03 3.566180520000000048e-03 4.793849960000000701e-03
6.904000000000000000e+03 6.905000000000000000e+03 4.202175094999999888e-03 4.269548750000000219e-03
6.905000000000000000e+03 6.906000000000000000e+03 2.127105312700000236e-03 3.018873973000000058e-03
6.906000000000000000e+03 6.907000000000000000e+03 2.147390648999999898e-03 2.195241650999999686e-03
6.907000000000000000e+03 6.908000000000000000e+03 3.211721139000000159e-03 1.166548027000000000e-03
6.908000000000000000e+03 6.909000000000000000e+03 1.500943681400000035e-02 1.014520064000000096e-02
6.909000000000000000e+03 6.910000000000000000e+03 7.127952665000000278e-03 8.924633440000001236e-03
6.910000000000000000e+03 6.911000000000000000e+03 3.425416723099999894e-02 9.107700760000000256e-03
6.911000000000000000e+03 6.912000000000000000e+03 1.624570175099999958e-02 9.053995920000000239e-03
6.912000000000000000e+03 6.913000000000000000e+03 3.690567677999999959e-03 7.953259609999999147e-03
6.913000000000000000e+03 6.914000000000000000e+03 7.597860380000000767e-03 7.943393669999999906e-03
6.914000000000000000e+03 6.915000000000000000e+03 6.446726518999999940e-03 4.792721029999999667e-03
6.915000000000000000e+03 6.916000000000000000e+03 -4.066028500000000130e-04 3.990242492999999946e-03
6.916000000000000000e+03 6.917000000000000000e+03 -2.499686820999999851e-03 2.470942492000000046e-03
6.917000000000000000e+03 6.918000000000000000e+03 -2.004876427000000082e-03 1.956194670999999996e-03
6.918000000000000000e+03 6.919000000000000000e+03 3.532753151300000111e-04 3.238417926999999927e-04
6.919000000000000000e+03 6.920000000000000000e+03 1.864926788539999700e-02 1.249961136000000105e-02
6.920000000000000000e+03 6.921000000000000000e+03 1.620994953100000219e-02 1.066759013999999881e-02
6.921000000000000000e+03 6.922000000000000000e+03 1.896061644000000129e-02 8.644071369999999088e-03
6.922000000000000000e+03 6.923000000000000000e+03 2.027626899999999954e-02 8.730859030000001283e-03
6.923000000000000000e+03 6.924000000000000000e+03 1.316338180000000031e-02 9.052690250000000258e-03
6.924000000000000000e+03 6.925000000000000000e+03 1.324136861000000005e-02 6.645659330000000357e-03
6.925000000000000000e+03 6.926000000000000000e+03 4.073734709999999627e-03 5.523026649999999461e-03
6.926000000000000000e+03 6.927000000000000000e+03 -1.476043251000000098e-03 4.993249970000000412e-03
6.927000000000000000e+03 6.928000000000000000e+03 -1.926967600000000121e-03 2.477538327000000044e-03
6.928000000000000000e+03 6.929000000000000000e+03 -1.414308529000000026e-03 2.366519943999999785e-03
6.929000000000000000e+03 6.930000000000000000e+03 4.522456580000000178e-04 1.356502398000000026e-03
6.930000000000000000e+03 6.931000000000000000e+03 1.065520732499999901e-02 1.055511184000000081e-02
6.931000000000000000e+03 6.932000000000000000e+03 1.364163529999999971e-02 1.173356621000000086e-02
6.932000000000000000e+03 6.933000000000000000e+03 3.908583269999999985e-03 8.849489659999999411e-03
6.933000000000000000e+03 6.934000000000000000e+03 1.100859574000000000e-02 9.134320710000001092e-03
6.934000000000000000e+03 6.935000000000000000e+03 1.972274683999999945e-02 6.414562809999999754e-03
6.935000000000000000e+03 6.936000000000000000e+03 7.571899400000000127e-03 6.087983019999999856e-03
6.936000000000000000e+03 6.937000000000000000e+03 5.529934630000000323e-03 5.476694209999999861e-03
6.937000000000000000e+03 6.938000000000000000e+03 5.126090358999999680e-03 4.369394829999999688e-03
6.938000000000000000e+03 6.939000000000000000e+03 5.824969375999999519e-03 2.740803685999999850e-03
6.939000000000000000e+03 6.940000000000000000e+03 -1.077410108200000174e-03 2.011429798000000189e-03
6.940000000000000000e+03 6.941000000000000000e+03 2.225323156000000215e-03 1.440278207999999950e-03
6.941000000000000000e+03 6.942000000000000000e+03 1.554018063500000116e-02 9.962545150000000002e-03
6.942000000000000000e+03 6.943000000000000000e+03 1.771650676600000293e-02 1.006564102999999918e-02
6.943000000000000000e+03 6.944000000000000000e+03 2.092627693999999858e-02 9.887640159999998984e-03
6.944000000000000000e+03 6.945000000000000000e+03 3.283786596999999780e-02 8.754287919999999279e-03
6.945000000000000000e+03 6.946000000000000000e+03 5.848259562999999668e-03 7.486917699999999856e-03
6.946000000000000000e+03 6.947000000000000000e+03 1.852841600999999977e-02 6.534345290000000139e-03
6.947000000000000000e+03 6.948000000000000000e+03 6.142802127000000084e-03 5.393797740000000167e-03
6.948000000000000000e+03 6.949000000000000000e+03 -1.972507689999999925e-03 4.462235779999999645e-03
6.949000000000000000e+03 6.950000000000000000e+03 -1.747142529999999973e-03 3.200098362000000033e-03
6.950000000000000000e+03 6.951000000000000000e+03 -3.362475146000000036e-03 2.089508478999999724e-03
6.951000000000000000e+03 6.952000000000000000e+03 9.755858947999999963e-04 9.211654069999999396e-04
6.952000000000000000e+03 6.953000000000000000e+03 2.526749512000000045e-02 1.147002903999999948e-02
6.953000000000000000e+03 6.954000000000000000e+03 1.756497933999999830e-02 1.005124659000000004e-02
6.954000000000000000e+03 6.955000000000000000e+03 2.594709860000000284e-02 9.975058070000000776e-03
6.955000000000000000e+03 6.956000000000000000e+03 2.878712109999999845e-03 8.874959550000000377e-03
6.956000000000000000e+03 6.957000000000000000e+03 2.044999662000000079e-02 8.117932849999998784e-03
6.957000000000000000e+03 6.958000000000000000e+03 6.730524694999999273e-03 6.152817499999999398e-03
6.958000000000000000e+03 6.959000000000000000e+03 1.056515507109999884e-02 4.564096790000000438e-03
6.959000000000000000e+03 6.960000000000000000e+03 3.412736684999999846e-03 3.967432528000000395e-03
6.960000000000000000e+03 6.961000000000000000e+03 3.282876136999999996e-03 2.281516866999999931e-03
6.961000000000000000e+03 6.962000000000000000e+03 9.402573689999999419e-04 1.239352921999999991e-03
6.962000000000000000e+03 6.963000000000000000e+03 -9.639962609999999914e-04 9.993329899999998586e-04
6.963000000000000000e+03 6.964000000000000000e+03 -1.375256995000000192e-04 1.176172923000000023e-02
6.964000000000000000e+03 6.965000000000000000e+03 4.807264179999999609e-04 1.226634347999999881e-02
6.965000000000000000e+03 6.966000000000000000e+03 2.398876901900000302e-02 1.107355114000000036e-02
6.966000000000000000e+03 6.967000000000000000e+03 1.186894456000000056e-02 9.853438270000000609e-03
6.967000000000000000e+03 6.968000000000000000e+03 2.185377280000000075e-02 6.201489129999999614e-03
6.968000000000000000e+03 6.969000000000000000e+03 3.488774278000000232e-03 6.380525760000000171e-03
6.969000000000000000e+03 6.970000000000000000e+03 6.350485890000000244e-03 5.050189530000000551e-03
6.970000000000000000e+03 6.971000000000000000e+03 5.237384480000000127e-03 3.991262134999999656e-03
6.971000000000000000e+03 6.972000000000000000e+03 6.050801490000000393e-03 3.108135485999999944e-03
6.972000000000000000e+03 6.973000000000000000e+03 2.816674659199999622e-03 2.131296457999999876e-03
6.973000000000000000e+03 6.974000000000000000e+03 -5.364354350000000334e-04 5.272064519999999357e-04
6.974000000000000000e+03 6.975000000000000000e+03 1.890939610850000258e-02 1.040554404999999988e-02
6.975000000000000000e+03 6.976000000000000000e+03 3.334839374999999835e-03 1.186476612000000007e-02
6.976000000000000000e+03 6.977000000000000000e+03 2.452651819999999983e-02 8.873035799999999876e-03
6.977000000000000000e+03 6.978000000000000000e+03 1.366497330899999960e-02 8.778686470000001546e-03
6.978000000000000000e+03 6.979000000000000000e+03 2.360317177999999780e-02 8.507124240000000365e-03
6.979000000000000000e+03 6.980000000000000000e+03 7.873467020000000233e-03 7.107563509999999599e-03
6.980000000000000000e+03 6.981000000000000000e+03 6.417003560169999912e-03 4.668730289999999984e-03
6.981000000000000000e+03 6.982000000000000000e+03 9.376193720000000273e-03 4.791116033999999642e-03
6.982000000000000000e+03 6.983000000000000000e+03 4.155345639000000008e-03 3.005278264999999924e-03
6.983000000000000000e+03 6.984000000000000000e+03 -2.053878254999999715e-03 2.140749813000000171e-03
6.984000000000000000e+03 6.985000000000000000e+03 1.103924444000000012e-03 1.378985881000000056e-03
6.985000000000000000e+03 6.986000000000000000e+03 7.794352238999999530e-03 8.735902499999999987e-03
6.986000000000000000e+03 6.987000000000000000e+03 2.813261875000000120e-02 9.266706149999999823e-03
6.987000000000000000e+03 6.988000000000000000e+03 7.789437859999999783e-03 7.686552749999999747e-03
6.988000000000000000e+03 6.989000000000000000e+03 1.605683309800000000e-02 9.106116189999999277e-03
6.989000000000000000e+03 6.990000000000000000e+03 1.565263940299999740e-02 7.220094769999999343e-03
6.990000000000000000e+03 6.991000000000000000e+03 8.368527510000001168e-03 7.639946110000000318e-03
6.991000000000000000e+03 6.992000000000000000e+03 7.599044701999999908e-03 5.067535859999999781e-03
6.992000000000000000e+03 6.993000000000000000e+03 -2.785654794999999680e-03 3.073356471000000031e-03
6.993000000000000000e+03 6.994000000000000000e+03 1.318458753000000027e-03 2.646635610999999774e-03
6.994000000000000000e+03 6.995000000000000000e+03 1.165520639000000016e-03 1.776493394000000026e-03
6.995000000000000000e+03 6.996000000000000000e+03 -9.274748830000000130e-04 8.688823209999999844e-04
6.996000000000000000e+03 6.997000000000000000e+03 3.796217150000000002e-03 8.457524450000000055e-03
6.997000000000000000e+03 6.998000000000000000e+03 1.979649849699999936e-02 1.065924952999999960e-02
6.998000000000000000e+03 6.999000000000000000e+03 2.075011276999999890e-02 8.113366679999999345e-03
6.999000000000000000e+03 7.000000000000000000e+03 2.488143045999999942e-02 8.276832879999999545e-03
7.000000000000000000e+03 7.001000000000000000e+03 6.958282100000000346e-04 6.792359289999999258e-03
7.001000000000000000e+03 7.002000000000000000e+03 -9.498309780000000271e-04 6.897013329999999998e-03
7.002000000000000000e+03 7.003000000000000000e+03 -1.288615619000000028e-03 5.633097850000000177e-03
7.003000000000000000e+03 7.004000000000000000e+03 5.164444667000000176e-03 3.684208247999999890e-03
7.004000000000000000e+03 7.005000000000000000e+03 -3.211123750000000445e-04 2.553780413999999933e-03
7.005000000000000000e+03 7.006000000000000000e+03 1.818486610999999961e-03 2.072519677999999990e-03
7.006000000000000000e+03 7.007000000000000000e+03 -6.454362070000000317e-04 8.607964160000000078e-04
7.007000000000000000e+03 7.008000000000000000e+03 2.024435519000000044e-02 1.093864809000000098e-02
7.008000000000000000e+03 7.009000000000000000e+03 2.683850887000000136e-03 9.347679350000000567e-03
7.009000000000000000e+03 7.010000000000000000e+03 1.408217858400000015e-02 8.571775460000000124e-03
7.010000000000000000e+03 7.011000000000000000e+03 2.625821551299999806e-02 8.328338479999999183e-03
7.011000000000000000e+03 7.012000000000000000e+03 2.939006136999999970e-03 7.482923130000000179e-03
7.012000000000000000e+03 7.013000000000000000e+03 4.814101095999999934e-03 5.887678359999999785e-03
7.013000000000000000e+03 7.014000000000000000e+03 3.102223050000000107e-03 4.905496919999999435e-03
7.014000000000000000e+03 7.015000000000000000e+03 9.310043589000000300e-03 4.361425878999999894e-03
7.015000000000000000e+03 7.016000000000000000e+03 4.432731270000000307e-04 2.567161171999999842e-03
7.016000000000000000e+03 7.017000000000000000e+03 -1.157221671000000082e-03 2.115932762000000047e-03
7.017000000000000000e+03 7.018000000000000000e+03 -4.553455329999999963e-04 1.120862853999999870e-03
7.018000000000000000e+03 7.019000000000000000e+03 8.938055849999999511e-03 1.105507861000000133e-02
7.019000000000000000e+03 7.020000000000000000e+03 2.001661339000000012e-02 1.156872236999999942e-02
7.020000000000000000e+03 7.021000000000000000e+03 2.303070554300000114e-02 7.614898935999999882e-03
7.021000000000000000e+03 7.022000000000000000e+03 7.112746399999999788e-03 8.180440869999999753e-03
7.022000000000000000e+03 7.023000000000000000e+03 1.248241982000000000e-02 6.512911320000000157e-03
7.023000000000000000e+03 7.024000000000000000e+03 1.417549373000000050e-02 5.544722549999999729e-03
7.024000000000000000e+03 7.025000000000000000e+03 7.020308869999999403e-03 4.589736009999999602e-03
7.025000000000000000e+03 7.026000000000000000e+03 3.138967293000000016e-03 3.749086027999999887e-03
7.026000000000000000e+03 7.027000000000000000e+03 6.784786989999999629e-04 2.358045732000000130e-03
7.027000000000000000e+03 7.028000000000000000e+03 1.239955613100000072e-03 1.772984570000000126e-03
7.028000000000000000e+03 7.029000000000000000e+03 1.044899880999999907e-03 1.247591306000000013e-03
7.029000000000000000e+03 7.030000000000000000e+03 2.509090311299999945e-02 1.043686844999999926e-02
7.030000000000000000e+03 7.031000000000000000e+03 1.152936667200000001e-02 9.862110081000000431e-03
7.031000000000000000e+03 7.032000000000000000e+03 1.757348764200000052e-02 9.022491109999999231e-03
7.032000000000000000e+03 7.033000000000000000e+03 1.161186008999999866e-02 8.579075250000000111e-03
7.033000000000000000e+03 7.034000000000000000e+03 5.417458599999999767e-04 7.055648500000000038e-03
7.034000000000000000e+03 7.035000000000000000e+03 1.224151779999999891e-02 6.480987929999999439e-03
7.035000000000000000e+03 7.036000000000000000e+03 8.329504830000000748e-03 4.016228929999999912e-03
7.036000000000000000e+03 7.037000000000000000e+03 1.888812780000000049e-03 2.944890349999999823e-03
7.037000000000000000e+03 7.038000000000000000e+03 -2.311371989999999837e-04 2.558396031999999980e-03
7.038000000000000000e+03 7.039000000000000000e+03 -1.200772661000000085e-03 1.940764600999999971e-03
7.039000000000000000e+03 7.040000000000000000e+03 -6.074170212000000501e-04 8.162212700000000092e-04
7.040000000000000000e+03 7.041000000000000000e+03 -7.562926299999999649e-04 9.460399757999999118e-03
7.041000000000000000e+03 7.042000000000000000e+03 1.454325604299999859e-02 8.062974972999998810e-03
7.042000000000000000e+03 7.043000000000000000e+03 1.308107791999999978e-02 8.436356390000000066e-03
7.043000000000000000e+03 7.044000000000000000e+03 8.160251684000001046e-03 7.582109200000000139e-03
7.044000000000000000e+03 7.045000000000000000e+03 1.350963338699999981e-02 7.268475990000000317e-03
7.045000000000000000e+03 7.046000000000000000e+03 4.605882072000000091e-03 6.168020280000000369e-03
7.046000000000000000e+03 7.047000000000000000e+03 3.425698715000000203e-03 5.089613039999999616e-03
7.047000000000000000e+03 7.048000000000000000e+03 -4.296055599999999350e-04 3.193224354000000036e-03
7.048000000000000000e+03 7.049000000000000000e+03 1.774440266999999976e-03 2.189335184000000285e-03
7.049000000000000000e+03 7.050000000000000000e+03 -1.665111824000000112e-03 1.542153124000000038e-03
7.050000000000000000e+03 7.051000000000000000e+03 -2.194932639999999961e-04 1.133684640000000082e-03
7.051000000000000000e+03 7.052000000000000000e+03 -2.109879342000000203e-03 1.204828546999999958e-02
7.052000000000000000e+03 7.053000000000000000e+03 1.380862284299999923e-02 9.390229649999999942e-03
7.053000000000000000e+03 7.054000000000000000e+03 1.213388417499999990e-02 8.389165850000001451e-03
7.054000000000000000e+03 7.055000000000000000e+03 1.246527997399999969e-02 9.640479839999998787e-03
7.055000000000000000e+03 7.056000000000000000e+03 2.125591739000000022e-02 7.881905130000000162e-03
7.056000000000000000e+03 7.057000000000000000e+03 1.368002025000000094e-02 6.185904680000000634e-03
7.057000000000000000e+03 7.058000000000000000e+03 1.151627426999999974e-02 5.881517939999999882e-03
7.058000000000000000e+03 7.059000000000000000e+03 1.011770686899999931e-02 3.849150013999999911e-03
7.059000000000000000e+03 7.060000000000000000e+03 2.970136687000000247e-03 2.946581191999999867e-03
7.060000000000000000e+03 7.061000000000000000e+03 1.853412276000000010e-03 1.813968402999999912e-03
7.061000000000000000e+03 7.062000000000000000e+03 8.073317280000000176e-04 7.854657019999999618e-04
7.062000000000000000e+03 7.063000000000000000e+03 2.639021076999999854e-02 1.141294282000000077e-02
7.063000000000000000e+03 7.064000000000000000e+03 1.219021776199999928e-02 6.571477495999999800e-03
7.064000000000000000e+03 7.065000000000000000e+03 2.723026939899999763e-02 1.004169962999999950e-02
7.065000000000000000e+03 7.066000000000000000e+03 4.634624528999999570e-03 8.131751109999999991e-03
7.066000000000000000e+03 7.067000000000000000e+03 2.011570546000000098e-02 6.426254860000000201e-03
7.067000000000000000e+03 7.068000000000000000e+03 8.075751779999999422e-03 5.646091649999999788e-03
7.068000000000000000e+03 7.069000000000000000e+03 6.436782024299999780e-03 4.996028290000000156e-03
7.069000000000000000e+03 7.070000000000000000e+03 4.210716127000000558e-03 3.743170103000000113e-03
7.070000000000000000e+03 7.071000000000000000e+03 -1.369499259999999979e-03 2.971821349999999827e-03
7.071000000000000000e+03 7.072000000000000000e+03 -5.016520019999999927e-04 1.549989364999999940e-03
7.072000000000000000e+03 7.073000000000000000e+03 1.830132398599999951e-03 1.484145896999999967e-03
7.073000000000000000e+03 7.074000000000000000e+03 3.800887112999999651e-02 1.121219312000000003e-02
7.074000000000000000e+03 7.075000000000000000e+03 -3.804300530000000093e-03 9.270060639999999283e-03
7.075000000000000000e+03 7.076000000000000000e+03 1.239592140000000085e-02 8.615881420000000637e-03
7.076000000000000000e+03 7.077000000000000000e+03 2.042728809800000225e-02 8.538967720000000330e-03
7.077000000000000000e+03 7.078000000000000000e+03 1.114754119999999959e-02 6.199608280000000297e-03
7.078000000000000000e+03 7.079000000000000000e+03 1.170546289999999882e-03 6.610231829999999552e-03
7.079000000000000000e+03 7.080000000000000000e+03 1.169213988999999974e-02 4.898445730000000088e-03
7.080000000000000000e+03 7.081000000000000000e+03 6.359645621000000262e-03 3.913502412999999777e-03
7.081000000000000000e+03 7.082000000000000000e+03 -1.588358940400000060e-03 2.173948272999999976e-03
7.082000000000000000e+03 7.083000000000000000e+03 -2.155375686000000034e-03 1.061464345999999946e-03
7.083000000000000000e+03 7.084000000000000000e+03 -5.527699250000000369e-04 8.952152779999999598e-04
7.084000000000000000e+03 7.085000000000000000e+03 1.732827290999999770e-02 9.786923749999999061e-03
7.085000000000000000e+03 7.086000000000000000e+03 1.885423514999999897e-02 1.030105226999999957e-02
7.086000000000000000e+03 7.087000000000000000e+03 2.050418411800000035e-02 7.676009993000000066e-03
7.087000000000000000e+03 7.088000000000000000e+03 1.157615544999999850e-02 9.456940320000000941e-03
7.088000000000000000e+03 7.089000000000000000e+03 3.273781700000000152e-03 7.446600290000000844e-03
7.089000000000000000e+03 7.090000000000000000e+03 9.260352089999999980e-03 6.351307569999999937e-03
7.090000000000000000e+03 7.091000000000000000e+03 4.868266056000000210e-03 4.096838089999999856e-03
7.091000000000000000e+03 7.092000000000000000e+03 9.419372400000000211e-04 4.376594733999999813e-03
7.092000000000000000e+03 7.093000000000000000e+03 8.565247149999999626e-04 2.146285087000000032e-03
7.093000000000000000e+03 7.094000000000000000e+03 9.952477916000000615e-04 1.372703625999999958e-03
7.094000000000000000e+03 7.095000000000000000e+03 5.395764130000000290e-04 8.963206180000000620e-04
7.095000000000000000e+03 7.096000000000000000e+03 3.326012451499999606e-02 1.087395346999999943e-02
7.096000000000000000e+03 7.097000000000000000e+03 -1.784667033000000066e-03 8.891978719999998892e-03
7.097000000000000000e+03 7.098000000000000000e+03 8.609674551999998982e-03 6.458091780000000358e-03
7.098000000000000000e+03 7.099000000000000000e+03 2.308934921999999945e-02 8.332305150000000188e-03
7.099000000000000000e+03 7.100000000000000000e+03 8.224754192000000019e-03 6.376598249999999683e-03
7.100000000000000000e+03 7.101000000000000000e+03 8.320009530000000222e-03 5.997250990000000358e-03
7.101000000000000000e+03 7.102000000000000000e+03 1.611453595330000071e-02 5.463308659999999151e-03
7.102000000000000000e+03 7.103000000000000000e+03 5.043656896999999979e-03 3.594071307999999968e-03
7.103000000000000000e+03 7.104000000000000000e+03 4.661688388999999516e-03 2.755978190999999744e-03
7.104000000000000000e+03 7.105000000000000000e+03 -2.692933399999999813e-04 1.459276134000000134e-03
7.105000000000000000e+03 7.106000000000000000e+03 2.070965800000000191e-06 8.288226469999999090e-04
7.106000000000000000e+03 7.107000000000000000e+03 1.894605228200000116e-02 9.239495749999999952e-03
7.107000000000000000e+03 7.108000000000000000e+03 2.373459358000000116e-02 8.442613653999999843e-03
7.108000000000000000e+03 7.109000000000000000e+03 1.207545653000000052e-02 8.660612899999999698e-03
7.109000000000000000e+03 7.110000000000000000e+03 1.297525944000000112e-02 6.959055500000000186e-03
7.110000000000000000e+03 7.111000000000000000e+03 1.275682137000000091e-02 6.484003159999999696e-03
7.111000000000000000e+03 7.112000000000000000e+03 1.074701109999999949e-03 5.297281999999999512e-03
7.112000000000000000e+03 7.113000000000000000e+03 4.048198591000000054e-03 4.456052500000000013e-03
7.113000000000000000e+03 7.114000000000000000e+03 -2.778329460000000068e-04 3.340939355000000117e-03
7.114000000000000000e+03 7.115000000000000000e+03 -3.130740466000000218e-03 1.972957331999999984e-03
7.115000000000000000e+03 7.116000000000000000e+03 3.811009879000000142e-03 1.899993162999999994e-03
7.116000000000000000e+03 7.117000000000000000e+03 1.774448059999999953e-04 7.916060129999999851e-04
7.117000000000000000e+03 7.118000000000000000e+03 1.782657919000000049e-02 8.972658510000000240e-03
7.118000000000000000e+03 7.119000000000000000e+03 2.293267861000000338e-03 1.012562539000000025e-02
7.119000000000000000e+03 7.120000000000000000e+03 1.769778016400000084e-02 9.392844679999999905e-03
7.120000000000000000e+03 7.121000000000000000e+03 8.686482344999999633e-03 7.572622309999999836e-03
7.121000000000000000e+03 7.122000000000000000e+03 6.732245557999999921e-03 5.760693580000000175e-03
7.122000000000000000e+03 7.123000000000000000e+03 1.183134690000000027e-03 5.888432889999999781e-03
7.123000000000000000e+03 7.124000000000000000e+03 5.289228379999999334e-03 4.495508559999999987e-03
7.124000000000000000e+03 7.125000000000000000e+03 -2.251370626000000034e-03 3.400976660999999960e-03
7.125000000000000000e+03 7.126000000000000000e+03 1.206096485999999827e-03 2.597619864999999809e-03
7.126000000000000000e+03 7.127000000000000000e+03 -2.086237950000000062e-04 1.583386077999999900e-03
7.127000000000000000e+03 7.128000000000000000e+03 2.935197740000000037e-04 8.374662689999999359e-04
7.128000000000000000e+03 7.129000000000000000e+03 2.383714809700000076e-02 1.008235239000000033e-02
7.129000000000000000e+03 7.130000000000000000e+03 1.496651998799999883e-02 1.013763975999999907e-02
7.130000000000000000e+03 7.131000000000000000e+03 2.595639668000000039e-02 8.992210590000000725e-03
7.131000000000000000e+03 7.132000000000000000e+03 1.666835201000000169e-02 6.223167289999999643e-03
7.132000000000000000e+03 7.133000000000000000e+03 1.383249658999999993e-02 6.535905269999999628e-03
7.133000000000000000e+03 7.134000000000000000e+03 9.074876219999999938e-03 4.707278280000000252e-03
7.134000000000000000e+03 7.135000000000000000e+03 4.797434545999999279e-03 4.210094462000000051e-03
7.135000000000000000e+03 7.136000000000000000e+03 1.435886319399999958e-02 3.633466061000000316e-03
7.136000000000000000e+03 7.137000000000000000e+03 -8.640203100000000197e-05 2.613377080000000175e-03
7.137000000000000000e+03 7.138000000000000000e+03 1.431150045999999990e-03 1.173053539999999867e-03
7.138000000000000000e+03 7.139000000000000000e+03 -8.146862249999999267e-05 6.930128150000000077e-04
7.139000000000000000e+03 7.140000000000000000e+03 2.986678295000000025e-02 1.011898460999999944e-02
7.140000000000000000e+03 7.141000000000000000e+03 1.197549569399999903e-02 8.816791911000000301e-03
7.141000000000000000e+03 7.142000000000000000e+03 7.142976518999999760e-03 8.507016239999999965e-03
7.142000000000000000e+03 7.143000000000000000e+03 7.231194310000000312e-03 6.901828349999999945e-03
7.143000000000000000e+03 7.144000000000000000e+03 7.473600700000000187e-04 6.753202070000000404e-03
7.144000000000000000e+03 7.145000000000000000e+03 7.274627504000000244e-03 6.127019330000000458e-03
7.145000000000000000e+03 7.146000000000000000e+03 6.612480703799999623e-03 4.767854620000000314e-03
7.146000000000000000e+03 7.147000000000000000e+03 2.899283689999999740e-03 3.807854079999999954e-03
7.147000000000000000e+03 7.148000000000000000e+03 6.677974922999999931e-03 3.678572370999999997e-03
7.148000000000000000e+03 7.149000000000000000e+03 2.747236903999999980e-03 1.520609542000000026e-03
7.149000000000000000e+03 7.150000000000000000e+03 -4.596652859999999933e-04 8.217422469999999691e-04
7.150000000000000000e+03 7.151000000000000000e+03 1.735915395500000138e-02 9.667973115000000686e-03
7.151000000000000000e+03 7.152000000000000000e+03 2.516804186049999975e-02 9.426246402000000232e-03
7.152000000000000000e+03 7.153000000000000000e+03 1.605238433999999978e-02 9.435809040000001438e-03
7.153000000000000000e+03 7.154000000000000000e+03 1.470571021000000034e-02 6.350969720000000304e-03
7.154000000000000000e+03 7.155000000000000000e+03 7.177638550000000478e-03 7.906725570000000189e-03
7.155000000000000000e+03 7.156000000000000000e+03 8.036175891000000779e-03 5.127500200000000181e-03
7.156000000000000000e+03 7.157000000000000000e+03 9.678968549300000918e-03 4.666577259999999706e-03
7.157000000000000000e+03 7.158000000000000000e+03 3.283613126999999823e-03 3.140116938999999805e-03
7.158000000000000000e+03 7.159000000000000000e+03 -1.668081353999999964e-03 2.080318036999999690e-03
7.159000000000000000e+03 7.160000000000000000e+03 -2.836254940000000209e-05 1.335168551000000042e-03
7.160000000000000000e+03 7.161000000000000000e+03 4.760518999999999949e-04 9.722269950000000070e-04
7.161000000000000000e+03 7.162000000000000000e+03 2.638675648799999884e-02 1.136648227999999955e-02
7.162000000000000000e+03 7.163000000000000000e+03 1.775379587600000100e-02 8.580669570000001162e-03
7.163000000000000000e+03 7.164000000000000000e+03 1.391538555600000011e-02 6.827582723999999284e-03
7.164000000000000000e+03 7.165000000000000000e+03 1.840871142999999863e-02 9.201292340000000181e-03
7.165000000000000000e+03 7.166000000000000000e+03 1.295761298999999894e-02 6.543780550000000314e-03
7.166000000000000000e+03 7.167000000000000000e+03 7.391230672999999848e-03 5.398890970000000400e-03
7.167000000000000000e+03 7.168000000000000000e+03 1.059508428900000042e-02 4.939164429999999377e-03
7.168000000000000000e+03 7.169000000000000000e+03 3.639697866000000340e-03 3.551322928000000181e-03
7.169000000000000000e+03 7.170000000000000000e+03 -2.746969782999999620e-03 2.459092549999999933e-03
7.170000000000000000e+03 7.171000000000000000e+03 4.645022599999999561e-05 1.150196164000000026e-03
7.171000000000000000e+03 7.172000000000000000e+03 1.986783181999999918e-03 1.066244339999999988e-03
7.172000000000000000e+03 7.173000000000000000e+03 1.474709182599999967e-02 8.653962809999998784e-03
7.173000000000000000e+03 7.174000000000000000e+03 2.435680570700000241e-02 9.181873059999999878e-03
7.174000000000000000e+03 7.175000000000000000e+03 1.689771319000000008e-02 8.311397349999999351e-03
7.175000000000000000e+03 7.176000000000000000e+03 -1.103768305000000062e-03 8.067637560000000263e-03
7.176000000000000000e+03 7.177000000000000000e+03 3.410843683999999643e-03 5.777243599999999819e-03
7.177000000000000000e+03 7.178000000000000000e+03 5.734738550000000046e-03 6.123422130000000241e-03
7.178000000000000000e+03 7.179000000000000000e+03 -1.237460300000000008e-03 4.363176939999999573e-03
7.179000000000000000e+03 7.180000000000000000e+03 5.615682904000000170e-03 3.834292976999999995e-03
7.180000000000000000e+03 7.181000000000000000e+03 -2.272838137000000001e-03 1.760129403999999937e-03
7.181000000000000000e+03 7.182000000000000000e+03 1.485159972000000021e-03 1.512202582999999873e-03
7.182000000000000000e+03 7.183000000000000000e+03 -4.190252100000000491e-05 5.848633169999999538e-04
7.183000000000000000e+03 7.184000000000000000e+03 1.651336172170000255e-02 8.896645978999999024e-03
7.184000000000000000e+03 7.185000000000000000e+03 8.752713619999999764e-03 8.244048440000000325e-03
7.185000000000000000e+03 7.186000000000000000e+03 1.552757508999999883e-02 7.232133081999999637e-03
7.186000000000000000e+03 7.187000000000000000e+03 8.264234420000000567e-03 7.846806730000000993e-03
7.187000000000000000e+03 7.188000000000000000e+03 9.902390679999999515e-03 6.508238569999999848e-03
7.188000000000000000e+03 7.189000000000000000e+03 2.548548057999999641e-03 6.020673480000000508e-03
7.189000000000000000e+03 7.190000000000000000e+03 3.951494774000000217e-03 3.585390404000000052e-03
7.190000000000000000e+03 7.191000000000000000e+03 1.185136594899999923e-02 3.688796053000000050e-03
7.191000000000000000e+03 7.192000000000000000e+03 2.210164487999999924e-03 2.341623992000000081e-03
7.192000000000000000e+03 7.193000000000000000e+03 -1.207805496050000068e-03 9.702296420000000067e-04
7.193000000000000000e+03 7.194000000000000000e+03 -7.491238975999999460e-04 5.600887330000000339e-04
7.194000000000000000e+03 7.195000000000000000e+03 2.810785405999999959e-02 9.419836819999999333e-03
7.195000000000000000e+03 7.196000000000000000e+03 3.071299091999999883e-02 9.536497729999999368e-03
7.196000000000000000e+03 7.197000000000000000e+03 1.533963870999999896e-02 7.622587432000000121e-03
7.197000000000000000e+03 7.198000000000000000e+03 1.660801080000000058e-03 6.529434920000000420e-03
7.198000000000000000e+03 7.199000000000000000e+03 7.473105189000000398e-03 6.395430629999999776e-03
7.199000000000000000e+03 7.200000000000000000e+03 -4.081114550000000674e-03 5.457971160000000058e-03
7.200000000000000000e+03 7.201000000000000000e+03 8.014033280000000016e-04 3.725854714999999977e-03
7.201000000000000000e+03 7.202000000000000000e+03 -3.058454567000000283e-03 2.529906541999999738e-03
7.202000000000000000e+03 7.203000000000000000e+03 1.819092325000000020e-03 2.685850952999999704e-03
7.203000000000000000e+03 7.204000000000000000e+03 -4.478391100000000003e-04 1.976723196999999755e-03
7.204000000000000000e+03 7.205000000000000000e+03 -9.423100889999999922e-04 9.614045479999999916e-04
7.205000000000000000e+03 7.206000000000000000e+03 2.562489643600000117e-02 9.721402290000000224e-03
7.206000000000000000e+03 7.207000000000000000e+03 1.255157089999999961e-02 8.573651769999999367e-03
7.207000000000000000e+03 7.208000000000000000e+03 2.947662365999999950e-02 7.321088620000000026e-03
7.208000000000000000e+03 7.209000000000000000e+03 1.159783829599999976e-02 6.705198399999999156e-03
7.209000000000000000e+03 7.210000000000000000e+03 6.650877400000000488e-03 7.288926450000000196e-03
7.210000000000000000e+03 7.211000000000000000e+03 1.478968130099999993e-02 6.087578889999999653e-03
7.211000000000000000e+03 7.212000000000000000e+03 -2.379094820000000193e-03 4.237177449999999894e-03
7.212000000000000000e+03 7.213000000000000000e+03 2.888708946999999933e-03 2.549972286000000334e-03
7.213000000000000000e+03 7.214000000000000000e+03 -3.866434426999999785e-03 1.962457741999999988e-03
7.214000000000000000e+03 7.215000000000000000e+03 -9.972002399999999967e-05 2.026028172000000210e-03
7.215000000000000000e+03 7.216000000000000000e+03 1.107878520299999990e-03 1.178996077999999986e-03
7.216000000000000000e+03 7.217000000000000000e+03 -4.136767466999999830e-03 1.023394568999999935e-02
7.217000000000000000e+03 7.218000000000000000e+03 1.158233479799999910e-02 9.850618809999999587e-03
7.218000000000000000e+03 7.219000000000000000e+03 1.503610725999999891e-02 7.221795300000000140e-03
7.219000000000000000e+03 7.220000000000000000e+03 1.057971305299999949e-02 7.664937409999999368e-03
7.220000000000000000e+03 7.221000000000000000e+03 7.805520720000000412e-03 7.715611319999999412e-03
7.221000000000000000e+03 7.222000000000000000e+03 1.086947404999999943e-02 6.061142099999999866e-03
7.222000000000000000e+03 7.223000000000000000e+03 -2.412364614099999759e-03 5.554698280000000023e-03
7.223000000000000000e+03 7.224000000000000000e+03 9.563640046000000672e-03 4.385576815999999746e-03
7.224000000000000000e+03 7.225000000000000000e+03 1.055546262999999905e-03 2.224381842000000206e-03
7.225000000000000000e+03 7.226000000000000000e+03 1.527876374610000199e-03 1.358068512999999937e-03
7.226000000000000000e+03 7.227000000000000000e+03 -7.737215886000000124e-04 6.698365710000000377e-04
7.227000000000000000e+03 7.228000000000000000e+03 -1.361189704000000068e-03 9.669173590000001636e-03
7.228000000000000000e+03 7.229000000000000000e+03 1.360364757800000025e-02 8.466802654999999386e-03
7.229000000000000000e+03 7.230000000000000000e+03 8.360910039999999016e-03 7.521229840000000048e-03
7.230000000000000000e+03 7.231000000000000000e+03 1.353274422000000018e-02 7.819401299999998931e-03
7.231000000000000000e+03 7.232000000000000000e+03 9.512278469999999736e-03 7.113360239999999904e-03
7.232000000000000000e+03 7.233000000000000000e+03 2.130801430000000066e-02 5.441263529999999619e-03
7.233000000000000000e+03 7.234000000000000000e+03 8.202197840000001461e-03 5.036719739999999911e-03
7.234000000000000000e+03 7.235000000000000000e+03 -4.356508420000000312e-03 4.137826224000000670e-03
7.235000000000000000e+03 7.236000000000000000e+03 2.908024848000000020e-03 2.456873442000000012e-03
7.236000000000000000e+03 7.237000000000000000e+03 -6.086983083999999468e-04 1.539000545999999990e-03
7.237000000000000000e+03 7.238000000000000000e+03 7.190369930000000895e-04 8.174481739999999797e-04
7.238000000000000000e+03 7.239000000000000000e+03 1.493202187699999885e-02 6.992482022999999859e-03
7.239000000000000000e+03 7.240000000000000000e+03 2.783257610999999646e-03 8.381723162000000865e-03
7.240000000000000000e+03 7.241000000000000000e+03 1.838843160999999865e-02 8.387283590000000830e-03
7.241000000000000000e+03 7.242000000000000000e+03 2.024647661200000212e-02 7.724349620000000270e-03
7.242000000000000000e+03 7.243000000000000000e+03 1.468009295000000103e-02 7.853756329999999480e-03
7.243000000000000000e+03 7.244000000000000000e+03 2.244036833999999737e-03 4.808097679999999777e-03
7.244000000000000000e+03 7.245000000000000000e+03 3.425233653999999739e-03 3.914320086999999865e-03
7.245000000000000000e+03 7.246000000000000000e+03 6.873115969889999864e-03 3.698793719999999858e-03
7.246000000000000000e+03 7.247000000000000000e+03 1.803918159999999852e-03 2.227270221000000362e-03
7.247000000000000000e+03 7.248000000000000000e+03 1.529932794999999983e-03 1.139869783000000076e-03
7.248000000000000000e+03 7.249000000000000000e+03 1.344775031100000056e-03 7.052300129999999976e-04
7.249000000000000000e+03 7.250000000000000000e+03 2.409384001499999955e-02 8.830987109999998905e-03
7.250000000000000000e+03 7.251000000000000000e+03 5.373033589999999526e-03 8.226233580000000614e-03
7.251000000000000000e+03 7.252000000000000000e+03 2.436466737999999979e-02 8.714583589999999949e-03
7.252000000000000000e+03 7.253000000000000000e+03 2.048204017000000016e-02 6.693421919999999539e-03
7.253000000000000000e+03 7.254000000000000000e+03 1.336538990000000018e-04 6.408867119999999903e-03
7.254000000000000000e+03 7.255000000000000000e+03 6.354752796000000259e-03 4.998815119999999723e-03
7.255000000000000000e+03 7.256000000000000000e+03 2.253650779999999756e-03 3.820447942999999954e-03
7.256000000000000000e+03 7.257000000000000000e+03 3.053163454000000152e-03 2.888031244999999993e-03
7.257000000000000000e+03 7.258000000000000000e+03 3.934110759800000037e-03 2.459857035000000049e-03
7.258000000000000000e+03 7.259000000000000000e+03 6.549590230000000048e-04 1.551564545999999838e-03
7.259000000000000000e+03 7.260000000000000000e+03 -1.508288350000000109e-04 3.528135769999999694e-04
7.260000000000000000e+03 7.261000000000000000e+03 1.513497079000000051e-03 8.278020703999999438e-03
7.261000000000000000e+03 7.262000000000000000e+03 1.654153870299999995e-02 8.902865720999998678e-03
7.262000000000000000e+03 7.263000000000000000e+03 1.089725379000000029e-02 8.174006570000001345e-03
7.263000000000000000e+03 7.264000000000000000e+03 3.592940502999999921e-03 6.907672139999999558e-03
7.264000000000000000e+03 7.265000000000000000e+03 1.359985376900000112e-03 6.214766909999999873e-03
7.265000000000000000e+03 7.266000000000000000e+03 2.288242048000000035e-03 5.940634090000000700e-03
7.266000000000000000e+03 7.267000000000000000e+03 4.445398589999999955e-03 3.229163989999999686e-03
7.267000000000000000e+03 7.268000000000000000e+03 6.335656737460000458e-03 3.318595102000000165e-03
7.268000000000000000e+03 7.269000000000000000e+03 -1.240751529999999840e-03 2.422861811999999903e-03
7.269000000000000000e+03 7.270000000000000000e+03 -1.728416946999999882e-03 1.733789483000000142e-03
7.270000000000000000e+03 7.271000000000000000e+03 7.781419299999999591e-04 6.548030315000000082e-04
7.271000000000000000e+03 7.272000000000000000e+03 2.329062471199999998e-02 8.950346108999999648e-03
7.272000000000000000e+03 7.273000000000000000e+03 8.870851132999998945e-03 6.933027330000000009e-03
7.273000000000000000e+03 7.274000000000000000e+03 1.827995888999999971e-02 8.386058319999998775e-03
7.274000000000000000e+03 7.275000000000000000e+03 1.232423242000000099e-02 6.510458999999999691e-03
7.275000000000000000e+03 7.276000000000000000e+03 1.039879437999999962e-02 5.775299509999999928e-03
7.276000000000000000e+03 7.277000000000000000e+03 6.463671659999999791e-03 5.729099859999999683e-03
7.277000000000000000e+03 7.278000000000000000e+03 7.926551307999999199e-03 3.351784657999999986e-03
7.278000000000000000e+03 7.279000000000000000e+03 3.459794151000000241e-03 3.895408692000000214e-03
7.279000000000000000e+03 7.280000000000000000e+03 2.918358483000000041e-03 2.530845140999999753e-03
7.280000000000000000e+03 7.281000000000000000e+03 -1.078291062500000069e-03 1.135405640999999962e-03
7.281000000000000000e+03 7.282000000000000000e+03 -8.200926594999999883e-04 8.242505570000000555e-04
7.282000000000000000e+03 7.283000000000000000e+03 1.651247507999999923e-03 8.257768970999999555e-03
7.283000000000000000e+03 7.284000000000000000e+03 1.340532145399999861e-02 9.041602876000000982e-03
7.284000000000000000e+03 7.285000000000000000e+03 9.832262892000001239e-03 7.615740480000000000e-03
7.285000000000000000e+03 7.286000000000000000e+03 -4.935688419000000202e-03 6.334165900000000848e-03
7.286000000000000000e+03 7.287000000000000000e+03 5.716022381999999631e-03 6.402163950000000318e-03
7.287000000000000000e+03 7.288000000000000000e+03 5.435582769999999959e-03 7.408442559999999823e-03
7.288000000000000000e+03 7.289000000000000000e+03 6.903567619999999251e-04 4.526741090000000432e-03
7.289000000000000000e+03 7.290000000000000000e+03 3.152373781499999677e-03 3.473510497000000148e-03
7.290000000000000000e+03 7.291000000000000000e+03 1.151356202000000141e-03 2.171373080999999990e-03
7.291000000000000000e+03 7.292000000000000000e+03 7.639800090000000050e-04 1.678319432000000173e-03
7.292000000000000000e+03 7.293000000000000000e+03 -3.084219019999999943e-04 1.018039976999999879e-03
7.293000000000000000e+03 7.294000000000000000e+03 9.613646821999999315e-03 7.693916174000000469e-03
7.294000000000000000e+03 7.295000000000000000e+03 2.729547691000000151e-02 8.616854461999999201e-03
7.295000000000000000e+03 7.296000000000000000e+03 1.399029058019999987e-02 7.244166613000000386e-03
7.296000000000000000e+03 7.297000000000000000e+03 1.025533291999999874e-02 6.601158020000000119e-03
7.297000000000000000e+03 7.298000000000000000e+03 1.559623624999999930e-02 7.005111380000000713e-03
7.298000000000000000e+03 7.299000000000000000e+03 5.070998925000000379e-03 5.415667409999999973e-03
7.299000000000000000e+03 7.300000000000000000e+03 3.256343693999999914e-03 4.063633560000000020e-03
7.300000000000000000e+03 7.301000000000000000e+03 1.117947580000000062e-03 3.397542931000000106e-03
7.301000000000000000e+03 7.302000000000000000e+03 -2.664893560000000032e-04 1.894938186999999994e-03
7.302000000000000000e+03 7.303000000000000000e+03 -1.374442726999999939e-03 1.754118097999999865e-03
7.303000000000000000e+03 7.304000000000000000e+03 -1.870529061000000088e-03 9.415564139999999405e-04
7.304000000000000000e+03 7.305000000000000000e+03 7.749282609000000301e-03 8.544221655000001567e-03
7.305000000000000000e+03 7.306000000000000000e+03 -6.012848809999999690e-03 9.688196080000001029e-03
7.306000000000000000e+03 7.307000000000000000e+03 4.087827100000000075e-03 8.070943339999999203e-03
7.307000000000000000e+03 7.308000000000000000e+03 1.816924848000000051e-02 6.058157890000000559e-03
7.308000000000000000e+03 7.309000000000000000e+03 -1.563681654799999954e-03 5.824088239999999743e-03
7.309000000000000000e+03 7.310000000000000000e+03 1.097814721000000063e-02 4.898078960000000655e-03
7.310000000000000000e+03 7.311000000000000000e+03 5.909590022000000067e-03 4.569413469999999457e-03
7.311000000000000000e+03 7.312000000000000000e+03 9.614026899999999348e-04 2.712333212999999948e-03
7.312000000000000000e+03 7.313000000000000000e+03 1.455517700000000161e-04 1.966193310999999819e-03
7.313000000000000000e+03 7.314000000000000000e+03 1.270640923989999928e-03 1.287806650999999847e-03
7.314000000000000000e+03 7.315000000000000000e+03 5.670751260000000396e-04 6.565271240000000036e-04
7.315000000000000000e+03 7.316000000000000000e+03 1.922364687300000263e-02 8.955102115000000348e-03
7.316000000000000000e+03 7.317000000000000000e+03 -2.152563042999999961e-03 7.485661967999999826e-03
7.317000000000000000e+03 7.318000000000000000e+03 1.325353455699999905e-02 8.290084310000001011e-03
7.318000000000000000e+03 7.319000000000000000e+03 1.672963304200000140e-02 6.148391800000000719e-03
7.319000000000000000e+03 7.320000000000000000e+03 2.112314438000000016e-02 7.302904869999999812e-03
7.320000000000000000e+03 7.321000000000000000e+03 8.355196813000001152e-03 5.049347860000000070e-03
7.321000000000000000e+03 7.322000000000000000e+03 -1.366854499999999773e-05 3.538711828000000101e-03
7.322000000000000000e+03 7.323000000000000000e+03 3.467333243000000290e-03 2.965718190000000108e-03
7.323000000000000000e+03 7.324000000000000000e+03 2.703412954199999919e-03 2.796424754999999630e-03
7.324000000000000000e+03 7.325000000000000000e+03 2.316534546999999959e-04 6.356297180000000267e-04
7.325000000000000000e+03 7.326000000000000000e+03 5.362058779999999544e-04 9.206133980000000662e-04
7.326000000000000000e+03 7.327000000000000000e+03 -3.983773999999999714e-04 6.871674167000000125e-03
7.327000000000000000e+03 7.328000000000000000e+03 8.973266209999998869e-03 8.461367379999999369e-03
7.328000000000000000e+03 7.329000000000000000e+03 2.031477454000000203e-03 9.032652960000000023e-03
7.329000000000000000e+03 7.330000000000000000e+03 2.233118050000000229e-02 6.545346583000000336e-03
7.330000000000000000e+03 7.331000000000000000e+03 5.758541960000000334e-03 6.958674930000000383e-03
7.331000000000000000e+03 7.332000000000000000e+03 -1.697211980000000106e-03 4.328952900000000367e-03
7.332000000000000000e+03 7.333000000000000000e+03 1.054666633680000076e-02 4.222799370000000427e-03
7.333000000000000000e+03 7.334000000000000000e+03 -4.943633100000000046e-04 2.979840940000000240e-03
7.334000000000000000e+03 7.335000000000000000e+03 1.305160881399999948e-03 2.596726884000000093e-03
7.335000000000000000e+03 7.336000000000000000e+03 6.955280959999999950e-04 1.738569995999999845e-03
7.336000000000000000e+03 7.337000000000000000e+03 -2.045310779999999972e-04 3.692611189999999723e-04
7.337000000000000000e+03 7.338000000000000000e+03 -6.089456629999999253e-03 8.864434079999998842e-03
7.338000000000000000e+03 7.339000000000000000e+03 2.423101907200000266e-02 8.322614141999999313e-03
7.339000000000000000e+03 7.340000000000000000e+03 5.851730132999999334e-03 8.272995030000000749e-03
7.340000000000000000e+03 7.341000000000000000e+03 1.531547614000000092e-02 7.289792430000000684e-03
7.341000000000000000e+03 7.342000000000000000e+03 6.258868986999999856e-03 5.965505660000000251e-03
7.342000000000000000e+03 7.343000000000000000e+03 9.230847340000000734e-03 5.451214339999999742e-03
7.343000000000000000e+03 7.344000000000000000e+03 -2.836062210999999895e-03 4.817947749999999980e-03
7.344000000000000000e+03 7.345000000000000000e+03 3.615998500000000213e-03 2.836649762999999668e-03
7.345000000000000000e+03 7.346000000000000000e+03 6.718282930000000412e-05 2.181327960999999895e-03
7.346000000000000000e+03 7.347000000000000000e+03 -5.488076780000000071e-05 1.369877577000000110e-03
7.347000000000000000e+03 7.348000000000000000e+03 1.251948971400000058e-03 9.905501020000000070e-04
7.348000000000000000e+03 7.349000000000000000e+03 1.174441220000000015e-03 8.273070304999999638e-03
7.349000000000000000e+03 7.350000000000000000e+03 1.124183446000000079e-02 7.916156663999999663e-03
7.350000000000000000e+03 7.351000000000000000e+03 1.736392579999999908e-02 6.772837924000000079e-03
7.351000000000000000e+03 7.352000000000000000e+03 2.155660694000000044e-03 5.870352906999999967e-03
7.352000000000000000e+03 7.353000000000000000e+03 5.545102841000000213e-03 5.585239149999999923e-03
7.353000000000000000e+03 7.354000000000000000e+03 9.793394719999999262e-03 5.289810370000000081e-03
7.354000000000000000e+03 7.355000000000000000e+03 6.785659949999999982e-03 4.360813239999999751e-03
7.355000000000000000e+03 7.356000000000000000e+03 -8.200245000000000971e-04 1.797437512999999938e-03
7.356000000000000000e+03 7.357000000000000000e+03 -5.853203071000000115e-04 1.890125189999999986e-03
7.357000000000000000e+03 7.358000000000000000e+03 -1.473193860000000062e-04 1.014651825000000051e-03
7.358000000000000000e+03 7.359000000000000000e+03 2.637795138000000061e-04 4.374380020000000007e-04
7.359000000000000000e+03 7.360000000000000000e+03 -2.531721626999999895e-03 7.393227512000000168e-03
7.360000000000000000e+03 7.361000000000000000e+03 2.293498164000000103e-02 9.958509190000000913e-03
7.361000000000000000e+03 7.362000000000000000e+03 1.077836552999999857e-02 7.571405750000000275e-03
7.362000000000000000e+03 7.363000000000000000e+03 1.491839684900000094e-02 5.790862019999999839e-03
7.363000000000000000e+03 7.364000000000000000e+03 1.397783963719999994e-02 5.580692370000000201e-03
7.364000000000000000e+03 7.365000000000000000e+03 8.035130540000000581e-04 4.284468399999999746e-03
7.365000000000000000e+03 7.366000000000000000e+03 3.515126450000000298e-03 4.303797280000000447e-03
7.366000000000000000e+03 7.367000000000000000e+03 -2.337331632999999857e-03 3.438048299999999641e-03
7.367000000000000000e+03 7.368000000000000000e+03 -1.945203910000000108e-04 2.068998986000000241e-03
7.368000000000000000e+03 7.369000000000000000e+03 1.839214134999999934e-03 1.176953104999999911e-03
7.369000000000000000e+03 7.370000000000000000e+03 -3.684001979999999778e-05 6.762520220000000368e-04
7.370000000000000000e+03 7.371000000000000000e+03 1.534012055100000133e-02 9.135543048999999680e-03
7.371000000000000000e+03 7.372000000000000000e+03 1.378046089599999947e-02 7.837963350000001078e-03
7.372000000000000000e+03 7.373000000000000000e+03 5.713109359999999498e-04 7.288239699000000418e-03
7.373000000000000000e+03 7.374000000000000000e+03 -3.329385759999999917e-04 5.751487999999999913e-03
7.374000000000000000e+03 7.375000000000000000e+03 4.059678730000000277e-03 5.634336670000000130e-03
7.375000000000000000e+03 7.376000000000000000e+03 2.597753839999999634e-03 5.194873470000000749e-03
7.376000000000000000e+03 7.377000000000000000e+03 6.957682911000000019e-03 4.353077849999999541e-03
7.377000000000000000e+03 7.378000000000000000e+03 -4.863254400000000151e-03 2.602246958999999971e-03
7.378000000000000000e+03 7.379000000000000000e+03 1.793704764000000115e-03 2.723775719000000057e-03
7.379000000000000000e+03 7.380000000000000000e+03 5.052667149999999453e-04 1.260767735000000193e-03
7.380000000000000000e+03 7.381000000000000000e+03 6.634887229999999851e-04 7.836208510000000236e-04
7.381000000000000000e+03 7.382000000000000000e+03 1.886381128299999960e-02 7.611060309999999850e-03
7.382000000000000000e+03 7.383000000000000000e+03 1.427286393999999993e-02 7.479691056999999456e-03
7.383000000000000000e+03 7.384000000000000000e+03 1.858171674000000037e-02 7.410868640000000188e-03
7.384000000000000000e+03 7.385000000000000000e+03 1.313850151899999957e-02 6.635655320000000308e-03
7.385000000000000000e+03 7.386000000000000000e+03 1.551030110999999934e-02 5.454140159999999911e-03
7.386000000000000000e+03 7.387000000000000000e+03 8.584557599999998942e-03 5.891020519999999941e-03
7.387000000000000000e+03 7.388000000000000000e+03 6.271875044999999926e-03 3.920263014999999726e-03
7.388000000000000000e+03 7.389000000000000000e+03 2.884237344999999921e-03 3.156675182999999982e-03
7.389000000000000000e+03 7.390000000000000000e+03 2.685963211999999999e-03 2.385128653999999803e-03
7.390000000000000000e+03 7.391000000000000000e+03 3.514331587000000352e-04 7.812618720000000933e-04
7.391000000000000000e+03 7.392000000000000000e+03 1.955145609999999932e-04 7.105587040000000288e-04
7.392000000000000000e+03 7.393000000000000000e+03 -8.484909594000000777e-03 7.582925181000000486e-03
7.393000000000000000e+03 7.394000000000000000e+03 1.162081051300000063e-02 8.381548628000000042e-03
7.394000000000000000e+03 7.395000000000000000e+03 3.135273789999999932e-03 8.477995730000000008e-03
7.395000000000000000e+03 7.396000000000000000e+03 1.998785910999999887e-02 7.671920029999999488e-03
7.396000000000000000e+03 7.397000000000000000e+03 3.244713599999999752e-04 4.842782109999999897e-03
7.397000000000000000e+03 7.398000000000000000e+03 1.960596489999999990e-03 4.011074830000000042e-03
7.398000000000000000e+03 7.399000000000000000e+03 3.645669606000000000e-03 3.590977902999999832e-03
7.399000000000000000e+03 7.400000000000000000e+03 3.294668803499999771e-03 2.708438336000000037e-03
7.400000000000000000e+03 7.401000000000000000e+03 -2.426565696899999833e-03 1.879425804999999925e-03
7.401000000000000000e+03 7.402000000000000000e+03 -2.370912930000000055e-04 5.054067648000000424e-04
7.402000000000000000e+03 7.403000000000000000e+03 8.236192369999999641e-04 6.942955009999999963e-04
7.403000000000000000e+03 7.404000000000000000e+03 2.037439863199999937e-02 7.740187750999999970e-03
7.404000000000000000e+03 7.405000000000000000e+03 1.678049742360000068e-02 7.803279176999999497e-03
7.405000000000000000e+03 7.406000000000000000e+03 2.991220277999999920e-03 7.001734479999999726e-03
7.406000000000000000e+03 7.407000000000000000e+03 1.696845806000000026e-02 7.198012560000000525e-03
7.407000000000000000e+03 7.408000000000000000e+03 8.317873074000000505e-03 5.210372239999999482e-03
7.408000000000000000e+03 7.409000000000000000e+03 1.058631549999999952e-03 5.079035279999999722e-03
7.409000000000000000e+03 7.410000000000000000e+03 1.587220719000000026e-03 3.602060151000000075e-03
7.410000000000000000e+03 7.411000000000000000e+03 -1.887332476999999857e-03 2.706405894999999728e-03
7.411000000000000000e+03 7.412000000000000000e+03 -3.667716679999999895e-04 2.248832324000000094e-03
7.412000000000000000e+03 7.413000000000000000e+03 1.375801921000000070e-03 1.129635320999999946e-03
7.413000000000000000e+03 7.414000000000000000e+03 -1.325964026000000118e-03 6.378870619999999284e-04
7.414000000000000000e+03 7.415000000000000000e+03 1.500427280000000106e-02 7.582511008999999642e-03
7.415000000000000000e+03 7.416000000000000000e+03 8.378543250000000317e-03 6.810461846999999944e-03
7.416000000000000000e+03 7.417000000000000000e+03 7.798712620999999866e-03 8.021325580000000441e-03
7.417000000000000000e+03 7.418000000000000000e+03 9.062645967000000288e-03 7.041304459999999862e-03
7.418000000000000000e+03 7.419000000000000000e+03 1.194694837000000003e-02 6.351225580000000558e-03
7.419000000000000000e+03 7.420000000000000000e+03 1.212963782000000060e-02 4.748702020000000398e-03
7.420000000000000000e+03 7.421000000000000000e+03 9.957959610000000766e-03 3.991611009999999904e-03
7.421000000000000000e+03 7.422000000000000000e+03 7.067764792999999685e-03 2.978722399000000194e-03
7.422000000000000000e+03 7.423000000000000000e+03 -7.788384260000000454e-04 1.673618659999999946e-03
7.423000000000000000e+03 7.424000000000000000e+03 1.916796196999999934e-04 3.186293682999999963e-04
7.424000000000000000e+03 7.425000000000000000e+03 7.501251361000000088e-04 5.682077294000000781e-04
7.425000000000000000e+03 7.426000000000000000e+03 1.242131136499999983e-02 9.572965669999999178e-03
7.426000000000000000e+03 7.427000000000000000e+03 1.427877843399999978e-02 6.196403569999999958e-03
7.427000000000000000e+03 7.428000000000000000e+03 1.672143161299999986e-02 6.639078863000000101e-03
7.428000000000000000e+03 7.429000000000000000e+03 1.149328034399999844e-02 6.617091099999999892e-03
7.429000000000000000e+03 7.430000000000000000e+03 8.779096299999998923e-03 6.759488319999999717e-03
7.430000000000000000e+03 7.431000000000000000e+03 1.807783860000000123e-03 4.233075890000000119e-03
7.431000000000000000e+03 7.432000000000000000e+03 1.347387135499999999e-02 4.857266540000000285e-03
7.432000000000000000e+03 7.433000000000000000e+03 2.889351839000000189e-03 3.221398658000000290e-03
7.433000000000000000e+03 7.434000000000000000e+03 9.606790760000000033e-04 1.860547322999999949e-03
7.434000000000000000e+03 7.435000000000000000e+03 -2.783724530000000166e-04 9.449852300000000224e-04
7.435000000000000000e+03 7.436000000000000000e+03 3.692162460000000031e-04 8.416837730000000265e-04
7.436000000000000000e+03 7.437000000000000000e+03 8.841989812570000620e-03 8.920180873000000191e-03
7.437000000000000000e+03 7.438000000000000000e+03 1.131763320100000018e-02 7.013107505000000345e-03
7.438000000000000000e+03 7.439000000000000000e+03 -1.006895640000000057e-02 8.158781280000000982e-03
7.439000000000000000e+03 7.440000000000000000e+03 2.813769355300000177e-03 5.933941409999999965e-03
7.440000000000000000e+03 7.441000000000000000e+03 1.235153155499999975e-02 6.082502730000000600e-03
7.441000000000000000e+03 7.442000000000000000e+03 -1.953071205999999845e-03 5.360199380000000603e-03
7.442000000000000000e+03 7.443000000000000000e+03 1.311927226899999889e-02 3.815029019999999649e-03
7.443000000000000000e+03 7.444000000000000000e+03 2.906841162000000072e-03 2.364611802999999797e-03
7.444000000000000000e+03 7.445000000000000000e+03 1.385090551000000029e-03 1.835509644999999950e-03
7.445000000000000000e+03 7.446000000000000000e+03 -1.725142810000000108e-04 1.527194188999999843e-03
7.446000000000000000e+03 7.447000000000000000e+03 4.172556179999999722e-04 8.529889000000000351e-04
7.447000000000000000e+03 7.448000000000000000e+03 1.503865162399999934e-02 8.996284179999999506e-03
7.448000000000000000e+03 7.449000000000000000e+03 1.663447973999999940e-02 7.325411145999999839e-03
7.449000000000000000e+03 7.450000000000000000e+03 1.567571802699999767e-02 8.205153765000000599e-03
7.450000000000000000e+03 7.451000000000000000e+03 1.199369710000000068e-02 6.183941120000000478e-03
7.451000000000000000e+03 7.452000000000000000e+03 1.405341021999999968e-02 6.452126160000000096e-03
7.452000000000000000e+03 7.453000000000000000e+03 2.405712238999999867e-03 4.563718529999999211e-03
7.453000000000000000e+03 7.454000000000000000e+03 3.280106046999999893e-03 3.808353189000000111e-03
7.454000000000000000e+03 7.455000000000000000e+03 2.008916762999999901e-03 2.691641082000000365e-03
7.455000000000000000e+03 7.456000000000000000e+03 -9.368536449999999944e-04 1.520017657000000003e-03
7.456000000000000000e+03 7.457000000000000000e+03 -2.418024970000000199e-04 1.528702950999999942e-03
7.457000000000000000e+03 7.458000000000000000e+03 -7.221627269999999295e-05 6.733847740000000132e-04
7.458000000000000000e+03 7.459000000000000000e+03 -2.237056792000000158e-03 7.890593696000000254e-03
7.459000000000000000e+03 7.460000000000000000e+03 -8.857321968999999628e-03 7.366003595000000098e-03
7.460000000000000000e+03 7.461000000000000000e+03 8.928188207000000570e-03 6.511445482000000062e-03
7.461000000000000000e+03 7.462000000000000000e+03 7.849279731000000787e-03 6.288958530000000359e-03
7.462000000000000000e+03 7.463000000000000000e+03 1.312435457199999898e-02 6.143953140000000049e-03
7.463000000000000000e+03 7.464000000000000000e+03 3.297611186999999892e-03 4.784262769999999589e-03
7.464000000000000000e+03 7.465000000000000000e+03 3.384567939999999931e-03 3.738832900999999962e-03
7.465000000000000000e+03 7.466000000000000000e+03 -4.680239776000000469e-03 2.832676247999999994e-03
7.466000000000000000e+03 7.467000000000000000e+03 -2.096668095999999933e-03 2.360565266000000037e-03
7.467000000000000000e+03 7.468000000000000000e+03 -6.334438399999999230e-05 1.420339276000000045e-03
7.468000000000000000e+03 7.469000000000000000e+03 1.611939968999999981e-03 6.954971200999999310e-04
7.469000000000000000e+03 7.470000000000000000e+03 2.021890748000000192e-03 7.981805356000000115e-03
7.470000000000000000e+03 7.471000000000000000e+03 1.495258427210000018e-02 8.140577709000000606e-03
7.471000000000000000e+03 7.472000000000000000e+03 1.643051468300000054e-02 6.670773952999999729e-03
7.472000000000000000e+03 7.473000000000000000e+03 1.170615816999999968e-02 6.646545299999999899e-03
7.473000000000000000e+03 7.474000000000000000e+03 1.356523072999999899e-02 5.400089410000000374e-03
7.474000000000000000e+03 7.475000000000000000e+03 8.309241290000000555e-04 5.287280309999999733e-03
7.475000000000000000e+03 7.476000000000000000e+03 1.016801153999999938e-03 3.660021759000000284e-03
7.476000000000000000e+03 7.477000000000000000e+03 1.960384980000000115e-04 2.985237752999999987e-03
7.477000000000000000e+03 7.478000000000000000e+03 3.041261276400000074e-03 2.288919462000000259e-03
7.478000000000000000e+03 7.479000000000000000e+03 1.666974116000000073e-03 1.287665254999999969e-03
7.479000000000000000e+03 7.480000000000000000e+03 8.532829399999999778e-05 7.410113549999999610e-04
7.480000000000000000e+03 7.481000000000000000e+03 1.890468792999999703e-02 8.434870883000000069e-03
7.481000000000000000e+03 7.482000000000000000e+03 1.284457644299999944e-02 7.950054800000000074e-03
7.482000000000000000e+03 7.483000000000000000e+03 2.342124770000000075e-03 6.330896820000000112e-03
7.483000000000000000e+03 7.484000000000000000e+03 1.054969908099999930e-02 6.507837660000000655e-03
7.484000000000000000e+03 7.485000000000000000e+03 1.325272020000000002e-02 5.233302799999999845e-03
7.485000000000000000e+03 7.486000000000000000e+03 5.674317859999999936e-03 4.248877584000000131e-03
7.486000000000000000e+03 7.487000000000000000e+03 3.781182288999999832e-03 4.010121619999999429e-03
7.487000000000000000e+03 7.488000000000000000e+03 -4.696527956999999899e-03 2.423228984999999894e-03
7.488000000000000000e+03 7.489000000000000000e+03 -1.589757970000000046e-03 2.284822935999999884e-03
7.489000000000000000e+03 7.490000000000000000e+03 -4.373691979999999742e-04 1.278175352999999992e-03
7.490000000000000000e+03 7.491000000000000000e+03 1.755495175950000050e-04 6.369514460000000279e-04
7.491000000000000000e+03 7.492000000000000000e+03 -1.057075941799999995e-02 6.647959182000000300e-03
7.492000000000000000e+03 7.493000000000000000e+03 1.865368102899999866e-02 7.655037241000000291e-03
7.493000000000000000e+03 7.494000000000000000e+03 9.786191306999999714e-03 5.838089957000000378e-03
7.494000000000000000e+03 7.495000000000000000e+03 1.176648331500000123e-02 5.813427689999999329e-03
7.495000000000000000e+03 7.496000000000000000e+03 4.742158710000000423e-03 5.254936839999999228e-03
7.496000000000000000e+03 7.497000000000000000e+03 7.078393952000000197e-03 4.968221410000000192e-03
7.497000000000000000e+03 7.498000000000000000e+03 1.717139712000000096e-03 3.539750930000000115e-03
7.498000000000000000e+03 7.499000000000000000e+03 -4.421986795000000005e-03 3.591419240999999679e-03
7.499000000000000000e+03 7.500000000000000000e+03 -8.444538368000000612e-04 1.766932487999999923e-03
7.500000000000000000e+03 7.501000000000000000e+03 -8.564317009999999637e-04 1.201379295000000154e-03
7.501000000000000000e+03 7.502000000000000000e+03 4.808722409999999854e-04 8.666303569999999441e-04
7.502000000000000000e+03 7.503000000000000000e+03 2.930297074500000029e-02 6.838815348999999731e-03
7.503000000000000000e+03 7.504000000000000000e+03 1.822614886700000061e-02 6.989108291999999653e-03
7.504000000000000000e+03 7.505000000000000000e+03 2.380076096000000030e-02 6.997668890999999766e-03
7.505000000000000000e+03 7.506000000000000000e+03 -1.176454915400000113e-03 6.888292089999999493e-03
7.506000000000000000e+03 7.507000000000000000e+03 -1.149811024000000053e-03 4.979528629999999643e-03
7.507000000000000000e+03 7.508000000000000000e+03 4.081848306000000412e-03 3.722861999999999959e-03
7.508000000000000000e+03 7.509000000000000000e+03 5.046767429000000200e-03 3.958652610000000169e-03
7.509000000000000000e+03 7.510000000000000000e+03 -9.961922800000000931e-04 2.918762056999999865e-03
7.510000000000000000e+03 7.511000000000000000e+03 3.835211468000000127e-03 2.024531921999999772e-03
7.511000000000000000e+03 7.512000000000000000e+03 1.120571011000000066e-03 1.556954062999999899e-03
7.512000000000000000e+03 7.513000000000000000e+03 3.679955359000000245e-04 5.276091509000000249e-04
7.513000000000000000e+03 7.514000000000000000e+03 7.616719224999999628e-03 7.415603116000000182e-03
7.514000000000000000e+03 7.515000000000000000e+03 2.182328181000000103e-02 8.323166922000000550e-03
7.515000000000000000e+03 7.516000000000000000e+03 6.685003890000000039e-03 6.456737667000000090e-03
7.516000000000000000e+03 7.517000000000000000e+03 1.044948088000000053e-02 6.218142797000000138e-03
7.517000000000000000e+03 7.518000000000000000e+03 -2.135066700000000318e-04 5.389612639999999399e-03
7.518000000000000000e+03 7.519000000000000000e+03 1.011923789000000046e-02 4.295506569999999608e-03
7.519000000000000000e+03 7.520000000000000000e+03 7.550409862999999701e-03 3.428207436999999944e-03
7.520000000000000000e+03 7.521000000000000000e+03 1.803646789999999991e-03 3.027942824000000224e-03
7.521000000000000000e+03 7.522000000000000000e+03 2.542212645999999878e-03 2.269364728999999966e-03
7.522000000000000000e+03 7.523000000000000000e+03 -1.612978483000000176e-03 1.026126184999999946e-03
7.523000000000000000e+03 7.524000000000000000e+03 2.100977430000000037e-04 3.746133890000000037e-04
