0.000000000000000000e+00 1.000000000000000000e+00 8.302093566500001032e+01 3.007528917400000168e+00
1.000000000000000000e+00 2.000000000000000000e+00 8.019076416299999721e+01 2.990530254999999915e+00
2.000000000000000000e+00 3.000000000000000000e+00 7.916721379800000591e+01 2.793400593799999942e+00
3.000000000000000000e+00 4.000000000000000000e+00 8.100009261399999616e+01 2.647353745499999800e+00
4.000000000000000000e+00 5.000000000000000000e+00 7.781053280599999766e+01 2.384399620199999958e+00
5.000000000000000000e+00 6.000000000000000000e+00 7.387245738499998993e+01 2.570797688999999941e+00
6.000000000000000000e+00 7.000000000000000000e+00 7.091085086110000191e+01 2.618642785300000053e+00
7.000000000000000000e+00 8.000000000000000000e+00 6.880137938800000086e+01 2.280059221800000202e+00
8.000000000000000000e+00 9.000000000000000000e+00 6.487529491700000506e+01 2.167707738799999895e+00
9.000000000000000000e+00 1.000000000000000000e+01 6.478484036999999773e+01 2.207535912099999997e+00
1.000000000000000000e+01 1.100000000000000000e+01 6.201953085299999913e+01 2.387418204099999830e+00
1.100000000000000000e+01 1.200000000000000000e+01 7.403757945499999948e+01 2.930091208599999941e+00
1.200000000000000000e+01 1.300000000000000000e+01 7.911176782600000479e+01 2.884927217900000063e+00
1.300000000000000000e+01 1.400000000000000000e+01 7.735526943299998948e+01 2.775288446300000267e+00
1.400000000000000000e+01 1.500000000000000000e+01 7.266099033800000484e+01 2.569077680399999952e+00
1.500000000000000000e+01 1.600000000000000000e+01 6.921316895600000407e+01 2.458271842300000287e+00
1.600000000000000000e+01 1.700000000000000000e+01 7.201974936020000939e+01 2.675013096299999837e+00
1.700000000000000000e+01 1.800000000000000000e+01 6.652608005589999607e+01 2.461526557500000045e+00
1.800000000000000000e+01 1.900000000000000000e+01 6.855803347779999513e+01 2.441950074999999831e+00
1.900000000000000000e+01 2.000000000000000000e+01 6.039233794500000130e+01 2.211615386300000097e+00
2.000000000000000000e+01 2.100000000000000000e+01 5.930050135799999822e+01 2.371481452399999856e+00
2.100000000000000000e+01 2.200000000000000000e+01 5.927532532600000081e+01 2.241547184100000312e+00
2.200000000000000000e+01 2.300000000000000000e+01 6.896275817199999381e+01 2.847964756400000130e+00
2.300000000000000000e+01 2.400000000000000000e+01 7.040649185300000568e+01 2.756919004400000262e+00
2.400000000000000000e+01 2.500000000000000000e+01 7.305764065099999982e+01 2.780102433299999731e+00
2.500000000000000000e+01 2.600000000000000000e+01 6.896575435600000503e+01 2.513770586000000140e+00
2.600000000000000000e+01 2.700000000000000000e+01 7.291087075100000447e+01 2.510444133000000022e+00
2.700000000000000000e+01 2.800000000000000000e+01 6.033252007200000122e+01 2.640266313500000184e+00
2.800000000000000000e+01 2.900000000000000000e+01 6.326659942799999925e+01 2.582875149699999984e+00
2.900000000000000000e+01 3.000000000000000000e+01 6.115881316499999798e+01 2.413740041399999647e+00
3.000000000000000000e+01 3.100000000000000000e+01 5.810063654700000058e+01 2.158662120200000256e+00
3.100000000000000000e+01 3.200000000000000000e+01 5.785198049400000286e+01 2.202245712699999913e+00
3.200000000000000000e+01 3.300000000000000000e+01 4.917180863600000151e+01 2.263782050800000167e+00
3.300000000000000000e+01 3.400000000000000000e+01 7.022535221599999034e+01 2.644747102899999813e+00
3.400000000000000000e+01 3.500000000000000000e+01 6.624842526400000509e+01 2.662931442999999732e+00
3.500000000000000000e+01 3.600000000000000000e+01 6.606477285799999777e+01 2.596954861099999956e+00
3.600000000000000000e+01 3.700000000000000000e+01 6.869637830400000666e+01 2.373411448000000146e+00
3.700000000000000000e+01 3.800000000000000000e+01 6.357022436799999809e+01 2.475821598600000062e+00
3.800000000000000000e+01 3.900000000000000000e+01 6.484158316799999966e+01 2.231941849100000042e+00
3.900000000000000000e+01 4.000000000000000000e+01 6.204541392680000200e+01 2.437334072500000115e+00
4.000000000000000000e+01 4.100000000000000000e+01 5.870257947630000217e+01 2.379307421400000067e+00
4.100000000000000000e+01 4.200000000000000000e+01 5.769195437799999837e+01 2.121876999799999997e+00
4.200000000000000000e+01 4.300000000000000000e+01 5.211572085899999962e+01 2.056718068399999932e+00
4.300000000000000000e+01 4.400000000000000000e+01 5.299749212300000067e+01 2.009864039500000032e+00
4.400000000000000000e+01 4.500000000000000000e+01 7.043286728100000005e+01 2.773474101500000177e+00
4.500000000000000000e+01 4.600000000000000000e+01 6.934750858799999662e+01 2.618995735499999977e+00
4.600000000000000000e+01 4.700000000000000000e+01 7.102271084699999903e+01 2.546165806899999939e+00
4.700000000000000000e+01 4.800000000000000000e+01 6.733237047000000075e+01 2.516925849300000184e+00
4.800000000000000000e+01 4.900000000000000000e+01 6.275075999999999965e+01 2.463142336499999807e+00
4.900000000000000000e+01 5.000000000000000000e+01 6.113552253299999961e+01 2.352130319300000050e+00
5.000000000000000000e+01 5.100000000000000000e+01 5.926011484200000012e+01 2.273673495499999753e+00
5.100000000000000000e+01 5.200000000000000000e+01 5.634082319319999499e+01 2.305670401099999989e+00
5.200000000000000000e+01 5.300000000000000000e+01 5.259354140700000357e+01 2.125796561700000087e+00
5.300000000000000000e+01 5.400000000000000000e+01 5.348759719800000312e+01 2.079987367400000231e+00
5.400000000000000000e+01 5.500000000000000000e+01 4.455954077899999533e+01 1.954814296999999979e+00
5.500000000000000000e+01 5.600000000000000000e+01 7.062773955699999817e+01 2.820407620100000123e+00
5.600000000000000000e+01 5.700000000000000000e+01 6.809411676499999544e+01 2.523915904099999885e+00
5.700000000000000000e+01 5.800000000000000000e+01 5.755758767200000392e+01 2.564078952500000064e+00
5.800000000000000000e+01 5.900000000000000000e+01 6.614539362299998970e+01 2.756405824699999840e+00
5.900000000000000000e+01 6.000000000000000000e+01 5.797581394200000204e+01 2.455359214800000078e+00
6.000000000000000000e+01 6.100000000000000000e+01 5.622816602799999686e+01 2.290310926300000105e+00
6.100000000000000000e+01 6.200000000000000000e+01 5.699607045510000347e+01 2.188852491999999650e+00
6.200000000000000000e+01 6.300000000000000000e+01 5.311596081999999797e+01 2.038210367200000039e+00
6.300000000000000000e+01 6.400000000000000000e+01 4.966055738200000036e+01 1.889870647700000017e+00
6.400000000000000000e+01 6.500000000000000000e+01 4.591003383799999682e+01 1.897843253600000057e+00
6.500000000000000000e+01 6.600000000000000000e+01 4.842375964699999713e+01 1.949491976400000048e+00
6.600000000000000000e+01 6.700000000000000000e+01 6.231268368699999627e+01 2.748197481399999642e+00
6.700000000000000000e+01 6.800000000000000000e+01 6.706896015000000943e+01 2.855940943399999821e+00
6.800000000000000000e+01 6.900000000000000000e+01 6.297617006599999456e+01 2.353562683999999905e+00
6.900000000000000000e+01 7.000000000000000000e+01 5.384200315000000359e+01 2.596498577800000263e+00
7.000000000000000000e+01 7.100000000000000000e+01 6.020772160300000309e+01 2.427971243100000009e+00
7.100000000000000000e+01 7.200000000000000000e+01 5.834038640600000036e+01 2.114265079199999953e+00
7.200000000000000000e+01 7.300000000000000000e+01 5.202193212220000618e+01 2.191989339200000053e+00
7.300000000000000000e+01 7.400000000000000000e+01 5.108714081050000289e+01 2.064217836800000150e+00
7.400000000000000000e+01 7.500000000000000000e+01 5.393467821600000178e+01 2.123612523800000318e+00
7.500000000000000000e+01 7.600000000000000000e+01 4.739139013799999844e+01 1.856494356100000021e+00
7.600000000000000000e+01 7.700000000000000000e+01 3.795236178199999699e+01 1.726915678199999915e+00
7.700000000000000000e+01 7.800000000000000000e+01 6.183295562800000056e+01 2.748717144300000026e+00
7.800000000000000000e+01 7.900000000000000000e+01 6.188814253799999676e+01 3.026454096500000190e+00
7.900000000000000000e+01 8.000000000000000000e+01 6.003922762900000265e+01 2.420589787400000414e+00
8.000000000000000000e+01 8.100000000000000000e+01 5.825916220300000248e+01 2.384217537200000070e+00
8.100000000000000000e+01 8.200000000000000000e+01 5.688610211800000371e+01 2.360175054499999980e+00
8.200000000000000000e+01 8.300000000000000000e+01 5.014979059899999925e+01 2.127348504299999998e+00
8.300000000000000000e+01 8.400000000000000000e+01 5.193320292860000364e+01 2.328491548599999739e+00
8.400000000000000000e+01 8.500000000000000000e+01 4.937030116100000043e+01 1.965602221100000158e+00
8.500000000000000000e+01 8.600000000000000000e+01 4.471482570199999884e+01 2.144016509999999709e+00
8.600000000000000000e+01 8.700000000000000000e+01 4.398628234800000314e+01 1.959227433499999949e+00
8.700000000000000000e+01 8.800000000000000000e+01 4.316419721599999804e+01 1.779097932300000018e+00
8.800000000000000000e+01 8.900000000000000000e+01 5.631973829100000017e+01 2.613147012999999852e+00
8.900000000000000000e+01 9.000000000000000000e+01 5.728597001099999630e+01 2.569283006699999650e+00
9.000000000000000000e+01 9.100000000000000000e+01 5.462385318900000186e+01 2.608251351799999895e+00
9.100000000000000000e+01 9.200000000000000000e+01 5.361546742600000215e+01 2.232373131899999752e+00
9.200000000000000000e+01 9.300000000000000000e+01 5.342803936300000345e+01 2.366732502600000121e+00
9.300000000000000000e+01 9.400000000000000000e+01 5.343591711299999503e+01 2.147831820099999955e+00
9.400000000000000000e+01 9.500000000000000000e+01 4.885607259500000055e+01 2.137628274999999967e+00
9.500000000000000000e+01 9.600000000000000000e+01 4.471126460400000013e+01 1.898369556400000047e+00
9.600000000000000000e+01 9.700000000000000000e+01 4.474483084499999563e+01 1.912547438700000102e+00
9.700000000000000000e+01 9.800000000000000000e+01 4.077500958600000303e+01 1.878530687400000065e+00
9.800000000000000000e+01 9.900000000000000000e+01 3.809361568799999986e+01 1.738069954500000014e+00
9.900000000000000000e+01 1.000000000000000000e+02 5.956097107499999765e+01 2.633421985600000070e+00
1.000000000000000000e+02 1.010000000000000000e+02 5.601248663599999844e+01 2.440124788600000372e+00
1.010000000000000000e+02 1.020000000000000000e+02 6.015943222700000348e+01 2.566837751899999631e+00
1.020000000000000000e+02 1.030000000000000000e+02 5.399596998899999534e+01 2.198614678799999833e+00
1.030000000000000000e+02 1.040000000000000000e+02 5.341352252899999797e+01 2.420090064400000074e+00
1.040000000000000000e+02 1.050000000000000000e+02 4.558469351500000499e+01 2.220693242399999878e+00
1.050000000000000000e+02 1.060000000000000000e+02 4.675115900880000197e+01 2.317393598500000262e+00
1.060000000000000000e+02 1.070000000000000000e+02 4.573023025699999522e+01 2.073103906399999641e+00
1.070000000000000000e+02 1.080000000000000000e+02 4.101092951399999720e+01 1.943693431600000077e+00
1.080000000000000000e+02 1.090000000000000000e+02 3.881042846000000424e+01 1.835654227099999813e+00
1.090000000000000000e+02 1.100000000000000000e+02 3.776779512000000238e+01 1.692795182500000051e+00
1.100000000000000000e+02 1.110000000000000000e+02 5.646651533400000034e+01 2.807630294299999996e+00
1.110000000000000000e+02 1.120000000000000000e+02 5.345923845299999755e+01 2.429266689999999951e+00
1.120000000000000000e+02 1.130000000000000000e+02 4.913853598200000050e+01 2.434658552200000159e+00
1.130000000000000000e+02 1.140000000000000000e+02 5.434222090599999433e+01 2.330888018500000047e+00
1.140000000000000000e+02 1.150000000000000000e+02 4.585733716599999354e+01 2.305935169900000137e+00
1.150000000000000000e+02 1.160000000000000000e+02 5.233917273799999492e+01 2.333309361799999593e+00
1.160000000000000000e+02 1.170000000000000000e+02 4.176624807840000386e+01 2.060597804599999971e+00
1.170000000000000000e+02 1.180000000000000000e+02 4.290808738699999481e+01 1.811000270800000145e+00
1.180000000000000000e+02 1.190000000000000000e+02 4.047649548999999780e+01 1.817921625900000171e+00
1.190000000000000000e+02 1.200000000000000000e+02 3.901933253400000012e+01 1.835984867700000134e+00
1.200000000000000000e+02 1.210000000000000000e+02 3.241039874300000179e+01 1.750272517800000038e+00
1.210000000000000000e+02 1.220000000000000000e+02 5.217847010999999924e+01 2.570886631300000058e+00
1.220000000000000000e+02 1.230000000000000000e+02 5.021249016699999856e+01 2.665771863700000299e+00
1.230000000000000000e+02 1.240000000000000000e+02 5.606645337100000148e+01 2.476578022600000040e+00
1.240000000000000000e+02 1.250000000000000000e+02 4.929689683600000194e+01 2.350908007700000191e+00
1.250000000000000000e+02 1.260000000000000000e+02 4.558973137799999620e+01 2.231261526299999964e+00
1.260000000000000000e+02 1.270000000000000000e+02 4.121805953399999822e+01 2.215513460199999951e+00
1.270000000000000000e+02 1.280000000000000000e+02 4.343135526199999674e+01 1.920582841699999932e+00
1.280000000000000000e+02 1.290000000000000000e+02 3.872733508160000326e+01 1.911190906199999873e+00
1.290000000000000000e+02 1.300000000000000000e+02 3.624309325200000131e+01 1.830264969199999925e+00
1.300000000000000000e+02 1.310000000000000000e+02 3.433511039599999748e+01 1.689517650900000056e+00
1.310000000000000000e+02 1.320000000000000000e+02 2.962125900600000250e+01 1.612554728800000170e+00
1.320000000000000000e+02 1.330000000000000000e+02 4.878730104099999920e+01 2.396431577900000054e+00
1.330000000000000000e+02 1.340000000000000000e+02 4.963341136399999698e+01 2.479427387899999946e+00
1.340000000000000000e+02 1.350000000000000000e+02 4.645846319600000385e+01 2.309668205399999952e+00
1.350000000000000000e+02 1.360000000000000000e+02 4.928831305399999962e+01 2.370655855199999884e+00
1.360000000000000000e+02 1.370000000000000000e+02 4.560785948699999892e+01 2.125644652900000153e+00
1.370000000000000000e+02 1.380000000000000000e+02 4.570308692600000455e+01 2.075331406099999665e+00
1.380000000000000000e+02 1.390000000000000000e+02 4.251237503090000303e+01 1.872918968299999820e+00
1.390000000000000000e+02 1.400000000000000000e+02 3.723549880660000611e+01 1.805623236500000006e+00
1.400000000000000000e+02 1.410000000000000000e+02 3.764182790099999920e+01 1.948971604800000090e+00
1.410000000000000000e+02 1.420000000000000000e+02 3.372083187900000212e+01 1.722673970699999835e+00
1.420000000000000000e+02 1.430000000000000000e+02 3.160443181299999793e+01 1.464676214700000090e+00
1.430000000000000000e+02 1.440000000000000000e+02 4.813124410300000022e+01 2.337494523199999730e+00
1.440000000000000000e+02 1.450000000000000000e+02 4.778945462100000441e+01 2.363421177999999845e+00
1.450000000000000000e+02 1.460000000000000000e+02 4.811115153299999747e+01 2.161519949300000132e+00
1.460000000000000000e+02 1.470000000000000000e+02 4.947604388599999936e+01 2.400001480999999881e+00
1.470000000000000000e+02 1.480000000000000000e+02 4.473968299699999562e+01 1.933496314299999908e+00
1.480000000000000000e+02 1.490000000000000000e+02 4.151453168000000460e+01 2.016128587299999886e+00
1.490000000000000000e+02 1.500000000000000000e+02 3.829601832459999855e+01 1.977886313900000026e+00
1.500000000000000000e+02 1.510000000000000000e+02 3.786129800319999816e+01 1.853653600299999926e+00
1.510000000000000000e+02 1.520000000000000000e+02 3.494845354499999956e+01 1.735926054599999935e+00
1.520000000000000000e+02 1.530000000000000000e+02 3.208107413999999835e+01 1.669782062500000164e+00
1.530000000000000000e+02 1.540000000000000000e+02 3.134079185499999909e+01 1.506506455100000030e+00
1.540000000000000000e+02 1.550000000000000000e+02 4.873892157399999547e+01 2.479562645499999718e+00
1.550000000000000000e+02 1.560000000000000000e+02 4.501081553499999899e+01 2.212487103499999996e+00
1.560000000000000000e+02 1.570000000000000000e+02 4.874904166399999639e+01 2.514131839799999657e+00
1.570000000000000000e+02 1.580000000000000000e+02 4.312334639499999867e+01 2.256976612300000351e+00
1.580000000000000000e+02 1.590000000000000000e+02 4.908199662999999902e+01 2.308964934500000066e+00
1.590000000000000000e+02 1.600000000000000000e+02 4.171723059499999664e+01 1.980840660299999945e+00
1.600000000000000000e+02 1.610000000000000000e+02 3.960695086399999809e+01 1.981423555599999942e+00
1.610000000000000000e+02 1.620000000000000000e+02 3.720326173000000125e+01 1.882420214200000164e+00
1.620000000000000000e+02 1.630000000000000000e+02 3.134385997100000054e+01 1.753446478200000103e+00
1.630000000000000000e+02 1.640000000000000000e+02 3.090495663899999812e+01 1.615298032299999909e+00
1.640000000000000000e+02 1.650000000000000000e+02 2.949919829700000307e+01 1.589828168100000161e+00
1.650000000000000000e+02 1.660000000000000000e+02 4.727900947100000195e+01 2.550313336699999933e+00
1.660000000000000000e+02 1.670000000000000000e+02 4.621415217199999859e+01 2.268079710099999868e+00
1.670000000000000000e+02 1.680000000000000000e+02 4.744745222400000273e+01 2.541408375100000061e+00
1.680000000000000000e+02 1.690000000000000000e+02 4.433982932499999663e+01 2.069619401100000200e+00
1.690000000000000000e+02 1.700000000000000000e+02 3.954198519799999900e+01 2.152963001199999837e+00
1.700000000000000000e+02 1.710000000000000000e+02 4.026798106000000388e+01 1.979095225100000022e+00
1.710000000000000000e+02 1.720000000000000000e+02 4.025127955000000668e+01 2.090545853500000106e+00
1.720000000000000000e+02 1.730000000000000000e+02 3.218560480409999514e+01 1.808431379800000016e+00
1.730000000000000000e+02 1.740000000000000000e+02 3.480294461100000092e+01 1.930593620900000085e+00
1.740000000000000000e+02 1.750000000000000000e+02 3.111313503100000233e+01 1.612715326400000038e+00
1.750000000000000000e+02 1.760000000000000000e+02 2.782646832400000037e+01 1.492368714599999979e+00
1.760000000000000000e+02 1.770000000000000000e+02 4.032661213699999792e+01 2.374836593199999957e+00
1.770000000000000000e+02 1.780000000000000000e+02 4.172556729000000075e+01 2.235747393900000102e+00
1.780000000000000000e+02 1.790000000000000000e+02 4.252989040399999965e+01 2.465721972199999890e+00
1.790000000000000000e+02 1.800000000000000000e+02 3.764597040299999975e+01 2.125460636500000167e+00
1.800000000000000000e+02 1.810000000000000000e+02 4.029463057699999951e+01 2.329162058800000157e+00
1.810000000000000000e+02 1.820000000000000000e+02 3.688490052499999905e+01 1.962731322499999820e+00
1.820000000000000000e+02 1.830000000000000000e+02 3.658038101249999841e+01 2.043646378400000074e+00
1.830000000000000000e+02 1.840000000000000000e+02 3.741909402879999647e+01 1.859055047600000066e+00
1.840000000000000000e+02 1.850000000000000000e+02 2.900014734999999888e+01 1.686217631600000155e+00
1.850000000000000000e+02 1.860000000000000000e+02 3.013042121799999862e+01 1.511698169300000005e+00
1.860000000000000000e+02 1.870000000000000000e+02 2.369943432699999875e+01 1.446247354999999901e+00
1.870000000000000000e+02 1.880000000000000000e+02 4.611097488499999741e+01 2.290577353500000246e+00
1.880000000000000000e+02 1.890000000000000000e+02 4.543137821799999898e+01 2.529194095500000294e+00
1.890000000000000000e+02 1.900000000000000000e+02 4.282450532699999712e+01 2.298016110999999917e+00
1.900000000000000000e+02 1.910000000000000000e+02 3.919456652599999558e+01 2.047082785400000216e+00
1.910000000000000000e+02 1.920000000000000000e+02 3.536999526400000349e+01 2.481800854999999917e+00
1.920000000000000000e+02 1.930000000000000000e+02 3.562680098399999906e+01 2.098314429399999792e+00
1.930000000000000000e+02 1.940000000000000000e+02 3.445829030599999498e+01 2.034198012599999661e+00
1.940000000000000000e+02 1.950000000000000000e+02 3.136825141719999976e+01 1.720540702400000121e+00
1.950000000000000000e+02 1.960000000000000000e+02 3.230265226899999931e+01 1.645349855699999919e+00
1.960000000000000000e+02 1.970000000000000000e+02 2.657985617900000008e+01 1.612225394600000028e+00
1.970000000000000000e+02 1.980000000000000000e+02 2.379302187499999732e+01 1.459222687700000076e+00
1.980000000000000000e+02 1.990000000000000000e+02 4.197602258299999534e+01 2.269772059200000136e+00
1.990000000000000000e+02 2.000000000000000000e+02 3.933961702099999513e+01 2.402566020100000088e+00
2.000000000000000000e+02 2.010000000000000000e+02 3.899522221099999797e+01 2.282198335799999978e+00
2.010000000000000000e+02 2.020000000000000000e+02 3.986978382000000209e+01 2.175302198899999873e+00
2.020000000000000000e+02 2.030000000000000000e+02 3.315402673399999856e+01 2.135486903399999914e+00
2.030000000000000000e+02 2.040000000000000000e+02 3.524802333499999918e+01 1.946200072400000147e+00
2.040000000000000000e+02 2.050000000000000000e+02 3.389549742630000395e+01 2.089630648199999996e+00
2.050000000000000000e+02 2.060000000000000000e+02 3.133890767109999942e+01 1.588786446499999894e+00
2.060000000000000000e+02 2.070000000000000000e+02 2.702278795000000144e+01 1.776135918699999872e+00
2.070000000000000000e+02 2.080000000000000000e+02 2.375506718999999833e+01 1.565542224699999929e+00
2.080000000000000000e+02 2.090000000000000000e+02 2.578694807399999789e+01 1.442576970500000000e+00
2.090000000000000000e+02 2.100000000000000000e+02 4.058688850600000109e+01 2.277480452799999888e+00
2.100000000000000000e+02 2.110000000000000000e+02 4.007663681300000036e+01 2.145907696400000120e+00
2.110000000000000000e+02 2.120000000000000000e+02 4.373250425500000205e+01 2.529496228800000246e+00
2.120000000000000000e+02 2.130000000000000000e+02 3.565519713899999488e+01 2.177552221200000027e+00
2.130000000000000000e+02 2.140000000000000000e+02 3.702104067900000217e+01 2.266755910100000104e+00
2.140000000000000000e+02 2.150000000000000000e+02 3.584301470199999784e+01 1.873969157999999968e+00
2.150000000000000000e+02 2.160000000000000000e+02 2.927779917399999832e+01 1.879502386799999814e+00
2.160000000000000000e+02 2.170000000000000000e+02 2.976341255090000004e+01 1.583404002099999985e+00
2.170000000000000000e+02 2.180000000000000000e+02 2.844602881400000172e+01 1.763199543199999830e+00
2.180000000000000000e+02 2.190000000000000000e+02 2.694380611000000059e+01 1.503406805199999807e+00
2.190000000000000000e+02 2.200000000000000000e+02 2.294769726600000226e+01 1.475948300099999999e+00
2.200000000000000000e+02 2.210000000000000000e+02 4.117305124199999966e+01 2.455271098999999957e+00
2.210000000000000000e+02 2.220000000000000000e+02 3.963890110300000202e+01 2.425062996199999876e+00
2.220000000000000000e+02 2.230000000000000000e+02 3.293550422800000632e+01 2.553191504299999970e+00
2.230000000000000000e+02 2.240000000000000000e+02 3.867993046100000498e+01 2.045383553199999760e+00
2.240000000000000000e+02 2.250000000000000000e+02 3.711079235300000079e+01 2.276373531399999983e+00
2.250000000000000000e+02 2.260000000000000000e+02 3.190557529899999878e+01 1.788953983300000106e+00
2.260000000000000000e+02 2.270000000000000000e+02 3.201449658760000005e+01 1.787967000300000109e+00
2.270000000000000000e+02 2.280000000000000000e+02 2.838065119250000023e+01 1.720355281700000072e+00
2.280000000000000000e+02 2.290000000000000000e+02 2.275094888579999974e+01 1.666736645600000122e+00
2.290000000000000000e+02 2.300000000000000000e+02 2.593438175500000042e+01 1.580769145499999917e+00
2.300000000000000000e+02 2.310000000000000000e+02 2.003340731600000169e+01 1.421089849299999930e+00
2.310000000000000000e+02 2.320000000000000000e+02 3.744700187600000163e+01 2.496013772099999972e+00
2.320000000000000000e+02 2.330000000000000000e+02 3.365931415800000082e+01 2.469552747199999843e+00
2.330000000000000000e+02 2.340000000000000000e+02 4.174768839300000423e+01 2.468260824200000147e+00
2.340000000000000000e+02 2.350000000000000000e+02 3.764963371300000006e+01 2.184348782499999864e+00
2.350000000000000000e+02 2.360000000000000000e+02 3.352648438399999975e+01 2.055177105999999920e+00
2.360000000000000000e+02 2.370000000000000000e+02 3.671927818699999335e+01 1.915263624500000095e+00
2.370000000000000000e+02 2.380000000000000000e+02 3.229717009710000042e+01 1.953100539800000091e+00
2.380000000000000000e+02 2.390000000000000000e+02 2.898955207160000214e+01 1.696187358900000053e+00
2.390000000000000000e+02 2.400000000000000000e+02 2.786442660599999854e+01 1.655591479299999946e+00
2.400000000000000000e+02 2.410000000000000000e+02 2.141503112200000203e+01 1.578684090399999906e+00
2.410000000000000000e+02 2.420000000000000000e+02 2.320652369199999754e+01 1.388277294699999942e+00
2.420000000000000000e+02 2.430000000000000000e+02 3.907662056600000255e+01 2.278433137900000016e+00
2.430000000000000000e+02 2.440000000000000000e+02 3.606260280800000118e+01 2.262256455000000166e+00
2.440000000000000000e+02 2.450000000000000000e+02 3.335153863699999732e+01 2.390126294599999923e+00
2.450000000000000000e+02 2.460000000000000000e+02 3.458151311900000024e+01 2.167890251199999785e+00
2.460000000000000000e+02 2.470000000000000000e+02 3.923132368199999576e+01 2.391484926399999988e+00
2.470000000000000000e+02 2.480000000000000000e+02 3.170037677000000187e+01 1.938749204099999845e+00
2.480000000000000000e+02 2.490000000000000000e+02 2.609313641099999970e+01 1.788459590900000062e+00
2.490000000000000000e+02 2.500000000000000000e+02 2.706883277029999846e+01 1.835602810499999960e+00
2.500000000000000000e+02 2.510000000000000000e+02 2.360768327999999983e+01 1.566177436999999895e+00
2.510000000000000000e+02 2.520000000000000000e+02 2.143204279299999726e+01 1.609410690500000074e+00
2.520000000000000000e+02 2.530000000000000000e+02 2.156663058099999830e+01 1.395714667000000020e+00
2.530000000000000000e+02 2.540000000000000000e+02 3.893474476499999781e+01 2.395664372300000178e+00
2.540000000000000000e+02 2.550000000000000000e+02 3.692246257400000076e+01 2.369191546199999721e+00
2.550000000000000000e+02 2.560000000000000000e+02 3.569712363499999697e+01 1.769662323499999967e+00
2.560000000000000000e+02 2.570000000000000000e+02 3.199461240900000192e+01 2.164586321699999871e+00
2.570000000000000000e+02 2.580000000000000000e+02 3.323409237100000269e+01 2.492658935399999720e+00
2.580000000000000000e+02 2.590000000000000000e+02 2.796276829800000030e+01 1.883617500800000011e+00
2.590000000000000000e+02 2.600000000000000000e+02 2.970551946900000218e+01 1.862636142800000005e+00
2.600000000000000000e+02 2.610000000000000000e+02 2.781661567529999957e+01 1.783948252899999920e+00
2.610000000000000000e+02 2.620000000000000000e+02 2.399030601730000001e+01 1.503723754100000143e+00
2.620000000000000000e+02 2.630000000000000000e+02 2.245286638199999985e+01 1.476695117500000043e+00
2.630000000000000000e+02 2.640000000000000000e+02 1.979524534600000152e+01 1.347504395200000094e+00
2.640000000000000000e+02 2.650000000000000000e+02 3.599206215999999614e+01 2.494243260999999823e+00
2.650000000000000000e+02 2.660000000000000000e+02 3.624216379499999618e+01 2.389646316699999939e+00
2.660000000000000000e+02 2.670000000000000000e+02 3.674335519099999914e+01 2.202148026900000222e+00
2.670000000000000000e+02 2.680000000000000000e+02 3.030889187300000032e+01 2.213202579299999861e+00
2.680000000000000000e+02 2.690000000000000000e+02 3.148374963399999871e+01 2.236717218199999913e+00
2.690000000000000000e+02 2.700000000000000000e+02 2.971154412599999972e+01 2.032857305499999878e+00
2.700000000000000000e+02 2.710000000000000000e+02 2.739102568090000034e+01 1.773405635300000061e+00
2.710000000000000000e+02 2.720000000000000000e+02 2.425836346950000078e+01 1.607566849799999975e+00
2.720000000000000000e+02 2.730000000000000000e+02 2.287892094500000084e+01 1.582520471300000064e+00
2.730000000000000000e+02 2.740000000000000000e+02 2.008283628899999940e+01 1.379856985500000022e+00
2.740000000000000000e+02 2.750000000000000000e+02 1.695109136099999958e+01 1.305082766399999983e+00
2.750000000000000000e+02 2.760000000000000000e+02 3.177315854600000122e+01 2.318718485499999815e+00
2.760000000000000000e+02 2.770000000000000000e+02 3.510723633599999971e+01 2.352182017700000127e+00
2.770000000000000000e+02 2.780000000000000000e+02 3.525860659700000355e+01 2.477655756200000337e+00
2.780000000000000000e+02 2.790000000000000000e+02 3.143267112899999915e+01 2.245997121099999827e+00
2.790000000000000000e+02 2.800000000000000000e+02 3.089629734999999755e+01 2.159673187000000105e+00
2.800000000000000000e+02 2.810000000000000000e+02 2.830266743600000012e+01 1.840841658400000025e+00
2.810000000000000000e+02 2.820000000000000000e+02 2.740910732700000096e+01 1.673249244400000002e+00
2.820000000000000000e+02 2.830000000000000000e+02 2.360478785649999978e+01 1.657762556599999826e+00
2.830000000000000000e+02 2.840000000000000000e+02 2.290060051849999923e+01 1.500392892000000034e+00
2.840000000000000000e+02 2.850000000000000000e+02 1.946642564699999767e+01 1.371656079899999936e+00
2.850000000000000000e+02 2.860000000000000000e+02 1.613399598799999879e+01 1.406395886999999956e+00
2.860000000000000000e+02 2.870000000000000000e+02 3.195553105900000190e+01 2.220250725200000108e+00
2.870000000000000000e+02 2.880000000000000000e+02 3.435273349999999937e+01 2.347524832199999967e+00
2.880000000000000000e+02 2.890000000000000000e+02 3.192594697099999834e+01 2.514077661500000005e+00
2.890000000000000000e+02 2.900000000000000000e+02 3.390629496700000090e+01 2.040691975799999724e+00
2.900000000000000000e+02 2.910000000000000000e+02 2.970357482499999691e+01 2.204895946099999726e+00
2.910000000000000000e+02 2.920000000000000000e+02 2.806566493300000076e+01 1.826408753699999998e+00
2.920000000000000000e+02 2.930000000000000000e+02 2.602767978099999979e+01 1.733951566600000049e+00
2.930000000000000000e+02 2.940000000000000000e+02 2.578531730379999942e+01 1.562963176299999812e+00
2.940000000000000000e+02 2.950000000000000000e+02 2.115390287219999976e+01 1.710532355900000079e+00
2.950000000000000000e+02 2.960000000000000000e+02 1.931695872399999914e+01 1.402685364599999929e+00
2.960000000000000000e+02 2.970000000000000000e+02 1.813505069600000041e+01 1.271237390300000047e+00
2.970000000000000000e+02 2.980000000000000000e+02 3.294223733700000167e+01 2.392719725100000083e+00
2.980000000000000000e+02 2.990000000000000000e+02 3.124611583100000090e+01 2.525682375500000187e+00
2.990000000000000000e+02 3.000000000000000000e+02 2.986294914400000167e+01 2.396766458399999689e+00
3.000000000000000000e+02 3.010000000000000000e+02 2.764976438800000125e+01 2.220943412100000014e+00
3.010000000000000000e+02 3.020000000000000000e+02 2.680929874799999979e+01 1.998019969000000007e+00
3.020000000000000000e+02 3.030000000000000000e+02 2.652162194599999978e+01 1.795860148699999881e+00
3.030000000000000000e+02 3.040000000000000000e+02 2.397120530399999794e+01 1.740298652100000121e+00
3.040000000000000000e+02 3.050000000000000000e+02 2.516029937940000138e+01 1.646998414999999882e+00
3.050000000000000000e+02 3.060000000000000000e+02 2.061917410399999895e+01 1.637819530400000057e+00
3.060000000000000000e+02 3.070000000000000000e+02 1.969472675300000120e+01 1.319221720899999895e+00
3.070000000000000000e+02 3.080000000000000000e+02 1.937995269600000015e+01 1.628826721899999885e+00
3.080000000000000000e+02 3.090000000000000000e+02 3.334274264399999765e+01 2.295307400100000006e+00
3.090000000000000000e+02 3.100000000000000000e+02 3.274819291100000385e+01 2.217984916599999856e+00
3.100000000000000000e+02 3.110000000000000000e+02 2.940215630799999857e+01 2.146624850799999873e+00
3.110000000000000000e+02 3.120000000000000000e+02 3.057760125000000073e+01 2.083897269499999982e+00
3.120000000000000000e+02 3.130000000000000000e+02 2.833570063499999847e+01 1.906398414999999957e+00
3.130000000000000000e+02 3.140000000000000000e+02 2.602171082599999963e+01 1.838549341900000078e+00
3.140000000000000000e+02 3.150000000000000000e+02 2.492918837599999904e+01 1.626367595499999874e+00
3.150000000000000000e+02 3.160000000000000000e+02 1.895739299560000291e+01 1.604579917999999994e+00
3.160000000000000000e+02 3.170000000000000000e+02 2.000988907799999694e+01 1.443798544000000073e+00
3.170000000000000000e+02 3.180000000000000000e+02 1.999651018899999855e+01 1.356962657199999978e+00
3.180000000000000000e+02 3.190000000000000000e+02 1.587091480199999971e+01 1.409806909000000053e+00
3.190000000000000000e+02 3.200000000000000000e+02 3.152567363500000042e+01 2.403296423600000065e+00
3.200000000000000000e+02 3.210000000000000000e+02 2.693246481299999928e+01 2.156149701399999952e+00
3.210000000000000000e+02 3.220000000000000000e+02 2.799830324499999890e+01 2.048721713099999953e+00
3.220000000000000000e+02 3.230000000000000000e+02 2.477806447800000100e+01 2.099112654799999866e+00
3.230000000000000000e+02 3.240000000000000000e+02 2.758097344799999817e+01 1.946542214499999979e+00
3.240000000000000000e+02 3.250000000000000000e+02 2.417160294600000014e+01 1.859113868600000163e+00
3.250000000000000000e+02 3.260000000000000000e+02 2.442935568200000063e+01 1.592274482499999921e+00
3.260000000000000000e+02 3.270000000000000000e+02 2.127285686289999944e+01 1.532415623999999976e+00
3.270000000000000000e+02 3.280000000000000000e+02 2.281618462770000022e+01 1.644059860600000089e+00
3.280000000000000000e+02 3.290000000000000000e+02 1.866675717600000084e+01 1.543268831700000066e+00
3.290000000000000000e+02 3.300000000000000000e+02 1.604860234200000235e+01 1.389345282599999898e+00
3.300000000000000000e+02 3.310000000000000000e+02 2.712814704900000251e+01 2.356126750900000122e+00
3.310000000000000000e+02 3.320000000000000000e+02 2.636233689300000194e+01 2.365415391600000028e+00
3.320000000000000000e+02 3.330000000000000000e+02 2.624891172499999925e+01 1.945340678900000064e+00
3.330000000000000000e+02 3.340000000000000000e+02 2.529952874000000307e+01 1.863591999800000121e+00
3.340000000000000000e+02 3.350000000000000000e+02 2.688730393599999857e+01 1.781774748499999950e+00
3.350000000000000000e+02 3.360000000000000000e+02 2.273961105300000085e+01 1.896354551700000002e+00
3.360000000000000000e+02 3.370000000000000000e+02 2.044784150659999966e+01 1.525565043899999917e+00
3.370000000000000000e+02 3.380000000000000000e+02 2.013694899742199951e+01 1.568673282700000060e+00
3.380000000000000000e+02 3.390000000000000000e+02 2.040038218219999777e+01 1.382981180900000107e+00
3.390000000000000000e+02 3.400000000000000000e+02 1.663874111800000222e+01 1.485474500200000048e+00
3.400000000000000000e+02 3.410000000000000000e+02 1.492618664600000145e+01 1.431139888299999940e+00
3.410000000000000000e+02 3.420000000000000000e+02 2.838940619999999981e+01 1.963632520300000017e+00
3.420000000000000000e+02 3.430000000000000000e+02 2.902292908100000091e+01 2.363608367699999935e+00
3.430000000000000000e+02 3.440000000000000000e+02 2.850328908499999869e+01 2.042584436099999845e+00
3.440000000000000000e+02 3.450000000000000000e+02 2.964606106000000096e+01 1.883191206299999809e+00
3.450000000000000000e+02 3.460000000000000000e+02 2.454339759300000168e+01 1.847294500899999914e+00
3.460000000000000000e+02 3.470000000000000000e+02 2.859229223599999870e+01 1.979851736399999895e+00
3.470000000000000000e+02 3.480000000000000000e+02 2.423106875199999877e+01 1.622661975700000037e+00
3.480000000000000000e+02 3.490000000000000000e+02 2.193856449229999939e+01 1.704438213500000021e+00
3.490000000000000000e+02 3.500000000000000000e+02 1.774836515410000004e+01 1.434321901999999982e+00
3.500000000000000000e+02 3.510000000000000000e+02 1.793095230600000178e+01 1.527511534100000068e+00
3.510000000000000000e+02 3.520000000000000000e+02 1.566118784300000044e+01 1.411196575799999797e+00
3.520000000000000000e+02 3.530000000000000000e+02 2.739999725200000213e+01 2.188962908500000193e+00
3.530000000000000000e+02 3.540000000000000000e+02 2.933294563699999813e+01 2.187063636099999986e+00
3.540000000000000000e+02 3.550000000000000000e+02 2.746430959899999991e+01 2.097677236999999639e+00
3.550000000000000000e+02 3.560000000000000000e+02 2.644512602000000001e+01 1.970708422700000018e+00
3.560000000000000000e+02 3.570000000000000000e+02 2.312598901300000165e+01 1.755028439699999998e+00
3.570000000000000000e+02 3.580000000000000000e+02 2.530908829299999852e+01 1.836917328600000010e+00
3.580000000000000000e+02 3.590000000000000000e+02 2.179277685539999965e+01 1.666840280499999993e+00
3.590000000000000000e+02 3.600000000000000000e+02 1.713477750655999898e+01 1.630312712899999905e+00
3.600000000000000000e+02 3.610000000000000000e+02 1.700836891800000217e+01 1.385001884300000041e+00
3.610000000000000000e+02 3.620000000000000000e+02 1.527762789590000025e+01 1.368686202799999974e+00
3.620000000000000000e+02 3.630000000000000000e+02 1.585458657100000046e+01 1.242992609699999917e+00
3.630000000000000000e+02 3.640000000000000000e+02 2.504359213400000073e+01 2.104067644799999748e+00
3.640000000000000000e+02 3.650000000000000000e+02 2.517363591999999883e+01 2.124128740800000248e+00
3.650000000000000000e+02 3.660000000000000000e+02 2.541367249099999981e+01 1.968191598900000061e+00
3.660000000000000000e+02 3.670000000000000000e+02 2.547909543500000140e+01 1.944462478200000177e+00
3.670000000000000000e+02 3.680000000000000000e+02 2.584024632599999904e+01 1.830208879900000030e+00
3.680000000000000000e+02 3.690000000000000000e+02 1.719670285699999823e+01 1.836955284799999921e+00
3.690000000000000000e+02 3.700000000000000000e+02 2.206406203399999910e+01 1.830995747600000056e+00
3.700000000000000000e+02 3.710000000000000000e+02 1.864003961040000235e+01 1.441368934500000032e+00
3.710000000000000000e+02 3.720000000000000000e+02 1.768859601349999977e+01 1.337981148700000178e+00
3.720000000000000000e+02 3.730000000000000000e+02 1.635022132799999994e+01 1.442536816500000096e+00
3.730000000000000000e+02 3.740000000000000000e+02 1.417668523299999883e+01 1.254433791100000084e+00
3.740000000000000000e+02 3.750000000000000000e+02 3.108120776800000229e+01 2.231661361899999640e+00
3.750000000000000000e+02 3.760000000000000000e+02 2.451799297100000175e+01 2.281761494099999954e+00
3.760000000000000000e+02 3.770000000000000000e+02 2.680166534600000006e+01 1.910745806600000041e+00
3.770000000000000000e+02 3.780000000000000000e+02 2.601747534200000089e+01 2.002747674300000114e+00
3.780000000000000000e+02 3.790000000000000000e+02 2.427949809000000059e+01 1.926229729500000154e+00
3.790000000000000000e+02 3.800000000000000000e+02 2.358060392899999869e+01 1.909492513300000027e+00
3.800000000000000000e+02 3.810000000000000000e+02 1.909198209810000080e+01 1.710785716199999973e+00
3.810000000000000000e+02 3.820000000000000000e+02 1.859214736570000071e+01 1.435670823599999979e+00
3.820000000000000000e+02 3.830000000000000000e+02 1.950683661200000074e+01 1.399830601000000119e+00
3.830000000000000000e+02 3.840000000000000000e+02 1.298393023800000101e+01 1.288541929300000000e+00
3.840000000000000000e+02 3.850000000000000000e+02 1.171344788300000062e+01 1.177545383799999845e+00
3.850000000000000000e+02 3.860000000000000000e+02 2.497687457099999975e+01 2.379781431600000108e+00
3.860000000000000000e+02 3.870000000000000000e+02 3.160285531699999950e+01 2.208792858099999812e+00
3.870000000000000000e+02 3.880000000000000000e+02 2.563117701600000231e+01 2.019547486100000011e+00
3.880000000000000000e+02 3.890000000000000000e+02 2.362229534599999781e+01 1.972445716199999977e+00
3.890000000000000000e+02 3.900000000000000000e+02 2.118701680399999887e+01 1.779399611400000136e+00
3.900000000000000000e+02 3.910000000000000000e+02 2.094432560400000298e+01 1.630347924900000134e+00
3.910000000000000000e+02 3.920000000000000000e+02 1.752374968900000241e+01 1.663425976400000117e+00
3.920000000000000000e+02 3.930000000000000000e+02 1.861135214399999782e+01 1.508661546100000139e+00
3.930000000000000000e+02 3.940000000000000000e+02 1.726702068200000184e+01 1.548175634599999961e+00
3.940000000000000000e+02 3.950000000000000000e+02 1.535964386999999931e+01 1.395299953499999912e+00
3.950000000000000000e+02 3.960000000000000000e+02 1.555101539700000046e+01 1.411502888000000011e+00
3.960000000000000000e+02 3.970000000000000000e+02 2.510265809899999923e+01 2.218243248400000311e+00
3.970000000000000000e+02 3.980000000000000000e+02 2.320824001400000114e+01 2.161540001599999705e+00
3.980000000000000000e+02 3.990000000000000000e+02 2.632186773900000176e+01 2.128404718000000084e+00
3.990000000000000000e+02 4.000000000000000000e+02 2.305893429700000041e+01 2.197074591700000301e+00
4.000000000000000000e+02 4.010000000000000000e+02 2.368319607900000179e+01 1.826030132899999936e+00
4.010000000000000000e+02 4.020000000000000000e+02 2.066061403100000149e+01 1.569260782600000015e+00
4.020000000000000000e+02 4.030000000000000000e+02 1.814809328799999832e+01 1.528234582799999908e+00
4.030000000000000000e+02 4.040000000000000000e+02 1.704161709010000081e+01 1.525362159099999948e+00
4.040000000000000000e+02 4.050000000000000000e+02 1.636187667289999936e+01 1.485103246900000062e+00
4.050000000000000000e+02 4.060000000000000000e+02 1.490678256130000001e+01 1.331529900600000094e+00
4.060000000000000000e+02 4.070000000000000000e+02 1.209869856100000085e+01 1.396135708699999922e+00
4.070000000000000000e+02 4.080000000000000000e+02 2.283084213799999773e+01 2.189101254200000124e+00
4.080000000000000000e+02 4.090000000000000000e+02 2.497405392699999993e+01 2.140785270299999876e+00
4.090000000000000000e+02 4.100000000000000000e+02 2.209094906500000022e+01 2.445836647699999755e+00
4.100000000000000000e+02 4.110000000000000000e+02 2.018596469799999937e+01 2.283364630499999937e+00
4.110000000000000000e+02 4.120000000000000000e+02 2.135363585800000052e+01 1.692501210499999909e+00
4.120000000000000000e+02 4.130000000000000000e+02 2.039934387399999949e+01 1.602898922000000059e+00
4.130000000000000000e+02 4.140000000000000000e+02 1.937718346800000191e+01 1.586589576900000020e+00
4.140000000000000000e+02 4.150000000000000000e+02 1.799365851070000133e+01 1.334782288699999819e+00
4.150000000000000000e+02 4.160000000000000000e+02 1.759919142610000264e+01 1.282696562299999954e+00
4.160000000000000000e+02 4.170000000000000000e+02 1.547979838220000026e+01 1.281428559799999922e+00
4.170000000000000000e+02 4.180000000000000000e+02 1.228991033600000016e+01 1.218098504599999909e+00
4.180000000000000000e+02 4.190000000000000000e+02 2.550908348399999781e+01 2.016976016400000127e+00
4.190000000000000000e+02 4.200000000000000000e+02 2.169578601199999923e+01 2.136238136300000257e+00
4.200000000000000000e+02 4.210000000000000000e+02 2.213835984199999984e+01 2.242102274799999684e+00
4.210000000000000000e+02 4.220000000000000000e+02 2.700109342000000012e+01 1.944284318300000036e+00
4.220000000000000000e+02 4.230000000000000000e+02 2.133882752900000312e+01 1.573802900900000079e+00
4.230000000000000000e+02 4.240000000000000000e+02 1.980253773399999773e+01 1.610669354699999944e+00
4.240000000000000000e+02 4.250000000000000000e+02 1.840762519599999791e+01 1.523043052700000066e+00
4.250000000000000000e+02 4.260000000000000000e+02 1.769251385119999753e+01 1.504043828299999941e+00
4.260000000000000000e+02 4.270000000000000000e+02 1.435725839280000038e+01 1.205973682100000000e+00
4.270000000000000000e+02 4.280000000000000000e+02 1.355892435220000003e+01 1.252254505500000059e+00
4.280000000000000000e+02 4.290000000000000000e+02 1.261146144099999944e+01 1.256003288200000068e+00
4.290000000000000000e+02 4.300000000000000000e+02 2.171845103899999785e+01 2.359226143899999961e+00
4.300000000000000000e+02 4.310000000000000000e+02 2.446055755800000142e+01 2.163050341699999990e+00
4.310000000000000000e+02 4.320000000000000000e+02 2.172006671200000127e+01 2.203311738200000036e+00
4.320000000000000000e+02 4.330000000000000000e+02 2.110649548900000028e+01 2.024572128500000012e+00
4.330000000000000000e+02 4.340000000000000000e+02 2.140954583200000272e+01 1.690607213200000070e+00
4.340000000000000000e+02 4.350000000000000000e+02 2.014471922999999975e+01 1.797485855299999935e+00
4.350000000000000000e+02 4.360000000000000000e+02 1.793077282500000180e+01 1.590454126000000024e+00
4.360000000000000000e+02 4.370000000000000000e+02 1.374455880246999939e+01 1.448438240800000054e+00
4.370000000000000000e+02 4.380000000000000000e+02 1.520503566899999903e+01 1.371350539100000043e+00
4.380000000000000000e+02 4.390000000000000000e+02 1.275252162600000005e+01 1.388157668299999870e+00
4.390000000000000000e+02 4.400000000000000000e+02 1.188361623970000025e+01 1.095280840999999894e+00
4.400000000000000000e+02 4.410000000000000000e+02 2.245609489200000297e+01 2.293782919899999939e+00
4.410000000000000000e+02 4.420000000000000000e+02 2.446584906300000029e+01 2.051708951799999792e+00
4.420000000000000000e+02 4.430000000000000000e+02 2.246108918499999874e+01 1.779947184499999890e+00
4.430000000000000000e+02 4.440000000000000000e+02 2.262644950099999974e+01 1.743171135799999938e+00
4.440000000000000000e+02 4.450000000000000000e+02 2.060484685600000176e+01 1.834831011899999975e+00
4.450000000000000000e+02 4.460000000000000000e+02 1.931446151899999819e+01 1.639558888799999892e+00
4.460000000000000000e+02 4.470000000000000000e+02 1.502180768100000030e+01 1.547816374699999997e+00
4.470000000000000000e+02 4.480000000000000000e+02 1.514759004499999939e+01 1.412849953400000080e+00
4.480000000000000000e+02 4.490000000000000000e+02 1.325615480239999933e+01 1.373022060899999897e+00
4.490000000000000000e+02 4.500000000000000000e+02 1.139904037280000004e+01 1.303251146599999855e+00
4.500000000000000000e+02 4.510000000000000000e+02 1.027476572239999975e+01 9.555448707000000486e-01
4.510000000000000000e+02 4.520000000000000000e+02 1.722102476999999965e+01 1.929624931400000021e+00
4.520000000000000000e+02 4.530000000000000000e+02 2.384934395999999879e+01 2.031886569600000136e+00
4.530000000000000000e+02 4.540000000000000000e+02 2.407047576900000152e+01 1.778705883599999815e+00
4.540000000000000000e+02 4.550000000000000000e+02 2.049479112900000288e+01 1.899096133999999880e+00
4.550000000000000000e+02 4.560000000000000000e+02 2.197523512400000101e+01 1.904400591500000184e+00
4.560000000000000000e+02 4.570000000000000000e+02 2.125966672300000226e+01 1.728752281000000002e+00
4.570000000000000000e+02 4.580000000000000000e+02 1.812545448599999887e+01 1.579100055499999877e+00
4.580000000000000000e+02 4.590000000000000000e+02 1.515443580870000062e+01 1.378393031499999921e+00
4.590000000000000000e+02 4.600000000000000000e+02 1.475183030970000075e+01 1.340767266399999880e+00
4.600000000000000000e+02 4.610000000000000000e+02 1.371415151899999962e+01 1.224355866499999834e+00
4.610000000000000000e+02 4.620000000000000000e+02 1.167621594290000075e+01 1.190034935999999988e+00
4.620000000000000000e+02 4.630000000000000000e+02 2.248608370299999848e+01 1.794018718000000012e+00
4.630000000000000000e+02 4.640000000000000000e+02 1.952680481800000223e+01 2.111395839299999633e+00
4.640000000000000000e+02 4.650000000000000000e+02 2.132779004400000034e+01 1.858156098300000059e+00
4.650000000000000000e+02 4.660000000000000000e+02 2.272780588000000179e+01 1.940518975600000084e+00
4.660000000000000000e+02 4.670000000000000000e+02 1.771843768100000105e+01 1.690400997100000025e+00
4.670000000000000000e+02 4.680000000000000000e+02 1.427941402899999979e+01 1.628816083200000042e+00
4.680000000000000000e+02 4.690000000000000000e+02 1.465339476800000007e+01 1.650736340699999971e+00
4.690000000000000000e+02 4.700000000000000000e+02 1.529171206850000075e+01 1.367470955299999957e+00
4.700000000000000000e+02 4.710000000000000000e+02 1.247678798109999931e+01 1.285599495000000037e+00
4.710000000000000000e+02 4.720000000000000000e+02 1.173845764800000069e+01 1.302362408899999879e+00
4.720000000000000000e+02 4.730000000000000000e+02 1.195757460299999941e+01 1.329428263800000121e+00
4.730000000000000000e+02 4.740000000000000000e+02 2.280124225200000154e+01 1.926161356400000191e+00
4.740000000000000000e+02 4.750000000000000000e+02 2.423002250000000046e+01 1.999357960500000031e+00
4.750000000000000000e+02 4.760000000000000000e+02 1.939842117099999896e+01 1.864895338800000024e+00
4.760000000000000000e+02 4.770000000000000000e+02 1.873895817500000049e+01 1.856164474999999925e+00
4.770000000000000000e+02 4.780000000000000000e+02 1.969288817300000005e+01 1.764420501699999866e+00
4.780000000000000000e+02 4.790000000000000000e+02 1.861776835399999896e+01 1.532047652399999960e+00
4.790000000000000000e+02 4.800000000000000000e+02 1.815990412800000087e+01 1.574964981900000005e+00
4.800000000000000000e+02 4.810000000000000000e+02 1.615619628929999863e+01 1.209915489899999974e+00
4.810000000000000000e+02 4.820000000000000000e+02 1.198469102275000076e+01 1.208297258200000002e+00
4.820000000000000000e+02 4.830000000000000000e+02 1.237132582090000099e+01 1.350662671400000070e+00
4.830000000000000000e+02 4.840000000000000000e+02 9.360967870999999718e+00 1.098477031200000065e+00
4.840000000000000000e+02 4.850000000000000000e+02 1.930929294500000282e+01 1.980912315600000140e+00
4.850000000000000000e+02 4.860000000000000000e+02 2.015026897299999931e+01 2.100339198799999973e+00
4.860000000000000000e+02 4.870000000000000000e+02 2.456173186199999847e+01 1.920884489600000133e+00
4.870000000000000000e+02 4.880000000000000000e+02 1.741201019400000050e+01 1.730021806099999893e+00
4.880000000000000000e+02 4.890000000000000000e+02 1.859514941200000138e+01 1.789439835300000059e+00
4.890000000000000000e+02 4.900000000000000000e+02 1.968792343099999798e+01 1.648754570700000199e+00
4.900000000000000000e+02 4.910000000000000000e+02 1.734589972899999921e+01 1.709337718300000031e+00
4.910000000000000000e+02 4.920000000000000000e+02 1.502415525179999989e+01 1.329141195200000070e+00
4.920000000000000000e+02 4.930000000000000000e+02 1.380222008807999856e+01 1.194029586000000087e+00
4.930000000000000000e+02 4.940000000000000000e+02 1.211520178900000033e+01 1.345528432800000118e+00
4.940000000000000000e+02 4.950000000000000000e+02 9.688664889400000035e+00 1.022121113000000081e+00
4.950000000000000000e+02 4.960000000000000000e+02 2.197843656699999926e+01 2.108610600100000010e+00
4.960000000000000000e+02 4.970000000000000000e+02 2.133315820199999990e+01 2.014005022999999728e+00
4.970000000000000000e+02 4.980000000000000000e+02 1.981230666899999804e+01 1.795666449999999914e+00
4.980000000000000000e+02 4.990000000000000000e+02 1.982090440800000053e+01 1.650470207899999986e+00
4.990000000000000000e+02 5.000000000000000000e+02 1.893671703400000084e+01 1.701034251799999897e+00
5.000000000000000000e+02 5.010000000000000000e+02 1.796379263300000062e+01 1.800392298300000027e+00
5.010000000000000000e+02 5.020000000000000000e+02 1.337911072200000007e+01 1.561825296400000118e+00
5.020000000000000000e+02 5.030000000000000000e+02 1.366839315500000041e+01 1.244230791999999974e+00
5.030000000000000000e+02 5.040000000000000000e+02 1.155420466679999869e+01 1.245791086899999955e+00
5.040000000000000000e+02 5.050000000000000000e+02 1.023631903649999941e+01 1.345577197699999950e+00
5.050000000000000000e+02 5.060000000000000000e+02 8.396079680499999753e+00 1.108039892800000148e+00
5.060000000000000000e+02 5.070000000000000000e+02 2.066928382199999703e+01 2.024099094200000337e+00
5.070000000000000000e+02 5.080000000000000000e+02 1.812769636100000170e+01 1.939389075100000026e+00
5.080000000000000000e+02 5.090000000000000000e+02 1.955888585699999993e+01 2.192460185399999872e+00
5.090000000000000000e+02 5.100000000000000000e+02 1.779215238600000148e+01 1.728211460400000066e+00
5.100000000000000000e+02 5.110000000000000000e+02 1.603513429399999879e+01 1.914967891600000138e+00
5.110000000000000000e+02 5.120000000000000000e+02 1.225181864999999881e+01 1.779607553800000019e+00
5.120000000000000000e+02 5.130000000000000000e+02 1.476605343900000022e+01 1.363762379199999986e+00
5.130000000000000000e+02 5.140000000000000000e+02 1.344831592519999930e+01 1.319286098000000074e+00
5.140000000000000000e+02 5.150000000000000000e+02 1.151634180823999998e+01 1.305757408199999858e+00
5.150000000000000000e+02 5.160000000000000000e+02 1.171597338940000022e+01 1.152080447799999963e+00
5.160000000000000000e+02 5.170000000000000000e+02 1.070980239959999913e+01 9.763400152000000221e-01
5.170000000000000000e+02 5.180000000000000000e+02 2.030311680499999838e+01 2.025289463000000012e+00
5.180000000000000000e+02 5.190000000000000000e+02 2.029943593300000160e+01 1.842891677699999953e+00
5.190000000000000000e+02 5.200000000000000000e+02 1.664412920799999895e+01 1.923521204999999901e+00
5.200000000000000000e+02 5.210000000000000000e+02 1.956388606000000152e+01 1.692092224899999886e+00
5.210000000000000000e+02 5.220000000000000000e+02 1.622847284299999870e+01 1.520165634500000085e+00
5.220000000000000000e+02 5.230000000000000000e+02 1.782297192299999722e+01 1.508733409800000036e+00
5.230000000000000000e+02 5.240000000000000000e+02 1.420969749820000061e+01 1.482262766699999901e+00
5.240000000000000000e+02 5.250000000000000000e+02 1.237176040700000001e+01 1.525853194600000018e+00
5.250000000000000000e+02 5.260000000000000000e+02 1.166385748080000084e+01 1.292188981000000014e+00
5.260000000000000000e+02 5.270000000000000000e+02 9.407368049400000487e+00 1.037563128700000004e+00
5.270000000000000000e+02 5.280000000000000000e+02 1.002253831470000023e+01 1.166319907999999961e+00
5.280000000000000000e+02 5.290000000000000000e+02 2.165994628899999697e+01 2.308921088199999971e+00
5.290000000000000000e+02 5.300000000000000000e+02 1.888080602800000207e+01 1.873162397300000004e+00
5.300000000000000000e+02 5.310000000000000000e+02 1.948400863900000246e+01 1.689492246899999994e+00
5.310000000000000000e+02 5.320000000000000000e+02 1.637139418699999993e+01 1.592070298000000106e+00
5.320000000000000000e+02 5.330000000000000000e+02 1.558759402200000110e+01 1.484766146199999914e+00
5.330000000000000000e+02 5.340000000000000000e+02 1.375577984100000073e+01 1.482969664000000076e+00
5.340000000000000000e+02 5.350000000000000000e+02 1.463415296999999882e+01 1.365548061300000171e+00
5.350000000000000000e+02 5.360000000000000000e+02 1.154509878310000026e+01 1.276158394200000101e+00
5.360000000000000000e+02 5.370000000000000000e+02 1.224179704310000005e+01 1.319504543999999946e+00
5.370000000000000000e+02 5.380000000000000000e+02 1.053704158830000104e+01 1.176527863100000015e+00
5.380000000000000000e+02 5.390000000000000000e+02 9.029409806400000349e+00 1.157081909099999972e+00
5.390000000000000000e+02 5.400000000000000000e+02 2.085881280900000334e+01 2.199282588600000032e+00
5.400000000000000000e+02 5.410000000000000000e+02 1.969565827099999922e+01 1.794892830900000069e+00
5.410000000000000000e+02 5.420000000000000000e+02 1.893497175000000254e+01 1.930319503300000017e+00
5.420000000000000000e+02 5.430000000000000000e+02 1.721210968500000149e+01 1.452128744299999941e+00
5.430000000000000000e+02 5.440000000000000000e+02 1.676436566599999978e+01 1.685004047000000060e+00
5.440000000000000000e+02 5.450000000000000000e+02 1.560613582300000068e+01 1.530440525099999949e+00
5.450000000000000000e+02 5.460000000000000000e+02 1.147856802899999984e+01 1.322592562700000141e+00
5.460000000000000000e+02 5.470000000000000000e+02 1.374445627189999897e+01 1.246872236400000000e+00
5.470000000000000000e+02 5.480000000000000000e+02 1.021870008710000022e+01 1.250366146600000006e+00
5.480000000000000000e+02 5.490000000000000000e+02 9.443111540299998552e+00 1.088346568799999803e+00
5.490000000000000000e+02 5.500000000000000000e+02 8.178668494300000091e+00 9.249113931000000344e-01
5.500000000000000000e+02 5.510000000000000000e+02 1.743467201200000005e+01 1.966894972900000038e+00
5.510000000000000000e+02 5.520000000000000000e+02 1.681912607499999979e+01 1.733072538800000117e+00
5.520000000000000000e+02 5.530000000000000000e+02 1.757088521800000080e+01 1.708701508000000091e+00
5.530000000000000000e+02 5.540000000000000000e+02 1.868368575399999898e+01 1.587544417799999996e+00
5.540000000000000000e+02 5.550000000000000000e+02 1.341404779800000036e+01 1.580866045000000053e+00
5.550000000000000000e+02 5.560000000000000000e+02 1.332721515000000068e+01 1.575645735499999978e+00
5.560000000000000000e+02 5.570000000000000000e+02 1.285852490989999986e+01 1.422791075700000185e+00
5.570000000000000000e+02 5.580000000000000000e+02 1.230200330549999954e+01 1.275533557900000003e+00
5.580000000000000000e+02 5.590000000000000000e+02 1.074730042809999908e+01 1.137773230399999891e+00
5.590000000000000000e+02 5.600000000000000000e+02 1.042807628390000119e+01 1.160114388100000005e+00
5.600000000000000000e+02 5.610000000000000000e+02 9.594312615000001543e+00 9.061902287999999972e-01
5.610000000000000000e+02 5.620000000000000000e+02 1.523747196499999923e+01 2.117848685399999820e+00
5.620000000000000000e+02 5.630000000000000000e+02 2.026891920699999972e+01 1.932046057300000008e+00
5.630000000000000000e+02 5.640000000000000000e+02 1.858185543299999765e+01 1.687884504699999955e+00
5.640000000000000000e+02 5.650000000000000000e+02 1.755334006500000044e+01 1.824137455699999855e+00
5.650000000000000000e+02 5.660000000000000000e+02 1.681733291400000141e+01 1.645989812399999863e+00
5.660000000000000000e+02 5.670000000000000000e+02 1.385909159599999896e+01 1.353015667400000011e+00
5.670000000000000000e+02 5.680000000000000000e+02 1.411585301499999900e+01 1.507094853699999959e+00
5.680000000000000000e+02 5.690000000000000000e+02 1.152170139499999912e+01 1.263761098300000052e+00
5.690000000000000000e+02 5.700000000000000000e+02 1.131561177790000094e+01 1.335255999099999924e+00
5.700000000000000000e+02 5.710000000000000000e+02 9.850569900469999141e+00 1.261794133400000018e+00
5.710000000000000000e+02 5.720000000000000000e+02 8.626689181999999789e+00 9.863928656999999545e-01
5.720000000000000000e+02 5.730000000000000000e+02 1.717424258000000137e+01 1.824359226499999931e+00
5.730000000000000000e+02 5.740000000000000000e+02 1.703974218900000182e+01 1.856342111699999853e+00
5.740000000000000000e+02 5.750000000000000000e+02 1.664587292999999946e+01 1.751718740700000110e+00
5.750000000000000000e+02 5.760000000000000000e+02 1.795432750000000155e+01 1.957620426699999916e+00
5.760000000000000000e+02 5.770000000000000000e+02 1.397169600900000042e+01 2.014686513999999651e+00
5.770000000000000000e+02 5.780000000000000000e+02 1.358904506699999892e+01 1.384170490300000056e+00
5.780000000000000000e+02 5.790000000000000000e+02 1.070314000529999987e+01 1.397847574200000054e+00
5.790000000000000000e+02 5.800000000000000000e+02 1.287357927150000059e+01 1.255224138900000064e+00
5.800000000000000000e+02 5.810000000000000000e+02 9.720517494299999228e+00 1.261911917800000005e+00
5.810000000000000000e+02 5.820000000000000000e+02 1.081585078410000023e+01 1.187055028399999879e+00
5.820000000000000000e+02 5.830000000000000000e+02 7.023302219799999691e+00 1.049295845199999855e+00
5.830000000000000000e+02 5.840000000000000000e+02 1.773153560799999795e+01 1.898881120300000003e+00
5.840000000000000000e+02 5.850000000000000000e+02 1.492571354900000102e+01 1.705710655799999920e+00
5.850000000000000000e+02 5.860000000000000000e+02 1.657526255599999843e+01 1.703903442099999888e+00
5.860000000000000000e+02 5.870000000000000000e+02 1.640866603099999921e+01 1.718376356000000049e+00
5.870000000000000000e+02 5.880000000000000000e+02 1.703726391800000073e+01 1.745533485800000006e+00
5.880000000000000000e+02 5.890000000000000000e+02 1.297833037000000012e+01 1.425253660599999916e+00
5.890000000000000000e+02 5.900000000000000000e+02 1.354457542900000000e+01 1.491744151500000060e+00
5.900000000000000000e+02 5.910000000000000000e+02 1.038896114139999938e+01 1.411431124400000181e+00
5.910000000000000000e+02 5.920000000000000000e+02 1.129544709960000048e+01 1.244151931300000014e+00
5.920000000000000000e+02 5.930000000000000000e+02 7.127853033300000085e+00 9.753732966000000504e-01
5.930000000000000000e+02 5.940000000000000000e+02 7.078653624700000258e+00 8.891949962999999846e-01
5.940000000000000000e+02 5.950000000000000000e+02 1.681426370000000148e+01 2.009175408800000007e+00
5.950000000000000000e+02 5.960000000000000000e+02 1.620165711099999939e+01 1.805256557599999923e+00
5.960000000000000000e+02 5.970000000000000000e+02 1.577010526699999993e+01 2.031272185199999747e+00
5.970000000000000000e+02 5.980000000000000000e+02 1.514749280000000020e+01 1.560254730899999887e+00
5.980000000000000000e+02 5.990000000000000000e+02 1.453384164600000084e+01 1.637946273699999900e+00
5.990000000000000000e+02 6.000000000000000000e+02 1.359271091699999978e+01 1.289855864199999980e+00
6.000000000000000000e+02 6.010000000000000000e+02 1.109549733010000061e+01 1.508975095200000061e+00
6.010000000000000000e+02 6.020000000000000000e+02 1.090518305790000042e+01 1.353513966299999982e+00
6.020000000000000000e+02 6.030000000000000000e+02 1.037860934510000099e+01 8.503320266999999655e-01
6.030000000000000000e+02 6.040000000000000000e+02 9.763376025999999541e+00 1.147473326100000079e+00
6.040000000000000000e+02 6.050000000000000000e+02 6.168634809100000282e+00 9.111297570999999929e-01
6.050000000000000000e+02 6.060000000000000000e+02 1.809079752899999960e+01 1.853290149800000064e+00
6.060000000000000000e+02 6.070000000000000000e+02 1.715331247399999981e+01 1.928870314200000102e+00
6.070000000000000000e+02 6.080000000000000000e+02 1.669482716200000283e+01 1.606374015299999902e+00
6.080000000000000000e+02 6.090000000000000000e+02 1.555300521600000074e+01 1.779162561399999953e+00
6.090000000000000000e+02 6.100000000000000000e+02 1.340450087199999984e+01 1.582442183200000185e+00
6.100000000000000000e+02 6.110000000000000000e+02 1.315563457000000014e+01 1.355075723799999965e+00
6.110000000000000000e+02 6.120000000000000000e+02 1.045391606400000128e+01 1.284319882799999979e+00
6.120000000000000000e+02 6.130000000000000000e+02 1.143670344060000055e+01 1.194652615300000109e+00
6.130000000000000000e+02 6.140000000000000000e+02 8.680294333819999153e+00 1.091459998199999948e+00
6.140000000000000000e+02 6.150000000000000000e+02 9.907479828099999608e+00 1.034910056600000017e+00
6.150000000000000000e+02 6.160000000000000000e+02 8.214826372199999227e+00 9.045223546999999753e-01
6.160000000000000000e+02 6.170000000000000000e+02 1.629876151099999859e+01 1.933539406000000183e+00
6.170000000000000000e+02 6.180000000000000000e+02 1.757922163900000001e+01 1.682360915900000142e+00
6.180000000000000000e+02 6.190000000000000000e+02 1.636943913600000045e+01 1.752013553100000065e+00
6.190000000000000000e+02 6.200000000000000000e+02 1.586702469099999924e+01 1.672480801100000081e+00
6.200000000000000000e+02 6.210000000000000000e+02 1.654332740299999926e+01 1.639876701099999945e+00
6.210000000000000000e+02 6.220000000000000000e+02 1.179299529300000060e+01 1.690663918000000043e+00
6.220000000000000000e+02 6.230000000000000000e+02 1.377071195899999978e+01 1.339826247900000045e+00
6.230000000000000000e+02 6.240000000000000000e+02 7.706548497300000022e+00 1.218491622699999999e+00
6.240000000000000000e+02 6.250000000000000000e+02 9.483920723600000713e+00 9.486385424000000066e-01
6.250000000000000000e+02 6.260000000000000000e+02 7.589932296160000647e+00 1.003158848999999853e+00
6.260000000000000000e+02 6.270000000000000000e+02 7.607467602999999912e+00 8.442344452000000166e-01
6.270000000000000000e+02 6.280000000000000000e+02 1.671172668800000238e+01 1.758076731400000092e+00
6.280000000000000000e+02 6.290000000000000000e+02 1.832694989699999866e+01 1.902783709099999943e+00
6.290000000000000000e+02 6.300000000000000000e+02 1.496854587300000006e+01 1.753999986499999997e+00
6.300000000000000000e+02 6.310000000000000000e+02 1.552836511499999972e+01 1.641842678599999994e+00
6.310000000000000000e+02 6.320000000000000000e+02 1.199618284599999996e+01 1.712616003499999984e+00
6.320000000000000000e+02 6.330000000000000000e+02 1.203149632200000063e+01 1.564568870600000050e+00
6.330000000000000000e+02 6.340000000000000000e+02 1.083991582590000036e+01 1.430157179200000073e+00
6.340000000000000000e+02 6.350000000000000000e+02 1.048105049900000019e+01 1.313772298299999974e+00
6.350000000000000000e+02 6.360000000000000000e+02 8.690637710499999002e+00 1.149543336900000101e+00
6.360000000000000000e+02 6.370000000000000000e+02 9.403136788309998551e+00 9.378350585000000406e-01
6.370000000000000000e+02 6.380000000000000000e+02 9.087112182500000301e+00 9.585642017000000070e-01
6.380000000000000000e+02 6.390000000000000000e+02 1.542262796600000030e+01 1.857955191400000095e+00
6.390000000000000000e+02 6.400000000000000000e+02 1.530043977700000113e+01 1.948223595099999983e+00
6.400000000000000000e+02 6.410000000000000000e+02 1.728989106099999873e+01 1.850349503999999978e+00
6.410000000000000000e+02 6.420000000000000000e+02 1.466061651699999935e+01 1.782592172099999983e+00
6.420000000000000000e+02 6.430000000000000000e+02 1.117641494399999935e+01 1.485976283999999925e+00
6.430000000000000000e+02 6.440000000000000000e+02 1.352317392400000173e+01 1.411368302100000083e+00
6.440000000000000000e+02 6.450000000000000000e+02 1.018147682999999937e+01 1.325985841399999865e+00
6.450000000000000000e+02 6.460000000000000000e+02 1.091908997599999864e+01 1.098282568600000175e+00
6.460000000000000000e+02 6.470000000000000000e+02 9.230802351899999536e+00 1.164791416300000160e+00
6.470000000000000000e+02 6.480000000000000000e+02 8.460565978200000004e+00 9.405207798999999369e-01
6.480000000000000000e+02 6.490000000000000000e+02 6.540441030099999331e+00 9.083291465999999703e-01
6.490000000000000000e+02 6.500000000000000000e+02 1.468587071500000008e+01 1.611421437900000031e+00
6.500000000000000000e+02 6.510000000000000000e+02 1.421158203699999945e+01 1.665558171200000048e+00
6.510000000000000000e+02 6.520000000000000000e+02 1.451500652800000069e+01 1.997387493299999983e+00
6.520000000000000000e+02 6.530000000000000000e+02 1.556359426599999907e+01 1.745417362400000005e+00
6.530000000000000000e+02 6.540000000000000000e+02 1.551200654099999987e+01 1.640867286199999997e+00
6.540000000000000000e+02 6.550000000000000000e+02 1.138030246099999943e+01 1.315636778700000065e+00
6.550000000000000000e+02 6.560000000000000000e+02 1.202073332799999861e+01 1.308668415199999879e+00
6.560000000000000000e+02 6.570000000000000000e+02 9.549226398500000101e+00 1.202968963700000060e+00
6.570000000000000000e+02 6.580000000000000000e+02 8.186204298179999839e+00 1.161593614799999896e+00
6.580000000000000000e+02 6.590000000000000000e+02 6.933044898000000344e+00 9.667365931000000412e-01
6.590000000000000000e+02 6.600000000000000000e+02 6.961242449000000221e+00 7.606971109000000286e-01
6.600000000000000000e+02 6.610000000000000000e+02 1.265157821499999891e+01 1.632488725299999999e+00
6.610000000000000000e+02 6.620000000000000000e+02 1.374598303899999863e+01 1.744085921299999953e+00
6.620000000000000000e+02 6.630000000000000000e+02 1.102683903299999990e+01 1.715686904700000071e+00
6.630000000000000000e+02 6.640000000000000000e+02 1.011699672700000008e+01 1.563205000099999964e+00
6.640000000000000000e+02 6.650000000000000000e+02 1.265213104899999941e+01 1.552986435600000048e+00
6.650000000000000000e+02 6.660000000000000000e+02 1.322201775299999937e+01 1.235951275799999971e+00
6.660000000000000000e+02 6.670000000000000000e+02 9.830704660000000317e+00 1.217867508200000115e+00
6.670000000000000000e+02 6.680000000000000000e+02 7.659936641300000737e+00 1.089174032899999922e+00
6.680000000000000000e+02 6.690000000000000000e+02 7.983513772700000288e+00 1.122317389800000065e+00
6.690000000000000000e+02 6.700000000000000000e+02 7.657566973899999851e+00 1.111929109499999901e+00
6.700000000000000000e+02 6.710000000000000000e+02 7.106635071300000384e+00 8.080409458999999739e-01
6.710000000000000000e+02 6.720000000000000000e+02 1.204646200500000042e+01 1.630798538300000100e+00
6.720000000000000000e+02 6.730000000000000000e+02 1.015217611100000106e+01 1.719924912500000014e+00
6.730000000000000000e+02 6.740000000000000000e+02 1.468359416800000083e+01 1.393551398499999872e+00
6.740000000000000000e+02 6.750000000000000000e+02 1.094701490000000099e+01 1.472798511899999996e+00
6.750000000000000000e+02 6.760000000000000000e+02 1.250566858500000045e+01 1.396614070100000049e+00
6.760000000000000000e+02 6.770000000000000000e+02 9.706700784999998888e+00 1.540841063100000019e+00
6.770000000000000000e+02 6.780000000000000000e+02 9.770099754000000303e+00 1.143073420499999937e+00
6.780000000000000000e+02 6.790000000000000000e+02 8.413196770700000826e+00 1.106093094100000007e+00
6.790000000000000000e+02 6.800000000000000000e+02 9.981248288199999763e+00 1.056101735499999972e+00
6.800000000000000000e+02 6.810000000000000000e+02 7.789247547200000454e+00 1.012717002000000033e+00
6.810000000000000000e+02 6.820000000000000000e+02 5.681216368100000302e+00 7.085855961999999453e-01
6.820000000000000000e+02 6.830000000000000000e+02 1.705317992699999863e+01 1.941225185700000022e+00
6.830000000000000000e+02 6.840000000000000000e+02 1.421784701500000025e+01 1.602753091500000115e+00
6.840000000000000000e+02 6.850000000000000000e+02 1.425819320699999970e+01 1.582016891999999952e+00
6.850000000000000000e+02 6.860000000000000000e+02 1.425968479400000000e+01 1.562772691899999788e+00
6.860000000000000000e+02 6.870000000000000000e+02 1.345665750100000047e+01 1.408645806100000009e+00
6.870000000000000000e+02 6.880000000000000000e+02 1.086878432700000019e+01 1.233653046399999953e+00
6.880000000000000000e+02 6.890000000000000000e+02 1.153389746100000046e+01 1.192865962599999996e+00
6.890000000000000000e+02 6.900000000000000000e+02 9.796176254499998848e+00 1.296784924900000080e+00
6.900000000000000000e+02 6.910000000000000000e+02 5.644203454300000367e+00 1.125677921000000081e+00
6.910000000000000000e+02 6.920000000000000000e+02 7.140512855799999947e+00 8.980777400999999660e-01
6.920000000000000000e+02 6.930000000000000000e+02 5.031029520700000646e+00 8.965297016000000063e-01
6.930000000000000000e+02 6.940000000000000000e+02 1.371662135100000057e+01 1.540764307799999955e+00
6.940000000000000000e+02 6.950000000000000000e+02 1.295922074299999949e+01 1.572788482300000013e+00
6.950000000000000000e+02 6.960000000000000000e+02 1.376377779800000134e+01 1.603876531899999902e+00
6.960000000000000000e+02 6.970000000000000000e+02 1.598949691100000159e+01 1.558360106399999889e+00
6.970000000000000000e+02 6.980000000000000000e+02 9.544786296999999919e+00 1.522994891199999978e+00
6.980000000000000000e+02 6.990000000000000000e+02 1.099105099199999991e+01 1.266135846099999851e+00
6.990000000000000000e+02 7.000000000000000000e+02 1.115203074299999919e+01 1.301463426400000012e+00
7.000000000000000000e+02 7.010000000000000000e+02 9.602774577899999997e+00 1.182263704399999948e+00
7.010000000000000000e+02 7.020000000000000000e+02 8.301853912100000343e+00 1.040115835099999941e+00
7.020000000000000000e+02 7.030000000000000000e+02 7.470076389799999994e+00 9.660649974000000695e-01
7.030000000000000000e+02 7.040000000000000000e+02 5.803165222999999706e+00 8.176064918000000015e-01
7.040000000000000000e+02 7.050000000000000000e+02 1.519786051500000035e+01 1.895942602500000129e+00
7.050000000000000000e+02 7.060000000000000000e+02 1.239613055200000069e+01 1.832644519800000094e+00
7.060000000000000000e+02 7.070000000000000000e+02 1.057266636899999845e+01 1.480345390999999955e+00
7.070000000000000000e+02 7.080000000000000000e+02 1.148189926000000050e+01 1.537442802800000008e+00
7.080000000000000000e+02 7.090000000000000000e+02 1.215701079099999937e+01 1.614152566100000019e+00
7.090000000000000000e+02 7.100000000000000000e+02 9.489427349999999706e+00 1.137246936399999964e+00
7.100000000000000000e+02 7.110000000000000000e+02 1.202314832999999972e+01 1.414004664499999953e+00
7.110000000000000000e+02 7.120000000000000000e+02 7.113633521899999756e+00 1.052116353199999965e+00
7.120000000000000000e+02 7.130000000000000000e+02 7.646318053799999959e+00 1.004025575599999831e+00
7.130000000000000000e+02 7.140000000000000000e+02 7.498676819900000012e+00 9.369189561000000888e-01
7.140000000000000000e+02 7.150000000000000000e+02 5.528141957099999892e+00 8.385217302999999900e-01
7.150000000000000000e+02 7.160000000000000000e+02 1.031532814700000067e+01 1.733062505399999953e+00
7.160000000000000000e+02 7.170000000000000000e+02 1.219729898599999984e+01 1.814938954699999885e+00
7.170000000000000000e+02 7.180000000000000000e+02 1.493320080200000000e+01 1.477435684299999830e+00
7.180000000000000000e+02 7.190000000000000000e+02 1.387227214700000033e+01 1.522185287899999961e+00
7.190000000000000000e+02 7.200000000000000000e+02 8.189119687999999897e+00 1.400672934499999966e+00
7.200000000000000000e+02 7.210000000000000000e+02 1.158212289499999947e+01 1.332214060900000163e+00
7.210000000000000000e+02 7.220000000000000000e+02 1.005621494800000093e+01 1.223313817800000036e+00
7.220000000000000000e+02 7.230000000000000000e+02 9.347544268000000045e+00 9.807267565999999714e-01
7.230000000000000000e+02 7.240000000000000000e+02 7.696637013799999316e+00 1.007573356199999992e+00
7.240000000000000000e+02 7.250000000000000000e+02 5.720183385399999487e+00 8.863703056999999719e-01
7.250000000000000000e+02 7.260000000000000000e+02 5.627997592499999868e+00 7.553999576999999022e-01
7.260000000000000000e+02 7.270000000000000000e+02 1.400916595599999859e+01 1.518209874899999923e+00
7.270000000000000000e+02 7.280000000000000000e+02 9.543704330000000624e+00 1.790560877100000114e+00
7.280000000000000000e+02 7.290000000000000000e+02 1.125577867999999881e+01 1.505058282999999886e+00
7.290000000000000000e+02 7.300000000000000000e+02 9.933469706999998650e+00 1.467651131500000039e+00
7.300000000000000000e+02 7.310000000000000000e+02 1.100983525700000065e+01 1.391703421599999935e+00
7.310000000000000000e+02 7.320000000000000000e+02 1.198012010099999891e+01 1.401721315999999939e+00
7.320000000000000000e+02 7.330000000000000000e+02 8.298403979299999733e+00 1.243375920799999923e+00
7.330000000000000000e+02 7.340000000000000000e+02 1.000041380400000079e+01 1.386064002399999939e+00
7.340000000000000000e+02 7.350000000000000000e+02 6.338794676900000091e+00 1.115533727600000136e+00
7.350000000000000000e+02 7.360000000000000000e+02 6.447131948200000018e+00 9.624560504999999377e-01
7.360000000000000000e+02 7.370000000000000000e+02 6.247691243600000277e+00 7.274191512000000026e-01
7.370000000000000000e+02 7.380000000000000000e+02 1.097771772699999993e+01 1.615130505100000002e+00
7.380000000000000000e+02 7.390000000000000000e+02 1.239104622199999994e+01 1.619393298400000125e+00
7.390000000000000000e+02 7.400000000000000000e+02 1.335091787300000021e+01 1.464465190400000116e+00
7.400000000000000000e+02 7.410000000000000000e+02 1.202868875999999965e+01 1.336739958800000183e+00
7.410000000000000000e+02 7.420000000000000000e+02 1.227592351199999854e+01 1.381472255200000054e+00
7.420000000000000000e+02 7.430000000000000000e+02 9.470689347000000424e+00 1.300645353099999957e+00
7.430000000000000000e+02 7.440000000000000000e+02 7.679492827699999857e+00 1.306824803499999854e+00
7.440000000000000000e+02 7.450000000000000000e+02 6.387658891400000094e+00 1.303097880799999997e+00
7.450000000000000000e+02 7.460000000000000000e+02 6.957057736500000367e+00 1.024658366099999940e+00
7.460000000000000000e+02 7.470000000000000000e+02 8.251021773559999772e+00 8.993052901999999404e-01
7.470000000000000000e+02 7.480000000000000000e+02 3.925445964500000162e+00 6.859917104999999626e-01
7.480000000000000000e+02 7.490000000000000000e+02 1.116371026100000030e+01 1.350145619000000075e+00
7.490000000000000000e+02 7.500000000000000000e+02 1.115388785599999899e+01 1.496089031499999944e+00
7.500000000000000000e+02 7.510000000000000000e+02 1.077505133100000023e+01 1.370567415100000019e+00
7.510000000000000000e+02 7.520000000000000000e+02 1.017457602799999883e+01 1.477224768099999919e+00
7.520000000000000000e+02 7.530000000000000000e+02 9.359680704000000517e+00 1.267805735100000053e+00
7.530000000000000000e+02 7.540000000000000000e+02 1.003315904900000000e+01 1.237475289400000067e+00
7.540000000000000000e+02 7.550000000000000000e+02 5.616658811999999834e+00 1.165023781899999999e+00
7.550000000000000000e+02 7.560000000000000000e+02 6.647800789000000599e+00 1.197455404499999876e+00
7.560000000000000000e+02 7.570000000000000000e+02 9.340273016799999439e+00 1.269069943400000122e+00
7.570000000000000000e+02 7.580000000000000000e+02 5.411673521400000020e+00 9.524448421000000220e-01
7.580000000000000000e+02 7.590000000000000000e+02 5.281441537600000125e+00 6.511346182999999677e-01
7.590000000000000000e+02 7.600000000000000000e+02 1.610602582399999960e+01 1.692204223100000071e+00
7.600000000000000000e+02 7.610000000000000000e+02 1.236018135700000009e+01 1.486815942700000059e+00
7.610000000000000000e+02 7.620000000000000000e+02 1.482479054200000057e+01 1.546946389500000185e+00
7.620000000000000000e+02 7.630000000000000000e+02 1.163958725700000052e+01 1.503623650300000003e+00
7.630000000000000000e+02 7.640000000000000000e+02 1.236106717499999874e+01 1.405104352999999806e+00
7.640000000000000000e+02 7.650000000000000000e+02 9.755884690000000248e+00 1.209842237900000006e+00
7.650000000000000000e+02 7.660000000000000000e+02 1.040792471799999852e+01 1.264570743099999950e+00
7.660000000000000000e+02 7.670000000000000000e+02 8.887403390399999381e+00 1.064003251799999994e+00
7.670000000000000000e+02 7.680000000000000000e+02 6.302859225500000662e+00 9.714146727000000370e-01
7.680000000000000000e+02 7.690000000000000000e+02 5.775298809999999783e+00 8.169248153000000512e-01
7.690000000000000000e+02 7.700000000000000000e+02 5.652717513099999813e+00 7.447796155000000473e-01
7.700000000000000000e+02 7.710000000000000000e+02 1.277680649299999871e+01 1.784765922300000085e+00
7.710000000000000000e+02 7.720000000000000000e+02 1.228010302300000056e+01 1.597168140600000008e+00
7.720000000000000000e+02 7.730000000000000000e+02 1.105219205100000046e+01 1.428009691600000020e+00
7.730000000000000000e+02 7.740000000000000000e+02 1.175067049400000130e+01 1.480631165899999990e+00
7.740000000000000000e+02 7.750000000000000000e+02 9.158928119999998785e+00 1.370153439799999928e+00
7.750000000000000000e+02 7.760000000000000000e+02 7.917573407999999979e+00 1.145014020699999913e+00
7.760000000000000000e+02 7.770000000000000000e+02 5.200106887899999641e+00 1.261896593600000172e+00
7.770000000000000000e+02 7.780000000000000000e+02 9.088601640100000267e+00 1.146231743099999978e+00
7.780000000000000000e+02 7.790000000000000000e+02 4.717934562099999951e+00 9.707510245999999565e-01
7.790000000000000000e+02 7.800000000000000000e+02 5.144791325199999932e+00 8.421572509000000428e-01
7.800000000000000000e+02 7.810000000000000000e+02 5.373220323299999990e+00 7.010116441999999504e-01
7.810000000000000000e+02 7.820000000000000000e+02 1.230262620699999943e+01 1.480071669899999831e+00
7.820000000000000000e+02 7.830000000000000000e+02 8.203649736000000914e+00 1.650601885000000157e+00
7.830000000000000000e+02 7.840000000000000000e+02 1.209548594200000160e+01 1.373137258400000116e+00
7.840000000000000000e+02 7.850000000000000000e+02 1.123148156899999961e+01 1.398960716399999971e+00
7.850000000000000000e+02 7.860000000000000000e+02 1.064360663000000073e+01 1.271932855500000015e+00
7.860000000000000000e+02 7.870000000000000000e+02 9.757659529999999748e+00 1.129159639300000073e+00
7.870000000000000000e+02 7.880000000000000000e+02 8.506700862000000640e+00 1.000299616299999972e+00
7.880000000000000000e+02 7.890000000000000000e+02 6.833004211499999592e+00 1.157570964300000060e+00
7.890000000000000000e+02 7.900000000000000000e+02 7.074911804599999243e+00 1.059254453000000096e+00
7.900000000000000000e+02 7.910000000000000000e+02 5.845756972880000291e+00 8.973340532999999342e-01
7.910000000000000000e+02 7.920000000000000000e+02 5.141566331299999959e+00 7.436465642999999792e-01
7.920000000000000000e+02 7.930000000000000000e+02 9.947775655000000938e+00 1.332083810999999951e+00
7.930000000000000000e+02 7.940000000000000000e+02 1.304972983900000116e+01 1.463251794800000116e+00
7.940000000000000000e+02 7.950000000000000000e+02 9.256438435999999825e+00 1.280635258400000032e+00
7.950000000000000000e+02 7.960000000000000000e+02 8.973995434000000770e+00 1.511529736700000015e+00
7.960000000000000000e+02 7.970000000000000000e+02 1.006379953399999927e+01 1.347587367599999864e+00
7.970000000000000000e+02 7.980000000000000000e+02 8.121343396999998632e+00 1.244192236900000026e+00
7.980000000000000000e+02 7.990000000000000000e+02 9.870356961000000595e+00 1.090713272899999975e+00
7.990000000000000000e+02 8.000000000000000000e+02 7.405214695199999753e+00 1.002330980800000049e+00
8.000000000000000000e+02 8.010000000000000000e+02 6.397606824799999536e+00 9.505700625999999875e-01
8.010000000000000000e+02 8.020000000000000000e+02 4.866294691700000286e+00 8.735275783999999488e-01
8.020000000000000000e+02 8.030000000000000000e+02 4.650404125099999675e+00 5.648872722999999096e-01
8.030000000000000000e+02 8.040000000000000000e+02 1.173096757099999898e+01 1.400756464200000107e+00
8.040000000000000000e+02 8.050000000000000000e+02 6.625383343999999397e+00 1.411873556500000015e+00
8.050000000000000000e+02 8.060000000000000000e+02 1.218189363199999953e+01 1.160537455100000059e+00
8.060000000000000000e+02 8.070000000000000000e+02 9.302784352999999840e+00 1.330051477100000046e+00
8.070000000000000000e+02 8.080000000000000000e+02 8.533875645000000176e+00 9.935194601999999264e-01
8.080000000000000000e+02 8.090000000000000000e+02 9.948889858000001141e+00 1.188695245299999925e+00
8.090000000000000000e+02 8.100000000000000000e+02 8.127823212999999214e+00 9.919010031000000671e-01
8.100000000000000000e+02 8.110000000000000000e+02 9.654299044100000060e+00 9.759409701000000270e-01
8.110000000000000000e+02 8.120000000000000000e+02 6.994283128600000232e+00 9.366873832000000011e-01
8.120000000000000000e+02 8.130000000000000000e+02 4.684387294199999552e+00 8.077332056999999566e-01
8.130000000000000000e+02 8.140000000000000000e+02 4.786198517699999933e+00 8.149976398999999594e-01
8.140000000000000000e+02 8.150000000000000000e+02 1.208544791400000129e+01 1.612728866199999889e+00
8.150000000000000000e+02 8.160000000000000000e+02 1.268843081099999992e+01 1.244090777999999897e+00
8.160000000000000000e+02 8.170000000000000000e+02 9.396257336000001459e+00 1.391720275100000181e+00
8.170000000000000000e+02 8.180000000000000000e+02 1.065355009299999978e+01 1.081576850300000059e+00
8.180000000000000000e+02 8.190000000000000000e+02 9.004678528999999543e+00 1.158860651999999991e+00
8.190000000000000000e+02 8.200000000000000000e+02 7.335946895999999384e+00 1.158641134799999861e+00
8.200000000000000000e+02 8.210000000000000000e+02 5.930565481099999481e+00 1.232223249600000070e+00
8.210000000000000000e+02 8.220000000000000000e+02 7.087199502999999901e+00 1.307399996000000009e+00
8.220000000000000000e+02 8.230000000000000000e+02 5.464026839839999816e+00 9.439875545999999451e-01
8.230000000000000000e+02 8.240000000000000000e+02 6.711155742299999893e+00 7.327855191000000046e-01
8.240000000000000000e+02 8.250000000000000000e+02 4.269657711199999817e+00 7.363741287999999718e-01
8.250000000000000000e+02 8.260000000000000000e+02 8.312084374000001219e+00 1.329632686399999875e+00
8.260000000000000000e+02 8.270000000000000000e+02 7.777798075999999838e+00 1.344611489299999851e+00
8.270000000000000000e+02 8.280000000000000000e+02 9.603974494000000917e+00 1.630681932000000112e+00
8.280000000000000000e+02 8.290000000000000000e+02 1.035634357800000060e+01 1.454180046300000084e+00
8.290000000000000000e+02 8.300000000000000000e+02 9.205795457000000681e+00 1.408357792499999928e+00
8.300000000000000000e+02 8.310000000000000000e+02 8.938863287000000213e+00 1.358476352000000054e+00
8.310000000000000000e+02 8.320000000000000000e+02 9.671051983999999990e+00 9.715042976000000108e-01
8.320000000000000000e+02 8.330000000000000000e+02 7.898383230799999488e+00 9.437473281000000602e-01
8.330000000000000000e+02 8.340000000000000000e+02 6.476844234199999661e+00 8.519564125000000931e-01
8.340000000000000000e+02 8.350000000000000000e+02 5.484744381300000526e+00 5.285025164000000109e-01
8.350000000000000000e+02 8.360000000000000000e+02 5.572157943199999686e+00 7.862433353000000125e-01
8.360000000000000000e+02 8.370000000000000000e+02 1.247197848599999936e+01 1.403312543500000009e+00
8.370000000000000000e+02 8.380000000000000000e+02 1.188428646599999894e+01 1.440912515299999974e+00
8.380000000000000000e+02 8.390000000000000000e+02 9.888068412999999168e+00 1.235667880800000118e+00
8.390000000000000000e+02 8.400000000000000000e+02 1.163342270799999945e+01 1.526046957900000001e+00
8.400000000000000000e+02 8.410000000000000000e+02 8.097225159999998922e+00 1.425475314700000107e+00
8.410000000000000000e+02 8.420000000000000000e+02 6.918618755000000675e+00 1.149593079799999806e+00
8.420000000000000000e+02 8.430000000000000000e+02 9.355020366999999837e+00 1.127740630100000141e+00
8.430000000000000000e+02 8.440000000000000000e+02 6.300095242400000295e+00 8.698063453000000056e-01
8.440000000000000000e+02 8.450000000000000000e+02 6.409729952800000241e+00 8.412724166999999698e-01
8.450000000000000000e+02 8.460000000000000000e+02 4.328338055059999689e+00 9.251978640999999337e-01
8.460000000000000000e+02 8.470000000000000000e+02 3.503493953100000002e+00 6.911545595999999403e-01
8.470000000000000000e+02 8.480000000000000000e+02 7.125586063000000081e+00 1.622227140699999959e+00
8.480000000000000000e+02 8.490000000000000000e+02 9.015361726999998382e+00 1.574455774700000088e+00
8.490000000000000000e+02 8.500000000000000000e+02 1.158700214699999975e+01 1.155961250799999895e+00
8.500000000000000000e+02 8.510000000000000000e+02 1.038615350599999942e+01 1.331322466100000046e+00
8.510000000000000000e+02 8.520000000000000000e+02 7.216074358000000188e+00 1.251067822500000037e+00
8.520000000000000000e+02 8.530000000000000000e+02 8.533137057000001136e+00 1.024056709499999940e+00
8.530000000000000000e+02 8.540000000000000000e+02 7.981112556999999441e+00 1.002562289300000131e+00
8.540000000000000000e+02 8.550000000000000000e+02 5.859169993900000151e+00 1.050130357600000064e+00
8.550000000000000000e+02 8.560000000000000000e+02 5.016586626900000567e+00 8.349557063999999418e-01
8.560000000000000000e+02 8.570000000000000000e+02 5.209294004330000227e+00 6.926857602999999530e-01
8.570000000000000000e+02 8.580000000000000000e+02 3.603218190800000276e+00 6.708037584000000608e-01
8.580000000000000000e+02 8.590000000000000000e+02 9.966915370999998913e+00 1.404487433199999913e+00
8.590000000000000000e+02 8.600000000000000000e+02 9.965676975999999243e+00 1.491894186999999983e+00
8.600000000000000000e+02 8.610000000000000000e+02 9.094706546999999475e+00 1.386582118800000041e+00
8.610000000000000000e+02 8.620000000000000000e+02 6.343895898000000422e+00 1.506974854700000144e+00
8.620000000000000000e+02 8.630000000000000000e+02 7.647440544999999368e+00 1.260652494100000132e+00
8.630000000000000000e+02 8.640000000000000000e+02 8.535491166999999990e+00 1.085556200899999935e+00
8.640000000000000000e+02 8.650000000000000000e+02 6.335960908999999752e+00 1.101833000099999849e+00
8.650000000000000000e+02 8.660000000000000000e+02 4.953184829599999617e+00 9.781712403999999195e-01
8.660000000000000000e+02 8.670000000000000000e+02 3.567007090700000216e+00 7.394498202999999492e-01
8.670000000000000000e+02 8.680000000000000000e+02 4.821030568800000360e+00 7.745508369999999365e-01
8.680000000000000000e+02 8.690000000000000000e+02 4.999723104300000109e+00 8.330552838999999432e-01
8.690000000000000000e+02 8.700000000000000000e+02 1.014102411300000028e+01 1.419047502599999788e+00
8.700000000000000000e+02 8.710000000000000000e+02 1.034517949199999975e+01 1.380283915100000147e+00
8.710000000000000000e+02 8.720000000000000000e+02 9.555773530000001514e+00 1.418442853599999998e+00
8.720000000000000000e+02 8.730000000000000000e+02 8.416756278000001146e+00 1.357263638600000100e+00
8.730000000000000000e+02 8.740000000000000000e+02 1.035948523199999904e+01 1.119718533399999938e+00
8.740000000000000000e+02 8.750000000000000000e+02 9.563210952000000376e+00 1.235272670099999859e+00
8.750000000000000000e+02 8.760000000000000000e+02 7.429341488800000448e+00 9.744451746000000192e-01
8.760000000000000000e+02 8.770000000000000000e+02 5.160488094100000644e+00 8.778248048000000248e-01
8.770000000000000000e+02 8.780000000000000000e+02 6.377441258300000193e+00 8.055271068999999562e-01
8.780000000000000000e+02 8.790000000000000000e+02 4.804033880000000423e+00 8.269509928000000620e-01
8.790000000000000000e+02 8.800000000000000000e+02 3.581070739600000330e+00 6.079546584000000697e-01
8.800000000000000000e+02 8.810000000000000000e+02 1.032877065100000102e+01 1.373981422200000191e+00
8.810000000000000000e+02 8.820000000000000000e+02 7.560107012000000459e+00 1.354926780100000006e+00
8.820000000000000000e+02 8.830000000000000000e+02 1.166968865900000019e+01 1.348201691100000099e+00
8.830000000000000000e+02 8.840000000000000000e+02 8.995059953000000164e+00 1.273389501900000109e+00
8.840000000000000000e+02 8.850000000000000000e+02 8.832081826000001357e+00 1.081406896899999914e+00
8.850000000000000000e+02 8.860000000000000000e+02 7.576534555000000282e+00 1.189477969299999938e+00
8.860000000000000000e+02 8.870000000000000000e+02 8.758101982999999535e+00 9.772301625999999519e-01
8.870000000000000000e+02 8.880000000000000000e+02 6.989507079000000012e+00 8.933610995999999860e-01
8.880000000000000000e+02 8.890000000000000000e+02 5.330818160199999767e+00 8.412802430000000387e-01
8.890000000000000000e+02 8.900000000000000000e+02 4.728787237600000637e+00 7.729455135000000698e-01
8.900000000000000000e+02 8.910000000000000000e+02 4.321759127099999986e+00 6.777314577999999923e-01
8.910000000000000000e+02 8.920000000000000000e+02 9.654201082000000156e+00 1.558918785899999992e+00
8.920000000000000000e+02 8.930000000000000000e+02 1.160798108700000064e+01 1.204569061299999966e+00
8.930000000000000000e+02 8.940000000000000000e+02 7.745949239999999847e+00 1.511385629499999883e+00
8.940000000000000000e+02 8.950000000000000000e+02 8.569544835000000305e+00 1.125488447700000005e+00
8.950000000000000000e+02 8.960000000000000000e+02 7.534688685999999969e+00 1.287657087799999989e+00
8.960000000000000000e+02 8.970000000000000000e+02 9.036088444999998970e+00 1.089269867900000133e+00
8.970000000000000000e+02 8.980000000000000000e+02 5.106823356800000546e+00 8.817143185999999355e-01
8.980000000000000000e+02 8.990000000000000000e+02 5.657632534200000229e+00 8.831432535000000028e-01
8.990000000000000000e+02 9.000000000000000000e+02 6.449024616800000054e+00 8.688644317999999478e-01
9.000000000000000000e+02 9.010000000000000000e+02 4.508542589999999350e+00 7.358773486999999891e-01
9.010000000000000000e+02 9.020000000000000000e+02 4.212281325890000261e+00 6.140022453000000269e-01
9.020000000000000000e+02 9.030000000000000000e+02 8.986609552000000889e+00 1.377116638700000006e+00
9.030000000000000000e+02 9.040000000000000000e+02 6.085658179999999362e+00 1.148220476699999937e+00
9.040000000000000000e+02 9.050000000000000000e+02 5.687476175000000467e+00 1.488694256100000057e+00
9.050000000000000000e+02 9.060000000000000000e+02 7.617593337999999825e+00 1.176394633999999995e+00
9.060000000000000000e+02 9.070000000000000000e+02 6.761807872000000330e+00 1.075800596400000142e+00
9.070000000000000000e+02 9.080000000000000000e+02 7.224382965000000212e+00 1.030193071300000041e+00
9.080000000000000000e+02 9.090000000000000000e+02 5.921823846000000557e+00 9.468564319000000173e-01
9.090000000000000000e+02 9.100000000000000000e+02 4.711327382899999527e+00 9.924113974999999588e-01
9.100000000000000000e+02 9.110000000000000000e+02 4.813744595100000190e+00 7.887161545999999968e-01
9.110000000000000000e+02 9.120000000000000000e+02 4.399488103260000393e+00 6.670814871999999340e-01
9.120000000000000000e+02 9.130000000000000000e+02 3.543677866939999976e+00 5.954483011000000214e-01
9.130000000000000000e+02 9.140000000000000000e+02 8.243895894999999641e+00 1.341915621500000100e+00
9.140000000000000000e+02 9.150000000000000000e+02 9.738046077999999994e+00 1.251779173800000144e+00
9.150000000000000000e+02 9.160000000000000000e+02 9.434812386999999134e+00 1.318938631299999997e+00
9.160000000000000000e+02 9.170000000000000000e+02 6.659072566999999943e+00 1.053526303499999983e+00
9.170000000000000000e+02 9.180000000000000000e+02 8.157340923999999660e+00 1.291622570099999923e+00
9.180000000000000000e+02 9.190000000000000000e+02 6.079339778000000472e+00 1.088134534699999989e+00
9.190000000000000000e+02 9.200000000000000000e+02 6.854026141700000352e+00 9.040780514999999795e-01
9.200000000000000000e+02 9.210000000000000000e+02 5.974998484499999485e+00 8.952370752999999626e-01
9.210000000000000000e+02 9.220000000000000000e+02 3.667743502300000014e+00 9.165570728999999917e-01
9.220000000000000000e+02 9.230000000000000000e+02 4.129741303170000322e+00 7.076558445999999725e-01
9.230000000000000000e+02 9.240000000000000000e+02 2.954471326700000233e+00 6.584104391000000778e-01
9.240000000000000000e+02 9.250000000000000000e+02 1.011648883800000043e+01 1.157756708800000034e+00
9.250000000000000000e+02 9.260000000000000000e+02 6.811950615999999847e+00 1.128852574599999992e+00
9.260000000000000000e+02 9.270000000000000000e+02 8.539023669000000538e+00 1.049289370400000143e+00
9.270000000000000000e+02 9.280000000000000000e+02 7.476590469999999655e+00 1.150270488899999943e+00
9.280000000000000000e+02 9.290000000000000000e+02 8.240675123999999130e+00 1.084674546300000042e+00
9.290000000000000000e+02 9.300000000000000000e+02 5.585481738999999557e+00 1.161701338799999927e+00
9.300000000000000000e+02 9.310000000000000000e+02 6.551753194000000668e+00 8.263508680999999134e-01
9.310000000000000000e+02 9.320000000000000000e+02 5.804101578600000089e+00 9.255721281000000022e-01
9.320000000000000000e+02 9.330000000000000000e+02 5.672816433399999525e+00 8.844654730000000020e-01
9.330000000000000000e+02 9.340000000000000000e+02 3.962617410310000032e+00 6.003603802999999406e-01
9.340000000000000000e+02 9.350000000000000000e+02 3.412681706199999887e+00 5.921312775000000528e-01
9.350000000000000000e+02 9.360000000000000000e+02 6.065632397999999981e+00 1.191484212200000004e+00
9.360000000000000000e+02 9.370000000000000000e+02 1.177558734000000129e+01 1.257403708100000017e+00
9.370000000000000000e+02 9.380000000000000000e+02 9.319520401000000120e+00 1.111404346200000059e+00
9.380000000000000000e+02 9.390000000000000000e+02 7.982218035999999906e+00 1.198988342900000115e+00
9.390000000000000000e+02 9.400000000000000000e+02 8.188593446000000498e+00 1.103409305300000032e+00
9.400000000000000000e+02 9.410000000000000000e+02 7.708839996000000028e+00 9.161664412000000146e-01
9.410000000000000000e+02 9.420000000000000000e+02 6.635828462400000127e+00 8.624137085999999952e-01
9.420000000000000000e+02 9.430000000000000000e+02 6.431581942800000284e+00 7.134275274999999361e-01
9.430000000000000000e+02 9.440000000000000000e+02 4.340850425809999358e+00 7.537000980999999378e-01
9.440000000000000000e+02 9.450000000000000000e+02 4.105223849300000616e+00 6.687214859000000233e-01
9.450000000000000000e+02 9.460000000000000000e+02 2.800132641769999875e+00 5.938750019999999852e-01
9.460000000000000000e+02 9.470000000000000000e+02 9.214502919999999264e+00 1.185420882499999884e+00
9.470000000000000000e+02 9.480000000000000000e+02 8.365560192000000228e+00 1.035347156699999882e+00
9.480000000000000000e+02 9.490000000000000000e+02 7.947854462999999647e+00 1.002565611899999931e+00
9.490000000000000000e+02 9.500000000000000000e+02 7.006250247999999736e+00 1.553093771599999950e+00
9.500000000000000000e+02 9.510000000000000000e+02 7.764566807999999654e+00 9.135366455000000219e-01
9.510000000000000000e+02 9.520000000000000000e+02 6.347803974999999710e+00 9.535379448999999896e-01
9.520000000000000000e+02 9.530000000000000000e+02 5.848723502300000376e+00 7.066642358000000401e-01
9.530000000000000000e+02 9.540000000000000000e+02 5.845749423100000008e+00 8.567209754000000288e-01
9.540000000000000000e+02 9.550000000000000000e+02 3.592413438260000369e+00 8.197297491000000713e-01
9.550000000000000000e+02 9.560000000000000000e+02 4.118647368700000477e+00 6.468734676999999822e-01
9.560000000000000000e+02 9.570000000000000000e+02 3.640476004999999571e+00 5.614728956999999188e-01
9.570000000000000000e+02 9.580000000000000000e+02 9.668688003999999836e+00 1.286979947999999929e+00
9.580000000000000000e+02 9.590000000000000000e+02 8.360866749000001263e+00 1.072196698700000006e+00
9.590000000000000000e+02 9.600000000000000000e+02 8.999262002000000038e+00 1.024849638000000063e+00
9.600000000000000000e+02 9.610000000000000000e+02 6.421685582999999475e+00 1.206928368899999882e+00
9.610000000000000000e+02 9.620000000000000000e+02 7.223056941000000286e+00 1.044063948300000044e+00
9.620000000000000000e+02 9.630000000000000000e+02 7.270219390000000281e+00 9.519423793000000300e-01
9.630000000000000000e+02 9.640000000000000000e+02 6.526624566399999772e+00 9.611891518999999828e-01
9.640000000000000000e+02 9.650000000000000000e+02 5.988022889799999859e+00 8.552190545000000199e-01
9.650000000000000000e+02 9.660000000000000000e+02 2.487778716100000231e+00 6.809523428000000544e-01
9.660000000000000000e+02 9.670000000000000000e+02 3.602996953779999956e+00 6.359822052999999364e-01
9.670000000000000000e+02 9.680000000000000000e+02 4.315317904299999618e+00 5.261876073000000265e-01
9.680000000000000000e+02 9.690000000000000000e+02 4.181929022000000273e+00 1.201070696299999963e+00
9.690000000000000000e+02 9.700000000000000000e+02 8.892657350000000349e+00 1.124751861299999822e+00
9.700000000000000000e+02 9.710000000000000000e+02 7.723993759999999931e+00 1.050990642799999986e+00
9.710000000000000000e+02 9.720000000000000000e+02 5.728932091999999976e+00 1.312467974600000087e+00
9.720000000000000000e+02 9.730000000000000000e+02 5.657042732000000740e+00 1.177974641000000044e+00
9.730000000000000000e+02 9.740000000000000000e+02 6.176464726999999932e+00 9.535458892999999492e-01
9.740000000000000000e+02 9.750000000000000000e+02 6.187724214000000167e+00 1.009721191899999981e+00
9.750000000000000000e+02 9.760000000000000000e+02 6.923209717499999805e+00 6.262625713999999677e-01
9.760000000000000000e+02 9.770000000000000000e+02 5.098764912800000104e+00 6.922627421999999475e-01
9.770000000000000000e+02 9.780000000000000000e+02 3.573028937599999733e+00 6.665799783000000422e-01
9.780000000000000000e+02 9.790000000000000000e+02 2.467174513199999808e+00 5.933345099000000289e-01
9.790000000000000000e+02 9.800000000000000000e+02 8.065327201999998863e+00 1.089032597300000127e+00
9.800000000000000000e+02 9.810000000000000000e+02 6.956649708999999682e+00 1.128140892000000006e+00
9.810000000000000000e+02 9.820000000000000000e+02 8.067707007000000985e+00 1.157656776600000104e+00
9.820000000000000000e+02 9.830000000000000000e+02 7.630367786000000763e+00 1.212445471199999902e+00
9.830000000000000000e+02 9.840000000000000000e+02 5.116484228000000023e+00 9.869231053000000475e-01
9.840000000000000000e+02 9.850000000000000000e+02 7.572233418999999799e+00 1.029527509300000032e+00
9.850000000000000000e+02 9.860000000000000000e+02 5.405495550300000396e+00 9.311758849000000282e-01
9.860000000000000000e+02 9.870000000000000000e+02 4.906396076100000059e+00 7.809284089999999345e-01
9.870000000000000000e+02 9.880000000000000000e+02 4.568423644570000164e+00 8.750435951000000712e-01
9.880000000000000000e+02 9.890000000000000000e+02 3.701910639599999886e+00 5.805148539000000163e-01
9.890000000000000000e+02 9.900000000000000000e+02 2.481108384999999750e+00 5.937976106000000254e-01
9.900000000000000000e+02 9.910000000000000000e+02 7.943570047999999773e+00 1.307352469799999861e+00
9.910000000000000000e+02 9.920000000000000000e+02 9.259670904000000036e+00 1.217242511800000093e+00
9.920000000000000000e+02 9.930000000000000000e+02 9.604550870000000629e+00 1.127696644200000042e+00
9.930000000000000000e+02 9.940000000000000000e+02 7.282362063000000774e+00 1.007596814100000016e+00
9.940000000000000000e+02 9.950000000000000000e+02 8.432282762999999903e+00 1.063844801899999970e+00
9.950000000000000000e+02 9.960000000000000000e+02 5.868214660000000471e+00 9.096770859999999681e-01
9.960000000000000000e+02 9.970000000000000000e+02 5.308215194199999765e+00 9.766459880000000204e-01
9.970000000000000000e+02 9.980000000000000000e+02 4.699627613599999698e+00 7.231627526999999667e-01
9.980000000000000000e+02 9.990000000000000000e+02 4.380231087460000339e+00 8.064971600000000462e-01
9.990000000000000000e+02 1.000000000000000000e+03 3.833579745789999826e+00 5.884621375999999904e-01
1.000000000000000000e+03 1.001000000000000000e+03 3.550127110799999652e+00 6.126287457999999297e-01
1.001000000000000000e+03 1.002000000000000000e+03 9.023999416999998857e+00 1.227049572899999941e+00
1.002000000000000000e+03 1.003000000000000000e+03 8.078876170999999218e+00 1.043782400300000024e+00
1.003000000000000000e+03 1.004000000000000000e+03 6.460736488000000222e+00 1.069957589199999948e+00
1.004000000000000000e+03 1.005000000000000000e+03 6.559900470000000539e+00 1.054523433999999815e+00
1.005000000000000000e+03 1.006000000000000000e+03 6.084339366000000027e+00 1.012122161600000014e+00
1.006000000000000000e+03 1.007000000000000000e+03 5.896304294000000112e+00 8.564507966999999056e-01
1.007000000000000000e+03 1.008000000000000000e+03 5.085979575000000530e+00 8.095459837999999797e-01
1.008000000000000000e+03 1.009000000000000000e+03 5.292587780999999936e+00 7.666655484999999048e-01
1.009000000000000000e+03 1.010000000000000000e+03 5.272053159800000444e+00 7.096965747999999241e-01
1.010000000000000000e+03 1.011000000000000000e+03 3.363554860319999840e+00 7.859062824999999419e-01
1.011000000000000000e+03 1.012000000000000000e+03 1.537704561700000028e+00 5.123406695000000122e-01
1.012000000000000000e+03 1.013000000000000000e+03 7.142142725999999442e+00 1.092545198999999911e+00
1.013000000000000000e+03 1.014000000000000000e+03 6.478731091999999414e+00 9.957845900999999778e-01
1.014000000000000000e+03 1.015000000000000000e+03 8.082397950999999026e+00 1.057013621200000086e+00
1.015000000000000000e+03 1.016000000000000000e+03 7.739554165000000374e+00 9.410557876999999793e-01
1.016000000000000000e+03 1.017000000000000000e+03 4.638521825999999848e+00 9.290405092999999281e-01
1.017000000000000000e+03 1.018000000000000000e+03 7.263076750999999831e+00 8.560036004000000087e-01
1.018000000000000000e+03 1.019000000000000000e+03 5.782366669199999976e+00 7.989457344999999489e-01
1.019000000000000000e+03 1.020000000000000000e+03 3.852726092100000166e+00 7.480786218999999626e-01
1.020000000000000000e+03 1.021000000000000000e+03 4.162704407399999695e+00 7.169926825999999309e-01
1.021000000000000000e+03 1.022000000000000000e+03 3.853250951900000221e+00 5.289404558000000423e-01
1.022000000000000000e+03 1.023000000000000000e+03 2.453430611319999954e+00 4.978152899000000131e-01
1.023000000000000000e+03 1.024000000000000000e+03 6.283617790000000092e+00 1.113008049500000096e+00
1.024000000000000000e+03 1.025000000000000000e+03 7.606543433999999770e+00 9.168592459000000083e-01
1.025000000000000000e+03 1.026000000000000000e+03 8.478302589000000111e+00 1.120623872699999968e+00
1.026000000000000000e+03 1.027000000000000000e+03 5.586507701000000381e+00 9.101650499000000227e-01
1.027000000000000000e+03 1.028000000000000000e+03 6.011789075999999454e+00 9.538203610000000054e-01
1.028000000000000000e+03 1.029000000000000000e+03 4.985226727999999774e+00 9.078536258999999609e-01
1.029000000000000000e+03 1.030000000000000000e+03 4.404340351000000098e+00 7.536813737999999985e-01
1.030000000000000000e+03 1.031000000000000000e+03 5.019729891599999938e+00 6.272252927000000478e-01
1.031000000000000000e+03 1.032000000000000000e+03 3.609160192399999634e+00 7.401587808999999796e-01
1.032000000000000000e+03 1.033000000000000000e+03 2.962232490058000156e+00 5.782609601000000543e-01
1.033000000000000000e+03 1.034000000000000000e+03 2.160722763499999921e+00 5.274440383000000843e-01
1.034000000000000000e+03 1.035000000000000000e+03 6.402783355000000398e+00 1.116121150699999953e+00
1.035000000000000000e+03 1.036000000000000000e+03 7.553307812999999982e+00 1.111639407700000026e+00
1.036000000000000000e+03 1.037000000000000000e+03 8.644762272999999553e+00 1.047806030499999874e+00
1.037000000000000000e+03 1.038000000000000000e+03 6.618640443000000317e+00 8.793513893000000081e-01
1.038000000000000000e+03 1.039000000000000000e+03 5.214417339999999790e+00 7.637966967000000551e-01
1.039000000000000000e+03 1.040000000000000000e+03 4.855303655500000204e+00 7.913928235999999616e-01
1.040000000000000000e+03 1.041000000000000000e+03 4.284965077499999886e+00 7.499165449000000372e-01
1.041000000000000000e+03 1.042000000000000000e+03 4.862833719100000174e+00 6.169303796999999756e-01
1.042000000000000000e+03 1.043000000000000000e+03 4.464695575200000377e+00 6.089539986999999988e-01
1.043000000000000000e+03 1.044000000000000000e+03 2.574566123700000375e+00 4.682052567000000165e-01
1.044000000000000000e+03 1.045000000000000000e+03 2.090797919420000373e+00 4.377597480000000041e-01
1.045000000000000000e+03 1.046000000000000000e+03 8.117994529000000625e+00 1.009144575899999952e+00
1.046000000000000000e+03 1.047000000000000000e+03 6.175232300000000230e+00 9.350027683000000644e-01
1.047000000000000000e+03 1.048000000000000000e+03 5.428313719000000148e+00 1.038078306700000120e+00
1.048000000000000000e+03 1.049000000000000000e+03 5.819663178999999964e+00 9.826113385000000422e-01
1.049000000000000000e+03 1.050000000000000000e+03 4.548327341000000246e+00 7.935522251000000082e-01
1.050000000000000000e+03 1.051000000000000000e+03 4.240580719000000443e+00 8.550949157999999661e-01
1.051000000000000000e+03 1.052000000000000000e+03 5.125896921999999911e+00 6.502078419000000276e-01
1.052000000000000000e+03 1.053000000000000000e+03 4.585791583999999865e+00 6.757629713000000704e-01
1.053000000000000000e+03 1.054000000000000000e+03 3.166652692099999999e+00 6.047374286000000154e-01
1.054000000000000000e+03 1.055000000000000000e+03 4.222428659000000195e+00 5.514605826999999794e-01
1.055000000000000000e+03 1.056000000000000000e+03 3.614946286399999931e+00 4.670256668999999694e-01
1.056000000000000000e+03 1.057000000000000000e+03 5.691296182999999509e+00 1.123722836200000019e+00
1.057000000000000000e+03 1.058000000000000000e+03 6.382942155000000284e+00 9.081855266000000704e-01
1.058000000000000000e+03 1.059000000000000000e+03 4.907735255999999602e+00 1.008992948000000167e+00
1.059000000000000000e+03 1.060000000000000000e+03 7.073064808999999897e+00 9.480228646999999675e-01
1.060000000000000000e+03 1.061000000000000000e+03 4.668118220999999401e+00 7.261289788999999439e-01
1.061000000000000000e+03 1.062000000000000000e+03 6.079506559000000365e+00 7.045438791999999451e-01
1.062000000000000000e+03 1.063000000000000000e+03 5.512063709999999617e+00 7.658082121999999492e-01
1.063000000000000000e+03 1.064000000000000000e+03 4.180034843899999686e+00 7.201482379999999406e-01
1.064000000000000000e+03 1.065000000000000000e+03 4.887247697400000312e+00 6.266632804999999751e-01
1.065000000000000000e+03 1.066000000000000000e+03 2.230389913899999854e+00 4.890865885000000302e-01
1.066000000000000000e+03 1.067000000000000000e+03 1.853221343099999974e+00 4.789407848999999717e-01
1.067000000000000000e+03 1.068000000000000000e+03 6.134589582000000263e+00 1.025935252499999839e+00
1.068000000000000000e+03 1.069000000000000000e+03 4.442893397999999827e+00 9.117094263000000698e-01
1.069000000000000000e+03 1.070000000000000000e+03 8.309058814000000126e+00 9.237616016999999902e-01
1.070000000000000000e+03 1.071000000000000000e+03 5.774166070999999789e+00 8.665785194999999774e-01
1.071000000000000000e+03 1.072000000000000000e+03 6.287479230000000641e+00 7.827999308999999961e-01
1.072000000000000000e+03 1.073000000000000000e+03 6.065466739999999746e+00 6.559835088000000036e-01
1.073000000000000000e+03 1.074000000000000000e+03 4.096198737799999989e+00 6.975386997999999394e-01
1.074000000000000000e+03 1.075000000000000000e+03 4.636950200699999414e+00 6.567361271999999639e-01
1.075000000000000000e+03 1.076000000000000000e+03 2.240772670299999714e+00 5.231383122999999635e-01
1.076000000000000000e+03 1.077000000000000000e+03 3.037564327800000186e+00 4.667666323999999922e-01
1.077000000000000000e+03 1.078000000000000000e+03 3.103245212099999595e+00 4.340165715000000035e-01
1.078000000000000000e+03 1.079000000000000000e+03 6.772501423999999659e+00 1.041054521000000177e+00
1.079000000000000000e+03 1.080000000000000000e+03 7.574348097999999752e+00 8.960433287999999274e-01
1.080000000000000000e+03 1.081000000000000000e+03 5.831837129000000175e+00 8.133067292000000226e-01
1.081000000000000000e+03 1.082000000000000000e+03 5.597225217000000086e+00 9.563303217999999939e-01
1.082000000000000000e+03 1.083000000000000000e+03 5.901463448999999528e+00 7.271902551000000159e-01
1.083000000000000000e+03 1.084000000000000000e+03 3.963592057000000057e+00 7.883738305000000945e-01
1.084000000000000000e+03 1.085000000000000000e+03 4.581078548699999864e+00 6.150669978999999676e-01
1.085000000000000000e+03 1.086000000000000000e+03 3.124456693099999960e+00 5.279936745000000098e-01
1.086000000000000000e+03 1.087000000000000000e+03 4.555735822099999943e+00 5.572070379000000351e-01
1.087000000000000000e+03 1.088000000000000000e+03 2.446238343300000118e+00 4.916016988000000421e-01
1.088000000000000000e+03 1.089000000000000000e+03 3.233042029399999961e+00 4.620515783000000432e-01
1.089000000000000000e+03 1.090000000000000000e+03 7.904190795999999963e+00 9.338184264000000123e-01
1.090000000000000000e+03 1.091000000000000000e+03 6.552318745000000000e+00 9.015503528999999627e-01
1.091000000000000000e+03 1.092000000000000000e+03 6.053654225999999916e+00 8.150997380000000181e-01
1.092000000000000000e+03 1.093000000000000000e+03 5.686850118000000620e+00 8.961232340000000463e-01
1.093000000000000000e+03 1.094000000000000000e+03 5.981196494999999835e+00 6.979284412999999798e-01
1.094000000000000000e+03 1.095000000000000000e+03 5.025759576000000450e+00 7.680014386000000304e-01
1.095000000000000000e+03 1.096000000000000000e+03 4.398140169000000377e+00 6.156703485999999170e-01
1.096000000000000000e+03 1.097000000000000000e+03 3.789540606200000106e+00 5.830968420000000041e-01
1.097000000000000000e+03 1.098000000000000000e+03 2.399427410399999960e+00 5.028337674999999729e-01
1.098000000000000000e+03 1.099000000000000000e+03 3.233165068539999965e+00 4.714967324000000071e-01
1.099000000000000000e+03 1.100000000000000000e+03 2.947001624789999941e+00 4.691145388999999888e-01
1.100000000000000000e+03 1.101000000000000000e+03 7.011093296000000308e+00 1.056702887899999999e+00
1.101000000000000000e+03 1.102000000000000000e+03 6.708618116999999437e+00 1.033617056899999831e+00
1.102000000000000000e+03 1.103000000000000000e+03 7.710808963000000738e+00 8.525472025000000453e-01
1.103000000000000000e+03 1.104000000000000000e+03 5.565327216000000021e+00 7.903600780999999742e-01
1.104000000000000000e+03 1.105000000000000000e+03 5.210677832000000009e+00 7.828943248999999938e-01
1.105000000000000000e+03 1.106000000000000000e+03 4.918913857000000611e+00 6.783848077999999893e-01
1.106000000000000000e+03 1.107000000000000000e+03 5.716851648499999605e+00 6.611180905000000330e-01
1.107000000000000000e+03 1.108000000000000000e+03 4.037769941499999682e+00 5.658617205999999511e-01
1.108000000000000000e+03 1.109000000000000000e+03 4.016800003700000232e+00 5.376329994999999862e-01
1.109000000000000000e+03 1.110000000000000000e+03 3.088106231220000275e+00 5.001383860999999431e-01
1.110000000000000000e+03 1.111000000000000000e+03 2.344189513999999974e+00 4.403241110000000180e-01
1.111000000000000000e+03 1.112000000000000000e+03 4.324884786000000148e+00 1.122505867399999913e+00
1.112000000000000000e+03 1.113000000000000000e+03 7.092260202000000291e+00 9.162887543000000079e-01
1.113000000000000000e+03 1.114000000000000000e+03 5.369238107999999343e+00 8.539844022000000479e-01
1.114000000000000000e+03 1.115000000000000000e+03 6.216628067999999452e+00 7.734186103000000312e-01
1.115000000000000000e+03 1.116000000000000000e+03 4.003960998900000234e+00 9.027388556999998981e-01
1.116000000000000000e+03 1.117000000000000000e+03 4.040798241700000126e+00 7.204038944999999750e-01
1.117000000000000000e+03 1.118000000000000000e+03 4.689965653200000695e+00 6.555058057999999521e-01
1.118000000000000000e+03 1.119000000000000000e+03 4.801393924300000116e+00 6.043116364999999712e-01
1.119000000000000000e+03 1.120000000000000000e+03 3.821479394699999865e+00 5.057502074999999930e-01
1.120000000000000000e+03 1.121000000000000000e+03 2.877691815069999937e+00 4.878181312000000047e-01
1.121000000000000000e+03 1.122000000000000000e+03 3.045058253100000112e+00 4.723484803999999926e-01
1.122000000000000000e+03 1.123000000000000000e+03 5.174685402999999795e+00 9.107693208999999568e-01
1.123000000000000000e+03 1.124000000000000000e+03 5.168818291999999204e+00 8.891835744000000652e-01
1.124000000000000000e+03 1.125000000000000000e+03 5.467966032000000531e+00 8.049076763000000412e-01
1.125000000000000000e+03 1.126000000000000000e+03 6.807767385000000004e+00 7.616390708999999370e-01
1.126000000000000000e+03 1.127000000000000000e+03 6.983212920000000601e+00 7.699425774999999472e-01
1.127000000000000000e+03 1.128000000000000000e+03 4.989896885999999476e+00 6.804507020999999156e-01
1.128000000000000000e+03 1.129000000000000000e+03 4.265714324799999346e+00 6.364131834999999793e-01
1.129000000000000000e+03 1.130000000000000000e+03 3.048667249100000198e+00 5.262591454999999696e-01
1.130000000000000000e+03 1.131000000000000000e+03 3.145727826299999919e+00 4.995630189999999970e-01
1.131000000000000000e+03 1.132000000000000000e+03 3.303240266390000013e+00 5.146820702000000081e-01
1.132000000000000000e+03 1.133000000000000000e+03 2.568387619300000146e+00 4.703861799999999871e-01
1.133000000000000000e+03 1.134000000000000000e+03 6.355876600999999404e+00 9.085800665000000054e-01
1.134000000000000000e+03 1.135000000000000000e+03 6.375304232000000404e+00 8.087732290000000379e-01
1.135000000000000000e+03 1.136000000000000000e+03 7.381849811000000372e+00 8.787826654999999487e-01
1.136000000000000000e+03 1.137000000000000000e+03 5.302790247999999984e+00 7.987431432000000608e-01
1.137000000000000000e+03 1.138000000000000000e+03 5.308504047999999642e+00 6.794675886000000053e-01
1.138000000000000000e+03 1.139000000000000000e+03 4.420389113999999786e+00 7.264712329999999385e-01
1.139000000000000000e+03 1.140000000000000000e+03 4.152086030699999597e+00 6.423453621000000391e-01
1.140000000000000000e+03 1.141000000000000000e+03 3.225535438400000121e+00 5.468589526999999562e-01
1.141000000000000000e+03 1.142000000000000000e+03 3.419797660971000131e+00 4.913714898000000053e-01
1.142000000000000000e+03 1.143000000000000000e+03 2.496305903100000112e+00 4.473006174999999973e-01
1.143000000000000000e+03 1.144000000000000000e+03 2.540543977200000025e+00 4.219174401999999935e-01
1.144000000000000000e+03 1.145000000000000000e+03 6.014710845999999833e+00 9.765281204000000326e-01
1.145000000000000000e+03 1.146000000000000000e+03 6.178928904000000166e+00 9.263937127999999355e-01
1.146000000000000000e+03 1.147000000000000000e+03 3.967834993999999948e+00 9.512221937999999488e-01
1.147000000000000000e+03 1.148000000000000000e+03 5.028038568999999569e+00 7.153661014000000096e-01
1.148000000000000000e+03 1.149000000000000000e+03 4.230035914999999314e+00 6.959002423999999243e-01
1.149000000000000000e+03 1.150000000000000000e+03 5.258090972000000640e+00 8.106115925999999305e-01
1.150000000000000000e+03 1.151000000000000000e+03 5.168303816399999917e+00 6.795435769000000015e-01
1.151000000000000000e+03 1.152000000000000000e+03 4.020885384000000506e+00 5.487090374999999964e-01
1.152000000000000000e+03 1.153000000000000000e+03 2.991849481400000066e+00 5.023439088000000163e-01
1.153000000000000000e+03 1.154000000000000000e+03 2.823632162300000026e+00 5.376763200999999937e-01
1.154000000000000000e+03 1.155000000000000000e+03 1.743457173499999957e+00 3.827485168599999987e-01
1.155000000000000000e+03 1.156000000000000000e+03 5.720873813999999946e+00 9.079964546000000025e-01
1.156000000000000000e+03 1.157000000000000000e+03 5.237675108999999551e+00 8.338321920000000276e-01
1.157000000000000000e+03 1.158000000000000000e+03 5.900374490999999999e+00 7.605469507000000018e-01
1.158000000000000000e+03 1.159000000000000000e+03 5.847889388999999660e+00 7.549872733999999364e-01
1.159000000000000000e+03 1.160000000000000000e+03 3.924602629599999837e+00 7.556651655999999662e-01
1.160000000000000000e+03 1.161000000000000000e+03 4.299481659900000530e+00 7.449900809999999707e-01
1.161000000000000000e+03 1.162000000000000000e+03 4.448550456399999575e+00 5.932608668999999058e-01
1.162000000000000000e+03 1.163000000000000000e+03 4.297579261000000095e+00 5.265393360000000245e-01
1.163000000000000000e+03 1.164000000000000000e+03 2.480273775899999755e+00 5.002482700000000504e-01
1.164000000000000000e+03 1.165000000000000000e+03 2.269479769500000188e+00 5.156370329999999669e-01
1.165000000000000000e+03 1.166000000000000000e+03 2.105160729799999686e+00 3.645862073500000244e-01
1.166000000000000000e+03 1.167000000000000000e+03 5.416905944999999889e+00 9.295546134000000071e-01
1.167000000000000000e+03 1.168000000000000000e+03 4.428229674000000671e+00 9.072112428999999922e-01
1.168000000000000000e+03 1.169000000000000000e+03 6.118206593000000026e+00 8.262069411000000363e-01
1.169000000000000000e+03 1.170000000000000000e+03 5.018883380999999311e+00 7.391515392999999934e-01
1.170000000000000000e+03 1.171000000000000000e+03 4.813276902000000135e+00 6.832911306000000184e-01
1.171000000000000000e+03 1.172000000000000000e+03 5.376191988999999616e+00 6.947491492999999796e-01
1.172000000000000000e+03 1.173000000000000000e+03 3.857645850799999998e+00 6.500791937000000020e-01
1.173000000000000000e+03 1.174000000000000000e+03 3.896986738099999847e+00 5.182279915999999931e-01
1.174000000000000000e+03 1.175000000000000000e+03 2.855903752299999709e+00 4.811000759000000349e-01
1.175000000000000000e+03 1.176000000000000000e+03 1.808669634869999987e+00 4.672810032000000446e-01
1.176000000000000000e+03 1.177000000000000000e+03 2.313663335400000243e+00 3.683970523999999802e-01
1.177000000000000000e+03 1.178000000000000000e+03 5.535124216999999902e+00 8.901004502999999568e-01
1.178000000000000000e+03 1.179000000000000000e+03 6.019698874000000366e+00 8.866542242999999601e-01
1.179000000000000000e+03 1.180000000000000000e+03 5.154034214000000169e+00 7.164379777000000615e-01
1.180000000000000000e+03 1.181000000000000000e+03 5.926850677000000012e+00 7.172477446999999673e-01
1.181000000000000000e+03 1.182000000000000000e+03 4.822487133999999287e+00 6.192043723000000277e-01
1.182000000000000000e+03 1.183000000000000000e+03 3.670293422299999886e+00 6.307453860000000745e-01
1.183000000000000000e+03 1.184000000000000000e+03 2.922782704199999859e+00 6.513159789000000366e-01
1.184000000000000000e+03 1.185000000000000000e+03 3.400032969799999805e+00 5.567341154999999597e-01
1.185000000000000000e+03 1.186000000000000000e+03 3.250641626400000206e+00 5.075085909000000006e-01
1.186000000000000000e+03 1.187000000000000000e+03 2.650907134119999675e+00 4.307469302999999972e-01
1.187000000000000000e+03 1.188000000000000000e+03 2.569298947900000130e+00 4.271224616000000029e-01
1.188000000000000000e+03 1.189000000000000000e+03 4.824235607000000314e+00 8.939278375000000443e-01
1.189000000000000000e+03 1.190000000000000000e+03 5.431681344999999439e+00 7.303815570999999673e-01
1.190000000000000000e+03 1.191000000000000000e+03 5.363903826000000485e+00 7.616599906000000031e-01
1.191000000000000000e+03 1.192000000000000000e+03 3.094964923000000034e+00 8.156469940999999668e-01
1.192000000000000000e+03 1.193000000000000000e+03 4.083055830000000164e+00 7.504901402999999416e-01
1.193000000000000000e+03 1.194000000000000000e+03 4.770595128000000074e+00 6.000118358000000596e-01
1.194000000000000000e+03 1.195000000000000000e+03 3.024109150199999707e+00 7.092417963000000602e-01
1.195000000000000000e+03 1.196000000000000000e+03 3.249317631799999884e+00 5.175349853999999805e-01
1.196000000000000000e+03 1.197000000000000000e+03 2.975802332300000241e+00 4.796186265999999865e-01
1.197000000000000000e+03 1.198000000000000000e+03 2.919838100151999960e+00 4.560402666000000216e-01
1.198000000000000000e+03 1.199000000000000000e+03 2.263201581810000196e+00 3.536454472199999644e-01
1.199000000000000000e+03 1.200000000000000000e+03 4.978326853000000440e+00 8.363343551999999903e-01
1.200000000000000000e+03 1.201000000000000000e+03 5.034385920000000070e+00 8.037029755999999248e-01
1.201000000000000000e+03 1.202000000000000000e+03 5.057304824000000032e+00 7.278808449999999430e-01
1.202000000000000000e+03 1.203000000000000000e+03 5.301742316999999538e+00 7.761277651000000333e-01
1.203000000000000000e+03 1.204000000000000000e+03 4.699523812000000689e+00 6.977548807999999214e-01
1.204000000000000000e+03 1.205000000000000000e+03 3.930487109600000029e+00 6.033203190999999466e-01
1.205000000000000000e+03 1.206000000000000000e+03 4.107025784300000204e+00 5.475028857000000526e-01
1.206000000000000000e+03 1.207000000000000000e+03 4.408134983500000104e+00 5.543531655000000224e-01
1.207000000000000000e+03 1.208000000000000000e+03 2.727189916699999994e+00 4.515048856000000166e-01
1.208000000000000000e+03 1.209000000000000000e+03 2.805894424599999937e+00 4.056025308999999801e-01
1.209000000000000000e+03 1.210000000000000000e+03 1.944799542699999995e+00 3.919992575000000312e-01
1.210000000000000000e+03 1.211000000000000000e+03 4.883455679000000771e+00 9.101055836000000454e-01
1.211000000000000000e+03 1.212000000000000000e+03 5.490057790999999909e+00 7.752092777000000323e-01
1.212000000000000000e+03 1.213000000000000000e+03 4.184806213999999969e+00 6.718626065999999675e-01
1.213000000000000000e+03 1.214000000000000000e+03 4.784813461999999795e+00 7.446901463999999748e-01
1.214000000000000000e+03 1.215000000000000000e+03 4.860956014999999297e+00 6.974345079999999530e-01
1.215000000000000000e+03 1.216000000000000000e+03 3.069676296599999965e+00 6.508757304999999160e-01
1.216000000000000000e+03 1.217000000000000000e+03 3.534370755299999889e+00 6.285945363000000619e-01
1.217000000000000000e+03 1.218000000000000000e+03 3.821993677600000083e+00 5.214923290999999850e-01
1.218000000000000000e+03 1.219000000000000000e+03 3.431910588400000073e+00 4.058293377999999674e-01
1.219000000000000000e+03 1.220000000000000000e+03 1.959496019899999997e+00 4.288175210999999876e-01
1.220000000000000000e+03 1.221000000000000000e+03 1.489604939100000136e+00 3.681397404799999773e-01
1.221000000000000000e+03 1.222000000000000000e+03 5.606490544999999770e+00 8.233912285999999137e-01
1.222000000000000000e+03 1.223000000000000000e+03 4.654737150999999962e+00 8.020727536999999741e-01
1.223000000000000000e+03 1.224000000000000000e+03 4.409325260000000135e+00 7.461572485999999893e-01
1.224000000000000000e+03 1.225000000000000000e+03 5.086756321000000192e+00 6.570559652999999889e-01
1.225000000000000000e+03 1.226000000000000000e+03 4.247978608000000378e+00 6.633822872999999287e-01
1.226000000000000000e+03 1.227000000000000000e+03 3.996741248000000191e+00 6.200409292999999877e-01
1.227000000000000000e+03 1.228000000000000000e+03 4.042157594300000767e+00 5.598415253000000869e-01
1.228000000000000000e+03 1.229000000000000000e+03 3.347058297399999827e+00 5.317019620999999807e-01
1.229000000000000000e+03 1.230000000000000000e+03 2.902004804399999749e+00 4.139720324000000229e-01
1.230000000000000000e+03 1.231000000000000000e+03 1.429474418599999908e+00 4.880983570999999910e-01
1.231000000000000000e+03 1.232000000000000000e+03 2.034446497270999910e+00 3.744451910099999559e-01
1.232000000000000000e+03 1.233000000000000000e+03 5.131868830999999354e+00 9.979912153999999092e-01
1.233000000000000000e+03 1.234000000000000000e+03 5.092032792000000363e+00 7.255223001999999699e-01
1.234000000000000000e+03 1.235000000000000000e+03 6.216725753999999604e+00 8.130634271000000135e-01
1.235000000000000000e+03 1.236000000000000000e+03 4.436952216999999976e+00 6.630039551999999947e-01
1.236000000000000000e+03 1.237000000000000000e+03 4.121098960999999505e+00 7.062834873000000124e-01
1.237000000000000000e+03 1.238000000000000000e+03 3.777289460800000054e+00 5.086537430999999998e-01
1.238000000000000000e+03 1.239000000000000000e+03 3.200942473900000085e+00 5.538706895999999658e-01
1.239000000000000000e+03 1.240000000000000000e+03 3.176538601299999875e+00 4.822989259000000084e-01
1.240000000000000000e+03 1.241000000000000000e+03 3.345169351000000013e+00 3.941583976999999961e-01
1.241000000000000000e+03 1.242000000000000000e+03 2.173529547699999842e+00 4.058292545000000140e-01
1.242000000000000000e+03 1.243000000000000000e+03 2.036687107400000141e+00 3.821342009600000034e-01
1.243000000000000000e+03 1.244000000000000000e+03 4.227563991000000243e+00 9.747492789999999685e-01
1.244000000000000000e+03 1.245000000000000000e+03 4.299000731000000464e+00 7.043658382999999912e-01
1.245000000000000000e+03 1.246000000000000000e+03 3.609075731999999981e+00 8.533192734999999196e-01
1.246000000000000000e+03 1.247000000000000000e+03 4.600479125999999752e+00 7.000354938999999721e-01
1.247000000000000000e+03 1.248000000000000000e+03 3.876035995000000067e+00 7.989777389000000118e-01
1.248000000000000000e+03 1.249000000000000000e+03 3.873877971000000198e+00 5.882510281999999702e-01
1.249000000000000000e+03 1.250000000000000000e+03 3.959369466700000117e+00 4.751027864999999850e-01
1.250000000000000000e+03 1.251000000000000000e+03 3.004560317100000155e+00 4.680632882000000383e-01
1.251000000000000000e+03 1.252000000000000000e+03 3.269111378699999904e+00 4.819099593000000237e-01
1.252000000000000000e+03 1.253000000000000000e+03 2.442637943400000289e+00 3.892569003999999944e-01
1.253000000000000000e+03 1.254000000000000000e+03 1.300090471090000088e+00 3.955777758999999838e-01
1.254000000000000000e+03 1.255000000000000000e+03 5.874922656999999937e+00 9.305837189000000231e-01
1.255000000000000000e+03 1.256000000000000000e+03 3.776247344999999811e+00 8.252823670000000167e-01
1.256000000000000000e+03 1.257000000000000000e+03 3.901333962999999905e+00 7.360501483999999373e-01
1.257000000000000000e+03 1.258000000000000000e+03 4.168611571999999654e+00 7.236513231000000212e-01
1.258000000000000000e+03 1.259000000000000000e+03 4.289726929999999605e+00 6.896092016999999519e-01
1.259000000000000000e+03 1.260000000000000000e+03 3.912623243000000084e+00 6.148894910000000102e-01
1.260000000000000000e+03 1.261000000000000000e+03 3.311177398199999899e+00 5.592047524000000047e-01
1.261000000000000000e+03 1.262000000000000000e+03 2.254625482699999850e+00 4.531125914000000421e-01
1.262000000000000000e+03 1.263000000000000000e+03 2.713119150999999896e+00 4.521210031999999823e-01
1.263000000000000000e+03 1.264000000000000000e+03 2.767532468110000199e+00 4.184062621399999848e-01
1.264000000000000000e+03 1.265000000000000000e+03 1.980551216609999887e+00 3.575002745199999943e-01
1.265000000000000000e+03 1.266000000000000000e+03 4.171054514000000601e+00 7.420029867000000889e-01
1.266000000000000000e+03 1.267000000000000000e+03 5.520728195000000227e+00 7.694948730999999764e-01
1.267000000000000000e+03 1.268000000000000000e+03 4.342497502999999703e+00 6.831254019000000399e-01
1.268000000000000000e+03 1.269000000000000000e+03 5.213710179999999639e+00 7.086108825000000389e-01
1.269000000000000000e+03 1.270000000000000000e+03 4.234914191999999744e+00 6.606440812999999634e-01
1.270000000000000000e+03 1.271000000000000000e+03 4.367924319200000127e+00 5.630071596000000289e-01
1.271000000000000000e+03 1.272000000000000000e+03 3.003973134699999825e+00 5.894513006999999583e-01
1.272000000000000000e+03 1.273000000000000000e+03 2.668515903299999881e+00 5.206592651999999433e-01
1.273000000000000000e+03 1.274000000000000000e+03 2.213788923300000100e+00 4.988177238000000013e-01
1.274000000000000000e+03 1.275000000000000000e+03 2.103785216706000050e+00 3.809073733999999711e-01
1.275000000000000000e+03 1.276000000000000000e+03 1.889110447900000045e+00 3.282150542000000226e-01
1.276000000000000000e+03 1.277000000000000000e+03 4.389694024999999833e+00 6.720530877000000514e-01
1.277000000000000000e+03 1.278000000000000000e+03 3.880057861000000052e+00 7.713644812000000073e-01
1.278000000000000000e+03 1.279000000000000000e+03 4.311472095000000060e+00 6.709226798000000880e-01
1.279000000000000000e+03 1.280000000000000000e+03 3.833419789000000133e+00 7.114846847000000363e-01
1.280000000000000000e+03 1.281000000000000000e+03 3.970554205000000003e+00 6.208146929000000203e-01
1.281000000000000000e+03 1.282000000000000000e+03 3.799119453999999951e+00 4.935699141000000068e-01
1.282000000000000000e+03 1.283000000000000000e+03 2.515437975300000240e+00 5.471832470999999920e-01
1.283000000000000000e+03 1.284000000000000000e+03 3.233056607800000037e+00 4.933350281999999698e-01
1.284000000000000000e+03 1.285000000000000000e+03 2.899039702400000085e+00 4.506454283999999921e-01
1.285000000000000000e+03 1.286000000000000000e+03 2.285884712260000118e+00 3.800571568000000178e-01
1.286000000000000000e+03 1.287000000000000000e+03 1.592633222000000126e+00 3.345023174700000324e-01
1.287000000000000000e+03 1.288000000000000000e+03 2.821688670999999982e+00 7.273843532999999528e-01
1.288000000000000000e+03 1.289000000000000000e+03 5.155941258999999555e+00 6.589543545999999585e-01
1.289000000000000000e+03 1.290000000000000000e+03 4.409136603000000321e+00 6.353715302000000342e-01
1.290000000000000000e+03 1.291000000000000000e+03 4.201033430999999929e+00 7.942914863000000159e-01
1.291000000000000000e+03 1.292000000000000000e+03 3.169670295199999988e+00 6.117773846999999821e-01
1.292000000000000000e+03 1.293000000000000000e+03 3.874903191999999663e+00 6.827338149999999661e-01
1.293000000000000000e+03 1.294000000000000000e+03 3.171556225700000287e+00 4.959004563999999671e-01
1.294000000000000000e+03 1.295000000000000000e+03 2.972780647700000056e+00 4.773348101000000065e-01
1.295000000000000000e+03 1.296000000000000000e+03 1.874150820329999911e+00 5.088052634999999935e-01
1.296000000000000000e+03 1.297000000000000000e+03 1.849976714999999938e+00 4.571912005000000057e-01
1.297000000000000000e+03 1.298000000000000000e+03 2.528423048909999693e+00 3.421656665600000258e-01
1.298000000000000000e+03 1.299000000000000000e+03 6.525944377000000074e+00 7.885219632000000090e-01
1.299000000000000000e+03 1.300000000000000000e+03 3.392978197999999779e+00 6.635462296999999898e-01
1.300000000000000000e+03 1.301000000000000000e+03 4.082016117000000222e+00 7.384054583000000394e-01
1.301000000000000000e+03 1.302000000000000000e+03 2.606014255999999918e+00 7.586825852999999897e-01
1.302000000000000000e+03 1.303000000000000000e+03 4.144891918000000786e+00 6.543154745999999466e-01
1.303000000000000000e+03 1.304000000000000000e+03 3.276210902000000313e+00 5.725948290999999246e-01
1.304000000000000000e+03 1.305000000000000000e+03 3.914461358399999646e+00 5.341304327000000463e-01
1.305000000000000000e+03 1.306000000000000000e+03 3.188318915900000050e+00 4.611814749999999519e-01
1.306000000000000000e+03 1.307000000000000000e+03 2.505027795680000224e+00 4.386074303999999979e-01
1.307000000000000000e+03 1.308000000000000000e+03 1.880364397400000165e+00 3.995867271399999865e-01
1.308000000000000000e+03 1.309000000000000000e+03 1.279963931299999969e+00 3.261683422899999685e-01
1.309000000000000000e+03 1.310000000000000000e+03 4.135201604999999780e+00 7.179295037999999796e-01
1.310000000000000000e+03 1.311000000000000000e+03 4.567657574999999248e+00 6.806585578999999608e-01
1.311000000000000000e+03 1.312000000000000000e+03 5.732597353000000062e+00 7.728414654999999911e-01
1.312000000000000000e+03 1.313000000000000000e+03 4.078242348999999933e+00 6.363284295000000146e-01
1.313000000000000000e+03 1.314000000000000000e+03 4.760008996999999908e+00 6.451897196000000445e-01
1.314000000000000000e+03 1.315000000000000000e+03 3.036057606700000022e+00 6.088743112999999152e-01
1.315000000000000000e+03 1.316000000000000000e+03 2.232232514400000145e+00 5.901043465999999960e-01
1.316000000000000000e+03 1.317000000000000000e+03 3.095325881800000012e+00 4.695977045000000460e-01
1.317000000000000000e+03 1.318000000000000000e+03 2.263194909899999718e+00 4.102407613999999869e-01
1.318000000000000000e+03 1.319000000000000000e+03 1.948209052960000021e+00 4.338878106000000345e-01
1.319000000000000000e+03 1.320000000000000000e+03 1.621902210370000041e+00 2.967849127899999662e-01
1.320000000000000000e+03 1.321000000000000000e+03 5.450661336999999662e+00 7.811791637999999649e-01
1.321000000000000000e+03 1.322000000000000000e+03 4.845026160999999831e+00 6.817613066000000055e-01
1.322000000000000000e+03 1.323000000000000000e+03 3.197689417999999950e+00 7.180300836999999881e-01
1.323000000000000000e+03 1.324000000000000000e+03 4.764162337000000136e+00 6.401066720999999404e-01
1.324000000000000000e+03 1.325000000000000000e+03 3.382556031000000019e+00 5.600132054999999998e-01
1.325000000000000000e+03 1.326000000000000000e+03 3.701293641299999937e+00 6.155774415999999416e-01
1.326000000000000000e+03 1.327000000000000000e+03 3.196256561500000259e+00 5.660202966999999807e-01
1.327000000000000000e+03 1.328000000000000000e+03 3.035776201800000074e+00 4.836903271000000393e-01
1.328000000000000000e+03 1.329000000000000000e+03 2.154265893220000283e+00 4.315946477000000003e-01
1.329000000000000000e+03 1.330000000000000000e+03 2.244714625899999927e+00 3.858262724000000032e-01
1.330000000000000000e+03 1.331000000000000000e+03 1.663457976199999910e+00 2.916616243600000380e-01
1.331000000000000000e+03 1.332000000000000000e+03 4.386110909000000113e+00 7.320882995999999920e-01
1.332000000000000000e+03 1.333000000000000000e+03 4.536016078000000284e+00 7.206726432999999155e-01
1.333000000000000000e+03 1.334000000000000000e+03 3.287175337999999947e+00 5.635900971999999731e-01
1.334000000000000000e+03 1.335000000000000000e+03 4.070174403000000218e+00 6.535828377999999272e-01
1.335000000000000000e+03 1.336000000000000000e+03 3.497170294100000021e+00 6.158640442999999687e-01
1.336000000000000000e+03 1.337000000000000000e+03 2.500925606200000040e+00 5.608716347000000102e-01
1.337000000000000000e+03 1.338000000000000000e+03 2.840678209400000043e+00 4.546877058000000082e-01
1.338000000000000000e+03 1.339000000000000000e+03 2.669634396999999826e+00 4.363557865000000091e-01
1.339000000000000000e+03 1.340000000000000000e+03 2.247007152999999757e+00 3.922777303000000160e-01
1.340000000000000000e+03 1.341000000000000000e+03 1.536428777309999827e+00 3.945176152600000097e-01
1.341000000000000000e+03 1.342000000000000000e+03 1.701280094899999984e+00 3.478954319500000003e-01
1.342000000000000000e+03 1.343000000000000000e+03 3.752774824999999925e+00 6.703730652999999595e-01
1.343000000000000000e+03 1.344000000000000000e+03 2.949140895000000206e+00 6.859512733999999501e-01
1.344000000000000000e+03 1.345000000000000000e+03 3.859123779000000365e+00 6.805569314000000647e-01
1.345000000000000000e+03 1.346000000000000000e+03 3.800155772000000098e+00 5.936354924000000199e-01
1.346000000000000000e+03 1.347000000000000000e+03 2.715854869799999793e+00 6.511957885999999363e-01
1.347000000000000000e+03 1.348000000000000000e+03 3.585877062999999865e+00 6.236181130000000294e-01
1.348000000000000000e+03 1.349000000000000000e+03 2.221929499599999858e+00 5.882766538000000489e-01
1.349000000000000000e+03 1.350000000000000000e+03 1.645396332200000034e+00 4.446262780000000414e-01
1.350000000000000000e+03 1.351000000000000000e+03 9.613205823100000602e-01 4.676843476000000499e-01
1.351000000000000000e+03 1.352000000000000000e+03 2.210786427509999985e+00 4.231896655699999843e-01
1.352000000000000000e+03 1.353000000000000000e+03 1.363348457399999880e+00 3.799058685400000246e-01
1.353000000000000000e+03 1.354000000000000000e+03 4.352426678999999687e+00 7.134368185999999668e-01
1.354000000000000000e+03 1.355000000000000000e+03 3.953905715000000320e+00 6.616922330000000185e-01
1.355000000000000000e+03 1.356000000000000000e+03 5.717106613999999531e+00 6.461257822000000539e-01
1.356000000000000000e+03 1.357000000000000000e+03 4.025349595999999863e+00 6.237636133000000749e-01
1.357000000000000000e+03 1.358000000000000000e+03 4.158180651000000339e+00 5.712016850000000145e-01
1.358000000000000000e+03 1.359000000000000000e+03 2.890643948499999727e+00 5.541555612999999880e-01
1.359000000000000000e+03 1.360000000000000000e+03 3.348993761200000030e+00 5.953060870999999921e-01
1.360000000000000000e+03 1.361000000000000000e+03 3.187448506700000017e+00 4.651461343999999665e-01
1.361000000000000000e+03 1.362000000000000000e+03 1.491830979099999954e+00 4.513677794000000021e-01
1.362000000000000000e+03 1.363000000000000000e+03 1.696616336229999966e+00 3.808922999500000128e-01
1.363000000000000000e+03 1.364000000000000000e+03 1.386050770300000012e+00 3.430008704699999966e-01
1.364000000000000000e+03 1.365000000000000000e+03 4.322767423999999359e+00 7.170548493999999717e-01
1.365000000000000000e+03 1.366000000000000000e+03 4.755383580000000165e+00 7.339308811999999405e-01
1.366000000000000000e+03 1.367000000000000000e+03 2.064624648000000118e+00 8.399514323000000227e-01
1.367000000000000000e+03 1.368000000000000000e+03 4.214584955000000299e+00 6.018331297000000246e-01
1.368000000000000000e+03 1.369000000000000000e+03 4.345838471999999619e+00 6.274818475000000229e-01
1.369000000000000000e+03 1.370000000000000000e+03 2.871286343600000013e+00 5.125690125999999847e-01
1.370000000000000000e+03 1.371000000000000000e+03 2.922323801700000168e+00 5.043509872999999422e-01
1.371000000000000000e+03 1.372000000000000000e+03 2.096026633600000189e+00 3.926286259999999806e-01
1.372000000000000000e+03 1.373000000000000000e+03 2.132754954110999801e+00 3.933120713000000102e-01
1.373000000000000000e+03 1.374000000000000000e+03 1.478884749419999922e+00 3.717759025500000369e-01
1.374000000000000000e+03 1.375000000000000000e+03 1.498608090699999895e+00 3.119276040799999761e-01
1.375000000000000000e+03 1.376000000000000000e+03 3.176751599000000148e+00 8.252018409999999360e-01
1.376000000000000000e+03 1.377000000000000000e+03 3.945028148999999651e+00 6.097485728999999521e-01
1.377000000000000000e+03 1.378000000000000000e+03 3.261365280000000144e+00 6.190334039999999538e-01
1.378000000000000000e+03 1.379000000000000000e+03 3.194056895000000118e+00 5.474750817999999297e-01
1.379000000000000000e+03 1.380000000000000000e+03 3.113280882000000194e+00 6.832451595999999849e-01
1.380000000000000000e+03 1.381000000000000000e+03 4.266878457999999874e+00 5.905664725999999476e-01
1.381000000000000000e+03 1.382000000000000000e+03 2.437511264999999927e+00 5.415526991999999318e-01
1.382000000000000000e+03 1.383000000000000000e+03 2.062868907099999927e+00 4.338522966000000203e-01
1.383000000000000000e+03 1.384000000000000000e+03 2.037794552499999856e+00 3.735022900000000146e-01
1.384000000000000000e+03 1.385000000000000000e+03 2.631075975179999915e+00 3.284724773000000098e-01
1.385000000000000000e+03 1.386000000000000000e+03 1.032422402929999983e+00 3.269308411000000358e-01
1.386000000000000000e+03 1.387000000000000000e+03 4.443758412999999408e+00 7.195673266000000012e-01
1.387000000000000000e+03 1.388000000000000000e+03 3.380882108999999858e+00 6.346720721999999926e-01
1.388000000000000000e+03 1.389000000000000000e+03 3.609940511000000019e+00 5.606016903999999634e-01
1.389000000000000000e+03 1.390000000000000000e+03 3.558145741000000140e+00 6.187829500999999510e-01
1.390000000000000000e+03 1.391000000000000000e+03 3.283981642999999728e+00 5.241852965000000086e-01
1.391000000000000000e+03 1.392000000000000000e+03 2.618593745900000158e+00 4.930830329000000511e-01
1.392000000000000000e+03 1.393000000000000000e+03 2.623426072300000023e+00 4.694561357999999518e-01
1.393000000000000000e+03 1.394000000000000000e+03 2.310289558700000079e+00 4.408293061999999929e-01
1.394000000000000000e+03 1.395000000000000000e+03 2.383876445299999869e+00 3.506829993000000201e-01
1.395000000000000000e+03 1.396000000000000000e+03 1.636073529699999973e+00 3.284933812399999931e-01
1.396000000000000000e+03 1.397000000000000000e+03 1.015195907299999867e+00 3.286992831400000203e-01
1.397000000000000000e+03 1.398000000000000000e+03 3.632700320000000094e+00 7.730595121000000125e-01
1.398000000000000000e+03 1.399000000000000000e+03 4.896534520999999529e+00 7.081283677999999915e-01
1.399000000000000000e+03 1.400000000000000000e+03 4.331109953000000345e+00 5.587966496999999810e-01
1.400000000000000000e+03 1.401000000000000000e+03 3.999855190000000338e+00 7.676680130999999907e-01
1.401000000000000000e+03 1.402000000000000000e+03 2.791245478000000002e+00 5.080665081999999888e-01
1.402000000000000000e+03 1.403000000000000000e+03 2.329413027999999830e+00 4.979264113999999908e-01
1.403000000000000000e+03 1.404000000000000000e+03 2.742311627499999904e+00 5.027217619000000637e-01
1.404000000000000000e+03 1.405000000000000000e+03 1.835626077299999936e+00 4.900356349999999694e-01
1.405000000000000000e+03 1.406000000000000000e+03 1.950848155899999936e+00 3.993545607999999802e-01
1.406000000000000000e+03 1.407000000000000000e+03 1.458346910860000012e+00 3.740388187500000017e-01
1.407000000000000000e+03 1.408000000000000000e+03 1.117734357210000029e+00 3.099641519099999853e-01
1.408000000000000000e+03 1.409000000000000000e+03 2.751999190999999900e+00 5.962548025999999668e-01
1.409000000000000000e+03 1.410000000000000000e+03 4.210152862000000162e+00 6.493026731000000051e-01
1.410000000000000000e+03 1.411000000000000000e+03 4.164109036999999347e+00 5.783184445999999257e-01
1.411000000000000000e+03 1.412000000000000000e+03 2.822936663999999762e+00 5.714065123000000579e-01
1.412000000000000000e+03 1.413000000000000000e+03 3.134803635899999996e+00 5.411461381999999043e-01
1.413000000000000000e+03 1.414000000000000000e+03 3.609521496999999801e+00 5.479774831000000512e-01
1.414000000000000000e+03 1.415000000000000000e+03 2.554091764499999861e+00 4.125059420999999671e-01
1.415000000000000000e+03 1.416000000000000000e+03 2.121764660699999805e+00 4.185896814000000243e-01
1.416000000000000000e+03 1.417000000000000000e+03 2.311359691899999902e+00 4.055810611000000288e-01
1.417000000000000000e+03 1.418000000000000000e+03 1.820770391569999980e+00 3.792676249499999930e-01
1.418000000000000000e+03 1.419000000000000000e+03 1.416590189299999913e+00 3.013436033099999856e-01
1.419000000000000000e+03 1.420000000000000000e+03 4.045219450999999466e+00 6.346783803000000113e-01
1.420000000000000000e+03 1.421000000000000000e+03 2.840163753999999763e+00 7.579286520000000360e-01
1.421000000000000000e+03 1.422000000000000000e+03 1.442128333200000112e+00 5.925907904999999642e-01
1.422000000000000000e+03 1.423000000000000000e+03 2.939502140200000113e+00 5.425531607999999339e-01
1.423000000000000000e+03 1.424000000000000000e+03 3.366379782000000098e+00 5.543069208000001025e-01
1.424000000000000000e+03 1.425000000000000000e+03 1.702431966100000027e+00 4.943546732999999915e-01
1.425000000000000000e+03 1.426000000000000000e+03 1.984374716899999891e+00 4.414469286999999631e-01
1.426000000000000000e+03 1.427000000000000000e+03 3.241646423399999755e+00 4.795446980999999997e-01
1.427000000000000000e+03 1.428000000000000000e+03 2.231466090800000135e+00 3.357365758099999931e-01
1.428000000000000000e+03 1.429000000000000000e+03 1.753520190889999997e+00 3.403874785600000119e-01
1.429000000000000000e+03 1.430000000000000000e+03 1.801739411500000054e+00 2.763360666200000426e-01
1.430000000000000000e+03 1.431000000000000000e+03 4.495934796000000233e+00 5.948284039999999218e-01
1.431000000000000000e+03 1.432000000000000000e+03 3.000728912999999665e+00 6.081489917999999273e-01
1.432000000000000000e+03 1.433000000000000000e+03 4.159067065000000341e+00 5.901427106000000089e-01
1.433000000000000000e+03 1.434000000000000000e+03 2.967657693000000041e+00 5.627620590999999894e-01
1.434000000000000000e+03 1.435000000000000000e+03 3.332452382400000079e+00 5.704194576000000128e-01
1.435000000000000000e+03 1.436000000000000000e+03 3.007565426999999847e+00 5.656355604999999676e-01
1.436000000000000000e+03 1.437000000000000000e+03 2.409320916300000004e+00 4.639152783000000113e-01
1.437000000000000000e+03 1.438000000000000000e+03 2.772628840500000358e+00 4.699388648999999751e-01
1.438000000000000000e+03 1.439000000000000000e+03 2.080289532999999746e+00 3.761119877000000389e-01
1.439000000000000000e+03 1.440000000000000000e+03 1.475619913759999902e+00 3.156040295099999948e-01
1.440000000000000000e+03 1.441000000000000000e+03 1.319188670860000023e+00 2.751214631099999641e-01
1.441000000000000000e+03 1.442000000000000000e+03 2.758085687999999980e+00 6.951675171000000208e-01
1.442000000000000000e+03 1.443000000000000000e+03 3.057616470000000142e+00 5.821718580000000420e-01
1.443000000000000000e+03 1.444000000000000000e+03 4.145945671999999860e+00 5.604375754999999515e-01
1.444000000000000000e+03 1.445000000000000000e+03 2.863524620000000187e+00 5.649601780999999878e-01
1.445000000000000000e+03 1.446000000000000000e+03 4.524264344999999743e+00 5.694176867000000364e-01
1.446000000000000000e+03 1.447000000000000000e+03 1.691980847600000004e+00 6.198363872000000052e-01
1.447000000000000000e+03 1.448000000000000000e+03 2.413208387400000099e+00 4.841189281000000122e-01
1.448000000000000000e+03 1.449000000000000000e+03 1.322744144599999894e+00 4.240097749999999777e-01
1.449000000000000000e+03 1.450000000000000000e+03 2.208898009100000337e+00 3.730963453999999735e-01
1.450000000000000000e+03 1.451000000000000000e+03 2.069472738290000002e+00 3.157798473000000272e-01
1.451000000000000000e+03 1.452000000000000000e+03 9.420261752999999905e-01 3.217687409100000173e-01
1.452000000000000000e+03 1.453000000000000000e+03 3.164673179000000225e+00 7.011767980000001010e-01
1.453000000000000000e+03 1.454000000000000000e+03 3.380614467000000012e+00 6.655896691999999559e-01
1.454000000000000000e+03 1.455000000000000000e+03 2.912707403999999833e+00 5.842516710999999807e-01
1.455000000000000000e+03 1.456000000000000000e+03 3.346517849000000044e+00 5.327250932000000549e-01
1.456000000000000000e+03 1.457000000000000000e+03 3.248880768000000252e+00 5.070919640000000062e-01
1.457000000000000000e+03 1.458000000000000000e+03 2.916400233099999628e+00 4.523752107999999827e-01
1.458000000000000000e+03 1.459000000000000000e+03 2.524537436099999699e+00 4.602270517000000005e-01
1.459000000000000000e+03 1.460000000000000000e+03 2.160405814500000243e+00 3.906502081000000071e-01
1.460000000000000000e+03 1.461000000000000000e+03 1.686691688399999833e+00 3.676208417999999867e-01
1.461000000000000000e+03 1.462000000000000000e+03 1.223577922200000057e+00 3.023268301700000049e-01
1.462000000000000000e+03 1.463000000000000000e+03 1.586586366500000178e+00 3.240012765099999914e-01
1.463000000000000000e+03 1.464000000000000000e+03 3.090480906999999888e+00 6.484763224999999798e-01
1.464000000000000000e+03 1.465000000000000000e+03 2.297918780999999910e+00 6.789454097999999549e-01
1.465000000000000000e+03 1.466000000000000000e+03 3.197608160000000144e+00 5.544646395000000227e-01
1.466000000000000000e+03 1.467000000000000000e+03 3.286333658999999852e+00 5.652487911000000365e-01
1.467000000000000000e+03 1.468000000000000000e+03 2.959636427199999975e+00 4.453035564000000224e-01
1.468000000000000000e+03 1.469000000000000000e+03 3.120980583300000166e+00 4.844179447000000471e-01
1.469000000000000000e+03 1.470000000000000000e+03 3.237569356499999884e+00 4.321334966000000000e-01
1.470000000000000000e+03 1.471000000000000000e+03 2.216547363800000170e+00 3.842420051000000059e-01
1.471000000000000000e+03 1.472000000000000000e+03 1.666842958239999950e+00 3.294636330399999813e-01
1.472000000000000000e+03 1.473000000000000000e+03 1.524413550020000008e+00 2.728683392999999846e-01
1.473000000000000000e+03 1.474000000000000000e+03 1.750024482129999948e+00 2.743946418400000087e-01
1.474000000000000000e+03 1.475000000000000000e+03 2.828529014999999980e+00 6.328774717999999799e-01
1.475000000000000000e+03 1.476000000000000000e+03 2.917731336999999758e+00 5.367461584999999591e-01
1.476000000000000000e+03 1.477000000000000000e+03 2.787411874000000012e+00 5.830046879000000404e-01
1.477000000000000000e+03 1.478000000000000000e+03 2.721946486300000245e+00 5.958938194999999771e-01
1.478000000000000000e+03 1.479000000000000000e+03 2.557349238800000091e+00 4.736385974000000276e-01
1.479000000000000000e+03 1.480000000000000000e+03 1.740163435099999933e+00 4.770977019000000041e-01
1.480000000000000000e+03 1.481000000000000000e+03 1.458609614499999818e+00 4.704282807999999871e-01
1.481000000000000000e+03 1.482000000000000000e+03 1.911178482900000031e+00 3.904013083000000273e-01
1.482000000000000000e+03 1.483000000000000000e+03 1.612766565700000099e+00 3.574884428700000338e-01
1.483000000000000000e+03 1.484000000000000000e+03 1.213297187150000012e+00 2.844812899999999978e-01
1.484000000000000000e+03 1.485000000000000000e+03 6.711210867400000391e-01 3.128853336899999893e-01
1.485000000000000000e+03 1.486000000000000000e+03 3.706809955000000212e+00 6.415830915000000356e-01
1.486000000000000000e+03 1.487000000000000000e+03 3.129164530999999805e+00 6.417939401999999127e-01
1.487000000000000000e+03 1.488000000000000000e+03 2.679175877300000064e+00 5.383527631999999175e-01
1.488000000000000000e+03 1.489000000000000000e+03 2.155630840600000209e+00 6.248939244000000226e-01
1.489000000000000000e+03 1.490000000000000000e+03 3.127794724599999743e+00 4.448457612999999755e-01
1.490000000000000000e+03 1.491000000000000000e+03 2.633871459099999868e+00 4.678376696000000057e-01
1.491000000000000000e+03 1.492000000000000000e+03 2.261014041200000158e+00 4.116380982999999771e-01
1.492000000000000000e+03 1.493000000000000000e+03 2.326941300099999665e+00 3.767411175999999529e-01
1.493000000000000000e+03 1.494000000000000000e+03 2.018683878900000117e+00 3.679365409500000017e-01
1.494000000000000000e+03 1.495000000000000000e+03 2.005486740979999905e+00 3.236832198899999846e-01
1.495000000000000000e+03 1.496000000000000000e+03 1.264621465099999842e+00 2.471296272499999835e-01
1.496000000000000000e+03 1.497000000000000000e+03 3.307494004000000043e+00 5.745123242999999880e-01
1.497000000000000000e+03 1.498000000000000000e+03 3.784738857999999873e+00 5.232339958999999707e-01
1.498000000000000000e+03 1.499000000000000000e+03 3.500401083999999940e+00 6.315304138999999761e-01
1.499000000000000000e+03 1.500000000000000000e+03 3.889984904999999937e+00 5.348584906000000139e-01
1.500000000000000000e+03 1.501000000000000000e+03 2.967857204800000037e+00 4.861914898999999957e-01
1.501000000000000000e+03 1.502000000000000000e+03 2.426788864699999770e+00 4.388852585999999945e-01
1.502000000000000000e+03 1.503000000000000000e+03 2.211078074899999635e+00 4.566809638999999588e-01
1.503000000000000000e+03 1.504000000000000000e+03 1.481909068699999832e+00 3.767811548000000177e-01
1.504000000000000000e+03 1.505000000000000000e+03 9.816273557400000405e-01 3.206295230999999801e-01
1.505000000000000000e+03 1.506000000000000000e+03 9.519138518699999940e-01 2.846165878700000484e-01
1.506000000000000000e+03 1.507000000000000000e+03 1.434357634900000011e+00 2.750530795500000236e-01
1.507000000000000000e+03 1.508000000000000000e+03 4.405780275000000579e+00 5.900433341999999914e-01
1.508000000000000000e+03 1.509000000000000000e+03 2.600698913000000001e+00 5.786751046000000454e-01
1.509000000000000000e+03 1.510000000000000000e+03 1.995786292700000075e+00 4.997393983999999789e-01
1.510000000000000000e+03 1.511000000000000000e+03 1.990853726100000110e+00 5.482103600000000077e-01
1.511000000000000000e+03 1.512000000000000000e+03 2.917046706299999848e+00 5.238088731999999137e-01
1.512000000000000000e+03 1.513000000000000000e+03 2.697593392300000392e+00 4.299423788999999774e-01
1.513000000000000000e+03 1.514000000000000000e+03 2.668879229799999919e+00 3.989532189999999701e-01
1.514000000000000000e+03 1.515000000000000000e+03 1.678215933299999962e+00 3.775053058999999767e-01
1.515000000000000000e+03 1.516000000000000000e+03 1.645262326999999969e+00 3.532733691000000120e-01
1.516000000000000000e+03 1.517000000000000000e+03 1.736188341980000160e+00 3.079979701600000230e-01
1.517000000000000000e+03 1.518000000000000000e+03 1.380429319699999935e+00 3.004739417399999724e-01
1.518000000000000000e+03 1.519000000000000000e+03 3.499726031000000237e+00 5.399893615000000979e-01
1.519000000000000000e+03 1.520000000000000000e+03 2.628765329000000150e+00 5.363943495999999866e-01
1.520000000000000000e+03 1.521000000000000000e+03 3.938893320000000031e+00 5.865377633000000701e-01
1.521000000000000000e+03 1.522000000000000000e+03 3.075132379000000249e+00 4.909353612999999839e-01
1.522000000000000000e+03 1.523000000000000000e+03 2.809890907999999854e+00 4.739730317999999998e-01
1.523000000000000000e+03 1.524000000000000000e+03 2.209378001099999711e+00 5.426299194000000492e-01
1.524000000000000000e+03 1.525000000000000000e+03 2.265675722900000189e+00 4.648150735000000089e-01
1.525000000000000000e+03 1.526000000000000000e+03 2.107301050400000264e+00 3.794463894999999809e-01
1.526000000000000000e+03 1.527000000000000000e+03 1.774541097600000006e+00 3.498971873000000232e-01
1.527000000000000000e+03 1.528000000000000000e+03 9.022066029999999959e-01 2.683250384799999999e-01
1.528000000000000000e+03 1.529000000000000000e+03 1.233838508250000077e+00 2.576091113899999785e-01
1.529000000000000000e+03 1.530000000000000000e+03 2.655492401000000058e+00 5.881578773000000204e-01
1.530000000000000000e+03 1.531000000000000000e+03 2.555566099999999619e+00 4.805205056000000363e-01
1.531000000000000000e+03 1.532000000000000000e+03 2.088209012600000136e+00 5.008590220999999953e-01
1.532000000000000000e+03 1.533000000000000000e+03 2.464250435200000311e+00 5.482997645999999614e-01
1.533000000000000000e+03 1.534000000000000000e+03 2.462396949900000021e+00 4.688606376999999714e-01
1.534000000000000000e+03 1.535000000000000000e+03 2.285193430899999711e+00 4.565010058000000259e-01
1.535000000000000000e+03 1.536000000000000000e+03 1.967503761100000137e+00 4.381368292999999747e-01
1.536000000000000000e+03 1.537000000000000000e+03 1.988110345700000003e+00 3.469774687400000168e-01
1.537000000000000000e+03 1.538000000000000000e+03 1.530273358200000100e+00 3.701308125699999674e-01
1.538000000000000000e+03 1.539000000000000000e+03 1.626680261299999986e+00 3.421424300500000015e-01
1.539000000000000000e+03 1.540000000000000000e+03 7.603843092999998943e-01 2.621178642900000022e-01
1.540000000000000000e+03 1.541000000000000000e+03 2.789575597000000240e+00 5.918416297999999909e-01
1.541000000000000000e+03 1.542000000000000000e+03 2.887172640000000179e+00 5.104176256000000356e-01
1.542000000000000000e+03 1.543000000000000000e+03 2.419448797899999892e+00 5.254357526000000833e-01
1.543000000000000000e+03 1.544000000000000000e+03 2.841303303000000113e+00 4.971700009000000198e-01
1.544000000000000000e+03 1.545000000000000000e+03 1.724884357599999918e+00 4.176281374999999962e-01
1.545000000000000000e+03 1.546000000000000000e+03 3.273540575000000175e+00 4.525556255000000028e-01
1.546000000000000000e+03 1.547000000000000000e+03 1.471870275599999944e+00 4.217930178000000030e-01
1.547000000000000000e+03 1.548000000000000000e+03 2.104047177500000032e+00 3.435445209000000388e-01
1.548000000000000000e+03 1.549000000000000000e+03 1.522757892300000027e+00 2.950859902300000392e-01
1.549000000000000000e+03 1.550000000000000000e+03 1.101514236219999887e+00 2.796660888899999975e-01
1.550000000000000000e+03 1.551000000000000000e+03 1.066887846600000023e+00 2.506077213699999806e-01
1.551000000000000000e+03 1.552000000000000000e+03 3.399618083000000013e+00 6.190482204999999682e-01
1.552000000000000000e+03 1.553000000000000000e+03 3.084827337999999752e+00 5.150517162000000093e-01
1.553000000000000000e+03 1.554000000000000000e+03 2.803896276000000132e+00 5.209447775000000114e-01
1.554000000000000000e+03 1.555000000000000000e+03 2.914087514100000220e+00 4.675039163999999969e-01
1.555000000000000000e+03 1.556000000000000000e+03 2.380856481599999963e+00 4.446938440000000048e-01
1.556000000000000000e+03 1.557000000000000000e+03 2.693942405200000056e+00 4.520547576000000234e-01
1.557000000000000000e+03 1.558000000000000000e+03 2.168935759900000093e+00 3.787688379999999966e-01
1.558000000000000000e+03 1.559000000000000000e+03 1.904554915200000087e+00 3.620080019200000443e-01
1.559000000000000000e+03 1.560000000000000000e+03 1.506431488830000109e+00 3.469701437900000185e-01
1.560000000000000000e+03 1.561000000000000000e+03 1.143623822779999966e+00 2.883526281200000096e-01
1.561000000000000000e+03 1.562000000000000000e+03 8.894636726999999299e-01 2.498735729600000122e-01
1.562000000000000000e+03 1.563000000000000000e+03 3.161706151999999825e+00 7.035085730999999232e-01
1.563000000000000000e+03 1.564000000000000000e+03 3.029398771999999962e+00 5.724441166000000525e-01
1.564000000000000000e+03 1.565000000000000000e+03 2.349933497299999896e+00 5.028746761000000287e-01
1.565000000000000000e+03 1.566000000000000000e+03 3.270265567000000040e+00 5.019382672999999073e-01
1.566000000000000000e+03 1.567000000000000000e+03 2.778841702399999836e+00 4.037601952000000050e-01
1.567000000000000000e+03 1.568000000000000000e+03 2.839997597500000026e+00 3.952243376999999835e-01
1.568000000000000000e+03 1.569000000000000000e+03 1.782554035199999998e+00 4.326039171000000128e-01
1.569000000000000000e+03 1.570000000000000000e+03 1.943984531599999954e+00 3.638154751000000076e-01
1.570000000000000000e+03 1.571000000000000000e+03 1.742802393319999865e+00 3.421158494000000050e-01
1.571000000000000000e+03 1.572000000000000000e+03 1.447869559449999954e+00 2.413640054500000021e-01
1.572000000000000000e+03 1.573000000000000000e+03 7.836805870770000571e-01 2.402596182299999994e-01
1.573000000000000000e+03 1.574000000000000000e+03 2.232396217199999811e+00 5.454966801999999726e-01
1.574000000000000000e+03 1.575000000000000000e+03 3.055570703999999971e+00 6.001423944999999538e-01
1.575000000000000000e+03 1.576000000000000000e+03 2.589275944000000163e+00 5.004818853999999373e-01
1.576000000000000000e+03 1.577000000000000000e+03 2.335815502400000021e+00 4.665079796000000112e-01
1.577000000000000000e+03 1.578000000000000000e+03 1.862635402899999848e+00 4.223777266000000030e-01
1.578000000000000000e+03 1.579000000000000000e+03 1.402117294500000000e+00 4.645684506000000158e-01
1.579000000000000000e+03 1.580000000000000000e+03 1.781737068800000046e+00 4.391125343999999764e-01
1.580000000000000000e+03 1.581000000000000000e+03 1.410045755100000076e+00 3.043672127900000079e-01
1.581000000000000000e+03 1.582000000000000000e+03 1.821222061099999845e+00 3.056753901400000029e-01
1.582000000000000000e+03 1.583000000000000000e+03 1.209315439200000064e+00 2.731726313300000264e-01
1.583000000000000000e+03 1.584000000000000000e+03 1.364706083079999965e+00 2.409186414599999992e-01
1.584000000000000000e+03 1.585000000000000000e+03 1.789370313700000104e+00 5.835418785000000552e-01
1.585000000000000000e+03 1.586000000000000000e+03 2.280904073999999948e+00 5.228065252000000385e-01
1.586000000000000000e+03 1.587000000000000000e+03 2.185614638100000118e+00 5.101906940999999529e-01
1.587000000000000000e+03 1.588000000000000000e+03 3.137069078000000122e+00 4.605370158999999575e-01
1.588000000000000000e+03 1.589000000000000000e+03 1.771170446299999979e+00 4.609301238999999883e-01
1.589000000000000000e+03 1.590000000000000000e+03 1.985859640300000173e+00 4.342766056999999846e-01
1.590000000000000000e+03 1.591000000000000000e+03 1.537804898399999898e+00 3.299391190000000029e-01
1.591000000000000000e+03 1.592000000000000000e+03 1.629566652100000068e+00 3.629083850000000000e-01
1.592000000000000000e+03 1.593000000000000000e+03 1.211681926220000038e+00 3.417666090800000056e-01
1.593000000000000000e+03 1.594000000000000000e+03 1.334758950099999897e+00 2.606193213999999925e-01
1.594000000000000000e+03 1.595000000000000000e+03 1.299134709500000096e+00 2.704287907999999852e-01
1.595000000000000000e+03 1.596000000000000000e+03 3.180181227999999916e+00 5.659385328000000603e-01
1.596000000000000000e+03 1.597000000000000000e+03 2.530295373000000403e+00 4.725587063999999726e-01
1.597000000000000000e+03 1.598000000000000000e+03 1.765804409500000061e+00 5.175649493999999740e-01
1.598000000000000000e+03 1.599000000000000000e+03 2.455025075899999631e+00 4.297738529999999835e-01
1.599000000000000000e+03 1.600000000000000000e+03 2.653299922700000035e+00 4.502755542000000388e-01
1.600000000000000000e+03 1.601000000000000000e+03 2.305779705499999999e+00 4.038415738000000199e-01
1.601000000000000000e+03 1.602000000000000000e+03 2.520078501400000004e+00 3.748811719999999847e-01
1.602000000000000000e+03 1.603000000000000000e+03 2.460259608000000320e+00 3.566482363000000322e-01
1.603000000000000000e+03 1.604000000000000000e+03 2.097299085600000002e+00 3.170146001899999955e-01
1.604000000000000000e+03 1.605000000000000000e+03 1.283513855421499983e+00 2.557204181999999659e-01
1.605000000000000000e+03 1.606000000000000000e+03 1.092934392369999896e+00 2.587687818500000181e-01
1.606000000000000000e+03 1.607000000000000000e+03 2.708738788000000230e+00 5.610287575999999277e-01
1.607000000000000000e+03 1.608000000000000000e+03 2.719026790999999665e+00 4.749640458000000121e-01
1.608000000000000000e+03 1.609000000000000000e+03 2.351046368200000014e+00 4.866369285000000100e-01
1.609000000000000000e+03 1.610000000000000000e+03 2.290780246999999825e+00 4.447067382000000069e-01
1.610000000000000000e+03 1.611000000000000000e+03 2.804166393500000076e+00 4.515148810000000346e-01
1.611000000000000000e+03 1.612000000000000000e+03 1.925058071200000054e+00 3.654509496999999718e-01
1.612000000000000000e+03 1.613000000000000000e+03 1.240390013400000102e+00 3.842594639000000423e-01
1.613000000000000000e+03 1.614000000000000000e+03 1.804940414300000073e+00 3.601015094000000194e-01
1.614000000000000000e+03 1.615000000000000000e+03 1.013745523849999941e+00 3.123415313500000345e-01
1.615000000000000000e+03 1.616000000000000000e+03 1.179784056090000144e+00 2.804465142099999975e-01
1.616000000000000000e+03 1.617000000000000000e+03 6.778066272899999634e-01 2.446981046599999987e-01
1.617000000000000000e+03 1.618000000000000000e+03 1.951466086900000008e+00 4.935533740000000447e-01
1.618000000000000000e+03 1.619000000000000000e+03 2.456280306000000024e+00 4.847649240999999942e-01
1.619000000000000000e+03 1.620000000000000000e+03 2.929282560999999951e+00 5.277993537999999818e-01
1.620000000000000000e+03 1.621000000000000000e+03 2.021554787200000369e+00 4.294277809000000001e-01
1.621000000000000000e+03 1.622000000000000000e+03 1.822325558700000014e+00 4.715892293000000235e-01
1.622000000000000000e+03 1.623000000000000000e+03 1.530792155300000124e+00 4.494723861000000098e-01
1.623000000000000000e+03 1.624000000000000000e+03 1.547116211799999919e+00 3.784540789000000460e-01
1.624000000000000000e+03 1.625000000000000000e+03 1.417311748699999985e+00 3.816250231000000159e-01
1.625000000000000000e+03 1.626000000000000000e+03 1.556097958199999853e+00 3.244914996000000107e-01
1.626000000000000000e+03 1.627000000000000000e+03 8.208883699900000330e-01 2.789250692699999923e-01
1.627000000000000000e+03 1.628000000000000000e+03 7.003159852599999402e-01 2.282252969400000164e-01
1.628000000000000000e+03 1.629000000000000000e+03 2.971392969000000051e+00 5.652287921999999964e-01
1.629000000000000000e+03 1.630000000000000000e+03 3.229510251000000221e+00 4.968412568999999723e-01
1.630000000000000000e+03 1.631000000000000000e+03 3.232594065999999877e+00 4.514649578000000107e-01
1.631000000000000000e+03 1.632000000000000000e+03 1.743784899100000008e+00 4.647536723999999841e-01
1.632000000000000000e+03 1.633000000000000000e+03 1.703184655999999908e+00 4.208641874000000338e-01
1.633000000000000000e+03 1.634000000000000000e+03 2.562503843700000061e+00 4.169762354000000060e-01
1.634000000000000000e+03 1.635000000000000000e+03 1.630121495299999834e+00 3.418168035000000438e-01
1.635000000000000000e+03 1.636000000000000000e+03 1.065172863909999990e+00 3.736129670000000180e-01
1.636000000000000000e+03 1.637000000000000000e+03 8.206665720499999317e-01 2.579932087399999796e-01
1.637000000000000000e+03 1.638000000000000000e+03 1.430282493420000023e+00 2.624097476200000223e-01
1.638000000000000000e+03 1.639000000000000000e+03 5.865206287209999703e-01 1.912044393100000017e-01
1.639000000000000000e+03 1.640000000000000000e+03 2.699179546999999957e+00 5.581760217000000246e-01
1.640000000000000000e+03 1.641000000000000000e+03 2.455133215100000044e+00 4.386401726999999973e-01
1.641000000000000000e+03 1.642000000000000000e+03 2.278347136399999862e+00 4.519668253000000413e-01
1.642000000000000000e+03 1.643000000000000000e+03 2.159755982399999663e+00 4.228825464000000034e-01
1.643000000000000000e+03 1.644000000000000000e+03 1.895028704999999869e+00 4.617158214000000038e-01
1.644000000000000000e+03 1.645000000000000000e+03 2.085181440299999966e+00 3.750083714000000401e-01
1.645000000000000000e+03 1.646000000000000000e+03 1.914098498900000056e+00 3.127672447000000022e-01
1.646000000000000000e+03 1.647000000000000000e+03 1.535512773400000031e+00 3.487932197999999984e-01
1.647000000000000000e+03 1.648000000000000000e+03 1.684595149600000008e+00 3.139832732999999765e-01
1.648000000000000000e+03 1.649000000000000000e+03 5.367779531699999884e-01 2.528393785599999943e-01
1.649000000000000000e+03 1.650000000000000000e+03 9.627508117299999890e-01 2.274025745599999870e-01
1.650000000000000000e+03 1.651000000000000000e+03 1.827826325500000015e+00 5.676860824000000694e-01
1.651000000000000000e+03 1.652000000000000000e+03 2.620624171999999863e+00 5.070614108000000009e-01
1.652000000000000000e+03 1.653000000000000000e+03 1.775679262099999933e+00 4.071298265999999666e-01
1.653000000000000000e+03 1.654000000000000000e+03 1.448492298300000147e+00 4.972147899999999621e-01
1.654000000000000000e+03 1.655000000000000000e+03 2.260849042799999875e+00 4.053451973999999680e-01
1.655000000000000000e+03 1.656000000000000000e+03 2.370866359099999876e+00 3.712969177000000065e-01
1.656000000000000000e+03 1.657000000000000000e+03 2.288503565999999712e+00 3.205873039999999619e-01
1.657000000000000000e+03 1.658000000000000000e+03 1.734714214300000057e+00 3.362803900299999871e-01
1.658000000000000000e+03 1.659000000000000000e+03 1.664163583899999965e+00 2.733779193699999999e-01
1.659000000000000000e+03 1.660000000000000000e+03 1.188107588755999977e+00 2.197544071699999990e-01
1.660000000000000000e+03 1.661000000000000000e+03 7.423262068999999519e-01 2.155198851800000093e-01
1.661000000000000000e+03 1.662000000000000000e+03 2.675085939999999773e+00 5.368371198000000399e-01
1.662000000000000000e+03 1.663000000000000000e+03 2.760860886000000125e+00 4.687937642000000182e-01
1.663000000000000000e+03 1.664000000000000000e+03 2.775596554999999910e+00 4.354809699000000145e-01
1.664000000000000000e+03 1.665000000000000000e+03 1.598643321199999967e+00 4.346013483999999760e-01
1.665000000000000000e+03 1.666000000000000000e+03 2.453602387499999704e+00 3.562270263000000270e-01
1.666000000000000000e+03 1.667000000000000000e+03 2.162385713599999981e+00 3.593252276000000189e-01
1.667000000000000000e+03 1.668000000000000000e+03 1.504466704200000171e+00 3.313029925000000042e-01
1.668000000000000000e+03 1.669000000000000000e+03 1.879035069399999980e+00 3.086001433599999677e-01
1.669000000000000000e+03 1.670000000000000000e+03 1.146676729999999811e+00 2.593559841799999988e-01
1.670000000000000000e+03 1.671000000000000000e+03 1.610961591600000187e+00 2.397251835199999959e-01
1.671000000000000000e+03 1.672000000000000000e+03 7.036266667299999611e-01 2.153159685200000117e-01
1.672000000000000000e+03 1.673000000000000000e+03 1.474086128999999801e+00 5.300361682999999990e-01
1.673000000000000000e+03 1.674000000000000000e+03 2.336298092699999884e+00 4.869802605999999923e-01
1.674000000000000000e+03 1.675000000000000000e+03 1.779615681100000124e+00 5.179354981999999552e-01
1.675000000000000000e+03 1.676000000000000000e+03 2.862832110299999844e+00 4.808839053000000252e-01
1.676000000000000000e+03 1.677000000000000000e+03 1.471764965300000005e+00 3.374099844999999820e-01
1.677000000000000000e+03 1.678000000000000000e+03 1.654975429000000053e+00 4.155570309000000129e-01
1.678000000000000000e+03 1.679000000000000000e+03 2.190853946500000315e+00 3.626710034000000249e-01
1.679000000000000000e+03 1.680000000000000000e+03 1.083026813599999860e+00 2.916365398400000419e-01
1.680000000000000000e+03 1.681000000000000000e+03 1.122004490099999918e+00 2.636623772099999652e-01
1.681000000000000000e+03 1.682000000000000000e+03 1.091502993079999984e+00 2.579730371200000261e-01
1.682000000000000000e+03 1.683000000000000000e+03 7.602766083999999980e-01 1.977896613399999781e-01
1.683000000000000000e+03 1.684000000000000000e+03 3.207110865999999838e+00 4.660704535999999898e-01
1.684000000000000000e+03 1.685000000000000000e+03 2.372464832999999995e+00 4.969465023999999898e-01
1.685000000000000000e+03 1.686000000000000000e+03 2.439002144800000327e+00 4.880543529999999963e-01
1.686000000000000000e+03 1.687000000000000000e+03 2.332196667900000353e+00 3.778225282000000074e-01
1.687000000000000000e+03 1.688000000000000000e+03 2.423300172799999874e+00 4.098380315999999857e-01
1.688000000000000000e+03 1.689000000000000000e+03 1.911613383399999977e+00 3.076825224999999997e-01
1.689000000000000000e+03 1.690000000000000000e+03 1.867165941499999926e+00 3.750248338000000126e-01
1.690000000000000000e+03 1.691000000000000000e+03 2.017613266999999766e+00 2.898375119300000136e-01
1.691000000000000000e+03 1.692000000000000000e+03 1.277481000339999895e+00 2.723208057200000032e-01
1.692000000000000000e+03 1.693000000000000000e+03 1.152381989770000059e+00 2.491752416899999933e-01
1.693000000000000000e+03 1.694000000000000000e+03 6.932610022599999811e-01 2.168236224499999754e-01
1.694000000000000000e+03 1.695000000000000000e+03 1.775195597799999803e+00 4.666269167000000051e-01
1.695000000000000000e+03 1.696000000000000000e+03 2.169862779600000291e+00 4.638227384999999980e-01
1.696000000000000000e+03 1.697000000000000000e+03 1.808385128999999925e+00 4.498732605000000384e-01
1.697000000000000000e+03 1.698000000000000000e+03 1.907134239900000194e+00 3.988100368999999978e-01
1.698000000000000000e+03 1.699000000000000000e+03 2.043960485599999988e+00 3.495342211999999948e-01
1.699000000000000000e+03 1.700000000000000000e+03 1.195782454699999997e+00 3.647605588000000232e-01
1.700000000000000000e+03 1.701000000000000000e+03 1.277966752300000008e+00 2.835812858900000344e-01
1.701000000000000000e+03 1.702000000000000000e+03 1.460435085999999938e+00 3.145175290800000245e-01
1.702000000000000000e+03 1.703000000000000000e+03 1.215495174600000006e+00 2.650240101599999898e-01
1.703000000000000000e+03 1.704000000000000000e+03 7.285617532490000769e-01 2.247215033699999920e-01
1.704000000000000000e+03 1.705000000000000000e+03 5.692925327000000202e-01 1.955914050399999993e-01
1.705000000000000000e+03 1.706000000000000000e+03 2.207871997000000253e+00 4.690091260999999512e-01
1.706000000000000000e+03 1.707000000000000000e+03 2.111744984799999614e+00 4.173964903000000337e-01
1.707000000000000000e+03 1.708000000000000000e+03 1.767761890699999894e+00 4.575911079000000159e-01
1.708000000000000000e+03 1.709000000000000000e+03 1.489509414300000056e+00 3.722379809999999956e-01
1.709000000000000000e+03 1.710000000000000000e+03 1.785835833799999994e+00 3.842919572999999867e-01
1.710000000000000000e+03 1.711000000000000000e+03 2.003401230400000177e+00 3.426243091999999768e-01
1.711000000000000000e+03 1.712000000000000000e+03 1.633765632899999876e+00 3.468788312999999679e-01
1.712000000000000000e+03 1.713000000000000000e+03 1.074214351499999998e+00 3.277605771700000115e-01
1.713000000000000000e+03 1.714000000000000000e+03 1.249762470099999856e+00 3.030395654899999958e-01
1.714000000000000000e+03 1.715000000000000000e+03 1.066185165690000103e+00 2.254372722699999887e-01
1.715000000000000000e+03 1.716000000000000000e+03 9.182460397299999633e-01 1.599256359600000066e-01
1.716000000000000000e+03 1.717000000000000000e+03 2.993861603000000038e+00 4.507675387000000256e-01
1.717000000000000000e+03 1.718000000000000000e+03 2.568802517000000396e+00 4.695629121999999600e-01
1.718000000000000000e+03 1.719000000000000000e+03 2.172636542700000284e+00 4.464629104999999765e-01
1.719000000000000000e+03 1.720000000000000000e+03 2.131302341500000086e+00 3.890960863000000325e-01
1.720000000000000000e+03 1.721000000000000000e+03 1.990892080999999925e+00 3.845867504999999631e-01
1.721000000000000000e+03 1.722000000000000000e+03 1.856013940999999834e+00 3.311638914999999739e-01
1.722000000000000000e+03 1.723000000000000000e+03 4.654487868999999667e-01 3.475527518000000038e-01
1.723000000000000000e+03 1.724000000000000000e+03 1.525227108900000017e+00 2.758134728100000155e-01
1.724000000000000000e+03 1.725000000000000000e+03 1.298492867700000053e+00 2.896300600999999753e-01
1.725000000000000000e+03 1.726000000000000000e+03 1.048320236919999981e+00 2.509201620200000038e-01
1.726000000000000000e+03 1.727000000000000000e+03 9.919705184099999462e-01 1.929583242900000106e-01
1.727000000000000000e+03 1.728000000000000000e+03 1.971745550000000069e+00 4.365154029000000158e-01
1.728000000000000000e+03 1.729000000000000000e+03 2.033407218699999852e+00 4.992757547000000184e-01
1.729000000000000000e+03 1.730000000000000000e+03 2.759216883000000120e+00 4.537850716999999867e-01
1.730000000000000000e+03 1.731000000000000000e+03 1.538990577000000082e+00 4.196830010999999527e-01
1.731000000000000000e+03 1.732000000000000000e+03 1.145794110800000043e+00 4.311643042999999675e-01
1.732000000000000000e+03 1.733000000000000000e+03 1.575370363100000004e+00 3.171382940000000428e-01
1.733000000000000000e+03 1.734000000000000000e+03 2.195665999000000035e+00 3.063183788699999632e-01
1.734000000000000000e+03 1.735000000000000000e+03 9.334088887000000501e-01 2.702912082800000282e-01
1.735000000000000000e+03 1.736000000000000000e+03 1.086344373560000021e+00 2.321964758500000003e-01
1.736000000000000000e+03 1.737000000000000000e+03 7.856574505400000241e-01 2.718181638400000155e-01
1.737000000000000000e+03 1.738000000000000000e+03 7.887691371999999701e-01 1.878958211600000039e-01
1.738000000000000000e+03 1.739000000000000000e+03 2.873878167999999622e+00 4.854411297999999819e-01
1.739000000000000000e+03 1.740000000000000000e+03 2.634762566000000028e+00 4.147576132999999943e-01
1.740000000000000000e+03 1.741000000000000000e+03 2.415784305399999887e+00 3.997185812999999865e-01
1.741000000000000000e+03 1.742000000000000000e+03 1.860960777299999869e+00 3.716742386999999925e-01
1.742000000000000000e+03 1.743000000000000000e+03 2.059908570199999733e+00 3.844662483999999880e-01
1.743000000000000000e+03 1.744000000000000000e+03 1.335523672099999892e+00 3.232952361000000496e-01
1.744000000000000000e+03 1.745000000000000000e+03 1.771546920000000025e+00 2.985722048299999654e-01
1.745000000000000000e+03 1.746000000000000000e+03 9.930998233000000175e-01 2.990563413399999759e-01
1.746000000000000000e+03 1.747000000000000000e+03 1.402169556400000072e+00 2.585401181099999945e-01
1.747000000000000000e+03 1.748000000000000000e+03 8.681670858000000157e-01 2.155350473900000119e-01
1.748000000000000000e+03 1.749000000000000000e+03 8.222835870400000413e-01 2.055856477000000126e-01
1.749000000000000000e+03 1.750000000000000000e+03 2.167337649100000263e+00 4.110340070999999873e-01
1.750000000000000000e+03 1.751000000000000000e+03 1.872292514900000038e+00 4.647392882999999975e-01
1.751000000000000000e+03 1.752000000000000000e+03 2.179272114699999818e+00 4.038634634000000112e-01
1.752000000000000000e+03 1.753000000000000000e+03 2.068368800000000007e+00 4.125458439999999949e-01
1.753000000000000000e+03 1.754000000000000000e+03 1.664236162399999941e+00 3.859461432999999886e-01
1.754000000000000000e+03 1.755000000000000000e+03 1.926837948200000206e+00 2.879862891999999674e-01
1.755000000000000000e+03 1.756000000000000000e+03 1.576588450499999849e+00 3.541146070999999784e-01
1.756000000000000000e+03 1.757000000000000000e+03 1.411908003199999984e+00 3.024382236900000076e-01
1.757000000000000000e+03 1.758000000000000000e+03 9.867454329099999422e-01 2.659333104099999567e-01
1.758000000000000000e+03 1.759000000000000000e+03 6.494982971439999808e-01 1.909402667600000048e-01
1.759000000000000000e+03 1.760000000000000000e+03 3.474021230400000104e-01 1.880111043600000142e-01
1.760000000000000000e+03 1.761000000000000000e+03 2.636876688000000080e+00 4.303228803999999963e-01
1.761000000000000000e+03 1.762000000000000000e+03 2.073463859199999870e+00 4.638306965999999809e-01
1.762000000000000000e+03 1.763000000000000000e+03 1.509319247399999897e+00 3.993061126999999932e-01
1.763000000000000000e+03 1.764000000000000000e+03 2.022178242799999914e+00 3.542550039999999845e-01
1.764000000000000000e+03 1.765000000000000000e+03 1.605748903000000061e+00 3.835226723000000337e-01
1.765000000000000000e+03 1.766000000000000000e+03 1.235357571300000012e+00 3.067465817999999733e-01
1.766000000000000000e+03 1.767000000000000000e+03 1.857716193699999963e+00 2.870096558199999870e-01
1.767000000000000000e+03 1.768000000000000000e+03 1.005900799049999961e+00 2.546535036800000040e-01
1.768000000000000000e+03 1.769000000000000000e+03 1.253976878200000034e+00 2.259182749000000212e-01
1.769000000000000000e+03 1.770000000000000000e+03 4.792252867499999791e-01 1.839256099300000113e-01
1.770000000000000000e+03 1.771000000000000000e+03 4.972897743999999953e-01 1.759669477699999929e-01
1.771000000000000000e+03 1.772000000000000000e+03 1.808385038299999970e+00 4.559445920999999902e-01
1.772000000000000000e+03 1.773000000000000000e+03 2.222770676799999734e+00 4.173140935999999912e-01
1.773000000000000000e+03 1.774000000000000000e+03 2.467813748999999834e+00 3.883911889999999700e-01
1.774000000000000000e+03 1.775000000000000000e+03 1.492966431299999952e+00 3.668551291000000103e-01
1.775000000000000000e+03 1.776000000000000000e+03 1.793696791300000148e+00 3.614460402999999933e-01
1.776000000000000000e+03 1.777000000000000000e+03 1.638212411700000093e+00 3.619159989000000355e-01
1.777000000000000000e+03 1.778000000000000000e+03 1.187271586799999890e+00 3.214050806000000038e-01
1.778000000000000000e+03 1.779000000000000000e+03 1.330346073799999917e+00 2.747377090600000016e-01
1.779000000000000000e+03 1.780000000000000000e+03 1.183218759030000067e+00 2.218889083299999954e-01
1.780000000000000000e+03 1.781000000000000000e+03 7.965589638100000203e-01 1.951820862299999959e-01
1.781000000000000000e+03 1.782000000000000000e+03 9.931918376099999612e-01 1.834135230700000008e-01
1.782000000000000000e+03 1.783000000000000000e+03 2.262653636699999637e+00 4.526227113999999885e-01
1.783000000000000000e+03 1.784000000000000000e+03 1.864673276300000015e+00 4.116529332999999680e-01
1.784000000000000000e+03 1.785000000000000000e+03 2.047250144800000005e+00 4.053002941000000137e-01
1.785000000000000000e+03 1.786000000000000000e+03 1.611321516599999892e+00 3.825081757000000082e-01
1.786000000000000000e+03 1.787000000000000000e+03 1.324546266600000077e+00 3.212026622999999970e-01
1.787000000000000000e+03 1.788000000000000000e+03 1.553541245599999954e+00 3.357363262999999987e-01
1.788000000000000000e+03 1.789000000000000000e+03 1.766164700300000057e+00 3.037571198000000305e-01
1.789000000000000000e+03 1.790000000000000000e+03 9.098618356000000018e-01 2.398993902500000108e-01
1.790000000000000000e+03 1.791000000000000000e+03 6.409859017100000278e-01 2.399885265499999976e-01
1.791000000000000000e+03 1.792000000000000000e+03 1.002271272589999818e+00 2.029038648800000066e-01
1.792000000000000000e+03 1.793000000000000000e+03 8.273264010399999924e-01 1.852713125500000113e-01
1.793000000000000000e+03 1.794000000000000000e+03 1.677367550900000115e+00 4.320718145999999926e-01
1.794000000000000000e+03 1.795000000000000000e+03 1.948425459900000156e+00 4.197794195000000284e-01
1.795000000000000000e+03 1.796000000000000000e+03 1.662431852899999951e+00 3.675746880999999910e-01
1.796000000000000000e+03 1.797000000000000000e+03 1.307553369099999863e+00 3.934879782000000326e-01
1.797000000000000000e+03 1.798000000000000000e+03 1.397455700099999865e+00 3.712928689000000171e-01
1.798000000000000000e+03 1.799000000000000000e+03 2.682155978800000007e+00 3.470527754999999659e-01
1.799000000000000000e+03 1.800000000000000000e+03 1.064079696999999936e+00 3.226762009999999958e-01
1.800000000000000000e+03 1.801000000000000000e+03 1.517511322999999912e+00 2.357806913699999896e-01
1.801000000000000000e+03 1.802000000000000000e+03 1.124089843689999979e+00 2.201507811400000014e-01
1.802000000000000000e+03 1.803000000000000000e+03 6.531591175400000004e-01 1.967259656900000042e-01
1.803000000000000000e+03 1.804000000000000000e+03 6.584810918629999676e-01 1.816761711800000123e-01
1.804000000000000000e+03 1.805000000000000000e+03 1.415806934299999931e+00 4.891059032000000251e-01
1.805000000000000000e+03 1.806000000000000000e+03 1.805165283900000084e+00 3.671873395000000428e-01
1.806000000000000000e+03 1.807000000000000000e+03 1.668512236999999843e+00 3.330837018999999732e-01
1.807000000000000000e+03 1.808000000000000000e+03 2.367048922499999986e+00 3.816583202000000119e-01
1.808000000000000000e+03 1.809000000000000000e+03 1.518137767500000068e+00 3.298124008999999690e-01
1.809000000000000000e+03 1.810000000000000000e+03 1.345865450500000060e+00 3.240280020999999899e-01
1.810000000000000000e+03 1.811000000000000000e+03 1.771915192100000036e+00 3.408916483000000164e-01
1.811000000000000000e+03 1.812000000000000000e+03 1.499624929400000140e+00 2.663645737499999999e-01
1.812000000000000000e+03 1.813000000000000000e+03 1.190204541219999967e+00 2.293114334499999907e-01
1.813000000000000000e+03 1.814000000000000000e+03 9.659395689559999720e-01 2.004659215299999797e-01
1.814000000000000000e+03 1.815000000000000000e+03 8.690052986599999807e-01 1.557405236699999918e-01
1.815000000000000000e+03 1.816000000000000000e+03 2.266575606500000006e+00 3.894211092000000041e-01
1.816000000000000000e+03 1.817000000000000000e+03 1.612274297199999928e+00 3.788302760000000213e-01
1.817000000000000000e+03 1.818000000000000000e+03 2.200890838799999916e+00 3.469264119999999618e-01
1.818000000000000000e+03 1.819000000000000000e+03 1.169748557799999977e+00 3.399776001999999520e-01
1.819000000000000000e+03 1.820000000000000000e+03 1.829762185300000121e+00 3.797729290999999896e-01
1.820000000000000000e+03 1.821000000000000000e+03 1.312633488599999954e+00 3.629683180000000120e-01
1.821000000000000000e+03 1.822000000000000000e+03 1.373312102900000164e+00 3.255924335000000003e-01
1.822000000000000000e+03 1.823000000000000000e+03 1.235092594199999949e+00 2.554049336700000006e-01
1.823000000000000000e+03 1.824000000000000000e+03 5.213899259099999961e-01 2.669958841400000282e-01
1.824000000000000000e+03 1.825000000000000000e+03 1.014086897649999930e+00 2.062364329699999943e-01
1.825000000000000000e+03 1.826000000000000000e+03 4.524182492400000144e-01 1.621189071000000148e-01
1.826000000000000000e+03 1.827000000000000000e+03 2.239803106800000165e+00 4.121299285999999729e-01
1.827000000000000000e+03 1.828000000000000000e+03 1.633265059399999997e+00 3.585742874000000247e-01
1.828000000000000000e+03 1.829000000000000000e+03 2.514229766999999782e+00 3.531623447000000193e-01
1.829000000000000000e+03 1.830000000000000000e+03 1.227473246900000037e+00 3.336879101999999930e-01
1.830000000000000000e+03 1.831000000000000000e+03 1.935243589499999972e+00 3.722475288000000049e-01
1.831000000000000000e+03 1.832000000000000000e+03 1.454077456299999849e+00 3.289219890000000257e-01
1.832000000000000000e+03 1.833000000000000000e+03 1.195178954799999804e+00 3.108725620999999717e-01
1.833000000000000000e+03 1.834000000000000000e+03 1.174505174200000113e+00 2.651572492800000069e-01
1.834000000000000000e+03 1.835000000000000000e+03 1.306060535899999930e+00 2.527232341000000271e-01
1.835000000000000000e+03 1.836000000000000000e+03 8.408199478579999608e-01 2.057945905099999861e-01
1.836000000000000000e+03 1.837000000000000000e+03 7.214518599000000476e-01 1.504203136099999949e-01
1.837000000000000000e+03 1.838000000000000000e+03 1.436479311899999889e+00 3.597903805000000066e-01
1.838000000000000000e+03 1.839000000000000000e+03 2.233844005599999960e+00 3.678722054999999935e-01
1.839000000000000000e+03 1.840000000000000000e+03 1.773577578099999830e+00 3.709751057999999824e-01
1.840000000000000000e+03 1.841000000000000000e+03 2.119864722300000004e+00 3.202224821999999915e-01
1.841000000000000000e+03 1.842000000000000000e+03 1.941498121299999990e+00 3.337729291000000043e-01
1.842000000000000000e+03 1.843000000000000000e+03 8.940364422000000033e-01 3.406631236000000063e-01
1.843000000000000000e+03 1.844000000000000000e+03 6.399651195000000126e-01 2.841127061100000017e-01
1.844000000000000000e+03 1.845000000000000000e+03 5.877669737000000838e-01 2.902074580800000358e-01
1.845000000000000000e+03 1.846000000000000000e+03 4.575813381700000182e-01 2.357646097500000204e-01
1.846000000000000000e+03 1.847000000000000000e+03 6.925312738199999041e-01 2.017231995100000064e-01
1.847000000000000000e+03 1.848000000000000000e+03 5.390361034499999704e-01 1.808012643000000141e-01
1.848000000000000000e+03 1.849000000000000000e+03 1.894860549099999902e+00 3.430735599999999996e-01
1.849000000000000000e+03 1.850000000000000000e+03 2.084133118900000081e+00 4.002485378000000260e-01
1.850000000000000000e+03 1.851000000000000000e+03 1.727066748299999954e+00 3.335787526999999808e-01
1.851000000000000000e+03 1.852000000000000000e+03 2.044960571899999913e+00 3.241903361999999844e-01
1.852000000000000000e+03 1.853000000000000000e+03 1.323592111200000199e+00 3.045670509000000248e-01
1.853000000000000000e+03 1.854000000000000000e+03 1.189030136600000009e+00 2.876496425999999773e-01
1.854000000000000000e+03 1.855000000000000000e+03 1.213155400400000028e+00 2.655837167799999787e-01
1.855000000000000000e+03 1.856000000000000000e+03 7.681717424999999766e-01 2.778426659500000118e-01
1.856000000000000000e+03 1.857000000000000000e+03 9.304037872000000542e-01 2.007351625399999839e-01
1.857000000000000000e+03 1.858000000000000000e+03 8.690286500499999622e-01 1.966713060799999968e-01
1.858000000000000000e+03 1.859000000000000000e+03 6.372716611699998923e-01 1.403518020199999994e-01
1.859000000000000000e+03 1.860000000000000000e+03 1.570742115000000050e+00 4.280653960999999952e-01
1.860000000000000000e+03 1.861000000000000000e+03 1.693111234699999912e+00 3.713481037999999956e-01
1.861000000000000000e+03 1.862000000000000000e+03 1.642949569600000048e+00 3.141973000000000127e-01
1.862000000000000000e+03 1.863000000000000000e+03 1.239661693499999995e+00 3.390738603999999823e-01
1.863000000000000000e+03 1.864000000000000000e+03 2.098107784900000272e+00 3.647023710000000252e-01
1.864000000000000000e+03 1.865000000000000000e+03 1.071869961099999990e+00 2.740819718999999988e-01
1.865000000000000000e+03 1.866000000000000000e+03 1.544034822800000040e+00 2.547306120899999748e-01
1.866000000000000000e+03 1.867000000000000000e+03 8.023253995999999333e-01 2.358397997199999929e-01
1.867000000000000000e+03 1.868000000000000000e+03 7.650729347733999930e-01 2.415006149099999944e-01
1.868000000000000000e+03 1.869000000000000000e+03 8.371568478636999266e-01 1.753379513700000225e-01
1.869000000000000000e+03 1.870000000000000000e+03 3.735845633400000088e-01 1.818358679500000075e-01
1.870000000000000000e+03 1.871000000000000000e+03 1.520237790300000169e+00 3.574557280000000281e-01
1.871000000000000000e+03 1.872000000000000000e+03 2.366859533700000018e+00 3.680466894000000155e-01
1.872000000000000000e+03 1.873000000000000000e+03 1.478175974499999823e+00 3.414152811000000232e-01
1.873000000000000000e+03 1.874000000000000000e+03 2.235875044899999775e+00 3.053628782000000208e-01
1.874000000000000000e+03 1.875000000000000000e+03 1.445385928800000164e+00 3.429176666000000040e-01
1.875000000000000000e+03 1.876000000000000000e+03 1.082890828599999855e+00 2.771816743999999666e-01
1.876000000000000000e+03 1.877000000000000000e+03 1.276889719200000162e+00 2.669278887800000111e-01
1.877000000000000000e+03 1.878000000000000000e+03 1.382159715000000011e+00 2.164757562600000129e-01
1.878000000000000000e+03 1.879000000000000000e+03 1.239817497440000027e+00 2.146132330499999907e-01
1.879000000000000000e+03 1.880000000000000000e+03 7.667923947900000536e-01 1.855544631500000152e-01
1.880000000000000000e+03 1.881000000000000000e+03 7.166418187099999892e-01 1.685381968900000194e-01
1.881000000000000000e+03 1.882000000000000000e+03 1.858885350100000000e+00 3.335064943000000115e-01
1.882000000000000000e+03 1.883000000000000000e+03 9.638906856999999162e-01 3.757566036000000165e-01
1.883000000000000000e+03 1.884000000000000000e+03 1.654288363999999900e+00 3.314140629000000282e-01
1.884000000000000000e+03 1.885000000000000000e+03 1.665679293800000016e+00 3.118664334000000316e-01
1.885000000000000000e+03 1.886000000000000000e+03 1.718248322299999797e+00 3.228596150999999970e-01
1.886000000000000000e+03 1.887000000000000000e+03 1.727765483400000024e+00 2.918683894999999917e-01
1.887000000000000000e+03 1.888000000000000000e+03 1.328603763799999893e+00 2.603992491900000150e-01
1.888000000000000000e+03 1.889000000000000000e+03 1.032467922599999977e+00 2.517605120399999952e-01
1.889000000000000000e+03 1.890000000000000000e+03 1.064846887399999886e+00 1.853318952500000172e-01
1.890000000000000000e+03 1.891000000000000000e+03 1.017645951960000072e+00 1.988074270100000096e-01
1.891000000000000000e+03 1.892000000000000000e+03 4.314622528000000012e-01 1.559559944499999962e-01
1.892000000000000000e+03 1.893000000000000000e+03 1.135303377799999902e+00 3.882691383999999912e-01
1.893000000000000000e+03 1.894000000000000000e+03 1.708866104499999983e+00 3.385766324999999743e-01
1.894000000000000000e+03 1.895000000000000000e+03 1.939784022700000055e+00 3.574282446000000002e-01
1.895000000000000000e+03 1.896000000000000000e+03 9.819472291999999936e-01 3.786749245000000097e-01
1.896000000000000000e+03 1.897000000000000000e+03 1.318955728900000013e+00 3.284263022000000198e-01
1.897000000000000000e+03 1.898000000000000000e+03 1.034779120599999880e+00 2.840298498000000116e-01
1.898000000000000000e+03 1.899000000000000000e+03 1.168973664999999995e+00 2.841570977000000275e-01
1.899000000000000000e+03 1.900000000000000000e+03 1.232801031900000011e+00 2.358917377199999943e-01
1.900000000000000000e+03 1.901000000000000000e+03 1.007432756200000057e+00 2.036389525700000036e-01
1.901000000000000000e+03 1.902000000000000000e+03 5.959239533300000335e-01 1.705746690300000146e-01
1.902000000000000000e+03 1.903000000000000000e+03 3.448081073600000046e-01 1.425894396300000089e-01
1.903000000000000000e+03 1.904000000000000000e+03 1.566458500199999992e+00 3.880725141999999961e-01
1.904000000000000000e+03 1.905000000000000000e+03 1.343849005300000066e+00 3.676342327000000076e-01
1.905000000000000000e+03 1.906000000000000000e+03 1.121975751500000174e+00 3.435639564999999895e-01
1.906000000000000000e+03 1.907000000000000000e+03 7.388696230000000309e-01 3.647459336000000163e-01
1.907000000000000000e+03 1.908000000000000000e+03 1.420324733399999984e+00 3.070364812999999971e-01
1.908000000000000000e+03 1.909000000000000000e+03 1.639643012800000133e+00 2.974389414999999981e-01
1.909000000000000000e+03 1.910000000000000000e+03 9.551736993999999648e-01 2.577934694699999807e-01
1.910000000000000000e+03 1.911000000000000000e+03 1.090880167100000131e+00 2.443417481500000099e-01
1.911000000000000000e+03 1.912000000000000000e+03 1.002052421999999998e+00 2.157658142799999956e-01
1.912000000000000000e+03 1.913000000000000000e+03 7.649796863539999325e-01 1.714768592100000266e-01
1.913000000000000000e+03 1.914000000000000000e+03 2.007276693399999978e-01 1.354204997599999794e-01
1.914000000000000000e+03 1.915000000000000000e+03 1.980452910499999941e+00 3.825533696999999789e-01
1.915000000000000000e+03 1.916000000000000000e+03 1.809688707300000088e+00 3.829052947000000096e-01
1.916000000000000000e+03 1.917000000000000000e+03 1.741502558599999917e+00 3.291503603000000000e-01
1.917000000000000000e+03 1.918000000000000000e+03 2.265649093399999980e+00 3.230043123999999932e-01
1.918000000000000000e+03 1.919000000000000000e+03 1.357326736700000147e+00 3.087629547999999891e-01
1.919000000000000000e+03 1.920000000000000000e+03 1.154718300499999906e+00 3.071635903000000112e-01
1.920000000000000000e+03 1.921000000000000000e+03 1.516615270700000018e+00 2.663766076299999841e-01
1.921000000000000000e+03 1.922000000000000000e+03 1.095137294699999986e+00 2.559645048099999931e-01
1.922000000000000000e+03 1.923000000000000000e+03 8.370132390800000266e-01 2.011394368799999943e-01
1.923000000000000000e+03 1.924000000000000000e+03 4.458421783900000102e-01 2.017977168999999793e-01
1.924000000000000000e+03 1.925000000000000000e+03 5.302126087099999774e-01 1.427805964799999938e-01
1.925000000000000000e+03 1.926000000000000000e+03 2.101013618599999688e+00 3.407226985000000319e-01
1.926000000000000000e+03 1.927000000000000000e+03 1.779808820800000024e+00 3.581014874000000292e-01
1.927000000000000000e+03 1.928000000000000000e+03 1.033875346400000117e+00 3.345346496000000114e-01
1.928000000000000000e+03 1.929000000000000000e+03 1.040026602400000000e+00 2.892538505999999732e-01
1.929000000000000000e+03 1.930000000000000000e+03 1.514274948199999971e+00 2.916921742999999956e-01
1.930000000000000000e+03 1.931000000000000000e+03 1.131279369000000035e+00 3.186951391000000244e-01
1.931000000000000000e+03 1.932000000000000000e+03 9.854856868999999353e-01 2.705517963299999828e-01
1.932000000000000000e+03 1.933000000000000000e+03 6.896781505000000312e-01 2.036520914599999899e-01
1.933000000000000000e+03 1.934000000000000000e+03 8.927697296999999033e-01 1.900542266199999886e-01
1.934000000000000000e+03 1.935000000000000000e+03 9.352734807999999456e-01 1.781348335999999866e-01
1.935000000000000000e+03 1.936000000000000000e+03 5.060252414900000550e-01 1.431369536600000103e-01
1.936000000000000000e+03 1.937000000000000000e+03 1.512701297600000050e+00 3.578905289000000045e-01
1.937000000000000000e+03 1.938000000000000000e+03 1.845205933599999959e+00 3.174100287000000131e-01
1.938000000000000000e+03 1.939000000000000000e+03 1.326561447400000038e+00 3.009912446999999935e-01
1.939000000000000000e+03 1.940000000000000000e+03 8.364632831000000657e-01 3.030393107000000086e-01
1.940000000000000000e+03 1.941000000000000000e+03 1.147639056300000071e+00 3.301513609999999765e-01
1.941000000000000000e+03 1.942000000000000000e+03 1.337135473799999863e+00 2.627457796999999595e-01
1.942000000000000000e+03 1.943000000000000000e+03 1.242774160199999978e+00 2.187921058800000040e-01
1.943000000000000000e+03 1.944000000000000000e+03 5.412622860300000394e-01 2.316100376900000202e-01
1.944000000000000000e+03 1.945000000000000000e+03 6.168296235999999322e-01 1.715392123000000213e-01
1.945000000000000000e+03 1.946000000000000000e+03 5.651993094799999673e-01 1.699246636099999985e-01
1.946000000000000000e+03 1.947000000000000000e+03 6.417822537599999766e-01 1.242848423799999963e-01
1.947000000000000000e+03 1.948000000000000000e+03 1.346773225600000012e+00 3.615678921999999629e-01
1.948000000000000000e+03 1.949000000000000000e+03 1.553939424499999999e+00 3.773714262999999791e-01
1.949000000000000000e+03 1.950000000000000000e+03 1.860867449799999962e+00 3.593177249000000240e-01
1.950000000000000000e+03 1.951000000000000000e+03 9.831578282000000835e-01 3.401966309999999716e-01
1.951000000000000000e+03 1.952000000000000000e+03 1.689114555900000036e+00 3.074843634999999686e-01
1.952000000000000000e+03 1.953000000000000000e+03 1.256116854799999905e+00 2.641159001000000228e-01
1.953000000000000000e+03 1.954000000000000000e+03 1.193255484500000074e+00 2.120364106400000059e-01
1.954000000000000000e+03 1.955000000000000000e+03 1.233402900900000043e+00 2.386341841800000141e-01
1.955000000000000000e+03 1.956000000000000000e+03 7.509930236809999604e-01 1.745282244099999880e-01
1.956000000000000000e+03 1.957000000000000000e+03 7.728318366070000556e-01 1.792677578300000130e-01
1.957000000000000000e+03 1.958000000000000000e+03 5.198097286599999700e-01 1.417065309299999909e-01
1.958000000000000000e+03 1.959000000000000000e+03 1.075797019899999984e+00 3.196839988999999882e-01
1.959000000000000000e+03 1.960000000000000000e+03 1.842173830099999909e+00 3.242713069000000004e-01
1.960000000000000000e+03 1.961000000000000000e+03 1.299849248999999984e+00 3.462437482999999872e-01
1.961000000000000000e+03 1.962000000000000000e+03 1.550836683899999846e+00 2.918231365000000244e-01
1.962000000000000000e+03 1.963000000000000000e+03 1.293917006700000094e+00 2.814217748000000241e-01
1.963000000000000000e+03 1.964000000000000000e+03 1.081181511899999892e+00 2.722245469000000306e-01
1.964000000000000000e+03 1.965000000000000000e+03 1.338472569399999923e+00 2.433772182700000009e-01
1.965000000000000000e+03 1.966000000000000000e+03 8.292233559999999670e-01 2.388200852400000074e-01
1.966000000000000000e+03 1.967000000000000000e+03 1.029711650500000131e+00 2.192518720800000209e-01
1.967000000000000000e+03 1.968000000000000000e+03 6.657559869599999347e-01 1.651672157499999849e-01
1.968000000000000000e+03 1.969000000000000000e+03 7.450244975300001071e-01 1.595209890899999816e-01
1.969000000000000000e+03 1.970000000000000000e+03 8.607631868999999769e-01 3.602110454999999933e-01
1.970000000000000000e+03 1.971000000000000000e+03 1.972261885900000067e+00 3.224406096999999916e-01
1.971000000000000000e+03 1.972000000000000000e+03 1.513672691200000031e+00 3.274262783000000399e-01
1.972000000000000000e+03 1.973000000000000000e+03 1.138149938500000014e+00 3.031242054000000130e-01
1.973000000000000000e+03 1.974000000000000000e+03 8.102556315999999148e-01 3.095425957999999866e-01
1.974000000000000000e+03 1.975000000000000000e+03 1.170896060499999836e+00 2.300601373800000016e-01
1.975000000000000000e+03 1.976000000000000000e+03 7.021454164999999525e-01 2.404502862700000076e-01
1.976000000000000000e+03 1.977000000000000000e+03 9.131957943999999827e-01 2.052201527300000217e-01
1.977000000000000000e+03 1.978000000000000000e+03 7.987165679999999046e-01 1.788257997200000116e-01
1.978000000000000000e+03 1.979000000000000000e+03 4.769435902899999968e-01 1.814343792600000005e-01
1.979000000000000000e+03 1.980000000000000000e+03 5.285988840399999944e-01 1.327170010400000044e-01
1.980000000000000000e+03 1.981000000000000000e+03 1.766462082099999886e+00 3.513327007999999529e-01
1.981000000000000000e+03 1.982000000000000000e+03 1.162151211999999934e+00 3.500684314999999991e-01
1.982000000000000000e+03 1.983000000000000000e+03 1.469055336200000061e+00 3.356933021999999878e-01
1.983000000000000000e+03 1.984000000000000000e+03 9.965190605999999507e-01 3.248680585000000010e-01
1.984000000000000000e+03 1.985000000000000000e+03 1.131106252099999931e+00 3.071642585000000092e-01
1.985000000000000000e+03 1.986000000000000000e+03 1.578227070499999884e+00 2.524523964499999495e-01
1.986000000000000000e+03 1.987000000000000000e+03 1.389332524399999880e+00 2.295794062200000041e-01
1.987000000000000000e+03 1.988000000000000000e+03 7.957313527999999581e-01 1.623761505600000155e-01
1.988000000000000000e+03 1.989000000000000000e+03 8.240984009999999804e-01 1.869264258400000212e-01
1.989000000000000000e+03 1.990000000000000000e+03 6.069315768979999248e-01 1.595057702000000077e-01
1.990000000000000000e+03 1.991000000000000000e+03 4.267584995300000017e-01 1.464466802000000123e-01
1.991000000000000000e+03 1.992000000000000000e+03 1.827402894400000033e+00 3.413843649000000147e-01
1.992000000000000000e+03 1.993000000000000000e+03 1.048009448399999988e+00 3.139436218999999695e-01
1.993000000000000000e+03 1.994000000000000000e+03 1.131952469399999828e+00 3.323266557999999815e-01
1.994000000000000000e+03 1.995000000000000000e+03 1.248976591100000144e+00 2.721055896999999835e-01
1.995000000000000000e+03 1.996000000000000000e+03 1.207363382499999860e+00 3.111669031000000030e-01
1.996000000000000000e+03 1.997000000000000000e+03 1.065797679000000109e+00 2.235149750399999802e-01
1.997000000000000000e+03 1.998000000000000000e+03 8.412050332799999586e-01 2.045337162099999939e-01
1.998000000000000000e+03 1.999000000000000000e+03 9.449432392999999042e-01 2.044141492000000060e-01
1.999000000000000000e+03 2.000000000000000000e+03 5.948798221600000158e-01 1.835026122500000023e-01
2.000000000000000000e+03 2.001000000000000000e+03 7.398848133800000060e-01 1.678134897300000150e-01
2.001000000000000000e+03 2.002000000000000000e+03 5.853474243899999818e-01 1.254591326600000001e-01
2.002000000000000000e+03 2.003000000000000000e+03 1.677234284799999919e+00 3.287689906999999856e-01
2.003000000000000000e+03 2.004000000000000000e+03 8.714881052999999822e-01 3.244624985999999822e-01
2.004000000000000000e+03 2.005000000000000000e+03 1.632434699499999864e+00 3.213266457999999770e-01
2.005000000000000000e+03 2.006000000000000000e+03 1.610851195199999975e+00 2.581438102999999984e-01
2.006000000000000000e+03 2.007000000000000000e+03 1.070169786199999917e+00 2.301017713100000084e-01
2.007000000000000000e+03 2.008000000000000000e+03 1.188723097000000006e+00 2.353161220299999912e-01
2.008000000000000000e+03 2.009000000000000000e+03 1.199913036899999952e+00 2.427596797999999889e-01
2.009000000000000000e+03 2.010000000000000000e+03 8.941239040000000804e-01 1.948087253399999885e-01
2.010000000000000000e+03 2.011000000000000000e+03 5.491109033059999867e-01 1.778191382600000092e-01
2.011000000000000000e+03 2.012000000000000000e+03 5.156448060000000666e-01 1.685429577800000023e-01
2.012000000000000000e+03 2.013000000000000000e+03 5.566931365599999681e-01 1.198673106500000030e-01
2.013000000000000000e+03 2.014000000000000000e+03 1.147474926999999978e+00 3.353141510000000047e-01
2.014000000000000000e+03 2.015000000000000000e+03 1.226548025100000050e+00 3.378214318999999688e-01
2.015000000000000000e+03 2.016000000000000000e+03 1.099361081299999876e+00 2.715263408000000434e-01
2.016000000000000000e+03 2.017000000000000000e+03 1.125943880099999905e+00 2.570321349999999949e-01
2.017000000000000000e+03 2.018000000000000000e+03 1.198654760900000005e+00 2.242957418799999825e-01
2.018000000000000000e+03 2.019000000000000000e+03 1.222443499500000197e+00 2.415890028999999883e-01
2.019000000000000000e+03 2.020000000000000000e+03 9.106570755000000794e-01 2.670112439300000307e-01
2.020000000000000000e+03 2.021000000000000000e+03 8.017773762000000026e-01 2.235157672299999954e-01
2.021000000000000000e+03 2.022000000000000000e+03 6.624047648099999908e-01 1.604972511999999962e-01
2.022000000000000000e+03 2.023000000000000000e+03 6.401122041000000262e-01 1.834259959100000004e-01
2.023000000000000000e+03 2.024000000000000000e+03 7.421486079399999269e-01 1.368307712299999812e-01
2.024000000000000000e+03 2.025000000000000000e+03 1.302809499299999896e+00 3.692346427000000042e-01
2.025000000000000000e+03 2.026000000000000000e+03 2.036486238099999735e+00 3.255776496000000186e-01
2.026000000000000000e+03 2.027000000000000000e+03 1.369939359800000034e+00 3.030665073000000098e-01
2.027000000000000000e+03 2.028000000000000000e+03 1.527492259299999988e+00 2.608498030999999995e-01
2.028000000000000000e+03 2.029000000000000000e+03 8.682378547000000335e-01 2.856660167999999778e-01
2.029000000000000000e+03 2.030000000000000000e+03 9.852945992000000652e-01 2.521669482000000184e-01
2.030000000000000000e+03 2.031000000000000000e+03 8.028636080000000064e-01 1.987851372999999977e-01
2.031000000000000000e+03 2.032000000000000000e+03 7.030448483000000248e-01 1.920116691600000092e-01
2.032000000000000000e+03 2.033000000000000000e+03 7.274510517600000226e-01 1.621859011200000034e-01
2.033000000000000000e+03 2.034000000000000000e+03 4.617811104099999731e-01 1.596218888999999808e-01
2.034000000000000000e+03 2.035000000000000000e+03 3.081269004499999631e-01 1.216739805999999952e-01
2.035000000000000000e+03 2.036000000000000000e+03 1.566028367699999979e+00 3.335594517000000092e-01
2.036000000000000000e+03 2.037000000000000000e+03 1.376578489500000169e+00 3.340265526999999790e-01
2.037000000000000000e+03 2.038000000000000000e+03 1.278801041899999991e+00 3.161308878999999905e-01
2.038000000000000000e+03 2.039000000000000000e+03 9.107307193000000467e-01 2.624697717999999735e-01
2.039000000000000000e+03 2.040000000000000000e+03 1.008101002799999923e+00 2.422921294200000020e-01
2.040000000000000000e+03 2.041000000000000000e+03 9.005562864999999695e-01 2.289845208299999824e-01
2.041000000000000000e+03 2.042000000000000000e+03 6.513366883000000218e-01 2.052063661200000111e-01
2.042000000000000000e+03 2.043000000000000000e+03 7.500696874800000247e-01 1.925611886999999967e-01
2.043000000000000000e+03 2.044000000000000000e+03 3.885024411599999894e-01 1.847663189700000097e-01
2.044000000000000000e+03 2.045000000000000000e+03 5.862021466200000308e-01 1.350146736700000016e-01
2.045000000000000000e+03 2.046000000000000000e+03 3.849185083400000207e-01 1.310102406900000016e-01
2.046000000000000000e+03 2.047000000000000000e+03 1.410717987399999984e+00 3.087214340999999695e-01
2.047000000000000000e+03 2.048000000000000000e+03 1.518409516600000009e+00 2.972293504000000364e-01
2.048000000000000000e+03 2.049000000000000000e+03 1.393203851900000068e+00 2.784084705000000048e-01
2.049000000000000000e+03 2.050000000000000000e+03 6.081954225000000269e-01 3.189617643000000058e-01
2.050000000000000000e+03 2.051000000000000000e+03 1.185031281999999964e+00 2.269816029600000007e-01
2.051000000000000000e+03 2.052000000000000000e+03 1.082447130999999896e+00 2.315200134700000079e-01
2.052000000000000000e+03 2.053000000000000000e+03 5.541678738999999965e-01 1.937492751500000110e-01
2.053000000000000000e+03 2.054000000000000000e+03 6.452662665199999648e-01 1.865052583600000091e-01
2.054000000000000000e+03 2.055000000000000000e+03 8.150734221600000051e-01 1.681357405899999991e-01
2.055000000000000000e+03 2.056000000000000000e+03 5.049992599500000567e-01 1.435887882199999854e-01
2.056000000000000000e+03 2.057000000000000000e+03 3.530189351600000469e-01 1.151728371800000011e-01
2.057000000000000000e+03 2.058000000000000000e+03 1.391352604499999979e+00 2.440586509999999876e-01
2.058000000000000000e+03 2.059000000000000000e+03 1.456918411500000010e+00 2.769726252999999971e-01
2.059000000000000000e+03 2.060000000000000000e+03 1.192426543199999855e+00 2.733675727000000055e-01
2.060000000000000000e+03 2.061000000000000000e+03 1.380119425299999980e+00 2.411115644999999863e-01
2.061000000000000000e+03 2.062000000000000000e+03 1.268920881499999931e+00 2.371588542799999977e-01
2.062000000000000000e+03 2.063000000000000000e+03 1.035558954300000112e+00 2.008954338199999967e-01
2.063000000000000000e+03 2.064000000000000000e+03 9.121289814999999912e-01 1.892448987799999760e-01
2.064000000000000000e+03 2.065000000000000000e+03 9.485955942999999557e-01 1.990860334800000075e-01
2.065000000000000000e+03 2.066000000000000000e+03 7.699152013000000183e-01 1.647510981900000004e-01
2.066000000000000000e+03 2.067000000000000000e+03 5.119537847699999755e-01 1.312988929899999990e-01
2.067000000000000000e+03 2.068000000000000000e+03 5.779272446200000024e-01 1.102342110400000019e-01
2.068000000000000000e+03 2.069000000000000000e+03 8.338060778000000450e-01 2.683621318999999672e-01
2.069000000000000000e+03 2.070000000000000000e+03 1.433993683399999997e+00 2.861282492000000177e-01
2.070000000000000000e+03 2.071000000000000000e+03 1.337193349899999939e+00 2.486144207000000050e-01
2.071000000000000000e+03 2.072000000000000000e+03 8.278556838999999723e-01 2.450774606999999994e-01
2.072000000000000000e+03 2.073000000000000000e+03 1.182070042300000123e+00 2.404963047299999990e-01
2.073000000000000000e+03 2.074000000000000000e+03 4.390196331800000351e-01 2.300294851599999912e-01
2.074000000000000000e+03 2.075000000000000000e+03 9.476310798999999507e-01 2.033346450100000091e-01
2.075000000000000000e+03 2.076000000000000000e+03 6.897509106000000445e-01 1.853111778200000059e-01
2.076000000000000000e+03 2.077000000000000000e+03 6.389073253400000540e-01 1.512228726000000023e-01
2.077000000000000000e+03 2.078000000000000000e+03 6.193259997810000028e-01 1.385388850300000030e-01
2.078000000000000000e+03 2.079000000000000000e+03 2.242990270699999900e-01 1.113482923500000027e-01
2.079000000000000000e+03 2.080000000000000000e+03 1.273289088500000110e+00 2.682862967999999904e-01
2.080000000000000000e+03 2.081000000000000000e+03 1.092086906400000057e+00 2.632751912000000361e-01
2.081000000000000000e+03 2.082000000000000000e+03 1.214250545700000128e+00 2.476831922000000130e-01
2.082000000000000000e+03 2.083000000000000000e+03 1.140375516199999995e+00 2.281636501300000064e-01
2.083000000000000000e+03 2.084000000000000000e+03 1.251718875199999914e+00 2.388565971499999885e-01
2.084000000000000000e+03 2.085000000000000000e+03 9.356684248000000093e-01 2.208123400299999983e-01
2.085000000000000000e+03 2.086000000000000000e+03 8.056687014000000202e-01 1.919833033799999977e-01
2.086000000000000000e+03 2.087000000000000000e+03 8.243766988999999823e-01 1.711315901899999881e-01
2.087000000000000000e+03 2.088000000000000000e+03 6.784685881399999952e-01 1.325340833599999990e-01
2.088000000000000000e+03 2.089000000000000000e+03 5.154861748300000324e-01 1.540938375500000013e-01
2.089000000000000000e+03 2.090000000000000000e+03 2.941618348699999719e-01 8.864898153000000391e-02
2.090000000000000000e+03 2.091000000000000000e+03 1.542615961999999952e+00 2.715763033000000437e-01
2.091000000000000000e+03 2.092000000000000000e+03 1.316002372100000040e+00 2.826392639000000484e-01
2.092000000000000000e+03 2.093000000000000000e+03 1.332406993099999992e+00 2.584058767999999895e-01
2.093000000000000000e+03 2.094000000000000000e+03 7.949465021000000631e-01 2.346286806400000036e-01
2.094000000000000000e+03 2.095000000000000000e+03 1.166747424300000002e+00 2.408332103699999949e-01
2.095000000000000000e+03 2.096000000000000000e+03 7.766490558999999960e-01 2.346113473800000016e-01
2.096000000000000000e+03 2.097000000000000000e+03 1.182609950500000062e+00 2.053668509300000111e-01
2.097000000000000000e+03 2.098000000000000000e+03 8.156345408999999824e-01 1.738536944800000150e-01
2.098000000000000000e+03 2.099000000000000000e+03 6.596406654299999950e-01 1.482253941299999933e-01
2.099000000000000000e+03 2.100000000000000000e+03 3.954703932499999963e-01 1.289878399399999875e-01
2.100000000000000000e+03 2.101000000000000000e+03 5.078786544400000214e-01 9.529632408000000832e-02
2.101000000000000000e+03 2.102000000000000000e+03 1.006468106300000054e+00 2.676913810999999588e-01
2.102000000000000000e+03 2.103000000000000000e+03 9.353866781999999880e-01 2.562940781000000445e-01
2.103000000000000000e+03 2.104000000000000000e+03 8.190230142000000102e-01 3.267383555000000217e-01
2.104000000000000000e+03 2.105000000000000000e+03 1.149006047799999930e+00 2.527628271999999843e-01
2.105000000000000000e+03 2.106000000000000000e+03 7.508252116000000420e-01 3.105842790000000186e-01
2.106000000000000000e+03 2.107000000000000000e+03 9.870242171999999981e-01 2.303753784299999996e-01
2.107000000000000000e+03 2.108000000000000000e+03 9.712955435000000248e-01 1.813103113200000005e-01
2.108000000000000000e+03 2.109000000000000000e+03 9.878997253999999284e-01 1.929902827200000170e-01
2.109000000000000000e+03 2.110000000000000000e+03 6.721674246800000141e-01 1.407812410100000022e-01
2.110000000000000000e+03 2.111000000000000000e+03 5.402912548900000722e-01 1.178011053700000060e-01
2.111000000000000000e+03 2.112000000000000000e+03 5.410648339300000442e-01 9.452537594000000321e-02
2.112000000000000000e+03 2.113000000000000000e+03 7.325070533999999967e-01 2.640185453999999710e-01
2.113000000000000000e+03 2.114000000000000000e+03 1.697555703999999999e+00 2.401612677999999945e-01
2.114000000000000000e+03 2.115000000000000000e+03 1.001725423899999967e+00 2.482116015999999981e-01
2.115000000000000000e+03 2.116000000000000000e+03 9.178983379999999803e-01 2.403943806999999933e-01
2.116000000000000000e+03 2.117000000000000000e+03 7.390145002000000352e-01 2.382220151400000208e-01
2.117000000000000000e+03 2.118000000000000000e+03 7.340624137000000271e-01 1.908727056099999986e-01
2.118000000000000000e+03 2.119000000000000000e+03 9.023724320000000576e-01 1.738378410200000224e-01
2.119000000000000000e+03 2.120000000000000000e+03 6.416666045999999124e-01 1.727948441000000113e-01
2.120000000000000000e+03 2.121000000000000000e+03 4.276183595700000506e-01 1.470241865899999945e-01
2.121000000000000000e+03 2.122000000000000000e+03 6.674677758310000319e-01 1.222208313200000007e-01
2.122000000000000000e+03 2.123000000000000000e+03 3.795926055500000174e-01 1.140142606500000044e-01
2.123000000000000000e+03 2.124000000000000000e+03 1.727421679899999951e+00 2.958320657999999881e-01
2.124000000000000000e+03 2.125000000000000000e+03 9.977985314999999744e-01 2.444391522999999899e-01
2.125000000000000000e+03 2.126000000000000000e+03 1.020704202699999952e+00 2.739612771000000113e-01
2.126000000000000000e+03 2.127000000000000000e+03 1.746370035800000053e+00 2.483013410999999893e-01
2.127000000000000000e+03 2.128000000000000000e+03 8.499236623000000490e-01 2.078586462199999985e-01
2.128000000000000000e+03 2.129000000000000000e+03 9.143070810000000215e-01 2.500663482200000121e-01
2.129000000000000000e+03 2.130000000000000000e+03 4.894519111000000255e-01 2.039336543000000168e-01
2.130000000000000000e+03 2.131000000000000000e+03 8.238768599000000359e-01 1.488627349899999952e-01
2.131000000000000000e+03 2.132000000000000000e+03 6.710575750599999667e-01 1.343158504699999978e-01
2.132000000000000000e+03 2.133000000000000000e+03 6.620402800699999313e-01 1.287959972100000128e-01
2.133000000000000000e+03 2.134000000000000000e+03 3.204363621699999887e-01 1.134850429100000002e-01
2.134000000000000000e+03 2.135000000000000000e+03 9.562753632000000614e-01 2.252538206999999959e-01
2.135000000000000000e+03 2.136000000000000000e+03 1.057200316199999879e+00 2.831163965999999865e-01
2.136000000000000000e+03 2.137000000000000000e+03 1.179202197299999977e+00 2.426153007000000084e-01
2.137000000000000000e+03 2.138000000000000000e+03 1.045020679200000080e+00 2.509890248000000157e-01
2.138000000000000000e+03 2.139000000000000000e+03 1.496014385100000066e+00 2.580914236499999848e-01
2.139000000000000000e+03 2.140000000000000000e+03 8.472814106999999595e-01 1.896735200600000171e-01
2.140000000000000000e+03 2.141000000000000000e+03 7.544102604999999295e-01 1.956686242300000045e-01
2.141000000000000000e+03 2.142000000000000000e+03 7.133184907599999791e-01 1.599845718699999808e-01
2.142000000000000000e+03 2.143000000000000000e+03 8.001585094299999978e-01 1.415209945199999986e-01
2.143000000000000000e+03 2.144000000000000000e+03 6.370362622749999870e-01 1.101567263300000099e-01
2.144000000000000000e+03 2.145000000000000000e+03 2.031670204499999854e-01 1.137387959399999982e-01
2.145000000000000000e+03 2.146000000000000000e+03 8.374895264999999700e-01 2.812129064000000178e-01
2.146000000000000000e+03 2.147000000000000000e+03 7.691111528999999836e-01 2.791568383999999958e-01
2.147000000000000000e+03 2.148000000000000000e+03 1.030300296999999921e+00 2.397331356000000080e-01
2.148000000000000000e+03 2.149000000000000000e+03 7.389616224999999705e-01 2.920784489000000095e-01
2.149000000000000000e+03 2.150000000000000000e+03 7.646549245000000550e-01 2.207602921699999832e-01
2.150000000000000000e+03 2.151000000000000000e+03 1.115882810800000069e+00 2.266460211000000113e-01
2.151000000000000000e+03 2.152000000000000000e+03 7.077541408999999950e-01 1.808454484199999990e-01
2.152000000000000000e+03 2.153000000000000000e+03 8.368263193000000655e-01 1.486815056699999915e-01
2.153000000000000000e+03 2.154000000000000000e+03 6.476807690100000459e-01 1.398854882999999993e-01
2.154000000000000000e+03 2.155000000000000000e+03 5.040521883399999847e-01 1.202098428499999982e-01
2.155000000000000000e+03 2.156000000000000000e+03 4.106758099699999720e-01 1.238855421399999990e-01
2.156000000000000000e+03 2.157000000000000000e+03 1.553527092299999968e+00 3.020539787000000032e-01
2.157000000000000000e+03 2.158000000000000000e+03 1.355157800800000034e+00 2.642868743000000298e-01
2.158000000000000000e+03 2.159000000000000000e+03 1.206648029399999933e+00 2.368205392999999936e-01
2.159000000000000000e+03 2.160000000000000000e+03 1.105034093800000061e+00 2.170031285300000057e-01
2.160000000000000000e+03 2.161000000000000000e+03 1.059454070300000161e+00 2.115154144999999986e-01
2.161000000000000000e+03 2.162000000000000000e+03 6.988332368000000905e-01 1.949151749300000180e-01
2.162000000000000000e+03 2.163000000000000000e+03 9.492573765999999802e-01 1.956327834099999829e-01
2.163000000000000000e+03 2.164000000000000000e+03 7.420110615000000687e-01 1.485524219999999895e-01
2.164000000000000000e+03 2.165000000000000000e+03 5.335510899199999990e-01 1.359513529599999937e-01
2.165000000000000000e+03 2.166000000000000000e+03 5.881134141980000063e-01 1.163638976100000028e-01
2.166000000000000000e+03 2.167000000000000000e+03 2.996714167200000278e-01 1.194052804699999998e-01
2.167000000000000000e+03 2.168000000000000000e+03 1.250958195000000162e+00 2.568515729999999997e-01
2.168000000000000000e+03 2.169000000000000000e+03 1.140125977400000101e+00 2.620217778999999747e-01
2.169000000000000000e+03 2.170000000000000000e+03 1.050806260499999922e+00 2.438253237999999934e-01
2.170000000000000000e+03 2.171000000000000000e+03 1.033897186999999995e+00 2.427480196000000034e-01
2.171000000000000000e+03 2.172000000000000000e+03 9.194822220999999685e-01 2.368362141999999781e-01
2.172000000000000000e+03 2.173000000000000000e+03 9.844847946000000460e-01 1.668699615000000247e-01
2.173000000000000000e+03 2.174000000000000000e+03 8.984004203000000022e-01 1.772826554099999896e-01
2.174000000000000000e+03 2.175000000000000000e+03 4.161807858799999593e-01 1.645722020400000041e-01
2.175000000000000000e+03 2.176000000000000000e+03 2.975815029899999686e-01 1.509635248300000010e-01
2.176000000000000000e+03 2.177000000000000000e+03 5.607446704300000917e-01 1.059879658399999897e-01
2.177000000000000000e+03 2.178000000000000000e+03 5.465884883599999577e-01 1.182438255500000007e-01
2.178000000000000000e+03 2.179000000000000000e+03 8.206728550999999872e-01 2.837804589000000322e-01
2.179000000000000000e+03 2.180000000000000000e+03 7.789629996000000389e-01 2.315239174000000011e-01
2.180000000000000000e+03 2.181000000000000000e+03 9.962281796000000966e-01 2.213638343999999869e-01
2.181000000000000000e+03 2.182000000000000000e+03 6.859818063000000521e-01 2.671950982999999891e-01
2.182000000000000000e+03 2.183000000000000000e+03 9.883082577000000812e-01 2.241693634399999913e-01
2.183000000000000000e+03 2.184000000000000000e+03 5.738162655999999862e-01 2.109528087900000015e-01
2.184000000000000000e+03 2.185000000000000000e+03 7.483786481999999962e-01 1.620591473000000116e-01
2.185000000000000000e+03 2.186000000000000000e+03 9.355273787000000230e-01 1.569446417900000057e-01
2.186000000000000000e+03 2.187000000000000000e+03 3.537677258699999938e-01 1.391250343399999811e-01
2.187000000000000000e+03 2.188000000000000000e+03 4.960757807099999694e-01 1.213274971799999935e-01
2.188000000000000000e+03 2.189000000000000000e+03 2.161059915100000117e-01 1.222340785900000032e-01
2.189000000000000000e+03 2.190000000000000000e+03 8.970936741999999686e-01 2.680475305000000197e-01
2.190000000000000000e+03 2.191000000000000000e+03 9.724253420999999786e-01 2.576255154000000047e-01
2.191000000000000000e+03 2.192000000000000000e+03 1.156463191199999851e+00 2.444189567999999757e-01
2.192000000000000000e+03 2.193000000000000000e+03 1.382664997600000056e+00 2.431847729999999930e-01
2.193000000000000000e+03 2.194000000000000000e+03 5.270326548000000555e-01 2.236472902199999890e-01
2.194000000000000000e+03 2.195000000000000000e+03 1.223350449999999867e+00 1.981743443500000035e-01
2.195000000000000000e+03 2.196000000000000000e+03 4.369980423600000052e-01 2.114153371200000187e-01
2.196000000000000000e+03 2.197000000000000000e+03 6.809260187000000242e-01 1.820224737799999992e-01
2.197000000000000000e+03 2.198000000000000000e+03 5.527379305699999801e-01 1.150443183500000077e-01
2.198000000000000000e+03 2.199000000000000000e+03 2.839680489699999977e-01 1.177543432100000009e-01
2.199000000000000000e+03 2.200000000000000000e+03 5.232968194499999504e-01 1.074018414299999918e-01
2.200000000000000000e+03 2.201000000000000000e+03 6.080904595999999662e-01 2.629750263999999782e-01
2.201000000000000000e+03 2.202000000000000000e+03 8.037855963999999132e-01 2.798550383000000252e-01
2.202000000000000000e+03 2.203000000000000000e+03 9.553146206999999501e-01 1.906542864300000140e-01
2.203000000000000000e+03 2.204000000000000000e+03 1.001554432100000058e+00 2.333593636000000082e-01
2.204000000000000000e+03 2.205000000000000000e+03 1.259934762500000138e+00 2.018474444699999981e-01
2.205000000000000000e+03 2.206000000000000000e+03 7.811614037999999871e-01 1.875306154100000178e-01
2.206000000000000000e+03 2.207000000000000000e+03 7.040442666999999766e-01 1.645012876699999960e-01
2.207000000000000000e+03 2.208000000000000000e+03 5.422162221399999815e-01 1.401148319299999889e-01
2.208000000000000000e+03 2.209000000000000000e+03 3.825229778500000011e-01 1.585063415499999850e-01
2.209000000000000000e+03 2.210000000000000000e+03 5.481968422700000954e-01 1.356925814599999891e-01
2.210000000000000000e+03 2.211000000000000000e+03 2.956485662300000206e-01 1.165758820200000073e-01
2.211000000000000000e+03 2.212000000000000000e+03 1.150680444100000033e+00 2.945375539000000265e-01
2.212000000000000000e+03 2.213000000000000000e+03 1.146412498400000146e+00 2.420281501000000057e-01
2.213000000000000000e+03 2.214000000000000000e+03 1.111067845100000007e+00 2.393610190000000082e-01
2.214000000000000000e+03 2.215000000000000000e+03 9.713701016999999327e-01 2.201328477499999992e-01
2.215000000000000000e+03 2.216000000000000000e+03 9.566906533000000268e-01 2.762837434000000036e-01
2.216000000000000000e+03 2.217000000000000000e+03 9.718382943000000163e-01 1.894379345399999914e-01
2.217000000000000000e+03 2.218000000000000000e+03 7.072645496999999670e-01 1.784143905899999993e-01
2.218000000000000000e+03 2.219000000000000000e+03 5.964077830999999774e-01 1.602904374599999904e-01
2.219000000000000000e+03 2.220000000000000000e+03 3.510648818899999579e-01 1.458989833599999841e-01
2.220000000000000000e+03 2.221000000000000000e+03 5.668585100299999846e-01 1.266303000200000028e-01
2.221000000000000000e+03 2.222000000000000000e+03 1.684759878899999841e-01 9.226906874000000147e-02
2.222000000000000000e+03 2.223000000000000000e+03 9.098985527999999823e-01 2.496223164000000161e-01
2.223000000000000000e+03 2.224000000000000000e+03 9.993627037000000213e-01 2.382209916999999955e-01
2.224000000000000000e+03 2.225000000000000000e+03 6.952683883000000398e-01 1.900637538799999915e-01
2.225000000000000000e+03 2.226000000000000000e+03 7.612237014999999607e-01 1.892274393599999993e-01
2.226000000000000000e+03 2.227000000000000000e+03 9.082801774999998967e-01 2.264937784499999884e-01
2.227000000000000000e+03 2.228000000000000000e+03 1.082531739999999854e+00 2.010023859400000001e-01
2.228000000000000000e+03 2.229000000000000000e+03 6.915864597999999974e-01 1.612654792000000059e-01
2.229000000000000000e+03 2.230000000000000000e+03 3.901168991699999755e-01 1.716131666599999828e-01
2.230000000000000000e+03 2.231000000000000000e+03 5.933684173200000078e-01 1.381101046000000054e-01
2.231000000000000000e+03 2.232000000000000000e+03 2.541764638199999968e-02 1.241645427699999971e-01
2.232000000000000000e+03 2.233000000000000000e+03 2.959129748000000060e-01 9.657586384999999884e-02
2.233000000000000000e+03 2.234000000000000000e+03 5.798026081000000609e-01 2.457070756000000189e-01
2.234000000000000000e+03 2.235000000000000000e+03 6.831718494999999836e-01 2.423273217999999951e-01
2.235000000000000000e+03 2.236000000000000000e+03 1.017472106500000084e+00 2.414422294999999941e-01
2.236000000000000000e+03 2.237000000000000000e+03 1.305909582700000016e+00 2.471779620999999816e-01
2.237000000000000000e+03 2.238000000000000000e+03 6.003679974000000197e-01 2.094311392400000083e-01
2.238000000000000000e+03 2.239000000000000000e+03 4.625636234000000124e-01 1.818724295000000157e-01
2.239000000000000000e+03 2.240000000000000000e+03 5.038040485599999396e-01 1.477959272399999857e-01
2.240000000000000000e+03 2.241000000000000000e+03 8.209408405999999436e-01 1.442769997899999990e-01
2.241000000000000000e+03 2.242000000000000000e+03 4.755045156690000385e-01 1.154404654500000016e-01
2.242000000000000000e+03 2.243000000000000000e+03 3.528681282760000038e-01 1.310374569900000230e-01
2.243000000000000000e+03 2.244000000000000000e+03 3.358367297900000104e-01 1.129251402899999895e-01
2.244000000000000000e+03 2.245000000000000000e+03 1.006078354400000041e+00 2.593955096000000182e-01
2.245000000000000000e+03 2.246000000000000000e+03 1.186683190299999913e+00 3.127138863999999741e-01
2.246000000000000000e+03 2.247000000000000000e+03 1.141883176899999963e+00 2.400125137999999936e-01
2.247000000000000000e+03 2.248000000000000000e+03 8.649520955999999705e-01 2.540059918999999500e-01
2.248000000000000000e+03 2.249000000000000000e+03 9.744337705000000183e-01 1.826148892500000231e-01
2.249000000000000000e+03 2.250000000000000000e+03 6.525053607999999894e-01 1.687359294999999926e-01
2.250000000000000000e+03 2.251000000000000000e+03 7.251438792999999050e-01 1.507322142799999987e-01
2.251000000000000000e+03 2.252000000000000000e+03 2.836073694100000320e-01 1.516039315699999890e-01
2.252000000000000000e+03 2.253000000000000000e+03 4.285868437099999984e-01 1.252055175200000037e-01
2.253000000000000000e+03 2.254000000000000000e+03 3.468599927120000204e-01 1.042784847900000006e-01
2.254000000000000000e+03 2.255000000000000000e+03 3.628225411400000100e-01 9.873064839999999565e-02
2.255000000000000000e+03 2.256000000000000000e+03 1.489281421400000083e+00 2.636278537800000321e-01
2.256000000000000000e+03 2.257000000000000000e+03 1.047121628400000004e+00 1.991257190799999854e-01
2.257000000000000000e+03 2.258000000000000000e+03 8.899301555999999946e-01 2.207911166000000036e-01
2.258000000000000000e+03 2.259000000000000000e+03 7.151955021000000468e-01 2.088607996499999842e-01
2.259000000000000000e+03 2.260000000000000000e+03 7.143695809000000230e-01 2.071031291500000093e-01
2.260000000000000000e+03 2.261000000000000000e+03 8.084784654000000126e-01 1.844360166999999828e-01
2.261000000000000000e+03 2.262000000000000000e+03 3.859586576099999777e-01 1.776894547900000065e-01
2.262000000000000000e+03 2.263000000000000000e+03 7.372339073999999437e-01 1.622257007700000087e-01
2.263000000000000000e+03 2.264000000000000000e+03 5.243019993899999953e-01 1.306869803800000118e-01
2.264000000000000000e+03 2.265000000000000000e+03 2.385672590879999999e-01 1.009530131299999911e-01
2.265000000000000000e+03 2.266000000000000000e+03 2.867853569520000256e-01 1.009682994600000078e-01
2.266000000000000000e+03 2.267000000000000000e+03 6.416844309000000468e-01 2.919052448999999716e-01
2.267000000000000000e+03 2.268000000000000000e+03 1.164751436299999998e+00 2.458533212999999829e-01
2.268000000000000000e+03 2.269000000000000000e+03 4.938505425000000448e-01 2.315218928999999981e-01
2.269000000000000000e+03 2.270000000000000000e+03 1.080287586499999897e+00 2.044686567300000035e-01
2.270000000000000000e+03 2.271000000000000000e+03 6.193695142999999792e-01 2.021348604799999837e-01
2.271000000000000000e+03 2.272000000000000000e+03 8.773962885999999628e-01 1.576145579100000083e-01
2.272000000000000000e+03 2.273000000000000000e+03 8.247535187000000212e-01 1.647314424899999907e-01
2.273000000000000000e+03 2.274000000000000000e+03 4.725150992000000105e-01 1.371657739500000139e-01
2.274000000000000000e+03 2.275000000000000000e+03 3.966957979599999851e-01 1.378472805900000098e-01
2.275000000000000000e+03 2.276000000000000000e+03 4.880634638099999867e-01 1.183408709700000117e-01
2.276000000000000000e+03 2.277000000000000000e+03 2.629691951700000030e-01 8.177480690999999746e-02
2.277000000000000000e+03 2.278000000000000000e+03 8.065406775000000250e-01 2.527147417999999757e-01
2.278000000000000000e+03 2.279000000000000000e+03 6.981636654000000775e-01 2.528067660999999688e-01
2.279000000000000000e+03 2.280000000000000000e+03 9.125514900000000207e-01 2.171284507999999835e-01
2.280000000000000000e+03 2.281000000000000000e+03 7.162871952999999570e-01 1.923474103599999985e-01
2.281000000000000000e+03 2.282000000000000000e+03 8.713932453999999606e-01 1.814442697800000004e-01
2.282000000000000000e+03 2.283000000000000000e+03 9.020575411999999238e-01 1.672895323399999912e-01
2.283000000000000000e+03 2.284000000000000000e+03 8.083043024999999604e-01 1.568816751899999862e-01
2.284000000000000000e+03 2.285000000000000000e+03 7.797513236899999978e-01 1.443991903900000151e-01
2.285000000000000000e+03 2.286000000000000000e+03 5.422905731000000618e-01 1.281630977500000101e-01
2.286000000000000000e+03 2.287000000000000000e+03 5.322835991400000077e-01 1.029863785999999976e-01
2.287000000000000000e+03 2.288000000000000000e+03 2.580245493999999695e-01 7.782320640999999817e-02
2.288000000000000000e+03 2.289000000000000000e+03 8.229292744999999742e-01 2.061178997499999999e-01
2.289000000000000000e+03 2.290000000000000000e+03 1.194330996999999783e+00 2.168309245399999974e-01
2.290000000000000000e+03 2.291000000000000000e+03 6.267207154999999696e-01 1.934728232500000089e-01
2.291000000000000000e+03 2.292000000000000000e+03 7.413048443999999959e-01 1.937375902600000088e-01
2.292000000000000000e+03 2.293000000000000000e+03 8.449315532000000184e-01 1.998599102099999913e-01
2.293000000000000000e+03 2.294000000000000000e+03 6.944164241999999376e-01 1.627339676000000013e-01
2.294000000000000000e+03 2.295000000000000000e+03 5.757263608000000588e-01 1.321445449299999964e-01
2.295000000000000000e+03 2.296000000000000000e+03 6.430175773999999844e-01 1.704316961399999775e-01
2.296000000000000000e+03 2.297000000000000000e+03 6.296982700500000085e-01 1.156688479600000014e-01
2.297000000000000000e+03 2.298000000000000000e+03 4.686162189499999964e-01 1.187355155300000020e-01
2.298000000000000000e+03 2.299000000000000000e+03 2.776936406200000151e-01 1.005854523100000036e-01
2.299000000000000000e+03 2.300000000000000000e+03 4.435178562000000047e-01 2.175617568499999821e-01
2.300000000000000000e+03 2.301000000000000000e+03 1.014344771899999831e+00 2.600886952999999502e-01
2.301000000000000000e+03 2.302000000000000000e+03 1.227709821399999957e+00 1.776605132499999851e-01
2.302000000000000000e+03 2.303000000000000000e+03 1.081459470199999995e+00 1.828840253100000035e-01
2.303000000000000000e+03 2.304000000000000000e+03 8.180567922999999464e-01 1.920139806800000015e-01
2.304000000000000000e+03 2.305000000000000000e+03 5.123233777000000266e-01 1.769409656699999778e-01
2.305000000000000000e+03 2.306000000000000000e+03 6.652611692000000021e-01 1.398708015599999799e-01
2.306000000000000000e+03 2.307000000000000000e+03 5.441529985200000974e-01 1.550680600100000084e-01
2.307000000000000000e+03 2.308000000000000000e+03 2.899108234899999692e-01 1.092593806099999981e-01
2.308000000000000000e+03 2.309000000000000000e+03 3.961178401830000029e-01 1.016224388399999956e-01
2.309000000000000000e+03 2.310000000000000000e+03 3.604167538899999967e-01 9.072000226000000167e-02
2.310000000000000000e+03 2.311000000000000000e+03 1.368461855500000102e+00 2.034657043599999993e-01
2.311000000000000000e+03 2.312000000000000000e+03 1.115172608800000020e+00 2.253424346000000023e-01
2.312000000000000000e+03 2.313000000000000000e+03 9.070957404999999696e-01 2.030370786899999835e-01
2.313000000000000000e+03 2.314000000000000000e+03 8.761719399999999824e-01 2.359305794000000067e-01
2.314000000000000000e+03 2.315000000000000000e+03 7.408236569999999688e-01 1.972396460199999924e-01
2.315000000000000000e+03 2.316000000000000000e+03 8.155500205000000280e-01 1.800830200199999842e-01
2.316000000000000000e+03 2.317000000000000000e+03 7.298497700999999616e-01 1.522614214200000149e-01
2.317000000000000000e+03 2.318000000000000000e+03 4.917677120999999762e-01 1.399150016600000102e-01
2.318000000000000000e+03 2.319000000000000000e+03 5.380882307199998937e-01 1.090904893199999975e-01
2.319000000000000000e+03 2.320000000000000000e+03 2.689817436199999912e-01 1.278243188900000105e-01
2.320000000000000000e+03 2.321000000000000000e+03 4.245095557399999886e-01 8.413650302000000303e-02
2.321000000000000000e+03 2.322000000000000000e+03 6.036585259000000203e-01 2.513345359999999973e-01
2.322000000000000000e+03 2.323000000000000000e+03 8.702650532999999244e-01 2.016335619999999884e-01
2.323000000000000000e+03 2.324000000000000000e+03 8.171301451999999355e-01 2.174282928000000059e-01
2.324000000000000000e+03 2.325000000000000000e+03 1.033721222400000084e+00 2.268470994200000035e-01
2.325000000000000000e+03 2.326000000000000000e+03 9.810615083000000514e-01 1.697468858199999986e-01
2.326000000000000000e+03 2.327000000000000000e+03 7.724772798000000273e-01 1.950868418599999987e-01
2.327000000000000000e+03 2.328000000000000000e+03 5.512299269000000557e-01 1.602249234199999983e-01
2.328000000000000000e+03 2.329000000000000000e+03 4.313865242400000133e-01 1.286955578700000047e-01
2.329000000000000000e+03 2.330000000000000000e+03 2.516505001000000075e-01 1.275989261999999902e-01
2.330000000000000000e+03 2.331000000000000000e+03 2.813314498799999730e-01 1.073020480000000110e-01
2.331000000000000000e+03 2.332000000000000000e+03 2.314204821399999945e-01 1.177286968000000045e-01
2.332000000000000000e+03 2.333000000000000000e+03 8.182918643999999020e-01 1.980875169899999899e-01
2.333000000000000000e+03 2.334000000000000000e+03 1.231897691699999964e+00 2.062986735000000016e-01
2.334000000000000000e+03 2.335000000000000000e+03 7.497533679000000228e-01 1.891042621600000084e-01
2.335000000000000000e+03 2.336000000000000000e+03 1.039014960600000093e+00 1.804931624799999967e-01
2.336000000000000000e+03 2.337000000000000000e+03 5.975941114000000720e-01 1.600376828199999990e-01
2.337000000000000000e+03 2.338000000000000000e+03 5.780410312999999523e-01 1.726800537799999813e-01
2.338000000000000000e+03 2.339000000000000000e+03 3.701354412999999788e-01 1.358285144399999922e-01
2.339000000000000000e+03 2.340000000000000000e+03 5.133933369600000018e-01 1.207335108600000040e-01
2.340000000000000000e+03 2.341000000000000000e+03 6.237347439200000565e-01 1.120614722599999891e-01
2.341000000000000000e+03 2.342000000000000000e+03 3.784232649100000012e-01 7.193074982000000062e-02
2.342000000000000000e+03 2.343000000000000000e+03 1.057389843699999971e-01 9.198078386999999911e-02
2.343000000000000000e+03 2.344000000000000000e+03 8.763441809999999998e-01 2.142868876000000034e-01
2.344000000000000000e+03 2.345000000000000000e+03 7.799271980999999965e-01 2.053292110200000131e-01
2.345000000000000000e+03 2.346000000000000000e+03 1.205493123399999922e+00 2.326519195999999789e-01
2.346000000000000000e+03 2.347000000000000000e+03 6.400047570000000352e-01 1.850658056599999990e-01
2.347000000000000000e+03 2.348000000000000000e+03 5.050259008999999910e-01 1.794663877600000124e-01
2.348000000000000000e+03 2.349000000000000000e+03 9.426656254999999929e-01 1.805718675000000106e-01
2.349000000000000000e+03 2.350000000000000000e+03 5.818316609999999445e-01 1.251700312200000054e-01
2.350000000000000000e+03 2.351000000000000000e+03 4.798966923199999846e-01 1.320940980700000267e-01
2.351000000000000000e+03 2.352000000000000000e+03 4.342631459499999846e-01 1.156464721499999987e-01
2.352000000000000000e+03 2.353000000000000000e+03 3.325226118419999932e-01 1.066300978100000046e-01
2.353000000000000000e+03 2.354000000000000000e+03 2.486788927499999913e-01 8.281782960999999055e-02
2.354000000000000000e+03 2.355000000000000000e+03 9.830783906000000183e-01 2.107820920999999847e-01
2.355000000000000000e+03 2.356000000000000000e+03 8.270819580999999587e-01 1.924523982399999888e-01
2.356000000000000000e+03 2.357000000000000000e+03 8.934512145999999877e-01 1.835321037300000069e-01
2.357000000000000000e+03 2.358000000000000000e+03 6.851847237000000534e-01 1.832114227499999914e-01
2.358000000000000000e+03 2.359000000000000000e+03 7.849555230999999411e-01 1.544426860499999998e-01
2.359000000000000000e+03 2.360000000000000000e+03 5.702256189000000086e-01 1.631652926999999920e-01
2.360000000000000000e+03 2.361000000000000000e+03 7.171497913000000057e-01 1.631682960699999962e-01
2.361000000000000000e+03 2.362000000000000000e+03 5.095007668000000045e-01 1.303929143700000015e-01
2.362000000000000000e+03 2.363000000000000000e+03 3.743960752300000139e-01 1.193568301299999940e-01
2.363000000000000000e+03 2.364000000000000000e+03 3.693441769699999933e-01 1.041508662400000007e-01
2.364000000000000000e+03 2.365000000000000000e+03 1.522634146100000085e-01 9.850238890000000136e-02
2.365000000000000000e+03 2.366000000000000000e+03 5.840411285000000063e-01 2.111792917799999725e-01
2.366000000000000000e+03 2.367000000000000000e+03 7.242609945000000327e-01 2.112242683000000176e-01
2.367000000000000000e+03 2.368000000000000000e+03 7.419486935999999311e-01 2.079301109799999991e-01
2.368000000000000000e+03 2.369000000000000000e+03 8.778128855000000286e-01 1.760335719499999951e-01
2.369000000000000000e+03 2.370000000000000000e+03 8.965027080000000925e-01 1.749317700800000208e-01
2.370000000000000000e+03 2.371000000000000000e+03 8.784775797999999636e-01 1.831754962599999870e-01
2.371000000000000000e+03 2.372000000000000000e+03 6.399143728999999725e-01 1.564344098999999877e-01
2.372000000000000000e+03 2.373000000000000000e+03 5.814744067900000646e-01 1.425198134400000038e-01
2.373000000000000000e+03 2.374000000000000000e+03 3.750564786999999733e-01 1.210496053000000016e-01
2.374000000000000000e+03 2.375000000000000000e+03 3.833998369199999590e-01 1.048169510099999924e-01
2.375000000000000000e+03 2.376000000000000000e+03 1.879880591800000000e-01 7.717089506999999515e-02
2.376000000000000000e+03 2.377000000000000000e+03 1.264608630400000155e+00 2.309747364999999997e-01
2.377000000000000000e+03 2.378000000000000000e+03 8.897116781000000696e-01 2.264633432000000002e-01
2.378000000000000000e+03 2.379000000000000000e+03 8.146237656000000493e-01 1.719745339600000089e-01
2.379000000000000000e+03 2.380000000000000000e+03 5.030992778000000776e-01 1.762796331400000027e-01
2.380000000000000000e+03 2.381000000000000000e+03 7.374307444000000045e-01 1.602081923200000257e-01
2.381000000000000000e+03 2.382000000000000000e+03 6.004389293999999877e-01 1.670529894899999979e-01
2.382000000000000000e+03 2.383000000000000000e+03 6.137656231999999434e-01 1.511833300700000104e-01
2.383000000000000000e+03 2.384000000000000000e+03 4.244665921899999916e-01 1.292807297799999922e-01
2.384000000000000000e+03 2.385000000000000000e+03 4.722609457999999982e-01 1.293221599000000110e-01
2.385000000000000000e+03 2.386000000000000000e+03 2.429198722700000035e-01 7.548050149000000431e-02
2.386000000000000000e+03 2.387000000000000000e+03 1.642019982300000069e-01 8.406030811999999630e-02
2.387000000000000000e+03 2.388000000000000000e+03 7.887901197000000142e-01 2.269210489000000053e-01
2.388000000000000000e+03 2.389000000000000000e+03 1.261472637300000033e+00 2.097092797999999814e-01
2.389000000000000000e+03 2.390000000000000000e+03 8.010689913999999856e-01 2.045262711099999908e-01
2.390000000000000000e+03 2.391000000000000000e+03 7.055218147999999800e-01 1.767271241099999946e-01
2.391000000000000000e+03 2.392000000000000000e+03 5.986427019999999155e-01 1.665811745300000146e-01
2.392000000000000000e+03 2.393000000000000000e+03 8.040076649999999825e-01 1.825793129900000200e-01
2.393000000000000000e+03 2.394000000000000000e+03 6.235128556999999239e-01 1.340355316399999830e-01
2.394000000000000000e+03 2.395000000000000000e+03 3.452489771700000265e-01 1.362329372000000149e-01
2.395000000000000000e+03 2.396000000000000000e+03 3.663119602100000094e-01 1.228657560000000065e-01
2.396000000000000000e+03 2.397000000000000000e+03 2.826770502429999943e-01 8.695339975000000721e-02
2.397000000000000000e+03 2.398000000000000000e+03 2.539015211899999791e-01 7.730420890000000433e-02
2.398000000000000000e+03 2.399000000000000000e+03 7.878363377000000556e-01 2.093714390000000203e-01
2.399000000000000000e+03 2.400000000000000000e+03 6.738401408999999953e-01 1.705075498699999970e-01
2.400000000000000000e+03 2.401000000000000000e+03 7.113936055999999786e-01 1.945022256099999958e-01
2.401000000000000000e+03 2.402000000000000000e+03 1.063016557899999937e+00 1.822302915200000040e-01
2.402000000000000000e+03 2.403000000000000000e+03 4.960693042999999580e-01 1.693940091099999934e-01
2.403000000000000000e+03 2.404000000000000000e+03 5.897415389000000285e-01 1.557355599599999918e-01
2.404000000000000000e+03 2.405000000000000000e+03 5.065823603900000416e-01 1.374503971999999907e-01
2.405000000000000000e+03 2.406000000000000000e+03 3.281342264696999744e-01 1.149960831699999991e-01
2.406000000000000000e+03 2.407000000000000000e+03 3.085885494300000254e-01 1.346225864100000225e-01
2.407000000000000000e+03 2.408000000000000000e+03 1.564163492799999777e-01 9.213531799999999383e-02
2.408000000000000000e+03 2.409000000000000000e+03 3.479342170699999959e-01 8.174394967999999706e-02
2.409000000000000000e+03 2.410000000000000000e+03 1.050798400799999976e+00 2.091198454000000040e-01
2.410000000000000000e+03 2.411000000000000000e+03 5.527998613000000283e-01 1.853252532699999899e-01
2.411000000000000000e+03 2.412000000000000000e+03 7.759600108999999968e-01 1.686203806999999888e-01
2.412000000000000000e+03 2.413000000000000000e+03 5.091280217000000441e-01 1.926705417599999803e-01
2.413000000000000000e+03 2.414000000000000000e+03 4.519858440999999782e-01 1.485214771900000008e-01
2.414000000000000000e+03 2.415000000000000000e+03 4.919076895999999754e-01 1.758024739499999822e-01
2.415000000000000000e+03 2.416000000000000000e+03 6.233811063999999957e-01 1.289965996100000123e-01
2.416000000000000000e+03 2.417000000000000000e+03 4.053988391400000224e-01 1.195359665099999941e-01
2.417000000000000000e+03 2.418000000000000000e+03 4.275236995300000231e-01 1.119231601099999890e-01
2.418000000000000000e+03 2.419000000000000000e+03 3.185154478910000031e-01 1.114548726299999931e-01
2.419000000000000000e+03 2.420000000000000000e+03 2.735876413000000174e-01 7.955145567999999390e-02
2.420000000000000000e+03 2.421000000000000000e+03 5.631756807000000142e-01 2.413507285000000002e-01
2.421000000000000000e+03 2.422000000000000000e+03 7.958777205999999493e-01 1.905499092899999858e-01
2.422000000000000000e+03 2.423000000000000000e+03 9.312981196000000850e-01 1.776497788300000213e-01
2.423000000000000000e+03 2.424000000000000000e+03 5.455927050000000111e-01 1.662183007600000206e-01
2.424000000000000000e+03 2.425000000000000000e+03 5.254353039000000392e-01 1.475409253399999898e-01
2.425000000000000000e+03 2.426000000000000000e+03 7.046468787999999872e-01 1.643814503499999857e-01
2.426000000000000000e+03 2.427000000000000000e+03 3.476042568799999621e-01 1.267448589500000111e-01
2.427000000000000000e+03 2.428000000000000000e+03 5.759350306699999589e-01 1.391664160599999922e-01
2.428000000000000000e+03 2.429000000000000000e+03 5.231360753700000643e-01 1.044162658099999919e-01
2.429000000000000000e+03 2.430000000000000000e+03 3.861186067653999965e-01 8.995653106999999815e-02
2.430000000000000000e+03 2.431000000000000000e+03 2.592327565599999994e-01 7.250026917000000626e-02
2.431000000000000000e+03 2.432000000000000000e+03 8.138402691999999661e-01 1.999044978600000022e-01
2.432000000000000000e+03 2.433000000000000000e+03 5.096445067000000551e-01 2.050085936999999914e-01
2.433000000000000000e+03 2.434000000000000000e+03 7.310087865000000074e-01 2.005805519399999903e-01
2.434000000000000000e+03 2.435000000000000000e+03 9.477707718000000225e-01 1.753097687799999860e-01
2.435000000000000000e+03 2.436000000000000000e+03 8.074134847999999698e-01 1.471311626999999844e-01
2.436000000000000000e+03 2.437000000000000000e+03 4.623902767999999996e-01 1.588959690400000013e-01
2.437000000000000000e+03 2.438000000000000000e+03 7.023173876000000648e-01 1.356783020100000015e-01
2.438000000000000000e+03 2.439000000000000000e+03 6.691489704499999913e-01 1.183320242800000033e-01
2.439000000000000000e+03 2.440000000000000000e+03 3.075146154650000296e-01 9.218731085999999630e-02
2.440000000000000000e+03 2.441000000000000000e+03 2.211479227300000017e-01 8.668711592000000188e-02
2.441000000000000000e+03 2.442000000000000000e+03 1.683685476600000064e-01 6.314375036600000657e-02
2.442000000000000000e+03 2.443000000000000000e+03 7.563020742999999602e-01 2.020336024800000185e-01
2.443000000000000000e+03 2.444000000000000000e+03 1.027130380699999845e+00 1.483603267199999909e-01
2.444000000000000000e+03 2.445000000000000000e+03 1.143894662899999970e+00 1.610841307399999978e-01
2.445000000000000000e+03 2.446000000000000000e+03 7.240627581999999896e-01 1.607659354899999837e-01
2.446000000000000000e+03 2.447000000000000000e+03 5.536198552000000106e-01 1.430973414499999985e-01
2.447000000000000000e+03 2.448000000000000000e+03 4.206779596999999926e-01 1.660785437800000042e-01
2.448000000000000000e+03 2.449000000000000000e+03 5.954580031000000773e-01 1.320041933099999898e-01
2.449000000000000000e+03 2.450000000000000000e+03 3.682247116600000370e-01 1.461251220299999987e-01
2.450000000000000000e+03 2.451000000000000000e+03 4.779974658599999704e-01 1.078175939499999986e-01
2.451000000000000000e+03 2.452000000000000000e+03 3.458403805399999920e-01 8.925255792000000299e-02
2.452000000000000000e+03 2.453000000000000000e+03 2.538135350259999590e-01 6.653418380000000742e-02
2.453000000000000000e+03 2.454000000000000000e+03 5.639851301999999622e-01 2.095916882999999953e-01
2.454000000000000000e+03 2.455000000000000000e+03 5.230027932999999907e-01 1.885284040100000114e-01
2.455000000000000000e+03 2.456000000000000000e+03 6.589532357999999812e-01 1.805923662599999979e-01
2.456000000000000000e+03 2.457000000000000000e+03 6.095773354999999283e-01 1.923857640499999910e-01
2.457000000000000000e+03 2.458000000000000000e+03 7.311012114999999589e-01 1.513265671400000068e-01
2.458000000000000000e+03 2.459000000000000000e+03 5.273608565999999831e-01 1.259911628600000055e-01
2.459000000000000000e+03 2.460000000000000000e+03 6.364934493999999665e-01 1.183442040099999953e-01
2.460000000000000000e+03 2.461000000000000000e+03 5.918616752699999983e-01 1.092651452199999984e-01
2.461000000000000000e+03 2.462000000000000000e+03 2.349312677400000049e-01 1.097572212600000097e-01
2.462000000000000000e+03 2.463000000000000000e+03 3.015980617109999540e-01 1.000629836599999933e-01
2.463000000000000000e+03 2.464000000000000000e+03 2.881313187400000309e-01 6.355541632199999957e-02
2.464000000000000000e+03 2.465000000000000000e+03 6.719568338999999391e-01 1.882432659299999866e-01
2.465000000000000000e+03 2.466000000000000000e+03 5.898513429000000752e-01 1.648097310999999954e-01
2.466000000000000000e+03 2.467000000000000000e+03 8.620268620000000048e-01 1.859793315200000130e-01
2.467000000000000000e+03 2.468000000000000000e+03 7.673632019999999665e-01 1.538085047300000174e-01
2.468000000000000000e+03 2.469000000000000000e+03 7.744327181999999254e-01 1.626325291499999826e-01
2.469000000000000000e+03 2.470000000000000000e+03 3.634939244000000014e-01 1.689243714299999977e-01
2.470000000000000000e+03 2.471000000000000000e+03 4.760366055999999957e-01 1.286920753799999928e-01
2.471000000000000000e+03 2.472000000000000000e+03 4.817774499999999960e-01 1.105417940899999923e-01
2.472000000000000000e+03 2.473000000000000000e+03 2.557954823146999512e-01 9.785716050000001220e-02
2.473000000000000000e+03 2.474000000000000000e+03 1.724576202499999988e-01 9.344811687000000033e-02
2.474000000000000000e+03 2.475000000000000000e+03 2.609476856499999831e-01 7.023030474999999995e-02
2.475000000000000000e+03 2.476000000000000000e+03 7.882987341999999620e-01 2.060486616999999965e-01
2.476000000000000000e+03 2.477000000000000000e+03 4.186986060999999815e-01 1.484486708999999960e-01
2.477000000000000000e+03 2.478000000000000000e+03 8.577167127999999474e-01 1.370988802900000025e-01
2.478000000000000000e+03 2.479000000000000000e+03 6.397620969000000768e-01 2.122570644200000023e-01
2.479000000000000000e+03 2.480000000000000000e+03 4.294860399999999578e-01 1.343791874399999919e-01
2.480000000000000000e+03 2.481000000000000000e+03 6.117267417999999735e-01 1.614914473900000147e-01
2.481000000000000000e+03 2.482000000000000000e+03 5.870311601000000046e-01 1.477075815799999969e-01
2.482000000000000000e+03 2.483000000000000000e+03 3.883239182999999595e-01 1.179187869799999955e-01
2.483000000000000000e+03 2.484000000000000000e+03 4.765131287000000104e-01 9.346625278000000869e-02
2.484000000000000000e+03 2.485000000000000000e+03 3.665810272799999714e-01 8.550402552999999961e-02
2.485000000000000000e+03 2.486000000000000000e+03 1.696177089079999867e-01 7.733187779000000317e-02
2.486000000000000000e+03 2.487000000000000000e+03 7.888653029000000094e-01 1.942675128699999920e-01
2.487000000000000000e+03 2.488000000000000000e+03 8.554519296000000494e-01 1.679877181100000172e-01
2.488000000000000000e+03 2.489000000000000000e+03 8.822446550999999415e-01 1.897816781300000200e-01
2.489000000000000000e+03 2.490000000000000000e+03 6.453254339999999756e-01 1.791943245999999823e-01
2.490000000000000000e+03 2.491000000000000000e+03 7.405986449000000471e-01 1.366592186599999981e-01
2.491000000000000000e+03 2.492000000000000000e+03 3.432362566999999642e-01 1.421542557300000120e-01
2.492000000000000000e+03 2.493000000000000000e+03 4.879916277999999941e-01 1.315292722599999964e-01
2.493000000000000000e+03 2.494000000000000000e+03 5.032662537200000008e-01 6.859003073000000117e-02
2.494000000000000000e+03 2.495000000000000000e+03 3.908248429600000295e-01 1.029769964299999951e-01
2.495000000000000000e+03 2.496000000000000000e+03 3.322373080299999559e-01 6.901335204999999029e-02
2.496000000000000000e+03 2.497000000000000000e+03 2.576575142199999946e-01 6.086764161999999589e-02
2.497000000000000000e+03 2.498000000000000000e+03 4.845415938000000033e-01 2.078422312999999855e-01
2.498000000000000000e+03 2.499000000000000000e+03 9.970210733000000047e-01 1.708486408900000142e-01
2.499000000000000000e+03 2.500000000000000000e+03 4.900784769000000041e-01 1.690006498100000143e-01
2.500000000000000000e+03 2.501000000000000000e+03 9.786538841999999905e-01 1.775121254799999770e-01
2.501000000000000000e+03 2.502000000000000000e+03 6.558277142999999754e-01 1.565526691600000186e-01
2.502000000000000000e+03 2.503000000000000000e+03 6.027726595999999271e-01 1.226172140700000079e-01
2.503000000000000000e+03 2.504000000000000000e+03 5.241996482999999873e-01 1.312406421300000015e-01
2.504000000000000000e+03 2.505000000000000000e+03 4.305253899999999523e-01 1.139156099400000094e-01
2.505000000000000000e+03 2.506000000000000000e+03 4.146738324099999984e-01 9.772813964000000297e-02
2.506000000000000000e+03 2.507000000000000000e+03 3.670426861799999663e-01 8.025224969000001318e-02
2.507000000000000000e+03 2.508000000000000000e+03 1.303914408500000122e-01 6.880165758999999548e-02
2.508000000000000000e+03 2.509000000000000000e+03 7.597525484000000606e-01 1.708819748200000044e-01
2.509000000000000000e+03 2.510000000000000000e+03 8.617521688999999485e-01 1.739773709099999843e-01
2.510000000000000000e+03 2.511000000000000000e+03 8.113505071000000068e-01 1.650371736000000034e-01
2.511000000000000000e+03 2.512000000000000000e+03 3.539147350999999886e-01 1.488681673799999994e-01
2.512000000000000000e+03 2.513000000000000000e+03 5.658767607000000366e-01 1.476120652300000058e-01
2.513000000000000000e+03 2.514000000000000000e+03 7.007261478000000876e-01 1.423599558499999973e-01
2.514000000000000000e+03 2.515000000000000000e+03 5.185107691999999435e-01 1.228223736200000082e-01
2.515000000000000000e+03 2.516000000000000000e+03 3.153056320400000057e-01 1.317774300300000034e-01
2.516000000000000000e+03 2.517000000000000000e+03 1.825983533200000175e-01 8.184431435000000254e-02
2.517000000000000000e+03 2.518000000000000000e+03 2.322591419700000270e-01 7.726608890999998869e-02
2.518000000000000000e+03 2.519000000000000000e+03 1.251615021899999958e-01 5.813469667699999732e-02
2.519000000000000000e+03 2.520000000000000000e+03 6.650934548000000390e-01 1.804965677700000048e-01
2.520000000000000000e+03 2.521000000000000000e+03 4.341160377999999653e-01 1.891147561399999788e-01
2.521000000000000000e+03 2.522000000000000000e+03 6.502430270000000290e-01 1.757104147200000133e-01
2.522000000000000000e+03 2.523000000000000000e+03 9.920955243999999285e-01 1.833240638399999956e-01
2.523000000000000000e+03 2.524000000000000000e+03 7.266741778999999957e-01 1.479685380400000139e-01
2.524000000000000000e+03 2.525000000000000000e+03 4.531121670000000101e-01 1.258200728499999921e-01
2.525000000000000000e+03 2.526000000000000000e+03 5.612304858000000118e-01 1.207294052400000040e-01
2.526000000000000000e+03 2.527000000000000000e+03 6.077832603099999620e-01 1.302674167400000027e-01
2.527000000000000000e+03 2.528000000000000000e+03 3.861341411299999971e-01 9.217803622999999613e-02
2.528000000000000000e+03 2.529000000000000000e+03 3.137129268400000170e-01 8.201615403000001026e-02
2.529000000000000000e+03 2.530000000000000000e+03 2.943656037799999847e-01 6.438836216000000390e-02
2.530000000000000000e+03 2.531000000000000000e+03 6.310006390000000298e-01 2.020663148999999881e-01
2.531000000000000000e+03 2.532000000000000000e+03 3.315558645000000193e-01 1.649206421699999925e-01
2.532000000000000000e+03 2.533000000000000000e+03 8.828419903999999985e-01 1.906730206599999977e-01
2.533000000000000000e+03 2.534000000000000000e+03 3.628052424000000054e-01 1.848529508500000029e-01
2.534000000000000000e+03 2.535000000000000000e+03 5.171686615999999681e-01 1.585911503999999916e-01
2.535000000000000000e+03 2.536000000000000000e+03 4.652739577000000182e-01 1.221811825300000015e-01
2.536000000000000000e+03 2.537000000000000000e+03 7.106398255000000441e-01 1.098841433400000039e-01
2.537000000000000000e+03 2.538000000000000000e+03 1.659215132400000126e-01 1.142679449199999892e-01
2.538000000000000000e+03 2.539000000000000000e+03 3.066833499600000179e-01 9.684622168999999781e-02
2.539000000000000000e+03 2.540000000000000000e+03 1.277382742699999796e-01 7.926503956000000017e-02
2.540000000000000000e+03 2.541000000000000000e+03 3.004072087400000424e-01 6.847629783000000470e-02
2.541000000000000000e+03 2.542000000000000000e+03 7.585240155999999345e-01 2.063723434999999995e-01
2.542000000000000000e+03 2.543000000000000000e+03 5.773653450999999270e-01 1.842047613099999925e-01
2.543000000000000000e+03 2.544000000000000000e+03 4.440449924999999576e-01 1.687934155099999889e-01
2.544000000000000000e+03 2.545000000000000000e+03 6.161774815000000682e-01 1.434732639999999892e-01
2.545000000000000000e+03 2.546000000000000000e+03 5.928826395999999832e-01 1.534534395999999912e-01
2.546000000000000000e+03 2.547000000000000000e+03 6.524641211000000718e-01 9.448794088000000979e-02
2.547000000000000000e+03 2.548000000000000000e+03 3.002356204400000173e-01 1.218448644999999969e-01
2.548000000000000000e+03 2.549000000000000000e+03 4.497515788500000000e-01 1.052479502499999997e-01
2.549000000000000000e+03 2.550000000000000000e+03 3.276826813829999963e-01 8.499799140000000031e-02
2.550000000000000000e+03 2.551000000000000000e+03 3.041097393100000157e-01 8.797047406000001180e-02
2.551000000000000000e+03 2.552000000000000000e+03 1.737135222139999935e-01 6.580561412999999527e-02
2.552000000000000000e+03 2.553000000000000000e+03 8.738748592999999731e-01 1.619741779499999923e-01
2.553000000000000000e+03 2.554000000000000000e+03 6.315542702999999980e-01 1.977932444000000123e-01
2.554000000000000000e+03 2.555000000000000000e+03 9.687313709000000550e-01 1.572351782199999937e-01
2.555000000000000000e+03 2.556000000000000000e+03 5.289847422000000243e-01 1.871389694699999995e-01
2.556000000000000000e+03 2.557000000000000000e+03 5.602187916999999961e-01 1.455410557099999780e-01
2.557000000000000000e+03 2.558000000000000000e+03 4.953115943999999993e-01 1.263415274399999899e-01
2.558000000000000000e+03 2.559000000000000000e+03 4.159479402299999795e-01 1.223685408900000021e-01
2.559000000000000000e+03 2.560000000000000000e+03 4.337142044899999771e-01 9.536091013000000394e-02
2.560000000000000000e+03 2.561000000000000000e+03 4.043137733099999576e-01 9.595936836000000525e-02
2.561000000000000000e+03 2.562000000000000000e+03 2.712767767800000063e-01 8.247470600999999568e-02
2.562000000000000000e+03 2.563000000000000000e+03 1.705003729300000048e-01 7.098528479000000557e-02
2.563000000000000000e+03 2.564000000000000000e+03 5.738559222000000348e-01 1.577475068899999999e-01
2.564000000000000000e+03 2.565000000000000000e+03 5.198414326000000418e-01 1.909730197299999988e-01
2.565000000000000000e+03 2.566000000000000000e+03 7.208758088000000175e-01 1.535964335200000197e-01
2.566000000000000000e+03 2.567000000000000000e+03 7.740369596000000740e-01 1.567087039500000001e-01
2.567000000000000000e+03 2.568000000000000000e+03 8.197678913000000511e-01 1.471032675700000014e-01
2.568000000000000000e+03 2.569000000000000000e+03 6.012274261999999148e-01 1.247663635199999926e-01
2.569000000000000000e+03 2.570000000000000000e+03 4.335185014599999831e-01 9.899768932999999937e-02
2.570000000000000000e+03 2.571000000000000000e+03 5.182517437299999363e-01 1.045624228600000039e-01
2.571000000000000000e+03 2.572000000000000000e+03 3.573556864094999952e-01 9.356165024000000219e-02
2.572000000000000000e+03 2.573000000000000000e+03 3.061021946799999949e-01 8.265513672000000811e-02
2.573000000000000000e+03 2.574000000000000000e+03 1.051908164300000004e-01 7.473699889999999013e-02
2.574000000000000000e+03 2.575000000000000000e+03 7.272390974000000341e-01 1.903163398299999864e-01
2.575000000000000000e+03 2.576000000000000000e+03 5.930810247000000146e-01 1.583789456899999948e-01
2.576000000000000000e+03 2.577000000000000000e+03 7.403576829999999331e-01 1.491460088699999853e-01
2.577000000000000000e+03 2.578000000000000000e+03 1.894616343100000155e-01 1.738393089099999900e-01
2.578000000000000000e+03 2.579000000000000000e+03 4.827825533999999807e-01 1.614275242500000096e-01
2.579000000000000000e+03 2.580000000000000000e+03 4.912825621999999948e-01 1.182367267699999946e-01
2.580000000000000000e+03 2.581000000000000000e+03 3.209674769599999977e-01 1.094065280999999973e-01
2.581000000000000000e+03 2.582000000000000000e+03 1.592803062599999764e-01 1.066181010799999995e-01
2.582000000000000000e+03 2.583000000000000000e+03 4.083037471400000062e-01 6.927283552000000622e-02
2.583000000000000000e+03 2.584000000000000000e+03 3.240202626660000362e-01 8.006950603000000111e-02
2.584000000000000000e+03 2.585000000000000000e+03 2.503997519900000301e-01 4.294522067899999435e-02
2.585000000000000000e+03 2.586000000000000000e+03 3.953306335000000282e-01 1.660350668399999952e-01
2.586000000000000000e+03 2.587000000000000000e+03 9.827387248000000186e-01 1.578511374999999883e-01
2.587000000000000000e+03 2.588000000000000000e+03 5.397655286000000441e-01 1.499127150100000028e-01
2.588000000000000000e+03 2.589000000000000000e+03 6.917014864999999624e-01 1.483775377100000070e-01
2.589000000000000000e+03 2.590000000000000000e+03 5.446237217999999602e-01 1.414456040300000050e-01
2.590000000000000000e+03 2.591000000000000000e+03 6.072349200000000113e-01 1.179459687700000065e-01
2.591000000000000000e+03 2.592000000000000000e+03 5.087941613099999927e-01 9.971034924000000965e-02
2.592000000000000000e+03 2.593000000000000000e+03 5.426220430299999453e-01 1.070908036199999941e-01
2.593000000000000000e+03 2.594000000000000000e+03 3.258304068600000325e-01 7.624637354999999617e-02
2.594000000000000000e+03 2.595000000000000000e+03 2.342188926800000126e-01 7.847991077999999510e-02
2.595000000000000000e+03 2.596000000000000000e+03 1.327766843450000067e-01 6.546616219999999708e-02
2.596000000000000000e+03 2.597000000000000000e+03 6.529493786999999161e-01 1.595911244100000070e-01
2.597000000000000000e+03 2.598000000000000000e+03 8.390362295000000081e-01 1.718922808599999963e-01
2.598000000000000000e+03 2.599000000000000000e+03 5.533028596000000299e-01 1.587697696999999797e-01
2.599000000000000000e+03 2.600000000000000000e+03 5.767549538999999781e-01 1.389352381099999978e-01
2.600000000000000000e+03 2.601000000000000000e+03 5.191661795999999995e-01 1.329952655800000216e-01
2.601000000000000000e+03 2.602000000000000000e+03 6.623525182999999705e-01 1.241037628200000048e-01
2.602000000000000000e+03 2.603000000000000000e+03 4.469789888000000322e-01 9.250256717999999490e-02
2.603000000000000000e+03 2.604000000000000000e+03 2.674580660099999951e-01 1.160493221400000080e-01
2.604000000000000000e+03 2.605000000000000000e+03 2.336713209200000085e-01 8.120524266000000990e-02
2.605000000000000000e+03 2.606000000000000000e+03 1.510609176699999889e-01 7.423535652000000373e-02
2.606000000000000000e+03 2.607000000000000000e+03 2.082978543100000024e-01 4.968823747299999649e-02
2.607000000000000000e+03 2.608000000000000000e+03 7.201050021000000578e-01 1.644143311500000093e-01
2.608000000000000000e+03 2.609000000000000000e+03 6.169126700000000518e-01 1.800150570200000077e-01
2.609000000000000000e+03 2.610000000000000000e+03 2.956534406000000392e-01 1.413958570999999942e-01
2.610000000000000000e+03 2.611000000000000000e+03 6.062745953999999493e-01 1.534520401899999997e-01
2.611000000000000000e+03 2.612000000000000000e+03 6.700873904999999908e-01 1.392227649999999983e-01
2.612000000000000000e+03 2.613000000000000000e+03 5.065626523999999797e-01 1.302535695300000018e-01
2.613000000000000000e+03 2.614000000000000000e+03 3.738610466999999771e-01 1.023914465600000018e-01
2.614000000000000000e+03 2.615000000000000000e+03 3.709308462099999981e-01 9.407322294999999335e-02
2.615000000000000000e+03 2.616000000000000000e+03 3.738241039100000385e-01 6.084280138999999948e-02
2.616000000000000000e+03 2.617000000000000000e+03 2.567081469499999935e-01 5.973181247999999333e-02
2.617000000000000000e+03 2.618000000000000000e+03 1.757723783799999828e-01 5.460861455800000014e-02
2.618000000000000000e+03 2.619000000000000000e+03 5.152923788000000060e-01 1.507381558399999988e-01
2.619000000000000000e+03 2.620000000000000000e+03 4.070580664999999820e-01 1.539301980100000189e-01
2.620000000000000000e+03 2.621000000000000000e+03 5.029203283000001079e-01 1.145231812200000060e-01
2.621000000000000000e+03 2.622000000000000000e+03 5.466455760999999747e-01 1.352012844999999908e-01
2.622000000000000000e+03 2.623000000000000000e+03 4.433669380999999965e-01 1.453978568700000085e-01
2.623000000000000000e+03 2.624000000000000000e+03 5.051188898999999788e-01 1.160153474399999995e-01
2.624000000000000000e+03 2.625000000000000000e+03 3.435379494799999933e-01 1.039938175799999948e-01
2.625000000000000000e+03 2.626000000000000000e+03 4.616772902000000345e-01 8.503339522000000206e-02
2.626000000000000000e+03 2.627000000000000000e+03 3.924513041859999940e-01 7.960148620000000175e-02
2.627000000000000000e+03 2.628000000000000000e+03 2.583110750229999919e-01 7.972748418000000226e-02
2.628000000000000000e+03 2.629000000000000000e+03 1.080146955900000011e-01 5.553922700999999740e-02
2.629000000000000000e+03 2.630000000000000000e+03 7.504939615000000286e-01 1.453423083499999768e-01
2.630000000000000000e+03 2.631000000000000000e+03 4.499445991999999617e-01 1.627458429499999970e-01
2.631000000000000000e+03 2.632000000000000000e+03 6.018671503000000422e-01 1.326508404299999999e-01
2.632000000000000000e+03 2.633000000000000000e+03 5.765391014999999841e-01 1.418838299799999869e-01
2.633000000000000000e+03 2.634000000000000000e+03 2.783492064099999941e-01 1.407070359300000018e-01
2.634000000000000000e+03 2.635000000000000000e+03 5.438480728999999236e-01 1.136002032699999914e-01
2.635000000000000000e+03 2.636000000000000000e+03 3.479780719499999675e-01 1.369857530799999945e-01
2.636000000000000000e+03 2.637000000000000000e+03 3.681496845600000234e-01 7.455466709000001246e-02
2.637000000000000000e+03 2.638000000000000000e+03 2.910236892499999950e-01 4.482765316999999528e-02
2.638000000000000000e+03 2.639000000000000000e+03 4.014431511800000130e-01 7.634965325999999719e-02
2.639000000000000000e+03 2.640000000000000000e+03 1.730591736499999811e-01 5.969642396000000156e-02
2.640000000000000000e+03 2.641000000000000000e+03 2.848402412000000106e-01 1.796805209400000047e-01
2.641000000000000000e+03 2.642000000000000000e+03 6.972012673999999910e-01 1.721495052299999995e-01
2.642000000000000000e+03 2.643000000000000000e+03 6.267386389000000335e-01 1.271087920300000007e-01
2.643000000000000000e+03 2.644000000000000000e+03 4.722126328999999845e-01 1.480348776600000082e-01
2.644000000000000000e+03 2.645000000000000000e+03 4.025384488000000038e-01 1.452281402599999993e-01
2.645000000000000000e+03 2.646000000000000000e+03 2.418734657000000121e-01 1.485489017399999889e-01
2.646000000000000000e+03 2.647000000000000000e+03 3.707532599700000264e-01 1.017740198500000082e-01
2.647000000000000000e+03 2.648000000000000000e+03 4.698263722900000161e-01 1.052350132899999985e-01
2.648000000000000000e+03 2.649000000000000000e+03 3.104605840099999847e-01 7.062436197999999443e-02
2.649000000000000000e+03 2.650000000000000000e+03 9.682561552799999471e-02 7.120818176999998972e-02
2.650000000000000000e+03 2.651000000000000000e+03 1.645140424700000104e-01 5.707873579300000444e-02
2.651000000000000000e+03 2.652000000000000000e+03 6.222006759999999526e-01 1.441150290999999861e-01
2.652000000000000000e+03 2.653000000000000000e+03 3.398545273999999949e-01 1.470346357600000042e-01
2.653000000000000000e+03 2.654000000000000000e+03 6.400053445000000174e-01 1.368845896199999967e-01
2.654000000000000000e+03 2.655000000000000000e+03 4.866021823000000190e-01 1.474335594700000029e-01
2.655000000000000000e+03 2.656000000000000000e+03 4.813527237999999930e-01 1.194425659200000073e-01
2.656000000000000000e+03 2.657000000000000000e+03 4.131518564999999699e-01 1.384341142000000136e-01
2.657000000000000000e+03 2.658000000000000000e+03 2.803829881599999574e-01 1.096154132400000009e-01
2.658000000000000000e+03 2.659000000000000000e+03 4.327832917699999671e-01 9.429059166999999297e-02
2.659000000000000000e+03 2.660000000000000000e+03 2.585189985650000466e-01 8.021802879999999358e-02
2.660000000000000000e+03 2.661000000000000000e+03 2.023103982899999986e-01 7.025135276000001039e-02
2.661000000000000000e+03 2.662000000000000000e+03 2.027272630000000186e-01 6.214898677999999843e-02
2.662000000000000000e+03 2.663000000000000000e+03 6.164491056999999996e-01 1.518255535599999928e-01
2.663000000000000000e+03 2.664000000000000000e+03 6.093522853999999711e-01 1.270243300599999958e-01
2.664000000000000000e+03 2.665000000000000000e+03 4.903155915999999892e-01 1.440318227599999834e-01
2.665000000000000000e+03 2.666000000000000000e+03 4.008476933000000297e-01 1.247344495700000028e-01
2.666000000000000000e+03 2.667000000000000000e+03 4.908130133999999978e-01 1.159384760500000028e-01
2.667000000000000000e+03 2.668000000000000000e+03 5.047020103999999563e-01 1.133711191300000032e-01
2.668000000000000000e+03 2.669000000000000000e+03 3.832309111699999660e-01 1.154071935100000057e-01
2.669000000000000000e+03 2.670000000000000000e+03 2.872475278699999635e-01 8.602172576000000070e-02
2.670000000000000000e+03 2.671000000000000000e+03 3.844651663829999899e-01 7.735027489999998784e-02
2.671000000000000000e+03 2.672000000000000000e+03 3.452889430400000181e-01 7.443397166000000065e-02
2.672000000000000000e+03 2.673000000000000000e+03 1.212302685499999921e-01 6.401866197000000147e-02
2.673000000000000000e+03 2.674000000000000000e+03 5.466461044999999519e-01 1.471512095699999967e-01
2.674000000000000000e+03 2.675000000000000000e+03 4.226901651000000149e-01 1.398343979299999928e-01
2.675000000000000000e+03 2.676000000000000000e+03 5.995273886999999968e-01 1.563369924799999922e-01
2.676000000000000000e+03 2.677000000000000000e+03 5.826341566000000638e-01 1.328709884200000024e-01
2.677000000000000000e+03 2.678000000000000000e+03 4.940210382999999927e-01 1.292098909799999917e-01
2.678000000000000000e+03 2.679000000000000000e+03 4.797619009999999906e-01 1.122099924699999918e-01
2.679000000000000000e+03 2.680000000000000000e+03 3.231104692999999806e-01 1.035432164600000038e-01
2.680000000000000000e+03 2.681000000000000000e+03 4.324735333799999970e-01 1.008502422299999979e-01
2.681000000000000000e+03 2.682000000000000000e+03 1.924999690799999996e-01 7.301325968999999860e-02
2.682000000000000000e+03 2.683000000000000000e+03 2.783291462299999908e-01 7.859415748000000979e-02
2.683000000000000000e+03 2.684000000000000000e+03 1.845828650900000201e-01 5.386766751699999939e-02
2.684000000000000000e+03 2.685000000000000000e+03 6.334433557999999964e-01 1.642442625199999895e-01
2.685000000000000000e+03 2.686000000000000000e+03 4.794485414999999917e-01 1.466669190299999814e-01
2.686000000000000000e+03 2.687000000000000000e+03 4.744417183999999899e-01 1.513772683500000105e-01
2.687000000000000000e+03 2.688000000000000000e+03 6.320254379999999950e-01 1.392091248900000078e-01
2.688000000000000000e+03 2.689000000000000000e+03 4.885597416999999942e-01 1.230147027399999954e-01
2.689000000000000000e+03 2.690000000000000000e+03 4.808962311999999684e-01 1.093618974400000082e-01
2.690000000000000000e+03 2.691000000000000000e+03 4.010815849300000124e-01 1.027469195700000115e-01
2.691000000000000000e+03 2.692000000000000000e+03 2.351732187699999976e-01 1.026267165199999942e-01
2.692000000000000000e+03 2.693000000000000000e+03 2.680339457700000039e-01 6.586168573999999498e-02
2.693000000000000000e+03 2.694000000000000000e+03 2.148755246930000029e-01 6.629668920000000853e-02
2.694000000000000000e+03 2.695000000000000000e+03 5.153705027199999983e-02 5.997413617999999835e-02
2.695000000000000000e+03 2.696000000000000000e+03 4.483525395000000358e-01 1.478121567499999789e-01
2.696000000000000000e+03 2.697000000000000000e+03 6.909360657999999988e-01 1.520538434700000052e-01
2.697000000000000000e+03 2.698000000000000000e+03 4.357943002999999926e-01 1.626706847799999911e-01
2.698000000000000000e+03 2.699000000000000000e+03 6.069086886000000236e-01 1.275828508900000158e-01
2.699000000000000000e+03 2.700000000000000000e+03 5.840797061999999373e-01 1.376364478000000058e-01
2.700000000000000000e+03 2.701000000000000000e+03 3.071987461999999836e-01 1.304741732499999918e-01
2.701000000000000000e+03 2.702000000000000000e+03 6.571340073000000448e-01 1.094448634599999998e-01
2.702000000000000000e+03 2.703000000000000000e+03 3.894643678599999936e-01 9.396116672000000281e-02
2.703000000000000000e+03 2.704000000000000000e+03 3.732673050599999987e-01 9.934899756999999998e-02
2.704000000000000000e+03 2.705000000000000000e+03 1.863970840499999948e-01 6.290328123999999743e-02
2.705000000000000000e+03 2.706000000000000000e+03 1.868525902540000005e-01 6.138788083800000156e-02
2.706000000000000000e+03 2.707000000000000000e+03 6.094424077999999190e-01 1.521255093999999974e-01
2.707000000000000000e+03 2.708000000000000000e+03 5.334073301999999739e-01 1.382297270800000033e-01
2.708000000000000000e+03 2.709000000000000000e+03 4.896413242000000055e-01 1.359033390199999858e-01
2.709000000000000000e+03 2.710000000000000000e+03 4.025063237999999544e-01 1.315629276699999961e-01
2.710000000000000000e+03 2.711000000000000000e+03 3.867373137999999821e-01 1.277395209200000159e-01
2.711000000000000000e+03 2.712000000000000000e+03 3.045054563999999853e-01 1.221442916700000020e-01
2.712000000000000000e+03 2.713000000000000000e+03 3.716261079800000089e-01 1.010429851500000004e-01
2.713000000000000000e+03 2.714000000000000000e+03 2.766079009399999844e-01 9.926450308999999750e-02
2.714000000000000000e+03 2.715000000000000000e+03 1.518154041700000012e-01 6.438451315000000286e-02
2.715000000000000000e+03 2.716000000000000000e+03 7.578073720999999041e-02 6.773803034999999195e-02
2.716000000000000000e+03 2.717000000000000000e+03 2.393650020900000008e-01 5.960366722999999728e-02
2.717000000000000000e+03 2.718000000000000000e+03 1.668504395000000029e-01 1.741240279900000132e-01
2.718000000000000000e+03 2.719000000000000000e+03 4.632819096999999942e-01 1.381223801299999998e-01
2.719000000000000000e+03 2.720000000000000000e+03 5.317508798000000203e-01 1.381232626699999966e-01
2.720000000000000000e+03 2.721000000000000000e+03 1.391722203200000119e-01 1.391992998900000167e-01
2.721000000000000000e+03 2.722000000000000000e+03 4.998061021999999354e-01 1.183728943799999961e-01
2.722000000000000000e+03 2.723000000000000000e+03 3.803111586399999799e-01 1.434936830999999913e-01
2.723000000000000000e+03 2.724000000000000000e+03 4.905709021999999919e-01 1.015697210000000017e-01
2.724000000000000000e+03 2.725000000000000000e+03 3.373104408200000015e-01 9.957643534000000518e-02
2.725000000000000000e+03 2.726000000000000000e+03 2.425924562710000121e-01 8.414850969999999875e-02
2.726000000000000000e+03 2.727000000000000000e+03 1.936375241705999839e-01 6.522311160899998961e-02
2.727000000000000000e+03 2.728000000000000000e+03 2.035004131899999791e-01 4.542889498399999698e-02
2.728000000000000000e+03 2.729000000000000000e+03 4.400458264000000064e-01 1.361771239400000055e-01
2.729000000000000000e+03 2.730000000000000000e+03 2.388562211999999962e-01 1.331566359800000210e-01
2.730000000000000000e+03 2.731000000000000000e+03 5.667773798999999890e-01 1.498236436900000079e-01
2.731000000000000000e+03 2.732000000000000000e+03 4.955848428000000361e-01 1.391286210000000079e-01
2.732000000000000000e+03 2.733000000000000000e+03 4.561089718000000404e-01 1.113963964800000067e-01
2.733000000000000000e+03 2.734000000000000000e+03 4.162985590000000125e-01 1.253146246799999863e-01
2.734000000000000000e+03 2.735000000000000000e+03 3.364777538999999540e-01 1.094403332799999962e-01
2.735000000000000000e+03 2.736000000000000000e+03 2.071123862729999932e-01 8.441472936999999677e-02
2.736000000000000000e+03 2.737000000000000000e+03 3.089635322700000075e-01 7.750419597999999577e-02
2.737000000000000000e+03 2.738000000000000000e+03 3.209454682199999742e-01 7.688098208000000711e-02
2.738000000000000000e+03 2.739000000000000000e+03 4.727515504899999776e-02 5.311991795900000007e-02
2.739000000000000000e+03 2.740000000000000000e+03 4.705997330999999728e-01 1.495155991700000131e-01
2.740000000000000000e+03 2.741000000000000000e+03 5.287146340999999694e-01 1.587350339599999938e-01
2.741000000000000000e+03 2.742000000000000000e+03 3.701748734000000485e-01 1.582627662099999888e-01
2.742000000000000000e+03 2.743000000000000000e+03 3.744572467000000238e-01 1.343534074399999889e-01
2.743000000000000000e+03 2.744000000000000000e+03 5.469984381999999368e-01 1.334471034699999947e-01
2.744000000000000000e+03 2.745000000000000000e+03 3.951283593000000094e-01 1.132636660999999934e-01
2.745000000000000000e+03 2.746000000000000000e+03 4.759816910999999928e-01 9.818611007999999973e-02
2.746000000000000000e+03 2.747000000000000000e+03 4.096645734400000127e-01 9.133951397999999500e-02
2.747000000000000000e+03 2.748000000000000000e+03 1.655547229799999853e-01 8.415616084000000774e-02
2.748000000000000000e+03 2.749000000000000000e+03 7.211048238000000721e-02 7.239572518999999595e-02
2.749000000000000000e+03 2.750000000000000000e+03 1.399110193900000021e-01 5.105078775399999463e-02
2.750000000000000000e+03 2.751000000000000000e+03 2.233607717000000159e-01 1.647019520899999923e-01
2.751000000000000000e+03 2.752000000000000000e+03 4.819383091000000174e-01 1.477662997699999980e-01
2.752000000000000000e+03 2.753000000000000000e+03 5.313427942999999765e-01 1.393781730699999999e-01
2.753000000000000000e+03 2.754000000000000000e+03 5.481002455999999246e-01 1.222525761699999880e-01
2.754000000000000000e+03 2.755000000000000000e+03 4.242245390000000116e-01 1.240812063700000023e-01
2.755000000000000000e+03 2.756000000000000000e+03 4.238919896999999715e-01 1.018835456500000042e-01
2.756000000000000000e+03 2.757000000000000000e+03 3.730711291999999624e-01 1.018430074500000088e-01
2.757000000000000000e+03 2.758000000000000000e+03 3.368615843199999627e-01 9.086750911999999514e-02
2.758000000000000000e+03 2.759000000000000000e+03 3.421706692999999799e-02 7.927331769000001138e-02
2.759000000000000000e+03 2.760000000000000000e+03 1.878895990199999921e-01 5.120406407800000281e-02
2.760000000000000000e+03 2.761000000000000000e+03 1.175503010100000106e-01 5.952465392100000224e-02
2.761000000000000000e+03 2.762000000000000000e+03 5.514590777000000221e-01 1.479163504899999870e-01
2.762000000000000000e+03 2.763000000000000000e+03 4.690208498999999809e-01 1.359040862399999994e-01
2.763000000000000000e+03 2.764000000000000000e+03 6.674224944999999076e-01 1.414462252099999984e-01
2.764000000000000000e+03 2.765000000000000000e+03 3.620863304999999976e-01 1.413136886999999953e-01
2.765000000000000000e+03 2.766000000000000000e+03 2.973027945100000236e-01 1.182310077500000056e-01
2.766000000000000000e+03 2.767000000000000000e+03 3.486939453999999827e-01 9.853788351999999418e-02
2.767000000000000000e+03 2.768000000000000000e+03 1.674612289100000095e-01 8.531225734000000283e-02
2.768000000000000000e+03 2.769000000000000000e+03 2.144089564399999925e-01 1.004085101000000008e-01
2.769000000000000000e+03 2.770000000000000000e+03 2.539030886399999964e-01 6.242715768999999859e-02
2.770000000000000000e+03 2.771000000000000000e+03 1.755621763509999933e-01 5.443104005000000412e-02
2.771000000000000000e+03 2.772000000000000000e+03 1.594114241200000059e-01 5.077596016199999868e-02
2.772000000000000000e+03 2.773000000000000000e+03 3.742961208999999734e-01 1.545164293799999866e-01
2.773000000000000000e+03 2.774000000000000000e+03 4.593458355999999743e-01 1.289738198500000044e-01
2.774000000000000000e+03 2.775000000000000000e+03 3.991235218000000473e-01 1.242308046700000002e-01
2.775000000000000000e+03 2.776000000000000000e+03 5.107956343999999760e-01 1.161025711500000002e-01
2.776000000000000000e+03 2.777000000000000000e+03 3.720183051000000019e-01 1.252370735299999926e-01
2.777000000000000000e+03 2.778000000000000000e+03 1.753375796499999917e-01 9.681272226000001146e-02
2.778000000000000000e+03 2.779000000000000000e+03 4.528325549300000197e-01 9.325718828000000016e-02
2.779000000000000000e+03 2.780000000000000000e+03 2.210597651300000022e-01 1.011251716199999956e-01
2.780000000000000000e+03 2.781000000000000000e+03 3.850703693399999961e-01 7.924649344999999678e-02
2.781000000000000000e+03 2.782000000000000000e+03 1.610749014199999996e-01 5.407354604200000081e-02
2.782000000000000000e+03 2.783000000000000000e+03 -8.190090120000000085e-03 4.996808777700000037e-02
2.783000000000000000e+03 2.784000000000000000e+03 5.901202315000000365e-01 1.300548754399999951e-01
2.784000000000000000e+03 2.785000000000000000e+03 7.164112089999999933e-01 1.364329157699999961e-01
2.785000000000000000e+03 2.786000000000000000e+03 5.805063980000000345e-01 1.229333516099999912e-01
2.786000000000000000e+03 2.787000000000000000e+03 4.979531513000000076e-01 1.431392749700000078e-01
2.787000000000000000e+03 2.788000000000000000e+03 5.250479177000000330e-01 1.338423578400000091e-01
2.788000000000000000e+03 2.789000000000000000e+03 4.888217794999999977e-01 8.686082730999999946e-02
2.789000000000000000e+03 2.790000000000000000e+03 3.427220798399999713e-01 8.618546724000000769e-02
2.790000000000000000e+03 2.791000000000000000e+03 3.668284634299999736e-01 1.055920814600000007e-01
2.791000000000000000e+03 2.792000000000000000e+03 1.888714306610000115e-01 8.233147032999998949e-02
2.792000000000000000e+03 2.793000000000000000e+03 1.839679442099999840e-01 5.853357074999999965e-02
2.793000000000000000e+03 2.794000000000000000e+03 1.038282800040000037e-01 4.724898964399999735e-02
2.794000000000000000e+03 2.795000000000000000e+03 5.925388804000000231e-01 1.294889087299999908e-01
2.795000000000000000e+03 2.796000000000000000e+03 5.311194939000000170e-01 1.496830738000000105e-01
2.796000000000000000e+03 2.797000000000000000e+03 2.411924380999999895e-01 1.345280645799999952e-01
2.797000000000000000e+03 2.798000000000000000e+03 6.279687837000000883e-01 1.152726135199999974e-01
2.798000000000000000e+03 2.799000000000000000e+03 3.449621801999999682e-01 1.256988369599999766e-01
2.799000000000000000e+03 2.800000000000000000e+03 4.467146629999999563e-01 9.740487476999999672e-02
2.800000000000000000e+03 2.801000000000000000e+03 2.778167758800000331e-01 9.564628001000000102e-02
2.801000000000000000e+03 2.802000000000000000e+03 1.835553602399999928e-01 8.932336392999999652e-02
2.802000000000000000e+03 2.803000000000000000e+03 2.077033734079999916e-01 7.857719007999999783e-02
2.803000000000000000e+03 2.804000000000000000e+03 2.735879576739999597e-01 6.007856835900000220e-02
2.804000000000000000e+03 2.805000000000000000e+03 1.439278263629999999e-01 4.128536193500000062e-02
2.805000000000000000e+03 2.806000000000000000e+03 4.808174167999999526e-01 1.152915860099999884e-01
2.806000000000000000e+03 2.807000000000000000e+03 5.051414786000000268e-01 1.379657561999999837e-01
2.807000000000000000e+03 2.808000000000000000e+03 4.409608986999999924e-01 1.269938111099999933e-01
2.808000000000000000e+03 2.809000000000000000e+03 2.680187500999999806e-01 1.190666262799999903e-01
2.809000000000000000e+03 2.810000000000000000e+03 2.087777468299999994e-01 1.343762218400000041e-01
2.810000000000000000e+03 2.811000000000000000e+03 3.531295770999999806e-01 9.739030356000000221e-02
2.811000000000000000e+03 2.812000000000000000e+03 3.576198476700000461e-01 1.015122589999999936e-01
2.812000000000000000e+03 2.813000000000000000e+03 3.160367349299999518e-01 7.807682666000000105e-02
2.813000000000000000e+03 2.814000000000000000e+03 2.299313113500000005e-01 8.869099424000000120e-02
2.814000000000000000e+03 2.815000000000000000e+03 1.683340066400000057e-01 6.757756650999999226e-02
2.815000000000000000e+03 2.816000000000000000e+03 6.040354113999999580e-02 5.438123891000000432e-02
2.816000000000000000e+03 2.817000000000000000e+03 2.939069259000000045e-01 1.410844672000000077e-01
2.817000000000000000e+03 2.818000000000000000e+03 3.785908504999999646e-01 1.551519878000000019e-01
2.818000000000000000e+03 2.819000000000000000e+03 3.690280043999999982e-01 1.197517503999999955e-01
2.819000000000000000e+03 2.820000000000000000e+03 3.060543654999999807e-01 1.241940735999999962e-01
2.820000000000000000e+03 2.821000000000000000e+03 7.261067261000000439e-01 1.145806349499999960e-01
2.821000000000000000e+03 2.822000000000000000e+03 5.904088232999999963e-01 1.103133851100000090e-01
2.822000000000000000e+03 2.823000000000000000e+03 3.610421008799999942e-01 8.775627772999999854e-02
2.823000000000000000e+03 2.824000000000000000e+03 2.192665541800000173e-01 8.125989096999999828e-02
2.824000000000000000e+03 2.825000000000000000e+03 2.363739566373000145e-01 6.619503868999999929e-02
2.825000000000000000e+03 2.826000000000000000e+03 1.935344856833000060e-01 5.097035182899999767e-02
2.826000000000000000e+03 2.827000000000000000e+03 1.408693924500000194e-01 6.078098058300000078e-02
2.827000000000000000e+03 2.828000000000000000e+03 3.696174355999999883e-01 1.173991642999999974e-01
2.828000000000000000e+03 2.829000000000000000e+03 4.911908829999999671e-01 1.030491343800000043e-01
2.829000000000000000e+03 2.830000000000000000e+03 5.889109805000000142e-01 1.249975565800000021e-01
2.830000000000000000e+03 2.831000000000000000e+03 3.461980983999999872e-01 1.170441104099999990e-01
2.831000000000000000e+03 2.832000000000000000e+03 1.969990169900000254e-01 1.059699281400000026e-01
2.832000000000000000e+03 2.833000000000000000e+03 5.173680614000000233e-01 1.245385260299999991e-01
2.833000000000000000e+03 2.834000000000000000e+03 2.414220639700000171e-01 8.271628358999999486e-02
2.834000000000000000e+03 2.835000000000000000e+03 2.681332025000000008e-01 7.742920222000000685e-02
2.835000000000000000e+03 2.836000000000000000e+03 2.282395414969999869e-01 4.898671111899999958e-02
2.836000000000000000e+03 2.837000000000000000e+03 1.813405104749999941e-01 5.403077499700000008e-02
2.837000000000000000e+03 2.838000000000000000e+03 1.005771276240000067e-01 3.101834741700000217e-02
2.838000000000000000e+03 2.839000000000000000e+03 3.536542909000000012e-01 1.129920829899999923e-01
2.839000000000000000e+03 2.840000000000000000e+03 3.464965897999999767e-01 1.378087995700000012e-01
2.840000000000000000e+03 2.841000000000000000e+03 5.082725592000000292e-01 1.181082869400000013e-01
2.841000000000000000e+03 2.842000000000000000e+03 3.440036501000000024e-01 1.409728441299999968e-01
2.842000000000000000e+03 2.843000000000000000e+03 4.791969415999999815e-01 1.008421367699999932e-01
2.843000000000000000e+03 2.844000000000000000e+03 4.323658854999999912e-01 9.733236747000000022e-02
2.844000000000000000e+03 2.845000000000000000e+03 1.430733197299999815e-01 9.764627054999999722e-02
2.845000000000000000e+03 2.846000000000000000e+03 4.506934710100000130e-01 7.618421462999999672e-02
2.846000000000000000e+03 2.847000000000000000e+03 1.876566993320000210e-01 6.713497344000000921e-02
2.847000000000000000e+03 2.848000000000000000e+03 2.348154988800000009e-01 5.901321221000000589e-02
2.848000000000000000e+03 2.849000000000000000e+03 1.239179264710000006e-01 5.506088988599999734e-02
2.849000000000000000e+03 2.850000000000000000e+03 4.303524127999999727e-01 1.208837813499999969e-01
2.850000000000000000e+03 2.851000000000000000e+03 2.974618836000000321e-01 1.286686567299999973e-01
2.851000000000000000e+03 2.852000000000000000e+03 3.751643470000000091e-01 1.200851771399999990e-01
2.852000000000000000e+03 2.853000000000000000e+03 5.727889829000000210e-01 1.159908749400000022e-01
2.853000000000000000e+03 2.854000000000000000e+03 2.210845940999999759e-01 1.014405246599999894e-01
2.854000000000000000e+03 2.855000000000000000e+03 3.303027907000000152e-01 1.008511401900000076e-01
2.855000000000000000e+03 2.856000000000000000e+03 3.503263975500000016e-01 1.002127261399999997e-01
2.856000000000000000e+03 2.857000000000000000e+03 2.534644381699999727e-01 8.941489115999999571e-02
2.857000000000000000e+03 2.858000000000000000e+03 2.567773226699999745e-01 8.041836550999999222e-02
2.858000000000000000e+03 2.859000000000000000e+03 2.308306954020000190e-01 4.535442612699999709e-02
2.859000000000000000e+03 2.860000000000000000e+03 8.997775280200000225e-02 4.665169190000000021e-02
2.860000000000000000e+03 2.861000000000000000e+03 2.696235521999999496e-01 1.242523619900000043e-01
2.861000000000000000e+03 2.862000000000000000e+03 4.573507501000000364e-01 1.177689255900000037e-01
2.862000000000000000e+03 2.863000000000000000e+03 3.266059581999999906e-01 1.209983466100000016e-01
2.863000000000000000e+03 2.864000000000000000e+03 4.543369804999999872e-01 9.717331200999999863e-02
2.864000000000000000e+03 2.865000000000000000e+03 2.679694013500000249e-01 1.140622475799999980e-01
2.865000000000000000e+03 2.866000000000000000e+03 2.588898697900000045e-01 9.530363034000000066e-02
2.866000000000000000e+03 2.867000000000000000e+03 1.683912923199999967e-01 8.494032115999999855e-02
2.867000000000000000e+03 2.868000000000000000e+03 1.895584898200000090e-01 8.205378112999998919e-02
2.868000000000000000e+03 2.869000000000000000e+03 1.533629991699999862e-01 6.743010828999999873e-02
2.869000000000000000e+03 2.870000000000000000e+03 1.642743218880000078e-01 5.729409734099999429e-02
2.870000000000000000e+03 2.871000000000000000e+03 1.448089455558999872e-01 4.387267527300000441e-02
2.871000000000000000e+03 2.872000000000000000e+03 2.861176805000000267e-01 1.445805867000000133e-01
2.872000000000000000e+03 2.873000000000000000e+03 3.014974561000000053e-01 1.176560956199999980e-01
2.873000000000000000e+03 2.874000000000000000e+03 3.826093200999999833e-01 9.898649570999999703e-02
2.874000000000000000e+03 2.875000000000000000e+03 4.093112637999999914e-01 1.214477637300000051e-01
2.875000000000000000e+03 2.876000000000000000e+03 3.182134598999999953e-01 9.446263748000000016e-02
2.876000000000000000e+03 2.877000000000000000e+03 3.857363224000000534e-01 9.941496259000000280e-02
2.877000000000000000e+03 2.878000000000000000e+03 3.654343134899999956e-01 1.082914114699999875e-01
2.878000000000000000e+03 2.879000000000000000e+03 2.767052046000000320e-01 6.787265701000000373e-02
2.879000000000000000e+03 2.880000000000000000e+03 2.698442884799999719e-01 7.457991886999999764e-02
2.880000000000000000e+03 2.881000000000000000e+03 1.558346442300000134e-01 4.979248950400000373e-02
2.881000000000000000e+03 2.882000000000000000e+03 7.550474956000000244e-03 4.707733034399999572e-02
2.882000000000000000e+03 2.883000000000000000e+03 5.106652040000000392e-01 1.141628619900000030e-01
2.883000000000000000e+03 2.884000000000000000e+03 4.438187410999999694e-01 1.277411585300000096e-01
2.884000000000000000e+03 2.885000000000000000e+03 5.447317197000000055e-01 1.195571414499999874e-01
2.885000000000000000e+03 2.886000000000000000e+03 3.061033423000000253e-01 1.066223268699999921e-01
2.886000000000000000e+03 2.887000000000000000e+03 3.640783294000000114e-01 8.694345862000001091e-02
2.887000000000000000e+03 2.888000000000000000e+03 3.725784836000000100e-01 9.950048630999999699e-02
2.888000000000000000e+03 2.889000000000000000e+03 4.008684007900000235e-01 9.187808932999999567e-02
2.889000000000000000e+03 2.890000000000000000e+03 2.832062928200000385e-01 8.167852096000000062e-02
2.890000000000000000e+03 2.891000000000000000e+03 1.092769837500000008e-01 7.099692761999999713e-02
2.891000000000000000e+03 2.892000000000000000e+03 7.189971407799999881e-02 5.649575350499999593e-02
2.892000000000000000e+03 2.893000000000000000e+03 1.685980779599999813e-01 4.505373605499999462e-02
2.893000000000000000e+03 2.894000000000000000e+03 2.621159422000000072e-01 1.102602918599999982e-01
2.894000000000000000e+03 2.895000000000000000e+03 2.041918597999999863e-01 9.891914247999999965e-02
2.895000000000000000e+03 2.896000000000000000e+03 6.270790710000000434e-01 1.462965936500000008e-01
2.896000000000000000e+03 2.897000000000000000e+03 3.295114794999999819e-01 1.140430533799999951e-01
2.897000000000000000e+03 2.898000000000000000e+03 5.373758088999999183e-01 9.690789921999999612e-02
2.898000000000000000e+03 2.899000000000000000e+03 4.034456938000000048e-01 7.073142736000000153e-02
2.899000000000000000e+03 2.900000000000000000e+03 2.445045081199999915e-01 7.715141426999999608e-02
2.900000000000000000e+03 2.901000000000000000e+03 2.759580009400000034e-01 7.718011511000000269e-02
2.901000000000000000e+03 2.902000000000000000e+03 1.316851178627000130e-01 7.125183523000000463e-02
2.902000000000000000e+03 2.903000000000000000e+03 2.000991330000000124e-01 4.898398066899999764e-02
2.903000000000000000e+03 2.904000000000000000e+03 8.259911222200000402e-02 3.985664167199999552e-02
2.904000000000000000e+03 2.905000000000000000e+03 4.268035446999999816e-01 1.091739464100000001e-01
2.905000000000000000e+03 2.906000000000000000e+03 3.381325163000000189e-01 1.098246003400000087e-01
2.906000000000000000e+03 2.907000000000000000e+03 1.326416568900000148e-01 1.270583809399999931e-01
2.907000000000000000e+03 2.908000000000000000e+03 4.940884947999999999e-01 1.129429514099999921e-01
2.908000000000000000e+03 2.909000000000000000e+03 4.094094746999999979e-01 1.001137702099999943e-01
2.909000000000000000e+03 2.910000000000000000e+03 3.714928679999999761e-01 8.342992825999999418e-02
2.910000000000000000e+03 2.911000000000000000e+03 1.328417978599999993e-01 8.744083594999998987e-02
2.911000000000000000e+03 2.912000000000000000e+03 2.238201229300000039e-01 6.973244848000000051e-02
2.912000000000000000e+03 2.913000000000000000e+03 1.738648791140000038e-01 6.285925392999999750e-02
2.913000000000000000e+03 2.914000000000000000e+03 1.407869190199999843e-01 5.100466867000000293e-02
2.914000000000000000e+03 2.915000000000000000e+03 1.457176167299999991e-01 4.103180653400000100e-02
2.915000000000000000e+03 2.916000000000000000e+03 1.679777629999999744e-01 1.173808499400000038e-01
2.916000000000000000e+03 2.917000000000000000e+03 3.553528329999999791e-01 1.346032512299999984e-01
2.917000000000000000e+03 2.918000000000000000e+03 4.949155601999999932e-01 1.173378262000000088e-01
2.918000000000000000e+03 2.919000000000000000e+03 2.183462972000000113e-01 1.158623277100000043e-01
2.919000000000000000e+03 2.920000000000000000e+03 4.664024755999999772e-01 1.045761330100000025e-01
2.920000000000000000e+03 2.921000000000000000e+03 3.508887186999999908e-01 9.417512886999999944e-02
2.921000000000000000e+03 2.922000000000000000e+03 3.022598279900000073e-01 8.548301223000000226e-02
2.922000000000000000e+03 2.923000000000000000e+03 2.015851801400000143e-01 7.808508829000000706e-02
2.923000000000000000e+03 2.924000000000000000e+03 2.310660835699999971e-01 6.047441766000000163e-02
2.924000000000000000e+03 2.925000000000000000e+03 1.722709139919999799e-01 5.195915730800000631e-02
2.925000000000000000e+03 2.926000000000000000e+03 1.631178872376999878e-01 4.336187311899999952e-02
2.926000000000000000e+03 2.927000000000000000e+03 4.492059139999999839e-01 1.153178923899999958e-01
2.927000000000000000e+03 2.928000000000000000e+03 4.523443087999999834e-01 9.780591646000000305e-02
2.928000000000000000e+03 2.929000000000000000e+03 3.361975381999999790e-01 1.035063683899999920e-01
2.929000000000000000e+03 2.930000000000000000e+03 4.166055810000000026e-01 9.383679484000000126e-02
2.930000000000000000e+03 2.931000000000000000e+03 8.547509764599998949e-02 1.194781359199999921e-01
2.931000000000000000e+03 2.932000000000000000e+03 3.183111444999999762e-01 9.667672139999999859e-02
2.932000000000000000e+03 2.933000000000000000e+03 2.390550094099999912e-01 8.431822268000001286e-02
2.933000000000000000e+03 2.934000000000000000e+03 3.246988482500000051e-01 7.427574530000000119e-02
2.934000000000000000e+03 2.935000000000000000e+03 1.541905244220000137e-01 6.199974045000000017e-02
2.935000000000000000e+03 2.936000000000000000e+03 1.873765406399999778e-01 5.225344504599999801e-02
2.936000000000000000e+03 2.937000000000000000e+03 8.301364979899999996e-02 4.720141769999999792e-02
2.937000000000000000e+03 2.938000000000000000e+03 2.701164754000000001e-01 1.482362423899999948e-01
2.938000000000000000e+03 2.939000000000000000e+03 2.699763644999999546e-01 1.111462545999999940e-01
2.939000000000000000e+03 2.940000000000000000e+03 4.637336989999999992e-01 1.015372742399999889e-01
2.940000000000000000e+03 2.941000000000000000e+03 5.477356705999999464e-01 1.114805081200000020e-01
2.941000000000000000e+03 2.942000000000000000e+03 6.050890826000000500e-01 9.500331109999998747e-02
2.942000000000000000e+03 2.943000000000000000e+03 4.032177579000000289e-01 9.729909077999999989e-02
2.943000000000000000e+03 2.944000000000000000e+03 3.095636891299999860e-01 8.344669677999999591e-02
2.944000000000000000e+03 2.945000000000000000e+03 1.201324426600000050e-01 8.306568140999999461e-02
2.945000000000000000e+03 2.946000000000000000e+03 1.505785505527000023e-01 7.139575898000000143e-02
2.946000000000000000e+03 2.947000000000000000e+03 1.193295486699999935e-01 4.964734454699999688e-02
2.947000000000000000e+03 2.948000000000000000e+03 9.778031656000001071e-02 4.101307635600000279e-02
2.948000000000000000e+03 2.949000000000000000e+03 1.890267438300000102e-01 1.138425013399999991e-01
2.949000000000000000e+03 2.950000000000000000e+03 4.415086943000000042e-01 1.136223959599999972e-01
2.950000000000000000e+03 2.951000000000000000e+03 4.587094027999999990e-01 1.209500031100000095e-01
2.951000000000000000e+03 2.952000000000000000e+03 2.439978431999999808e-01 8.940176463999999212e-02
2.952000000000000000e+03 2.953000000000000000e+03 2.170602197799999800e-01 1.108377549400000051e-01
2.953000000000000000e+03 2.954000000000000000e+03 3.972647056000000454e-01 9.036141821999998935e-02
2.954000000000000000e+03 2.955000000000000000e+03 3.623842390999999497e-01 8.083356206999998961e-02
2.955000000000000000e+03 2.956000000000000000e+03 1.966113181399999910e-01 7.790462630000000166e-02
2.956000000000000000e+03 2.957000000000000000e+03 2.548006030700000202e-01 6.206533340999999954e-02
2.957000000000000000e+03 2.958000000000000000e+03 2.623069787499999750e-01 5.313399014700000145e-02
2.958000000000000000e+03 2.959000000000000000e+03 1.158589264510000022e-01 4.165915104100000044e-02
2.959000000000000000e+03 2.960000000000000000e+03 4.149365858999999879e-01 1.122720150399999922e-01
2.960000000000000000e+03 2.961000000000000000e+03 2.085425197000000119e-01 1.026344443599999934e-01
2.961000000000000000e+03 2.962000000000000000e+03 3.178683796000000283e-01 1.067563021500000098e-01
2.962000000000000000e+03 2.963000000000000000e+03 4.403210206000000015e-01 1.053245879800000090e-01
2.963000000000000000e+03 2.964000000000000000e+03 3.656151241000000218e-01 9.586546299000001103e-02
2.964000000000000000e+03 2.965000000000000000e+03 2.153843586000000199e-01 9.189501639000000055e-02
2.965000000000000000e+03 2.966000000000000000e+03 2.141863766100000066e-01 7.003733931999998885e-02
2.966000000000000000e+03 2.967000000000000000e+03 1.034296794999999963e-01 9.133693535000000918e-02
2.967000000000000000e+03 2.968000000000000000e+03 1.433895133049999937e-01 5.108362625900000203e-02
2.968000000000000000e+03 2.969000000000000000e+03 6.618022795000000347e-02 6.808951635599999608e-02
2.969000000000000000e+03 2.970000000000000000e+03 1.966226037699999804e-02 3.808892865299999542e-02
2.970000000000000000e+03 2.971000000000000000e+03 2.968946490000000105e-01 1.281428937599999873e-01
2.971000000000000000e+03 2.972000000000000000e+03 4.158557654999999742e-01 1.077221632400000018e-01
2.972000000000000000e+03 2.973000000000000000e+03 3.455378149000000176e-01 1.098557670699999989e-01
2.973000000000000000e+03 2.974000000000000000e+03 6.323361502000000023e-01 1.014731211699999996e-01
2.974000000000000000e+03 2.975000000000000000e+03 3.925890870000000032e-01 9.275661295999999834e-02
2.975000000000000000e+03 2.976000000000000000e+03 2.827965470900000167e-01 8.738665891999999880e-02
2.976000000000000000e+03 2.977000000000000000e+03 2.691504022200000290e-01 8.787245163999998776e-02
2.977000000000000000e+03 2.978000000000000000e+03 2.686030716200000223e-01 7.282512504999999470e-02
2.978000000000000000e+03 2.979000000000000000e+03 1.537276710829999782e-01 5.308268683699999407e-02
2.979000000000000000e+03 2.980000000000000000e+03 2.280413782100000064e-01 5.342368136400000439e-02
2.980000000000000000e+03 2.981000000000000000e+03 1.517700976200000162e-01 4.257760466399999888e-02
2.981000000000000000e+03 2.982000000000000000e+03 2.831375146000000287e-01 1.202615069299999978e-01
2.982000000000000000e+03 2.983000000000000000e+03 2.985533947000000299e-01 1.356039378299999931e-01
2.983000000000000000e+03 2.984000000000000000e+03 2.475068213999999933e-01 1.133801998199999994e-01
2.984000000000000000e+03 2.985000000000000000e+03 4.238872419999999974e-01 1.009835188599999961e-01
2.985000000000000000e+03 2.986000000000000000e+03 4.620792078000000025e-01 9.139993311999999870e-02
2.986000000000000000e+03 2.987000000000000000e+03 2.814674375999999811e-01 8.188577752000000820e-02
2.987000000000000000e+03 2.988000000000000000e+03 3.578981284500000193e-01 7.837372123999999940e-02
2.988000000000000000e+03 2.989000000000000000e+03 2.708138034099999980e-01 7.038127882000000390e-02
2.989000000000000000e+03 2.990000000000000000e+03 1.861091095290000053e-01 5.672578164000000034e-02
2.990000000000000000e+03 2.991000000000000000e+03 9.144544232800000394e-02 4.763900581599999490e-02
2.991000000000000000e+03 2.992000000000000000e+03 5.574599252800000598e-02 4.148817452399999883e-02
2.992000000000000000e+03 2.993000000000000000e+03 5.278393988999999786e-01 1.053458092600000062e-01
2.993000000000000000e+03 2.994000000000000000e+03 4.957547002000000091e-01 1.257142307699999906e-01
2.994000000000000000e+03 2.995000000000000000e+03 4.615335495999999815e-01 1.203663212700000068e-01
2.995000000000000000e+03 2.996000000000000000e+03 3.099911765999999735e-01 9.397976158000000135e-02
2.996000000000000000e+03 2.997000000000000000e+03 3.436873497000000333e-01 8.578663439000000501e-02
2.997000000000000000e+03 2.998000000000000000e+03 2.706879057299999558e-01 8.819493517000000227e-02
2.998000000000000000e+03 2.999000000000000000e+03 2.359063992700000112e-01 7.615489120000000500e-02
2.999000000000000000e+03 3.000000000000000000e+03 1.292067876369999979e-01 5.881389927999999823e-02
3.000000000000000000e+03 3.001000000000000000e+03 1.430859869561000031e-01 5.852664251000000428e-02
3.001000000000000000e+03 3.002000000000000000e+03 1.015991724799999996e-01 4.822455080399999650e-02
3.002000000000000000e+03 3.003000000000000000e+03 5.225037132000000251e-02 4.806211531299999645e-02
3.003000000000000000e+03 3.004000000000000000e+03 3.885197025000000082e-01 9.946205162000000544e-02
3.004000000000000000e+03 3.005000000000000000e+03 2.865251308999999802e-01 1.064869600500000096e-01
3.005000000000000000e+03 3.006000000000000000e+03 2.918325026999999960e-01 1.057417007099999973e-01
3.006000000000000000e+03 3.007000000000000000e+03 3.129336932000000293e-01 1.103606146300000063e-01
3.007000000000000000e+03 3.008000000000000000e+03 3.908833525000000031e-01 8.771504689999999604e-02
3.008000000000000000e+03 3.009000000000000000e+03 4.384287577000000047e-01 9.026854397000000363e-02
3.009000000000000000e+03 3.010000000000000000e+03 3.759888056699999814e-01 9.270258268999999329e-02
3.010000000000000000e+03 3.011000000000000000e+03 2.728953343200000159e-01 6.340146843999999726e-02
3.011000000000000000e+03 3.012000000000000000e+03 8.784794508999999030e-02 5.956523589400000013e-02
3.012000000000000000e+03 3.013000000000000000e+03 1.165866509810000035e-01 4.672854201499999915e-02
3.013000000000000000e+03 3.014000000000000000e+03 7.478652855000000182e-03 4.308699099700000201e-02
3.014000000000000000e+03 3.015000000000000000e+03 3.533305043000000145e-01 1.053463992299999985e-01
3.015000000000000000e+03 3.016000000000000000e+03 4.263894273000000124e-01 1.062757795999999949e-01
3.016000000000000000e+03 3.017000000000000000e+03 4.352469159999999837e-01 1.090028380499999949e-01
3.017000000000000000e+03 3.018000000000000000e+03 4.237697626999999967e-01 9.561796090999999387e-02
3.018000000000000000e+03 3.019000000000000000e+03 2.332023418700000239e-01 9.808508135999999267e-02
3.019000000000000000e+03 3.020000000000000000e+03 1.649853243099999867e-01 8.024086910000000072e-02
3.020000000000000000e+03 3.021000000000000000e+03 9.442312257799999331e-02 8.798096824999999954e-02
3.021000000000000000e+03 3.022000000000000000e+03 2.287041111500000001e-01 6.917114616999998911e-02
3.022000000000000000e+03 3.023000000000000000e+03 1.938996415529999906e-01 5.044853868100000055e-02
3.023000000000000000e+03 3.024000000000000000e+03 1.584882190799999924e-01 4.894504405300000027e-02
3.024000000000000000e+03 3.025000000000000000e+03 3.931138044400000336e-02 3.816610304200000053e-02
3.025000000000000000e+03 3.026000000000000000e+03 5.557621715999999656e-01 1.099716525499999931e-01
3.026000000000000000e+03 3.027000000000000000e+03 3.178577407000000021e-01 1.183664249100000038e-01
3.027000000000000000e+03 3.028000000000000000e+03 2.317208607999999836e-01 6.471155053999999573e-02
3.028000000000000000e+03 3.029000000000000000e+03 1.021721520300000047e-01 9.732710544000000574e-02
3.029000000000000000e+03 3.030000000000000000e+03 3.042681050000000109e-01 9.494533981999998817e-02
3.030000000000000000e+03 3.031000000000000000e+03 3.259982664000000141e-01 8.276934253999999880e-02
3.031000000000000000e+03 3.032000000000000000e+03 3.419372905099999915e-01 7.214293340999999860e-02
3.032000000000000000e+03 3.033000000000000000e+03 2.121596036199999979e-01 7.836618017999999464e-02
3.033000000000000000e+03 3.034000000000000000e+03 6.333322059099999457e-02 5.577016072999999713e-02
3.034000000000000000e+03 3.035000000000000000e+03 1.482982367280000213e-01 4.483402146999999893e-02
3.035000000000000000e+03 3.036000000000000000e+03 6.621192035200000603e-02 3.689128591300000481e-02
3.036000000000000000e+03 3.037000000000000000e+03 2.764093065000000071e-01 8.473609177000000769e-02
3.037000000000000000e+03 3.038000000000000000e+03 2.588110104000000411e-01 9.360670525000000519e-02
3.038000000000000000e+03 3.039000000000000000e+03 3.850166065999999776e-01 9.901481441999999966e-02
3.039000000000000000e+03 3.040000000000000000e+03 4.840486547000000250e-01 9.829543243999999680e-02
3.040000000000000000e+03 3.041000000000000000e+03 2.477728325999999925e-01 9.852523394999999906e-02
3.041000000000000000e+03 3.042000000000000000e+03 2.580200063099999941e-01 8.512118007999999736e-02
3.042000000000000000e+03 3.043000000000000000e+03 1.922324383300000050e-01 6.742941664999999030e-02
3.043000000000000000e+03 3.044000000000000000e+03 1.994627312699999988e-01 8.002945216000000028e-02
3.044000000000000000e+03 3.045000000000000000e+03 1.092566842340000066e-01 5.022673448000000013e-02
3.045000000000000000e+03 3.046000000000000000e+03 1.102355099809999989e-01 3.830905570200000138e-02
3.046000000000000000e+03 3.047000000000000000e+03 1.157426912700000032e-01 3.779026898199999707e-02
3.047000000000000000e+03 3.048000000000000000e+03 3.300930591999999830e-01 1.017218360800000027e-01
3.048000000000000000e+03 3.049000000000000000e+03 3.363750284999999507e-01 9.765222457000000134e-02
3.049000000000000000e+03 3.050000000000000000e+03 4.109592719000000338e-01 8.420168184999998751e-02
3.050000000000000000e+03 3.051000000000000000e+03 5.120391769000000037e-01 9.948077874999999848e-02
3.051000000000000000e+03 3.052000000000000000e+03 3.468666692999999857e-01 8.899710225000000141e-02
3.052000000000000000e+03 3.053000000000000000e+03 2.207409723299999793e-01 7.156340411999999318e-02
3.053000000000000000e+03 3.054000000000000000e+03 1.801162571200000118e-01 5.438760910999999865e-02
3.054000000000000000e+03 3.055000000000000000e+03 2.563824479899999842e-01 6.161226787999999482e-02
3.055000000000000000e+03 3.056000000000000000e+03 2.063594143980000128e-01 5.230822575699999727e-02
3.056000000000000000e+03 3.057000000000000000e+03 1.488114271029999935e-01 3.761452207399999803e-02
3.057000000000000000e+03 3.058000000000000000e+03 9.730607737999999451e-02 4.156095204300000456e-02
3.058000000000000000e+03 3.059000000000000000e+03 3.957540754999999688e-01 1.020570192500000056e-01
3.059000000000000000e+03 3.060000000000000000e+03 4.535420712999999604e-01 1.022938494800000042e-01
3.060000000000000000e+03 3.061000000000000000e+03 4.076339650999999953e-01 8.960115253999999252e-02
3.061000000000000000e+03 3.062000000000000000e+03 4.004354883999999837e-01 1.115630895100000047e-01
3.062000000000000000e+03 3.063000000000000000e+03 3.236632774100000054e-01 9.620877235999999999e-02
3.063000000000000000e+03 3.064000000000000000e+03 3.595087204099999822e-01 8.274374196999999265e-02
3.064000000000000000e+03 3.065000000000000000e+03 3.097206213300000011e-01 8.159070239999999252e-02
3.065000000000000000e+03 3.066000000000000000e+03 1.964916214500000147e-01 5.524391632000000274e-02
3.066000000000000000e+03 3.067000000000000000e+03 3.000714258500000176e-01 6.017826402999999769e-02
3.067000000000000000e+03 3.068000000000000000e+03 1.370877192299999880e-01 4.816841037899999983e-02
3.068000000000000000e+03 3.069000000000000000e+03 5.212325011099999683e-02 4.545520241599999844e-02
3.069000000000000000e+03 3.070000000000000000e+03 3.745813853999999665e-01 1.031934558600000051e-01
3.070000000000000000e+03 3.071000000000000000e+03 2.759080153999999840e-01 1.119208601299999939e-01
3.071000000000000000e+03 3.072000000000000000e+03 4.188502635999999946e-01 9.670801680999999150e-02
3.072000000000000000e+03 3.073000000000000000e+03 1.235775778399999941e-01 9.484424212000000520e-02
3.073000000000000000e+03 3.074000000000000000e+03 3.004229698700000006e-01 7.343629299999999971e-02
3.074000000000000000e+03 3.075000000000000000e+03 2.196921973700000086e-01 8.594202224999999973e-02
3.075000000000000000e+03 3.076000000000000000e+03 1.739470769400000005e-01 7.526588038999999786e-02
3.076000000000000000e+03 3.077000000000000000e+03 2.583379435800000068e-01 7.142986183999999739e-02
3.077000000000000000e+03 3.078000000000000000e+03 2.207881344600000073e-01 5.973162919999999709e-02
3.078000000000000000e+03 3.079000000000000000e+03 8.099260832200000371e-02 4.166929848100000416e-02
3.079000000000000000e+03 3.080000000000000000e+03 1.287332125289999962e-01 3.934848587600000419e-02
3.080000000000000000e+03 3.081000000000000000e+03 3.969587384000000108e-01 9.779729006999998697e-02
3.081000000000000000e+03 3.082000000000000000e+03 3.380773992000000172e-01 9.067674300999999104e-02
3.082000000000000000e+03 3.083000000000000000e+03 4.438767133999999559e-01 1.115008794500000067e-01
3.083000000000000000e+03 3.084000000000000000e+03 2.966984974999999913e-01 8.979003695999999979e-02
3.084000000000000000e+03 3.085000000000000000e+03 2.818045729599999993e-01 5.670217936000000042e-02
3.085000000000000000e+03 3.086000000000000000e+03 2.948552998999999786e-01 6.683103296999999554e-02
3.086000000000000000e+03 3.087000000000000000e+03 3.702027941400000133e-01 7.252198430999999557e-02
3.087000000000000000e+03 3.088000000000000000e+03 2.733871006999999964e-01 6.774141039000000641e-02
3.088000000000000000e+03 3.089000000000000000e+03 6.188576753399999825e-02 5.225624487000000290e-02
3.089000000000000000e+03 3.090000000000000000e+03 4.386895144999999885e-02 3.896915508800000150e-02
3.090000000000000000e+03 3.091000000000000000e+03 9.654619285064999779e-02 3.285268835699999695e-02
3.091000000000000000e+03 3.092000000000000000e+03 2.348185171999999932e-01 8.535149744999999399e-02
3.092000000000000000e+03 3.093000000000000000e+03 3.382221931000000126e-01 1.083858017499999965e-01
3.093000000000000000e+03 3.094000000000000000e+03 2.913349438999999763e-01 9.918695176000000280e-02
3.094000000000000000e+03 3.095000000000000000e+03 3.100389913000000108e-01 8.583498151000000520e-02
3.095000000000000000e+03 3.096000000000000000e+03 1.827025510099999916e-01 7.619394983999999704e-02
3.096000000000000000e+03 3.097000000000000000e+03 3.129832243000000291e-01 8.212804598999999539e-02
3.097000000000000000e+03 3.098000000000000000e+03 2.033780856800000147e-01 6.668664859000000833e-02
3.098000000000000000e+03 3.099000000000000000e+03 2.753916691399999617e-01 6.229093663000000169e-02
3.099000000000000000e+03 3.100000000000000000e+03 1.954717441999999916e-01 5.641499986699999997e-02
3.100000000000000000e+03 3.101000000000000000e+03 9.565291282299999420e-02 4.101380724400000011e-02
3.101000000000000000e+03 3.102000000000000000e+03 1.166418481100000015e-01 2.966090594700000055e-02
3.102000000000000000e+03 3.103000000000000000e+03 3.488154304999999678e-01 8.844163681000000166e-02
3.103000000000000000e+03 3.104000000000000000e+03 4.327657250999999983e-01 1.164358859399999974e-01
3.104000000000000000e+03 3.105000000000000000e+03 2.517292796000000221e-01 8.246698937000000729e-02
3.105000000000000000e+03 3.106000000000000000e+03 2.801531234000000370e-01 8.904256846999999975e-02
3.106000000000000000e+03 3.107000000000000000e+03 2.641340540000000070e-01 5.594389589999999857e-02
3.107000000000000000e+03 3.108000000000000000e+03 2.272656923399999918e-01 8.287691872999999876e-02
3.108000000000000000e+03 3.109000000000000000e+03 2.334947431600000178e-01 5.058650846999999950e-02
3.109000000000000000e+03 3.110000000000000000e+03 1.309862954040000027e-01 5.287485721000000083e-02
3.110000000000000000e+03 3.111000000000000000e+03 1.408375917000000144e-01 4.934720564000000254e-02
3.111000000000000000e+03 3.112000000000000000e+03 1.539649007099999911e-01 3.949156539799999338e-02
3.112000000000000000e+03 3.113000000000000000e+03 5.732329750000000196e-02 3.064752405700000085e-02
3.113000000000000000e+03 3.114000000000000000e+03 1.913481801999999954e-01 9.723764386000000037e-02
3.114000000000000000e+03 3.115000000000000000e+03 3.825963748999999803e-01 1.033071451000000113e-01
3.115000000000000000e+03 3.116000000000000000e+03 2.266686301399999937e-01 8.296790302000001116e-02
3.116000000000000000e+03 3.117000000000000000e+03 2.653737784999999905e-01 8.135327029000000154e-02
3.117000000000000000e+03 3.118000000000000000e+03 3.579691520999999654e-01 7.352064305000000077e-02
3.118000000000000000e+03 3.119000000000000000e+03 1.821755683800000136e-01 6.758095425999999240e-02
3.119000000000000000e+03 3.120000000000000000e+03 1.344961579989999989e-01 6.201499826000000243e-02
3.120000000000000000e+03 3.121000000000000000e+03 8.818742299330001311e-02 5.183668133000000205e-02
3.121000000000000000e+03 3.122000000000000000e+03 1.885577614829999915e-01 5.169095078000000149e-02
3.122000000000000000e+03 3.123000000000000000e+03 9.949372173999999902e-02 4.241705372500000071e-02
3.123000000000000000e+03 3.124000000000000000e+03 8.790077410999999532e-04 2.416022438899999986e-02
3.124000000000000000e+03 3.125000000000000000e+03 5.566154879999999361e-01 1.129160421599999936e-01
3.125000000000000000e+03 3.126000000000000000e+03 4.677187301999999880e-01 9.426266700999999526e-02
3.126000000000000000e+03 3.127000000000000000e+03 4.125264158999999986e-01 8.678885823999998861e-02
3.127000000000000000e+03 3.128000000000000000e+03 2.951725687000000264e-01 7.857933358999999451e-02
3.128000000000000000e+03 3.129000000000000000e+03 2.131477803000000060e-01 7.533525905999999273e-02
3.129000000000000000e+03 3.130000000000000000e+03 2.270753806200000169e-01 7.418288930999999975e-02
3.130000000000000000e+03 3.131000000000000000e+03 1.593153703000000157e-02 6.754332596999999827e-02
3.131000000000000000e+03 3.132000000000000000e+03 5.331713353000000488e-02 5.539015832000000056e-02
3.132000000000000000e+03 3.133000000000000000e+03 1.187197443700000049e-01 4.822352903000000357e-02
3.133000000000000000e+03 3.134000000000000000e+03 1.355817085999999963e-02 3.342579001600000377e-02
3.134000000000000000e+03 3.135000000000000000e+03 6.449633019000000633e-02 3.126901983399999613e-02
3.135000000000000000e+03 3.136000000000000000e+03 3.537755116999999894e-01 8.728651474000000132e-02
3.136000000000000000e+03 3.137000000000000000e+03 3.005885987999999953e-01 8.847483775999999411e-02
3.137000000000000000e+03 3.138000000000000000e+03 3.189669287999999936e-01 1.022908423000000039e-01
3.138000000000000000e+03 3.139000000000000000e+03 1.512775429700000118e-01 7.947763526000001244e-02
3.139000000000000000e+03 3.140000000000000000e+03 2.015341696600000121e-01 6.488495068000001142e-02
3.140000000000000000e+03 3.141000000000000000e+03 9.871693424999999911e-02 6.556858992000000330e-02
3.141000000000000000e+03 3.142000000000000000e+03 4.649508189000000485e-02 5.975350328999999572e-02
3.142000000000000000e+03 3.143000000000000000e+03 1.438396860720000114e-01 5.547255512999999666e-02
3.143000000000000000e+03 3.144000000000000000e+03 1.326664530999999980e-01 5.294513843999999747e-02
3.144000000000000000e+03 3.145000000000000000e+03 5.128445519199999886e-02 3.844917529499999875e-02
3.145000000000000000e+03 3.146000000000000000e+03 9.920819957499998898e-02 3.302332462899999765e-02
3.146000000000000000e+03 3.147000000000000000e+03 3.995692972000000065e-01 9.865217074999999003e-02
3.147000000000000000e+03 3.148000000000000000e+03 3.161194146999999899e-01 8.456712934000000514e-02
3.148000000000000000e+03 3.149000000000000000e+03 3.784314706999999944e-01 1.007727764300000023e-01
3.149000000000000000e+03 3.150000000000000000e+03 2.206305853599999922e-01 8.367740747000000645e-02
3.150000000000000000e+03 3.151000000000000000e+03 1.028152272300000003e-01 6.636972173999999836e-02
3.151000000000000000e+03 3.152000000000000000e+03 1.314519422400000082e-01 6.747305735999999110e-02
3.152000000000000000e+03 3.153000000000000000e+03 6.457721581599999705e-02 5.647102905999999700e-02
3.153000000000000000e+03 3.154000000000000000e+03 8.121675290999999519e-02 5.592142707000000157e-02
3.154000000000000000e+03 3.155000000000000000e+03 9.698375602999999290e-02 4.384656095799999848e-02
3.155000000000000000e+03 3.156000000000000000e+03 1.370036624600000086e-01 4.335778978999999672e-02
3.156000000000000000e+03 3.157000000000000000e+03 9.141896244400000981e-02 3.420276059300000199e-02
3.157000000000000000e+03 3.158000000000000000e+03 2.668668275000000145e-01 1.074944103899999892e-01
3.158000000000000000e+03 3.159000000000000000e+03 3.062252990000000064e-01 1.037567446699999979e-01
3.159000000000000000e+03 3.160000000000000000e+03 2.535227268999999950e-01 1.001800183399999961e-01
3.160000000000000000e+03 3.161000000000000000e+03 3.745550602000000118e-01 8.480161766000000878e-02
3.161000000000000000e+03 3.162000000000000000e+03 8.946151966000000233e-02 6.430930098999999844e-02
3.162000000000000000e+03 3.163000000000000000e+03 6.579407025100000861e-02 7.132176827999998914e-02
3.163000000000000000e+03 3.164000000000000000e+03 8.037069957999999625e-02 4.962071167999999866e-02
3.164000000000000000e+03 3.165000000000000000e+03 7.820037093999999966e-02 5.242811185999999429e-02
3.165000000000000000e+03 3.166000000000000000e+03 1.774515831240000008e-01 3.989393977200000191e-02
3.166000000000000000e+03 3.167000000000000000e+03 6.945566186200000103e-02 3.520251554599999888e-02
3.167000000000000000e+03 3.168000000000000000e+03 1.747286574449999907e-01 3.443919772400000356e-02
3.168000000000000000e+03 3.169000000000000000e+03 3.755467286999999987e-01 9.740296485999999643e-02
3.169000000000000000e+03 3.170000000000000000e+03 3.251347391000000142e-01 8.512560733000000546e-02
3.170000000000000000e+03 3.171000000000000000e+03 2.166839259799999973e-01 8.268380363000001065e-02
3.171000000000000000e+03 3.172000000000000000e+03 1.841940508999999893e-01 8.838651804000000056e-02
3.172000000000000000e+03 3.173000000000000000e+03 2.398240151999999903e-01 6.816023654000000209e-02
3.173000000000000000e+03 3.174000000000000000e+03 7.793057035999999271e-02 6.453747465999999655e-02
3.174000000000000000e+03 3.175000000000000000e+03 2.223129995999999775e-01 6.755191706999999490e-02
3.175000000000000000e+03 3.176000000000000000e+03 1.188034213500000075e-01 4.880039539000000093e-02
3.176000000000000000e+03 3.177000000000000000e+03 1.181461093600000012e-01 4.397839446299999649e-02
3.177000000000000000e+03 3.178000000000000000e+03 6.817920794800000350e-02 3.692467519100000456e-02
3.178000000000000000e+03 3.179000000000000000e+03 6.068878856900000035e-02 3.169891047999999489e-02
3.179000000000000000e+03 3.180000000000000000e+03 4.397800919000000031e-01 9.431244670999999746e-02
3.180000000000000000e+03 3.181000000000000000e+03 2.464493392999999866e-01 7.875898305999999571e-02
3.181000000000000000e+03 3.182000000000000000e+03 4.113448834999999804e-01 8.496740651999999672e-02
3.182000000000000000e+03 3.183000000000000000e+03 3.555786051000000003e-01 8.305754469999999945e-02
3.183000000000000000e+03 3.184000000000000000e+03 3.125656188000000002e-01 6.663418589000000281e-02
3.184000000000000000e+03 3.185000000000000000e+03 2.323314987700000056e-01 6.163040942000000411e-02
3.185000000000000000e+03 3.186000000000000000e+03 1.768341816100000019e-01 5.384524362000000369e-02
3.186000000000000000e+03 3.187000000000000000e+03 1.078973493800000072e-01 4.913720897999999948e-02
3.187000000000000000e+03 3.188000000000000000e+03 2.768378527999999783e-02 4.494647049299999725e-02
3.188000000000000000e+03 3.189000000000000000e+03 9.676559375000000351e-02 3.488190777999999881e-02
3.189000000000000000e+03 3.190000000000000000e+03 4.502924820000000355e-02 2.881198956600000000e-02
3.190000000000000000e+03 3.191000000000000000e+03 3.269259083000000121e-01 8.711970315000000520e-02
3.191000000000000000e+03 3.192000000000000000e+03 4.491153977000000297e-01 8.944114652000000054e-02
3.192000000000000000e+03 3.193000000000000000e+03 2.899595557999999906e-01 1.020241129799999980e-01
3.193000000000000000e+03 3.194000000000000000e+03 1.918119989000000025e-01 8.362837444000000009e-02
3.194000000000000000e+03 3.195000000000000000e+03 3.625806241999999791e-01 8.569973703000000054e-02
3.195000000000000000e+03 3.196000000000000000e+03 1.909759179099999871e-01 6.367826735999999876e-02
3.196000000000000000e+03 3.197000000000000000e+03 1.446890972699999833e-01 6.194793605000000619e-02
3.197000000000000000e+03 3.198000000000000000e+03 2.608454437700000184e-01 5.407162755000000098e-02
3.198000000000000000e+03 3.199000000000000000e+03 1.420793626000000087e-01 4.720531419099999876e-02
3.199000000000000000e+03 3.200000000000000000e+03 1.587465457430000115e-01 3.793658003399999479e-02
3.200000000000000000e+03 3.201000000000000000e+03 6.294873941999999667e-02 3.422000221000000286e-02
3.201000000000000000e+03 3.202000000000000000e+03 3.870530205999999640e-01 8.435318170000000171e-02
3.202000000000000000e+03 3.203000000000000000e+03 2.807752129999999680e-01 1.011187504099999995e-01
3.203000000000000000e+03 3.204000000000000000e+03 3.361049951000000258e-01 7.576142968000000588e-02
3.204000000000000000e+03 3.205000000000000000e+03 3.484863464999999882e-01 8.494581330000000596e-02
3.205000000000000000e+03 3.206000000000000000e+03 1.044698611399999949e-01 7.179720181000000256e-02
3.206000000000000000e+03 3.207000000000000000e+03 2.072551176200000123e-01 6.351620185999999613e-02
3.207000000000000000e+03 3.208000000000000000e+03 8.863585529299999877e-02 5.520217550999999973e-02
3.208000000000000000e+03 3.209000000000000000e+03 1.578463646399999865e-01 6.528406407999999550e-02
3.209000000000000000e+03 3.210000000000000000e+03 6.667620510400000533e-02 5.334184690999999728e-02
3.210000000000000000e+03 3.211000000000000000e+03 1.079257376599999929e-01 3.790462041200000354e-02
3.211000000000000000e+03 3.212000000000000000e+03 4.282717708400000239e-02 3.290184647599999485e-02
3.212000000000000000e+03 3.213000000000000000e+03 1.574553063999999947e-01 9.010486088999999921e-02
3.213000000000000000e+03 3.214000000000000000e+03 2.683432952999999510e-01 1.061771440000000011e-01
3.214000000000000000e+03 3.215000000000000000e+03 3.413635378000000054e-01 7.179231318999999834e-02
3.215000000000000000e+03 3.216000000000000000e+03 3.246666263000000385e-01 7.304510169000000275e-02
3.216000000000000000e+03 3.217000000000000000e+03 1.420960499399999966e-01 7.360006129999999147e-02
3.217000000000000000e+03 3.218000000000000000e+03 8.730798436999999412e-02 6.213272660000000031e-02
3.218000000000000000e+03 3.219000000000000000e+03 1.681317338799999950e-01 5.482217418999999620e-02
3.219000000000000000e+03 3.220000000000000000e+03 9.433021346000000640e-02 5.683255418999999531e-02
3.220000000000000000e+03 3.221000000000000000e+03 1.305650084899999952e-01 3.492749156299999880e-02
3.221000000000000000e+03 3.222000000000000000e+03 1.236243744400000039e-01 4.212126355599999511e-02
3.222000000000000000e+03 3.223000000000000000e+03 6.764729809000000205e-02 3.101690173600000003e-02
3.223000000000000000e+03 3.224000000000000000e+03 2.885568661999999840e-01 8.420243512000000208e-02
3.224000000000000000e+03 3.225000000000000000e+03 2.107100010999999884e-01 7.866486642000000695e-02
3.225000000000000000e+03 3.226000000000000000e+03 3.805139379999999960e-01 7.162044045000000303e-02
3.226000000000000000e+03 3.227000000000000000e+03 1.821171673099999944e-01 6.898136030999998947e-02
3.227000000000000000e+03 3.228000000000000000e+03 2.540331184999999881e-01 6.720767898999999157e-02
3.228000000000000000e+03 3.229000000000000000e+03 2.114657203900000004e-01 5.644913605000000112e-02
3.229000000000000000e+03 3.230000000000000000e+03 6.227240190000000314e-02 6.827406517999999591e-02
3.230000000000000000e+03 3.231000000000000000e+03 1.566575822499999826e-01 5.062874558000000219e-02
3.231000000000000000e+03 3.232000000000000000e+03 4.111820141400000100e-02 4.508279272199999799e-02
3.232000000000000000e+03 3.233000000000000000e+03 1.252655425839999948e-01 3.175881503100000391e-02
3.233000000000000000e+03 3.234000000000000000e+03 8.428156923200000317e-02 3.163404647700000100e-02
3.234000000000000000e+03 3.235000000000000000e+03 3.692195113000000251e-01 8.952454199000001167e-02
3.235000000000000000e+03 3.236000000000000000e+03 3.205318052000000195e-01 8.160069785000000075e-02
3.236000000000000000e+03 3.237000000000000000e+03 2.717148200999999763e-01 7.136151727000000777e-02
3.237000000000000000e+03 3.238000000000000000e+03 1.158732436000000088e-01 8.818606741999999998e-02
3.238000000000000000e+03 3.239000000000000000e+03 3.241559854999999657e-01 5.987464821999999992e-02
3.239000000000000000e+03 3.240000000000000000e+03 3.613356541000000144e-01 6.847385368000000194e-02
3.240000000000000000e+03 3.241000000000000000e+03 1.917691542299999885e-01 5.272349776999999543e-02
3.241000000000000000e+03 3.242000000000000000e+03 1.236611359099999974e-01 5.382216011999999689e-02
3.242000000000000000e+03 3.243000000000000000e+03 1.061839748880000073e-01 4.609380718399999632e-02
3.243000000000000000e+03 3.244000000000000000e+03 1.554695632970000130e-01 3.989805294399999952e-02
3.244000000000000000e+03 3.245000000000000000e+03 5.682781323600000212e-02 2.819010074699999924e-02
3.245000000000000000e+03 3.246000000000000000e+03 4.279985297999999716e-01 9.247082926999999897e-02
3.246000000000000000e+03 3.247000000000000000e+03 2.977444718000000212e-01 7.944714166999999883e-02
3.247000000000000000e+03 3.248000000000000000e+03 2.890829808999999528e-01 8.141497799999999896e-02
3.248000000000000000e+03 3.249000000000000000e+03 4.324427399999999921e-01 8.152581943999999414e-02
3.249000000000000000e+03 3.250000000000000000e+03 1.789475199599999955e-01 6.405600726999999273e-02
3.250000000000000000e+03 3.251000000000000000e+03 1.292138795899999970e-01 6.417953707000000063e-02
3.251000000000000000e+03 3.252000000000000000e+03 1.206592085469999909e-01 5.237525396000000666e-02
3.252000000000000000e+03 3.253000000000000000e+03 1.468623410799999862e-01 4.242343631999999365e-02
3.253000000000000000e+03 3.254000000000000000e+03 1.367431692330000059e-01 4.325548815200000452e-02
3.254000000000000000e+03 3.255000000000000000e+03 1.228617270640000037e-01 4.039350363500000124e-02
3.255000000000000000e+03 3.256000000000000000e+03 1.152490023309999945e-01 3.281422515600000006e-02
3.256000000000000000e+03 3.257000000000000000e+03 3.673828701999999891e-01 8.830927429999999023e-02
3.257000000000000000e+03 3.258000000000000000e+03 3.693686481000000299e-01 1.054597658300000101e-01
3.258000000000000000e+03 3.259000000000000000e+03 2.216309805199999927e-01 8.258066822000000029e-02
3.259000000000000000e+03 3.260000000000000000e+03 2.188141146099999990e-01 7.029005001999999447e-02
3.260000000000000000e+03 3.261000000000000000e+03 2.679389517999999915e-01 6.609951498999999675e-02
3.261000000000000000e+03 3.262000000000000000e+03 2.031957509900000070e-01 6.594486691999999761e-02
3.262000000000000000e+03 3.263000000000000000e+03 1.266278726349999995e-01 5.819297120999999962e-02
3.263000000000000000e+03 3.264000000000000000e+03 2.391849142399999906e-01 5.071915183999999716e-02
3.264000000000000000e+03 3.265000000000000000e+03 1.952446542469999935e-01 3.881641829400000326e-02
3.265000000000000000e+03 3.266000000000000000e+03 5.294894476900000035e-02 2.902668618700000175e-02
3.266000000000000000e+03 3.267000000000000000e+03 1.098384345239999949e-01 3.360804455199999791e-02
3.267000000000000000e+03 3.268000000000000000e+03 2.726144402999999827e-01 9.585971777999999222e-02
3.268000000000000000e+03 3.269000000000000000e+03 3.141231305000000140e-01 9.009942463999999485e-02
3.269000000000000000e+03 3.270000000000000000e+03 1.987955080999999902e-01 7.558667690999999744e-02
3.270000000000000000e+03 3.271000000000000000e+03 1.644790906499999927e-01 6.864932196999999625e-02
3.271000000000000000e+03 3.272000000000000000e+03 2.733556322999999844e-01 6.748774064000000183e-02
3.272000000000000000e+03 3.273000000000000000e+03 2.664180076600000113e-01 5.473391303999999846e-02
3.273000000000000000e+03 3.274000000000000000e+03 8.620127005790000074e-02 4.885153506000000645e-02
3.274000000000000000e+03 3.275000000000000000e+03 2.354899931799999957e-01 4.309547326999999678e-02
3.275000000000000000e+03 3.276000000000000000e+03 1.412647556399999893e-01 4.130873872299999777e-02
3.276000000000000000e+03 3.277000000000000000e+03 8.859605129900000042e-02 3.832413247000000106e-02
3.277000000000000000e+03 3.278000000000000000e+03 1.278985810300000137e-01 2.701235749100000180e-02
3.278000000000000000e+03 3.279000000000000000e+03 2.471670193000000126e-01 1.082992224799999986e-01
3.279000000000000000e+03 3.280000000000000000e+03 2.716788836999999845e-01 7.467723016999999741e-02
3.280000000000000000e+03 3.281000000000000000e+03 3.908326211999999522e-01 6.555972686000000049e-02
3.281000000000000000e+03 3.282000000000000000e+03 3.036335073000000495e-01 7.265501544999999894e-02
3.282000000000000000e+03 3.283000000000000000e+03 1.740728052700000195e-01 6.472812245000000853e-02
3.283000000000000000e+03 3.284000000000000000e+03 1.130365061499999935e-01 5.564856027000000122e-02
3.284000000000000000e+03 3.285000000000000000e+03 1.644170844199999981e-01 4.907572628999999631e-02
3.285000000000000000e+03 3.286000000000000000e+03 1.397298210740000046e-01 4.477579066000000191e-02
3.286000000000000000e+03 3.287000000000000000e+03 9.026390169100000083e-02 4.273251003899999900e-02
3.287000000000000000e+03 3.288000000000000000e+03 4.677176041199999912e-02 3.618747028000000171e-02
3.288000000000000000e+03 3.289000000000000000e+03 3.549272366200000028e-02 3.126077433599999678e-02
3.289000000000000000e+03 3.290000000000000000e+03 2.960666573000000357e-01 7.622108149999999582e-02
3.290000000000000000e+03 3.291000000000000000e+03 3.069064031000000026e-01 7.639307239999999777e-02
3.291000000000000000e+03 3.292000000000000000e+03 2.500027494000000017e-01 8.288816889999998938e-02
3.292000000000000000e+03 3.293000000000000000e+03 2.241570110399999927e-01 8.272796793999999398e-02
3.293000000000000000e+03 3.294000000000000000e+03 3.033621698000000255e-01 7.120387261999999717e-02
3.294000000000000000e+03 3.295000000000000000e+03 2.258519247399999874e-01 5.130366851999999811e-02
3.295000000000000000e+03 3.296000000000000000e+03 1.873710542500000020e-01 5.099298338000000236e-02
3.296000000000000000e+03 3.297000000000000000e+03 1.107056379300000032e-01 4.310586090999999481e-02
3.297000000000000000e+03 3.298000000000000000e+03 1.455648941600000135e-01 3.810630806700000123e-02
3.298000000000000000e+03 3.299000000000000000e+03 7.984720568599999735e-02 3.474412323900000210e-02
3.299000000000000000e+03 3.300000000000000000e+03 1.114710893839999939e-01 2.774581075299999838e-02
3.300000000000000000e+03 3.301000000000000000e+03 3.179114311999999831e-01 7.603445177999999804e-02
3.301000000000000000e+03 3.302000000000000000e+03 2.994317157000000451e-01 9.073540301999999391e-02
3.302000000000000000e+03 3.303000000000000000e+03 2.963303892999999967e-01 7.039642364999999791e-02
3.303000000000000000e+03 3.304000000000000000e+03 2.755979518000000184e-01 7.537938195000000452e-02
3.304000000000000000e+03 3.305000000000000000e+03 2.893502918599999973e-01 6.765322053000000224e-02
3.305000000000000000e+03 3.306000000000000000e+03 1.758334297000000157e-01 6.458587684000000051e-02
3.306000000000000000e+03 3.307000000000000000e+03 1.717344902100000070e-01 5.111508068000000099e-02
3.307000000000000000e+03 3.308000000000000000e+03 1.541947243100000031e-01 4.485536394000000371e-02
3.308000000000000000e+03 3.309000000000000000e+03 1.072102544300000126e-01 4.435133756799999882e-02
3.309000000000000000e+03 3.310000000000000000e+03 1.187215791800000086e-01 4.104719669700000045e-02
3.310000000000000000e+03 3.311000000000000000e+03 4.646529949000000048e-02 2.477266348799999837e-02
3.311000000000000000e+03 3.312000000000000000e+03 2.285027272000000054e-01 7.342101422999999794e-02
3.312000000000000000e+03 3.313000000000000000e+03 2.776015822000000299e-01 7.779867048999999923e-02
3.313000000000000000e+03 3.314000000000000000e+03 3.442613327999999862e-01 6.855142248999999965e-02
3.314000000000000000e+03 3.315000000000000000e+03 2.697671725999999937e-01 7.069492980000000037e-02
3.315000000000000000e+03 3.316000000000000000e+03 1.326248929699999912e-01 6.740176023000001015e-02
3.316000000000000000e+03 3.317000000000000000e+03 2.364783976200000026e-01 5.897708716000000378e-02
3.317000000000000000e+03 3.318000000000000000e+03 2.281136350400000123e-01 4.853311216999999650e-02
3.318000000000000000e+03 3.319000000000000000e+03 9.720695573999998951e-02 5.857133471999999980e-02
3.319000000000000000e+03 3.320000000000000000e+03 8.403095666760000693e-02 4.546083650100000290e-02
3.320000000000000000e+03 3.321000000000000000e+03 9.136988610999999261e-02 3.162365061199999550e-02
3.321000000000000000e+03 3.322000000000000000e+03 6.230845247300000056e-02 2.547227103299999976e-02
3.322000000000000000e+03 3.323000000000000000e+03 1.471117450799999948e-01 7.329533987000000361e-02
3.323000000000000000e+03 3.324000000000000000e+03 2.355631012999999940e-01 7.691147889999999654e-02
3.324000000000000000e+03 3.325000000000000000e+03 1.330696545399999986e-01 7.715407016999999146e-02
3.325000000000000000e+03 3.326000000000000000e+03 2.128058899999999976e-01 6.621589061999999526e-02
3.326000000000000000e+03 3.327000000000000000e+03 2.945342721199999958e-01 6.222701518999999848e-02
3.327000000000000000e+03 3.328000000000000000e+03 2.542728618999999801e-01 5.628549789000000109e-02
3.328000000000000000e+03 3.329000000000000000e+03 1.848559956499999934e-01 4.951334813999999640e-02
3.329000000000000000e+03 3.330000000000000000e+03 1.568973291300000128e-01 4.581328006000000286e-02
3.330000000000000000e+03 3.331000000000000000e+03 1.491527992099999922e-01 4.140638608399999782e-02
3.331000000000000000e+03 3.332000000000000000e+03 8.041620736800000890e-02 2.929031075400000128e-02
3.332000000000000000e+03 3.333000000000000000e+03 9.785705291000000583e-02 3.077980921599999739e-02
3.333000000000000000e+03 3.334000000000000000e+03 2.929946751999999988e-01 7.927284307000000141e-02
3.334000000000000000e+03 3.335000000000000000e+03 2.519713923999999938e-01 7.044044916000000156e-02
3.335000000000000000e+03 3.336000000000000000e+03 2.918200263000000350e-01 7.324406605000000070e-02
3.336000000000000000e+03 3.337000000000000000e+03 2.859583309000000018e-01 6.632589577000000403e-02
3.337000000000000000e+03 3.338000000000000000e+03 2.177100292899999956e-01 6.003269353999999419e-02
3.338000000000000000e+03 3.339000000000000000e+03 1.452828963299999943e-01 5.878772352999999534e-02
3.339000000000000000e+03 3.340000000000000000e+03 1.312867608099999861e-01 5.084961165000000116e-02
3.340000000000000000e+03 3.341000000000000000e+03 1.021603057270999981e-01 5.027389305000000419e-02
3.341000000000000000e+03 3.342000000000000000e+03 1.246209967320000001e-01 4.100825934300000170e-02
3.342000000000000000e+03 3.343000000000000000e+03 1.085704703800000059e-01 3.024485611900000134e-02
3.343000000000000000e+03 3.344000000000000000e+03 -2.769746367000000282e-03 2.970517956599999856e-02
3.344000000000000000e+03 3.345000000000000000e+03 3.315726847000000088e-01 7.790770051999999779e-02
3.345000000000000000e+03 3.346000000000000000e+03 3.419851929000000124e-01 7.730919821999999997e-02
3.346000000000000000e+03 3.347000000000000000e+03 3.142477341000000091e-01 7.938979959000000419e-02
3.347000000000000000e+03 3.348000000000000000e+03 2.635815155999999826e-01 6.881180263000000186e-02
3.348000000000000000e+03 3.349000000000000000e+03 2.975178303000000080e-01 6.004808829999999653e-02
3.349000000000000000e+03 3.350000000000000000e+03 1.909507197199999950e-01 6.705343027999999261e-02
3.350000000000000000e+03 3.351000000000000000e+03 1.953772586099999931e-01 5.335723723000000002e-02
3.351000000000000000e+03 3.352000000000000000e+03 1.899449197799999989e-01 4.984377858000000466e-02
3.352000000000000000e+03 3.353000000000000000e+03 8.964112675299999722e-02 3.904229504000000101e-02
3.353000000000000000e+03 3.354000000000000000e+03 5.989037242999999816e-02 3.230711207999999862e-02
3.354000000000000000e+03 3.355000000000000000e+03 8.713864638000000384e-02 2.842588488999999927e-02
3.355000000000000000e+03 3.356000000000000000e+03 2.699464476000000279e-01 7.862828722000000936e-02
3.356000000000000000e+03 3.357000000000000000e+03 1.589976527699999975e-01 6.732338565999999858e-02
3.357000000000000000e+03 3.358000000000000000e+03 3.167858503999999575e-01 8.295172624000000938e-02
3.358000000000000000e+03 3.359000000000000000e+03 2.263967297100000220e-01 6.234461107000000002e-02
3.359000000000000000e+03 3.360000000000000000e+03 2.113354925500000037e-01 6.003714252000000307e-02
3.360000000000000000e+03 3.361000000000000000e+03 1.458906186699999996e-01 5.239269677999999764e-02
3.361000000000000000e+03 3.362000000000000000e+03 1.862064608800000076e-01 5.592726829999999927e-02
3.362000000000000000e+03 3.363000000000000000e+03 5.300590402999999506e-02 4.007058045000000401e-02
3.363000000000000000e+03 3.364000000000000000e+03 1.450001577819999832e-01 4.258891157700000346e-02
3.364000000000000000e+03 3.365000000000000000e+03 1.284964439979999762e-01 3.258778348899999538e-02
3.365000000000000000e+03 3.366000000000000000e+03 5.797433604100000332e-02 2.834441845700000004e-02
3.366000000000000000e+03 3.367000000000000000e+03 2.283067275000000007e-01 8.153148772000000377e-02
3.367000000000000000e+03 3.368000000000000000e+03 2.556889160999999966e-01 7.788195674999999485e-02
3.368000000000000000e+03 3.369000000000000000e+03 2.897001084999999976e-01 7.595997373000000497e-02
3.369000000000000000e+03 3.370000000000000000e+03 3.310680026999999748e-01 7.308265569999999878e-02
3.370000000000000000e+03 3.371000000000000000e+03 2.255267159500000118e-01 5.721526080000000070e-02
3.371000000000000000e+03 3.372000000000000000e+03 2.592856230500000247e-01 5.344754192000000098e-02
3.372000000000000000e+03 3.373000000000000000e+03 2.030032995599999890e-01 5.389864498000000032e-02
3.373000000000000000e+03 3.374000000000000000e+03 7.989386269999999846e-02 4.197368233000000476e-02
3.374000000000000000e+03 3.375000000000000000e+03 9.194850044240000797e-02 3.920981624500000096e-02
3.375000000000000000e+03 3.376000000000000000e+03 6.594432258200000341e-02 3.864305034600000466e-02
3.376000000000000000e+03 3.377000000000000000e+03 7.427433442000000441e-02 2.338284279700000162e-02
3.377000000000000000e+03 3.378000000000000000e+03 2.609918873000000028e-01 7.175213353999999877e-02
3.378000000000000000e+03 3.379000000000000000e+03 2.101621045000000021e-01 8.273045925999999994e-02
3.379000000000000000e+03 3.380000000000000000e+03 2.281822611000000056e-01 7.916017348999999925e-02
3.380000000000000000e+03 3.381000000000000000e+03 2.190982466999999989e-01 6.376150949999999373e-02
3.381000000000000000e+03 3.382000000000000000e+03 1.768627124900000180e-01 6.793880939000000729e-02
3.382000000000000000e+03 3.383000000000000000e+03 2.039764267899999983e-01 4.862794161000000281e-02
3.383000000000000000e+03 3.384000000000000000e+03 1.935577112100000108e-01 5.018671224000000042e-02
3.384000000000000000e+03 3.385000000000000000e+03 1.994655592600000082e-01 4.608437808000000191e-02
3.385000000000000000e+03 3.386000000000000000e+03 8.227524228999999467e-02 3.616127593000000029e-02
3.386000000000000000e+03 3.387000000000000000e+03 8.375719809800000193e-02 3.268804447800000013e-02
3.387000000000000000e+03 3.388000000000000000e+03 1.032172366199999962e-02 2.712568435499999875e-02
3.388000000000000000e+03 3.389000000000000000e+03 2.646881158999999650e-01 7.553666887000000385e-02
3.389000000000000000e+03 3.390000000000000000e+03 3.270317130000000017e-01 7.233599480999999831e-02
3.390000000000000000e+03 3.391000000000000000e+03 2.293177506999999893e-01 6.589750861000000237e-02
3.391000000000000000e+03 3.392000000000000000e+03 1.470672591999999945e-01 5.714240274999999453e-02
3.392000000000000000e+03 3.393000000000000000e+03 2.695622974999999921e-01 5.378213574000000052e-02
3.393000000000000000e+03 3.394000000000000000e+03 1.970421010600000022e-01 5.344433048000000325e-02
3.394000000000000000e+03 3.395000000000000000e+03 1.589602338100000178e-01 5.108539410000000058e-02
3.395000000000000000e+03 3.396000000000000000e+03 1.619548115699999957e-01 4.531880550999999729e-02
3.396000000000000000e+03 3.397000000000000000e+03 1.116161202079999915e-01 3.326870913100000299e-02
3.397000000000000000e+03 3.398000000000000000e+03 2.030595390399999797e-02 3.226859542499999761e-02
3.398000000000000000e+03 3.399000000000000000e+03 3.383712725899999663e-02 2.455021157899999959e-02
3.399000000000000000e+03 3.400000000000000000e+03 2.311106221000000238e-01 9.011679135999998980e-02
3.400000000000000000e+03 3.401000000000000000e+03 2.485700979999999893e-01 7.093592491999999028e-02
3.401000000000000000e+03 3.402000000000000000e+03 1.742922695400000166e-01 7.158354702999999986e-02
3.402000000000000000e+03 3.403000000000000000e+03 2.720260570999999961e-01 6.422388536999999731e-02
3.403000000000000000e+03 3.404000000000000000e+03 2.393034451799999907e-01 7.697819621999998918e-02
3.404000000000000000e+03 3.405000000000000000e+03 1.456720226799999851e-01 6.174099653000000160e-02
3.405000000000000000e+03 3.406000000000000000e+03 7.430110474199999593e-02 5.373204396999999716e-02
3.406000000000000000e+03 3.407000000000000000e+03 1.915017073100000189e-01 4.174299407000000434e-02
3.407000000000000000e+03 3.408000000000000000e+03 1.916847445799999827e-01 3.952645220599999842e-02
3.408000000000000000e+03 3.409000000000000000e+03 6.476296262500000345e-02 3.183737012599999888e-02
3.409000000000000000e+03 3.410000000000000000e+03 4.174881087599999901e-02 2.126737646000000093e-02
3.410000000000000000e+03 3.411000000000000000e+03 2.419556322000000204e-01 7.268431472999999088e-02
3.411000000000000000e+03 3.412000000000000000e+03 1.992555623000000220e-01 6.250089548999999967e-02
3.412000000000000000e+03 3.413000000000000000e+03 2.196566077999999866e-01 6.082716311999999959e-02
3.413000000000000000e+03 3.414000000000000000e+03 1.637254979699999946e-01 6.242826171999999590e-02
3.414000000000000000e+03 3.415000000000000000e+03 8.902306423000000413e-02 5.725699287999999609e-02
3.415000000000000000e+03 3.416000000000000000e+03 1.510006067699999899e-01 6.553430786000000174e-02
3.416000000000000000e+03 3.417000000000000000e+03 2.007934626400000033e-01 4.885309587000000175e-02
3.417000000000000000e+03 3.418000000000000000e+03 6.759679375000000878e-02 4.533546991000000220e-02
3.418000000000000000e+03 3.419000000000000000e+03 4.998530549999999698e-03 3.562209244200000013e-02
3.419000000000000000e+03 3.420000000000000000e+03 9.411196300200000420e-02 2.898868459200000178e-02
3.420000000000000000e+03 3.421000000000000000e+03 5.346572632199999425e-02 2.254077312200000044e-02
3.421000000000000000e+03 3.422000000000000000e+03 3.546887614999999494e-01 7.574299185999999739e-02
3.422000000000000000e+03 3.423000000000000000e+03 3.474720427000000389e-01 7.195883678000000727e-02
3.423000000000000000e+03 3.424000000000000000e+03 2.801750752000000122e-01 6.529434237999999502e-02
3.424000000000000000e+03 3.425000000000000000e+03 2.317401655000000116e-01 5.874970133000000094e-02
3.425000000000000000e+03 3.426000000000000000e+03 1.366211090699999964e-01 6.879966383999999713e-02
3.426000000000000000e+03 3.427000000000000000e+03 2.102654896599999990e-01 6.264316627999999554e-02
3.427000000000000000e+03 3.428000000000000000e+03 2.103773708799999975e-01 4.628189651999999737e-02
3.428000000000000000e+03 3.429000000000000000e+03 1.597388417819999851e-01 4.267904754999999467e-02
3.429000000000000000e+03 3.430000000000000000e+03 1.308749015000000016e-01 3.719129839000000215e-02
3.430000000000000000e+03 3.431000000000000000e+03 8.541621867000000201e-02 2.875691670700000063e-02
3.431000000000000000e+03 3.432000000000000000e+03 8.914765208400000918e-02 2.521255651900000325e-02
3.432000000000000000e+03 3.433000000000000000e+03 1.819076399000000011e-01 7.355667140000000936e-02
3.433000000000000000e+03 3.434000000000000000e+03 1.120982954100000067e-01 6.861604719000000130e-02
3.434000000000000000e+03 3.435000000000000000e+03 2.632368080999999971e-01 6.600725611999999631e-02
3.435000000000000000e+03 3.436000000000000000e+03 1.291244706899999928e-01 6.056711648000000225e-02
3.436000000000000000e+03 3.437000000000000000e+03 1.166277046900000003e-01 5.843301470999999470e-02
3.437000000000000000e+03 3.438000000000000000e+03 1.737691955800000077e-01 4.536660976999999650e-02
3.438000000000000000e+03 3.439000000000000000e+03 1.658144493100000005e-01 4.409290029999999444e-02
3.439000000000000000e+03 3.440000000000000000e+03 9.356736523999999167e-02 3.943529250799999997e-02
3.440000000000000000e+03 3.441000000000000000e+03 8.323786449099999929e-02 3.593026946800000065e-02
3.441000000000000000e+03 3.442000000000000000e+03 5.063522812899999559e-02 2.596555919000000101e-02
3.442000000000000000e+03 3.443000000000000000e+03 -2.341732442200000069e-02 2.729515821699999775e-02
3.443000000000000000e+03 3.444000000000000000e+03 1.982167985999999937e-01 7.066034402000000159e-02
3.444000000000000000e+03 3.445000000000000000e+03 2.310828061999999905e-01 6.171987093000000368e-02
3.445000000000000000e+03 3.446000000000000000e+03 1.636127111800000089e-01 8.399754043000000336e-02
3.446000000000000000e+03 3.447000000000000000e+03 2.178157367000000122e-01 5.795867497999999951e-02
3.447000000000000000e+03 3.448000000000000000e+03 2.249784423899999775e-01 5.159501588000000444e-02
3.448000000000000000e+03 3.449000000000000000e+03 2.217900164699999899e-01 5.059534547000000410e-02
3.449000000000000000e+03 3.450000000000000000e+03 1.260484361199999959e-01 4.578818810000000183e-02
3.450000000000000000e+03 3.451000000000000000e+03 1.377888206000000004e-01 3.852251651300000329e-02
3.451000000000000000e+03 3.452000000000000000e+03 1.006490897230000042e-01 3.155988715099999897e-02
3.452000000000000000e+03 3.453000000000000000e+03 1.282638493100000110e-01 2.878715348300000046e-02
3.453000000000000000e+03 3.454000000000000000e+03 6.896655730600000089e-02 2.517897154399999921e-02
3.454000000000000000e+03 3.455000000000000000e+03 2.087902799999999948e-01 7.628669327999999805e-02
3.455000000000000000e+03 3.456000000000000000e+03 2.526936179000000005e-01 6.211850583999999759e-02
3.456000000000000000e+03 3.457000000000000000e+03 2.715530670999999896e-01 7.173184054000000809e-02
3.457000000000000000e+03 3.458000000000000000e+03 2.768063284000000235e-01 6.071422041999999936e-02
3.458000000000000000e+03 3.459000000000000000e+03 2.862047946799999854e-01 6.718546588999999014e-02
3.459000000000000000e+03 3.460000000000000000e+03 1.982736113100000142e-01 4.883344408999999720e-02
3.460000000000000000e+03 3.461000000000000000e+03 1.869157272799999991e-01 4.181196595000000182e-02
3.461000000000000000e+03 3.462000000000000000e+03 1.866579089000000025e-01 4.046133134499999701e-02
3.462000000000000000e+03 3.463000000000000000e+03 1.480797465619999864e-01 3.542548568599999947e-02
3.463000000000000000e+03 3.464000000000000000e+03 2.894091271000000243e-02 2.985756700499999847e-02
3.464000000000000000e+03 3.465000000000000000e+03 4.992782344700000263e-02 1.934495988000000180e-02
3.465000000000000000e+03 3.466000000000000000e+03 1.316317640699999902e-01 7.465695700999999684e-02
3.466000000000000000e+03 3.467000000000000000e+03 2.392887551000000002e-01 7.081256519000000971e-02
3.467000000000000000e+03 3.468000000000000000e+03 5.925942328000000092e-02 8.676655672999999958e-02
3.468000000000000000e+03 3.469000000000000000e+03 2.290960775099999958e-01 5.774732750000000081e-02
3.469000000000000000e+03 3.470000000000000000e+03 2.304223171700000017e-01 6.947563237999999919e-02
3.470000000000000000e+03 3.471000000000000000e+03 1.325595833000000057e-01 5.134061711999999417e-02
3.471000000000000000e+03 3.472000000000000000e+03 1.995381493299999975e-01 4.393407516999999624e-02
3.472000000000000000e+03 3.473000000000000000e+03 9.141260508199999801e-02 4.690325761999999954e-02
3.473000000000000000e+03 3.474000000000000000e+03 1.213634226279999978e-01 3.793100617200000080e-02
3.474000000000000000e+03 3.475000000000000000e+03 3.349039151799999836e-02 2.621976850200000153e-02
3.475000000000000000e+03 3.476000000000000000e+03 4.446992186000000430e-02 2.614761110700000030e-02
3.476000000000000000e+03 3.477000000000000000e+03 2.699444381999999698e-01 7.038905302000000863e-02
3.477000000000000000e+03 3.478000000000000000e+03 1.974370139200000152e-01 7.546176017000000291e-02
3.478000000000000000e+03 3.479000000000000000e+03 2.914044512999999781e-01 6.457625598999999772e-02
3.479000000000000000e+03 3.480000000000000000e+03 2.659622593000000035e-01 5.194802658999999462e-02
3.480000000000000000e+03 3.481000000000000000e+03 2.306029112000000103e-01 5.481227304999999883e-02
3.481000000000000000e+03 3.482000000000000000e+03 1.503876873199999908e-01 4.956938831000000378e-02
3.482000000000000000e+03 3.483000000000000000e+03 1.641159860799999981e-01 4.747734022999999803e-02
3.483000000000000000e+03 3.484000000000000000e+03 6.950656097900000108e-02 3.770983359600000445e-02
3.484000000000000000e+03 3.485000000000000000e+03 6.439343469899999617e-02 3.626229208299999729e-02
3.485000000000000000e+03 3.486000000000000000e+03 1.136525444069999974e-01 2.625284824399999953e-02
3.486000000000000000e+03 3.487000000000000000e+03 6.395860542100000046e-02 2.521162911599999709e-02
3.487000000000000000e+03 3.488000000000000000e+03 2.768224291999999975e-01 6.859706228000000960e-02
3.488000000000000000e+03 3.489000000000000000e+03 2.334059001000000078e-01 5.849397188999999608e-02
3.489000000000000000e+03 3.490000000000000000e+03 1.609887042400000023e-01 5.413777871999999464e-02
3.490000000000000000e+03 3.491000000000000000e+03 4.423527573199999979e-02 5.932178202000000511e-02
3.491000000000000000e+03 3.492000000000000000e+03 1.721960670899999879e-01 5.157616346000000462e-02
3.492000000000000000e+03 3.493000000000000000e+03 1.829074973100000001e-01 4.890247889000000348e-02
3.493000000000000000e+03 3.494000000000000000e+03 1.113428249900000055e-01 4.304353972000000278e-02
3.494000000000000000e+03 3.495000000000000000e+03 2.233598270200000124e-01 4.659696270000000112e-02
3.495000000000000000e+03 3.496000000000000000e+03 1.253861591726999902e-01 3.884022585500000041e-02
3.496000000000000000e+03 3.497000000000000000e+03 1.160559727370000099e-01 2.740043093300000010e-02
3.497000000000000000e+03 3.498000000000000000e+03 3.111409796699999772e-02 2.103784729100000028e-02
3.498000000000000000e+03 3.499000000000000000e+03 1.708987198000000152e-01 7.050753496999999370e-02
3.499000000000000000e+03 3.500000000000000000e+03 3.198420889999999961e-01 6.759564792999998850e-02
3.500000000000000000e+03 3.501000000000000000e+03 1.890418641699999902e-01 5.722639649000000467e-02
3.501000000000000000e+03 3.502000000000000000e+03 2.321747445999999826e-01 6.857886059999999950e-02
3.502000000000000000e+03 3.503000000000000000e+03 2.284996001300000079e-01 6.528056872999998816e-02
3.503000000000000000e+03 3.504000000000000000e+03 1.591141930100000157e-01 5.855095819000000201e-02
3.504000000000000000e+03 3.505000000000000000e+03 1.811956432699999842e-01 4.141789562999999980e-02
3.505000000000000000e+03 3.506000000000000000e+03 1.207887932400000114e-01 3.463822914000000419e-02
3.506000000000000000e+03 3.507000000000000000e+03 9.711207197000000860e-03 5.134248650599999853e-02
3.507000000000000000e+03 3.508000000000000000e+03 1.217737185000000028e-02 2.651560346999999943e-02
3.508000000000000000e+03 3.509000000000000000e+03 5.157753837099999378e-02 2.292635902599999762e-02
3.509000000000000000e+03 3.510000000000000000e+03 1.318812992299999987e-01 6.256968458999999372e-02
3.510000000000000000e+03 3.511000000000000000e+03 1.304438723000000133e-01 6.825231797000000378e-02
3.511000000000000000e+03 3.512000000000000000e+03 2.043321822999999982e-01 5.954517829999999429e-02
3.512000000000000000e+03 3.513000000000000000e+03 1.561174313799999769e-01 5.970786007000000034e-02
3.513000000000000000e+03 3.514000000000000000e+03 1.280217003199999870e-01 5.948990112000000080e-02
3.514000000000000000e+03 3.515000000000000000e+03 7.232304145000000017e-02 5.320440223999999690e-02
3.515000000000000000e+03 3.516000000000000000e+03 9.730367757699999454e-02 4.154718053999999910e-02
3.516000000000000000e+03 3.517000000000000000e+03 9.588986425300000116e-02 3.685140706900000285e-02
3.517000000000000000e+03 3.518000000000000000e+03 8.826259129600000364e-02 3.099378705600000158e-02
3.518000000000000000e+03 3.519000000000000000e+03 8.959280435199999670e-02 3.484482174800000026e-02
3.519000000000000000e+03 3.520000000000000000e+03 5.162405129589999614e-02 2.377677616900000096e-02
3.520000000000000000e+03 3.521000000000000000e+03 2.052420266999999965e-01 6.586696874000000368e-02
3.521000000000000000e+03 3.522000000000000000e+03 2.265640057999999957e-01 6.351210997999999497e-02
3.522000000000000000e+03 3.523000000000000000e+03 1.546771574100000157e-01 6.857757039999999582e-02
3.523000000000000000e+03 3.524000000000000000e+03 1.837893098100000233e-01 7.061828458999999669e-02
3.524000000000000000e+03 3.525000000000000000e+03 8.193911231999999323e-02 5.678954069000000104e-02
3.525000000000000000e+03 3.526000000000000000e+03 2.018650942100000123e-01 4.526594218999999836e-02
3.526000000000000000e+03 3.527000000000000000e+03 1.966226057799999871e-01 4.555687111000000095e-02
3.527000000000000000e+03 3.528000000000000000e+03 1.232437682710000038e-01 4.121656439999999560e-02
3.528000000000000000e+03 3.529000000000000000e+03 6.329086649500000050e-02 3.068557621300000218e-02
3.529000000000000000e+03 3.530000000000000000e+03 1.122381579187999995e-01 3.037485719199999740e-02
3.530000000000000000e+03 3.531000000000000000e+03 7.579325919300000658e-02 2.523877746599999944e-02
3.531000000000000000e+03 3.532000000000000000e+03 2.608737982000000066e-01 6.461079611000000722e-02
3.532000000000000000e+03 3.533000000000000000e+03 1.765816422400000030e-01 6.403032705999998908e-02
3.533000000000000000e+03 3.534000000000000000e+03 2.850742445999999708e-01 6.770683962999998751e-02
3.534000000000000000e+03 3.535000000000000000e+03 2.581682255999999676e-01 6.398565471999999310e-02
3.535000000000000000e+03 3.536000000000000000e+03 1.588572305800000084e-01 5.030021403999999918e-02
3.536000000000000000e+03 3.537000000000000000e+03 1.334912546500000019e-01 4.333349826999999960e-02
3.537000000000000000e+03 3.538000000000000000e+03 1.107096285600000091e-01 4.463528384999999876e-02
3.538000000000000000e+03 3.539000000000000000e+03 6.420472270999999509e-02 5.189989066999999706e-02
3.539000000000000000e+03 3.540000000000000000e+03 1.329295920269999987e-01 3.063606114800000030e-02
3.540000000000000000e+03 3.541000000000000000e+03 7.572381279100000306e-02 3.148607262899999482e-02
3.541000000000000000e+03 3.542000000000000000e+03 7.223798143000000060e-02 2.384779229600000189e-02
3.542000000000000000e+03 3.543000000000000000e+03 1.897928021599999959e-01 6.533070500000000280e-02
3.543000000000000000e+03 3.544000000000000000e+03 1.952739746300000134e-01 6.582096750999999468e-02
3.544000000000000000e+03 3.545000000000000000e+03 2.566145448000000107e-01 6.319630380999999297e-02
3.545000000000000000e+03 3.546000000000000000e+03 1.598706127199999993e-01 6.273012105000000393e-02
3.546000000000000000e+03 3.547000000000000000e+03 5.340563761900000289e-02 6.340789284999999442e-02
3.547000000000000000e+03 3.548000000000000000e+03 2.339612148300000138e-01 4.248815752000000001e-02
3.548000000000000000e+03 3.549000000000000000e+03 9.732219320000000395e-02 5.265627223000000218e-02
3.549000000000000000e+03 3.550000000000000000e+03 1.633147060800000105e-01 4.080984784000000337e-02
3.550000000000000000e+03 3.551000000000000000e+03 7.509095781499999789e-02 3.343136347000000286e-02
3.551000000000000000e+03 3.552000000000000000e+03 7.067344343799999984e-02 2.625595280000000281e-02
3.552000000000000000e+03 3.553000000000000000e+03 9.134061513800000032e-02 2.539417020799999980e-02
3.553000000000000000e+03 3.554000000000000000e+03 2.368619122999999771e-01 6.008825027000000429e-02
3.554000000000000000e+03 3.555000000000000000e+03 2.471085566999999816e-01 7.284645311999998762e-02
3.555000000000000000e+03 3.556000000000000000e+03 1.526457015999999889e-01 5.457292101999999812e-02
3.556000000000000000e+03 3.557000000000000000e+03 1.426450422700000220e-01 5.679033768000000398e-02
3.557000000000000000e+03 3.558000000000000000e+03 1.204221844900000005e-01 5.872247811999999761e-02
3.558000000000000000e+03 3.559000000000000000e+03 2.540461381799999918e-01 4.683199611000000290e-02
3.559000000000000000e+03 3.560000000000000000e+03 1.563419662199999893e-01 5.025682907999999560e-02
3.560000000000000000e+03 3.561000000000000000e+03 1.204208745600000019e-01 3.709045084399999886e-02
3.561000000000000000e+03 3.562000000000000000e+03 7.472477277000000306e-02 3.374925554399999666e-02
3.562000000000000000e+03 3.563000000000000000e+03 4.296202020900000140e-02 2.838094964400000170e-02
3.563000000000000000e+03 3.564000000000000000e+03 2.895416403500000041e-02 2.024550377100000145e-02
3.564000000000000000e+03 3.565000000000000000e+03 2.481147719000000029e-01 6.700229500000000338e-02
3.565000000000000000e+03 3.566000000000000000e+03 2.441875122000000120e-01 6.488476495000000677e-02
3.566000000000000000e+03 3.567000000000000000e+03 1.177818530699999977e-01 5.771367352000000145e-02
3.567000000000000000e+03 3.568000000000000000e+03 2.021212150199999946e-01 5.348909963999999573e-02
3.568000000000000000e+03 3.569000000000000000e+03 2.189160424699999885e-01 5.294302635999999923e-02
3.569000000000000000e+03 3.570000000000000000e+03 1.456051397800000036e-01 5.236825905999999836e-02
3.570000000000000000e+03 3.571000000000000000e+03 4.442466779000000393e-02 4.361605378999999783e-02
3.571000000000000000e+03 3.572000000000000000e+03 1.314268014900000225e-01 3.497008492800000173e-02
3.572000000000000000e+03 3.573000000000000000e+03 8.785688060539999233e-02 2.947246143200000015e-02
3.573000000000000000e+03 3.574000000000000000e+03 8.130592540799999601e-02 2.664783938799999974e-02
3.574000000000000000e+03 3.575000000000000000e+03 8.191633773999999757e-02 2.110710454600000022e-02
3.575000000000000000e+03 3.576000000000000000e+03 1.738434909900000158e-01 7.000728470999999231e-02
3.576000000000000000e+03 3.577000000000000000e+03 1.635049055699999976e-01 6.569140778000000236e-02
3.577000000000000000e+03 3.578000000000000000e+03 1.083075455999999992e-01 5.933309763999999875e-02
3.578000000000000000e+03 3.579000000000000000e+03 1.924726565899999853e-01 5.490221853999999874e-02
3.579000000000000000e+03 3.580000000000000000e+03 1.373797761299999920e-01 4.821174764999999751e-02
3.580000000000000000e+03 3.581000000000000000e+03 1.795524417200000111e-01 4.427307310999999829e-02
3.581000000000000000e+03 3.582000000000000000e+03 9.198941272480000431e-02 4.008056020000000386e-02
3.582000000000000000e+03 3.583000000000000000e+03 8.977580665999999876e-02 3.568729709099999897e-02
3.583000000000000000e+03 3.584000000000000000e+03 9.115470245900000879e-02 2.780811478699999825e-02
3.584000000000000000e+03 3.585000000000000000e+03 6.244508407839999969e-02 2.335037593900000236e-02
3.585000000000000000e+03 3.586000000000000000e+03 4.930774675699999693e-02 2.087589847099999979e-02
3.586000000000000000e+03 3.587000000000000000e+03 1.967562436000000192e-01 7.706724420000000964e-02
3.587000000000000000e+03 3.588000000000000000e+03 2.094792208000000044e-01 6.473201436000000641e-02
3.588000000000000000e+03 3.589000000000000000e+03 2.642018126000000300e-01 5.301245401000000135e-02
3.589000000000000000e+03 3.590000000000000000e+03 1.855284514499999926e-01 6.463876434000000171e-02
3.590000000000000000e+03 3.591000000000000000e+03 1.788347108500000227e-01 5.056717893999999880e-02
3.591000000000000000e+03 3.592000000000000000e+03 1.696910544000000132e-01 4.893893013999999625e-02
3.592000000000000000e+03 3.593000000000000000e+03 1.695201852500000106e-01 4.395715483000000451e-02
3.593000000000000000e+03 3.594000000000000000e+03 1.229599203299999999e-01 3.874857750499999948e-02
3.594000000000000000e+03 3.595000000000000000e+03 1.002434500705999959e-01 2.911306174800000132e-02
3.595000000000000000e+03 3.596000000000000000e+03 6.407309954400000618e-02 3.078455107099999782e-02
3.596000000000000000e+03 3.597000000000000000e+03 6.336191671000000747e-02 2.345802372499999899e-02
3.597000000000000000e+03 3.598000000000000000e+03 1.323456378700000047e-01 5.315109526999999695e-02
3.598000000000000000e+03 3.599000000000000000e+03 2.544843346999999811e-01 5.751218003000000550e-02
3.599000000000000000e+03 3.600000000000000000e+03 2.418193868999999885e-01 6.534605359999999530e-02
3.600000000000000000e+03 3.601000000000000000e+03 2.596247809000000184e-01 6.333524442000000587e-02
3.601000000000000000e+03 3.602000000000000000e+03 1.078783021899999972e-01 5.402773423000000602e-02
3.602000000000000000e+03 3.603000000000000000e+03 1.393616784700000000e-01 4.453154086999999706e-02
3.603000000000000000e+03 3.604000000000000000e+03 9.018888614999999442e-02 4.260225336000000168e-02
3.604000000000000000e+03 3.605000000000000000e+03 1.496535794859999990e-01 3.589556416700000196e-02
3.605000000000000000e+03 3.606000000000000000e+03 9.832304780010001077e-02 2.925004149299999939e-02
3.606000000000000000e+03 3.607000000000000000e+03 5.664292247499999600e-02 2.549892006200000019e-02
3.607000000000000000e+03 3.608000000000000000e+03 2.697289613399999827e-02 2.135385466300000062e-02
3.608000000000000000e+03 3.609000000000000000e+03 1.941616681799999966e-01 6.233689034000000628e-02
3.609000000000000000e+03 3.610000000000000000e+03 1.910599832999999859e-01 5.993255943999999807e-02
3.610000000000000000e+03 3.611000000000000000e+03 1.207033086299999919e-01 6.579224336000000228e-02
3.611000000000000000e+03 3.612000000000000000e+03 1.410225967899999822e-01 5.527677752000000055e-02
3.612000000000000000e+03 3.613000000000000000e+03 1.028757680500000105e-01 4.873142938999999729e-02
3.613000000000000000e+03 3.614000000000000000e+03 1.670459364999999918e-01 4.582022394000000165e-02
3.614000000000000000e+03 3.615000000000000000e+03 1.222380043800000010e-01 4.093671024000000019e-02
3.615000000000000000e+03 3.616000000000000000e+03 5.145653214200000131e-02 3.472619933800000225e-02
3.616000000000000000e+03 3.617000000000000000e+03 1.585543511090000135e-01 3.040156075700000196e-02
3.617000000000000000e+03 3.618000000000000000e+03 5.728172711409999784e-02 2.999017678299999851e-02
3.618000000000000000e+03 3.619000000000000000e+03 2.895164158700000087e-02 2.089019599700000021e-02
3.619000000000000000e+03 3.620000000000000000e+03 7.712699184999999291e-02 6.424107000000001122e-02
3.620000000000000000e+03 3.621000000000000000e+03 2.093561077000000159e-01 6.014396463999999859e-02
3.621000000000000000e+03 3.622000000000000000e+03 2.342864835000000034e-01 6.534825345000000452e-02
3.622000000000000000e+03 3.623000000000000000e+03 3.220449247999999653e-01 5.435254914999999853e-02
3.623000000000000000e+03 3.624000000000000000e+03 1.519418887600000045e-01 4.607072117000000216e-02
3.624000000000000000e+03 3.625000000000000000e+03 1.646141501800000018e-01 3.998277354000000228e-02
3.625000000000000000e+03 3.626000000000000000e+03 1.644882972400000254e-01 3.699625732999999722e-02
3.626000000000000000e+03 3.627000000000000000e+03 1.055747459500000068e-01 3.422974749899999891e-02
3.627000000000000000e+03 3.628000000000000000e+03 5.117569298500000002e-02 2.728734691799999945e-02
3.628000000000000000e+03 3.629000000000000000e+03 5.565578043500000321e-02 2.610274177799999998e-02
3.629000000000000000e+03 3.630000000000000000e+03 1.576102005899999992e-02 2.161659208700000140e-02
3.630000000000000000e+03 3.631000000000000000e+03 1.916746775100000022e-01 5.600765690000000102e-02
3.631000000000000000e+03 3.632000000000000000e+03 1.209594155100000012e-01 5.670630995000000563e-02
3.632000000000000000e+03 3.633000000000000000e+03 1.582964960200000104e-01 5.614491590000000171e-02
3.633000000000000000e+03 3.634000000000000000e+03 1.868162579999999851e-01 5.598216082000000149e-02
3.634000000000000000e+03 3.635000000000000000e+03 1.702457927799999882e-01 5.655360375000000051e-02
3.635000000000000000e+03 3.636000000000000000e+03 1.219372711800000009e-01 4.966210766000000304e-02
3.636000000000000000e+03 3.637000000000000000e+03 9.051364636000000519e-02 4.092531674000000202e-02
3.637000000000000000e+03 3.638000000000000000e+03 9.265119600999999205e-02 4.113644259000000247e-02
3.638000000000000000e+03 3.639000000000000000e+03 8.138669752879999775e-02 2.721652290300000110e-02
3.639000000000000000e+03 3.640000000000000000e+03 7.499538689699999927e-02 2.579563404399999940e-02
3.640000000000000000e+03 3.641000000000000000e+03 4.119189243769999509e-02 1.792564245399999937e-02
3.641000000000000000e+03 3.642000000000000000e+03 1.878576311000000054e-01 5.374271346000000088e-02
3.642000000000000000e+03 3.643000000000000000e+03 1.367983577100000125e-01 5.829835825000000138e-02
3.643000000000000000e+03 3.644000000000000000e+03 2.404516995999999851e-01 6.585654118999999251e-02
3.644000000000000000e+03 3.645000000000000000e+03 1.784586147199999917e-01 5.271218973000000446e-02
3.645000000000000000e+03 3.646000000000000000e+03 2.446748546799999979e-01 5.744589228000000075e-02
3.646000000000000000e+03 3.647000000000000000e+03 1.135804483999999920e-01 4.530440317000000022e-02
3.647000000000000000e+03 3.648000000000000000e+03 1.264395393699999925e-01 3.649828159000000072e-02
3.648000000000000000e+03 3.649000000000000000e+03 4.674829835900000397e-02 3.123600744100000007e-02
3.649000000000000000e+03 3.650000000000000000e+03 1.046025691129999907e-01 2.798536266700000011e-02
3.650000000000000000e+03 3.651000000000000000e+03 6.377748524199999824e-02 2.367638366800000130e-02
3.651000000000000000e+03 3.652000000000000000e+03 3.252948969700000109e-02 1.837220032100000261e-02
3.652000000000000000e+03 3.653000000000000000e+03 2.427417637000000017e-01 5.757019088999999756e-02
3.653000000000000000e+03 3.654000000000000000e+03 2.016524491799999985e-01 4.974778805999999914e-02
3.654000000000000000e+03 3.655000000000000000e+03 2.414209495999999899e-01 6.375529258000001143e-02
3.655000000000000000e+03 3.656000000000000000e+03 8.794622248999998948e-02 6.327703256000000165e-02
3.656000000000000000e+03 3.657000000000000000e+03 4.263155870999999625e-02 5.024245019999999673e-02
3.657000000000000000e+03 3.658000000000000000e+03 1.415288916499999883e-01 5.032511472000000124e-02
3.658000000000000000e+03 3.659000000000000000e+03 7.775523339999999839e-02 4.103643803000000395e-02
3.659000000000000000e+03 3.660000000000000000e+03 1.695611944300000062e-01 3.568066986599999907e-02
3.660000000000000000e+03 3.661000000000000000e+03 8.338395296400000212e-02 2.883662776600000310e-02
3.661000000000000000e+03 3.662000000000000000e+03 5.068187457200000468e-02 2.240832917500000174e-02
3.662000000000000000e+03 3.663000000000000000e+03 5.419178648999999764e-02 1.744882990500000106e-02
3.663000000000000000e+03 3.664000000000000000e+03 2.036872606000000030e-01 6.131658372000000495e-02
3.664000000000000000e+03 3.665000000000000000e+03 1.928667183000000174e-01 4.897652791999999866e-02
3.665000000000000000e+03 3.666000000000000000e+03 1.588150265999999922e-01 5.366825244000000134e-02
3.666000000000000000e+03 3.667000000000000000e+03 1.292939021800000032e-01 4.725911121999999687e-02
3.667000000000000000e+03 3.668000000000000000e+03 2.291724330200000104e-01 4.820085265000000063e-02
3.668000000000000000e+03 3.669000000000000000e+03 1.347844347800000175e-01 3.886796659999999792e-02
3.669000000000000000e+03 3.670000000000000000e+03 1.833874487100000117e-01 4.433828685999999936e-02
3.670000000000000000e+03 3.671000000000000000e+03 8.273282307000000280e-02 3.760188882700000318e-02
3.671000000000000000e+03 3.672000000000000000e+03 1.080916633300000040e-01 2.758858961999999942e-02
3.672000000000000000e+03 3.673000000000000000e+03 4.249058586200000348e-02 2.631419718200000285e-02
3.673000000000000000e+03 3.674000000000000000e+03 3.527265770900000347e-02 1.768292354200000013e-02
3.674000000000000000e+03 3.675000000000000000e+03 1.894598559000000015e-01 5.525600524000000291e-02
3.675000000000000000e+03 3.676000000000000000e+03 2.111378678999999980e-01 6.071216925000000320e-02
3.676000000000000000e+03 3.677000000000000000e+03 2.041696004999999925e-01 5.367955013000000331e-02
3.677000000000000000e+03 3.678000000000000000e+03 2.132204167700000041e-01 4.543882347000000044e-02
3.678000000000000000e+03 3.679000000000000000e+03 1.429784899800000120e-01 5.089748424999999965e-02
3.679000000000000000e+03 3.680000000000000000e+03 9.601915125000000384e-02 4.105052852000000418e-02
3.680000000000000000e+03 3.681000000000000000e+03 1.180530384899999979e-01 4.119842895999999838e-02
3.681000000000000000e+03 3.682000000000000000e+03 8.315058750300000079e-02 3.452607830800000221e-02
3.682000000000000000e+03 3.683000000000000000e+03 5.103708195400000203e-02 3.023143204499999931e-02
3.683000000000000000e+03 3.684000000000000000e+03 7.354353623100000348e-02 2.557156166999999952e-02
3.684000000000000000e+03 3.685000000000000000e+03 3.565583233600000401e-02 1.673098199199999844e-02
3.685000000000000000e+03 3.686000000000000000e+03 1.458837401299999947e-01 5.952966791000000035e-02
3.686000000000000000e+03 3.687000000000000000e+03 2.474374873999999891e-01 6.478175328000000677e-02
3.687000000000000000e+03 3.688000000000000000e+03 1.249698009099999979e-01 6.497560592999999940e-02
3.688000000000000000e+03 3.689000000000000000e+03 1.562517680599999903e-01 5.219731780999999765e-02
3.689000000000000000e+03 3.690000000000000000e+03 1.862593461599999778e-01 4.680428497999999937e-02
3.690000000000000000e+03 3.691000000000000000e+03 2.550388220600000033e-01 4.413991089999999562e-02
3.691000000000000000e+03 3.692000000000000000e+03 1.145527286699999925e-01 3.718365780000000564e-02
3.692000000000000000e+03 3.693000000000000000e+03 8.296027930299999797e-02 3.436626913699999952e-02
3.693000000000000000e+03 3.694000000000000000e+03 6.479478556300000136e-02 3.335299895100000273e-02
3.694000000000000000e+03 3.695000000000000000e+03 8.608345964199999589e-02 2.291839184400000159e-02
3.695000000000000000e+03 3.696000000000000000e+03 2.297182446399999994e-02 1.660750467300000158e-02
3.696000000000000000e+03 3.697000000000000000e+03 1.040406770900000055e-01 5.167082752999999778e-02
3.697000000000000000e+03 3.698000000000000000e+03 1.479764098699999919e-01 6.243111006999999685e-02
3.698000000000000000e+03 3.699000000000000000e+03 4.537235354999999415e-02 7.555437204999999878e-02
3.699000000000000000e+03 3.700000000000000000e+03 2.138495853000000058e-01 5.445238471999999663e-02
3.700000000000000000e+03 3.701000000000000000e+03 1.628992094099999954e-01 4.177391327000000432e-02
3.701000000000000000e+03 3.702000000000000000e+03 1.020148597600000068e-01 4.343192952000000245e-02
3.702000000000000000e+03 3.703000000000000000e+03 1.673794551499999950e-01 3.438159698999999903e-02
3.703000000000000000e+03 3.704000000000000000e+03 9.961685068400000231e-02 3.505829140699999458e-02
3.704000000000000000e+03 3.705000000000000000e+03 6.759470703499999289e-02 2.420825185499999796e-02
3.705000000000000000e+03 3.706000000000000000e+03 6.267249641100000601e-02 2.242755035299999825e-02
3.706000000000000000e+03 3.707000000000000000e+03 2.033646348000000062e-02 1.970016995499999923e-02
3.707000000000000000e+03 3.708000000000000000e+03 2.653968367999999800e-01 5.871648482999999863e-02
3.708000000000000000e+03 3.709000000000000000e+03 1.593429243900000014e-01 6.401511130999999744e-02
3.709000000000000000e+03 3.710000000000000000e+03 1.397311478799999895e-01 4.858187299000000375e-02
3.710000000000000000e+03 3.711000000000000000e+03 2.100407094699999755e-01 4.123738927000000082e-02
3.711000000000000000e+03 3.712000000000000000e+03 1.065095243899999988e-01 4.841417398000000261e-02
3.712000000000000000e+03 3.713000000000000000e+03 1.618478770300000036e-01 4.686937560999999974e-02
3.713000000000000000e+03 3.714000000000000000e+03 8.434926411999998930e-02 3.777103676999999521e-02
3.714000000000000000e+03 3.715000000000000000e+03 6.838868052800001207e-02 3.103214595600000195e-02
3.715000000000000000e+03 3.716000000000000000e+03 6.349806174500000067e-02 2.594414963399999802e-02
3.716000000000000000e+03 3.717000000000000000e+03 3.456247452300000023e-02 2.139377527499999876e-02
3.717000000000000000e+03 3.718000000000000000e+03 4.936650634099999657e-02 1.859285004999999824e-02
3.718000000000000000e+03 3.719000000000000000e+03 9.417205399000000421e-02 5.910075654000000039e-02
3.719000000000000000e+03 3.720000000000000000e+03 1.814246542999999878e-01 6.210046880000000269e-02
3.720000000000000000e+03 3.721000000000000000e+03 1.145710847799999987e-01 5.056759624999999925e-02
3.721000000000000000e+03 3.722000000000000000e+03 1.305926077400000052e-01 4.515848403000000122e-02
3.722000000000000000e+03 3.723000000000000000e+03 1.370460486099999986e-01 4.376775259000000029e-02
3.723000000000000000e+03 3.724000000000000000e+03 7.957345662999999736e-02 5.443163418000000059e-02
3.724000000000000000e+03 3.725000000000000000e+03 1.176579943300000014e-01 3.910935504000000174e-02
3.725000000000000000e+03 3.726000000000000000e+03 1.730176388800000187e-01 3.771354728600000150e-02
3.726000000000000000e+03 3.727000000000000000e+03 1.352242356180000105e-01 3.184420927799999634e-02
3.727000000000000000e+03 3.728000000000000000e+03 3.459575168799999823e-02 2.176078725700000133e-02
3.728000000000000000e+03 3.729000000000000000e+03 4.362125243900000227e-02 1.688336603099999805e-02
3.729000000000000000e+03 3.730000000000000000e+03 2.461721357999999971e-01 5.982220134999999966e-02
3.730000000000000000e+03 3.731000000000000000e+03 1.763639776700000050e-01 6.118148494999999659e-02
3.731000000000000000e+03 3.732000000000000000e+03 1.158672231800000063e-01 4.689248657999999653e-02
3.732000000000000000e+03 3.733000000000000000e+03 2.332870935799999934e-01 4.472466348000000286e-02
3.733000000000000000e+03 3.734000000000000000e+03 1.096451717300000045e-01 4.629810570000000153e-02
3.734000000000000000e+03 3.735000000000000000e+03 1.516299395200000066e-01 4.857889082999999886e-02
3.735000000000000000e+03 3.736000000000000000e+03 9.834805002000000795e-02 3.525065135000000210e-02
3.736000000000000000e+03 3.737000000000000000e+03 4.311764765799999677e-02 2.755848270799999764e-02
3.737000000000000000e+03 3.738000000000000000e+03 1.648710655999999913e-02 3.488818707099999861e-02
3.738000000000000000e+03 3.739000000000000000e+03 8.437152613000001300e-02 2.518379409799999941e-02
3.739000000000000000e+03 3.740000000000000000e+03 2.518161146600000205e-02 1.690170590899999978e-02
3.740000000000000000e+03 3.741000000000000000e+03 1.762724890000000044e-01 5.234570069999999742e-02
3.741000000000000000e+03 3.742000000000000000e+03 1.651916553599999948e-01 5.380330918000000157e-02
3.742000000000000000e+03 3.743000000000000000e+03 1.200315023199999970e-01 6.337692848999999795e-02
3.743000000000000000e+03 3.744000000000000000e+03 1.421134393200000068e-01 4.744347930999999463e-02
3.744000000000000000e+03 3.745000000000000000e+03 1.070215066500000006e-01 5.122947196999999564e-02
3.745000000000000000e+03 3.746000000000000000e+03 1.722759237200000015e-01 4.698958591000000629e-02
3.746000000000000000e+03 3.747000000000000000e+03 1.048455371500000011e-01 3.477614841499999943e-02
3.747000000000000000e+03 3.748000000000000000e+03 6.170251773399999806e-02 3.212358447099999958e-02
3.748000000000000000e+03 3.749000000000000000e+03 7.405145832800000272e-02 3.091706457899999830e-02
3.749000000000000000e+03 3.750000000000000000e+03 4.354527859599999912e-02 2.441951088299999795e-02
3.750000000000000000e+03 3.751000000000000000e+03 3.522777471200000399e-02 1.584129085699999967e-02
3.751000000000000000e+03 3.752000000000000000e+03 2.237286802000000019e-01 5.818840237000000304e-02
3.752000000000000000e+03 3.753000000000000000e+03 2.768568723000000009e-01 6.247071452999999885e-02
3.753000000000000000e+03 3.754000000000000000e+03 1.581967459400000220e-01 5.359300471999999677e-02
3.754000000000000000e+03 3.755000000000000000e+03 1.502696101100000070e-01 4.734727894999999492e-02
3.755000000000000000e+03 3.756000000000000000e+03 1.677826988399999941e-01 5.473573503999999701e-02
3.756000000000000000e+03 3.757000000000000000e+03 1.037194841499999992e-01 3.954357936999999823e-02
3.757000000000000000e+03 3.758000000000000000e+03 1.471646577599999839e-01 4.230701967000000119e-02
3.758000000000000000e+03 3.759000000000000000e+03 5.444088844199999888e-02 3.040233424999999948e-02
3.759000000000000000e+03 3.760000000000000000e+03 6.618516563700001243e-02 2.497015660399999962e-02
3.760000000000000000e+03 3.761000000000000000e+03 7.263250211699999459e-02 2.785315292600000145e-02
3.761000000000000000e+03 3.762000000000000000e+03 -1.303786842600000023e-02 1.620120156500000005e-02
3.762000000000000000e+03 3.763000000000000000e+03 1.501866102199999886e-01 5.024966260000000157e-02
3.763000000000000000e+03 3.764000000000000000e+03 6.658541009000000510e-02 5.512714730000000535e-02
3.764000000000000000e+03 3.765000000000000000e+03 1.866605781000000019e-01 5.243625875999999991e-02
3.765000000000000000e+03 3.766000000000000000e+03 1.794749425799999909e-01 4.652606105999999853e-02
3.766000000000000000e+03 3.767000000000000000e+03 1.861560403699999977e-01 4.969714312999999606e-02
3.767000000000000000e+03 3.768000000000000000e+03 1.420062035700000169e-01 4.290667324999999921e-02
3.768000000000000000e+03 3.769000000000000000e+03 1.209802455900000073e-01 3.596624501000000168e-02
3.769000000000000000e+03 3.770000000000000000e+03 1.183760025580000014e-01 3.351785576699999741e-02
3.770000000000000000e+03 3.771000000000000000e+03 1.102669361960000038e-01 2.940671129600000086e-02
3.771000000000000000e+03 3.772000000000000000e+03 5.379445465100000240e-02 2.071327588099999839e-02
3.772000000000000000e+03 3.773000000000000000e+03 3.378796200300000080e-02 1.526047644899999889e-02
3.773000000000000000e+03 3.774000000000000000e+03 6.042484056999999908e-02 5.300132557999999439e-02
3.774000000000000000e+03 3.775000000000000000e+03 1.164675687700000017e-01 4.690491972000000037e-02
3.775000000000000000e+03 3.776000000000000000e+03 2.461677193000000041e-01 5.581951665000000479e-02
3.776000000000000000e+03 3.777000000000000000e+03 1.341969353699999923e-01 3.972656013999999874e-02
3.777000000000000000e+03 3.778000000000000000e+03 8.876195469999999255e-02 4.713231294999999793e-02
3.778000000000000000e+03 3.779000000000000000e+03 1.554674392600000066e-01 4.184620282999999830e-02
3.779000000000000000e+03 3.780000000000000000e+03 1.123267741399999881e-01 3.760982998000000216e-02
3.780000000000000000e+03 3.781000000000000000e+03 5.710254896799999563e-02 3.642611640500000025e-02
3.781000000000000000e+03 3.782000000000000000e+03 6.941698155299999562e-02 3.222547395599999892e-02
3.782000000000000000e+03 3.783000000000000000e+03 5.751000811399999829e-02 2.035734488499999981e-02
3.783000000000000000e+03 3.784000000000000000e+03 5.200438885800000299e-02 1.602026436700000264e-02
3.784000000000000000e+03 3.785000000000000000e+03 2.156703766999999994e-01 5.085526216999999849e-02
3.785000000000000000e+03 3.786000000000000000e+03 1.594864192900000144e-01 5.317983751000000120e-02
3.786000000000000000e+03 3.787000000000000000e+03 1.522923352699999955e-01 5.252259787999999374e-02
3.787000000000000000e+03 3.788000000000000000e+03 1.323950386700000204e-01 4.483902650000000378e-02
3.788000000000000000e+03 3.789000000000000000e+03 1.594803606400000129e-01 5.077835217999999984e-02
3.789000000000000000e+03 3.790000000000000000e+03 1.119182511099999916e-01 4.480800407999999818e-02
3.790000000000000000e+03 3.791000000000000000e+03 1.117916115530000060e-01 3.083236336999999744e-02
3.791000000000000000e+03 3.792000000000000000e+03 6.070437335400000189e-02 3.438597847999999568e-02
3.792000000000000000e+03 3.793000000000000000e+03 1.233158485649999969e-01 2.436877151199999883e-02
3.793000000000000000e+03 3.794000000000000000e+03 2.040521068099999946e-02 2.761346343300000172e-02
3.794000000000000000e+03 3.795000000000000000e+03 4.007948114399999956e-02 2.079599724599999824e-02
3.795000000000000000e+03 3.796000000000000000e+03 1.224607552599999982e-01 5.459608993000000104e-02
3.796000000000000000e+03 3.797000000000000000e+03 2.422323286999999992e-01 4.923136644000000034e-02
3.797000000000000000e+03 3.798000000000000000e+03 8.933172284000000241e-02 5.286858579999999946e-02
3.798000000000000000e+03 3.799000000000000000e+03 1.777516272499999883e-01 4.200780465000000102e-02
3.799000000000000000e+03 3.800000000000000000e+03 1.024076178199999909e-01 4.566590992000000432e-02
3.800000000000000000e+03 3.801000000000000000e+03 1.026983433700000004e-01 4.659036823999999910e-02
3.801000000000000000e+03 3.802000000000000000e+03 6.221509640700000066e-02 3.801287375000000218e-02
3.802000000000000000e+03 3.803000000000000000e+03 5.305131283800000597e-02 3.055071945100000172e-02
3.803000000000000000e+03 3.804000000000000000e+03 5.028977328900000043e-02 2.475887308800000033e-02
3.804000000000000000e+03 3.805000000000000000e+03 2.424894295999999866e-02 2.408244296099999737e-02
3.805000000000000000e+03 3.806000000000000000e+03 -3.972524298999999953e-03 2.017887654200000228e-02
3.806000000000000000e+03 3.807000000000000000e+03 1.971661313999999998e-01 5.679694636999999685e-02
3.807000000000000000e+03 3.808000000000000000e+03 -7.290351449999999539e-03 4.814797406000000113e-02
3.808000000000000000e+03 3.809000000000000000e+03 1.534255519299999870e-01 5.291599509999999479e-02
3.809000000000000000e+03 3.810000000000000000e+03 9.735420827000000610e-02 4.292345793999999964e-02
3.810000000000000000e+03 3.811000000000000000e+03 5.054959481000000088e-02 4.432796131999999778e-02
3.811000000000000000e+03 3.812000000000000000e+03 1.438784949699999927e-01 3.923348033000000068e-02
3.812000000000000000e+03 3.813000000000000000e+03 1.269352985200000172e-01 4.017352989999999763e-02
3.813000000000000000e+03 3.814000000000000000e+03 1.317677902700000181e-01 3.143813419899999656e-02
3.814000000000000000e+03 3.815000000000000000e+03 6.273706505999999961e-02 2.645591884199999938e-02
3.815000000000000000e+03 3.816000000000000000e+03 4.582213662100000084e-02 2.233130365200000286e-02
3.816000000000000000e+03 3.817000000000000000e+03 2.784867112100000014e-02 1.659300989999999698e-02
3.817000000000000000e+03 3.818000000000000000e+03 7.384036176000000062e-02 5.562318830000000103e-02
3.818000000000000000e+03 3.819000000000000000e+03 1.836514936299999956e-01 4.434809240000000402e-02
3.819000000000000000e+03 3.820000000000000000e+03 5.006024622000000007e-02 4.940986932000000081e-02
3.820000000000000000e+03 3.821000000000000000e+03 2.318906494000000096e-01 4.743790999999999980e-02
3.821000000000000000e+03 3.822000000000000000e+03 8.713500473000000690e-02 4.091985148999999905e-02
3.822000000000000000e+03 3.823000000000000000e+03 1.173226264499999949e-01 4.170723085999999968e-02
3.823000000000000000e+03 3.824000000000000000e+03 1.270267849700000007e-01 3.403292201000000100e-02
3.824000000000000000e+03 3.825000000000000000e+03 5.115487401999999767e-02 3.620181815399999697e-02
3.825000000000000000e+03 3.826000000000000000e+03 7.694425508100000144e-02 2.597596005599999910e-02
3.826000000000000000e+03 3.827000000000000000e+03 7.452652825000000147e-02 1.912489444199999902e-02
3.827000000000000000e+03 3.828000000000000000e+03 2.956908056100000098e-02 1.547695897200000031e-02
3.828000000000000000e+03 3.829000000000000000e+03 2.102206973999999895e-01 4.913908607999999817e-02
3.829000000000000000e+03 3.830000000000000000e+03 7.205744118000000087e-02 5.295593163999999520e-02
3.830000000000000000e+03 3.831000000000000000e+03 1.645940715099999951e-01 5.656527620000000034e-02
3.831000000000000000e+03 3.832000000000000000e+03 1.139510800299999987e-01 5.118729300000000176e-02
3.832000000000000000e+03 3.833000000000000000e+03 1.401158465900000094e-01 3.622838228999999965e-02
3.833000000000000000e+03 3.834000000000000000e+03 1.309793810000000058e-01 3.702581340999999693e-02
3.834000000000000000e+03 3.835000000000000000e+03 9.298233325000000715e-02 3.277545302200000205e-02
3.835000000000000000e+03 3.836000000000000000e+03 9.111227128300000699e-02 2.780677534100000139e-02
3.836000000000000000e+03 3.837000000000000000e+03 3.781712826699999697e-02 2.707316451199999821e-02
3.837000000000000000e+03 3.838000000000000000e+03 5.473444259900000358e-02 1.913489618599999859e-02
3.838000000000000000e+03 3.839000000000000000e+03 3.750282131200000091e-02 1.623002906900000014e-02
3.839000000000000000e+03 3.840000000000000000e+03 9.289816084000000751e-02 4.751898900000000453e-02
3.840000000000000000e+03 3.841000000000000000e+03 2.509910660999999932e-01 5.869900959999999751e-02
3.841000000000000000e+03 3.842000000000000000e+03 1.814296261599999960e-01 4.784878662000000005e-02
3.842000000000000000e+03 3.843000000000000000e+03 1.233520625199999998e-01 5.133194755000000664e-02
3.843000000000000000e+03 3.844000000000000000e+03 1.832645602000000096e-01 4.316505776999999405e-02
3.844000000000000000e+03 3.845000000000000000e+03 6.800352049000001065e-02 3.631098989000000610e-02
3.845000000000000000e+03 3.846000000000000000e+03 1.400138668800000041e-01 3.517793338999999908e-02
3.846000000000000000e+03 3.847000000000000000e+03 7.730467550000000299e-02 2.952085994499999838e-02
3.847000000000000000e+03 3.848000000000000000e+03 2.047747644500000005e-02 2.359068209299999830e-02
3.848000000000000000e+03 3.849000000000000000e+03 5.485146028899999353e-03 1.910043655999999965e-02
3.849000000000000000e+03 3.850000000000000000e+03 2.387123476009999842e-02 1.379172017900000095e-02
3.850000000000000000e+03 3.851000000000000000e+03 1.728725770400000028e-01 4.941375409999999857e-02
3.851000000000000000e+03 3.852000000000000000e+03 1.976613929999999908e-01 5.359645987000000167e-02
3.852000000000000000e+03 3.853000000000000000e+03 1.943673404299999796e-01 4.514601496000000130e-02
3.853000000000000000e+03 3.854000000000000000e+03 1.860422093000000110e-01 4.315291142999999607e-02
3.854000000000000000e+03 3.855000000000000000e+03 1.239365858400000020e-01 4.233514556000000234e-02
3.855000000000000000e+03 3.856000000000000000e+03 1.659368071400000033e-01 3.805973445000000038e-02
3.856000000000000000e+03 3.857000000000000000e+03 1.323870302009999833e-01 3.607713144099999880e-02
3.857000000000000000e+03 3.858000000000000000e+03 1.181094061800000011e-01 3.081099941500000175e-02
3.858000000000000000e+03 3.859000000000000000e+03 6.571713115770000391e-02 2.203319498399999854e-02
3.859000000000000000e+03 3.860000000000000000e+03 5.090861320500000148e-02 2.288787762500000059e-02
3.860000000000000000e+03 3.861000000000000000e+03 4.317417083800000055e-02 1.511676813899999992e-02
3.861000000000000000e+03 3.862000000000000000e+03 6.284143769000000157e-02 5.059434452000000082e-02
3.862000000000000000e+03 3.863000000000000000e+03 2.309415313000000025e-01 4.918108830000000181e-02
3.863000000000000000e+03 3.864000000000000000e+03 1.578448719699999947e-01 5.317080185000000458e-02
3.864000000000000000e+03 3.865000000000000000e+03 1.696641446200000125e-01 3.782626960000000371e-02
3.865000000000000000e+03 3.866000000000000000e+03 8.094207909000000756e-02 3.877476914999999913e-02
3.866000000000000000e+03 3.867000000000000000e+03 2.807509916100000072e-02 4.347012725999999799e-02
3.867000000000000000e+03 3.868000000000000000e+03 5.938900664699999637e-02 3.153413551900000056e-02
3.868000000000000000e+03 3.869000000000000000e+03 5.725400578000000573e-02 2.954722305100000029e-02
3.869000000000000000e+03 3.870000000000000000e+03 1.159274895999999888e-01 2.698174170599999810e-02
3.870000000000000000e+03 3.871000000000000000e+03 6.564830550999999070e-02 1.954256329699999989e-02
3.871000000000000000e+03 3.872000000000000000e+03 4.264476897600000260e-02 1.448120147399999981e-02
3.872000000000000000e+03 3.873000000000000000e+03 6.701279053000000485e-02 4.622549598000000315e-02
3.873000000000000000e+03 3.874000000000000000e+03 5.776419425999999857e-02 4.396097812000000077e-02
3.874000000000000000e+03 3.875000000000000000e+03 1.315327230000000180e-01 4.543376620000000310e-02
3.875000000000000000e+03 3.876000000000000000e+03 2.664782470000000014e-01 5.056044437999999974e-02
3.876000000000000000e+03 3.877000000000000000e+03 1.337216087299999967e-01 4.171123290999999983e-02
3.877000000000000000e+03 3.878000000000000000e+03 1.735669119400000127e-01 3.526327291999999808e-02
3.878000000000000000e+03 3.879000000000000000e+03 1.279612822899999780e-01 2.923831962000000145e-02
3.879000000000000000e+03 3.880000000000000000e+03 1.209500196146000017e-01 3.193218503399999908e-02
3.880000000000000000e+03 3.881000000000000000e+03 6.076975455700000389e-02 2.147102689300000103e-02
3.881000000000000000e+03 3.882000000000000000e+03 6.055337251100000040e-02 2.111596580500000112e-02
3.882000000000000000e+03 3.883000000000000000e+03 2.714774729400000128e-02 1.509132109900000046e-02
3.883000000000000000e+03 3.884000000000000000e+03 1.859132858999999749e-01 4.924151921000000098e-02
3.884000000000000000e+03 3.885000000000000000e+03 1.721705004199999833e-01 4.973056373999999724e-02
3.885000000000000000e+03 3.886000000000000000e+03 1.850448318399999792e-01 4.523418913999999874e-02
3.886000000000000000e+03 3.887000000000000000e+03 8.599015812000000702e-02 4.299468069000000198e-02
3.887000000000000000e+03 3.888000000000000000e+03 1.183970649999999958e-01 4.193447343000000077e-02
3.888000000000000000e+03 3.889000000000000000e+03 1.236673754899999950e-01 3.301848356999999984e-02
3.889000000000000000e+03 3.890000000000000000e+03 5.093588752000000053e-02 3.051182762000000104e-02
3.890000000000000000e+03 3.891000000000000000e+03 7.373920456200000473e-02 2.754669101500000286e-02
3.891000000000000000e+03 3.892000000000000000e+03 4.517112061500000442e-02 2.504748245600000103e-02
3.892000000000000000e+03 3.893000000000000000e+03 7.328095785610000412e-02 2.125082735300000067e-02
3.893000000000000000e+03 3.894000000000000000e+03 1.202049568709999926e-02 1.535063900299999881e-02
3.894000000000000000e+03 3.895000000000000000e+03 1.288323295799999879e-01 4.661391644000000001e-02
3.895000000000000000e+03 3.896000000000000000e+03 1.483444289299999941e-01 4.719251983000000150e-02
3.896000000000000000e+03 3.897000000000000000e+03 1.123626029400000004e-01 4.205948875000000559e-02
3.897000000000000000e+03 3.898000000000000000e+03 4.170954953000000076e-02 4.288040305000000163e-02
3.898000000000000000e+03 3.899000000000000000e+03 1.119844108999999976e-01 4.085607596000000175e-02
3.899000000000000000e+03 3.900000000000000000e+03 1.241582689199999950e-01 3.477121154000000630e-02
3.900000000000000000e+03 3.901000000000000000e+03 1.083096314299999974e-01 3.117202259000000086e-02
3.901000000000000000e+03 3.902000000000000000e+03 5.331007939000000084e-02 3.133361733799999715e-02
3.902000000000000000e+03 3.903000000000000000e+03 4.374338592400000419e-02 2.562704989399999800e-02
3.903000000000000000e+03 3.904000000000000000e+03 2.739396480900000222e-02 1.814757391499999956e-02
3.904000000000000000e+03 3.905000000000000000e+03 4.222617553199999735e-02 1.308846707599999916e-02
3.905000000000000000e+03 3.906000000000000000e+03 1.122839372800000096e-01 4.534995551999999874e-02
3.906000000000000000e+03 3.907000000000000000e+03 1.011839312499999977e-01 4.152683892999999710e-02
3.907000000000000000e+03 3.908000000000000000e+03 1.765942354099999945e-01 4.092827199000000082e-02
3.908000000000000000e+03 3.909000000000000000e+03 1.777072363899999952e-01 3.758769242999999982e-02
3.909000000000000000e+03 3.910000000000000000e+03 1.492557384999999848e-01 4.170211607999999709e-02
3.910000000000000000e+03 3.911000000000000000e+03 1.055247575600000015e-01 2.821536725999999884e-02
3.911000000000000000e+03 3.912000000000000000e+03 6.261283947699999852e-02 2.932754164999999691e-02
3.912000000000000000e+03 3.913000000000000000e+03 6.647586618100000122e-02 3.181650177100000393e-02
3.913000000000000000e+03 3.914000000000000000e+03 8.892574114110000927e-02 2.171849589600000074e-02
3.914000000000000000e+03 3.915000000000000000e+03 4.233521872419999943e-02 1.984286019799999870e-02
3.915000000000000000e+03 3.916000000000000000e+03 5.238357420000000486e-02 1.516209220000000121e-02
3.916000000000000000e+03 3.917000000000000000e+03 1.944292471999999883e-01 4.950234897999999939e-02
3.917000000000000000e+03 3.918000000000000000e+03 1.222770672400000092e-01 4.733058847999999791e-02
3.918000000000000000e+03 3.919000000000000000e+03 9.481967902000000559e-02 4.024338464999999837e-02
3.919000000000000000e+03 3.920000000000000000e+03 1.026387925799999989e-01 4.132273797999999609e-02
3.920000000000000000e+03 3.921000000000000000e+03 1.025606565900000072e-01 4.399256070999999629e-02
3.921000000000000000e+03 3.922000000000000000e+03 1.474571720300000000e-01 3.423072656000000075e-02
3.922000000000000000e+03 3.923000000000000000e+03 6.429797422000001206e-02 2.806332871199999912e-02
3.923000000000000000e+03 3.924000000000000000e+03 7.438741767119999571e-02 2.411110573100000085e-02
3.924000000000000000e+03 3.925000000000000000e+03 6.566088224410000784e-02 2.225242823200000025e-02
3.925000000000000000e+03 3.926000000000000000e+03 5.864297839340000540e-02 1.876503598400000236e-02
3.926000000000000000e+03 3.927000000000000000e+03 1.319343921659999960e-02 1.569339714600000157e-02
3.927000000000000000e+03 3.928000000000000000e+03 8.192855388000000461e-02 4.808512678000000096e-02
3.928000000000000000e+03 3.929000000000000000e+03 1.568501314899999888e-01 4.577452805999999985e-02
3.929000000000000000e+03 3.930000000000000000e+03 1.392511235499999944e-01 4.301729381999999657e-02
3.930000000000000000e+03 3.931000000000000000e+03 4.235746850999999591e-02 4.408281417999999896e-02
3.931000000000000000e+03 3.932000000000000000e+03 1.225851979400000014e-01 3.837722531999999964e-02
3.932000000000000000e+03 3.933000000000000000e+03 1.596531817700000133e-01 3.162390869000000077e-02
3.933000000000000000e+03 3.934000000000000000e+03 7.323999412000001263e-02 3.345287806999999725e-02
3.934000000000000000e+03 3.935000000000000000e+03 1.387965838000000118e-01 2.886285971999999825e-02
3.935000000000000000e+03 3.936000000000000000e+03 6.189223197899999807e-02 2.244741535899999821e-02
3.936000000000000000e+03 3.937000000000000000e+03 2.989032807400000130e-02 1.901394022700000214e-02
3.937000000000000000e+03 3.938000000000000000e+03 3.888040633400000057e-02 1.347128534900000028e-02
3.938000000000000000e+03 3.939000000000000000e+03 1.276069286700000083e-01 4.878009973999999915e-02
3.939000000000000000e+03 3.940000000000000000e+03 5.508127204000000388e-02 4.244914410999999638e-02
3.940000000000000000e+03 3.941000000000000000e+03 6.795350230999999686e-02 3.938145912000000359e-02
3.941000000000000000e+03 3.942000000000000000e+03 6.313580673000000754e-02 5.028470371999999716e-02
3.942000000000000000e+03 3.943000000000000000e+03 1.536920449499999952e-01 4.690941913999999852e-02
3.943000000000000000e+03 3.944000000000000000e+03 8.844384567999999391e-02 3.549824682000000259e-02
3.944000000000000000e+03 3.945000000000000000e+03 9.701220986999999074e-02 3.322106650000000022e-02
3.945000000000000000e+03 3.946000000000000000e+03 2.760011594200000029e-02 3.475619117099999766e-02
3.946000000000000000e+03 3.947000000000000000e+03 5.275465953180000223e-02 2.079782610600000234e-02
3.947000000000000000e+03 3.948000000000000000e+03 6.619079824800000456e-02 1.857480291000000033e-02
3.948000000000000000e+03 3.949000000000000000e+03 2.401388635599999849e-02 1.325670674800000053e-02
3.949000000000000000e+03 3.950000000000000000e+03 1.348320240299999972e-01 4.493089717999999844e-02
3.950000000000000000e+03 3.951000000000000000e+03 2.574559904000000010e-01 5.614573954000000311e-02
3.951000000000000000e+03 3.952000000000000000e+03 3.470072080899999634e-02 4.966113691000000052e-02
3.952000000000000000e+03 3.953000000000000000e+03 1.137662142200000087e-01 4.018153026000000072e-02
3.953000000000000000e+03 3.954000000000000000e+03 1.458743670400000081e-01 4.201974985000000301e-02
3.954000000000000000e+03 3.955000000000000000e+03 1.257157847200000012e-01 3.912312526999999623e-02
3.955000000000000000e+03 3.956000000000000000e+03 7.973401906000000816e-02 2.884111218100000179e-02
3.956000000000000000e+03 3.957000000000000000e+03 1.180761313529999912e-01 2.623173542799999911e-02
3.957000000000000000e+03 3.958000000000000000e+03 2.417165902900000191e-02 2.075295876799999883e-02
3.958000000000000000e+03 3.959000000000000000e+03 2.863045173100000132e-02 1.926370505299999925e-02
3.959000000000000000e+03 3.960000000000000000e+03 4.304233805999999572e-03 1.586476209699999931e-02
3.960000000000000000e+03 3.961000000000000000e+03 1.259523796499999737e-01 4.055581041000000386e-02
3.961000000000000000e+03 3.962000000000000000e+03 1.294208559900000000e-01 4.236147090000000337e-02
3.962000000000000000e+03 3.963000000000000000e+03 1.727202919199999909e-01 4.573177898999999935e-02
3.963000000000000000e+03 3.964000000000000000e+03 8.927716768000000525e-02 4.044672112000000097e-02
3.964000000000000000e+03 3.965000000000000000e+03 4.929200624300000139e-02 3.514597356000000172e-02
3.965000000000000000e+03 3.966000000000000000e+03 1.370938050999999935e-01 3.294912810999999636e-02
3.966000000000000000e+03 3.967000000000000000e+03 8.966362806000000019e-02 3.206175823600000002e-02
3.967000000000000000e+03 3.968000000000000000e+03 5.948334875800000143e-02 2.482654567000000187e-02
3.968000000000000000e+03 3.969000000000000000e+03 6.551953388330000738e-02 2.237284285300000092e-02
3.969000000000000000e+03 3.970000000000000000e+03 5.061669458399999794e-02 1.649406917399999853e-02
3.970000000000000000e+03 3.971000000000000000e+03 4.540062434099999961e-02 1.398847368400000027e-02
3.971000000000000000e+03 3.972000000000000000e+03 1.768486873500000056e-01 4.369569235999999635e-02
3.972000000000000000e+03 3.973000000000000000e+03 2.418319332999999960e-01 4.355596744000000270e-02
3.973000000000000000e+03 3.974000000000000000e+03 5.154293901999999761e-02 3.789659394000000070e-02
3.974000000000000000e+03 3.975000000000000000e+03 1.364206507099999799e-01 3.458782073000000318e-02
3.975000000000000000e+03 3.976000000000000000e+03 1.182834457699999953e-01 3.497867853000000138e-02
3.976000000000000000e+03 3.977000000000000000e+03 1.138845624200000017e-01 3.557429356999999848e-02
3.977000000000000000e+03 3.978000000000000000e+03 1.099097794000000045e-01 2.987819159999999946e-02
3.978000000000000000e+03 3.979000000000000000e+03 1.140616614620000024e-01 2.512309543199999981e-02
3.979000000000000000e+03 3.980000000000000000e+03 7.377864358199999473e-02 1.946356196700000166e-02
3.980000000000000000e+03 3.981000000000000000e+03 3.154676364870000194e-02 1.665561119199999995e-02
3.981000000000000000e+03 3.982000000000000000e+03 1.612529219160000263e-02 1.367569847400000073e-02
3.982000000000000000e+03 3.983000000000000000e+03 1.780188595999999956e-01 4.472964870000000620e-02
3.983000000000000000e+03 3.984000000000000000e+03 1.276232776799999802e-01 4.373982207999999733e-02
3.984000000000000000e+03 3.985000000000000000e+03 2.087977586000000219e-01 4.740124811000000216e-02
3.985000000000000000e+03 3.986000000000000000e+03 1.422157015699999916e-01 3.875686698000000568e-02
3.986000000000000000e+03 3.987000000000000000e+03 1.482233320900000206e-01 3.755614567999999986e-02
3.987000000000000000e+03 3.988000000000000000e+03 6.175492825000000047e-02 3.370950326999999636e-02
3.988000000000000000e+03 3.989000000000000000e+03 1.215789497799999869e-01 2.988773697999999937e-02
3.989000000000000000e+03 3.990000000000000000e+03 2.868605752099999753e-02 2.292192563700000060e-02
3.990000000000000000e+03 3.991000000000000000e+03 7.131656645700000519e-02 2.322160417099999874e-02
3.991000000000000000e+03 3.992000000000000000e+03 1.933460039399999969e-02 1.803020740100000005e-02
3.992000000000000000e+03 3.993000000000000000e+03 3.124108792800000048e-02 1.242058895499999899e-02
3.993000000000000000e+03 3.994000000000000000e+03 2.499708146999999811e-02 4.157811284000000052e-02
3.994000000000000000e+03 3.995000000000000000e+03 6.858402161000000385e-02 5.410320814999999839e-02
3.995000000000000000e+03 3.996000000000000000e+03 1.497635023199999915e-01 4.986103223999999862e-02
3.996000000000000000e+03 3.997000000000000000e+03 1.205969612399999946e-01 3.548089953999999935e-02
3.997000000000000000e+03 3.998000000000000000e+03 1.242220888300000076e-01 3.534187904999999685e-02
3.998000000000000000e+03 3.999000000000000000e+03 6.122328183000000368e-02 3.396018962000000446e-02
3.999000000000000000e+03 4.000000000000000000e+03 1.086765623899999950e-01 3.485302307699999352e-02
4.000000000000000000e+03 4.001000000000000000e+03 3.057386806300000162e-02 2.374029730799999752e-02
4.001000000000000000e+03 4.002000000000000000e+03 1.519086843599999972e-02 2.349547770500000007e-02
4.002000000000000000e+03 4.003000000000000000e+03 4.250126148899999873e-02 1.835287807900000054e-02
4.003000000000000000e+03 4.004000000000000000e+03 1.603522222900000127e-02 1.194833898099999930e-02
4.004000000000000000e+03 4.005000000000000000e+03 1.556543028200000067e-01 4.499503892000000088e-02
4.005000000000000000e+03 4.006000000000000000e+03 8.277239122000000504e-02 4.514637470999999930e-02
4.006000000000000000e+03 4.007000000000000000e+03 1.261775749699999838e-01 4.600627877999999976e-02
4.007000000000000000e+03 4.008000000000000000e+03 8.290378931000000340e-02 3.641859139999999856e-02
4.008000000000000000e+03 4.009000000000000000e+03 1.699336006800000187e-01 4.139947023999999975e-02
4.009000000000000000e+03 4.010000000000000000e+03 1.434616093400000181e-01 3.170058944000000295e-02
4.010000000000000000e+03 4.011000000000000000e+03 8.039915243999999628e-02 2.838239772199999816e-02
4.011000000000000000e+03 4.012000000000000000e+03 6.462867278000000715e-02 2.202419295099999896e-02
4.012000000000000000e+03 4.013000000000000000e+03 4.240868546999999877e-02 1.701685340099999902e-02
4.013000000000000000e+03 4.014000000000000000e+03 3.166581533699999729e-02 1.686211519700000008e-02
4.014000000000000000e+03 4.015000000000000000e+03 2.329863758619999878e-02 1.185598870099999896e-02
4.015000000000000000e+03 4.016000000000000000e+03 8.666554254999998819e-02 5.644621579999999778e-02
4.016000000000000000e+03 4.017000000000000000e+03 1.660688517399999953e-01 4.359161564000000461e-02
4.017000000000000000e+03 4.018000000000000000e+03 1.365260838500000073e-01 3.935810111999999555e-02
4.018000000000000000e+03 4.019000000000000000e+03 1.241513225000000081e-01 3.545430370999999581e-02
4.019000000000000000e+03 4.020000000000000000e+03 8.573323171799999975e-02 4.036155325000000127e-02
4.020000000000000000e+03 4.021000000000000000e+03 5.460528005999999712e-02 3.213917337000000291e-02
4.021000000000000000e+03 4.022000000000000000e+03 8.668565837000000163e-02 3.240357385499999937e-02
4.022000000000000000e+03 4.023000000000000000e+03 5.722326391100000104e-02 2.416397207200000202e-02
4.023000000000000000e+03 4.024000000000000000e+03 4.052922946130000509e-02 2.636693335899999852e-02
4.024000000000000000e+03 4.025000000000000000e+03 4.106306599799999790e-02 1.451606586900000030e-02
4.025000000000000000e+03 4.026000000000000000e+03 1.552709400500000038e-02 1.130023316000000090e-02
4.026000000000000000e+03 4.027000000000000000e+03 1.138852237600000011e-01 4.228194385000000333e-02
4.027000000000000000e+03 4.028000000000000000e+03 3.016686587000000017e-02 3.811868009000000251e-02
4.028000000000000000e+03 4.029000000000000000e+03 1.121333491700000073e-01 3.901217557999999558e-02
4.029000000000000000e+03 4.030000000000000000e+03 1.085101336599999938e-01 3.540640635000000258e-02
4.030000000000000000e+03 4.031000000000000000e+03 1.352188389900000065e-01 3.544840728999999746e-02
4.031000000000000000e+03 4.032000000000000000e+03 1.432774194100000231e-01 2.823289160000000061e-02
4.032000000000000000e+03 4.033000000000000000e+03 3.564939405600000416e-02 2.827801798099999903e-02
4.033000000000000000e+03 4.034000000000000000e+03 8.198926463999998970e-02 2.679922736799999691e-02
4.034000000000000000e+03 4.035000000000000000e+03 3.953594240200000026e-02 2.136929899599999960e-02
4.035000000000000000e+03 4.036000000000000000e+03 5.285968061759999809e-02 1.654075874699999921e-02
4.036000000000000000e+03 4.037000000000000000e+03 4.599218694400000057e-02 1.209990589900000052e-02
4.037000000000000000e+03 4.038000000000000000e+03 1.006652203500000009e-01 4.047976069000000510e-02
4.038000000000000000e+03 4.039000000000000000e+03 1.323375625700000113e-01 3.760878759999999876e-02
4.039000000000000000e+03 4.040000000000000000e+03 1.355367499999999836e-01 4.324054419999999455e-02
4.040000000000000000e+03 4.041000000000000000e+03 9.976091136000000970e-02 4.166306978999999994e-02
4.041000000000000000e+03 4.042000000000000000e+03 8.302607180999999059e-02 3.793559264999999542e-02
4.042000000000000000e+03 4.043000000000000000e+03 5.642162238000000135e-02 3.154992046999999938e-02
4.043000000000000000e+03 4.044000000000000000e+03 7.472632560000000423e-02 2.524559237299999967e-02
4.044000000000000000e+03 4.045000000000000000e+03 5.881253349999999991e-02 2.648859426000000142e-02
4.045000000000000000e+03 4.046000000000000000e+03 5.144654016500000565e-02 1.841979044999999746e-02
4.046000000000000000e+03 4.047000000000000000e+03 -1.260806448900000064e-02 1.815513474800000207e-02
4.047000000000000000e+03 4.048000000000000000e+03 1.520916261800000016e-02 1.506297346500000064e-02
4.048000000000000000e+03 4.049000000000000000e+03 6.644511875999999095e-02 3.944980017000000033e-02
4.049000000000000000e+03 4.050000000000000000e+03 1.330438920299999994e-01 4.110352174999999664e-02
4.050000000000000000e+03 4.051000000000000000e+03 1.764300297400000217e-01 4.486341013999999711e-02
4.051000000000000000e+03 4.052000000000000000e+03 1.278030190400000210e-01 3.504818915000000590e-02
4.052000000000000000e+03 4.053000000000000000e+03 1.429119767700000043e-01 3.034185735999999842e-02
4.053000000000000000e+03 4.054000000000000000e+03 1.059250788800000093e-01 3.401179105000000369e-02
4.054000000000000000e+03 4.055000000000000000e+03 4.223355744500000009e-02 3.044689831399999963e-02
4.055000000000000000e+03 4.056000000000000000e+03 5.402188637809999389e-02 2.817946260899999861e-02
4.056000000000000000e+03 4.057000000000000000e+03 3.266567644550000260e-02 1.662583517100000088e-02
4.057000000000000000e+03 4.058000000000000000e+03 3.235491321399999731e-02 1.672925190900000081e-02
4.058000000000000000e+03 4.059000000000000000e+03 1.513165031860000051e-02 1.071010684399999885e-02
4.059000000000000000e+03 4.060000000000000000e+03 1.579928845900000212e-01 4.415660985000000038e-02
4.060000000000000000e+03 4.061000000000000000e+03 1.050477034400000009e-01 3.540468982000000153e-02
4.061000000000000000e+03 4.062000000000000000e+03 6.019767909999999833e-02 3.822236267000000270e-02
4.062000000000000000e+03 4.063000000000000000e+03 6.548328341000000941e-02 3.798281096999999579e-02
4.063000000000000000e+03 4.064000000000000000e+03 1.184244841399999942e-01 3.806468226000000316e-02
4.064000000000000000e+03 4.065000000000000000e+03 6.193705109000000042e-02 3.151847095000000210e-02
4.065000000000000000e+03 4.066000000000000000e+03 1.046741416599999974e-01 2.931486087799999724e-02
4.066000000000000000e+03 4.067000000000000000e+03 7.445749514999999707e-02 3.155201403800000221e-02
4.067000000000000000e+03 4.068000000000000000e+03 7.162483782199999260e-02 2.251119868099999907e-02
4.068000000000000000e+03 4.069000000000000000e+03 3.142600729399999682e-02 1.527072396200000043e-02
4.069000000000000000e+03 4.070000000000000000e+03 1.275777042849999925e-02 1.085964988700000022e-02
4.070000000000000000e+03 4.071000000000000000e+03 1.219336027100000053e-01 4.724714954000000522e-02
4.071000000000000000e+03 4.072000000000000000e+03 8.800246252000000491e-02 3.871647314999999978e-02
4.072000000000000000e+03 4.073000000000000000e+03 1.166914603099999947e-01 4.744874276999999640e-02
4.073000000000000000e+03 4.074000000000000000e+03 1.468891264100000149e-01 3.960987223000000251e-02
4.074000000000000000e+03 4.075000000000000000e+03 1.017697612599999940e-01 3.468038670000000295e-02
4.075000000000000000e+03 4.076000000000000000e+03 1.246977054099999982e-01 2.460626392599999865e-02
4.076000000000000000e+03 4.077000000000000000e+03 9.050999415000000881e-02 2.947430143899999744e-02
4.077000000000000000e+03 4.078000000000000000e+03 1.645585666249999718e-02 2.625139173099999904e-02
4.078000000000000000e+03 4.079000000000000000e+03 4.428549039199999870e-02 2.068249027900000148e-02
4.079000000000000000e+03 4.080000000000000000e+03 2.512616964099999989e-02 1.745242815800000097e-02
4.080000000000000000e+03 4.081000000000000000e+03 4.304729250699999843e-02 1.127355746799999989e-02
4.081000000000000000e+03 4.082000000000000000e+03 7.783014048999999102e-02 4.214336932000000563e-02
4.082000000000000000e+03 4.083000000000000000e+03 7.311391636000000305e-02 4.138883067000000138e-02
4.083000000000000000e+03 4.084000000000000000e+03 7.473420713999999465e-02 3.591189370000000269e-02
4.084000000000000000e+03 4.085000000000000000e+03 8.875931852000000510e-02 3.665801936000000205e-02
4.085000000000000000e+03 4.086000000000000000e+03 5.695754006000000591e-02 3.419122355999999752e-02
4.086000000000000000e+03 4.087000000000000000e+03 8.105424785999999771e-02 3.088716152000000117e-02
4.087000000000000000e+03 4.088000000000000000e+03 6.267380699999999805e-02 2.816326238900000029e-02
4.088000000000000000e+03 4.089000000000000000e+03 6.725009313700000546e-02 2.356456471900000155e-02
4.089000000000000000e+03 4.090000000000000000e+03 4.509757009499999747e-02 1.959323821100000113e-02
4.090000000000000000e+03 4.091000000000000000e+03 5.081616620952000146e-02 1.850963210299999898e-02
4.091000000000000000e+03 4.092000000000000000e+03 -1.606972242500000203e-02 1.319443949099999985e-02
4.092000000000000000e+03 4.093000000000000000e+03 5.962099443000000443e-02 4.046386958999999978e-02
4.093000000000000000e+03 4.094000000000000000e+03 1.220150363100000052e-01 4.554798999000000265e-02
4.094000000000000000e+03 4.095000000000000000e+03 1.344304229799999917e-01 3.846742872000000202e-02
4.095000000000000000e+03 4.096000000000000000e+03 8.554038529999999363e-02 3.883443803999999527e-02
4.096000000000000000e+03 4.097000000000000000e+03 1.255175803100000154e-01 3.412698658999999829e-02
4.097000000000000000e+03 4.098000000000000000e+03 7.924328372000000176e-02 3.152530748000000049e-02
4.098000000000000000e+03 4.099000000000000000e+03 5.752846236999999835e-02 2.534652443799999960e-02
4.099000000000000000e+03 4.100000000000000000e+03 7.118492852400000459e-02 2.238682071600000059e-02
4.100000000000000000e+03 4.101000000000000000e+03 4.610284334199999529e-02 2.024960335200000003e-02
4.101000000000000000e+03 4.102000000000000000e+03 2.299695797590000160e-02 1.608097077099999994e-02
4.102000000000000000e+03 4.103000000000000000e+03 2.051398653600000274e-02 1.390272823799999953e-02
4.103000000000000000e+03 4.104000000000000000e+03 1.481555910900000106e-01 4.489503008999999600e-02
4.104000000000000000e+03 4.105000000000000000e+03 1.069416156600000029e-01 4.065034819999999854e-02
4.105000000000000000e+03 4.106000000000000000e+03 1.353652579999999883e-01 3.535067148999999909e-02
4.106000000000000000e+03 4.107000000000000000e+03 1.024819278500000014e-01 3.371591033000000126e-02
4.107000000000000000e+03 4.108000000000000000e+03 1.072581415599999921e-01 3.009468600999999979e-02
4.108000000000000000e+03 4.109000000000000000e+03 5.362195196000000413e-02 3.183015406999999825e-02
4.109000000000000000e+03 4.110000000000000000e+03 8.841000980999999537e-02 2.945528667699999839e-02
4.110000000000000000e+03 4.111000000000000000e+03 4.705401935399999847e-02 2.010963608799999983e-02
4.111000000000000000e+03 4.112000000000000000e+03 2.283502045699999788e-02 2.028006503700000018e-02
4.112000000000000000e+03 4.113000000000000000e+03 4.278160725099999784e-02 1.753357485599999974e-02
4.113000000000000000e+03 4.114000000000000000e+03 3.654783797999999750e-02 1.349045232000000046e-02
4.114000000000000000e+03 4.115000000000000000e+03 9.741219970999999422e-02 4.162416895999999922e-02
4.115000000000000000e+03 4.116000000000000000e+03 7.358296845999999503e-02 3.732454576999999496e-02
4.116000000000000000e+03 4.117000000000000000e+03 8.472947251000000068e-02 3.605708653999999819e-02
4.117000000000000000e+03 4.118000000000000000e+03 1.184675397399999885e-01 2.963776119000000042e-02
4.118000000000000000e+03 4.119000000000000000e+03 1.417549951000000030e-01 3.657838928999999906e-02
4.119000000000000000e+03 4.120000000000000000e+03 1.112433073000000106e-01 2.715090058999999889e-02
4.120000000000000000e+03 4.121000000000000000e+03 7.312090519000000177e-02 2.471606327100000014e-02
4.121000000000000000e+03 4.122000000000000000e+03 3.228566914099999935e-02 2.112274508999999884e-02
4.122000000000000000e+03 4.123000000000000000e+03 2.892977307060000045e-02 1.935076013200000278e-02
4.123000000000000000e+03 4.124000000000000000e+03 3.622018181699999950e-02 1.391403904699999895e-02
4.124000000000000000e+03 4.125000000000000000e+03 1.812823748599999910e-02 1.472148549699999961e-02
4.125000000000000000e+03 4.126000000000000000e+03 8.076453998999999495e-02 4.189302276000000241e-02
4.126000000000000000e+03 4.127000000000000000e+03 1.299938791099999880e-01 3.508505047999999765e-02
4.127000000000000000e+03 4.128000000000000000e+03 5.300586857999999707e-02 3.776942758000000067e-02
4.128000000000000000e+03 4.129000000000000000e+03 3.341340260600000195e-02 3.311331476999999912e-02
4.129000000000000000e+03 4.130000000000000000e+03 8.606191782000000012e-02 3.197791335999999873e-02
4.130000000000000000e+03 4.131000000000000000e+03 7.279956609000000356e-02 2.751970974600000119e-02
4.131000000000000000e+03 4.132000000000000000e+03 4.011842777400000115e-02 2.207610684699999951e-02
4.132000000000000000e+03 4.133000000000000000e+03 6.432756223709999721e-02 2.185619587199999839e-02
4.133000000000000000e+03 4.134000000000000000e+03 5.642829301800000169e-02 1.687190342099999935e-02
4.134000000000000000e+03 4.135000000000000000e+03 4.714953638199999991e-02 1.492641045200000099e-02
4.135000000000000000e+03 4.136000000000000000e+03 2.876063152700000097e-02 1.237372404599999982e-02
4.136000000000000000e+03 4.137000000000000000e+03 9.799617935000000390e-02 4.050773200999999851e-02
4.137000000000000000e+03 4.138000000000000000e+03 1.114425819399999934e-01 3.950854698999999720e-02
4.138000000000000000e+03 4.139000000000000000e+03 1.409301338900000033e-01 4.137006256999999770e-02
4.139000000000000000e+03 4.140000000000000000e+03 6.383503393000000692e-02 3.690751526000000254e-02
4.140000000000000000e+03 4.141000000000000000e+03 1.274816015100000040e-02 3.872985043999999794e-02
4.141000000000000000e+03 4.142000000000000000e+03 9.981976771999999387e-02 3.232492193000000014e-02
4.142000000000000000e+03 4.143000000000000000e+03 7.220951435999999057e-02 2.470696168900000239e-02
4.143000000000000000e+03 4.144000000000000000e+03 6.312461302230000515e-02 2.123964481099999829e-02
4.144000000000000000e+03 4.145000000000000000e+03 5.030787761000000274e-02 1.782715894300000020e-02
4.145000000000000000e+03 4.146000000000000000e+03 1.698642245710000123e-02 1.396345740400000042e-02
4.146000000000000000e+03 4.147000000000000000e+03 1.870490896799999886e-02 1.151594527399999943e-02
4.147000000000000000e+03 4.148000000000000000e+03 7.023911102999999545e-02 3.981316966000000152e-02
4.148000000000000000e+03 4.149000000000000000e+03 1.517060469200000039e-01 4.075882822999999516e-02
4.149000000000000000e+03 4.150000000000000000e+03 1.308201342699999992e-01 3.677267766000000271e-02
4.150000000000000000e+03 4.151000000000000000e+03 2.239614651000000067e-01 4.183397752000000275e-02
4.151000000000000000e+03 4.152000000000000000e+03 6.243520514000000521e-02 3.886798777000000094e-02
4.152000000000000000e+03 4.153000000000000000e+03 4.299671871999999340e-02 2.589717509199999934e-02
4.153000000000000000e+03 4.154000000000000000e+03 7.959580079700000199e-02 2.789924749600000004e-02
4.154000000000000000e+03 4.155000000000000000e+03 7.575974326400000680e-02 2.169766425299999787e-02
4.155000000000000000e+03 4.156000000000000000e+03 4.594972428600000575e-02 1.801872213099999995e-02
4.156000000000000000e+03 4.157000000000000000e+03 1.658996754999999754e-02 1.328906319000000037e-02
4.157000000000000000e+03 4.158000000000000000e+03 2.096272458500000185e-02 1.180902183000000043e-02
4.158000000000000000e+03 4.159000000000000000e+03 1.147548525699999961e-01 3.996583908000000268e-02
4.159000000000000000e+03 4.160000000000000000e+03 1.039372290899999995e-01 4.701870378000000406e-02
4.160000000000000000e+03 4.161000000000000000e+03 1.211714407299999963e-01 4.138119879000000390e-02
4.161000000000000000e+03 4.162000000000000000e+03 6.514306387000000365e-02 4.725720354000000067e-02
4.162000000000000000e+03 4.163000000000000000e+03 9.444041848999999711e-02 3.668703300000000084e-02
4.163000000000000000e+03 4.164000000000000000e+03 9.718096325000000202e-02 2.781101568699999999e-02
4.164000000000000000e+03 4.165000000000000000e+03 8.094905562000000165e-02 2.456306581799999958e-02
4.165000000000000000e+03 4.166000000000000000e+03 2.150508543499999800e-02 2.474015996800000075e-02
4.166000000000000000e+03 4.167000000000000000e+03 5.987455321099999922e-02 1.615571087900000147e-02
4.167000000000000000e+03 4.168000000000000000e+03 4.385808934100000195e-02 1.491414122400000139e-02
4.168000000000000000e+03 4.169000000000000000e+03 1.512146525619999932e-02 1.073084155600000089e-02
4.169000000000000000e+03 4.170000000000000000e+03 7.163984415000000661e-02 4.309918621000000116e-02
4.170000000000000000e+03 4.171000000000000000e+03 3.502132094999999695e-02 3.278473241000000316e-02
4.171000000000000000e+03 4.172000000000000000e+03 2.956885620000000020e-02 3.033180616000000218e-02
4.172000000000000000e+03 4.173000000000000000e+03 4.148768372500000190e-02 3.341227581000000280e-02
4.173000000000000000e+03 4.174000000000000000e+03 5.871503673899999831e-02 3.532544500999999781e-02
4.174000000000000000e+03 4.175000000000000000e+03 1.021109435399999987e-01 2.533657917900000028e-02
4.175000000000000000e+03 4.176000000000000000e+03 8.111138650999999422e-02 2.418652944100000216e-02
4.176000000000000000e+03 4.177000000000000000e+03 1.011486293400000042e-01 2.222445408999999816e-02
4.177000000000000000e+03 4.178000000000000000e+03 2.031558388999999895e-02 1.738515980799999749e-02
4.178000000000000000e+03 4.179000000000000000e+03 6.113371421700000002e-02 1.519132913000000029e-02
4.179000000000000000e+03 4.180000000000000000e+03 5.835330644999999275e-03 1.153852034000000040e-02
4.180000000000000000e+03 4.181000000000000000e+03 7.361247277000000644e-02 3.771187500999999970e-02
4.181000000000000000e+03 4.182000000000000000e+03 1.552066564500000079e-01 3.707980058999999634e-02
4.182000000000000000e+03 4.183000000000000000e+03 7.153048381000000344e-02 3.504857811999999989e-02
4.183000000000000000e+03 4.184000000000000000e+03 1.214667307400000007e-01 3.192435879000000282e-02
4.184000000000000000e+03 4.185000000000000000e+03 9.225898731999999935e-02 3.072374854000000169e-02
4.185000000000000000e+03 4.186000000000000000e+03 8.439346565999999994e-02 2.490556601199999873e-02
4.186000000000000000e+03 4.187000000000000000e+03 6.822506994000000768e-02 1.944150500699999909e-02
4.187000000000000000e+03 4.188000000000000000e+03 5.602578830399999876e-02 2.104534286500000032e-02
4.188000000000000000e+03 4.189000000000000000e+03 6.389910912799999509e-02 1.823562120899999833e-02
4.189000000000000000e+03 4.190000000000000000e+03 3.572716002090000481e-02 1.329919791099999984e-02
4.190000000000000000e+03 4.191000000000000000e+03 1.818503886870000141e-02 1.177056325600000022e-02
4.191000000000000000e+03 4.192000000000000000e+03 7.163350412999999750e-02 3.603735678000000164e-02
4.192000000000000000e+03 4.193000000000000000e+03 1.145325596800000068e-01 3.898475789999999996e-02
4.193000000000000000e+03 4.194000000000000000e+03 8.858285186999999283e-02 3.980379274999999717e-02
4.194000000000000000e+03 4.195000000000000000e+03 1.273551475700000213e-01 3.237711372000000309e-02
4.195000000000000000e+03 4.196000000000000000e+03 1.233016044400000039e-01 2.978622078000000076e-02
4.196000000000000000e+03 4.197000000000000000e+03 7.703122952000000800e-02 2.684126755600000150e-02
4.197000000000000000e+03 4.198000000000000000e+03 7.475003959000001141e-02 2.288355224500000090e-02
4.198000000000000000e+03 4.199000000000000000e+03 2.853979451099999953e-02 2.034552331999999950e-02
4.199000000000000000e+03 4.200000000000000000e+03 2.580115919999999979e-02 1.544955056700000016e-02
4.200000000000000000e+03 4.201000000000000000e+03 3.937393590099999563e-02 1.477118540499999973e-02
4.201000000000000000e+03 4.202000000000000000e+03 6.685540236799999980e-03 1.201339827000000131e-02
4.202000000000000000e+03 4.203000000000000000e+03 9.955095035000000037e-02 4.270377837000000065e-02
4.203000000000000000e+03 4.204000000000000000e+03 6.281261023000000998e-02 3.657997186999999845e-02
4.204000000000000000e+03 4.205000000000000000e+03 1.077959190599999950e-01 3.283669519000000092e-02
4.205000000000000000e+03 4.206000000000000000e+03 3.216940587900000287e-02 3.170031798999999734e-02
4.206000000000000000e+03 4.207000000000000000e+03 4.027980600000000133e-02 2.745906726000000089e-02
4.207000000000000000e+03 4.208000000000000000e+03 8.834066123999999298e-02 2.405863529600000064e-02
4.208000000000000000e+03 4.209000000000000000e+03 7.220987482999999263e-02 2.314192183000000208e-02
4.209000000000000000e+03 4.210000000000000000e+03 7.750176125999999610e-02 1.811476556799999915e-02
4.210000000000000000e+03 4.211000000000000000e+03 5.009307062900000135e-02 1.592477922399999912e-02
4.211000000000000000e+03 4.212000000000000000e+03 9.944646367999999959e-03 1.488221570699999920e-02
4.212000000000000000e+03 4.213000000000000000e+03 3.084041408299999926e-02 1.322675935900000099e-02
4.213000000000000000e+03 4.214000000000000000e+03 8.345475405999999707e-02 4.350872395000000142e-02
4.214000000000000000e+03 4.215000000000000000e+03 1.581123280099999973e-01 3.497102141999999803e-02
4.215000000000000000e+03 4.216000000000000000e+03 1.470871359300000014e-01 3.527830872999999923e-02
4.216000000000000000e+03 4.217000000000000000e+03 9.789711764999999011e-02 3.752470303999999590e-02
4.217000000000000000e+03 4.218000000000000000e+03 9.814424587999999450e-02 3.145501653999999842e-02
4.218000000000000000e+03 4.219000000000000000e+03 8.783495876999999896e-02 2.329982778499999768e-02
4.219000000000000000e+03 4.220000000000000000e+03 7.578089150700000054e-02 2.358184737600000150e-02
4.220000000000000000e+03 4.221000000000000000e+03 6.908081143899999499e-02 1.996441460399999909e-02
4.221000000000000000e+03 4.222000000000000000e+03 6.389229138099999927e-02 1.628023669300000115e-02
4.222000000000000000e+03 4.223000000000000000e+03 4.484690842399999960e-02 1.454677602099999946e-02
4.223000000000000000e+03 4.224000000000000000e+03 1.269683600529999956e-02 1.219501126399999934e-02
4.224000000000000000e+03 4.225000000000000000e+03 -1.147655034699999847e-02 3.802089952999999911e-02
4.225000000000000000e+03 4.226000000000000000e+03 2.945871432999999998e-02 3.415009288999999726e-02
4.226000000000000000e+03 4.227000000000000000e+03 -4.601680151999999746e-02 3.880846286999999756e-02
4.227000000000000000e+03 4.228000000000000000e+03 3.365617954000000439e-02 3.837729659999999932e-02
4.228000000000000000e+03 4.229000000000000000e+03 6.334183687000000118e-02 2.866767775999999948e-02
4.229000000000000000e+03 4.230000000000000000e+03 1.758752399099999808e-02 2.705856633300000175e-02
4.230000000000000000e+03 4.231000000000000000e+03 9.821401629999998353e-04 2.152289687299999837e-02
4.231000000000000000e+03 4.232000000000000000e+03 3.989076634099999324e-02 2.482284751100000131e-02
4.232000000000000000e+03 4.233000000000000000e+03 5.403013040455000027e-02 1.941542113100000119e-02
4.233000000000000000e+03 4.234000000000000000e+03 1.589634141277999901e-02 1.454989091800000002e-02
4.234000000000000000e+03 4.235000000000000000e+03 4.205849915399999944e-02 1.362597376399999997e-02
4.235000000000000000e+03 4.236000000000000000e+03 -4.020473943000000411e-02 3.013607729000000041e-02
4.236000000000000000e+03 4.237000000000000000e+03 6.257868096999999463e-02 4.272521479000000039e-02
4.237000000000000000e+03 4.238000000000000000e+03 8.207917367999999214e-02 4.072491949000000416e-02
4.238000000000000000e+03 4.239000000000000000e+03 6.450690050999999606e-03 3.408789173000000006e-02
4.239000000000000000e+03 4.240000000000000000e+03 1.917268277500000159e-02 3.336926153000000644e-02
4.240000000000000000e+03 4.241000000000000000e+03 8.260734879099999872e-03 2.434774987500000140e-02
4.241000000000000000e+03 4.242000000000000000e+03 -2.327429436900000162e-02 2.513050517099999978e-02
4.242000000000000000e+03 4.243000000000000000e+03 -7.257991081999999768e-03 2.361761461599999959e-02
4.243000000000000000e+03 4.244000000000000000e+03 -1.842935652880000122e-02 1.421538104599999984e-02
4.244000000000000000e+03 4.245000000000000000e+03 5.096304460000000182e-04 1.335343410100000086e-02
4.245000000000000000e+03 4.246000000000000000e+03 -1.932498928700000090e-02 9.440424345000000134e-03
4.246000000000000000e+03 4.247000000000000000e+03 9.539335819999998590e-04 3.587377716000000188e-02
4.247000000000000000e+03 4.248000000000000000e+03 3.784568486599999837e-02 2.889744186999999853e-02
4.248000000000000000e+03 4.249000000000000000e+03 1.219077350400000065e-01 4.811288010999999892e-02
4.249000000000000000e+03 4.250000000000000000e+03 4.806140763000000399e-02 3.424235948999999890e-02
4.250000000000000000e+03 4.251000000000000000e+03 2.013443166899999900e-02 3.103131392999999849e-02
4.251000000000000000e+03 4.252000000000000000e+03 -4.684231460000000402e-03 2.752757381300000028e-02
4.252000000000000000e+03 4.253000000000000000e+03 -2.102122861300000090e-02 2.462476761500000111e-02
4.253000000000000000e+03 4.254000000000000000e+03 1.927133677999999864e-02 2.318538357999999980e-02
4.254000000000000000e+03 4.255000000000000000e+03 3.807770690340000347e-02 2.073772768199999908e-02
4.255000000000000000e+03 4.256000000000000000e+03 1.424030349399999992e-02 1.494741786399999932e-02
4.256000000000000000e+03 4.257000000000000000e+03 -5.573508532600000148e-03 1.054326463100000062e-02
4.257000000000000000e+03 4.258000000000000000e+03 5.980149664000000004e-02 4.437343491000000223e-02
4.258000000000000000e+03 4.259000000000000000e+03 1.347605598599999899e-01 3.783578894999999748e-02
4.259000000000000000e+03 4.260000000000000000e+03 5.309406678000000435e-02 4.303578851999999982e-02
4.260000000000000000e+03 4.261000000000000000e+03 3.502473756600000404e-02 3.171154231000000018e-02
4.261000000000000000e+03 4.262000000000000000e+03 4.093084105700000447e-02 2.993828762000000018e-02
4.262000000000000000e+03 4.263000000000000000e+03 -1.367551795599999953e-02 2.371171877900000308e-02
4.263000000000000000e+03 4.264000000000000000e+03 -2.153073025099999909e-03 2.367841657499999974e-02
4.264000000000000000e+03 4.265000000000000000e+03 2.099579151699999813e-02 2.254827734999999972e-02
4.265000000000000000e+03 4.266000000000000000e+03 -2.072957407600000204e-02 1.618458939699999807e-02
4.266000000000000000e+03 4.267000000000000000e+03 -7.900559370000000831e-03 1.643254796100000054e-02
4.267000000000000000e+03 4.268000000000000000e+03 1.311504614300000073e-02 1.034247205599999990e-02
4.268000000000000000e+03 4.269000000000000000e+03 5.448984754000000055e-03 3.418108845000000090e-02
4.269000000000000000e+03 4.270000000000000000e+03 4.292065586999999766e-02 3.894864345000000061e-02
4.270000000000000000e+03 4.271000000000000000e+03 1.379986085200000101e-01 3.798867509000000003e-02
4.271000000000000000e+03 4.272000000000000000e+03 1.336175458899999946e-01 3.493627153000000013e-02
4.272000000000000000e+03 4.273000000000000000e+03 -2.019873589900000183e-02 2.681211787199999988e-02
4.273000000000000000e+03 4.274000000000000000e+03 3.857991205899999332e-02 2.792124367800000173e-02
4.274000000000000000e+03 4.275000000000000000e+03 2.335787237600000024e-02 2.212245383900000167e-02
4.275000000000000000e+03 4.276000000000000000e+03 -1.813513034899999835e-02 2.742841610699999974e-02
4.276000000000000000e+03 4.277000000000000000e+03 -2.229768577099999760e-03 1.613010321500000024e-02
4.277000000000000000e+03 4.278000000000000000e+03 -5.652806013000000185e-03 1.158854264399999945e-02
4.278000000000000000e+03 4.279000000000000000e+03 2.185797983900000102e-02 1.169372948100000018e-02
4.279000000000000000e+03 4.280000000000000000e+03 -4.093519527999999602e-02 3.870682224000000088e-02
4.280000000000000000e+03 4.281000000000000000e+03 -4.824371490000000685e-03 3.915801699999999635e-02
4.281000000000000000e+03 4.282000000000000000e+03 -6.627118779999999904e-03 3.537843912000000063e-02
4.282000000000000000e+03 4.283000000000000000e+03 -1.678067974959999986e-02 3.140911109999999784e-02
4.283000000000000000e+03 4.284000000000000000e+03 8.457323861000000387e-02 3.380685434999999850e-02
4.284000000000000000e+03 4.285000000000000000e+03 2.683388261000000177e-02 3.111526580299999942e-02
4.285000000000000000e+03 4.286000000000000000e+03 4.659073384400000406e-02 2.340806268000000107e-02
4.286000000000000000e+03 4.287000000000000000e+03 2.704121150969999998e-02 2.235208823899999947e-02
4.287000000000000000e+03 4.288000000000000000e+03 -5.629194239099999907e-03 1.331706690599999965e-02
4.288000000000000000e+03 4.289000000000000000e+03 3.862327220899999802e-02 1.607853364299999949e-02
4.289000000000000000e+03 4.290000000000000000e+03 2.875876946099999859e-03 1.270317617800000021e-02
4.290000000000000000e+03 4.291000000000000000e+03 1.045674460999999889e-02 3.705446594000000315e-02
4.291000000000000000e+03 4.292000000000000000e+03 1.829333621999999770e-02 4.024193742000000545e-02
4.292000000000000000e+03 4.293000000000000000e+03 6.044698758000000005e-02 3.365479058999999717e-02
4.293000000000000000e+03 4.294000000000000000e+03 4.345928336999999725e-02 3.681913469000000494e-02
4.294000000000000000e+03 4.295000000000000000e+03 4.941143025099999780e-02 3.668075553999999849e-02
4.295000000000000000e+03 4.296000000000000000e+03 6.470355626000000304e-02 2.889686228899999987e-02
4.296000000000000000e+03 4.297000000000000000e+03 2.423887495299999889e-02 2.596892702800000091e-02
4.297000000000000000e+03 4.298000000000000000e+03 4.843816295699999996e-02 2.233762667299999879e-02
4.298000000000000000e+03 4.299000000000000000e+03 3.628307235300000377e-02 1.832060847499999978e-02
4.299000000000000000e+03 4.300000000000000000e+03 1.939780831599999950e-02 1.346152270699999855e-02
4.300000000000000000e+03 4.301000000000000000e+03 -1.944752139999999987e-03 7.357466296000000558e-03
4.301000000000000000e+03 4.302000000000000000e+03 -2.576006293999999822e-02 2.993458124000000081e-02
4.302000000000000000e+03 4.303000000000000000e+03 5.715639025999999512e-02 3.865075966999999973e-02
4.303000000000000000e+03 4.304000000000000000e+03 6.101051219999999858e-02 3.421440706000000026e-02
4.304000000000000000e+03 4.305000000000000000e+03 4.662710653500000413e-02 3.784364291999999658e-02
4.305000000000000000e+03 4.306000000000000000e+03 3.756646637000000261e-03 2.983391481999999803e-02
4.306000000000000000e+03 4.307000000000000000e+03 8.654165390000000124e-02 2.854557352799999906e-02
4.307000000000000000e+03 4.308000000000000000e+03 3.754501035599999703e-02 2.260717300399999949e-02
4.308000000000000000e+03 4.309000000000000000e+03 2.400818221200000033e-02 2.076028569800000140e-02
4.309000000000000000e+03 4.310000000000000000e+03 -1.971792902600000286e-02 1.655423815800000087e-02
4.310000000000000000e+03 4.311000000000000000e+03 5.802555626999999702e-03 1.156248174199999909e-02
4.311000000000000000e+03 4.312000000000000000e+03 7.911907255999999986e-03 1.065319064599999990e-02
4.312000000000000000e+03 4.313000000000000000e+03 2.951235886000000072e-02 4.018994321000000230e-02
4.313000000000000000e+03 4.314000000000000000e+03 4.460683208000000566e-02 3.789706627000000161e-02
4.314000000000000000e+03 4.315000000000000000e+03 1.786784502400000016e-02 2.993199160999999997e-02
4.315000000000000000e+03 4.316000000000000000e+03 9.634947448000000247e-02 3.472816554999999528e-02
4.316000000000000000e+03 4.317000000000000000e+03 9.623395921999999825e-02 3.011409211000000072e-02
4.317000000000000000e+03 4.318000000000000000e+03 4.515603676999999788e-02 3.033882962899999911e-02
4.318000000000000000e+03 4.319000000000000000e+03 6.457413684999999126e-02 2.442464852800000155e-02
4.319000000000000000e+03 4.320000000000000000e+03 2.220221886099999972e-02 2.119347041100000037e-02
4.320000000000000000e+03 4.321000000000000000e+03 4.673614251700000666e-02 1.888785002900000148e-02
4.321000000000000000e+03 4.322000000000000000e+03 -5.499791562000000758e-03 1.341975635000000090e-02
4.322000000000000000e+03 4.323000000000000000e+03 3.147590552699999766e-02 9.980463394999999904e-03
4.323000000000000000e+03 4.324000000000000000e+03 6.020685072999999721e-02 3.143593000000000082e-02
4.324000000000000000e+03 4.325000000000000000e+03 -2.402621331000000162e-03 2.763701680000000063e-02
4.325000000000000000e+03 4.326000000000000000e+03 5.675808545999999621e-02 3.495036435999999969e-02
4.326000000000000000e+03 4.327000000000000000e+03 1.173624090600000093e-02 3.636134427000000530e-02
4.327000000000000000e+03 4.328000000000000000e+03 1.741533427300000214e-02 2.580654285699999703e-02
4.328000000000000000e+03 4.329000000000000000e+03 6.095278938000000396e-02 2.910873989199999970e-02
4.329000000000000000e+03 4.330000000000000000e+03 -7.632262469000000195e-03 2.593340607600000056e-02
4.330000000000000000e+03 4.331000000000000000e+03 -1.637123860919999924e-02 1.868145205099999706e-02
4.331000000000000000e+03 4.332000000000000000e+03 1.180786116099999915e-03 1.709994601500000252e-02
4.332000000000000000e+03 4.333000000000000000e+03 3.722468467199999825e-02 1.599850915100000173e-02
4.333000000000000000e+03 4.334000000000000000e+03 -1.096934503599999999e-02 7.278317383999999626e-03
4.334000000000000000e+03 4.335000000000000000e+03 6.701066149999999888e-02 4.048412585999999758e-02
4.335000000000000000e+03 4.336000000000000000e+03 2.960060980000000022e-02 3.715924211000000421e-02
4.336000000000000000e+03 4.337000000000000000e+03 3.407136037999999867e-02 3.650487588999999644e-02
4.337000000000000000e+03 4.338000000000000000e+03 2.733373827600000042e-02 3.519436972000000025e-02
4.338000000000000000e+03 4.339000000000000000e+03 1.191028509300000038e-01 3.234818483000000133e-02
4.339000000000000000e+03 4.340000000000000000e+03 1.307743665899999963e-01 2.709655353399999939e-02
4.340000000000000000e+03 4.341000000000000000e+03 9.285002736000000367e-02 2.426927366599999913e-02
4.341000000000000000e+03 4.342000000000000000e+03 2.277994732200000136e-02 2.028436183599999915e-02
4.342000000000000000e+03 4.343000000000000000e+03 1.276989672799999989e-02 1.893926257899999910e-02
4.343000000000000000e+03 4.344000000000000000e+03 1.661428626299999919e-02 1.184343550199999998e-02
4.344000000000000000e+03 4.345000000000000000e+03 5.765827152400000016e-03 1.014444044099999977e-02
4.345000000000000000e+03 4.346000000000000000e+03 3.037133716999999844e-02 3.400514028000000549e-02
4.346000000000000000e+03 4.347000000000000000e+03 2.932768795299999995e-03 3.659227814999999745e-02
4.347000000000000000e+03 4.348000000000000000e+03 2.044059223999999952e-02 2.389376881999999772e-02
4.348000000000000000e+03 4.349000000000000000e+03 6.916548614999999678e-02 2.953477933000000014e-02
4.349000000000000000e+03 4.350000000000000000e+03 1.203507867699999956e-01 3.346062100000000289e-02
4.350000000000000000e+03 4.351000000000000000e+03 2.071229588300000160e-02 2.935162150200000195e-02
4.351000000000000000e+03 4.352000000000000000e+03 1.182835003600000122e-02 2.643760597299999945e-02
4.352000000000000000e+03 4.353000000000000000e+03 3.939951045400000296e-02 2.063057197899999945e-02
4.353000000000000000e+03 4.354000000000000000e+03 2.883297503600000186e-02 1.500938991400000040e-02
4.354000000000000000e+03 4.355000000000000000e+03 1.233293743399999955e-02 1.443721711400000086e-02
4.355000000000000000e+03 4.356000000000000000e+03 -1.796531835800000212e-02 8.548566548000000043e-03
4.356000000000000000e+03 4.357000000000000000e+03 -1.769097152999999853e-02 3.369694833999999778e-02
4.357000000000000000e+03 4.358000000000000000e+03 2.855455850799999695e-02 3.265737836999999671e-02
4.358000000000000000e+03 4.359000000000000000e+03 5.434355256000000106e-02 3.693650939999999772e-02
4.359000000000000000e+03 4.360000000000000000e+03 8.466195364999999640e-02 3.187033472999999811e-02
4.360000000000000000e+03 4.361000000000000000e+03 3.943229605999999665e-02 3.354128297999999647e-02
4.361000000000000000e+03 4.362000000000000000e+03 8.915327168999999385e-02 2.567933863499999997e-02
4.362000000000000000e+03 4.363000000000000000e+03 3.270532211599999628e-02 2.277668732900000118e-02
4.363000000000000000e+03 4.364000000000000000e+03 1.315887206260000011e-02 1.732785818100000125e-02
4.364000000000000000e+03 4.365000000000000000e+03 -2.228380805599999761e-03 1.625623888799999917e-02
4.365000000000000000e+03 4.366000000000000000e+03 3.143627887299999934e-03 1.245522171000000046e-02
4.366000000000000000e+03 4.367000000000000000e+03 -5.666197777999999914e-03 8.383419468000001193e-03
4.367000000000000000e+03 4.368000000000000000e+03 4.047635733999999617e-03 3.887487312000000028e-02
4.368000000000000000e+03 4.369000000000000000e+03 8.812040823000000245e-02 3.533842158000000122e-02
4.369000000000000000e+03 4.370000000000000000e+03 6.691796655999998622e-02 3.032696744999999888e-02
4.370000000000000000e+03 4.371000000000000000e+03 5.097392022999999717e-02 2.831741659999999911e-02
4.371000000000000000e+03 4.372000000000000000e+03 1.811617592299999760e-02 2.875292318999999805e-02
4.372000000000000000e+03 4.373000000000000000e+03 2.513507499399999720e-02 2.483919106699999935e-02
4.373000000000000000e+03 4.374000000000000000e+03 -3.388105819699999827e-02 2.139281497399999829e-02
4.374000000000000000e+03 4.375000000000000000e+03 3.715021776900000183e-02 1.978496353300000093e-02
4.375000000000000000e+03 4.376000000000000000e+03 -2.262770969500000132e-02 1.424752367399999969e-02
4.376000000000000000e+03 4.377000000000000000e+03 -1.139817706400000040e-02 1.114585559799999986e-02
4.377000000000000000e+03 4.378000000000000000e+03 3.831782108799999982e-03 9.485645842000000119e-03
4.378000000000000000e+03 4.379000000000000000e+03 6.532868216999999922e-02 3.866617309999999946e-02
4.379000000000000000e+03 4.380000000000000000e+03 6.442725074999999801e-02 3.658370670999999685e-02
4.380000000000000000e+03 4.381000000000000000e+03 -3.179161091000000296e-03 3.015789451000000163e-02
4.381000000000000000e+03 4.382000000000000000e+03 4.892529084000000333e-02 3.382548420999999944e-02
4.382000000000000000e+03 4.383000000000000000e+03 5.548022377000000338e-02 2.863661498999999985e-02
4.383000000000000000e+03 4.384000000000000000e+03 2.927833950000000018e-02 2.508798587700000055e-02
4.384000000000000000e+03 4.385000000000000000e+03 7.403771670200000321e-02 2.032085015500000036e-02
4.385000000000000000e+03 4.386000000000000000e+03 3.116590509389000063e-02 2.172739724800000147e-02
4.386000000000000000e+03 4.387000000000000000e+03 -6.398568345899999926e-03 1.299815720700000024e-02
4.387000000000000000e+03 4.388000000000000000e+03 -1.361145656399999869e-02 1.172346340599999918e-02
4.388000000000000000e+03 4.389000000000000000e+03 1.184532559199999967e-02 7.107120050999999987e-03
4.389000000000000000e+03 4.390000000000000000e+03 5.859625636000000137e-02 4.011227909000000119e-02
4.390000000000000000e+03 4.391000000000000000e+03 -1.514450938999999975e-02 2.657291810000000226e-02
4.391000000000000000e+03 4.392000000000000000e+03 1.636206426999999713e-02 3.405092801000000197e-02
4.392000000000000000e+03 4.393000000000000000e+03 1.127233405999999993e-02 3.404107037999999641e-02
4.393000000000000000e+03 4.394000000000000000e+03 -2.148064969999999990e-02 2.785264997000000062e-02
4.394000000000000000e+03 4.395000000000000000e+03 5.829946469000000381e-02 2.765544547399999969e-02
4.395000000000000000e+03 4.396000000000000000e+03 3.979276656600000406e-02 2.422231890000000123e-02
4.396000000000000000e+03 4.397000000000000000e+03 5.681026773799999902e-02 2.224663225900000083e-02
4.397000000000000000e+03 4.398000000000000000e+03 2.401636922299999963e-02 1.458280685899999984e-02
4.398000000000000000e+03 4.399000000000000000e+03 5.403390499999999812e-05 1.297331019699999970e-02
4.399000000000000000e+03 4.400000000000000000e+03 -1.111807663900000152e-02 7.158274949000000172e-03
4.400000000000000000e+03 4.401000000000000000e+03 6.846016824999999473e-02 3.869474661999999787e-02
4.401000000000000000e+03 4.402000000000000000e+03 6.899515034999999241e-02 3.301525699999999924e-02
4.402000000000000000e+03 4.403000000000000000e+03 7.954155735000000005e-02 3.689195521000000061e-02
4.403000000000000000e+03 4.404000000000000000e+03 5.605144190000000814e-04 3.135892516000000213e-02
4.404000000000000000e+03 4.405000000000000000e+03 4.623606901999999935e-02 2.382911666499999692e-02
4.405000000000000000e+03 4.406000000000000000e+03 2.101673090999999719e-03 2.616175914800000085e-02
4.406000000000000000e+03 4.407000000000000000e+03 4.936602215000000099e-02 2.499619424199999926e-02
4.407000000000000000e+03 4.408000000000000000e+03 5.975267896000000141e-03 1.662021309499999919e-02
4.408000000000000000e+03 4.409000000000000000e+03 -7.251305657999999529e-03 1.581047338499999913e-02
4.409000000000000000e+03 4.410000000000000000e+03 -1.264405454900000003e-02 1.176824995400000025e-02
4.410000000000000000e+03 4.411000000000000000e+03 -9.704718710639999302e-03 6.856837274000000815e-03
4.411000000000000000e+03 4.412000000000000000e+03 6.259924459000000552e-02 4.353951564999999913e-02
4.412000000000000000e+03 4.413000000000000000e+03 -6.102258943000000296e-02 2.294151931999999922e-02
4.413000000000000000e+03 4.414000000000000000e+03 1.807613601000000042e-02 3.311414895000000524e-02
4.414000000000000000e+03 4.415000000000000000e+03 5.027281374999999913e-02 3.095935732000000204e-02
4.415000000000000000e+03 4.416000000000000000e+03 1.820841220200000027e-02 3.100636678999999993e-02
4.416000000000000000e+03 4.417000000000000000e+03 3.646482071800000169e-02 2.484443037199999746e-02
4.417000000000000000e+03 4.418000000000000000e+03 1.048019741499999977e-02 2.521373936300000049e-02
4.418000000000000000e+03 4.419000000000000000e+03 -1.555462948299999974e-02 1.747798917400000124e-02
4.419000000000000000e+03 4.420000000000000000e+03 -1.804386410500000149e-02 1.303869117900000041e-02
4.420000000000000000e+03 4.421000000000000000e+03 2.295550929840000157e-02 1.044716121599999908e-02
4.421000000000000000e+03 4.422000000000000000e+03 7.411207985000000352e-03 6.840626938999999976e-03
4.422000000000000000e+03 4.423000000000000000e+03 -9.258420310999999903e-02 3.514397810000000066e-02
4.423000000000000000e+03 4.424000000000000000e+03 -2.491539157000000060e-02 2.662534773999999937e-02
4.424000000000000000e+03 4.425000000000000000e+03 6.837416736000000161e-02 3.340508620000000317e-02
4.425000000000000000e+03 4.426000000000000000e+03 5.161268234000000038e-02 2.954722933999999815e-02
4.426000000000000000e+03 4.427000000000000000e+03 6.602313188000000221e-02 2.869653916200000029e-02
4.427000000000000000e+03 4.428000000000000000e+03 9.107856608999999326e-02 2.619276373899999746e-02
4.428000000000000000e+03 4.429000000000000000e+03 -1.071994694300000030e-02 2.022186904099999849e-02
4.429000000000000000e+03 4.430000000000000000e+03 1.366464516399999891e-02 2.018323422999999950e-02
4.430000000000000000e+03 4.431000000000000000e+03 2.880256395373000100e-02 1.330088870600000008e-02
4.431000000000000000e+03 4.432000000000000000e+03 2.050793010959999982e-02 1.216859179300000017e-02
4.432000000000000000e+03 4.433000000000000000e+03 2.024430339999999749e-03 7.232250068000000559e-03
4.433000000000000000e+03 4.434000000000000000e+03 2.456372245000000218e-02 3.112594964999999825e-02
4.434000000000000000e+03 4.435000000000000000e+03 1.466087751299999936e-02 3.523244551999999558e-02
4.435000000000000000e+03 4.436000000000000000e+03 1.190982461899999928e-01 3.836908161000000123e-02
4.436000000000000000e+03 4.437000000000000000e+03 4.836737131399999889e-02 2.960448694999999811e-02
4.437000000000000000e+03 4.438000000000000000e+03 3.659028472000000476e-02 2.632454477500000001e-02
4.438000000000000000e+03 4.439000000000000000e+03 7.785899615000000350e-03 2.564679285799999903e-02
4.439000000000000000e+03 4.440000000000000000e+03 9.566085813999999563e-03 1.988806096999999953e-02
4.440000000000000000e+03 4.441000000000000000e+03 -9.327375759999999728e-04 2.324806200399999814e-02
4.441000000000000000e+03 4.442000000000000000e+03 7.916345326000001278e-03 1.172075561699999907e-02
4.442000000000000000e+03 4.443000000000000000e+03 -1.033990284600000073e-02 1.024347013799999963e-02
4.443000000000000000e+03 4.444000000000000000e+03 7.555402237000000479e-03 8.752722930999998555e-03
4.444000000000000000e+03 4.445000000000000000e+03 1.085375781899999975e-01 3.586771894000000127e-02
4.445000000000000000e+03 4.446000000000000000e+03 8.524641066999999461e-02 3.474382641000000466e-02
4.446000000000000000e+03 4.447000000000000000e+03 3.336983873000000378e-02 3.208127865000000301e-02
4.447000000000000000e+03 4.448000000000000000e+03 1.591133399600000095e-02 2.840891704999999948e-02
4.448000000000000000e+03 4.449000000000000000e+03 3.047736344999999944e-02 2.536688504199999944e-02
4.449000000000000000e+03 4.450000000000000000e+03 3.573830862300000216e-02 2.234948333299999895e-02
4.450000000000000000e+03 4.451000000000000000e+03 4.841825728770000198e-02 2.539067177300000089e-02
4.451000000000000000e+03 4.452000000000000000e+03 3.410561876799999420e-02 2.453449509200000128e-02
4.452000000000000000e+03 4.453000000000000000e+03 2.294881171000000102e-03 1.687054759299999943e-02
4.453000000000000000e+03 4.454000000000000000e+03 5.287931878000000016e-03 8.032851120999998790e-03
4.454000000000000000e+03 4.455000000000000000e+03 -4.427708862999999405e-03 8.153791140999998646e-03
4.455000000000000000e+03 4.456000000000000000e+03 3.829958462000000036e-02 4.469972014999999688e-02
4.456000000000000000e+03 4.457000000000000000e+03 4.603060395999999943e-02 4.181715324000000178e-02
4.457000000000000000e+03 4.458000000000000000e+03 7.484592405999999920e-02 3.043762644000000059e-02
4.458000000000000000e+03 4.459000000000000000e+03 1.780956996800000039e-02 2.850537068000000285e-02
4.459000000000000000e+03 4.460000000000000000e+03 7.212580886000000135e-02 3.183816473000000008e-02
4.460000000000000000e+03 4.461000000000000000e+03 2.841046118860000164e-02 2.087644378200000095e-02
4.461000000000000000e+03 4.462000000000000000e+03 1.127387715500000054e-02 2.295968280999999972e-02
4.462000000000000000e+03 4.463000000000000000e+03 -1.800739926340000005e-02 1.483711920000000024e-02
4.463000000000000000e+03 4.464000000000000000e+03 -1.316189665500000147e-02 1.367361706599999963e-02
4.464000000000000000e+03 4.465000000000000000e+03 -3.159118364300000231e-02 1.211711791999999996e-02
4.465000000000000000e+03 4.466000000000000000e+03 -5.425355939999999474e-03 7.727115224000000518e-03
4.466000000000000000e+03 4.467000000000000000e+03 3.997331072999999596e-02 3.106523556999999866e-02
4.467000000000000000e+03 4.468000000000000000e+03 9.682905910000000381e-04 2.707449869000000051e-02
4.468000000000000000e+03 4.469000000000000000e+03 6.718914997999999791e-04 2.666098046000000069e-02
4.469000000000000000e+03 4.470000000000000000e+03 1.166054321600000082e-01 2.861152156000000210e-02
4.470000000000000000e+03 4.471000000000000000e+03 -1.274940339800000044e-02 2.846560367999999980e-02
4.471000000000000000e+03 4.472000000000000000e+03 5.670095435999999989e-02 2.680298104299999942e-02
4.472000000000000000e+03 4.473000000000000000e+03 3.213205791979999865e-02 2.413202414900000176e-02
4.473000000000000000e+03 4.474000000000000000e+03 5.197362876040000079e-02 2.159802826199999984e-02
4.474000000000000000e+03 4.475000000000000000e+03 3.687813731699999403e-02 1.664166919799999964e-02
4.475000000000000000e+03 4.476000000000000000e+03 6.098764621999999691e-03 1.303906355899999911e-02
4.476000000000000000e+03 4.477000000000000000e+03 -3.174730656999999717e-03 6.581143256999999643e-03
4.477000000000000000e+03 4.478000000000000000e+03 5.167391243999999717e-02 3.042830759999999926e-02
4.478000000000000000e+03 4.479000000000000000e+03 -5.154025934999999919e-02 3.554935711999999970e-02
4.479000000000000000e+03 4.480000000000000000e+03 9.480466062000000860e-02 3.389648842999999634e-02
4.480000000000000000e+03 4.481000000000000000e+03 7.775345483999999974e-02 3.079755312999999869e-02
4.481000000000000000e+03 4.482000000000000000e+03 6.897007330000000380e-02 2.832418815000000215e-02
4.482000000000000000e+03 4.483000000000000000e+03 3.847536409999999935e-02 2.426106547900000118e-02
4.483000000000000000e+03 4.484000000000000000e+03 3.689113102299999836e-02 1.907614111799999998e-02
4.484000000000000000e+03 4.485000000000000000e+03 4.074076546850000091e-02 1.740479616399999777e-02
4.485000000000000000e+03 4.486000000000000000e+03 2.584872879840000026e-02 1.553311343699999986e-02
4.486000000000000000e+03 4.487000000000000000e+03 5.080266970700000363e-03 1.118406561299999970e-02
4.487000000000000000e+03 4.488000000000000000e+03 1.176840934300000044e-02 7.707255306000000174e-03
4.488000000000000000e+03 4.489000000000000000e+03 5.648031877000000284e-02 2.595766534999999903e-02
4.489000000000000000e+03 4.490000000000000000e+03 -1.936608031999999952e-02 3.211151829000000180e-02
4.490000000000000000e+03 4.491000000000000000e+03 5.586434784000000181e-02 2.705556612999999999e-02
4.491000000000000000e+03 4.492000000000000000e+03 3.871406330999999784e-02 2.665111038999999973e-02
4.492000000000000000e+03 4.493000000000000000e+03 4.643203188600000114e-02 2.840406382999999951e-02
4.493000000000000000e+03 4.494000000000000000e+03 2.743787752599999991e-02 2.208440931599999976e-02
4.494000000000000000e+03 4.495000000000000000e+03 5.084265362800000077e-02 2.069600573600000049e-02
4.495000000000000000e+03 4.496000000000000000e+03 -7.597142934000000042e-03 1.688162507400000137e-02
4.496000000000000000e+03 4.497000000000000000e+03 3.007488372679999883e-02 1.485735284299999868e-02
4.497000000000000000e+03 4.498000000000000000e+03 2.976360562800000123e-02 1.345782159800000023e-02
4.498000000000000000e+03 4.499000000000000000e+03 -6.688330275000000345e-03 7.169561478999999897e-03
4.499000000000000000e+03 4.500000000000000000e+03 2.436384372000000020e-02 2.831135272999999938e-02
4.500000000000000000e+03 4.501000000000000000e+03 2.956760313000000168e-02 3.456418533999999765e-02
4.501000000000000000e+03 4.502000000000000000e+03 -4.161360369000000059e-02 2.749387336000000057e-02
4.502000000000000000e+03 4.503000000000000000e+03 8.550160765000000551e-02 2.844716942000000137e-02
4.503000000000000000e+03 4.504000000000000000e+03 5.593082719000000425e-02 2.979260912999999802e-02
4.504000000000000000e+03 4.505000000000000000e+03 2.250910501300000185e-02 2.145820700900000211e-02
4.505000000000000000e+03 4.506000000000000000e+03 -2.725355128700000101e-02 2.227775015999999830e-02
4.506000000000000000e+03 4.507000000000000000e+03 -9.582011240000000429e-04 1.868330265399999884e-02
4.507000000000000000e+03 4.508000000000000000e+03 -2.613834932879999934e-02 1.363510833599999861e-02
4.508000000000000000e+03 4.509000000000000000e+03 2.908211662599999997e-02 1.134165342299999976e-02
4.509000000000000000e+03 4.510000000000000000e+03 -3.540819780499999871e-03 7.143961972999999903e-03
4.510000000000000000e+03 4.511000000000000000e+03 3.739291367999999366e-02 1.918025043099999896e-02
4.511000000000000000e+03 4.512000000000000000e+03 2.873581022000000137e-02 3.128456393000000196e-02
4.512000000000000000e+03 4.513000000000000000e+03 -5.210980272000000080e-02 2.968608643999999866e-02
4.513000000000000000e+03 4.514000000000000000e+03 1.735049077000000092e-02 2.777067705999999858e-02
4.514000000000000000e+03 4.515000000000000000e+03 2.391008279100000078e-02 2.560799569999999692e-02
4.515000000000000000e+03 4.516000000000000000e+03 4.013235690999999994e-02 2.149879198199999841e-02
4.516000000000000000e+03 4.517000000000000000e+03 5.145292573299999755e-02 2.368182804500000224e-02
4.517000000000000000e+03 4.518000000000000000e+03 -3.576832846100000234e-03 1.523942531400000050e-02
4.518000000000000000e+03 4.519000000000000000e+03 -2.573231899299999962e-03 1.870068439500000013e-02
4.519000000000000000e+03 4.520000000000000000e+03 9.875687583000000019e-03 1.165106770100000043e-02
4.520000000000000000e+03 4.521000000000000000e+03 9.245580410699999821e-03 8.692260159999999625e-03
4.521000000000000000e+03 4.522000000000000000e+03 -7.134217139999998736e-02 3.436195200000000116e-02
4.522000000000000000e+03 4.523000000000000000e+03 3.489784978000000371e-02 3.382087580000000399e-02
4.523000000000000000e+03 4.524000000000000000e+03 5.358125592000000104e-02 2.904302692000000283e-02
4.524000000000000000e+03 4.525000000000000000e+03 2.868072198300000014e-02 2.236374227999999784e-02
4.525000000000000000e+03 4.526000000000000000e+03 -2.522253330999999973e-02 3.089997520000000233e-02
4.526000000000000000e+03 4.527000000000000000e+03 4.509661994300000198e-02 2.317338395999999842e-02
4.527000000000000000e+03 4.528000000000000000e+03 2.394787807899999982e-02 2.422892804599999922e-02
4.528000000000000000e+03 4.529000000000000000e+03 4.595360698900000096e-02 1.764536135499999991e-02
4.529000000000000000e+03 4.530000000000000000e+03 2.332480913380000076e-02 1.608487773400000057e-02
4.530000000000000000e+03 4.531000000000000000e+03 1.441580761499999981e-02 9.799846792999999945e-03
4.531000000000000000e+03 4.532000000000000000e+03 1.892638877299999967e-02 7.967390929000001468e-03
4.532000000000000000e+03 4.533000000000000000e+03 7.383771053000000306e-02 3.594582103999999917e-02
4.533000000000000000e+03 4.534000000000000000e+03 2.674373153999999933e-02 2.861164391000000154e-02
4.534000000000000000e+03 4.535000000000000000e+03 6.912225096000000624e-02 3.051003723999999931e-02
4.535000000000000000e+03 4.536000000000000000e+03 7.456539331000000548e-02 2.834489311999999900e-02
4.536000000000000000e+03 4.537000000000000000e+03 4.409531184999999909e-02 2.868163497999999881e-02
4.537000000000000000e+03 4.538000000000000000e+03 -3.249036207699999845e-02 2.208860590900000101e-02
4.538000000000000000e+03 4.539000000000000000e+03 2.142802716799999813e-02 2.167960146100000179e-02
4.539000000000000000e+03 4.540000000000000000e+03 2.350435088000000020e-02 1.425042182399999940e-02
4.540000000000000000e+03 4.541000000000000000e+03 4.838841347700000017e-02 1.545918823599999950e-02
4.541000000000000000e+03 4.542000000000000000e+03 -9.706903957900000005e-03 8.935589778999998914e-03
4.542000000000000000e+03 4.543000000000000000e+03 -1.253198851600000052e-02 6.151966166999999798e-03
4.543000000000000000e+03 4.544000000000000000e+03 3.397223657000000147e-02 3.185211748999999815e-02
4.544000000000000000e+03 4.545000000000000000e+03 3.737679774999999767e-03 2.901060984999999717e-02
4.545000000000000000e+03 4.546000000000000000e+03 6.469016157999998851e-02 2.645774438000000200e-02
4.546000000000000000e+03 4.547000000000000000e+03 7.703077762000000439e-02 2.465173414700000051e-02
4.547000000000000000e+03 4.548000000000000000e+03 6.137611157000000262e-02 2.637752706099999803e-02
4.548000000000000000e+03 4.549000000000000000e+03 3.858287355200000490e-02 2.215725414999999976e-02
4.549000000000000000e+03 4.550000000000000000e+03 5.945255332700000173e-02 1.919506417100000015e-02
4.550000000000000000e+03 4.551000000000000000e+03 5.772510319600000078e-02 1.677578721400000208e-02
4.551000000000000000e+03 4.552000000000000000e+03 8.085698857300000625e-03 1.233844860899999986e-02
4.552000000000000000e+03 4.553000000000000000e+03 -1.136929697900000008e-02 9.614796922000000759e-03
4.553000000000000000e+03 4.554000000000000000e+03 -1.572535138999999946e-04 5.860188271999999463e-03
4.554000000000000000e+03 4.555000000000000000e+03 -1.187817140299999956e-02 3.533152954999999734e-02
4.555000000000000000e+03 4.556000000000000000e+03 1.486974726900000023e-02 3.218229402999999572e-02
4.556000000000000000e+03 4.557000000000000000e+03 5.129041215999999986e-02 3.139290315999999914e-02
4.557000000000000000e+03 4.558000000000000000e+03 -2.266209204000000157e-02 2.427738432700000254e-02
4.558000000000000000e+03 4.559000000000000000e+03 3.730907514000000175e-02 2.253346953400000088e-02
4.559000000000000000e+03 4.560000000000000000e+03 3.271153763700000022e-02 2.957701237899999780e-02
4.560000000000000000e+03 4.561000000000000000e+03 1.313923323699999965e-02 2.020096971199999980e-02
4.561000000000000000e+03 4.562000000000000000e+03 1.456091031899999985e-02 1.885909945900000190e-02
4.562000000000000000e+03 4.563000000000000000e+03 -1.816117523200000070e-02 1.052802821400000005e-02
4.563000000000000000e+03 4.564000000000000000e+03 -1.950946877000000025e-03 9.248367288000000977e-03
4.564000000000000000e+03 4.565000000000000000e+03 2.800688489000000177e-03 7.274457374000000039e-03
4.565000000000000000e+03 4.566000000000000000e+03 -1.532575782199999993e-02 2.312186324999999931e-02
4.566000000000000000e+03 4.567000000000000000e+03 1.010675770399999951e-01 3.506308829000000238e-02
4.567000000000000000e+03 4.568000000000000000e+03 -1.449952356999999886e-02 2.209839810100000176e-02
4.568000000000000000e+03 4.569000000000000000e+03 -4.910069669999999470e-03 2.409570731999999965e-02
4.569000000000000000e+03 4.570000000000000000e+03 6.483034638599999289e-02 2.524031099300000011e-02
4.570000000000000000e+03 4.571000000000000000e+03 5.270230726099999451e-03 2.044715227199999860e-02
4.571000000000000000e+03 4.572000000000000000e+03 3.430223332199999753e-02 2.276775230400000100e-02
4.572000000000000000e+03 4.573000000000000000e+03 -1.656896730399999920e-02 1.829240758200000039e-02
4.573000000000000000e+03 4.574000000000000000e+03 1.825550149039999875e-02 1.266859532199999909e-02
4.574000000000000000e+03 4.575000000000000000e+03 -6.266041960800000296e-03 7.552886150000000243e-03
4.575000000000000000e+03 4.576000000000000000e+03 -5.970245451999999821e-03 6.372095782000000708e-03
4.576000000000000000e+03 4.577000000000000000e+03 -1.528553689100000008e-02 2.744294222000000227e-02
4.577000000000000000e+03 4.578000000000000000e+03 3.789412391000000074e-02 3.142189188000000383e-02
4.578000000000000000e+03 4.579000000000000000e+03 3.368012808000000330e-02 2.800869363999999861e-02
4.579000000000000000e+03 4.580000000000000000e+03 2.297869879999999809e-04 2.185418766200000057e-02
4.580000000000000000e+03 4.581000000000000000e+03 1.937448448700000020e-02 2.225607602600000040e-02
4.581000000000000000e+03 4.582000000000000000e+03 5.934158413699999746e-03 2.076880655500000158e-02
4.582000000000000000e+03 4.583000000000000000e+03 1.575568771099999932e-02 1.927795841899999918e-02
4.583000000000000000e+03 4.584000000000000000e+03 2.768117217400000232e-02 1.511562579400000002e-02
4.584000000000000000e+03 4.585000000000000000e+03 -1.240118812000000131e-03 1.169998114700000064e-02
4.585000000000000000e+03 4.586000000000000000e+03 6.742071882200000206e-03 9.973670696999999835e-03
4.586000000000000000e+03 4.587000000000000000e+03 -5.394124915000000388e-03 6.605813175999999606e-03
4.587000000000000000e+03 4.588000000000000000e+03 -4.682993184999999919e-02 2.553416500999999839e-02
4.588000000000000000e+03 4.589000000000000000e+03 3.999214379999999763e-02 2.895481002999999998e-02
4.589000000000000000e+03 4.590000000000000000e+03 6.112679440000000353e-02 2.607209907000000021e-02
4.590000000000000000e+03 4.591000000000000000e+03 3.870537760000000022e-02 2.560973311999999863e-02
4.591000000000000000e+03 4.592000000000000000e+03 7.166842487999999789e-02 2.322900250799999830e-02
4.592000000000000000e+03 4.593000000000000000e+03 1.970490339089999918e-02 2.049316489999999935e-02
4.593000000000000000e+03 4.594000000000000000e+03 2.296050482100000026e-02 1.909909925200000205e-02
4.594000000000000000e+03 4.595000000000000000e+03 3.464816430599999830e-02 1.575001275599999945e-02
4.595000000000000000e+03 4.596000000000000000e+03 8.039021843000000028e-03 1.267825252599999973e-02
4.596000000000000000e+03 4.597000000000000000e+03 1.838679399000000105e-03 9.916757468999998562e-03
4.597000000000000000e+03 4.598000000000000000e+03 -1.057382501999999886e-03 7.630537456999999212e-03
4.598000000000000000e+03 4.599000000000000000e+03 7.733156845999999973e-02 3.530431919000000252e-02
4.599000000000000000e+03 4.600000000000000000e+03 2.226934991000000235e-03 2.660698444000000190e-02
4.600000000000000000e+03 4.601000000000000000e+03 3.389483631000000247e-02 2.878837739999999881e-02
4.601000000000000000e+03 4.602000000000000000e+03 7.108869392000000120e-02 2.703283747000000126e-02
4.602000000000000000e+03 4.603000000000000000e+03 2.662204880499999954e-02 2.497340038099999868e-02
4.603000000000000000e+03 4.604000000000000000e+03 4.730981845400000080e-02 2.129167868900000080e-02
4.604000000000000000e+03 4.605000000000000000e+03 -1.027864025500000063e-02 1.955737989999999787e-02
4.605000000000000000e+03 4.606000000000000000e+03 2.000589938399999906e-02 1.785577189600000281e-02
4.606000000000000000e+03 4.607000000000000000e+03 -1.899800300999999981e-03 1.346127262399999906e-02
4.607000000000000000e+03 4.608000000000000000e+03 1.357957462700000104e-02 9.542218264000000560e-03
4.608000000000000000e+03 4.609000000000000000e+03 8.529176086999998643e-03 5.849150695999999830e-03
4.609000000000000000e+03 4.610000000000000000e+03 5.552672942999999778e-02 3.048869263999999871e-02
4.610000000000000000e+03 4.611000000000000000e+03 -1.972475799699999893e-02 2.796617650999999941e-02
4.611000000000000000e+03 4.612000000000000000e+03 6.550056911999999065e-02 2.593782680000000090e-02
4.612000000000000000e+03 4.613000000000000000e+03 3.363607457000000051e-02 2.397240882999999989e-02
4.613000000000000000e+03 4.614000000000000000e+03 4.788728410999999741e-02 2.201540063200000188e-02
4.614000000000000000e+03 4.615000000000000000e+03 5.664990472999999888e-02 2.130341582300000064e-02
4.615000000000000000e+03 4.616000000000000000e+03 -2.402412333999999830e-02 1.903046369600000162e-02
4.616000000000000000e+03 4.617000000000000000e+03 1.489323289869999914e-02 1.565049417999999845e-02
4.617000000000000000e+03 4.618000000000000000e+03 2.740284433549999843e-02 1.488445660600000095e-02
4.618000000000000000e+03 4.619000000000000000e+03 2.934249048800000037e-02 1.080055279699999871e-02
4.619000000000000000e+03 4.620000000000000000e+03 1.518650034500000157e-03 8.199828797000000002e-03
4.620000000000000000e+03 4.621000000000000000e+03 3.260583733999999900e-02 2.657687128000000079e-02
4.621000000000000000e+03 4.622000000000000000e+03 -1.023788037000000067e-02 2.143019004000000158e-02
4.622000000000000000e+03 4.623000000000000000e+03 2.586265811799999884e-02 2.816172534999999977e-02
4.623000000000000000e+03 4.624000000000000000e+03 5.833311715000000230e-02 2.313020628600000184e-02
4.624000000000000000e+03 4.625000000000000000e+03 5.957736123000000050e-02 2.382862668200000020e-02
4.625000000000000000e+03 4.626000000000000000e+03 4.711822153000000402e-02 2.391017748700000056e-02
4.626000000000000000e+03 4.627000000000000000e+03 1.059807844400000032e-02 1.572849244100000057e-02
4.627000000000000000e+03 4.628000000000000000e+03 2.176609455839999957e-02 1.510281328499999895e-02
4.628000000000000000e+03 4.629000000000000000e+03 -1.110216483199999958e-02 1.059605306199999999e-02
4.629000000000000000e+03 4.630000000000000000e+03 1.265426419650000044e-02 1.062596093300000044e-02
4.630000000000000000e+03 4.631000000000000000e+03 9.430893658999999624e-03 6.553383795999999720e-03
4.631000000000000000e+03 4.632000000000000000e+03 8.515717164000000117e-03 2.024240124799999915e-02
4.632000000000000000e+03 4.633000000000000000e+03 3.577556373000000123e-02 2.854683612000000204e-02
4.633000000000000000e+03 4.634000000000000000e+03 2.522336874999999909e-02 1.925406442300000090e-02
4.634000000000000000e+03 4.635000000000000000e+03 -1.823665183100000101e-02 2.895052265000000111e-02
4.635000000000000000e+03 4.636000000000000000e+03 1.660331494900000107e-02 2.433298743400000297e-02
4.636000000000000000e+03 4.637000000000000000e+03 4.505101917999999872e-02 2.085389767899999830e-02
4.637000000000000000e+03 4.638000000000000000e+03 -1.732435302000000146e-03 1.917226079400000116e-02
4.638000000000000000e+03 4.639000000000000000e+03 4.568892746500000102e-02 1.573640206900000019e-02
4.639000000000000000e+03 4.640000000000000000e+03 -6.319294662999999992e-03 1.084433837100000006e-02
4.640000000000000000e+03 4.641000000000000000e+03 3.315819968000000267e-03 9.494080644000001123e-03
4.641000000000000000e+03 4.642000000000000000e+03 -4.506992723000000285e-04 6.385508427999999834e-03
4.642000000000000000e+03 4.643000000000000000e+03 5.174966565999999935e-02 2.814481524999999998e-02
4.643000000000000000e+03 4.644000000000000000e+03 2.075930594899999884e-02 2.182304117999999890e-02
4.644000000000000000e+03 4.645000000000000000e+03 4.492840758999999684e-02 3.184052926999999394e-02
4.645000000000000000e+03 4.646000000000000000e+03 1.273007108000000047e-02 2.634331399999999962e-02
4.646000000000000000e+03 4.647000000000000000e+03 2.063917525599999817e-02 2.356740971300000029e-02
4.647000000000000000e+03 4.648000000000000000e+03 -4.524289263999999727e-03 2.357758690400000093e-02
4.648000000000000000e+03 4.649000000000000000e+03 -1.176728680703000018e-02 1.954610846600000201e-02
4.649000000000000000e+03 4.650000000000000000e+03 1.776527654170000081e-02 1.687082271900000249e-02
4.650000000000000000e+03 4.651000000000000000e+03 2.522519721700000259e-02 1.348500704999999918e-02
4.651000000000000000e+03 4.652000000000000000e+03 -6.765461603600000234e-03 1.251240434900000031e-02
4.652000000000000000e+03 4.653000000000000000e+03 1.632221178000000045e-03 5.200667887000000322e-03
4.653000000000000000e+03 4.654000000000000000e+03 3.435434015999999646e-02 2.704346590000000078e-02
4.654000000000000000e+03 4.655000000000000000e+03 1.409263540899999972e-02 2.653339729999999730e-02
4.655000000000000000e+03 4.656000000000000000e+03 7.039562453999999303e-02 2.928790062999999874e-02
4.656000000000000000e+03 4.657000000000000000e+03 3.903102760499999740e-02 3.144616179999999706e-02
4.657000000000000000e+03 4.658000000000000000e+03 3.916844700000000207e-02 2.003454325900000041e-02
4.658000000000000000e+03 4.659000000000000000e+03 3.705281207000000326e-02 1.918483820600000098e-02
4.659000000000000000e+03 4.660000000000000000e+03 6.851689939000000368e-03 2.022023686999999820e-02
4.660000000000000000e+03 4.661000000000000000e+03 1.427270177100000044e-02 1.565029798799999830e-02
4.661000000000000000e+03 4.662000000000000000e+03 -5.945513952599999243e-03 1.249589159599999964e-02
4.662000000000000000e+03 4.663000000000000000e+03 1.415394962449999933e-02 1.056018118300000065e-02
4.663000000000000000e+03 4.664000000000000000e+03 -3.236787876599999704e-03 4.970881802000000176e-03
4.664000000000000000e+03 4.665000000000000000e+03 -3.517413775000000076e-02 2.430320885000000070e-02
4.665000000000000000e+03 4.666000000000000000e+03 3.765416444999999945e-02 2.730573517999999866e-02
4.666000000000000000e+03 4.667000000000000000e+03 2.566650536999999857e-02 3.153251552999999929e-02
4.667000000000000000e+03 4.668000000000000000e+03 8.115295555000000272e-02 2.491808599000000166e-02
4.668000000000000000e+03 4.669000000000000000e+03 4.284850169000000396e-03 2.030268136699999934e-02
4.669000000000000000e+03 4.670000000000000000e+03 3.672681155299999806e-02 2.211074077199999890e-02
4.670000000000000000e+03 4.671000000000000000e+03 1.024447433109999979e-02 1.525222582699999919e-02
4.671000000000000000e+03 4.672000000000000000e+03 -5.275367221499999322e-03 1.288221746899999992e-02
4.672000000000000000e+03 4.673000000000000000e+03 1.261847174999999877e-02 1.252255270199999909e-02
4.673000000000000000e+03 4.674000000000000000e+03 -6.581631434000000114e-04 1.062623172400000045e-02
4.674000000000000000e+03 4.675000000000000000e+03 -1.327967915299999892e-02 4.953319745999999919e-03
4.675000000000000000e+03 4.676000000000000000e+03 5.018229639999999964e-02 2.734487564999999940e-02
4.676000000000000000e+03 4.677000000000000000e+03 1.130841042739999872e-02 2.495794032999999745e-02
4.677000000000000000e+03 4.678000000000000000e+03 3.991254517000000085e-02 2.858403156000000056e-02
4.678000000000000000e+03 4.679000000000000000e+03 2.701892394999999905e-02 2.626433038999999997e-02
4.679000000000000000e+03 4.680000000000000000e+03 1.757775017799999978e-02 2.267587640799999943e-02
4.680000000000000000e+03 4.681000000000000000e+03 5.419505612299999747e-02 2.385598057200000177e-02
4.681000000000000000e+03 4.682000000000000000e+03 2.307743174899999986e-02 1.589770063999999816e-02
4.682000000000000000e+03 4.683000000000000000e+03 -1.786765606599999973e-02 1.179392640500000027e-02
4.683000000000000000e+03 4.684000000000000000e+03 6.568488095999999547e-03 1.278361207400000032e-02
4.684000000000000000e+03 4.685000000000000000e+03 -2.020422819120000144e-02 8.256922782999999780e-03
4.685000000000000000e+03 4.686000000000000000e+03 8.867107566999999843e-03 5.638783591999999879e-03
4.686000000000000000e+03 4.687000000000000000e+03 -1.957137377000000081e-02 2.527636857999999986e-02
4.687000000000000000e+03 4.688000000000000000e+03 3.859376677999999672e-02 2.355385608000000117e-02
4.688000000000000000e+03 4.689000000000000000e+03 3.715179532000000007e-02 2.564460300000000192e-02
4.689000000000000000e+03 4.690000000000000000e+03 5.664221264000000172e-02 3.041690148000000121e-02
4.690000000000000000e+03 4.691000000000000000e+03 4.641346303999999839e-02 2.458529755100000158e-02
4.691000000000000000e+03 4.692000000000000000e+03 4.149748755999999733e-02 2.047342725299999833e-02
4.692000000000000000e+03 4.693000000000000000e+03 4.427505269100000251e-02 2.032967874700000038e-02
4.693000000000000000e+03 4.694000000000000000e+03 1.287691595700000101e-02 1.360759702800000068e-02
4.694000000000000000e+03 4.695000000000000000e+03 -1.260975229329999898e-02 9.926364731000000136e-03
4.695000000000000000e+03 4.696000000000000000e+03 7.846811663999999709e-04 8.836699505000000093e-03
4.696000000000000000e+03 4.697000000000000000e+03 -2.127750700599999756e-03 6.434182138000000412e-03
4.697000000000000000e+03 4.698000000000000000e+03 1.309950018400000103e-02 3.196788810000000119e-02
4.698000000000000000e+03 4.699000000000000000e+03 1.761612786999999965e-03 2.351172339000000278e-02
4.699000000000000000e+03 4.700000000000000000e+03 4.998026036000000061e-02 2.591861603999999833e-02
4.700000000000000000e+03 4.701000000000000000e+03 -1.346050557700000094e-02 2.095705668800000240e-02
4.701000000000000000e+03 4.702000000000000000e+03 5.180249413000000136e-02 2.018006317699999955e-02
4.702000000000000000e+03 4.703000000000000000e+03 2.934496183999999938e-02 2.221632382199999894e-02
4.703000000000000000e+03 4.704000000000000000e+03 -1.179944054679999896e-02 1.507488424200000010e-02
4.704000000000000000e+03 4.705000000000000000e+03 1.416749397460000115e-02 1.432970331499999923e-02
4.705000000000000000e+03 4.706000000000000000e+03 1.140380301480000032e-02 1.121375942199999941e-02
4.706000000000000000e+03 4.707000000000000000e+03 -1.948849420999999946e-03 9.473696329999999749e-03
4.707000000000000000e+03 4.708000000000000000e+03 1.961590116100000308e-03 5.573041725000000071e-03
4.708000000000000000e+03 4.709000000000000000e+03 1.219522999300000007e-02 2.807205930000000044e-02
4.709000000000000000e+03 4.710000000000000000e+03 2.204120141300000210e-02 2.422608141000000270e-02
4.710000000000000000e+03 4.711000000000000000e+03 4.197622196000000416e-02 2.817701162000000106e-02
4.711000000000000000e+03 4.712000000000000000e+03 9.494979965999999355e-03 2.193342094000000006e-02
4.712000000000000000e+03 4.713000000000000000e+03 2.176658913967000064e-02 2.495277851599999805e-02
4.713000000000000000e+03 4.714000000000000000e+03 3.866134335100000069e-02 1.926804937999999912e-02
4.714000000000000000e+03 4.715000000000000000e+03 4.570767236400000155e-02 1.758731689099999815e-02
4.715000000000000000e+03 4.716000000000000000e+03 8.240976312799999995e-03 1.169772768100000096e-02
4.716000000000000000e+03 4.717000000000000000e+03 5.341685940000000243e-03 1.210627610000000048e-02
4.717000000000000000e+03 4.718000000000000000e+03 -4.294666657700000299e-03 5.658200077700000462e-03
4.718000000000000000e+03 4.719000000000000000e+03 -2.200104132699999895e-03 4.143134724400000628e-03
4.719000000000000000e+03 4.720000000000000000e+03 8.923700342000000924e-03 2.314820703999999688e-02
4.720000000000000000e+03 4.721000000000000000e+03 -2.153920020099999930e-02 2.360039729999999919e-02
4.721000000000000000e+03 4.722000000000000000e+03 1.914562658400000006e-02 2.864746640999999913e-02
4.722000000000000000e+03 4.723000000000000000e+03 4.516657712999999630e-02 2.215083741099999753e-02
4.723000000000000000e+03 4.724000000000000000e+03 1.999256399999999035e-05 2.128909261199999833e-02
4.724000000000000000e+03 4.725000000000000000e+03 1.318607650799999940e-02 1.929323267400000208e-02
4.725000000000000000e+03 4.726000000000000000e+03 1.477740969999999984e-03 1.934027227800000012e-02
4.726000000000000000e+03 4.727000000000000000e+03 1.915625463500000153e-02 1.530434783599999952e-02
4.727000000000000000e+03 4.728000000000000000e+03 1.097523840019999988e-02 1.586478271399999890e-02
4.728000000000000000e+03 4.729000000000000000e+03 -5.992613490300000186e-03 8.474237540000000360e-03
4.729000000000000000e+03 4.730000000000000000e+03 -3.695117277200000300e-03 6.236621157999999721e-03
4.730000000000000000e+03 4.731000000000000000e+03 2.478826689999999791e-04 2.028502337999999947e-02
4.731000000000000000e+03 4.732000000000000000e+03 4.302105398999999525e-02 2.664213701000000059e-02
4.732000000000000000e+03 4.733000000000000000e+03 -1.142308438199999936e-02 2.494176899000000169e-02
4.733000000000000000e+03 4.734000000000000000e+03 6.660938760000000014e-02 3.232079588000000281e-02
4.734000000000000000e+03 4.735000000000000000e+03 1.067285235200000036e-02 1.930267497499999971e-02
4.735000000000000000e+03 4.736000000000000000e+03 3.385863741899999835e-02 1.771288724399999737e-02
4.736000000000000000e+03 4.737000000000000000e+03 -3.691208817999999843e-03 2.186874159700000209e-02
4.737000000000000000e+03 4.738000000000000000e+03 -1.255646798600000037e-02 9.706050791999999358e-03
4.738000000000000000e+03 4.739000000000000000e+03 8.234363029999999632e-04 1.120385117600000008e-02
4.739000000000000000e+03 4.740000000000000000e+03 -6.508804976000000415e-03 8.618792038999999530e-03
4.740000000000000000e+03 4.741000000000000000e+03 1.790568025599999918e-02 8.428639978999999047e-03
4.741000000000000000e+03 4.742000000000000000e+03 2.257927123799999963e-02 2.600295507000000006e-02
4.742000000000000000e+03 4.743000000000000000e+03 -1.283308516599999949e-02 2.481075903000000069e-02
4.743000000000000000e+03 4.744000000000000000e+03 3.440313359000000265e-02 2.802164195000000219e-02
4.744000000000000000e+03 4.745000000000000000e+03 2.228600869899999976e-02 2.281490820800000097e-02
4.745000000000000000e+03 4.746000000000000000e+03 2.122288711100000017e-02 2.175020881099999984e-02
4.746000000000000000e+03 4.747000000000000000e+03 1.264891944699999930e-02 2.420258176000000122e-02
4.747000000000000000e+03 4.748000000000000000e+03 3.182892102399999951e-02 1.845679778600000168e-02
4.748000000000000000e+03 4.749000000000000000e+03 4.033168340099999721e-02 1.498285668600000085e-02
4.749000000000000000e+03 4.750000000000000000e+03 8.425089321999999770e-03 1.293649000200000100e-02
4.750000000000000000e+03 4.751000000000000000e+03 5.708379426000000437e-03 7.842194505999999093e-03
4.751000000000000000e+03 4.752000000000000000e+03 -4.227537933799999960e-03 8.157196937200000136e-03
4.752000000000000000e+03 4.753000000000000000e+03 -1.922894810999999787e-02 2.313561885999999845e-02
4.753000000000000000e+03 4.754000000000000000e+03 9.853121195000000276e-02 2.740763268000000197e-02
4.754000000000000000e+03 4.755000000000000000e+03 2.620176142400000227e-02 2.601089638999999967e-02
4.755000000000000000e+03 4.756000000000000000e+03 9.232026659000000524e-02 2.507280685000000051e-02
4.756000000000000000e+03 4.757000000000000000e+03 1.243829641500000110e-02 1.890990773900000019e-02
4.757000000000000000e+03 4.758000000000000000e+03 2.218930758799999778e-02 2.351808757599999772e-02
4.758000000000000000e+03 4.759000000000000000e+03 6.062240607000000253e-02 1.654522003900000052e-02
4.759000000000000000e+03 4.760000000000000000e+03 -3.200059006170000164e-02 1.314361995099999972e-02
4.760000000000000000e+03 4.761000000000000000e+03 2.591645936469999870e-02 1.339923248699999986e-02
4.761000000000000000e+03 4.762000000000000000e+03 -5.647811678099999740e-03 7.048636122999999559e-03
4.762000000000000000e+03 4.763000000000000000e+03 -1.574489195499999966e-02 6.041516606999999990e-03
4.763000000000000000e+03 4.764000000000000000e+03 2.476666948099999835e-02 3.122640330999999769e-02
4.764000000000000000e+03 4.765000000000000000e+03 2.925277612999999804e-02 1.780351518399999819e-02
4.765000000000000000e+03 4.766000000000000000e+03 -1.960950036999999785e-02 2.732175549999999939e-02
4.766000000000000000e+03 4.767000000000000000e+03 4.003133731000000500e-02 2.080720798900000112e-02
4.767000000000000000e+03 4.768000000000000000e+03 2.408011233000000029e-02 1.909724947499999784e-02
4.768000000000000000e+03 4.769000000000000000e+03 3.277209122900000271e-02 1.860316030400000278e-02
4.769000000000000000e+03 4.770000000000000000e+03 5.535624474199999506e-02 1.986242401599999999e-02
4.770000000000000000e+03 4.771000000000000000e+03 1.439108885799999897e-02 1.432226374900000092e-02
4.771000000000000000e+03 4.772000000000000000e+03 2.774917485977199810e-02 1.173576023899999994e-02
4.772000000000000000e+03 4.773000000000000000e+03 -4.283253164999999661e-03 6.258418223999999939e-03
4.773000000000000000e+03 4.774000000000000000e+03 -2.823437282999999992e-03 5.826344539999999371e-03
4.774000000000000000e+03 4.775000000000000000e+03 2.394774680000000266e-02 2.187622032999999785e-02
4.775000000000000000e+03 4.776000000000000000e+03 2.684280182300000095e-02 2.251826050999999884e-02
4.776000000000000000e+03 4.777000000000000000e+03 1.325717115800000142e-03 2.023469224799999758e-02
4.777000000000000000e+03 4.778000000000000000e+03 5.112167786100000125e-03 2.001596618800000060e-02
4.778000000000000000e+03 4.779000000000000000e+03 9.875143640999999028e-02 2.234796401700000004e-02
4.779000000000000000e+03 4.780000000000000000e+03 5.597529558000000072e-02 2.177593918999999947e-02
4.780000000000000000e+03 4.781000000000000000e+03 -2.587839373000000009e-03 1.653368105699999993e-02
4.781000000000000000e+03 4.782000000000000000e+03 3.895341356640000252e-02 1.639106163600000110e-02
4.782000000000000000e+03 4.783000000000000000e+03 -1.548868473999999960e-03 7.900158245999999024e-03
4.783000000000000000e+03 4.784000000000000000e+03 1.347159605700000082e-02 9.742432855000000141e-03
4.784000000000000000e+03 4.785000000000000000e+03 6.447004884999999602e-03 6.175510191000000045e-03
4.785000000000000000e+03 4.786000000000000000e+03 3.358452930999999975e-02 1.837922726100000084e-02
4.786000000000000000e+03 4.787000000000000000e+03 1.097477631700000122e-02 2.484330434999999782e-02
4.787000000000000000e+03 4.788000000000000000e+03 2.121976906699999874e-02 2.650965267000000153e-02
4.788000000000000000e+03 4.789000000000000000e+03 2.301789949299999985e-02 2.409541205399999900e-02
4.789000000000000000e+03 4.790000000000000000e+03 1.099661727220000058e-02 1.933594914600000186e-02
4.790000000000000000e+03 4.791000000000000000e+03 2.719374689600000117e-02 1.616831883899999892e-02
4.791000000000000000e+03 4.792000000000000000e+03 5.116803288499999908e-02 1.650327038499999760e-02
4.792000000000000000e+03 4.793000000000000000e+03 2.059758692889999965e-02 1.327130350399999964e-02
4.793000000000000000e+03 4.794000000000000000e+03 3.746269753299999450e-02 9.065513622000000854e-03
4.794000000000000000e+03 4.795000000000000000e+03 9.055040105999999020e-03 8.095073168999999264e-03
4.795000000000000000e+03 4.796000000000000000e+03 3.047094802000000022e-03 5.783546518999999747e-03
4.796000000000000000e+03 4.797000000000000000e+03 3.185469204000000026e-02 2.311400173000000002e-02
4.797000000000000000e+03 4.798000000000000000e+03 4.345273241000000009e-02 3.017206860999999823e-02
4.798000000000000000e+03 4.799000000000000000e+03 3.768632993000000514e-02 2.428617636999999899e-02
4.799000000000000000e+03 4.800000000000000000e+03 3.244620716200000143e-02 2.156559623099999976e-02
4.800000000000000000e+03 4.801000000000000000e+03 -2.687222212300000024e-02 2.211814584399999714e-02
4.801000000000000000e+03 4.802000000000000000e+03 3.850489544300000205e-02 1.902825162199999962e-02
4.802000000000000000e+03 4.803000000000000000e+03 4.840137994799999926e-02 1.704083288100000093e-02
4.803000000000000000e+03 4.804000000000000000e+03 7.637052863000000531e-03 1.051764053300000001e-02
4.804000000000000000e+03 4.805000000000000000e+03 5.197764573899999255e-03 5.242396101799999715e-03
4.805000000000000000e+03 4.806000000000000000e+03 1.304162773100000020e-02 7.294541994999999800e-03
4.806000000000000000e+03 4.807000000000000000e+03 4.716157287000000489e-03 5.502602091000000605e-03
4.807000000000000000e+03 4.808000000000000000e+03 -1.542908366000000052e-02 2.455357332000000087e-02
4.808000000000000000e+03 4.809000000000000000e+03 -4.493116019100000351e-03 2.330176755999999877e-02
4.809000000000000000e+03 4.810000000000000000e+03 4.047937177999999525e-02 2.090739073399999759e-02
4.810000000000000000e+03 4.811000000000000000e+03 4.722350160999999602e-02 2.393207374999999776e-02
4.811000000000000000e+03 4.812000000000000000e+03 2.620405507600000183e-02 2.459193862900000208e-02
4.812000000000000000e+03 4.813000000000000000e+03 5.089659603000000476e-02 2.120184152399999869e-02
4.813000000000000000e+03 4.814000000000000000e+03 -1.179564427999999941e-03 1.680713241199999902e-02
4.814000000000000000e+03 4.815000000000000000e+03 5.896573717200000349e-03 1.356905511900000083e-02
4.815000000000000000e+03 4.816000000000000000e+03 -4.451988920999999828e-03 9.034052715999999622e-03
4.816000000000000000e+03 4.817000000000000000e+03 -4.622817861799999838e-03 7.380715658000000338e-03
4.817000000000000000e+03 4.818000000000000000e+03 5.118016944899999796e-03 5.101907693999999972e-03
4.818000000000000000e+03 4.819000000000000000e+03 -6.412171629999999581e-03 2.196629560999999869e-02
4.819000000000000000e+03 4.820000000000000000e+03 4.384261639000000023e-03 2.390397903000000129e-02
4.820000000000000000e+03 4.821000000000000000e+03 4.228836375000000203e-02 2.287392874000000048e-02
4.821000000000000000e+03 4.822000000000000000e+03 3.044291921999999970e-02 2.301500112299999928e-02
4.822000000000000000e+03 4.823000000000000000e+03 2.465889602899999991e-02 2.192390733600000155e-02
4.823000000000000000e+03 4.824000000000000000e+03 -2.092104705499999925e-02 1.657355016599999786e-02
4.824000000000000000e+03 4.825000000000000000e+03 1.651318783300000093e-02 1.351800367300000014e-02
4.825000000000000000e+03 4.826000000000000000e+03 -1.464970984540000035e-02 1.315248504400000004e-02
4.826000000000000000e+03 4.827000000000000000e+03 1.181159656520000024e-02 9.620909076000000101e-03
4.827000000000000000e+03 4.828000000000000000e+03 -6.889940729799999726e-03 6.688126762999999954e-03
4.828000000000000000e+03 4.829000000000000000e+03 1.462862984799999898e-03 4.988646515999999899e-03
4.829000000000000000e+03 4.830000000000000000e+03 -1.339110689500000104e-02 2.046735803999999784e-02
4.830000000000000000e+03 4.831000000000000000e+03 4.760552184000000492e-02 2.745894576999999975e-02
4.831000000000000000e+03 4.832000000000000000e+03 4.093664879000000201e-02 2.535719917999999795e-02
4.832000000000000000e+03 4.833000000000000000e+03 2.162336834999999818e-02 2.189269823999999767e-02
4.833000000000000000e+03 4.834000000000000000e+03 -3.432571885000000080e-03 2.096299730999999847e-02
4.834000000000000000e+03 4.835000000000000000e+03 2.663602404999999840e-02 1.826172967099999947e-02
4.835000000000000000e+03 4.836000000000000000e+03 -1.920181037900000123e-02 1.043017343099999876e-02
4.836000000000000000e+03 4.837000000000000000e+03 1.089763526920000010e-02 1.292039954399999864e-02
4.837000000000000000e+03 4.838000000000000000e+03 8.583057485900000630e-03 1.029803279199999894e-02
4.838000000000000000e+03 4.839000000000000000e+03 -7.380060572599999452e-03 8.361082606999999459e-03
4.839000000000000000e+03 4.840000000000000000e+03 -3.500660729999999742e-03 5.459414201000000605e-03
4.840000000000000000e+03 4.841000000000000000e+03 -1.846691239000000043e-03 1.696653921099999796e-02
4.841000000000000000e+03 4.842000000000000000e+03 2.565767755399999892e-02 2.746427318999999923e-02
4.842000000000000000e+03 4.843000000000000000e+03 1.639026809100000218e-02 2.250840267000000020e-02
4.843000000000000000e+03 4.844000000000000000e+03 7.266695059000000123e-02 2.162742000999999872e-02
4.844000000000000000e+03 4.845000000000000000e+03 7.226257547000000669e-02 2.506773191799999828e-02
4.845000000000000000e+03 4.846000000000000000e+03 2.192724461000000041e-02 1.645196924599999846e-02
4.846000000000000000e+03 4.847000000000000000e+03 1.653737005599999893e-02 1.635374599999999887e-02
4.847000000000000000e+03 4.848000000000000000e+03 -9.388873669999999545e-04 1.363052155699999955e-02
4.848000000000000000e+03 4.849000000000000000e+03 1.058640036430000091e-02 1.049926309599999961e-02
4.849000000000000000e+03 4.850000000000000000e+03 -1.106146805800000028e-02 6.501768187999999900e-03
4.850000000000000000e+03 4.851000000000000000e+03 7.235415258299999694e-03 4.927891983200000797e-03
4.851000000000000000e+03 4.852000000000000000e+03 7.787003479000000929e-03 1.841322299299999812e-02
4.852000000000000000e+03 4.853000000000000000e+03 6.514583388999999058e-02 2.546155506000000179e-02
4.853000000000000000e+03 4.854000000000000000e+03 -1.183635024200000059e-02 2.423287049999999984e-02
4.854000000000000000e+03 4.855000000000000000e+03 3.324759103700000024e-02 2.211825188999999928e-02
4.855000000000000000e+03 4.856000000000000000e+03 1.281736426900000059e-02 1.801754349099999805e-02
4.856000000000000000e+03 4.857000000000000000e+03 3.693981904999999594e-02 1.620354695200000236e-02
4.857000000000000000e+03 4.858000000000000000e+03 3.974132108600000185e-02 1.919389657400000226e-02
4.858000000000000000e+03 4.859000000000000000e+03 -8.355936072099999154e-03 1.239887595000000071e-02
4.859000000000000000e+03 4.860000000000000000e+03 1.229351312999999932e-02 1.035029387599999996e-02
4.860000000000000000e+03 4.861000000000000000e+03 6.700644463089999898e-03 7.563102159000000164e-03
4.861000000000000000e+03 4.862000000000000000e+03 -6.032795681999999528e-03 4.291267203000000141e-03
4.862000000000000000e+03 4.863000000000000000e+03 -1.330495515000000117e-04 1.887402470300000162e-02
4.863000000000000000e+03 4.864000000000000000e+03 2.703133390000000275e-02 2.183355514999999955e-02
4.864000000000000000e+03 4.865000000000000000e+03 3.607697552999999946e-02 2.183316168500000140e-02
4.865000000000000000e+03 4.866000000000000000e+03 1.166604398599999960e-02 2.017386123799999945e-02
4.866000000000000000e+03 4.867000000000000000e+03 4.697090097500000033e-02 1.722051544899999911e-02
4.867000000000000000e+03 4.868000000000000000e+03 4.026319737000000343e-02 1.834021896799999801e-02
4.868000000000000000e+03 4.869000000000000000e+03 2.673087429800000137e-02 1.507865793300000069e-02
4.869000000000000000e+03 4.870000000000000000e+03 1.405019815780000035e-02 1.306455527000000005e-02
4.870000000000000000e+03 4.871000000000000000e+03 -9.259656976999999789e-03 9.535942969899999233e-03
4.871000000000000000e+03 4.872000000000000000e+03 6.855497801500000377e-03 6.843465721000000120e-03
4.872000000000000000e+03 4.873000000000000000e+03 1.401942233199999881e-02 6.176452600000000015e-03
4.873000000000000000e+03 4.874000000000000000e+03 1.591195083200000124e-02 1.634739653400000062e-02
4.874000000000000000e+03 4.875000000000000000e+03 -8.815550370999999941e-03 1.953585263799999944e-02
4.875000000000000000e+03 4.876000000000000000e+03 2.996891214999999886e-02 2.217081357700000088e-02
4.876000000000000000e+03 4.877000000000000000e+03 5.988075831999999793e-02 1.878016346499999933e-02
4.877000000000000000e+03 4.878000000000000000e+03 4.616215691000000176e-02 1.952826664299999945e-02
4.878000000000000000e+03 4.879000000000000000e+03 4.496413945400000445e-02 1.518652107000000029e-02
4.879000000000000000e+03 4.880000000000000000e+03 4.196740878599999891e-02 1.695025063900000226e-02
4.880000000000000000e+03 4.881000000000000000e+03 1.132445408899999950e-02 1.295237128500000001e-02
4.881000000000000000e+03 4.882000000000000000e+03 1.559634610610000083e-02 9.318320429000000182e-03
4.882000000000000000e+03 4.883000000000000000e+03 -5.781139159000000041e-03 7.346545492000000101e-03
4.883000000000000000e+03 4.884000000000000000e+03 2.166776457499999722e-03 3.915998031100000575e-03
4.884000000000000000e+03 4.885000000000000000e+03 2.181074189899999752e-02 2.054659635999999887e-02
4.885000000000000000e+03 4.886000000000000000e+03 -9.743217324999999332e-03 1.707391441600000087e-02
4.886000000000000000e+03 4.887000000000000000e+03 5.872967200999999748e-02 2.040637966700000264e-02
4.887000000000000000e+03 4.888000000000000000e+03 2.285160753000000169e-02 2.095775150500000031e-02
4.888000000000000000e+03 4.889000000000000000e+03 2.636564779600000102e-02 2.111906115299999956e-02
4.889000000000000000e+03 4.890000000000000000e+03 2.355164217500000171e-02 1.616733446600000096e-02
4.890000000000000000e+03 4.891000000000000000e+03 3.720626386099999683e-02 1.520744278599999930e-02
4.891000000000000000e+03 4.892000000000000000e+03 1.697586942099999982e-02 1.406283506199999984e-02
4.892000000000000000e+03 4.893000000000000000e+03 1.692123673099999934e-02 9.163853863999999599e-03
4.893000000000000000e+03 4.894000000000000000e+03 1.044282106000000120e-02 7.591201965999999288e-03
4.894000000000000000e+03 4.895000000000000000e+03 -1.830347877999999816e-04 4.550874500300000104e-03
4.895000000000000000e+03 4.896000000000000000e+03 3.565906828000000445e-02 2.503159741999999924e-02
4.896000000000000000e+03 4.897000000000000000e+03 6.407483857000000060e-02 2.215780528999999888e-02
4.897000000000000000e+03 4.898000000000000000e+03 -2.834274369999999904e-02 2.144835882999999999e-02
4.898000000000000000e+03 4.899000000000000000e+03 5.220834610999999792e-02 2.516098787500000225e-02
4.899000000000000000e+03 4.900000000000000000e+03 4.954934402999999765e-02 1.960080195800000327e-02
4.900000000000000000e+03 4.901000000000000000e+03 2.150588261100000106e-02 1.803983705500000062e-02
4.901000000000000000e+03 4.902000000000000000e+03 -2.567384095599999777e-02 1.358319639300000110e-02
4.902000000000000000e+03 4.903000000000000000e+03 1.762281018099999888e-02 1.192955202400000116e-02
4.903000000000000000e+03 4.904000000000000000e+03 -4.647429990700000131e-03 3.621944470099999931e-03
4.904000000000000000e+03 4.905000000000000000e+03 1.928473201899999837e-02 7.959195676999999969e-03
4.905000000000000000e+03 4.906000000000000000e+03 -2.847856907000000017e-03 3.740451260799999757e-03
4.906000000000000000e+03 4.907000000000000000e+03 2.353999212999999952e-02 1.740531642700000187e-02
4.907000000000000000e+03 4.908000000000000000e+03 9.941085680999999993e-03 2.164278598999999983e-02
4.908000000000000000e+03 4.909000000000000000e+03 3.855462259999999780e-02 2.242794627799999871e-02
4.909000000000000000e+03 4.910000000000000000e+03 3.882261130000000393e-02 1.946982423699999964e-02
4.910000000000000000e+03 4.911000000000000000e+03 1.069938758999999968e-02 2.126168987099999810e-02
4.911000000000000000e+03 4.912000000000000000e+03 1.653637461900000008e-02 1.617271288000000223e-02
4.912000000000000000e+03 4.913000000000000000e+03 1.735144957899999868e-02 1.745088185100000105e-02
4.913000000000000000e+03 4.914000000000000000e+03 3.483401790500000039e-02 1.111569757399999935e-02
4.914000000000000000e+03 4.915000000000000000e+03 8.483700104400001066e-03 1.046841740000000083e-02
4.915000000000000000e+03 4.916000000000000000e+03 1.431066371999999967e-03 8.830064730000000001e-03
4.916000000000000000e+03 4.917000000000000000e+03 2.056422108699999980e-03 5.313947302300000425e-03
4.917000000000000000e+03 4.918000000000000000e+03 3.106884218000000031e-02 2.403989045000000033e-02
4.918000000000000000e+03 4.919000000000000000e+03 2.692594839499999962e-02 2.427892245000000046e-02
4.919000000000000000e+03 4.920000000000000000e+03 5.680276239999999810e-02 2.541408825000000121e-02
4.920000000000000000e+03 4.921000000000000000e+03 3.385259469000000132e-02 1.746388623099999829e-02
4.921000000000000000e+03 4.922000000000000000e+03 8.633726205400000381e-03 1.817048758599999758e-02
4.922000000000000000e+03 4.923000000000000000e+03 3.050614424799999794e-02 1.304602338899999922e-02
4.923000000000000000e+03 4.924000000000000000e+03 5.092272750699999850e-02 1.461869507699999939e-02
4.924000000000000000e+03 4.925000000000000000e+03 4.370797823300000273e-03 1.078659957700000074e-02
4.925000000000000000e+03 4.926000000000000000e+03 1.058147541899999954e-02 7.637011202000000033e-03
4.926000000000000000e+03 4.927000000000000000e+03 -5.254745515999999575e-03 6.564033310999999558e-03
4.927000000000000000e+03 4.928000000000000000e+03 2.629570797000000196e-03 4.772561233999999750e-03
4.928000000000000000e+03 4.929000000000000000e+03 -7.781164317999999733e-04 2.085635526999999809e-02
4.929000000000000000e+03 4.930000000000000000e+03 1.254673715900000118e-02 2.867163455000000180e-02
4.930000000000000000e+03 4.931000000000000000e+03 3.762549682999999368e-02 2.403137467999999846e-02
4.931000000000000000e+03 4.932000000000000000e+03 1.597190652300000194e-02 2.025752327799999752e-02
4.932000000000000000e+03 4.933000000000000000e+03 4.302396061000000188e-02 2.089465202300000088e-02
4.933000000000000000e+03 4.934000000000000000e+03 1.722963899000000063e-02 1.551687118999999990e-02
4.934000000000000000e+03 4.935000000000000000e+03 9.408863212999999531e-03 1.585426295799999968e-02
4.935000000000000000e+03 4.936000000000000000e+03 3.135563333300000338e-02 1.148941316799999973e-02
4.936000000000000000e+03 4.937000000000000000e+03 -4.648237817000000147e-03 7.512886847999999951e-03
4.937000000000000000e+03 4.938000000000000000e+03 1.404945348090000032e-02 7.447891528900000072e-03
4.938000000000000000e+03 4.939000000000000000e+03 -6.289749855000000348e-03 4.366180476300000196e-03
4.939000000000000000e+03 4.940000000000000000e+03 -9.665216396000000931e-03 1.717635199399999979e-02
4.940000000000000000e+03 4.941000000000000000e+03 2.116811873000000108e-02 2.565996014000000019e-02
4.941000000000000000e+03 4.942000000000000000e+03 1.178687097999999919e-02 1.254427141899999883e-02
4.942000000000000000e+03 4.943000000000000000e+03 1.238702380499999943e-02 1.770487736300000239e-02
4.943000000000000000e+03 4.944000000000000000e+03 3.772238460999999959e-02 1.794869110800000056e-02
4.944000000000000000e+03 4.945000000000000000e+03 4.960683116999999726e-02 2.036800841400000089e-02
4.945000000000000000e+03 4.946000000000000000e+03 -8.846337634999999755e-03 1.548873861699999986e-02
4.946000000000000000e+03 4.947000000000000000e+03 1.164417641500000052e-02 1.311841971799999895e-02
4.947000000000000000e+03 4.948000000000000000e+03 1.174169064000000042e-03 9.219003829999999206e-03
4.948000000000000000e+03 4.949000000000000000e+03 4.585229628100000523e-03 5.425278110400000298e-03
4.949000000000000000e+03 4.950000000000000000e+03 -1.380145600299999969e-03 2.438604989099999853e-03
4.950000000000000000e+03 4.951000000000000000e+03 9.479779307999999446e-03 2.288791163000000045e-02
4.951000000000000000e+03 4.952000000000000000e+03 1.931921945200000199e-02 1.998355024999999910e-02
4.952000000000000000e+03 4.953000000000000000e+03 5.878403223000000510e-02 2.540381635000000041e-02
4.953000000000000000e+03 4.954000000000000000e+03 2.626141101200000008e-02 2.038939650200000120e-02
4.954000000000000000e+03 4.955000000000000000e+03 -5.949104640000000242e-04 2.042781859800000058e-02
4.955000000000000000e+03 4.956000000000000000e+03 2.783897195100000152e-02 1.562015937899999957e-02
4.956000000000000000e+03 4.957000000000000000e+03 -2.517186795900000149e-02 1.413947406800000056e-02
4.957000000000000000e+03 4.958000000000000000e+03 8.858400734000000318e-03 1.218941901999999987e-02
4.958000000000000000e+03 4.959000000000000000e+03 -1.422101659640000008e-02 1.174327583689999989e-02
4.959000000000000000e+03 4.960000000000000000e+03 1.353392336437999992e-02 7.553708530000000608e-03
4.960000000000000000e+03 4.961000000000000000e+03 -4.987277154700000235e-03 4.809542731000000099e-03
4.961000000000000000e+03 4.962000000000000000e+03 2.861339681000000038e-02 2.110393384999999927e-02
4.962000000000000000e+03 4.963000000000000000e+03 3.169759575000000162e-02 2.076738916000000004e-02
4.963000000000000000e+03 4.964000000000000000e+03 -2.756615756000000035e-03 2.041314820900000035e-02
4.964000000000000000e+03 4.965000000000000000e+03 6.422457022999999987e-02 1.707346350000000026e-02
4.965000000000000000e+03 4.966000000000000000e+03 3.551579050000000038e-04 1.469073163099999906e-02
4.966000000000000000e+03 4.967000000000000000e+03 3.035886217200000139e-02 1.451242890300000025e-02
4.967000000000000000e+03 4.968000000000000000e+03 2.764448550200000049e-02 1.559291131400000058e-02
4.968000000000000000e+03 4.969000000000000000e+03 2.093951559499999948e-02 1.123262290899999967e-02
4.969000000000000000e+03 4.970000000000000000e+03 6.677765485500000014e-03 9.715318014099999511e-03
4.970000000000000000e+03 4.971000000000000000e+03 2.405884368000000325e-03 5.720963542999999915e-03
4.971000000000000000e+03 4.972000000000000000e+03 4.753333398099999357e-03 4.797881599099999145e-03
4.972000000000000000e+03 4.973000000000000000e+03 9.976638823000000267e-02 3.122968376000000157e-02
4.973000000000000000e+03 4.974000000000000000e+03 2.272815883999999842e-02 2.405749231000000113e-02
4.974000000000000000e+03 4.975000000000000000e+03 4.550421262399999972e-03 2.421498633000000039e-02
4.975000000000000000e+03 4.976000000000000000e+03 4.600942639000000361e-02 2.041092539000000095e-02
4.976000000000000000e+03 4.977000000000000000e+03 6.134147741999999848e-02 1.880853014100000026e-02
4.977000000000000000e+03 4.978000000000000000e+03 3.765117263199999759e-02 1.439001828900000023e-02
4.978000000000000000e+03 4.979000000000000000e+03 2.552257969959999956e-02 1.438792903199999883e-02
4.979000000000000000e+03 4.980000000000000000e+03 3.759190521139999658e-02 1.302678545900000026e-02
4.980000000000000000e+03 4.981000000000000000e+03 1.860604070799999968e-02 1.168174437399999849e-02
4.981000000000000000e+03 4.982000000000000000e+03 -3.283710054000000232e-03 8.170782373000000376e-03
4.982000000000000000e+03 4.983000000000000000e+03 8.011952229999999651e-04 4.836679801999999376e-03
4.983000000000000000e+03 4.984000000000000000e+03 -3.571291565000000306e-02 1.901755434900000152e-02
4.984000000000000000e+03 4.985000000000000000e+03 6.303085152000000198e-03 1.999284893099999988e-02
4.985000000000000000e+03 4.986000000000000000e+03 2.999512644199999953e-02 2.184305386899999812e-02
4.986000000000000000e+03 4.987000000000000000e+03 -1.038229908000000163e-03 1.965044066300000031e-02
4.987000000000000000e+03 4.988000000000000000e+03 2.207015498299999892e-02 1.950801682300000103e-02
4.988000000000000000e+03 4.989000000000000000e+03 1.529947648700000044e-02 1.306385329799999995e-02
4.989000000000000000e+03 4.990000000000000000e+03 1.344326782810000009e-02 1.515029584499999991e-02
4.990000000000000000e+03 4.991000000000000000e+03 2.655272414999999830e-02 1.085277680599999912e-02
4.991000000000000000e+03 4.992000000000000000e+03 -1.584473755999999886e-03 9.569838705000000001e-03
4.992000000000000000e+03 4.993000000000000000e+03 -7.172697595999999801e-03 6.324034596999999862e-03
4.993000000000000000e+03 4.994000000000000000e+03 -7.714388254099999696e-03 4.158757259999999734e-03
4.994000000000000000e+03 4.995000000000000000e+03 -1.403536405999999959e-02 2.051866303999999933e-02
4.995000000000000000e+03 4.996000000000000000e+03 3.329456933000000257e-02 2.137096098000000263e-02
4.996000000000000000e+03 4.997000000000000000e+03 5.944339930000000494e-02 2.382123945999999742e-02
4.997000000000000000e+03 4.998000000000000000e+03 1.628514181000000061e-02 2.160438063799999947e-02
4.998000000000000000e+03 4.999000000000000000e+03 1.185323318100000092e-02 1.979526847199999939e-02
4.999000000000000000e+03 5.000000000000000000e+03 -2.403010366999999963e-03 1.533159919799999965e-02
5.000000000000000000e+03 5.001000000000000000e+03 3.057315737579999887e-02 1.521951680400000090e-02
5.001000000000000000e+03 5.002000000000000000e+03 -2.787530850000000050e-04 1.128738446999999999e-02
5.002000000000000000e+03 5.003000000000000000e+03 -1.958742692000000132e-03 8.238857235999999529e-03
5.003000000000000000e+03 5.004000000000000000e+03 6.897085446199999539e-03 6.285536153600000328e-03
5.004000000000000000e+03 5.005000000000000000e+03 3.762327632000000283e-03 5.305183276999999968e-03
5.005000000000000000e+03 5.006000000000000000e+03 -7.888331658299999743e-03 1.976115236999999997e-02
5.006000000000000000e+03 5.007000000000000000e+03 9.422522709999998913e-03 1.885634385999999940e-02
5.007000000000000000e+03 5.008000000000000000e+03 1.535741405099999915e-02 2.102119827299999896e-02
5.008000000000000000e+03 5.009000000000000000e+03 -1.082511917899999995e-02 1.539967182199999951e-02
5.009000000000000000e+03 5.010000000000000000e+03 1.581495670000000048e-02 1.916970018499999928e-02
5.010000000000000000e+03 5.011000000000000000e+03 1.932006129400000091e-02 1.447073424799999973e-02
5.011000000000000000e+03 5.012000000000000000e+03 3.472584889799999741e-02 1.466778904500000077e-02
5.012000000000000000e+03 5.013000000000000000e+03 1.430559975500000046e-02 1.415468802400000024e-02
5.013000000000000000e+03 5.014000000000000000e+03 9.734985900400000905e-03 9.611757502999999578e-03
5.014000000000000000e+03 5.015000000000000000e+03 -2.092834013649999981e-03 5.723121777600000300e-03
5.015000000000000000e+03 5.016000000000000000e+03 2.724577156699999926e-03 5.364440631999999910e-03
5.016000000000000000e+03 5.017000000000000000e+03 1.445588097099999997e-02 2.146912475000000223e-02
5.017000000000000000e+03 5.018000000000000000e+03 -1.404645532999999891e-02 2.042711628000000099e-02
5.018000000000000000e+03 5.019000000000000000e+03 2.009221833699999932e-02 1.604089802100000170e-02
5.019000000000000000e+03 5.020000000000000000e+03 1.480902022699999952e-02 2.682458612000000048e-02
5.020000000000000000e+03 5.021000000000000000e+03 2.362793640499999751e-02 1.639421986299999939e-02
5.021000000000000000e+03 5.022000000000000000e+03 3.068145709299999885e-02 1.488061191999999998e-02
5.022000000000000000e+03 5.023000000000000000e+03 2.168292359500000044e-02 1.368816532000000086e-02
5.023000000000000000e+03 5.024000000000000000e+03 -1.111141550399999921e-02 1.244692940700000035e-02
5.024000000000000000e+03 5.025000000000000000e+03 -5.986366776000000278e-03 5.491133647200000661e-03
5.025000000000000000e+03 5.026000000000000000e+03 -2.087518554300000009e-03 6.840467937000000408e-03
5.026000000000000000e+03 5.027000000000000000e+03 -1.061230689599999963e-03 5.813106491999999945e-03
5.027000000000000000e+03 5.028000000000000000e+03 5.219232016999999363e-03 1.772882671900000151e-02
5.028000000000000000e+03 5.029000000000000000e+03 -4.058726076000000044e-02 2.278523399999999796e-02
5.029000000000000000e+03 5.030000000000000000e+03 3.362747987000000438e-02 1.712635818700000007e-02
5.030000000000000000e+03 5.031000000000000000e+03 1.854506303100000083e-03 2.077696823699999931e-02
5.031000000000000000e+03 5.032000000000000000e+03 3.681748614000000114e-02 1.767621166999999716e-02
5.032000000000000000e+03 5.033000000000000000e+03 4.017252013600000268e-03 1.290265362099999973e-02
5.033000000000000000e+03 5.034000000000000000e+03 8.916919027000000039e-03 1.208170639799999863e-02
5.034000000000000000e+03 5.035000000000000000e+03 8.508455311799998852e-03 1.202323361500000007e-02
5.035000000000000000e+03 5.036000000000000000e+03 -1.322979577500000030e-03 8.362027648999998883e-03
5.036000000000000000e+03 5.037000000000000000e+03 1.338372931809999992e-02 7.892418510000000567e-03
5.037000000000000000e+03 5.038000000000000000e+03 -6.495622442999999906e-03 3.525269185100000143e-03
5.038000000000000000e+03 5.039000000000000000e+03 -3.555230880999999885e-03 1.483228307099999921e-02
5.039000000000000000e+03 5.040000000000000000e+03 2.205043662999999973e-02 2.248577157000000021e-02
5.040000000000000000e+03 5.041000000000000000e+03 1.806916461999999793e-02 2.164723904900000065e-02
5.041000000000000000e+03 5.042000000000000000e+03 2.117000925149999796e-02 1.628038749799999921e-02
5.042000000000000000e+03 5.043000000000000000e+03 3.482884119600000022e-02 1.635567168499999988e-02
5.043000000000000000e+03 5.044000000000000000e+03 1.121969727700000002e-02 1.557141129999999908e-02
5.044000000000000000e+03 5.045000000000000000e+03 2.373482119610000052e-02 1.325815655300000007e-02
5.045000000000000000e+03 5.046000000000000000e+03 -5.738508902199999408e-03 9.575992021699999621e-03
5.046000000000000000e+03 5.047000000000000000e+03 -2.719229372000000339e-03 8.576103923000000934e-03
5.047000000000000000e+03 5.048000000000000000e+03 -4.612346676389999373e-03 5.731107194000000134e-03
5.048000000000000000e+03 5.049000000000000000e+03 1.901910280599999978e-03 3.217285487300000114e-03
5.049000000000000000e+03 5.050000000000000000e+03 1.526258902000000037e-03 2.248624033000000064e-02
5.050000000000000000e+03 5.051000000000000000e+03 3.829629487000000415e-02 1.998512992699999838e-02
5.051000000000000000e+03 5.052000000000000000e+03 3.140996056999999925e-02 1.777866042099999697e-02
5.052000000000000000e+03 5.053000000000000000e+03 5.814569202000000048e-02 1.723275489799999671e-02
5.053000000000000000e+03 5.054000000000000000e+03 -6.049750744999999631e-03 1.471941243499999899e-02
5.054000000000000000e+03 5.055000000000000000e+03 4.839265155999999957e-02 1.763281127099999845e-02
5.055000000000000000e+03 5.056000000000000000e+03 -1.477146437700000044e-02 1.200438127499999993e-02
5.056000000000000000e+03 5.057000000000000000e+03 3.637564985700000170e-03 6.090045864000000544e-03
5.057000000000000000e+03 5.058000000000000000e+03 4.618683878000000124e-03 9.009273777999999427e-03
5.058000000000000000e+03 5.059000000000000000e+03 7.389829603999999857e-03 6.032825405999999585e-03
5.059000000000000000e+03 5.060000000000000000e+03 2.332607069999999934e-04 4.657465862000000414e-03
5.060000000000000000e+03 5.061000000000000000e+03 3.731319607999999954e-02 1.784991632100000128e-02
5.061000000000000000e+03 5.062000000000000000e+03 -3.015545864000000048e-02 2.034588516899999908e-02
5.062000000000000000e+03 5.063000000000000000e+03 3.774648675000000231e-02 1.910341796899999930e-02
5.063000000000000000e+03 5.064000000000000000e+03 2.357847693299999770e-02 1.734876902200000251e-02
5.064000000000000000e+03 5.065000000000000000e+03 1.875286662500000052e-03 1.638820833899999954e-02
5.065000000000000000e+03 5.066000000000000000e+03 1.078330274000000033e-02 1.744400395600000098e-02
5.066000000000000000e+03 5.067000000000000000e+03 6.191359591999999815e-03 1.438681525999999967e-02
5.067000000000000000e+03 5.068000000000000000e+03 2.780002660829999916e-02 1.027701999100000090e-02
5.068000000000000000e+03 5.069000000000000000e+03 -1.039068996880000012e-02 7.448975356999999915e-03
5.069000000000000000e+03 5.070000000000000000e+03 2.160430110199999809e-03 6.442816203100000007e-03
5.070000000000000000e+03 5.071000000000000000e+03 1.222452314200000133e-02 5.607021412999999878e-03
5.071000000000000000e+03 5.072000000000000000e+03 6.039159217000000107e-03 2.027756870999999905e-02
5.072000000000000000e+03 5.073000000000000000e+03 2.984211532999999847e-02 1.702744848499999908e-02
5.073000000000000000e+03 5.074000000000000000e+03 1.660673883800000208e-02 1.641603899099999819e-02
5.074000000000000000e+03 5.075000000000000000e+03 -1.031197727100000190e-03 2.188055518000000046e-02
5.075000000000000000e+03 5.076000000000000000e+03 1.128872391700000075e-02 2.179785393300000262e-02
5.076000000000000000e+03 5.077000000000000000e+03 5.504969145999999425e-02 1.877031208400000220e-02
5.077000000000000000e+03 5.078000000000000000e+03 9.028217920999998328e-03 1.489485584099999906e-02
5.078000000000000000e+03 5.079000000000000000e+03 -2.726054877599999940e-03 8.611751908000000663e-03
5.079000000000000000e+03 5.080000000000000000e+03 -3.634061527000000125e-03 8.100452584999999137e-03
5.080000000000000000e+03 5.081000000000000000e+03 2.244903885899999976e-03 5.317308933600000016e-03
5.081000000000000000e+03 5.082000000000000000e+03 5.117090170999999670e-04 1.934003398999999818e-03
5.082000000000000000e+03 5.083000000000000000e+03 -3.203820019999999852e-02 2.124273106999999966e-02
5.083000000000000000e+03 5.084000000000000000e+03 1.480740671800000012e-02 2.199409245999999971e-02
5.084000000000000000e+03 5.085000000000000000e+03 2.065046777999999736e-02 1.631988896300000033e-02
5.085000000000000000e+03 5.086000000000000000e+03 1.869741533999999886e-02 1.765413619200000006e-02
5.086000000000000000e+03 5.087000000000000000e+03 2.007601420700000014e-02 2.242719841300000114e-02
5.087000000000000000e+03 5.088000000000000000e+03 1.032448592000000109e-02 2.014337167900000225e-02
5.088000000000000000e+03 5.089000000000000000e+03 -6.991501506000000372e-03 1.460969843600000082e-02
5.089000000000000000e+03 5.090000000000000000e+03 2.932396715100000009e-02 9.656581678999999474e-03
5.090000000000000000e+03 5.091000000000000000e+03 3.676399198000000084e-04 9.091894075000000672e-03
5.091000000000000000e+03 5.092000000000000000e+03 6.294830028000000278e-03 7.393183166999999986e-03
5.092000000000000000e+03 5.093000000000000000e+03 9.260527806399999895e-03 4.150947624000000426e-03
5.093000000000000000e+03 5.094000000000000000e+03 1.574483381300000040e-02 2.109099425999999902e-02
5.094000000000000000e+03 5.095000000000000000e+03 -8.741733430000000679e-03 2.095050893000000025e-02
5.095000000000000000e+03 5.096000000000000000e+03 6.507817320000000181e-04 2.179023847999999805e-02
5.096000000000000000e+03 5.097000000000000000e+03 1.181817682900000027e-02 1.820328721199999944e-02
5.097000000000000000e+03 5.098000000000000000e+03 4.729327654999999908e-02 1.866441154499999880e-02
5.098000000000000000e+03 5.099000000000000000e+03 1.836292542040000170e-02 1.570180833899999934e-02
5.099000000000000000e+03 5.100000000000000000e+03 2.582781310900000155e-02 1.321785753000000001e-02
5.100000000000000000e+03 5.101000000000000000e+03 2.420747055169999995e-02 9.237247744999999705e-03
5.101000000000000000e+03 5.102000000000000000e+03 1.793793343300000009e-02 8.383253877799999587e-03
5.102000000000000000e+03 5.103000000000000000e+03 -7.710970457000000493e-03 6.292048382999999509e-03
5.103000000000000000e+03 5.104000000000000000e+03 -2.477142874999999859e-03 3.286058107599999778e-03
5.104000000000000000e+03 5.105000000000000000e+03 5.868348090999999517e-02 2.377034236000000189e-02
5.105000000000000000e+03 5.106000000000000000e+03 1.501944813499999851e-02 1.534478508700000063e-02
5.106000000000000000e+03 5.107000000000000000e+03 -1.306289644000000003e-03 1.637233792500000090e-02
5.107000000000000000e+03 5.108000000000000000e+03 7.212669902000000410e-03 1.608154542900000136e-02
5.108000000000000000e+03 5.109000000000000000e+03 2.438597101099999886e-02 1.494979804500000051e-02
5.109000000000000000e+03 5.110000000000000000e+03 2.649961475699999860e-02 1.760678906399999744e-02
5.110000000000000000e+03 5.111000000000000000e+03 1.683305776600000150e-02 1.339176252600000026e-02
5.111000000000000000e+03 5.112000000000000000e+03 3.187788665999999934e-03 8.664478224000000603e-03
5.112000000000000000e+03 5.113000000000000000e+03 3.581386670000000130e-03 7.992449693000001562e-03
5.113000000000000000e+03 5.114000000000000000e+03 1.030239017719999928e-02 6.097800381999999783e-03
5.114000000000000000e+03 5.115000000000000000e+03 5.491829576000000455e-03 4.286035669999999596e-03
5.115000000000000000e+03 5.116000000000000000e+03 2.140523349999999927e-04 1.802323244199999924e-02
5.116000000000000000e+03 5.117000000000000000e+03 1.400805312000000073e-02 1.884845618099999925e-02
5.117000000000000000e+03 5.118000000000000000e+03 -8.366986753999999457e-03 1.368308862499999917e-02
5.118000000000000000e+03 5.119000000000000000e+03 2.638347854000000145e-02 2.023404795700000161e-02
5.119000000000000000e+03 5.120000000000000000e+03 3.267157843599999972e-02 1.052212439200000092e-02
5.120000000000000000e+03 5.121000000000000000e+03 -1.017553184000000166e-03 1.529001427300000042e-02
5.121000000000000000e+03 5.122000000000000000e+03 2.093415374599999837e-02 1.368659679499999865e-02
5.122000000000000000e+03 5.123000000000000000e+03 9.239929098800000323e-03 1.210483730500000119e-02
5.123000000000000000e+03 5.124000000000000000e+03 -2.595253783391000130e-03 7.553335571999999880e-03
5.124000000000000000e+03 5.125000000000000000e+03 1.506287070999999967e-03 5.724208317099999631e-03
5.125000000000000000e+03 5.126000000000000000e+03 6.587625204730000045e-03 3.911019255000000236e-03
5.126000000000000000e+03 5.127000000000000000e+03 4.784658153000000136e-02 2.567880545000000153e-02
5.127000000000000000e+03 5.128000000000000000e+03 2.362747755399999955e-02 1.874534075700000010e-02
5.128000000000000000e+03 5.129000000000000000e+03 1.538784829700000009e-02 1.890241252900000044e-02
5.129000000000000000e+03 5.130000000000000000e+03 -1.449442152299999873e-03 1.666767726699999730e-02
5.130000000000000000e+03 5.131000000000000000e+03 1.939294818300000070e-02 1.722550823300000172e-02
5.131000000000000000e+03 5.132000000000000000e+03 -3.862739679200000078e-03 1.523605283600000006e-02
5.132000000000000000e+03 5.133000000000000000e+03 -2.595115925000000042e-03 9.863105796000000772e-03
5.133000000000000000e+03 5.134000000000000000e+03 -5.050492695999999997e-03 8.122076710000000407e-03
5.134000000000000000e+03 5.135000000000000000e+03 6.734640527999999696e-03 7.403215593000000115e-03
5.135000000000000000e+03 5.136000000000000000e+03 -7.245701079999999905e-03 3.048222286699999849e-03
5.136000000000000000e+03 5.137000000000000000e+03 -3.300509815999999857e-03 4.068944720999999841e-03
5.137000000000000000e+03 5.138000000000000000e+03 3.792600516000000244e-03 1.762594511300000222e-02
5.138000000000000000e+03 5.139000000000000000e+03 9.875344496000000930e-03 1.730476266500000082e-02
5.139000000000000000e+03 5.140000000000000000e+03 3.928796321999999952e-02 1.405227187599999983e-02
5.140000000000000000e+03 5.141000000000000000e+03 4.507745682000000031e-02 2.056425035399999865e-02
5.141000000000000000e+03 5.142000000000000000e+03 3.660156309100000283e-02 1.543399951099999959e-02
5.142000000000000000e+03 5.143000000000000000e+03 1.030865928900000054e-02 1.301061633299999999e-02
5.143000000000000000e+03 5.144000000000000000e+03 1.114154908600000111e-02 1.296766722499999996e-02
5.144000000000000000e+03 5.145000000000000000e+03 -5.593410955000000136e-03 1.101149749699999875e-02
5.145000000000000000e+03 5.146000000000000000e+03 7.423729778300000408e-03 6.906701056999999672e-03
5.146000000000000000e+03 5.147000000000000000e+03 -5.840351460700000420e-03 3.219954771600000171e-03
5.147000000000000000e+03 5.148000000000000000e+03 5.791478640000000339e-04 4.559100029100000145e-03
5.148000000000000000e+03 5.149000000000000000e+03 -4.987058199000000448e-03 1.821836295699999844e-02
5.149000000000000000e+03 5.150000000000000000e+03 1.032380095300000113e-02 1.775439281400000013e-02
5.150000000000000000e+03 5.151000000000000000e+03 1.902825890999999825e-02 1.928830048200000022e-02
5.151000000000000000e+03 5.152000000000000000e+03 6.343633839000000114e-03 1.351210669499999968e-02
5.152000000000000000e+03 5.153000000000000000e+03 1.717571195900000069e-02 1.295387043199999928e-02
5.153000000000000000e+03 5.154000000000000000e+03 9.289595412999999968e-03 1.481191631899999965e-02
5.154000000000000000e+03 5.155000000000000000e+03 1.914634758900000261e-02 1.089551203200000117e-02
5.155000000000000000e+03 5.156000000000000000e+03 -9.332052970999999775e-04 8.050032093999999125e-03
5.156000000000000000e+03 5.157000000000000000e+03 -2.785496197000000233e-03 9.774524760000000145e-03
5.157000000000000000e+03 5.158000000000000000e+03 -9.912603323000000743e-03 4.261866974000000016e-03
5.158000000000000000e+03 5.159000000000000000e+03 -3.322032320500000174e-03 3.210350571199999895e-03
5.159000000000000000e+03 5.160000000000000000e+03 -2.388849210999999945e-02 1.390985293899999961e-02
5.160000000000000000e+03 5.161000000000000000e+03 2.575520877999999941e-03 1.976786628800000084e-02
5.161000000000000000e+03 5.162000000000000000e+03 -2.940695616999999817e-03 1.537367814200000030e-02
5.162000000000000000e+03 5.163000000000000000e+03 9.807358186000000519e-03 1.527250023800000127e-02
5.163000000000000000e+03 5.164000000000000000e+03 1.259236419000000010e-02 1.346888776100000143e-02
5.164000000000000000e+03 5.165000000000000000e+03 -1.584747192199999904e-02 1.328927979500000092e-02
5.165000000000000000e+03 5.166000000000000000e+03 2.085476385970000054e-02 1.067987812699999935e-02
5.166000000000000000e+03 5.167000000000000000e+03 2.396010528540000115e-02 1.020733274600000087e-02
5.167000000000000000e+03 5.168000000000000000e+03 8.140698546999999147e-03 6.615919106700000017e-03
5.168000000000000000e+03 5.169000000000000000e+03 2.925343927199999892e-03 6.061420054200000046e-03
5.169000000000000000e+03 5.170000000000000000e+03 -5.276261018900000460e-03 3.165702855599999976e-03
5.170000000000000000e+03 5.171000000000000000e+03 -1.608101707599999750e-02 1.637758361599999865e-02
5.171000000000000000e+03 5.172000000000000000e+03 -4.321756351000000280e-03 1.331292367700000027e-02
5.172000000000000000e+03 5.173000000000000000e+03 3.961108641999999680e-02 1.970829452000000259e-02
5.173000000000000000e+03 5.174000000000000000e+03 1.258567974000000117e-02 1.562034462000000054e-02
5.174000000000000000e+03 5.175000000000000000e+03 1.109305976999999839e-02 1.431857152499999876e-02
5.175000000000000000e+03 5.176000000000000000e+03 2.713742202200000037e-02 1.701734846699999928e-02
5.176000000000000000e+03 5.177000000000000000e+03 2.642415009499999787e-02 1.179200436800000029e-02
5.177000000000000000e+03 5.178000000000000000e+03 8.986432139100001409e-03 9.548568066999999632e-03
5.178000000000000000e+03 5.179000000000000000e+03 1.568741393699999917e-02 9.208157605999999981e-03
5.179000000000000000e+03 5.180000000000000000e+03 3.927529871699999425e-03 4.885049348000000159e-03
5.180000000000000000e+03 5.181000000000000000e+03 2.674234591300000009e-03 4.217944052000000173e-03
5.181000000000000000e+03 5.182000000000000000e+03 -1.837501209000000010e-02 1.785448025899999749e-02
5.182000000000000000e+03 5.183000000000000000e+03 -1.336619653099999951e-02 1.115345643500000039e-02
5.183000000000000000e+03 5.184000000000000000e+03 1.033426928099999940e-02 1.684603189199999906e-02
5.184000000000000000e+03 5.185000000000000000e+03 -6.744166055999999999e-03 1.617507886500000117e-02
5.185000000000000000e+03 5.186000000000000000e+03 1.927061297499999687e-02 1.563067639700000191e-02
5.186000000000000000e+03 5.187000000000000000e+03 1.232077827999999986e-02 1.349608331499999904e-02
5.187000000000000000e+03 5.188000000000000000e+03 -1.983729570000000155e-04 1.261018565299999901e-02
5.188000000000000000e+03 5.189000000000000000e+03 -1.779037926110000126e-02 9.027419892999998668e-03
5.189000000000000000e+03 5.190000000000000000e+03 1.626170550200000059e-03 6.676476272999999975e-03
5.190000000000000000e+03 5.191000000000000000e+03 9.284235280000000022e-04 6.551658047999999943e-03
5.191000000000000000e+03 5.192000000000000000e+03 3.853290770300000102e-03 3.319557171300000116e-03
5.192000000000000000e+03 5.193000000000000000e+03 2.325979149300000035e-03 1.645139795400000007e-02
5.193000000000000000e+03 5.194000000000000000e+03 2.138206226000000099e-02 1.774891434700000270e-02
5.194000000000000000e+03 5.195000000000000000e+03 3.974511951999999682e-02 1.597568170300000048e-02
5.195000000000000000e+03 5.196000000000000000e+03 4.607787174999999902e-02 1.693274148700000051e-02
5.196000000000000000e+03 5.197000000000000000e+03 2.980315419000000021e-02 1.551576593299999925e-02
5.197000000000000000e+03 5.198000000000000000e+03 5.986848530099999829e-03 1.246844886400000005e-02
5.198000000000000000e+03 5.199000000000000000e+03 2.182943224199999921e-02 1.507991145300000002e-02
5.199000000000000000e+03 5.200000000000000000e+03 2.704299966199999808e-02 1.049968533099999990e-02
5.200000000000000000e+03 5.201000000000000000e+03 4.278164880000000133e-05 6.898856330199999373e-03
5.201000000000000000e+03 5.202000000000000000e+03 1.482342170300000005e-02 6.353515121900000194e-03
5.202000000000000000e+03 5.203000000000000000e+03 1.847767939000000094e-03 1.619190055200000122e-03
5.203000000000000000e+03 5.204000000000000000e+03 2.875604108000000270e-02 1.479781646900000039e-02
5.204000000000000000e+03 5.205000000000000000e+03 3.001624079999999726e-04 1.825432235200000197e-02
5.205000000000000000e+03 5.206000000000000000e+03 3.578448122999999814e-02 1.663422303499999949e-02
5.206000000000000000e+03 5.207000000000000000e+03 3.596074435999999791e-02 1.717958981500000010e-02
5.207000000000000000e+03 5.208000000000000000e+03 1.254021552999999914e-02 1.326599818899999901e-02
5.208000000000000000e+03 5.209000000000000000e+03 2.297915862999999788e-03 1.262569144999999872e-02
5.209000000000000000e+03 5.210000000000000000e+03 2.436868759500000065e-02 1.209741052300000036e-02
5.210000000000000000e+03 5.211000000000000000e+03 3.625724421999999923e-03 8.095116712000000048e-03
5.211000000000000000e+03 5.212000000000000000e+03 7.885419582599998908e-03 9.271614501999999799e-03
5.212000000000000000e+03 5.213000000000000000e+03 -1.171288864099999871e-04 4.082324650899999720e-03
5.213000000000000000e+03 5.214000000000000000e+03 3.677892361999999735e-03 1.897510311099999967e-03
5.214000000000000000e+03 5.215000000000000000e+03 -1.174729650199999968e-02 1.783073912099999991e-02
5.215000000000000000e+03 5.216000000000000000e+03 -1.679219855200000033e-03 1.235395624299999960e-02
5.216000000000000000e+03 5.217000000000000000e+03 9.433041599999998986e-03 1.700876070699999798e-02
5.217000000000000000e+03 5.218000000000000000e+03 1.855660980100000065e-02 1.541718850299999936e-02
5.218000000000000000e+03 5.219000000000000000e+03 1.233432943400000065e-02 1.254335700700000104e-02
5.219000000000000000e+03 5.220000000000000000e+03 3.332866336899999865e-02 1.333793070400000023e-02
5.220000000000000000e+03 5.221000000000000000e+03 1.289828817859999845e-02 1.439990533300000014e-02
5.221000000000000000e+03 5.222000000000000000e+03 -5.342703686000000590e-03 1.105761582900000040e-02
5.222000000000000000e+03 5.223000000000000000e+03 6.356110942699999544e-03 6.172023867000000011e-03
5.223000000000000000e+03 5.224000000000000000e+03 1.011960598999999891e-02 6.484899302000000226e-03
5.224000000000000000e+03 5.225000000000000000e+03 -5.058224339600000084e-03 2.785335957800000230e-03
5.225000000000000000e+03 5.226000000000000000e+03 -3.192381147000000058e-02 1.402519313899999905e-02
5.226000000000000000e+03 5.227000000000000000e+03 -1.331736902700000023e-02 2.322706782000000247e-02
5.227000000000000000e+03 5.228000000000000000e+03 -8.826093261000001258e-03 1.445500458100000031e-02
5.228000000000000000e+03 5.229000000000000000e+03 1.375146168400000028e-02 1.465948371999999979e-02
5.229000000000000000e+03 5.230000000000000000e+03 1.566835681899999763e-02 1.802292226099999964e-02
5.230000000000000000e+03 5.231000000000000000e+03 2.620996822099999971e-02 1.400806061600000027e-02
5.231000000000000000e+03 5.232000000000000000e+03 1.779703210199999955e-02 7.630132082000000079e-03
5.232000000000000000e+03 5.233000000000000000e+03 3.342201319129999709e-02 1.137704451400000163e-02
5.233000000000000000e+03 5.234000000000000000e+03 4.215075063099999603e-03 6.055768425199999777e-03
5.234000000000000000e+03 5.235000000000000000e+03 -1.908682422000000135e-03 5.051669686500000027e-03
5.235000000000000000e+03 5.236000000000000000e+03 8.202739053000000563e-04 2.403709327300000004e-03
5.236000000000000000e+03 5.237000000000000000e+03 5.126051879999999695e-04 1.535109138899999962e-02
5.237000000000000000e+03 5.238000000000000000e+03 -1.478950975000000150e-03 1.473111061000000055e-02
5.238000000000000000e+03 5.239000000000000000e+03 5.386392594000000145e-02 1.776672379099999977e-02
5.239000000000000000e+03 5.240000000000000000e+03 6.790655979999999595e-04 1.297749293099999951e-02
5.240000000000000000e+03 5.241000000000000000e+03 -2.011183213000000171e-03 1.486717226200000123e-02
5.241000000000000000e+03 5.242000000000000000e+03 5.771723311999999925e-03 1.419017941799999988e-02
5.242000000000000000e+03 5.243000000000000000e+03 2.229839258899999829e-02 1.083113158999999930e-02
5.243000000000000000e+03 5.244000000000000000e+03 2.075556261299999969e-02 1.079107456700000023e-02
5.244000000000000000e+03 5.245000000000000000e+03 5.042846326099999568e-03 6.585494524700000359e-03
5.245000000000000000e+03 5.246000000000000000e+03 3.100183415099999791e-03 5.416716468999999666e-03
5.246000000000000000e+03 5.247000000000000000e+03 -1.488544332399999951e-03 1.629360096799999926e-03
5.247000000000000000e+03 5.248000000000000000e+03 2.896391430999999822e-02 1.943540091500000136e-02
5.248000000000000000e+03 5.249000000000000000e+03 3.240078727000000186e-02 2.144896979000000120e-02
5.249000000000000000e+03 5.250000000000000000e+03 1.145747549300000015e-02 1.527168887499999982e-02
5.250000000000000000e+03 5.251000000000000000e+03 2.873309827099999880e-02 1.448531819599999972e-02
5.251000000000000000e+03 5.252000000000000000e+03 5.465618533999999813e-03 1.290954382300000050e-02
5.252000000000000000e+03 5.253000000000000000e+03 1.076395219760000084e-02 1.370623511499999975e-02
5.253000000000000000e+03 5.254000000000000000e+03 3.217523903900000593e-02 1.156036170199999970e-02
5.254000000000000000e+03 5.255000000000000000e+03 -5.037699483000000755e-03 9.680177462000000635e-03
5.255000000000000000e+03 5.256000000000000000e+03 6.419531206000000066e-03 7.839978134999999945e-03
5.256000000000000000e+03 5.257000000000000000e+03 5.776822797200000491e-03 4.501805987199999914e-03
5.257000000000000000e+03 5.258000000000000000e+03 -1.670799583999999990e-03 3.291684163400000144e-03
5.258000000000000000e+03 5.259000000000000000e+03 1.565272334399999896e-02 1.575629095100000016e-02
5.259000000000000000e+03 5.260000000000000000e+03 1.278253548500000135e-02 1.464654156500000068e-02
5.260000000000000000e+03 5.261000000000000000e+03 4.456923247999999664e-03 1.899974135799999825e-02
5.261000000000000000e+03 5.262000000000000000e+03 -9.681040351000000030e-03 1.625547523800000005e-02
5.262000000000000000e+03 5.263000000000000000e+03 9.657782919999999965e-03 1.561585025299999999e-02
5.263000000000000000e+03 5.264000000000000000e+03 2.581253713000000120e-03 1.163125761300000047e-02
5.264000000000000000e+03 5.265000000000000000e+03 -5.578563301199999762e-03 1.031545905500000013e-02
5.265000000000000000e+03 5.266000000000000000e+03 3.453288569699999953e-03 8.331874766000000807e-03
5.266000000000000000e+03 5.267000000000000000e+03 1.008066919600000139e-02 6.032448408599999472e-03
5.267000000000000000e+03 5.268000000000000000e+03 1.273808049790000133e-02 5.736798043999999375e-03
5.268000000000000000e+03 5.269000000000000000e+03 -6.979637241000000679e-03 3.347701596000000022e-03
5.269000000000000000e+03 5.270000000000000000e+03 -8.353707604000001202e-03 9.185353393999999561e-03
5.270000000000000000e+03 5.271000000000000000e+03 -1.221818533099999944e-02 2.037964605299999801e-02
5.271000000000000000e+03 5.272000000000000000e+03 -7.763212581999999647e-03 1.530575794399999939e-02
5.272000000000000000e+03 5.273000000000000000e+03 1.684981326999999973e-02 2.001004968400000097e-02
5.273000000000000000e+03 5.274000000000000000e+03 1.730909722799999981e-02 1.371139223600000012e-02
5.274000000000000000e+03 5.275000000000000000e+03 2.294428043699999961e-02 1.299580055999999956e-02
5.275000000000000000e+03 5.276000000000000000e+03 -2.139699545000000105e-03 1.228880677700000014e-02
5.276000000000000000e+03 5.277000000000000000e+03 -3.412084329000000110e-03 9.391251609000001235e-03
5.277000000000000000e+03 5.278000000000000000e+03 1.641497578700000168e-02 8.532216165999998922e-03
5.278000000000000000e+03 5.279000000000000000e+03 5.362164318000000457e-03 4.822491916499999955e-03
5.279000000000000000e+03 5.280000000000000000e+03 2.070038285299999944e-03 3.413513872500000164e-03
5.280000000000000000e+03 5.281000000000000000e+03 1.543929081499999939e-02 1.436963408000000060e-02
5.281000000000000000e+03 5.282000000000000000e+03 1.582289403000000086e-03 1.431770127999999927e-02
5.282000000000000000e+03 5.283000000000000000e+03 -5.406389419999999999e-04 1.336664465599999956e-02
5.283000000000000000e+03 5.284000000000000000e+03 5.088084435000000266e-02 1.624639223499999702e-02
5.284000000000000000e+03 5.285000000000000000e+03 3.683008586399999507e-02 1.497678441300000045e-02
5.285000000000000000e+03 5.286000000000000000e+03 9.178183423999999521e-03 1.435674698199999877e-02
5.286000000000000000e+03 5.287000000000000000e+03 9.154265149999998505e-03 1.153641563399999959e-02
5.287000000000000000e+03 5.288000000000000000e+03 1.863471091000000121e-02 8.129419230999999219e-03
5.288000000000000000e+03 5.289000000000000000e+03 -1.391119189300000017e-02 7.044485666500000659e-03
5.289000000000000000e+03 5.290000000000000000e+03 6.697035440149999401e-03 5.743741526999999319e-03
5.290000000000000000e+03 5.291000000000000000e+03 6.546874533000000091e-04 3.034309138700000061e-03
5.291000000000000000e+03 5.292000000000000000e+03 4.598039355999999911e-02 1.904282043900000151e-02
5.292000000000000000e+03 5.293000000000000000e+03 2.768652826999999997e-02 1.617840054199999947e-02
5.293000000000000000e+03 5.294000000000000000e+03 -2.072372088999999921e-03 1.472615684300000033e-02
5.294000000000000000e+03 5.295000000000000000e+03 2.366305677999999690e-02 1.400308818999999871e-02
5.295000000000000000e+03 5.296000000000000000e+03 1.496909088999999991e-02 1.423131013800000080e-02
5.296000000000000000e+03 5.297000000000000000e+03 1.260241728500000047e-02 1.504041511199999924e-02
5.297000000000000000e+03 5.298000000000000000e+03 -1.479565899099999924e-03 1.062373597099999963e-02
5.298000000000000000e+03 5.299000000000000000e+03 1.651333040249999828e-02 8.875683401000001096e-03
5.299000000000000000e+03 5.300000000000000000e+03 2.094853994999999801e-04 7.188597523200000380e-03
5.300000000000000000e+03 5.301000000000000000e+03 -2.205942489300000055e-03 3.949006255999999541e-03
5.301000000000000000e+03 5.302000000000000000e+03 -1.342923641899999940e-03 2.876072385499999894e-03
5.302000000000000000e+03 5.303000000000000000e+03 1.910126668799999941e-02 1.651882624899999805e-02
5.303000000000000000e+03 5.304000000000000000e+03 -1.488131684199999957e-02 1.685743546099999907e-02
5.304000000000000000e+03 5.305000000000000000e+03 6.597217545000000696e-03 1.591961701000000132e-02
5.305000000000000000e+03 5.306000000000000000e+03 3.074325298999999734e-02 1.874092475299999824e-02
5.306000000000000000e+03 5.307000000000000000e+03 1.395059496300000111e-02 1.405675607199999982e-02
5.307000000000000000e+03 5.308000000000000000e+03 1.491547225300000022e-02 1.171021740400000032e-02
5.308000000000000000e+03 5.309000000000000000e+03 1.382222198960000002e-02 9.243695040999999959e-03
5.309000000000000000e+03 5.310000000000000000e+03 7.618985233999999926e-03 8.326665014300000875e-03
5.310000000000000000e+03 5.311000000000000000e+03 1.943028879599999897e-02 6.731170288000000446e-03
5.311000000000000000e+03 5.312000000000000000e+03 -5.740846082900000202e-03 4.389281637000000576e-03
5.312000000000000000e+03 5.313000000000000000e+03 3.170432177499999879e-03 1.790681941599999924e-03
5.313000000000000000e+03 5.314000000000000000e+03 1.856013927000000133e-02 1.616510592199999971e-02
5.314000000000000000e+03 5.315000000000000000e+03 5.827562185999999797e-03 1.221734630700000053e-02
5.315000000000000000e+03 5.316000000000000000e+03 -2.866895183000000083e-02 1.646948683000000122e-02
5.316000000000000000e+03 5.317000000000000000e+03 2.699808478799999717e-02 1.092056548699999949e-02
5.317000000000000000e+03 5.318000000000000000e+03 2.269090681400000309e-02 1.446688276300000034e-02
5.318000000000000000e+03 5.319000000000000000e+03 1.443097655400000026e-02 9.987835706999998939e-03
5.319000000000000000e+03 5.320000000000000000e+03 2.498494298900000299e-02 1.171940436399999952e-02
5.320000000000000000e+03 5.321000000000000000e+03 -3.305968696269999830e-03 8.597579490999998630e-03
5.321000000000000000e+03 5.322000000000000000e+03 2.297022177000000286e-03 6.462896913200000086e-03
5.322000000000000000e+03 5.323000000000000000e+03 8.138933322000000336e-04 4.839115935499999251e-03
5.323000000000000000e+03 5.324000000000000000e+03 -4.073502161700000290e-03 2.768822283900000073e-03
5.324000000000000000e+03 5.325000000000000000e+03 -1.406497152699999996e-02 1.671764786099999914e-02
5.325000000000000000e+03 5.326000000000000000e+03 3.901652080999999661e-02 1.872046524899999981e-02
5.326000000000000000e+03 5.327000000000000000e+03 3.371854617000000220e-03 1.603972931499999741e-02
5.327000000000000000e+03 5.328000000000000000e+03 2.829862157000000156e-02 1.623549906299999804e-02
5.328000000000000000e+03 5.329000000000000000e+03 2.415986808000000069e-02 1.408986223799999979e-02
5.329000000000000000e+03 5.330000000000000000e+03 2.265636556999999635e-03 1.127575982200000083e-02
5.330000000000000000e+03 5.331000000000000000e+03 2.596556781599999864e-02 1.255902783699999921e-02
5.331000000000000000e+03 5.332000000000000000e+03 -4.495209653999999999e-03 9.444776962999999401e-03
5.332000000000000000e+03 5.333000000000000000e+03 -4.201503432199999409e-03 6.554248030299999854e-03
5.333000000000000000e+03 5.334000000000000000e+03 -2.957471235499999854e-03 2.953067787499999864e-03
5.334000000000000000e+03 5.335000000000000000e+03 9.595877984999999803e-04 2.232065084100000058e-03
5.335000000000000000e+03 5.336000000000000000e+03 3.190372984000000318e-03 1.673225970699999954e-02
5.336000000000000000e+03 5.337000000000000000e+03 2.860535686000000282e-03 2.034663102999999945e-02
5.337000000000000000e+03 5.338000000000000000e+03 2.148216056100000007e-02 1.738047901499999853e-02
5.338000000000000000e+03 5.339000000000000000e+03 2.864385875500000123e-02 1.323210903300000088e-02
5.339000000000000000e+03 5.340000000000000000e+03 1.733145077899999817e-02 1.229954885100000006e-02
5.340000000000000000e+03 5.341000000000000000e+03 -7.116462991999999987e-03 1.007929404400000062e-02
5.341000000000000000e+03 5.342000000000000000e+03 9.169520590000000693e-03 9.999640669000000107e-03
5.342000000000000000e+03 5.343000000000000000e+03 1.121839262799999987e-02 7.373209313100000280e-03
5.343000000000000000e+03 5.344000000000000000e+03 1.655562620500000085e-03 6.154840316999999998e-03
5.344000000000000000e+03 5.345000000000000000e+03 5.650459360999999896e-03 4.523611082199999710e-03
5.345000000000000000e+03 5.346000000000000000e+03 -2.349042618499999884e-04 1.909918221199999972e-03
5.346000000000000000e+03 5.347000000000000000e+03 -9.231986489999999962e-03 1.196533278899999941e-02
5.347000000000000000e+03 5.348000000000000000e+03 -1.071102153600000072e-02 1.688192999099999772e-02
5.348000000000000000e+03 5.349000000000000000e+03 -3.039523562000000061e-03 1.925946777800000009e-02
5.349000000000000000e+03 5.350000000000000000e+03 2.271816460299999965e-02 1.478318233200000102e-02
5.350000000000000000e+03 5.351000000000000000e+03 2.508634853299999967e-02 1.390953550400000037e-02
5.351000000000000000e+03 5.352000000000000000e+03 1.419369879199999969e-02 1.051100126599999879e-02
5.352000000000000000e+03 5.353000000000000000e+03 1.086196950970000005e-02 9.501100018999999661e-03
5.353000000000000000e+03 5.354000000000000000e+03 -5.963741841299999985e-03 5.616675869899999916e-03
5.354000000000000000e+03 5.355000000000000000e+03 2.150369082200000344e-03 6.156232049500000650e-03
5.355000000000000000e+03 5.356000000000000000e+03 -7.581155499100000056e-03 2.581880074700000031e-03
5.356000000000000000e+03 5.357000000000000000e+03 1.439735231500000089e-03 1.856194603199999961e-03
5.357000000000000000e+03 5.358000000000000000e+03 -8.989718912999999229e-03 1.466371258299999959e-02
5.358000000000000000e+03 5.359000000000000000e+03 1.641152503099999743e-02 1.350591753600000056e-02
5.359000000000000000e+03 5.360000000000000000e+03 2.044576374199999860e-04 1.198704903499999905e-02
5.360000000000000000e+03 5.361000000000000000e+03 8.412998976999999656e-03 1.815127994599999989e-02
5.361000000000000000e+03 5.362000000000000000e+03 -1.802931351550000200e-02 1.334467363200000055e-02
5.362000000000000000e+03 5.363000000000000000e+03 2.594394741000000115e-02 1.121020979799999991e-02
5.363000000000000000e+03 5.364000000000000000e+03 2.485577620800000220e-02 8.968442608999999816e-03
5.364000000000000000e+03 5.365000000000000000e+03 2.079931741400000127e-03 6.924113848099999920e-03
5.365000000000000000e+03 5.366000000000000000e+03 -8.833870679400000411e-03 5.979087042800000640e-03
5.366000000000000000e+03 5.367000000000000000e+03 6.735941013000000012e-03 4.888861556199999674e-03
5.367000000000000000e+03 5.368000000000000000e+03 -1.770823654999999913e-03 2.159641927300000146e-03
5.368000000000000000e+03 5.369000000000000000e+03 2.327869588999999934e-02 1.390149192100000042e-02
5.369000000000000000e+03 5.370000000000000000e+03 -1.494451795799999969e-02 2.030202832999999929e-02
5.370000000000000000e+03 5.371000000000000000e+03 1.253211958099999940e-02 1.993459327100000067e-02
5.371000000000000000e+03 5.372000000000000000e+03 1.673645189599999930e-02 1.737652083900000088e-02
5.372000000000000000e+03 5.373000000000000000e+03 2.061255476600000122e-02 1.236001215699999989e-02
5.373000000000000000e+03 5.374000000000000000e+03 1.650487348199999871e-02 1.133467014399999924e-02
5.374000000000000000e+03 5.375000000000000000e+03 -1.024937756049999933e-02 9.543349734999999681e-03
5.375000000000000000e+03 5.376000000000000000e+03 9.300324792999999438e-03 7.141083671099999683e-03
5.376000000000000000e+03 5.377000000000000000e+03 -6.096799410000000499e-04 5.293937251400000071e-03
5.377000000000000000e+03 5.378000000000000000e+03 3.827887188200000158e-03 4.297831560999999280e-03
5.378000000000000000e+03 5.379000000000000000e+03 1.949595887000000072e-03 3.478561393899999663e-03
5.379000000000000000e+03 5.380000000000000000e+03 1.110605895999999988e-02 1.422796319399999981e-02
5.380000000000000000e+03 5.381000000000000000e+03 3.677811450999999947e-03 1.676941397800000080e-02
5.381000000000000000e+03 5.382000000000000000e+03 2.005988747899999959e-03 1.642075256600000061e-02
5.382000000000000000e+03 5.383000000000000000e+03 2.020367891999999901e-02 1.659968395100000146e-02
5.383000000000000000e+03 5.384000000000000000e+03 2.134097536699999798e-02 1.400121605600000013e-02
5.384000000000000000e+03 5.385000000000000000e+03 1.883769296980000035e-02 9.409778143000001316e-03
5.385000000000000000e+03 5.386000000000000000e+03 -9.765665581300000953e-03 8.484565156999999275e-03
5.386000000000000000e+03 5.387000000000000000e+03 3.068614510499999802e-03 6.031927306399999418e-03
5.387000000000000000e+03 5.388000000000000000e+03 -1.204273950109999852e-02 4.767072327799999620e-03
5.388000000000000000e+03 5.389000000000000000e+03 -7.330220043999999963e-03 3.983309532000000458e-03
5.389000000000000000e+03 5.390000000000000000e+03 -3.943253849999999827e-04 2.526597467099999956e-03
5.390000000000000000e+03 5.391000000000000000e+03 -2.094796064799999899e-02 1.431279575300000058e-02
5.391000000000000000e+03 5.392000000000000000e+03 4.766728213999999603e-02 1.614207755100000030e-02
5.392000000000000000e+03 5.393000000000000000e+03 6.630486320000000128e-03 1.204051526100000102e-02
5.393000000000000000e+03 5.394000000000000000e+03 2.784061517900000230e-03 1.480679392700000145e-02
5.394000000000000000e+03 5.395000000000000000e+03 1.751443508199999888e-02 1.028529423699999987e-02
5.395000000000000000e+03 5.396000000000000000e+03 -1.044375213300000006e-03 1.077902361399999884e-02
5.396000000000000000e+03 5.397000000000000000e+03 1.133772485929999962e-02 1.081864770900000002e-02
5.397000000000000000e+03 5.398000000000000000e+03 1.008475856360000096e-02 5.232150508500000435e-03
5.398000000000000000e+03 5.399000000000000000e+03 -1.907916863300000015e-03 3.676525074399999982e-03
5.399000000000000000e+03 5.400000000000000000e+03 1.349460800659999914e-03 3.803270601799999678e-03
5.400000000000000000e+03 5.401000000000000000e+03 1.348026923800000037e-03 1.308960368599999986e-03
5.401000000000000000e+03 5.402000000000000000e+03 -3.487815571999999895e-03 1.181886933800000046e-02
5.402000000000000000e+03 5.403000000000000000e+03 -8.487495430999998994e-03 1.087046752600000048e-02
5.403000000000000000e+03 5.404000000000000000e+03 -1.548490333399999905e-02 1.177790535099999987e-02
5.404000000000000000e+03 5.405000000000000000e+03 5.630599937999999915e-02 1.540357148700000067e-02
5.405000000000000000e+03 5.406000000000000000e+03 2.441359739399999798e-02 1.177057787799999991e-02
5.406000000000000000e+03 5.407000000000000000e+03 7.398502954000000034e-03 1.242505241300000118e-02
5.407000000000000000e+03 5.408000000000000000e+03 5.951493556600000005e-03 9.989722946000000048e-03
5.408000000000000000e+03 5.409000000000000000e+03 -1.367635154900000019e-03 7.879223531999999044e-03
5.409000000000000000e+03 5.410000000000000000e+03 8.983571249400001610e-03 7.423881129999999710e-03
5.410000000000000000e+03 5.411000000000000000e+03 1.698911004499999980e-03 4.333548625000000105e-03
5.411000000000000000e+03 5.412000000000000000e+03 3.539524266800000117e-03 2.608319651699999957e-03
5.412000000000000000e+03 5.413000000000000000e+03 3.716368884999999428e-02 1.597838699099999801e-02
5.413000000000000000e+03 5.414000000000000000e+03 1.476370909200000123e-02 1.320502450000000071e-02
5.414000000000000000e+03 5.415000000000000000e+03 1.161929708400000032e-02 1.592571835399999788e-02
5.415000000000000000e+03 5.416000000000000000e+03 1.854748416599999797e-02 1.270260858000000007e-02
5.416000000000000000e+03 5.417000000000000000e+03 7.624846105999999804e-03 1.188459430700000014e-02
5.417000000000000000e+03 5.418000000000000000e+03 1.769244896400000086e-02 1.204821027699999950e-02
5.418000000000000000e+03 5.419000000000000000e+03 8.751641718999999403e-03 7.515178291999999663e-03
5.419000000000000000e+03 5.420000000000000000e+03 7.930864109899999834e-03 7.689245790999999809e-03
5.420000000000000000e+03 5.421000000000000000e+03 6.810181028000000109e-03 7.002923494000000068e-03
5.421000000000000000e+03 5.422000000000000000e+03 4.912544734199999867e-03 3.940448699999999846e-03
5.422000000000000000e+03 5.423000000000000000e+03 3.996876300999999999e-03 4.118606378000000574e-03
5.423000000000000000e+03 5.424000000000000000e+03 2.038295008599999916e-02 1.345064642400000017e-02
5.424000000000000000e+03 5.425000000000000000e+03 -1.452722400499999872e-02 1.152735109099999912e-02
5.425000000000000000e+03 5.426000000000000000e+03 8.022396973999999792e-03 1.221187471599999991e-02
5.426000000000000000e+03 5.427000000000000000e+03 -6.287429074990000082e-03 1.200985740199999978e-02
5.427000000000000000e+03 5.428000000000000000e+03 7.567219776000000397e-03 9.402740251000000007e-03
5.428000000000000000e+03 5.429000000000000000e+03 -3.741217016800000000e-03 1.013485285499999937e-02
5.429000000000000000e+03 5.430000000000000000e+03 3.837403514999999932e-02 1.198026579799999977e-02
5.430000000000000000e+03 5.431000000000000000e+03 1.371665179990000025e-02 7.743267771399999291e-03
5.431000000000000000e+03 5.432000000000000000e+03 8.739727713700001094e-03 5.915810328600000154e-03
5.432000000000000000e+03 5.433000000000000000e+03 -2.113442942000000237e-03 4.301320819100000470e-03
5.433000000000000000e+03 5.434000000000000000e+03 1.262820136499999890e-03 2.328586143200000146e-03
5.434000000000000000e+03 5.435000000000000000e+03 -4.838977229999999897e-04 1.380876870499999839e-02
5.435000000000000000e+03 5.436000000000000000e+03 -6.750971891000000051e-03 1.174345745100000005e-02
5.436000000000000000e+03 5.437000000000000000e+03 -4.601849053000000092e-03 1.750484380900000150e-02
5.437000000000000000e+03 5.438000000000000000e+03 -1.507541865400000014e-02 1.375630367300000045e-02
5.438000000000000000e+03 5.439000000000000000e+03 -1.242904385100000036e-02 1.459073541200000060e-02
5.439000000000000000e+03 5.440000000000000000e+03 4.499856172000000175e-03 9.496935849000000263e-03
5.440000000000000000e+03 5.441000000000000000e+03 1.467113373659999914e-02 1.250869820600000043e-02
5.441000000000000000e+03 5.442000000000000000e+03 -2.410314496999999955e-03 5.877636509799999409e-03
5.442000000000000000e+03 5.443000000000000000e+03 -2.809131582100000014e-03 6.575745483100000136e-03
5.443000000000000000e+03 5.444000000000000000e+03 2.204329814380000165e-03 2.344498049500000000e-03
5.444000000000000000e+03 5.445000000000000000e+03 -1.754008049700000018e-03 2.643255012499999904e-03
5.445000000000000000e+03 5.446000000000000000e+03 -1.763756856200000139e-02 1.331137953800000037e-02
5.446000000000000000e+03 5.447000000000000000e+03 2.441148352999999993e-02 1.500794662600000128e-02
5.447000000000000000e+03 5.448000000000000000e+03 5.535188536999999936e-03 1.575384465099999992e-02
5.448000000000000000e+03 5.449000000000000000e+03 4.285243073999999569e-02 1.385613600399999978e-02
5.449000000000000000e+03 5.450000000000000000e+03 9.379536707999999723e-03 1.318134711199999906e-02
5.450000000000000000e+03 5.451000000000000000e+03 2.211235834700000027e-02 1.211924050100000004e-02
5.451000000000000000e+03 5.452000000000000000e+03 1.298383376300000017e-02 9.020835523999999259e-03
5.452000000000000000e+03 5.453000000000000000e+03 8.716071044999999101e-03 7.182263493000000561e-03
5.453000000000000000e+03 5.454000000000000000e+03 -1.934757646599999945e-03 4.685178077299999647e-03
5.454000000000000000e+03 5.455000000000000000e+03 -6.638258933000000354e-03 3.705519684400000215e-03
5.455000000000000000e+03 5.456000000000000000e+03 5.216700035999999752e-04 1.976536638000000144e-03
5.456000000000000000e+03 5.457000000000000000e+03 1.747109794499999980e-02 1.672735668599999864e-02
5.457000000000000000e+03 5.458000000000000000e+03 -1.884313736700000139e-03 9.993922325999998399e-03
5.458000000000000000e+03 5.459000000000000000e+03 7.241218268999999319e-02 2.170327166400000049e-02
5.459000000000000000e+03 5.460000000000000000e+03 -4.227025555700000478e-03 1.247144327899999891e-02
5.460000000000000000e+03 5.461000000000000000e+03 -1.582265513400000047e-03 1.136211691800000090e-02
5.461000000000000000e+03 5.462000000000000000e+03 1.496271571200000032e-03 9.813159416000000190e-03
5.462000000000000000e+03 5.463000000000000000e+03 2.486845894000000012e-03 9.198709517999999891e-03
5.463000000000000000e+03 5.464000000000000000e+03 1.148659164999999999e-03 6.170665496999999840e-03
5.464000000000000000e+03 5.465000000000000000e+03 1.124447433380000062e-02 3.688945999500000024e-03
5.465000000000000000e+03 5.466000000000000000e+03 2.607113823000000059e-03 4.280884245000000747e-03
5.466000000000000000e+03 5.467000000000000000e+03 -1.335531880300000040e-03 3.110661562100000034e-03
5.467000000000000000e+03 5.468000000000000000e+03 2.545771245999999943e-03 1.423145812800000014e-02
5.468000000000000000e+03 5.469000000000000000e+03 9.663598190000000782e-03 1.413716945800000055e-02
5.469000000000000000e+03 5.470000000000000000e+03 8.626518649999999691e-03 1.332914743800000038e-02
5.470000000000000000e+03 5.471000000000000000e+03 1.122572046100000012e-02 1.082850571400000017e-02
5.471000000000000000e+03 5.472000000000000000e+03 1.324195564300000016e-02 1.085847433299999901e-02
5.472000000000000000e+03 5.473000000000000000e+03 -1.342344390900000045e-02 9.750823666000000417e-03
5.473000000000000000e+03 5.474000000000000000e+03 1.040957921499999911e-02 7.169023491999999831e-03
5.474000000000000000e+03 5.475000000000000000e+03 1.788269520999999970e-03 8.128931667999999763e-03
5.475000000000000000e+03 5.476000000000000000e+03 3.969136037400000476e-03 5.540377967000000015e-03
5.476000000000000000e+03 5.477000000000000000e+03 4.064743525000000073e-03 3.790723932800000185e-03
5.477000000000000000e+03 5.478000000000000000e+03 -2.218667098999999835e-04 1.896655585099999829e-03
5.478000000000000000e+03 5.479000000000000000e+03 2.910452669999999929e-03 1.319097601399999917e-02
5.479000000000000000e+03 5.480000000000000000e+03 -1.658694837999999958e-03 1.269056927100000072e-02
5.480000000000000000e+03 5.481000000000000000e+03 -5.702041346000000059e-03 1.370331287500000002e-02
5.481000000000000000e+03 5.482000000000000000e+03 1.906086579400000092e-02 1.267102617500000077e-02
5.482000000000000000e+03 5.483000000000000000e+03 3.285083290999999978e-03 1.359312711800000038e-02
5.483000000000000000e+03 5.484000000000000000e+03 -5.489630880000000504e-04 1.316154421500000116e-02
5.484000000000000000e+03 5.485000000000000000e+03 1.023800082100000033e-03 8.123578520899999572e-03
5.485000000000000000e+03 5.486000000000000000e+03 -9.431882580000000224e-04 7.183365218499999927e-03
5.486000000000000000e+03 5.487000000000000000e+03 -7.287104563300000372e-03 5.252734693599999706e-03
5.487000000000000000e+03 5.488000000000000000e+03 -3.822852515300000000e-03 3.436392305099999871e-03
5.488000000000000000e+03 5.489000000000000000e+03 -3.520209390359999805e-03 1.910316482399999948e-03
5.489000000000000000e+03 5.490000000000000000e+03 2.309741774300000036e-02 1.445847657399999993e-02
5.490000000000000000e+03 5.491000000000000000e+03 2.942280082000000088e-02 1.362462448500000034e-02
5.491000000000000000e+03 5.492000000000000000e+03 -5.433218055000000289e-03 1.298220721899999951e-02
5.492000000000000000e+03 5.493000000000000000e+03 3.891033338000000202e-02 1.291568900200000015e-02
5.493000000000000000e+03 5.494000000000000000e+03 2.218697561999999866e-03 1.256776502900000016e-02
5.494000000000000000e+03 5.495000000000000000e+03 3.229553524499999967e-02 1.220702563799999987e-02
5.495000000000000000e+03 5.496000000000000000e+03 1.603394757899999704e-02 7.266174121999999756e-03
5.496000000000000000e+03 5.497000000000000000e+03 -3.073188223000000111e-03 7.080622949899999762e-03
5.497000000000000000e+03 5.498000000000000000e+03 -1.997092265699999987e-03 5.935103722900000010e-03
5.498000000000000000e+03 5.499000000000000000e+03 3.488661413000000190e-03 4.169694633799999293e-03
5.499000000000000000e+03 5.500000000000000000e+03 1.645461027999999860e-03 3.098395949300000035e-03
5.500000000000000000e+03 5.501000000000000000e+03 -5.099057616999999425e-03 1.370893210199999879e-02
5.501000000000000000e+03 5.502000000000000000e+03 1.218538614099999931e-02 1.376673221800000027e-02
5.502000000000000000e+03 5.503000000000000000e+03 -1.448635868299999983e-02 1.177968924400000020e-02
5.503000000000000000e+03 5.504000000000000000e+03 2.872721280999999960e-02 1.283901360400000087e-02
5.504000000000000000e+03 5.505000000000000000e+03 -1.619317610000000002e-04 8.672724690999999986e-03
5.505000000000000000e+03 5.506000000000000000e+03 -1.034551024220000011e-02 9.965668263999999388e-03
5.506000000000000000e+03 5.507000000000000000e+03 2.229812301500000080e-02 1.029215799299999963e-02
5.507000000000000000e+03 5.508000000000000000e+03 -1.954862665400000296e-02 6.542394715999999728e-03
5.508000000000000000e+03 5.509000000000000000e+03 3.173844049000000122e-03 5.711659178499999510e-03
5.509000000000000000e+03 5.510000000000000000e+03 -9.959599302000001798e-04 4.854687981200000481e-03
5.510000000000000000e+03 5.511000000000000000e+03 2.693634927900000198e-03 3.189800471299999909e-03
5.511000000000000000e+03 5.512000000000000000e+03 -1.986796927000000074e-02 1.093414553500000018e-02
5.512000000000000000e+03 5.513000000000000000e+03 -1.617584626800000133e-02 1.189771878899999885e-02
5.513000000000000000e+03 5.514000000000000000e+03 1.224907336500000166e-02 1.629822626799999966e-02
5.514000000000000000e+03 5.515000000000000000e+03 1.664447377400000289e-02 1.032272013700000039e-02
5.515000000000000000e+03 5.516000000000000000e+03 -1.367212002099999976e-02 9.393900606000000347e-03
5.516000000000000000e+03 5.517000000000000000e+03 1.480023727000000146e-03 9.681713195000000299e-03
5.517000000000000000e+03 5.518000000000000000e+03 1.587542902900000025e-02 5.772033607900000501e-03
5.518000000000000000e+03 5.519000000000000000e+03 8.862820038999999830e-03 6.860449890500000363e-03
5.519000000000000000e+03 5.520000000000000000e+03 7.398311112099999719e-03 5.899499206600000017e-03
5.520000000000000000e+03 5.521000000000000000e+03 -1.308264555680000059e-02 5.043904323000000106e-03
5.521000000000000000e+03 5.522000000000000000e+03 -4.761750855699999931e-03 2.641307668100000092e-03
5.522000000000000000e+03 5.523000000000000000e+03 -1.592468060199999855e-02 1.174590158300000027e-02
5.523000000000000000e+03 5.524000000000000000e+03 -2.198284890399999914e-02 1.311466916699999957e-02
5.524000000000000000e+03 5.525000000000000000e+03 1.069395172999999854e-03 1.322582329799999908e-02
5.525000000000000000e+03 5.526000000000000000e+03 2.233773303999999835e-02 1.222919552500000007e-02
5.526000000000000000e+03 5.527000000000000000e+03 -1.296703579099999989e-02 9.790211744000000549e-03
5.527000000000000000e+03 5.528000000000000000e+03 -3.401709929500000128e-03 1.035117921200000117e-02
5.528000000000000000e+03 5.529000000000000000e+03 -4.390713063299999872e-03 6.325753301000000030e-03
5.529000000000000000e+03 5.530000000000000000e+03 1.186936304030000028e-02 5.409547557300000212e-03
5.530000000000000000e+03 5.531000000000000000e+03 4.521619368900000116e-03 6.179182889099999430e-03
5.531000000000000000e+03 5.532000000000000000e+03 5.517635870999999456e-03 4.560249142000000026e-03
5.532000000000000000e+03 5.533000000000000000e+03 -1.346060816000000044e-03 2.523265557899999866e-03
5.533000000000000000e+03 5.534000000000000000e+03 2.481226329000000078e-02 1.597434891100000046e-02
5.534000000000000000e+03 5.535000000000000000e+03 1.395479949600000012e-02 1.153614415299999973e-02
5.535000000000000000e+03 5.536000000000000000e+03 1.739721113099999827e-02 1.121881665899999991e-02
5.536000000000000000e+03 5.537000000000000000e+03 1.788573722299999919e-02 1.299368801800000056e-02
5.537000000000000000e+03 5.538000000000000000e+03 2.012260547400000071e-02 1.269928117799999992e-02
5.538000000000000000e+03 5.539000000000000000e+03 -4.131463424999999752e-03 1.031005137799999999e-02
5.539000000000000000e+03 5.540000000000000000e+03 2.519343547999999822e-03 6.546944457999999759e-03
5.540000000000000000e+03 5.541000000000000000e+03 2.772616420199999678e-03 6.622951116400000067e-03
5.541000000000000000e+03 5.542000000000000000e+03 2.171206824800000178e-03 4.694370469600000172e-03
5.542000000000000000e+03 5.543000000000000000e+03 -7.136980632999999873e-03 3.899558403999999704e-03
5.543000000000000000e+03 5.544000000000000000e+03 2.688569289899999867e-03 2.607407064600000216e-03
5.544000000000000000e+03 5.545000000000000000e+03 4.360373017000000219e-03 1.605034170300000118e-02
5.545000000000000000e+03 5.546000000000000000e+03 -8.818161643000000174e-03 1.142190521200000045e-02
5.546000000000000000e+03 5.547000000000000000e+03 2.978649322000000328e-03 1.081213028699999981e-02
5.547000000000000000e+03 5.548000000000000000e+03 1.015517900000000029e-02 1.333421841099999977e-02
5.548000000000000000e+03 5.549000000000000000e+03 1.744305759699999944e-02 1.045027803099999979e-02
5.549000000000000000e+03 5.550000000000000000e+03 1.692169607999999964e-02 9.502726649999999539e-03
5.550000000000000000e+03 5.551000000000000000e+03 -3.658304855300000338e-04 6.743658776500000181e-03
5.551000000000000000e+03 5.552000000000000000e+03 7.701339292000000322e-03 7.211138609000000352e-03
5.552000000000000000e+03 5.553000000000000000e+03 -1.011264577499999991e-02 4.393831736199999352e-03
5.553000000000000000e+03 5.554000000000000000e+03 8.362074990300000579e-03 5.263129547500000269e-03
5.554000000000000000e+03 5.555000000000000000e+03 -4.730257800599999354e-03 2.135337056200000121e-03
5.555000000000000000e+03 5.556000000000000000e+03 -3.229879105999999833e-02 1.254130854300000014e-02
5.556000000000000000e+03 5.557000000000000000e+03 7.236842365999999679e-03 1.074508557500000044e-02
5.557000000000000000e+03 5.558000000000000000e+03 2.851039230300000081e-03 1.096096344799999886e-02
5.558000000000000000e+03 5.559000000000000000e+03 3.891474047000000047e-02 1.760957643600000178e-02
5.559000000000000000e+03 5.560000000000000000e+03 -5.449620532999999677e-03 8.703163685000001037e-03
5.560000000000000000e+03 5.561000000000000000e+03 1.201904861200000021e-02 1.142131556499999950e-02
5.561000000000000000e+03 5.562000000000000000e+03 4.791828236000000288e-04 7.733935021000000291e-03
5.562000000000000000e+03 5.563000000000000000e+03 -1.530993389300000030e-03 4.957983499199999922e-03
5.563000000000000000e+03 5.564000000000000000e+03 -5.695765676000000104e-03 4.584809448000000398e-03
5.564000000000000000e+03 5.565000000000000000e+03 -3.953026956099999628e-03 3.145100373599999961e-03
5.565000000000000000e+03 5.566000000000000000e+03 -1.191687461400000106e-03 1.776206860299999867e-03
5.566000000000000000e+03 5.567000000000000000e+03 1.886942605999999923e-03 1.553016448900000103e-02
5.567000000000000000e+03 5.568000000000000000e+03 -1.334062427899999903e-02 7.607954512999999357e-03
5.568000000000000000e+03 5.569000000000000000e+03 -4.485968876000000737e-03 1.053642567100000066e-02
5.569000000000000000e+03 5.570000000000000000e+03 1.017841327400000051e-02 9.981565488999999750e-03
5.570000000000000000e+03 5.571000000000000000e+03 8.491721604999998702e-03 1.225670023599999964e-02
5.571000000000000000e+03 5.572000000000000000e+03 6.212563300000000259e-04 1.045453302100000058e-02
5.572000000000000000e+03 5.573000000000000000e+03 2.137598991799999695e-02 7.564658289999999854e-03
5.573000000000000000e+03 5.574000000000000000e+03 -3.054755661199999844e-03 7.215931479999999898e-03
5.574000000000000000e+03 5.575000000000000000e+03 6.364259689650000017e-03 3.254790760399999937e-03
5.575000000000000000e+03 5.576000000000000000e+03 -1.296168932399999977e-03 3.343371011800000143e-03
5.576000000000000000e+03 5.577000000000000000e+03 3.372968111000000050e-03 2.405080286999999699e-03
5.577000000000000000e+03 5.578000000000000000e+03 3.840302729000000248e-02 1.911757351600000196e-02
5.578000000000000000e+03 5.579000000000000000e+03 6.612444894600000289e-03 1.260319265200000004e-02
5.579000000000000000e+03 5.580000000000000000e+03 -1.531664763200000015e-02 9.412842141999999690e-03
5.580000000000000000e+03 5.581000000000000000e+03 5.978137161000000345e-03 1.265332777800000016e-02
5.581000000000000000e+03 5.582000000000000000e+03 -1.705988899399999911e-02 1.112020566000000016e-02
5.582000000000000000e+03 5.583000000000000000e+03 5.025929771999999678e-03 1.104907669699999907e-02
5.583000000000000000e+03 5.584000000000000000e+03 1.593367099900000125e-02 8.717314995999999802e-03
5.584000000000000000e+03 5.585000000000000000e+03 6.209414956999999985e-03 6.554986217700000013e-03
5.585000000000000000e+03 5.586000000000000000e+03 -1.394210576699999931e-03 4.287723410599999542e-03
5.586000000000000000e+03 5.587000000000000000e+03 -8.771173748999999339e-03 3.880579671600000325e-03
5.587000000000000000e+03 5.588000000000000000e+03 1.591795417099999953e-03 2.449579660599999955e-03
5.588000000000000000e+03 5.589000000000000000e+03 1.657711027000000059e-02 1.208623722300000009e-02
5.589000000000000000e+03 5.590000000000000000e+03 1.313878505199999984e-02 1.145878147999999930e-02
5.590000000000000000e+03 5.591000000000000000e+03 -3.738161973999999839e-03 1.209662956200000146e-02
5.591000000000000000e+03 5.592000000000000000e+03 3.095598520000000103e-02 1.283869727700000067e-02
5.592000000000000000e+03 5.593000000000000000e+03 -6.236939168999999263e-03 9.695229792999998653e-03
5.593000000000000000e+03 5.594000000000000000e+03 1.767495998900000045e-02 1.046575961200000085e-02
5.594000000000000000e+03 5.595000000000000000e+03 1.329046149430000018e-02 8.442136923000000473e-03
5.595000000000000000e+03 5.596000000000000000e+03 -2.193002711400000165e-02 6.735258481999999852e-03
5.596000000000000000e+03 5.597000000000000000e+03 1.408419970999999970e-03 5.284889417300000190e-03
5.597000000000000000e+03 5.598000000000000000e+03 -7.170901377400000498e-03 3.185432462300000125e-03
5.598000000000000000e+03 5.599000000000000000e+03 -6.050330589999999869e-05 1.927259126899999800e-03
5.599000000000000000e+03 5.600000000000000000e+03 1.749197343269999960e-03 1.548808746600000008e-02
5.600000000000000000e+03 5.601000000000000000e+03 1.091918067000000048e-02 1.215795476799999900e-02
5.601000000000000000e+03 5.602000000000000000e+03 -9.969980378999999601e-03 1.174582492999999908e-02
5.602000000000000000e+03 5.603000000000000000e+03 1.135254787000000015e-02 1.413383495600000102e-02
5.603000000000000000e+03 5.604000000000000000e+03 4.610189066999999946e-03 1.050279347199999970e-02
5.604000000000000000e+03 5.605000000000000000e+03 1.608224367599999857e-02 9.851827240999999971e-03
5.605000000000000000e+03 5.606000000000000000e+03 8.638211372000000055e-03 8.537494707999998544e-03
5.606000000000000000e+03 5.607000000000000000e+03 8.400647037199998959e-03 6.791091293199999837e-03
5.607000000000000000e+03 5.608000000000000000e+03 1.205867553530000011e-02 5.141233168399999935e-03
5.608000000000000000e+03 5.609000000000000000e+03 -2.861628279999999924e-03 1.973767751699999958e-03
5.609000000000000000e+03 5.610000000000000000e+03 1.526587160339999997e-03 2.071081018799999975e-03
5.610000000000000000e+03 5.611000000000000000e+03 2.090092322299999875e-02 1.168469002899999963e-02
5.611000000000000000e+03 5.612000000000000000e+03 8.147389072000001120e-03 1.059618163600000058e-02
5.612000000000000000e+03 5.613000000000000000e+03 2.056274174899999987e-02 1.292379284800000000e-02
5.613000000000000000e+03 5.614000000000000000e+03 2.695043084800000099e-02 1.190742613099999951e-02
5.614000000000000000e+03 5.615000000000000000e+03 1.450866470999999944e-03 1.138472661799999966e-02
5.615000000000000000e+03 5.616000000000000000e+03 -5.369867401599999522e-04 7.290601086999999939e-03
5.616000000000000000e+03 5.617000000000000000e+03 1.093350720699999903e-02 8.140652406999999632e-03
5.617000000000000000e+03 5.618000000000000000e+03 1.202493568519999965e-02 7.811427698300000416e-03
5.618000000000000000e+03 5.619000000000000000e+03 8.041075905000000246e-03 5.202370015699999892e-03
5.619000000000000000e+03 5.620000000000000000e+03 -3.472817818599999856e-03 3.772232042299999803e-03
5.620000000000000000e+03 5.621000000000000000e+03 -1.062022870600000000e-03 2.548749568800000049e-03
5.621000000000000000e+03 5.622000000000000000e+03 1.551588817000000044e-02 1.367276278000000012e-02
5.622000000000000000e+03 5.623000000000000000e+03 -8.260899284999999662e-03 9.202911614999999962e-03
5.623000000000000000e+03 5.624000000000000000e+03 8.567654146999999915e-03 1.195629863800000067e-02
5.624000000000000000e+03 5.625000000000000000e+03 2.107550272599999913e-02 9.049346781999999256e-03
5.625000000000000000e+03 5.626000000000000000e+03 3.053445631400000110e-02 1.216988874299999857e-02
5.626000000000000000e+03 5.627000000000000000e+03 2.737454694299999713e-03 1.069417938800000002e-02
5.627000000000000000e+03 5.628000000000000000e+03 1.000746490019999851e-02 8.130556447999998798e-03
5.628000000000000000e+03 5.629000000000000000e+03 5.013948490000000270e-04 6.557932064800000259e-03
5.629000000000000000e+03 5.630000000000000000e+03 -3.591655702000000252e-03 5.619270733799999924e-03
5.630000000000000000e+03 5.631000000000000000e+03 3.135171103399999899e-03 3.528744941599999685e-03
5.631000000000000000e+03 5.632000000000000000e+03 5.115098549649999340e-03 2.440710210500000258e-03
5.632000000000000000e+03 5.633000000000000000e+03 -2.446192206999999938e-02 1.394942194500000017e-02
5.633000000000000000e+03 5.634000000000000000e+03 -1.432991199800000108e-02 1.128582076299999848e-02
5.634000000000000000e+03 5.635000000000000000e+03 1.043389351800000017e-02 1.076790042599999955e-02
5.635000000000000000e+03 5.636000000000000000e+03 1.415613299500000088e-02 9.259493614000000733e-03
5.636000000000000000e+03 5.637000000000000000e+03 -1.610920248800000107e-02 7.955703407000001143e-03
5.637000000000000000e+03 5.638000000000000000e+03 1.113343497399999979e-02 1.026840501099999907e-02
5.638000000000000000e+03 5.639000000000000000e+03 -1.151030664999999967e-02 7.812312792999999943e-03
5.639000000000000000e+03 5.640000000000000000e+03 -4.111885144100000181e-03 7.295677721999999261e-03
5.640000000000000000e+03 5.641000000000000000e+03 -4.517002931199999918e-03 4.592473433899999825e-03
5.641000000000000000e+03 5.642000000000000000e+03 1.500593731599999918e-03 3.146389412500000173e-03
5.642000000000000000e+03 5.643000000000000000e+03 -1.563915610400000000e-03 1.763202082500000059e-03
5.643000000000000000e+03 5.644000000000000000e+03 -4.056030055000000613e-03 1.127884457299999955e-02
5.644000000000000000e+03 5.645000000000000000e+03 -6.105549674500000169e-03 1.051912119699999898e-02
5.645000000000000000e+03 5.646000000000000000e+03 -3.383986600000000138e-05 1.194026268799999908e-02
5.646000000000000000e+03 5.647000000000000000e+03 2.231101221000000075e-03 1.075428239399999972e-02
5.647000000000000000e+03 5.648000000000000000e+03 2.490150455400000004e-02 1.099857687800000032e-02
5.648000000000000000e+03 5.649000000000000000e+03 1.918617058400000006e-02 6.518626852000000520e-03
5.649000000000000000e+03 5.650000000000000000e+03 3.625029799999999938e-03 7.222731953499999906e-03
5.650000000000000000e+03 5.651000000000000000e+03 -1.210866395999999967e-04 3.065616458600000163e-03
5.651000000000000000e+03 5.652000000000000000e+03 5.514611328699999503e-03 5.425626713999999982e-03
5.652000000000000000e+03 5.653000000000000000e+03 -2.986101010900000206e-03 4.145344485699999776e-03
5.653000000000000000e+03 5.654000000000000000e+03 -2.449801505300000341e-03 2.770740229000000221e-03
5.654000000000000000e+03 5.655000000000000000e+03 1.169676687100000036e-02 9.676154012000000998e-03
5.655000000000000000e+03 5.656000000000000000e+03 1.655484630400000032e-02 1.363695122300000000e-02
5.656000000000000000e+03 5.657000000000000000e+03 5.735516901000000702e-03 1.315612098699999941e-02
5.657000000000000000e+03 5.658000000000000000e+03 1.027300631599999993e-02 1.278994555499999956e-02
5.658000000000000000e+03 5.659000000000000000e+03 1.630339338599999868e-02 1.140743640299999966e-02
5.659000000000000000e+03 5.660000000000000000e+03 2.221738364399999943e-02 1.204837297599999947e-02
5.660000000000000000e+03 5.661000000000000000e+03 1.665663882299999940e-02 1.112439281799999964e-02
5.661000000000000000e+03 5.662000000000000000e+03 8.895142488000000198e-04 7.293700757000000194e-03
5.662000000000000000e+03 5.663000000000000000e+03 3.808761815299999739e-03 4.800493569800000013e-03
5.663000000000000000e+03 5.664000000000000000e+03 1.011507138000000130e-03 3.048065046999999788e-03
5.664000000000000000e+03 5.665000000000000000e+03 1.861123086500000206e-03 1.553604995299999849e-03
5.665000000000000000e+03 5.666000000000000000e+03 -9.804358050599999881e-04 7.914871808000000647e-03
5.666000000000000000e+03 5.667000000000000000e+03 1.580637010900000014e-02 1.175382187299999978e-02
5.667000000000000000e+03 5.668000000000000000e+03 2.627037532000000078e-02 1.015141219599999950e-02
5.668000000000000000e+03 5.669000000000000000e+03 2.989760158799999873e-02 9.983914212000000871e-03
5.669000000000000000e+03 5.670000000000000000e+03 1.504543042200000118e-03 7.968071088000001564e-03
5.670000000000000000e+03 5.671000000000000000e+03 2.130128094900000241e-02 1.090638065499999892e-02
5.671000000000000000e+03 5.672000000000000000e+03 5.150700545000000234e-03 9.023333112999999683e-03
5.672000000000000000e+03 5.673000000000000000e+03 9.274974247900000940e-03 6.596591278200000102e-03
5.673000000000000000e+03 5.674000000000000000e+03 4.183934023699999692e-03 6.085735341099999911e-03
5.674000000000000000e+03 5.675000000000000000e+03 -6.833643484000000157e-03 3.852924873499999955e-03
5.675000000000000000e+03 5.676000000000000000e+03 -1.856720606300000078e-03 2.164760388300000175e-03
5.676000000000000000e+03 5.677000000000000000e+03 2.388338578499999906e-02 9.541080388000000578e-03
5.677000000000000000e+03 5.678000000000000000e+03 2.621562729000000147e-02 9.675048878999999852e-03
5.678000000000000000e+03 5.679000000000000000e+03 -8.362176277000000005e-03 7.253288185999999353e-03
5.679000000000000000e+03 5.680000000000000000e+03 4.864926881999999397e-03 1.122049381300000044e-02
5.680000000000000000e+03 5.681000000000000000e+03 7.571571842299999744e-03 1.097461698299999865e-02
5.681000000000000000e+03 5.682000000000000000e+03 -7.505351808999999319e-03 4.771695957999999918e-03
5.682000000000000000e+03 5.683000000000000000e+03 -4.324664952199999170e-03 7.375867095999999977e-03
5.683000000000000000e+03 5.684000000000000000e+03 2.043609918500000067e-03 3.803692089600000173e-03
5.684000000000000000e+03 5.685000000000000000e+03 -8.567541581000001280e-03 4.685441277800000276e-03
5.685000000000000000e+03 5.686000000000000000e+03 -2.520072163739999795e-03 3.446565218900000081e-03
5.686000000000000000e+03 5.687000000000000000e+03 -3.876289982900000316e-03 2.043801656900000145e-03
5.687000000000000000e+03 5.688000000000000000e+03 -2.368764753999999875e-02 9.091624576999999402e-03
5.688000000000000000e+03 5.689000000000000000e+03 -1.393768628400000008e-02 1.013136514200000012e-02
5.689000000000000000e+03 5.690000000000000000e+03 1.561930817300000163e-02 9.914012968000001161e-03
5.690000000000000000e+03 5.691000000000000000e+03 6.900444690999999776e-03 1.018378636300000008e-02
5.691000000000000000e+03 5.692000000000000000e+03 -5.407249346699999695e-03 9.361926217999999578e-03
5.692000000000000000e+03 5.693000000000000000e+03 -1.168521501130000140e-02 9.642327746000000505e-03
5.693000000000000000e+03 5.694000000000000000e+03 6.705403380800000444e-03 5.828346594500000317e-03
5.694000000000000000e+03 5.695000000000000000e+03 5.196527787000000155e-03 5.133517800000000041e-03
5.695000000000000000e+03 5.696000000000000000e+03 4.775805765790000143e-03 6.127467991299999708e-03
5.696000000000000000e+03 5.697000000000000000e+03 -7.464382971999999894e-03 2.852362965300000303e-03
5.697000000000000000e+03 5.698000000000000000e+03 1.731642158899999962e-03 1.464115650999999992e-03
5.698000000000000000e+03 5.699000000000000000e+03 2.966198119999999966e-02 1.355343409000000013e-02
5.699000000000000000e+03 5.700000000000000000e+03 5.270963979000000028e-03 1.099672534400000096e-02
5.700000000000000000e+03 5.701000000000000000e+03 2.607155319999999912e-03 1.329462988500000088e-02
5.701000000000000000e+03 5.702000000000000000e+03 7.819813697999999924e-03 9.546677186000000065e-03
5.702000000000000000e+03 5.703000000000000000e+03 -4.149768655999999840e-03 8.509622262999999923e-03
5.703000000000000000e+03 5.704000000000000000e+03 1.058236077000000025e-02 9.463028646999998780e-03
5.704000000000000000e+03 5.705000000000000000e+03 4.541771053999999787e-03 5.973106036000000452e-03
5.705000000000000000e+03 5.706000000000000000e+03 -2.394798074199999943e-03 5.999005998299999920e-03
5.706000000000000000e+03 5.707000000000000000e+03 5.680764609000000642e-04 3.324063524200000178e-03
5.707000000000000000e+03 5.708000000000000000e+03 2.532709255000000024e-03 2.957835976399999720e-03
5.708000000000000000e+03 5.709000000000000000e+03 3.281372717000000019e-04 2.035466906299999990e-03
5.709000000000000000e+03 5.710000000000000000e+03 8.924853231000000331e-03 1.077195111700000006e-02
5.710000000000000000e+03 5.711000000000000000e+03 2.503816097500000115e-03 8.234098505000000609e-03
5.711000000000000000e+03 5.712000000000000000e+03 -2.766245348209999972e-03 1.020139525200000098e-02
5.712000000000000000e+03 5.713000000000000000e+03 2.985892617000000110e-03 8.157394286999998523e-03
5.713000000000000000e+03 5.714000000000000000e+03 1.585402582900000135e-02 7.821157824000000633e-03
5.714000000000000000e+03 5.715000000000000000e+03 1.381453171399999943e-02 8.453985601000000433e-03
5.715000000000000000e+03 5.716000000000000000e+03 -1.703533639380000030e-03 7.716878541800000629e-03
5.716000000000000000e+03 5.717000000000000000e+03 -4.626086391999999908e-03 6.841647540999999319e-03
5.717000000000000000e+03 5.718000000000000000e+03 1.974296202600000095e-03 4.536205697500000217e-03
5.718000000000000000e+03 5.719000000000000000e+03 -2.180703588200000407e-03 3.113097707899999903e-03
5.719000000000000000e+03 5.720000000000000000e+03 6.635929444100000310e-03 3.189579142399999890e-03
5.720000000000000000e+03 5.721000000000000000e+03 1.432929289999999975e-04 1.025866765899999949e-02
5.721000000000000000e+03 5.722000000000000000e+03 -5.791186313000000301e-03 7.011367909999999953e-03
5.722000000000000000e+03 5.723000000000000000e+03 1.636066331999999970e-02 1.237022828899999975e-02
5.723000000000000000e+03 5.724000000000000000e+03 4.550215030000000216e-02 1.139079327300000083e-02
5.724000000000000000e+03 5.725000000000000000e+03 1.717134582099999821e-02 9.872659683000000949e-03
5.725000000000000000e+03 5.726000000000000000e+03 6.078763385599999895e-03 9.227014747000000447e-03
5.726000000000000000e+03 5.727000000000000000e+03 2.007761756999999845e-03 5.484760675200000060e-03
5.727000000000000000e+03 5.728000000000000000e+03 -2.967752666600000176e-03 7.774099320600000133e-03
5.728000000000000000e+03 5.729000000000000000e+03 -6.847682140800000032e-03 3.776704183199999960e-03
5.729000000000000000e+03 5.730000000000000000e+03 8.038531593599999034e-04 3.690838249900000104e-03
5.730000000000000000e+03 5.731000000000000000e+03 -3.450583638999999737e-03 1.932228297199999880e-03
5.731000000000000000e+03 5.732000000000000000e+03 -1.056141703199999990e-03 1.082147993700000033e-02
5.732000000000000000e+03 5.733000000000000000e+03 8.318875239799999183e-03 1.104969472399999937e-02
5.733000000000000000e+03 5.734000000000000000e+03 6.018077801999999546e-03 1.210265546999999935e-02
5.734000000000000000e+03 5.735000000000000000e+03 7.370910088999999693e-03 9.045645814000000812e-03
5.735000000000000000e+03 5.736000000000000000e+03 7.248188424999999629e-03 1.015077023699999942e-02
5.736000000000000000e+03 5.737000000000000000e+03 -1.354434270700000022e-03 9.650365291000001164e-03
5.737000000000000000e+03 5.738000000000000000e+03 -7.775567976999999721e-03 6.492112964000000021e-03
5.738000000000000000e+03 5.739000000000000000e+03 1.298208990670000028e-02 6.698831595700000321e-03
5.739000000000000000e+03 5.740000000000000000e+03 8.039449019799999041e-03 4.260586023500000791e-03
5.740000000000000000e+03 5.741000000000000000e+03 5.752162947799999843e-03 3.794149166299999945e-03
5.741000000000000000e+03 5.742000000000000000e+03 3.503150364100000164e-03 2.185392592499999995e-03
5.742000000000000000e+03 5.743000000000000000e+03 -9.327644601999999716e-03 1.112809969800000048e-02
5.743000000000000000e+03 5.744000000000000000e+03 -1.686984060000000073e-04 9.895903412999999815e-03
5.744000000000000000e+03 5.745000000000000000e+03 1.398735396099999931e-02 1.114918950299999961e-02
5.745000000000000000e+03 5.746000000000000000e+03 1.391548275499999987e-02 9.952719191000001034e-03
5.746000000000000000e+03 5.747000000000000000e+03 9.645226132000001007e-03 9.725794246000001031e-03
5.747000000000000000e+03 5.748000000000000000e+03 5.613932992000000670e-03 8.298709405000000150e-03
5.748000000000000000e+03 5.749000000000000000e+03 2.847474362400000212e-03 6.849423438000000301e-03
5.749000000000000000e+03 5.750000000000000000e+03 -5.296750926000000012e-03 5.522251165900000057e-03
5.750000000000000000e+03 5.751000000000000000e+03 -4.748330709660000294e-03 4.891396249300000026e-03
5.751000000000000000e+03 5.752000000000000000e+03 -5.763404628999999621e-04 2.632936187200000076e-03
5.752000000000000000e+03 5.753000000000000000e+03 -1.404535462000000047e-03 1.818356043199999923e-03
5.753000000000000000e+03 5.754000000000000000e+03 3.930548318999999707e-02 1.261464293600000029e-02
5.754000000000000000e+03 5.755000000000000000e+03 3.461529549000000056e-03 8.756319640999999862e-03
5.755000000000000000e+03 5.756000000000000000e+03 -2.517298261000000190e-02 8.021126667000000321e-03
5.756000000000000000e+03 5.757000000000000000e+03 1.749905807800000018e-03 7.771183194000000176e-03
5.757000000000000000e+03 5.758000000000000000e+03 -7.032688516000000153e-03 9.719483068999999406e-03
5.758000000000000000e+03 5.759000000000000000e+03 -3.136518707400000154e-03 8.511053489999999971e-03
5.759000000000000000e+03 5.760000000000000000e+03 2.254282956610000055e-02 7.613747831999999847e-03
5.760000000000000000e+03 5.761000000000000000e+03 1.085381255490000009e-02 6.491315208899999835e-03
5.761000000000000000e+03 5.762000000000000000e+03 -9.956658768000000576e-03 4.091983360300000330e-03
5.762000000000000000e+03 5.763000000000000000e+03 -3.326859676760000190e-03 2.302761275399999637e-03
5.763000000000000000e+03 5.764000000000000000e+03 1.511563446500000006e-03 2.058503878700000071e-03
5.764000000000000000e+03 5.765000000000000000e+03 1.731541326999999977e-02 9.433226759999999850e-03
5.765000000000000000e+03 5.766000000000000000e+03 -8.820395215000000413e-03 9.900404586000000062e-03
5.766000000000000000e+03 5.767000000000000000e+03 1.795117935999999883e-03 8.909565284999998794e-03
5.767000000000000000e+03 5.768000000000000000e+03 3.288452768000000269e-03 9.566808241000000768e-03
5.768000000000000000e+03 5.769000000000000000e+03 -6.705390595999999662e-03 1.046561532900000015e-02
5.769000000000000000e+03 5.770000000000000000e+03 -1.021990615400000108e-02 8.770274131999999251e-03
5.770000000000000000e+03 5.771000000000000000e+03 -3.262185076900000168e-03 7.625923578000000022e-03
5.771000000000000000e+03 5.772000000000000000e+03 1.463131784040000135e-03 4.702947554700000199e-03
5.772000000000000000e+03 5.773000000000000000e+03 3.763998988600000210e-03 3.836347027999999822e-03
5.773000000000000000e+03 5.774000000000000000e+03 -9.100528179999999370e-04 1.636777447599999883e-03
5.774000000000000000e+03 5.775000000000000000e+03 -4.101163962999999739e-03 1.518937509299999895e-03
5.775000000000000000e+03 5.776000000000000000e+03 1.160623572099999876e-02 1.153509886499999929e-02
5.776000000000000000e+03 5.777000000000000000e+03 -3.335287796000000003e-03 9.933570048000000749e-03
5.777000000000000000e+03 5.778000000000000000e+03 -9.694530986000000211e-03 7.680242319999999907e-03
5.778000000000000000e+03 5.779000000000000000e+03 1.632327092199999802e-02 1.071046252299999967e-02
5.779000000000000000e+03 5.780000000000000000e+03 1.055569124900000016e-02 1.207942253199999899e-02
5.780000000000000000e+03 5.781000000000000000e+03 9.847851353000001105e-04 3.798271804099999892e-03
5.781000000000000000e+03 5.782000000000000000e+03 3.902485611199999708e-03 5.727482123699999782e-03
5.782000000000000000e+03 5.783000000000000000e+03 9.327696478999999291e-03 5.112904492000000349e-03
5.783000000000000000e+03 5.784000000000000000e+03 -5.808278789999999497e-03 4.123870563599999969e-03
5.784000000000000000e+03 5.785000000000000000e+03 2.202033809199999918e-03 3.239576889499999786e-03
5.785000000000000000e+03 5.786000000000000000e+03 -2.980777650999999993e-03 1.208194498600000154e-03
5.786000000000000000e+03 5.787000000000000000e+03 -2.004610623899999791e-03 7.957791259000000783e-03
5.787000000000000000e+03 5.788000000000000000e+03 -9.290976940999999545e-03 1.087910255699999981e-02
5.788000000000000000e+03 5.789000000000000000e+03 1.557621152300000048e-02 1.250744631500000023e-02
5.789000000000000000e+03 5.790000000000000000e+03 -1.461775430899999936e-02 7.374227186999999378e-03
5.790000000000000000e+03 5.791000000000000000e+03 5.638410568999999845e-03 8.035103385999999362e-03
5.791000000000000000e+03 5.792000000000000000e+03 8.213692902000000601e-03 7.381239206999999983e-03
5.792000000000000000e+03 5.793000000000000000e+03 -2.007669405700000190e-03 6.298917841799999730e-03
5.793000000000000000e+03 5.794000000000000000e+03 -8.293183803000000673e-03 4.923207304100000146e-03
5.794000000000000000e+03 5.795000000000000000e+03 -5.086911069000000542e-03 2.987877029499999993e-03
5.795000000000000000e+03 5.796000000000000000e+03 2.258284907900000131e-03 3.292699047800000129e-03
5.796000000000000000e+03 5.797000000000000000e+03 -3.677647466699999861e-03 1.808912041099999899e-03
5.797000000000000000e+03 5.798000000000000000e+03 8.236501260000000284e-04 8.089781974999999889e-03
5.798000000000000000e+03 5.799000000000000000e+03 -8.471570654000001172e-03 1.072829684099999882e-02
5.799000000000000000e+03 5.800000000000000000e+03 -5.080113908560000488e-03 1.101284151200000033e-02
5.800000000000000000e+03 5.801000000000000000e+03 8.061197210799999832e-03 1.068808110000000165e-02
5.801000000000000000e+03 5.802000000000000000e+03 -3.820882583099999980e-03 1.028846140499999930e-02
5.802000000000000000e+03 5.803000000000000000e+03 2.404537750000000033e-04 8.824526138999999950e-03
5.803000000000000000e+03 5.804000000000000000e+03 2.024730923130000151e-02 7.702661343999999896e-03
5.804000000000000000e+03 5.805000000000000000e+03 -1.687038464900000086e-03 5.430950604100000419e-03
5.805000000000000000e+03 5.806000000000000000e+03 -5.451260507900000142e-03 3.771319316600000096e-03
5.806000000000000000e+03 5.807000000000000000e+03 -8.950628895999999642e-04 2.463803037100000242e-03
5.807000000000000000e+03 5.808000000000000000e+03 -1.905901827299999983e-03 1.287250046800000056e-03
5.808000000000000000e+03 5.809000000000000000e+03 9.350621069000000091e-03 9.748937675999999955e-03
5.809000000000000000e+03 5.810000000000000000e+03 1.786196082699999937e-02 7.486948624999999885e-03
5.810000000000000000e+03 5.811000000000000000e+03 -4.891984485999999622e-04 1.189608433199999989e-02
5.811000000000000000e+03 5.812000000000000000e+03 2.854509796999999890e-02 1.155481838499999858e-02
5.812000000000000000e+03 5.813000000000000000e+03 3.602758932600000352e-02 9.614131070000000306e-03
5.813000000000000000e+03 5.814000000000000000e+03 8.593756587999998656e-03 1.017255302800000073e-02
5.814000000000000000e+03 5.815000000000000000e+03 -2.406717299999999835e-04 7.882859004999999419e-03
5.815000000000000000e+03 5.816000000000000000e+03 1.315807791500000004e-02 5.769491206800000591e-03
5.816000000000000000e+03 5.817000000000000000e+03 -2.728247846000000140e-03 1.750171456500000146e-03
5.817000000000000000e+03 5.818000000000000000e+03 -1.545111010000000014e-04 2.067828772099999674e-03
5.818000000000000000e+03 5.819000000000000000e+03 6.028079610600000672e-03 3.318155290400000203e-03
5.819000000000000000e+03 5.820000000000000000e+03 -3.858385086000000290e-03 8.662609906000000651e-03
5.820000000000000000e+03 5.821000000000000000e+03 -3.568735919000000194e-03 6.366634627000000018e-03
5.821000000000000000e+03 5.822000000000000000e+03 1.636956827799999903e-02 9.627759204000000542e-03
5.822000000000000000e+03 5.823000000000000000e+03 2.673716015999999963e-03 5.342658148999999967e-03
5.823000000000000000e+03 5.824000000000000000e+03 1.102694278399999998e-02 8.519953987999999770e-03
5.824000000000000000e+03 5.825000000000000000e+03 1.819585048179999873e-02 9.665889104000000009e-03
5.825000000000000000e+03 5.826000000000000000e+03 1.756336979999999930e-04 7.449526855000000204e-03
5.826000000000000000e+03 5.827000000000000000e+03 -3.098553227200000117e-03 6.442639276400000115e-03
5.827000000000000000e+03 5.828000000000000000e+03 3.127752590600000032e-03 4.079521832299999769e-03
5.828000000000000000e+03 5.829000000000000000e+03 8.469107603999999996e-04 2.892673017200000224e-03
5.829000000000000000e+03 5.830000000000000000e+03 3.960899325100000236e-03 2.452888271099999944e-03
5.830000000000000000e+03 5.831000000000000000e+03 1.041533885700000016e-02 8.553323354999999711e-03
5.831000000000000000e+03 5.832000000000000000e+03 6.582856260000000473e-03 1.122361594499999941e-02
5.832000000000000000e+03 5.833000000000000000e+03 -3.160349596000000018e-03 6.733699554000000496e-03
5.833000000000000000e+03 5.834000000000000000e+03 9.484069501000001387e-03 8.116267006999999464e-03
5.834000000000000000e+03 5.835000000000000000e+03 -8.408134269700001315e-03 8.260509601999999410e-03
5.835000000000000000e+03 5.836000000000000000e+03 5.220985026000000582e-04 7.290576161000000659e-03
5.836000000000000000e+03 5.837000000000000000e+03 1.238948166510000018e-02 8.346945980000001000e-03
5.837000000000000000e+03 5.838000000000000000e+03 4.931820140700000216e-03 4.287095325700000271e-03
5.838000000000000000e+03 5.839000000000000000e+03 -1.118332688299999989e-02 3.755590498300000277e-03
5.839000000000000000e+03 5.840000000000000000e+03 -4.991453415600000457e-03 3.224097333200000130e-03
5.840000000000000000e+03 5.841000000000000000e+03 1.080523068700000016e-03 1.864035607500000172e-03
5.841000000000000000e+03 5.842000000000000000e+03 -4.722646163999999827e-03 6.885261745000000218e-03
5.842000000000000000e+03 5.843000000000000000e+03 3.924506825000000088e-03 9.272986336999999510e-03
5.843000000000000000e+03 5.844000000000000000e+03 2.148523404300000175e-02 1.105579081400000045e-02
5.844000000000000000e+03 5.845000000000000000e+03 -2.027451620000000117e-03 1.078616505299999882e-02
5.845000000000000000e+03 5.846000000000000000e+03 4.631105727000000075e-03 9.885914780000001206e-03
5.846000000000000000e+03 5.847000000000000000e+03 -9.006128448000000342e-03 7.650493890000000310e-03
5.847000000000000000e+03 5.848000000000000000e+03 -5.586176249499999642e-03 6.953445872800000614e-03
5.848000000000000000e+03 5.849000000000000000e+03 -9.716079481999999453e-04 4.750441713900000092e-03
5.849000000000000000e+03 5.850000000000000000e+03 -4.046016092999999564e-03 4.351142468500000630e-03
5.850000000000000000e+03 5.851000000000000000e+03 9.858858012160001596e-04 3.165411381000000132e-03
5.851000000000000000e+03 5.852000000000000000e+03 -1.116344213600000117e-03 2.216367534600000022e-03
5.852000000000000000e+03 5.853000000000000000e+03 -4.190539991999999900e-04 1.018677454999999954e-02
5.853000000000000000e+03 5.854000000000000000e+03 1.712406154799999899e-02 9.581072269000000599e-03
5.854000000000000000e+03 5.855000000000000000e+03 5.383379942000000341e-03 1.133029413699999932e-02
5.855000000000000000e+03 5.856000000000000000e+03 8.241025121000000730e-03 8.159627203000001383e-03
5.856000000000000000e+03 5.857000000000000000e+03 1.315501133900000112e-02 8.824802084000001046e-03
5.857000000000000000e+03 5.858000000000000000e+03 2.799771523000000109e-02 8.529839891000000340e-03
5.858000000000000000e+03 5.859000000000000000e+03 1.106051520469999994e-02 7.872671236000000280e-03
5.859000000000000000e+03 5.860000000000000000e+03 -8.287019892200001014e-03 3.864338778000000075e-03
5.860000000000000000e+03 5.861000000000000000e+03 7.041931425300000484e-03 5.101258317099999912e-03
5.861000000000000000e+03 5.862000000000000000e+03 3.678502932699999860e-03 4.215715747500000353e-03
5.862000000000000000e+03 5.863000000000000000e+03 4.679520275099999585e-03 3.431434183999999832e-03
5.863000000000000000e+03 5.864000000000000000e+03 -1.139567560999999894e-03 7.147732682999999830e-03
5.864000000000000000e+03 5.865000000000000000e+03 3.409215841999999833e-03 9.678775267999999501e-03
5.865000000000000000e+03 5.866000000000000000e+03 -5.177665706000000347e-03 5.758156046000000201e-03
5.866000000000000000e+03 5.867000000000000000e+03 3.078905623200000122e-03 9.134467532000001624e-03
5.867000000000000000e+03 5.868000000000000000e+03 -1.135591592000000051e-03 5.150395252000000181e-03
5.868000000000000000e+03 5.869000000000000000e+03 -3.556645901500000290e-03 8.123425884999998722e-03
5.869000000000000000e+03 5.870000000000000000e+03 7.497097215300000360e-03 7.751725721999999826e-03
5.870000000000000000e+03 5.871000000000000000e+03 2.209215436600000127e-03 4.751336427700000517e-03
5.871000000000000000e+03 5.872000000000000000e+03 9.104786341899999760e-03 5.016395013100000133e-03
5.872000000000000000e+03 5.873000000000000000e+03 6.470159199600000223e-03 3.351313614900000137e-03
5.873000000000000000e+03 5.874000000000000000e+03 1.843171858000000043e-03 2.373385838200000285e-03
5.874000000000000000e+03 5.875000000000000000e+03 -7.070919593999999524e-04 6.583930432999999562e-03
5.875000000000000000e+03 5.876000000000000000e+03 -4.674380692999999948e-03 9.530196782000000671e-03
5.876000000000000000e+03 5.877000000000000000e+03 8.731882989600000741e-03 6.604528042999999529e-03
5.877000000000000000e+03 5.878000000000000000e+03 1.157736390200000097e-02 9.774156444999999513e-03
5.878000000000000000e+03 5.879000000000000000e+03 -3.757963981499999671e-04 6.185546766000000508e-03
5.879000000000000000e+03 5.880000000000000000e+03 1.796711550500000240e-02 9.079104274000000807e-03
5.880000000000000000e+03 5.881000000000000000e+03 -1.724075753099999940e-03 5.785490487999999688e-03
5.881000000000000000e+03 5.882000000000000000e+03 -6.893290255999999679e-03 5.949939008800000234e-03
5.882000000000000000e+03 5.883000000000000000e+03 2.517571683399999916e-03 4.373974008300000535e-03
5.883000000000000000e+03 5.884000000000000000e+03 -1.923747982999999932e-03 3.012556913500000037e-03
5.884000000000000000e+03 5.885000000000000000e+03 2.583703734100000100e-03 1.317840416400000011e-03
5.885000000000000000e+03 5.886000000000000000e+03 -7.226956692999999925e-03 8.861398745000000424e-03
5.886000000000000000e+03 5.887000000000000000e+03 1.367707232599999975e-02 1.224679463400000015e-02
5.887000000000000000e+03 5.888000000000000000e+03 5.742593469999999686e-03 8.897723096999999789e-03
5.888000000000000000e+03 5.889000000000000000e+03 1.457027067599999878e-02 7.778790979000000695e-03
5.889000000000000000e+03 5.890000000000000000e+03 6.807894024000000002e-03 7.411740136000000319e-03
5.890000000000000000e+03 5.891000000000000000e+03 -1.696368468000000046e-02 6.826953766999999292e-03
5.891000000000000000e+03 5.892000000000000000e+03 2.924351977600000031e-03 7.432582122000000457e-03
5.892000000000000000e+03 5.893000000000000000e+03 1.651229794000000015e-03 5.690506020700000431e-03
5.893000000000000000e+03 5.894000000000000000e+03 -1.228338907200000061e-03 3.127200540799999953e-03
5.894000000000000000e+03 5.895000000000000000e+03 -1.830074964999999941e-03 2.781469913800000034e-03
5.895000000000000000e+03 5.896000000000000000e+03 1.397285752100000072e-04 1.773279270400000135e-03
5.896000000000000000e+03 5.897000000000000000e+03 1.459918380999999932e-03 9.603149315000000102e-03
5.897000000000000000e+03 5.898000000000000000e+03 9.651358184000001506e-03 9.664620435000000065e-03
5.898000000000000000e+03 5.899000000000000000e+03 8.111984528999999222e-03 8.158808289000001046e-03
5.899000000000000000e+03 5.900000000000000000e+03 3.793078699700000271e-03 9.007537511000000482e-03
5.900000000000000000e+03 5.901000000000000000e+03 6.464638050000000432e-04 8.346828056999999051e-03
5.901000000000000000e+03 5.902000000000000000e+03 9.659120950999999441e-03 7.873879315999999032e-03
5.902000000000000000e+03 5.903000000000000000e+03 5.442368022000000291e-03 5.827485460999999763e-03
5.903000000000000000e+03 5.904000000000000000e+03 5.466862737299999983e-03 4.660325529800000630e-03
5.904000000000000000e+03 5.905000000000000000e+03 1.508791934359999956e-03 4.556001615000000206e-03
5.905000000000000000e+03 5.906000000000000000e+03 -8.545780570000000324e-04 2.126537996799999705e-03
5.906000000000000000e+03 5.907000000000000000e+03 7.426921014100000638e-04 1.690544224900000086e-03
5.907000000000000000e+03 5.908000000000000000e+03 9.318965691000000509e-03 8.720763268000000096e-03
5.908000000000000000e+03 5.909000000000000000e+03 -1.062224628099999943e-02 8.890389886999999769e-03
5.909000000000000000e+03 5.910000000000000000e+03 -7.075945319999999740e-03 8.986131745999999254e-03
5.910000000000000000e+03 5.911000000000000000e+03 9.178473593999999722e-03 7.900457781999999096e-03
5.911000000000000000e+03 5.912000000000000000e+03 -5.600508611000000296e-03 8.156867929000000128e-03
5.912000000000000000e+03 5.913000000000000000e+03 1.095102416700000081e-02 8.574963652000000547e-03
5.913000000000000000e+03 5.914000000000000000e+03 7.680048182699999310e-03 5.954668846300000332e-03
5.914000000000000000e+03 5.915000000000000000e+03 -1.193020267299999991e-03 5.308193992899999311e-03
5.915000000000000000e+03 5.916000000000000000e+03 8.079946785000000293e-04 3.011119533899999767e-03
5.916000000000000000e+03 5.917000000000000000e+03 -3.472139315999999668e-04 2.465012883800000131e-03
5.917000000000000000e+03 5.918000000000000000e+03 1.649555709999999905e-05 6.435468586000000655e-04
5.918000000000000000e+03 5.919000000000000000e+03 -1.211720943899999986e-02 9.016308747999999401e-03
5.919000000000000000e+03 5.920000000000000000e+03 -3.001692404000000369e-03 9.210453404999999205e-03
5.920000000000000000e+03 5.921000000000000000e+03 -1.791820745000000017e-03 9.902141580999999568e-03
5.921000000000000000e+03 5.922000000000000000e+03 -1.367982968000000044e-03 9.741315898000001139e-03
5.922000000000000000e+03 5.923000000000000000e+03 1.438078846199999927e-02 1.100184804600000052e-02
5.923000000000000000e+03 5.924000000000000000e+03 -6.965976700999999827e-03 6.694500233999999862e-03
5.924000000000000000e+03 5.925000000000000000e+03 1.156618047999999907e-03 6.153635269899999233e-03
5.925000000000000000e+03 5.926000000000000000e+03 4.182019343800000115e-03 5.374071581799999900e-03
5.926000000000000000e+03 5.927000000000000000e+03 5.774318075999999985e-04 4.000405450800000040e-03
5.927000000000000000e+03 5.928000000000000000e+03 7.691506731999999975e-04 2.886690592299999761e-03
5.928000000000000000e+03 5.929000000000000000e+03 4.220073010000000035e-04 9.862309308999999292e-04
5.929000000000000000e+03 5.930000000000000000e+03 -8.394398931000000147e-03 7.666394707999999759e-03
5.930000000000000000e+03 5.931000000000000000e+03 3.090528970000000399e-03 7.199036058000000439e-03
5.931000000000000000e+03 5.932000000000000000e+03 -1.415650630099999849e-02 9.911654746000000266e-03
5.932000000000000000e+03 5.933000000000000000e+03 1.521075563000000123e-02 1.104881891300000044e-02
5.933000000000000000e+03 5.934000000000000000e+03 1.181569388999999899e-03 8.483782372000000724e-03
5.934000000000000000e+03 5.935000000000000000e+03 -5.077303553999999546e-03 6.576684683000000482e-03
5.935000000000000000e+03 5.936000000000000000e+03 8.326437113999999445e-03 5.889014375599999594e-03
5.936000000000000000e+03 5.937000000000000000e+03 -3.032750513600000059e-03 4.538583090599999405e-03
5.937000000000000000e+03 5.938000000000000000e+03 -6.420321747799999541e-03 3.188539507900000052e-03
5.938000000000000000e+03 5.939000000000000000e+03 -1.641625007999999986e-04 1.658986960600000032e-03
5.939000000000000000e+03 5.940000000000000000e+03 -1.265620157499999874e-03 1.464342327099999851e-03
5.940000000000000000e+03 5.941000000000000000e+03 1.684878648400000081e-02 7.780658438000000177e-03
5.941000000000000000e+03 5.942000000000000000e+03 1.976176265499999737e-02 1.159462532200000034e-02
5.942000000000000000e+03 5.943000000000000000e+03 3.552426228999999713e-02 1.022245432300000062e-02
5.943000000000000000e+03 5.944000000000000000e+03 1.242344733900000060e-02 9.787749611000000696e-03
5.944000000000000000e+03 5.945000000000000000e+03 -1.003836813200000011e-02 8.991334491999999901e-03
5.945000000000000000e+03 5.946000000000000000e+03 -5.171378499299999695e-03 5.854538553000000235e-03
5.946000000000000000e+03 5.947000000000000000e+03 -6.127364675000000066e-03 5.537697577799999965e-03
5.947000000000000000e+03 5.948000000000000000e+03 1.323547504000000159e-03 4.979093873999999517e-03
5.948000000000000000e+03 5.949000000000000000e+03 -1.054966402899999885e-02 3.984903698100000259e-03
5.949000000000000000e+03 5.950000000000000000e+03 -1.718979635699999838e-03 2.024234768899999849e-03
5.950000000000000000e+03 5.951000000000000000e+03 -9.460615473999999967e-04 1.493918771799999890e-03
5.951000000000000000e+03 5.952000000000000000e+03 1.474932322700000034e-02 7.833690629999999142e-03
5.952000000000000000e+03 5.953000000000000000e+03 -4.417195787599999604e-03 1.110941162000000058e-02
5.953000000000000000e+03 5.954000000000000000e+03 -1.507884871800000033e-02 9.245963075999999101e-03
5.954000000000000000e+03 5.955000000000000000e+03 3.808994385999999767e-03 8.624628930999999818e-03
5.955000000000000000e+03 5.956000000000000000e+03 7.440927927999999719e-03 8.020155507000000308e-03
5.956000000000000000e+03 5.957000000000000000e+03 -2.254633550799999605e-03 7.651797558300000093e-03
5.957000000000000000e+03 5.958000000000000000e+03 -2.902781375400000259e-03 5.168071509900000471e-03
5.958000000000000000e+03 5.959000000000000000e+03 -1.696420675799999861e-03 4.361949924999999721e-03
5.959000000000000000e+03 5.960000000000000000e+03 1.491983056400000016e-03 3.168349614700000094e-03
5.960000000000000000e+03 5.961000000000000000e+03 3.871027497199999896e-03 2.851268640700000117e-03
5.961000000000000000e+03 5.962000000000000000e+03 -2.041814180300000059e-03 1.141092786200000085e-03
5.962000000000000000e+03 5.963000000000000000e+03 2.665552508999999987e-02 1.049440617600000056e-02
5.963000000000000000e+03 5.964000000000000000e+03 8.818609815000000253e-04 9.280412838000001025e-03
5.964000000000000000e+03 5.965000000000000000e+03 1.049907020500000059e-02 1.018733623299999946e-02
5.965000000000000000e+03 5.966000000000000000e+03 1.241459082500000026e-02 8.668327939000000995e-03
5.966000000000000000e+03 5.967000000000000000e+03 9.901327802999999525e-03 6.335908687999999324e-03
5.967000000000000000e+03 5.968000000000000000e+03 9.234864706499999742e-03 7.146877486999999619e-03
5.968000000000000000e+03 5.969000000000000000e+03 -5.316324706200000264e-03 5.371067030700000036e-03
5.969000000000000000e+03 5.970000000000000000e+03 9.489084023999999964e-03 5.375474500799999437e-03
5.970000000000000000e+03 5.971000000000000000e+03 1.085711839060000093e-02 5.376652638000000047e-03
5.971000000000000000e+03 5.972000000000000000e+03 3.156607084540000076e-03 2.629605628299999838e-03
5.972000000000000000e+03 5.973000000000000000e+03 2.803467913999999842e-03 2.942994623700000058e-03
5.973000000000000000e+03 5.974000000000000000e+03 2.645901019599999991e-03 8.098293741000000406e-03
5.974000000000000000e+03 5.975000000000000000e+03 1.902912126000000023e-03 1.048113904599999938e-02
5.975000000000000000e+03 5.976000000000000000e+03 4.053693835000000273e-03 1.030989707099999944e-02
5.976000000000000000e+03 5.977000000000000000e+03 1.149354899699999918e-02 6.235534533000000081e-03
5.977000000000000000e+03 5.978000000000000000e+03 1.099422441600000043e-02 1.037941349799999941e-02
5.978000000000000000e+03 5.979000000000000000e+03 -1.149481007299999955e-02 8.729762332999999389e-03
5.979000000000000000e+03 5.980000000000000000e+03 5.729350439099999658e-03 5.913974528000000286e-03
5.980000000000000000e+03 5.981000000000000000e+03 -2.318094185999999834e-03 5.406871423000000204e-03
5.981000000000000000e+03 5.982000000000000000e+03 2.794289280000000005e-04 4.278319685700000298e-03
5.982000000000000000e+03 5.983000000000000000e+03 -1.213571586400000049e-03 1.256706102800000079e-03
5.983000000000000000e+03 5.984000000000000000e+03 4.109261136000000010e-04 1.804192870800000069e-03
5.984000000000000000e+03 5.985000000000000000e+03 -2.530377265000000129e-03 7.974671121000000834e-03
5.985000000000000000e+03 5.986000000000000000e+03 -1.211289324199999948e-02 8.349737741999999074e-03
5.986000000000000000e+03 5.987000000000000000e+03 3.794422327999999976e-03 1.408013203399999941e-02
5.987000000000000000e+03 5.988000000000000000e+03 2.125011082000000107e-02 9.966078648999999318e-03
5.988000000000000000e+03 5.989000000000000000e+03 2.279845855800000098e-02 1.150192764799999948e-02
5.989000000000000000e+03 5.990000000000000000e+03 3.043831276000000404e-04 6.995088437000000423e-03
5.990000000000000000e+03 5.991000000000000000e+03 -3.295968562499999952e-03 4.999840602399999862e-03
5.991000000000000000e+03 5.992000000000000000e+03 -3.590835798309999823e-03 4.706543557399999952e-03
5.992000000000000000e+03 5.993000000000000000e+03 -2.454686748000000241e-03 3.086414832400000054e-03
5.993000000000000000e+03 5.994000000000000000e+03 -1.506390069700000141e-03 1.889114105199999867e-03
5.994000000000000000e+03 5.995000000000000000e+03 4.688314433000000179e-04 1.956245556499999847e-03
5.995000000000000000e+03 5.996000000000000000e+03 8.394138355999999218e-03 1.017361140299999876e-02
5.996000000000000000e+03 5.997000000000000000e+03 1.026799521000000028e-02 1.021140580199999918e-02
5.997000000000000000e+03 5.998000000000000000e+03 5.704570867000000392e-03 9.390006080999999463e-03
5.998000000000000000e+03 5.999000000000000000e+03 -1.724149448799999892e-03 9.398303196999999859e-03
5.999000000000000000e+03 6.000000000000000000e+03 6.739570624000000391e-03 8.643853856000000002e-03
6.000000000000000000e+03 6.001000000000000000e+03 6.768062595999999390e-03 9.750900704000000502e-03
6.001000000000000000e+03 6.002000000000000000e+03 1.190773608800000001e-02 5.870459936999999906e-03
6.002000000000000000e+03 6.003000000000000000e+03 3.844443674600000332e-03 5.860270646699999864e-03
6.003000000000000000e+03 6.004000000000000000e+03 4.237110137430000201e-03 3.377893876200000010e-03
6.004000000000000000e+03 6.005000000000000000e+03 7.067674799800000018e-03 2.892773986499999703e-03
6.005000000000000000e+03 6.006000000000000000e+03 -2.524291749999999971e-05 8.074028214000000250e-04
6.006000000000000000e+03 6.007000000000000000e+03 1.075728257499999896e-02 8.003367165000000588e-03
6.007000000000000000e+03 6.008000000000000000e+03 5.474127441000000045e-03 1.034801583900000002e-02
6.008000000000000000e+03 6.009000000000000000e+03 1.306778806399999833e-02 9.033358736000000541e-03
6.009000000000000000e+03 6.010000000000000000e+03 -2.358904507999999914e-03 8.503307921999998797e-03
6.010000000000000000e+03 6.011000000000000000e+03 1.393380969699999951e-02 9.394028758999998716e-03
6.011000000000000000e+03 6.012000000000000000e+03 5.052871827000000177e-03 5.164377605799999951e-03
6.012000000000000000e+03 6.013000000000000000e+03 2.803824193999999992e-03 4.768849556199999604e-03
6.013000000000000000e+03 6.014000000000000000e+03 -7.438273489999999797e-04 5.681474175200000067e-03
6.014000000000000000e+03 6.015000000000000000e+03 -2.461932575999999876e-03 4.111776420199999942e-03
6.015000000000000000e+03 6.016000000000000000e+03 -2.229220254500000140e-03 1.931164348500000096e-03
6.016000000000000000e+03 6.017000000000000000e+03 -2.857552694900000138e-03 1.639851625499999998e-03
6.017000000000000000e+03 6.018000000000000000e+03 1.443203675900000052e-02 1.125016582500000008e-02
6.018000000000000000e+03 6.019000000000000000e+03 5.438403847000000159e-03 5.761391640999999862e-03
6.019000000000000000e+03 6.020000000000000000e+03 2.643819413600000112e-02 9.853832438999999416e-03
6.020000000000000000e+03 6.021000000000000000e+03 -9.203896455999999518e-03 6.948976366999999772e-03
6.021000000000000000e+03 6.022000000000000000e+03 -1.988156544099999729e-02 1.035095424300000108e-02
6.022000000000000000e+03 6.023000000000000000e+03 9.281421210000000230e-04 5.606163333999999478e-03
6.023000000000000000e+03 6.024000000000000000e+03 1.780048989799999995e-02 6.128501173999999913e-03
6.024000000000000000e+03 6.025000000000000000e+03 -1.341142253300000144e-03 2.637942175700000013e-03
6.025000000000000000e+03 6.026000000000000000e+03 8.211506081000000254e-04 2.497669070899999951e-03
6.026000000000000000e+03 6.027000000000000000e+03 4.890126671000000202e-03 2.464507323500000121e-03
6.027000000000000000e+03 6.028000000000000000e+03 -1.818044559600000016e-03 1.881132242299999929e-03
6.028000000000000000e+03 6.029000000000000000e+03 2.831891320000000031e-03 7.643053435999999472e-03
6.029000000000000000e+03 6.030000000000000000e+03 1.338598760100000000e-02 9.741620051000000544e-03
6.030000000000000000e+03 6.031000000000000000e+03 8.044026492000000764e-03 7.295001802000000007e-03
6.031000000000000000e+03 6.032000000000000000e+03 -6.279398190000000379e-03 8.505355733000000140e-03
6.032000000000000000e+03 6.033000000000000000e+03 3.235613313600000165e-03 9.026665863999999706e-03
6.033000000000000000e+03 6.034000000000000000e+03 4.939476142000000236e-03 7.328461676999999987e-03
6.034000000000000000e+03 6.035000000000000000e+03 1.015853133999999837e-03 4.955787335900000215e-03
6.035000000000000000e+03 6.036000000000000000e+03 5.998186218699999919e-03 4.043344910700000586e-03
6.036000000000000000e+03 6.037000000000000000e+03 1.273852098999999835e-03 3.775479085999999644e-03
6.037000000000000000e+03 6.038000000000000000e+03 -1.323241084499999836e-03 2.579956281499999962e-03
6.038000000000000000e+03 6.039000000000000000e+03 -5.877734177999999849e-04 6.343973417000000866e-04
6.039000000000000000e+03 6.040000000000000000e+03 -9.326826993999999364e-04 8.379341602000000416e-03
6.040000000000000000e+03 6.041000000000000000e+03 7.310148600000000024e-03 7.904387249000000004e-03
6.041000000000000000e+03 6.042000000000000000e+03 8.925699550999999579e-03 8.052223094999999900e-03
6.042000000000000000e+03 6.043000000000000000e+03 -1.466051910200000079e-02 6.485057480000000485e-03
6.043000000000000000e+03 6.044000000000000000e+03 1.166694552499999982e-02 8.250127378999999248e-03
6.044000000000000000e+03 6.045000000000000000e+03 -4.618725642819999228e-03 6.182450889000000276e-03
6.045000000000000000e+03 6.046000000000000000e+03 -6.115444685999999472e-04 4.400581314100000113e-03
6.046000000000000000e+03 6.047000000000000000e+03 2.186381466350000025e-02 5.531553196199999640e-03
6.047000000000000000e+03 6.048000000000000000e+03 -5.897362647999999539e-04 3.650897334100000006e-03
6.048000000000000000e+03 6.049000000000000000e+03 -2.891467939999999709e-03 1.251277260799999944e-03
6.049000000000000000e+03 6.050000000000000000e+03 -4.922031211999999909e-04 6.945623313000000429e-04
6.050000000000000000e+03 6.051000000000000000e+03 -1.373273798600000090e-03 2.705987786999999867e-03
6.051000000000000000e+03 6.052000000000000000e+03 7.421220909000000344e-03 7.908507747999999130e-03
6.052000000000000000e+03 6.053000000000000000e+03 2.190180569100000103e-03 1.033847819499999869e-02
6.053000000000000000e+03 6.054000000000000000e+03 1.415187741099999987e-02 7.770071578999999777e-03
6.054000000000000000e+03 6.055000000000000000e+03 7.972995202100000012e-03 1.019374484300000078e-02
6.055000000000000000e+03 6.056000000000000000e+03 -9.280517855999999245e-04 3.405116018500000275e-03
6.056000000000000000e+03 6.057000000000000000e+03 5.652543539999999901e-03 6.001452878300000439e-03
6.057000000000000000e+03 6.058000000000000000e+03 -9.215080435199999795e-03 4.831216807400000313e-03
6.058000000000000000e+03 6.059000000000000000e+03 3.230348325999999638e-03 3.181697155099999941e-03
6.059000000000000000e+03 6.060000000000000000e+03 -1.981454612400000183e-03 1.844969140300000039e-03
6.060000000000000000e+03 6.061000000000000000e+03 -1.504648997000000059e-03 1.340616122900000059e-03
6.061000000000000000e+03 6.062000000000000000e+03 -1.643358002399999832e-03 1.002331527899999984e-02
6.062000000000000000e+03 6.063000000000000000e+03 -4.472218742000000531e-03 6.099399340000000516e-03
6.063000000000000000e+03 6.064000000000000000e+03 7.710078675999999451e-03 1.077751087900000009e-02
6.064000000000000000e+03 6.065000000000000000e+03 -2.736586081300000205e-03 6.929311478000000322e-03
6.065000000000000000e+03 6.066000000000000000e+03 -4.014324626999999333e-03 8.106716261999999742e-03
6.066000000000000000e+03 6.067000000000000000e+03 -2.789268900000000002e-03 5.554178733000000000e-03
6.067000000000000000e+03 6.068000000000000000e+03 -3.951327624199999985e-03 5.568049991199999944e-03
6.068000000000000000e+03 6.069000000000000000e+03 9.122951370000000819e-05 4.593230601299999605e-03
6.069000000000000000e+03 6.070000000000000000e+03 -1.922313801600000066e-03 2.320317506999999835e-03
6.070000000000000000e+03 6.071000000000000000e+03 -1.561317858800000081e-03 2.962348455800000238e-03
6.071000000000000000e+03 6.072000000000000000e+03 -6.183999952000000452e-04 8.576963806999999759e-04
6.072000000000000000e+03 6.073000000000000000e+03 -4.650827195999999823e-03 7.756845386999999814e-03
6.073000000000000000e+03 6.074000000000000000e+03 5.094052127500000096e-03 7.320483160000000253e-03
6.074000000000000000e+03 6.075000000000000000e+03 1.095049916900000045e-02 9.784883355000001046e-03
6.075000000000000000e+03 6.076000000000000000e+03 -2.693600234999999916e-03 8.427288982000000206e-03
6.076000000000000000e+03 6.077000000000000000e+03 1.375844663400000063e-02 5.644993459000000394e-03
6.077000000000000000e+03 6.078000000000000000e+03 1.352859072329999982e-02 6.799895163000000027e-03
6.078000000000000000e+03 6.079000000000000000e+03 5.178602259859999869e-03 4.643573122700000132e-03
6.079000000000000000e+03 6.080000000000000000e+03 -1.258824696000000005e-03 5.855238636499999864e-03
6.080000000000000000e+03 6.081000000000000000e+03 -1.940552423599999814e-03 3.314325448700000242e-03
6.081000000000000000e+03 6.082000000000000000e+03 -1.439916922299999897e-03 2.409254669099999795e-03
6.082000000000000000e+03 6.083000000000000000e+03 4.179877396200000136e-03 2.386577673100000185e-03
6.083000000000000000e+03 6.084000000000000000e+03 -9.031993500000000483e-04 8.011345280000000194e-03
6.084000000000000000e+03 6.085000000000000000e+03 -2.898174179000000041e-03 7.496291361000000271e-03
6.085000000000000000e+03 6.086000000000000000e+03 1.295235456899999915e-02 8.577571836999999672e-03
6.086000000000000000e+03 6.087000000000000000e+03 -1.879761414899999965e-03 6.433152838000000262e-03
6.087000000000000000e+03 6.088000000000000000e+03 1.013681784000000120e-03 7.269795352000000231e-03
6.088000000000000000e+03 6.089000000000000000e+03 -2.273532011399999851e-03 7.392588630999999931e-03
6.089000000000000000e+03 6.090000000000000000e+03 -8.400363920500000109e-03 5.596750405699999799e-03
6.090000000000000000e+03 6.091000000000000000e+03 -7.764687000000000151e-05 4.037552682699999639e-03
6.091000000000000000e+03 6.092000000000000000e+03 1.129528315799999951e-03 4.082188668599999633e-03
6.092000000000000000e+03 6.093000000000000000e+03 -4.664774392999999734e-03 1.665919653399999985e-03
6.093000000000000000e+03 6.094000000000000000e+03 -3.249974305999999845e-04 1.864102794799999980e-03
6.094000000000000000e+03 6.095000000000000000e+03 9.125306555999999208e-03 8.695589538000000548e-03
6.095000000000000000e+03 6.096000000000000000e+03 1.350064908399999965e-02 8.498815346999999756e-03
6.096000000000000000e+03 6.097000000000000000e+03 3.155832341999999843e-03 8.607772539000000528e-03
6.097000000000000000e+03 6.098000000000000000e+03 1.422605827799999952e-02 8.054717835000000867e-03
6.098000000000000000e+03 6.099000000000000000e+03 6.277589655000000504e-03 7.718332900999999927e-03
6.099000000000000000e+03 6.100000000000000000e+03 5.782195325999999521e-04 7.004663232000000322e-03
6.100000000000000000e+03 6.101000000000000000e+03 6.350008170700000010e-03 5.270142355199999851e-03
6.101000000000000000e+03 6.102000000000000000e+03 -4.913649858999999788e-04 4.308111889500000451e-03
6.102000000000000000e+03 6.103000000000000000e+03 3.249765656299999968e-03 3.187792606299999845e-03
6.103000000000000000e+03 6.104000000000000000e+03 -2.432835332000000028e-04 2.282987480800000284e-03
6.104000000000000000e+03 6.105000000000000000e+03 5.853527178000000018e-03 2.444676364399999986e-03
6.105000000000000000e+03 6.106000000000000000e+03 -8.475229935999998784e-03 6.381921587999999854e-03
6.106000000000000000e+03 6.107000000000000000e+03 1.051902906700000022e-02 9.552553186000000210e-03
6.107000000000000000e+03 6.108000000000000000e+03 1.253049441999999972e-02 8.703526701999999421e-03
6.108000000000000000e+03 6.109000000000000000e+03 1.715027908000000103e-03 7.232815578999999932e-03
6.109000000000000000e+03 6.110000000000000000e+03 1.745988216500000273e-02 7.330921227000000186e-03
6.110000000000000000e+03 6.111000000000000000e+03 1.680244123370000162e-02 7.303348426999999900e-03
6.111000000000000000e+03 6.112000000000000000e+03 8.426218678999999531e-03 5.772873697300000273e-03
6.112000000000000000e+03 6.113000000000000000e+03 -6.388813354999999580e-04 4.068394745800000233e-03
6.113000000000000000e+03 6.114000000000000000e+03 -6.448397355000000126e-04 2.242528615700000241e-03
6.114000000000000000e+03 6.115000000000000000e+03 1.875810659920000047e-03 1.589998804599999926e-03
6.115000000000000000e+03 6.116000000000000000e+03 -2.345736957100000124e-03 1.705820423200000036e-03
6.116000000000000000e+03 6.117000000000000000e+03 4.262223925400000432e-03 8.736290872000000707e-03
6.117000000000000000e+03 6.118000000000000000e+03 1.555871196000000074e-02 5.881243242999999871e-03
6.118000000000000000e+03 6.119000000000000000e+03 1.070933076299999953e-02 8.446988182000000900e-03
6.119000000000000000e+03 6.120000000000000000e+03 1.289989010800000023e-02 9.168037821000001031e-03
6.120000000000000000e+03 6.121000000000000000e+03 -2.684350757700000242e-03 7.829222700999999632e-03
6.121000000000000000e+03 6.122000000000000000e+03 1.085899709999999961e-03 6.466269107999999752e-03
6.122000000000000000e+03 6.123000000000000000e+03 1.343775236499999970e-02 5.760564037999999984e-03
6.123000000000000000e+03 6.124000000000000000e+03 7.285496034300000152e-03 4.464051033300000040e-03
6.124000000000000000e+03 6.125000000000000000e+03 -6.515280977999999591e-03 2.380649575599999828e-03
6.125000000000000000e+03 6.126000000000000000e+03 -5.633355110000000041e-04 2.385705067800000106e-03
6.126000000000000000e+03 6.127000000000000000e+03 3.530446659999999712e-05 1.164631984900000054e-03
6.127000000000000000e+03 6.128000000000000000e+03 5.785661356000000415e-03 7.431401300999999904e-03
6.128000000000000000e+03 6.129000000000000000e+03 1.454692897600000021e-02 8.022017152000000470e-03
6.129000000000000000e+03 6.130000000000000000e+03 -5.963483876000000294e-03 9.298518800000000681e-03
6.130000000000000000e+03 6.131000000000000000e+03 -1.403989494999999992e-03 7.518861051999999739e-03
6.131000000000000000e+03 6.132000000000000000e+03 3.350213330100000175e-03 8.104212666000001203e-03
6.132000000000000000e+03 6.133000000000000000e+03 1.215185948700000032e-02 7.626565907000000359e-03
6.133000000000000000e+03 6.134000000000000000e+03 -6.963178157599999446e-03 4.037038113899999413e-03
6.134000000000000000e+03 6.135000000000000000e+03 -4.536099096599999735e-03 3.235618539299999624e-03
6.135000000000000000e+03 6.136000000000000000e+03 -2.774730880999999941e-03 2.463879205800000288e-03
6.136000000000000000e+03 6.137000000000000000e+03 -9.977582716999998033e-04 1.401450977300000090e-03
6.137000000000000000e+03 6.138000000000000000e+03 -1.038746920000000015e-04 3.628684557000000019e-04
6.138000000000000000e+03 6.139000000000000000e+03 -5.576504110000000134e-04 5.633792838999999997e-03
6.139000000000000000e+03 6.140000000000000000e+03 -1.206400824400000009e-02 5.330636223000000118e-03
6.140000000000000000e+03 6.141000000000000000e+03 -8.453903046999999837e-03 7.236112693000000540e-03
6.141000000000000000e+03 6.142000000000000000e+03 2.015363897100000065e-02 9.222012116999999884e-03
6.142000000000000000e+03 6.143000000000000000e+03 1.553449283799999969e-02 8.013716916000000398e-03
6.143000000000000000e+03 6.144000000000000000e+03 -4.512566635000000363e-04 5.017075339399999605e-03
6.144000000000000000e+03 6.145000000000000000e+03 5.483454234000000385e-03 5.066230513799999634e-03
6.145000000000000000e+03 6.146000000000000000e+03 8.908613489999999682e-04 2.813418791400000042e-03
6.146000000000000000e+03 6.147000000000000000e+03 1.758417998299999924e-03 2.775510748200000349e-03
6.147000000000000000e+03 6.148000000000000000e+03 -9.943193610000000942e-05 1.189169287799999881e-03
6.148000000000000000e+03 6.149000000000000000e+03 -9.438641018000000580e-04 9.180384431999999558e-04
6.149000000000000000e+03 6.150000000000000000e+03 1.064644798700000068e-02 7.006128113999999900e-03
6.150000000000000000e+03 6.151000000000000000e+03 3.783110975999999580e-04 5.838055445999999933e-03
6.151000000000000000e+03 6.152000000000000000e+03 1.501767869499999984e-02 7.174903076000000400e-03
6.152000000000000000e+03 6.153000000000000000e+03 5.109805176999999976e-03 1.103676227200000096e-02
6.153000000000000000e+03 6.154000000000000000e+03 8.946620773000001428e-03 6.615008166000000550e-03
6.154000000000000000e+03 6.155000000000000000e+03 4.865996022199999905e-04 5.694244829999999501e-03
6.155000000000000000e+03 6.156000000000000000e+03 -4.785188964199999472e-03 4.854263028000000042e-03
6.156000000000000000e+03 6.157000000000000000e+03 -1.479818710000000077e-04 4.421788907599999777e-03
6.157000000000000000e+03 6.158000000000000000e+03 -6.911733309000000049e-04 2.260736464400000395e-03
6.158000000000000000e+03 6.159000000000000000e+03 5.443451420000000357e-05 1.808643839200000042e-03
6.159000000000000000e+03 6.160000000000000000e+03 -5.209393264000000126e-04 1.112423804000000011e-03
6.160000000000000000e+03 6.161000000000000000e+03 3.162214805000000250e-03 9.638566093999999945e-03
6.161000000000000000e+03 6.162000000000000000e+03 2.560708301600000264e-03 3.711604495999999611e-03
6.162000000000000000e+03 6.163000000000000000e+03 9.120170820000000553e-03 8.372562626000000160e-03
6.163000000000000000e+03 6.164000000000000000e+03 8.752456381999999813e-03 7.839964803999999871e-03
6.164000000000000000e+03 6.165000000000000000e+03 2.835492183690000063e-03 6.596735787999999726e-03
6.165000000000000000e+03 6.166000000000000000e+03 1.408541522799999952e-02 6.888776744000000597e-03
6.166000000000000000e+03 6.167000000000000000e+03 -6.261099118999999963e-03 4.448344365400000097e-03
6.167000000000000000e+03 6.168000000000000000e+03 -3.959121624000000450e-03 4.173686654000000225e-03
6.168000000000000000e+03 6.169000000000000000e+03 9.830203969999999625e-04 3.422589046600000087e-03
6.169000000000000000e+03 6.170000000000000000e+03 4.024511366199999725e-03 2.325484762500000264e-03
6.170000000000000000e+03 6.171000000000000000e+03 -1.648022460600000053e-03 8.333702796999999758e-04
6.171000000000000000e+03 6.172000000000000000e+03 4.851547323999999897e-03 7.406120006000000387e-03
6.172000000000000000e+03 6.173000000000000000e+03 1.125399009000000068e-02 5.434940343000000014e-03
6.173000000000000000e+03 6.174000000000000000e+03 -1.442599438750000011e-03 6.920519061000000166e-03
6.174000000000000000e+03 6.175000000000000000e+03 1.406244802700000116e-02 8.415483648000000524e-03
6.175000000000000000e+03 6.176000000000000000e+03 1.659287288999999888e-03 6.006510886999999986e-03
6.176000000000000000e+03 6.177000000000000000e+03 7.186071183999999737e-03 5.183541163399999971e-03
6.177000000000000000e+03 6.178000000000000000e+03 1.574968023299999978e-02 5.947695373899999742e-03
6.178000000000000000e+03 6.179000000000000000e+03 -3.084740916400000033e-03 3.375832891099999830e-03
6.179000000000000000e+03 6.180000000000000000e+03 -2.365497673610000070e-03 2.632934694899999924e-03
6.180000000000000000e+03 6.181000000000000000e+03 -2.747435768200000034e-03 1.876551731399999983e-03
6.181000000000000000e+03 6.182000000000000000e+03 9.085455930999999626e-04 5.441837873000000998e-04
6.182000000000000000e+03 6.183000000000000000e+03 1.948190233899999881e-03 5.613513237999999579e-03
6.183000000000000000e+03 6.184000000000000000e+03 3.532807748999999831e-03 7.628266847999999947e-03
6.184000000000000000e+03 6.185000000000000000e+03 -4.223897612000000051e-03 8.489317681000000879e-03
6.185000000000000000e+03 6.186000000000000000e+03 3.692259539999999830e-03 6.078110531000000330e-03
6.186000000000000000e+03 6.187000000000000000e+03 2.104462055099999736e-03 7.803899438999999973e-03
6.187000000000000000e+03 6.188000000000000000e+03 4.856304066999999822e-04 5.065503529999999463e-03
6.188000000000000000e+03 6.189000000000000000e+03 1.619917596829999890e-02 7.342974335999999901e-03
6.189000000000000000e+03 6.190000000000000000e+03 1.636645127999999971e-04 3.918726450400000262e-03
6.190000000000000000e+03 6.191000000000000000e+03 5.860489811599999856e-03 3.438288808700000043e-03
6.191000000000000000e+03 6.192000000000000000e+03 9.191097675999999319e-04 2.301758378799999716e-03
6.192000000000000000e+03 6.193000000000000000e+03 8.446183902000000202e-04 8.425260723000000968e-04
6.193000000000000000e+03 6.194000000000000000e+03 6.558734345000000014e-03 7.614310764000000419e-03
6.194000000000000000e+03 6.195000000000000000e+03 2.314626208999999944e-04 6.065864978000000234e-03
6.195000000000000000e+03 6.196000000000000000e+03 7.711338212999999456e-03 8.446287606000000420e-03
6.196000000000000000e+03 6.197000000000000000e+03 1.298746944200000059e-02 7.263681551000000097e-03
6.197000000000000000e+03 6.198000000000000000e+03 1.168320224799999918e-02 6.477230276999999814e-03
6.198000000000000000e+03 6.199000000000000000e+03 7.322759073900000568e-03 6.219156772999999937e-03
6.199000000000000000e+03 6.200000000000000000e+03 1.333775120000000106e-02 6.908212642999999979e-03
6.200000000000000000e+03 6.201000000000000000e+03 2.876055021600000192e-03 4.269792711700000701e-03
6.201000000000000000e+03 6.202000000000000000e+03 -5.271543162800000105e-03 3.688911846300000144e-03
6.202000000000000000e+03 6.203000000000000000e+03 -9.643940285999999008e-04 1.908226097299999934e-03
6.203000000000000000e+03 6.204000000000000000e+03 -3.435149617999999996e-04 3.144814861999999924e-04
6.204000000000000000e+03 6.205000000000000000e+03 9.874849994999999707e-04 6.218176179000000324e-03
6.205000000000000000e+03 6.206000000000000000e+03 -1.167398536700000114e-02 9.397874304000001025e-03
6.206000000000000000e+03 6.207000000000000000e+03 5.587671808000000025e-03 7.144543318000000191e-03
6.207000000000000000e+03 6.208000000000000000e+03 3.512022993399999907e-03 9.000251667999999844e-03
6.208000000000000000e+03 6.209000000000000000e+03 6.825673641000000458e-03 6.587325593000000444e-03
6.209000000000000000e+03 6.210000000000000000e+03 2.652189554300000106e-03 5.970539209999999562e-03
6.210000000000000000e+03 6.211000000000000000e+03 6.820042027000000444e-03 4.673130052500000173e-03
6.211000000000000000e+03 6.212000000000000000e+03 1.092432771399999818e-03 2.876906553599999864e-03
6.212000000000000000e+03 6.213000000000000000e+03 -1.031125198499999998e-03 2.224020307199999977e-03
6.213000000000000000e+03 6.214000000000000000e+03 6.531382499000000464e-04 1.484616668700000121e-03
6.214000000000000000e+03 6.215000000000000000e+03 3.525066219999999702e-05 9.924054890000000208e-04
6.215000000000000000e+03 6.216000000000000000e+03 1.140060056099999851e-02 8.190753460000000166e-03
6.216000000000000000e+03 6.217000000000000000e+03 1.044963037999999990e-02 5.352633069000000028e-03
6.217000000000000000e+03 6.218000000000000000e+03 1.010963945600000004e-02 6.689438421999999856e-03
6.218000000000000000e+03 6.219000000000000000e+03 1.782098299199999861e-02 6.797397192000000261e-03
6.219000000000000000e+03 6.220000000000000000e+03 6.336905873999999425e-03 5.621881611000000174e-03
6.220000000000000000e+03 6.221000000000000000e+03 2.722800635199999850e-03 5.447803848999999837e-03
6.221000000000000000e+03 6.222000000000000000e+03 1.014549060819999911e-02 5.482281376900000232e-03
6.222000000000000000e+03 6.223000000000000000e+03 1.302069165000000091e-03 3.508823821999999641e-03
6.223000000000000000e+03 6.224000000000000000e+03 -2.546537923999999970e-03 2.609105623900000257e-03
6.224000000000000000e+03 6.225000000000000000e+03 2.249953782800000017e-03 1.613525869900000109e-03
6.225000000000000000e+03 6.226000000000000000e+03 2.278724370699999977e-03 1.786174060799999982e-03
6.226000000000000000e+03 6.227000000000000000e+03 -5.822057249000000580e-03 6.420522873000000103e-03
6.227000000000000000e+03 6.228000000000000000e+03 1.437111882399999888e-02 8.883536418000000101e-03
6.228000000000000000e+03 6.229000000000000000e+03 -1.328731053000000101e-03 9.423047133999998964e-03
6.229000000000000000e+03 6.230000000000000000e+03 9.065807554999999462e-03 6.975485517000000121e-03
6.230000000000000000e+03 6.231000000000000000e+03 1.017716673199999975e-03 7.872022847000000739e-03
6.231000000000000000e+03 6.232000000000000000e+03 2.582946641200000240e-02 1.002152749700000074e-02
6.232000000000000000e+03 6.233000000000000000e+03 7.729602889999999393e-03 6.250804805899999941e-03
6.233000000000000000e+03 6.234000000000000000e+03 -3.529860539599999781e-03 2.878946455899999892e-03
6.234000000000000000e+03 6.235000000000000000e+03 9.115095119500000315e-03 3.192944675699999936e-03
6.235000000000000000e+03 6.236000000000000000e+03 -3.883302491000000032e-04 1.291624214500000124e-03
6.236000000000000000e+03 6.237000000000000000e+03 -1.104755696740000129e-03 7.888907100000000809e-04
6.237000000000000000e+03 6.238000000000000000e+03 8.294276920999999955e-03 8.697286444999998908e-03
6.238000000000000000e+03 6.239000000000000000e+03 4.307290699000000320e-03 6.626260047999999944e-03
6.239000000000000000e+03 6.240000000000000000e+03 5.229379802000000410e-03 7.400505118999999889e-03
6.240000000000000000e+03 6.241000000000000000e+03 -8.769986116399999462e-03 5.228252065000000247e-03
6.241000000000000000e+03 6.242000000000000000e+03 4.685439954999999664e-03 7.002558832999999580e-03
6.242000000000000000e+03 6.243000000000000000e+03 4.221061525999999543e-03 5.800881600999999686e-03
6.243000000000000000e+03 6.244000000000000000e+03 -1.194183849499999995e-03 4.963574404199999970e-03
6.244000000000000000e+03 6.245000000000000000e+03 3.361962270100000115e-03 4.250810957599999995e-03
6.245000000000000000e+03 6.246000000000000000e+03 5.184859063999999306e-04 3.174958855999999909e-03
6.246000000000000000e+03 6.247000000000000000e+03 2.701375415899999986e-03 2.601257575700000307e-03
6.247000000000000000e+03 6.248000000000000000e+03 -4.956581177999999557e-04 6.288472193999999904e-04
6.248000000000000000e+03 6.249000000000000000e+03 4.171693241000000094e-03 7.276257086000000041e-03
6.249000000000000000e+03 6.250000000000000000e+03 -1.281695170900000111e-02 8.019875834000000231e-03
6.250000000000000000e+03 6.251000000000000000e+03 -9.846855723999999119e-04 5.682321643999999755e-03
6.251000000000000000e+03 6.252000000000000000e+03 1.634026836199999749e-02 7.979819375000000645e-03
6.252000000000000000e+03 6.253000000000000000e+03 -1.857209186600000065e-03 5.754397066000000241e-03
6.253000000000000000e+03 6.254000000000000000e+03 6.052332910000000812e-05 4.069852622999999350e-03
6.254000000000000000e+03 6.255000000000000000e+03 5.950451013500000427e-03 4.922512517000000518e-03
6.255000000000000000e+03 6.256000000000000000e+03 1.714520770999999931e-04 3.532360030299999936e-03
6.256000000000000000e+03 6.257000000000000000e+03 1.668446232100000105e-03 2.397649413399999957e-03
6.257000000000000000e+03 6.258000000000000000e+03 1.615645284400000050e-03 1.762324929399999894e-03
6.258000000000000000e+03 6.259000000000000000e+03 -8.642644825000000280e-04 8.498984257000000717e-04
6.259000000000000000e+03 6.260000000000000000e+03 3.760291395699999917e-03 5.860999252000000277e-03
6.260000000000000000e+03 6.261000000000000000e+03 1.031797232900000076e-02 5.900433537999999652e-03
6.261000000000000000e+03 6.262000000000000000e+03 1.642022609000000095e-03 7.311869200999999985e-03
6.262000000000000000e+03 6.263000000000000000e+03 -4.090929653499999867e-03 6.826610438000000301e-03
6.263000000000000000e+03 6.264000000000000000e+03 -6.113256844000000169e-03 7.696052083999999766e-03
6.264000000000000000e+03 6.265000000000000000e+03 2.326494805999999946e-03 7.533675313000000144e-03
6.265000000000000000e+03 6.266000000000000000e+03 4.369087549499999987e-03 4.759967139999999805e-03
6.266000000000000000e+03 6.267000000000000000e+03 4.592687500640000621e-03 4.859107130000000010e-03
6.267000000000000000e+03 6.268000000000000000e+03 9.885418460100000183e-04 2.831926006499999992e-03
6.268000000000000000e+03 6.269000000000000000e+03 2.570687068000000373e-04 1.548407786800000061e-03
6.269000000000000000e+03 6.270000000000000000e+03 -2.552776359999999817e-05 1.302004276299999859e-03
6.270000000000000000e+03 6.271000000000000000e+03 -1.705012977900000060e-02 7.769439361000000238e-03
6.271000000000000000e+03 6.272000000000000000e+03 7.559390543999999594e-03 4.961139290000000403e-03
6.272000000000000000e+03 6.273000000000000000e+03 -1.415938015300000075e-02 8.236351389000000009e-03
6.273000000000000000e+03 6.274000000000000000e+03 1.615915766999999857e-03 8.215245407999999597e-03
6.274000000000000000e+03 6.275000000000000000e+03 4.834256953000000412e-03 5.528422279999999599e-03
6.275000000000000000e+03 6.276000000000000000e+03 6.234521219999999801e-03 5.467373236000000122e-03
6.276000000000000000e+03 6.277000000000000000e+03 -5.256609631200000014e-03 5.347481283300000061e-03
6.277000000000000000e+03 6.278000000000000000e+03 4.838929134999999521e-03 4.064056614999999630e-03
6.278000000000000000e+03 6.279000000000000000e+03 4.834706759199999988e-03 3.121491095399999641e-03
6.279000000000000000e+03 6.280000000000000000e+03 -7.638807667000000216e-04 1.751841710600000141e-03
6.280000000000000000e+03 6.281000000000000000e+03 2.067630052691999624e-03 1.581039727999999922e-03
6.281000000000000000e+03 6.282000000000000000e+03 -1.847082616000000031e-03 6.001898330999999413e-03
6.282000000000000000e+03 6.283000000000000000e+03 3.053378282999999992e-03 9.570281485999998852e-03
6.283000000000000000e+03 6.284000000000000000e+03 8.966419578000000071e-03 7.886330557999999061e-03
6.284000000000000000e+03 6.285000000000000000e+03 2.129138889699999908e-03 7.636889612000000160e-03
6.285000000000000000e+03 6.286000000000000000e+03 1.012938563899999991e-02 5.418772263999999464e-03
6.286000000000000000e+03 6.287000000000000000e+03 4.719203287700000048e-03 5.882255209699999848e-03
6.287000000000000000e+03 6.288000000000000000e+03 -1.799589762799999907e-03 4.968754614099999724e-03
6.288000000000000000e+03 6.289000000000000000e+03 9.392291774420000877e-04 3.510828157399999844e-03
6.289000000000000000e+03 6.290000000000000000e+03 -2.069409914300000212e-03 2.542619936399999944e-03
6.290000000000000000e+03 6.291000000000000000e+03 -2.586851327599999899e-03 2.317478320300000050e-03
6.291000000000000000e+03 6.292000000000000000e+03 -1.031907808599999985e-03 9.588905410000000094e-04
6.292000000000000000e+03 6.293000000000000000e+03 6.414342598000000173e-03 8.317388427999998501e-03
6.293000000000000000e+03 6.294000000000000000e+03 3.679186856000000137e-03 8.529177195999999850e-03
6.294000000000000000e+03 6.295000000000000000e+03 3.647016598000000099e-03 8.113921175000000235e-03
6.295000000000000000e+03 6.296000000000000000e+03 1.862788175100000068e-02 7.543227501000000605e-03
6.296000000000000000e+03 6.297000000000000000e+03 9.240681659999999903e-04 5.877730377000000075e-03
6.297000000000000000e+03 6.298000000000000000e+03 -1.807440808299999851e-03 5.992292857000000236e-03
6.298000000000000000e+03 6.299000000000000000e+03 1.388207373219999853e-02 5.665528221199999694e-03
6.299000000000000000e+03 6.300000000000000000e+03 -1.969603869499999670e-03 9.089886642000000183e-04
6.300000000000000000e+03 6.301000000000000000e+03 3.278579311999999836e-03 3.158646805499999797e-03
6.301000000000000000e+03 6.302000000000000000e+03 -2.860608418899999918e-03 1.564320563299999864e-03
6.302000000000000000e+03 6.303000000000000000e+03 -1.254941700799999931e-03 1.344307296499999997e-03
6.303000000000000000e+03 6.304000000000000000e+03 1.284216963999999859e-04 6.663476028000000530e-03
6.304000000000000000e+03 6.305000000000000000e+03 -1.011916567499999975e-03 6.967558249000000738e-03
6.305000000000000000e+03 6.306000000000000000e+03 6.218499776999999659e-03 6.313945837000000186e-03
6.306000000000000000e+03 6.307000000000000000e+03 5.029247590100000692e-03 7.690822138000000252e-03
6.307000000000000000e+03 6.308000000000000000e+03 3.129256038999999809e-03 6.088151852000000044e-03
6.308000000000000000e+03 6.309000000000000000e+03 3.321857112499999876e-03 4.315352130000000078e-03
6.309000000000000000e+03 6.310000000000000000e+03 -2.243337857199999980e-03 4.557445095499999647e-03
6.310000000000000000e+03 6.311000000000000000e+03 -1.477181393999999880e-03 2.976950364100000058e-03
6.311000000000000000e+03 6.312000000000000000e+03 -1.533621675999999995e-04 1.923874528799999995e-03
6.312000000000000000e+03 6.313000000000000000e+03 1.248900475099999977e-03 1.790834692799999923e-03
6.313000000000000000e+03 6.314000000000000000e+03 4.091573518700000419e-04 1.166624610899999860e-03
6.314000000000000000e+03 6.315000000000000000e+03 -6.982361289999999734e-05 4.625064197999999988e-03
6.315000000000000000e+03 6.316000000000000000e+03 -5.081606437999999781e-03 5.111218530999999884e-03
6.316000000000000000e+03 6.317000000000000000e+03 -2.984378947400000235e-03 4.540664655999999792e-03
6.317000000000000000e+03 6.318000000000000000e+03 1.029120466900000121e-02 5.701160535000000286e-03
6.318000000000000000e+03 6.319000000000000000e+03 9.778222180000000624e-03 7.979884919000000687e-03
6.319000000000000000e+03 6.320000000000000000e+03 4.456526305400000144e-03 5.791799091999999885e-03
6.320000000000000000e+03 6.321000000000000000e+03 -1.810227131000000100e-03 5.534773443999999737e-03
6.321000000000000000e+03 6.322000000000000000e+03 6.459948760399999990e-03 4.481213231099999764e-03
6.322000000000000000e+03 6.323000000000000000e+03 1.946674819000000051e-04 2.769716841399999779e-03
6.323000000000000000e+03 6.324000000000000000e+03 -2.279632048099999864e-03 1.458987198400000119e-03
6.324000000000000000e+03 6.325000000000000000e+03 -4.883773388099999294e-04 3.829681699000000170e-04
6.325000000000000000e+03 6.326000000000000000e+03 -4.140372447999999747e-03 6.124458420000000215e-03
6.326000000000000000e+03 6.327000000000000000e+03 1.354860037999999940e-02 6.712651913999999852e-03
6.327000000000000000e+03 6.328000000000000000e+03 1.158373218000000038e-02 7.020634090999999626e-03
6.328000000000000000e+03 6.329000000000000000e+03 1.515443580500000064e-03 6.342593472999999947e-03
6.329000000000000000e+03 6.330000000000000000e+03 1.031582696999999889e-02 7.203798542000000409e-03
6.330000000000000000e+03 6.331000000000000000e+03 -1.000631710000000072e-03 4.550312315400000321e-03
6.331000000000000000e+03 6.332000000000000000e+03 1.313424690499999945e-03 3.223532199299999988e-03
6.332000000000000000e+03 6.333000000000000000e+03 -5.174127613450000586e-03 3.591315896000000195e-03
6.333000000000000000e+03 6.334000000000000000e+03 -2.634953969199999978e-03 1.690622173599999958e-03
6.334000000000000000e+03 6.335000000000000000e+03 -1.241044886800000144e-03 1.633026471699999902e-03
6.335000000000000000e+03 6.336000000000000000e+03 9.316851767000000313e-04 1.035235183899999847e-03
6.336000000000000000e+03 6.337000000000000000e+03 1.176416460299999946e-03 7.354732819999999435e-03
6.337000000000000000e+03 6.338000000000000000e+03 -5.183244619000000608e-03 5.202894336999999529e-03
6.338000000000000000e+03 6.339000000000000000e+03 7.222760739000000461e-04 7.728094514000000137e-03
6.339000000000000000e+03 6.340000000000000000e+03 -2.748576475999999803e-03 5.143128240999999753e-03
6.340000000000000000e+03 6.341000000000000000e+03 -2.807248471400000233e-03 5.750876234000000184e-03
6.341000000000000000e+03 6.342000000000000000e+03 -1.633435004500000121e-03 5.989713970999999831e-03
6.342000000000000000e+03 6.343000000000000000e+03 2.162370651999999827e-03 3.941397460000000026e-03
6.343000000000000000e+03 6.344000000000000000e+03 -1.114328621799999877e-03 4.417388101999999983e-03
6.344000000000000000e+03 6.345000000000000000e+03 -1.153522663000000094e-03 1.763464634600000113e-03
6.345000000000000000e+03 6.346000000000000000e+03 1.345168943710000004e-03 1.457962996899999980e-03
6.346000000000000000e+03 6.347000000000000000e+03 -7.510672052000000147e-04 1.009428057600000005e-03
6.347000000000000000e+03 6.348000000000000000e+03 -8.062823582000000489e-03 6.778196642000000258e-03
6.348000000000000000e+03 6.349000000000000000e+03 -2.184394670000000017e-03 5.374255231000000035e-03
6.349000000000000000e+03 6.350000000000000000e+03 1.186933345900000047e-02 6.477437558000000324e-03
6.350000000000000000e+03 6.351000000000000000e+03 3.726156109999999994e-03 5.893923707999999470e-03
6.351000000000000000e+03 6.352000000000000000e+03 6.205838636500000255e-03 7.302179164999999562e-03
6.352000000000000000e+03 6.353000000000000000e+03 9.437803435999999810e-03 5.242493036199999575e-03
6.353000000000000000e+03 6.354000000000000000e+03 1.201023350699999964e-02 4.993632001900000575e-03
6.354000000000000000e+03 6.355000000000000000e+03 5.615931284099999823e-03 3.254264524200000015e-03
6.355000000000000000e+03 6.356000000000000000e+03 4.426471819000000162e-03 2.608199508199999725e-03
6.356000000000000000e+03 6.357000000000000000e+03 1.438863619999999877e-04 1.695852439599999928e-03
6.357000000000000000e+03 6.358000000000000000e+03 2.320727830700000075e-04 3.297643864999999963e-04
6.358000000000000000e+03 6.359000000000000000e+03 3.901289234999999987e-03 4.517466085000000457e-03
6.359000000000000000e+03 6.360000000000000000e+03 1.930859669199999976e-02 6.231613278999999748e-03
6.360000000000000000e+03 6.361000000000000000e+03 1.173429178000000078e-03 5.512229552999999525e-03
6.361000000000000000e+03 6.362000000000000000e+03 1.212245120800000027e-02 6.045018313000000143e-03
6.362000000000000000e+03 6.363000000000000000e+03 9.046112009999999993e-04 6.492939831000000238e-03
6.363000000000000000e+03 6.364000000000000000e+03 -1.792375661700000046e-03 4.865217999999999279e-03
6.364000000000000000e+03 6.365000000000000000e+03 2.063819193100000123e-03 4.497191531500000471e-03
6.365000000000000000e+03 6.366000000000000000e+03 -1.430608472999999941e-03 3.558136997099999727e-03
6.366000000000000000e+03 6.367000000000000000e+03 -5.805583968000000046e-03 3.614129395699999889e-03
6.367000000000000000e+03 6.368000000000000000e+03 -1.676321735000000030e-03 1.422191831200000055e-03
6.368000000000000000e+03 6.369000000000000000e+03 8.999430601000000087e-04 6.505152069999999877e-04
6.369000000000000000e+03 6.370000000000000000e+03 -7.528523570000000180e-04 5.962479611999999853e-03
6.370000000000000000e+03 6.371000000000000000e+03 8.172094704000000195e-03 6.273485326999999646e-03
6.371000000000000000e+03 6.372000000000000000e+03 -1.124839841300000025e-02 7.050232025000000360e-03
6.372000000000000000e+03 6.373000000000000000e+03 -1.028692119200000019e-02 5.583145900999999731e-03
6.373000000000000000e+03 6.374000000000000000e+03 -7.066662155999999841e-04 5.183841915000000043e-03
6.374000000000000000e+03 6.375000000000000000e+03 4.433372490000000304e-03 5.193651239299999604e-03
6.375000000000000000e+03 6.376000000000000000e+03 9.085722103000000091e-03 5.847407411999999867e-03
6.376000000000000000e+03 6.377000000000000000e+03 1.403675345400000113e-03 2.391547418800000265e-03
6.377000000000000000e+03 6.378000000000000000e+03 -8.715826906999999931e-04 3.132831899100000164e-03
6.378000000000000000e+03 6.379000000000000000e+03 1.373856760099999991e-03 1.533003125699999901e-03
6.379000000000000000e+03 6.380000000000000000e+03 5.897966874999999252e-04 6.295097306999999573e-04
6.380000000000000000e+03 6.381000000000000000e+03 4.767950108999999964e-03 9.312391502000000321e-03
6.381000000000000000e+03 6.382000000000000000e+03 1.656565312099999784e-02 5.912325401999999654e-03
6.382000000000000000e+03 6.383000000000000000e+03 -7.665539539999999871e-04 3.211533612000000079e-03
6.383000000000000000e+03 6.384000000000000000e+03 1.631170326899999967e-02 5.395599549999999592e-03
6.384000000000000000e+03 6.385000000000000000e+03 6.474445937800000529e-03 5.729455819999999810e-03
6.385000000000000000e+03 6.386000000000000000e+03 6.931227374999999677e-03 6.088121624000000266e-03
6.386000000000000000e+03 6.387000000000000000e+03 6.625972522999999963e-05 4.126472138899999961e-03
6.387000000000000000e+03 6.388000000000000000e+03 7.988571713000000487e-04 3.337673602600000049e-03
6.388000000000000000e+03 6.389000000000000000e+03 -9.766492057000000088e-04 1.528196920099999991e-03
6.389000000000000000e+03 6.390000000000000000e+03 1.274665163800000169e-03 1.458367378699999871e-03
6.390000000000000000e+03 6.391000000000000000e+03 1.756815465899999899e-03 1.135874344699999922e-03
6.391000000000000000e+03 6.392000000000000000e+03 5.312981074000000178e-03 6.863705704000000116e-03
6.392000000000000000e+03 6.393000000000000000e+03 -4.550197910000000124e-04 6.172547618999999278e-03
6.393000000000000000e+03 6.394000000000000000e+03 -5.157596843000000070e-03 8.637843531000000130e-03
6.394000000000000000e+03 6.395000000000000000e+03 1.188977632000000074e-04 4.787849330000000687e-03
6.395000000000000000e+03 6.396000000000000000e+03 -5.773242848099999561e-03 6.100291905000000160e-03
6.396000000000000000e+03 6.397000000000000000e+03 4.597893055400000158e-03 4.964220846999999742e-03
6.397000000000000000e+03 6.398000000000000000e+03 9.339672366700000478e-03 5.180884530300000276e-03
6.398000000000000000e+03 6.399000000000000000e+03 8.468455002499999940e-03 3.554307731900000281e-03
6.399000000000000000e+03 6.400000000000000000e+03 1.555005012400000010e-03 1.422582908599999852e-03
6.400000000000000000e+03 6.401000000000000000e+03 1.417644420399999990e-03 1.466874566399999991e-03
6.401000000000000000e+03 6.402000000000000000e+03 1.080499611400000028e-03 1.238974126000000038e-03
6.402000000000000000e+03 6.403000000000000000e+03 7.882810897999999525e-03 5.447939433000000171e-03
6.403000000000000000e+03 6.404000000000000000e+03 1.509414990099999972e-02 6.128359983999999427e-03
6.404000000000000000e+03 6.405000000000000000e+03 8.678601089999999837e-03 7.441061411000000209e-03
6.405000000000000000e+03 6.406000000000000000e+03 -3.469911801099999707e-03 4.407628904999999660e-03
6.406000000000000000e+03 6.407000000000000000e+03 -4.701000710399999560e-03 5.806565793999999940e-03
6.407000000000000000e+03 6.408000000000000000e+03 4.361345811000000641e-03 4.328752199799999409e-03
6.408000000000000000e+03 6.409000000000000000e+03 1.346434181000000013e-03 2.889368967099999706e-03
6.409000000000000000e+03 6.410000000000000000e+03 -2.134348326000000157e-04 2.901138005199999873e-03
6.410000000000000000e+03 6.411000000000000000e+03 1.133135309099999894e-03 2.633628226300000277e-03
6.411000000000000000e+03 6.412000000000000000e+03 -1.136853007200000097e-03 1.110707924100000138e-03
6.412000000000000000e+03 6.413000000000000000e+03 1.501917122079999938e-03 7.766946573999999708e-04
6.413000000000000000e+03 6.414000000000000000e+03 -4.529270020400000436e-03 5.245358852000000377e-03
6.414000000000000000e+03 6.415000000000000000e+03 -3.209469041000000112e-04 4.370463315000000688e-03
6.415000000000000000e+03 6.416000000000000000e+03 1.053527103299999913e-02 7.904178898000000300e-03
6.416000000000000000e+03 6.417000000000000000e+03 1.547748372799999904e-02 7.225029342999999930e-03
6.417000000000000000e+03 6.418000000000000000e+03 2.579432421000000045e-03 6.246652113999999652e-03
6.418000000000000000e+03 6.419000000000000000e+03 2.040385004000000013e-03 5.879422852400000010e-03
6.419000000000000000e+03 6.420000000000000000e+03 8.054328656000000336e-03 4.841563726999999380e-03
6.420000000000000000e+03 6.421000000000000000e+03 3.448868980999999991e-04 3.473007879699999655e-03
6.421000000000000000e+03 6.422000000000000000e+03 -2.091789564099999933e-03 2.573591180100000091e-03
6.422000000000000000e+03 6.423000000000000000e+03 -8.980047439999999713e-05 1.994755158400000113e-03
6.423000000000000000e+03 6.424000000000000000e+03 -1.058259915900000136e-03 5.046034960000000307e-04
6.424000000000000000e+03 6.425000000000000000e+03 1.493439828399999864e-02 8.423554652999999323e-03
6.425000000000000000e+03 6.426000000000000000e+03 -5.918725839999999577e-04 3.641775608000000046e-03
6.426000000000000000e+03 6.427000000000000000e+03 -1.055200304999999927e-03 7.447325321999999879e-03
6.427000000000000000e+03 6.428000000000000000e+03 1.058376850000000072e-05 5.208434443999999594e-03
6.428000000000000000e+03 6.429000000000000000e+03 9.914558662000000355e-03 5.887722649999999752e-03
6.429000000000000000e+03 6.430000000000000000e+03 1.319660809089999963e-02 4.869525918100000086e-03
6.430000000000000000e+03 6.431000000000000000e+03 8.395045916000000094e-03 4.908823616300000275e-03
6.431000000000000000e+03 6.432000000000000000e+03 4.429470557499999746e-03 3.188945762399999790e-03
6.432000000000000000e+03 6.433000000000000000e+03 4.561523323500000712e-03 1.926191860400000002e-03
6.433000000000000000e+03 6.434000000000000000e+03 7.977877629999999840e-05 2.026770275600000074e-03
6.434000000000000000e+03 6.435000000000000000e+03 3.905646698999999840e-04 8.956619268000000963e-04
6.435000000000000000e+03 6.436000000000000000e+03 1.457869544300000129e-03 5.338192914000000101e-03
6.436000000000000000e+03 6.437000000000000000e+03 -8.149594048000001131e-03 4.881891729000000305e-03
6.437000000000000000e+03 6.438000000000000000e+03 9.237020336999999387e-03 5.836922476999999859e-03
6.438000000000000000e+03 6.439000000000000000e+03 3.777440435999999957e-03 6.172048537999999876e-03
6.439000000000000000e+03 6.440000000000000000e+03 -4.678020261000000006e-03 6.601755065000000124e-03
6.440000000000000000e+03 6.441000000000000000e+03 1.391037808999999936e-03 4.355021055399999411e-03
6.441000000000000000e+03 6.442000000000000000e+03 1.372647840299999998e-03 4.581884746600000183e-03
6.442000000000000000e+03 6.443000000000000000e+03 8.640007262349999476e-04 3.494069006299999839e-03
6.443000000000000000e+03 6.444000000000000000e+03 -2.926275822400000413e-03 1.707964467700000006e-03
6.444000000000000000e+03 6.445000000000000000e+03 1.648300974339999853e-03 8.395683764999999684e-04
6.445000000000000000e+03 6.446000000000000000e+03 -7.480796216700000018e-04 7.566183095999999596e-04
6.446000000000000000e+03 6.447000000000000000e+03 8.007017312000000876e-04 6.856482598999999456e-03
6.447000000000000000e+03 6.448000000000000000e+03 -2.591959741269999826e-03 3.955201073999999907e-03
6.448000000000000000e+03 6.449000000000000000e+03 -1.160878385600000017e-03 6.448157072000000080e-03
6.449000000000000000e+03 6.450000000000000000e+03 5.060613880000000217e-03 5.409528874000000230e-03
6.450000000000000000e+03 6.451000000000000000e+03 9.329525578000000263e-03 4.818061953999999876e-03
6.451000000000000000e+03 6.452000000000000000e+03 1.139759368299999957e-02 6.147768588999999451e-03
6.452000000000000000e+03 6.453000000000000000e+03 -5.143222181999999518e-03 4.868335108700000066e-03
6.453000000000000000e+03 6.454000000000000000e+03 3.771117052199999794e-04 2.779419067899999846e-03
6.454000000000000000e+03 6.455000000000000000e+03 1.508893423000000019e-04 2.180372662199999995e-03
6.455000000000000000e+03 6.456000000000000000e+03 9.859978922000000364e-04 7.597605998999999591e-04
6.456000000000000000e+03 6.457000000000000000e+03 2.924961812799999625e-04 5.907175042000000452e-04
6.457000000000000000e+03 6.458000000000000000e+03 1.569553546999999990e-03 3.536644451999999741e-03
6.458000000000000000e+03 6.459000000000000000e+03 1.134970525599999884e-02 5.830935817999999965e-03
6.459000000000000000e+03 6.460000000000000000e+03 5.627843283999999294e-03 5.657390505000000139e-03
6.460000000000000000e+03 6.461000000000000000e+03 8.608906435999999496e-03 3.667535383000000183e-03
6.461000000000000000e+03 6.462000000000000000e+03 -9.308779395499999602e-04 5.531472493000000150e-03
6.462000000000000000e+03 6.463000000000000000e+03 4.733059615999999671e-03 4.705276898600000389e-03
6.463000000000000000e+03 6.464000000000000000e+03 -3.197285326999999792e-03 3.896846134199999888e-03
6.464000000000000000e+03 6.465000000000000000e+03 2.152273178800000100e-03 2.612169085100000086e-03
6.465000000000000000e+03 6.466000000000000000e+03 3.144814202999999630e-04 2.547165628899999892e-03
6.466000000000000000e+03 6.467000000000000000e+03 -5.875326003000000148e-04 1.083219436499999839e-03
6.467000000000000000e+03 6.468000000000000000e+03 -5.051660944999999828e-04 5.150040632000000337e-04
6.468000000000000000e+03 6.469000000000000000e+03 6.728562733000000538e-03 4.837107462000000101e-03
6.469000000000000000e+03 6.470000000000000000e+03 9.187426724999999761e-04 5.906317034000000202e-03
6.470000000000000000e+03 6.471000000000000000e+03 -1.500841289700000037e-03 4.103261700999999775e-03
6.471000000000000000e+03 6.472000000000000000e+03 6.403451529999999942e-04 5.911299174999999802e-03
6.472000000000000000e+03 6.473000000000000000e+03 7.320059482000000096e-03 4.325218740000000110e-03
6.473000000000000000e+03 6.474000000000000000e+03 8.404253539799999388e-04 4.395727194499999754e-03
6.474000000000000000e+03 6.475000000000000000e+03 1.016407211300000141e-02 4.166618067300000179e-03
6.475000000000000000e+03 6.476000000000000000e+03 -7.309577939999999325e-04 2.911665629399999913e-03
6.476000000000000000e+03 6.477000000000000000e+03 -2.249547018600000191e-03 1.827352614900000028e-03
6.477000000000000000e+03 6.478000000000000000e+03 -5.863320203000000263e-04 1.476331282199999911e-03
6.478000000000000000e+03 6.479000000000000000e+03 1.075195581510000019e-03 9.996895652999999559e-04
6.479000000000000000e+03 6.480000000000000000e+03 2.601388948299999775e-03 4.418803431999999802e-03
6.480000000000000000e+03 6.481000000000000000e+03 3.498834051999999938e-03 9.724635481999999512e-03
6.481000000000000000e+03 6.482000000000000000e+03 4.410529177999999995e-04 5.649531959999999804e-03
6.482000000000000000e+03 6.483000000000000000e+03 1.564856093700000075e-02 6.105198004000000032e-03
6.483000000000000000e+03 6.484000000000000000e+03 1.476390099100000075e-02 5.201508885999999582e-03
6.484000000000000000e+03 6.485000000000000000e+03 9.867328798999999706e-03 5.880999967699999595e-03
6.485000000000000000e+03 6.486000000000000000e+03 -1.830773450538000086e-03 3.756393073999999936e-03
6.486000000000000000e+03 6.487000000000000000e+03 -4.641876884560000409e-03 2.490374102700000040e-03
6.487000000000000000e+03 6.488000000000000000e+03 -1.994911632000000005e-04 1.740598891800000051e-03
6.488000000000000000e+03 6.489000000000000000e+03 3.999208560999999791e-04 1.365884729000000058e-03
6.489000000000000000e+03 6.490000000000000000e+03 -1.383906490600000092e-04 1.789001273499999962e-04
6.490000000000000000e+03 6.491000000000000000e+03 1.978060613999999950e-03 5.772985616999999278e-03
6.491000000000000000e+03 6.492000000000000000e+03 1.075706160600000023e-02 6.878059017000000101e-03
6.492000000000000000e+03 6.493000000000000000e+03 1.128631767379999987e-03 3.258970657000000333e-03
6.493000000000000000e+03 6.494000000000000000e+03 1.327786989599999933e-02 6.545701392000000292e-03
6.494000000000000000e+03 6.495000000000000000e+03 2.679004202099999950e-03 6.449898307999999553e-03
6.495000000000000000e+03 6.496000000000000000e+03 1.054092015400000032e-03 3.403186244900000337e-03
6.496000000000000000e+03 6.497000000000000000e+03 2.030076759099999888e-03 3.966722181299999969e-03
6.497000000000000000e+03 6.498000000000000000e+03 5.535747886699999600e-03 2.776610299099999644e-03
6.498000000000000000e+03 6.499000000000000000e+03 1.166826810299999989e-03 2.212551462300000032e-03
6.499000000000000000e+03 6.500000000000000000e+03 -7.959492278299999885e-04 1.306096592299999925e-03
6.500000000000000000e+03 6.501000000000000000e+03 3.810292717000000233e-04 5.784027162000000182e-04
6.501000000000000000e+03 6.502000000000000000e+03 -1.397255973599999951e-02 5.215210024999999971e-03
6.502000000000000000e+03 6.503000000000000000e+03 7.111078222000000691e-03 4.488423537999999650e-03
6.503000000000000000e+03 6.504000000000000000e+03 1.348603413499999950e-03 3.777015239999999795e-03
6.504000000000000000e+03 6.505000000000000000e+03 1.155603723699999939e-02 4.566152857999999579e-03
6.505000000000000000e+03 6.506000000000000000e+03 3.356140976399999993e-03 4.175924832999999836e-03
6.506000000000000000e+03 6.507000000000000000e+03 -2.451175029999999870e-04 3.911055625800000449e-03
6.507000000000000000e+03 6.508000000000000000e+03 -7.061575626000000157e-04 3.549638764900000035e-03
6.508000000000000000e+03 6.509000000000000000e+03 -6.154153909299999760e-03 2.732650224199999808e-03
6.509000000000000000e+03 6.510000000000000000e+03 4.471347249119999451e-03 2.433770151600000379e-03
6.510000000000000000e+03 6.511000000000000000e+03 -8.447797010000000285e-05 1.113510618699999934e-03
6.511000000000000000e+03 6.512000000000000000e+03 1.430297447999999969e-04 6.535603862999999876e-04
6.512000000000000000e+03 6.513000000000000000e+03 4.755063760999999473e-03 7.055877696000000150e-03
6.513000000000000000e+03 6.514000000000000000e+03 3.267312795999999936e-03 5.819636638000000479e-03
6.514000000000000000e+03 6.515000000000000000e+03 1.469500692500000155e-03 6.534747223000000015e-03
6.515000000000000000e+03 6.516000000000000000e+03 3.305620924999999773e-03 6.890186485999999326e-03
6.516000000000000000e+03 6.517000000000000000e+03 -6.811416422200000697e-04 4.780115893000000046e-03
6.517000000000000000e+03 6.518000000000000000e+03 1.238623432000000120e-03 4.474310610000000604e-03
6.518000000000000000e+03 6.519000000000000000e+03 8.646717212799999788e-03 4.656667656199999471e-03
6.519000000000000000e+03 6.520000000000000000e+03 -1.617106519999999918e-04 1.861930210200000123e-03
6.520000000000000000e+03 6.521000000000000000e+03 2.119488984200000245e-03 1.453345887699999863e-03
6.521000000000000000e+03 6.522000000000000000e+03 -4.582537022299999980e-04 1.207368704199999858e-03
6.522000000000000000e+03 6.523000000000000000e+03 -4.703049921900000294e-04 3.519428823500000297e-04
6.523000000000000000e+03 6.524000000000000000e+03 9.809212183000000015e-03 4.198888591999999816e-03
6.524000000000000000e+03 6.525000000000000000e+03 3.276500422400000292e-03 5.496730424000000059e-03
6.525000000000000000e+03 6.526000000000000000e+03 5.908279450000000592e-03 5.186696821000000811e-03
6.526000000000000000e+03 6.527000000000000000e+03 6.631452847000000005e-03 3.448680757999999982e-03
6.527000000000000000e+03 6.528000000000000000e+03 3.300486038000000110e-04 4.483075732999999667e-03
6.528000000000000000e+03 6.529000000000000000e+03 3.004605881800000242e-03 3.956045146299999940e-03
6.529000000000000000e+03 6.530000000000000000e+03 5.039638667200000040e-03 3.468590866100000007e-03
6.530000000000000000e+03 6.531000000000000000e+03 5.908790670300000103e-03 2.622365401999999894e-03
6.531000000000000000e+03 6.532000000000000000e+03 -2.035472834000000113e-03 2.174283256000000223e-03
6.532000000000000000e+03 6.533000000000000000e+03 -2.578115256099999895e-03 1.211403267100000106e-03
6.533000000000000000e+03 6.534000000000000000e+03 -1.577492906000000066e-04 6.460843573000000280e-04
6.534000000000000000e+03 6.535000000000000000e+03 -5.363802460999999439e-03 5.323324952000000471e-03
6.535000000000000000e+03 6.536000000000000000e+03 -3.169076194999999926e-03 5.862223903000000035e-03
6.536000000000000000e+03 6.537000000000000000e+03 4.013303311999999803e-03 6.798947975999999199e-03
6.537000000000000000e+03 6.538000000000000000e+03 2.738814970000000033e-03 5.518150934000000049e-03
6.538000000000000000e+03 6.539000000000000000e+03 1.177622747300000050e-02 4.796650361600000335e-03
6.539000000000000000e+03 6.540000000000000000e+03 3.462145371000000058e-03 4.826945390100000066e-03
6.540000000000000000e+03 6.541000000000000000e+03 1.561454620200000178e-03 4.310949294600000328e-03
6.541000000000000000e+03 6.542000000000000000e+03 -7.926723525999999952e-04 3.794915257400000019e-03
6.542000000000000000e+03 6.543000000000000000e+03 -8.831173585600000995e-05 6.476606779000000126e-04
6.543000000000000000e+03 6.544000000000000000e+03 -1.835780787799999895e-04 1.243232734099999903e-03
6.544000000000000000e+03 6.545000000000000000e+03 -5.537218551999999747e-04 5.561942678000000384e-04
6.545000000000000000e+03 6.546000000000000000e+03 5.470613234999999533e-03 4.478139778000000265e-03
6.546000000000000000e+03 6.547000000000000000e+03 -5.770236080999999878e-03 6.756493212000000588e-03
6.547000000000000000e+03 6.548000000000000000e+03 7.993052464999999066e-03 7.353457403999999996e-03
6.548000000000000000e+03 6.549000000000000000e+03 8.910194792000000058e-03 4.817828530999999741e-03
6.549000000000000000e+03 6.550000000000000000e+03 -1.572184236999999828e-03 4.283276894999999383e-03
6.550000000000000000e+03 6.551000000000000000e+03 2.569938167299999719e-03 4.281496783600000078e-03
6.551000000000000000e+03 6.552000000000000000e+03 5.152884968676999661e-03 4.248089256699999830e-03
6.552000000000000000e+03 6.553000000000000000e+03 2.143176619393000106e-03 2.365463628800000290e-03
6.553000000000000000e+03 6.554000000000000000e+03 7.503832026000000106e-04 1.499588761699999998e-03
6.554000000000000000e+03 6.555000000000000000e+03 2.229804586849999746e-03 1.590707937799999997e-03
6.555000000000000000e+03 6.556000000000000000e+03 4.415301031700000320e-04 4.749112773999999504e-04
6.556000000000000000e+03 6.557000000000000000e+03 8.615264451999999143e-03 5.611552994000000051e-03
6.557000000000000000e+03 6.558000000000000000e+03 9.555634186999999169e-03 5.501225719999999937e-03
6.558000000000000000e+03 6.559000000000000000e+03 1.697709092999999999e-03 6.558320241000000633e-03
6.559000000000000000e+03 6.560000000000000000e+03 8.297369630000000704e-03 4.731476731999999762e-03
6.560000000000000000e+03 6.561000000000000000e+03 6.215528619999999803e-03 3.931980922300000111e-03
6.561000000000000000e+03 6.562000000000000000e+03 3.330089500999999785e-03 4.819389107299999926e-03
6.562000000000000000e+03 6.563000000000000000e+03 3.086135841999999938e-03 3.859769703599999751e-03
6.563000000000000000e+03 6.564000000000000000e+03 -2.914715052300000282e-03 2.343068685800000356e-03
6.564000000000000000e+03 6.565000000000000000e+03 3.796376621419999837e-03 1.624936834199999878e-03
6.565000000000000000e+03 6.566000000000000000e+03 1.703133199500000191e-03 1.389585566299999988e-03
6.566000000000000000e+03 6.567000000000000000e+03 -9.630651730000000499e-05 4.945621003000000076e-04
6.567000000000000000e+03 6.568000000000000000e+03 4.483915738999999859e-03 4.298837286999999951e-03
6.568000000000000000e+03 6.569000000000000000e+03 2.131685473400000107e-03 7.650999858999999945e-03
6.569000000000000000e+03 6.570000000000000000e+03 9.088993296999999319e-03 6.793664194000000565e-03
6.570000000000000000e+03 6.571000000000000000e+03 2.876649413000000304e-03 3.881502510999999909e-03
6.571000000000000000e+03 6.572000000000000000e+03 6.333684893339999213e-03 5.090045775000000446e-03
6.572000000000000000e+03 6.573000000000000000e+03 -5.213082325399999439e-03 4.199590418499999853e-03
6.573000000000000000e+03 6.574000000000000000e+03 -5.363114558700000749e-03 3.307278487900000216e-03
6.574000000000000000e+03 6.575000000000000000e+03 2.558317399899999890e-03 2.370587249299999869e-03
6.575000000000000000e+03 6.576000000000000000e+03 2.325961530799999961e-03 1.521217113100000124e-03
6.576000000000000000e+03 6.577000000000000000e+03 5.674366178000000071e-04 8.272537347999999423e-04
6.577000000000000000e+03 6.578000000000000000e+03 3.084477795100000019e-04 9.420401840000000235e-04
6.578000000000000000e+03 6.579000000000000000e+03 -1.241028521899999919e-03 2.517097126999999750e-03
6.579000000000000000e+03 6.580000000000000000e+03 4.966094174999999625e-03 5.436113941999999935e-03
6.580000000000000000e+03 6.581000000000000000e+03 6.857733801999999802e-03 5.456563717999999945e-03
6.581000000000000000e+03 6.582000000000000000e+03 1.987103327099999910e-03 3.727521940000000280e-03
6.582000000000000000e+03 6.583000000000000000e+03 6.336656971000000430e-03 5.921187416000000571e-03
6.583000000000000000e+03 6.584000000000000000e+03 7.038105458299999742e-03 4.197488145400000287e-03
6.584000000000000000e+03 6.585000000000000000e+03 -2.631893688699999973e-03 2.154920901700000096e-03
6.585000000000000000e+03 6.586000000000000000e+03 3.646076939900000109e-03 2.817463507500000009e-03
6.586000000000000000e+03 6.587000000000000000e+03 -1.423615563100000042e-03 1.461230759699999951e-03
6.587000000000000000e+03 6.588000000000000000e+03 4.782142156999999883e-04 8.701420108000000727e-04
6.588000000000000000e+03 6.589000000000000000e+03 7.021678080000000929e-04 7.436916953999999453e-04
6.589000000000000000e+03 6.590000000000000000e+03 -3.116738409399999986e-03 5.320304262999999909e-03
6.590000000000000000e+03 6.591000000000000000e+03 1.114514273999999902e-02 5.004868891000000333e-03
6.591000000000000000e+03 6.592000000000000000e+03 3.840574025300000187e-03 5.315828360000000169e-03
6.592000000000000000e+03 6.593000000000000000e+03 7.551759223999999875e-04 4.903878125999999900e-03
6.593000000000000000e+03 6.594000000000000000e+03 6.204728879900000584e-03 3.627658048999999989e-03
6.594000000000000000e+03 6.595000000000000000e+03 5.136194183500000093e-03 4.735391785199999891e-03
6.595000000000000000e+03 6.596000000000000000e+03 -8.752513942000000532e-03 3.488769022200000156e-03
6.596000000000000000e+03 6.597000000000000000e+03 6.314308962200000479e-03 2.823989888100000064e-03
6.597000000000000000e+03 6.598000000000000000e+03 3.916173053600000530e-03 2.397033469400000009e-03
6.598000000000000000e+03 6.599000000000000000e+03 -7.073219324999999733e-04 1.016173223999999962e-03
6.599000000000000000e+03 6.600000000000000000e+03 4.933130429999999888e-05 2.174936953000000022e-04
6.600000000000000000e+03 6.601000000000000000e+03 1.184884137100000040e-02 6.933826052999999927e-03
6.601000000000000000e+03 6.602000000000000000e+03 1.527470499000000185e-04 5.572224312999999804e-03
6.602000000000000000e+03 6.603000000000000000e+03 3.804842724000000263e-03 4.662610398000000336e-03
6.603000000000000000e+03 6.604000000000000000e+03 -1.225399079999999960e-03 3.552308100000000149e-03
6.604000000000000000e+03 6.605000000000000000e+03 5.882563635000000006e-03 6.533584373999999639e-03
6.605000000000000000e+03 6.606000000000000000e+03 7.286088417000000095e-03 4.534116480399999656e-03
6.606000000000000000e+03 6.607000000000000000e+03 -6.138113557000000756e-04 2.749412084000000221e-03
6.607000000000000000e+03 6.608000000000000000e+03 -6.787664032799999372e-03 3.332907580800000078e-03
6.608000000000000000e+03 6.609000000000000000e+03 3.500019700500000067e-03 2.043383947300000340e-03
6.609000000000000000e+03 6.610000000000000000e+03 1.215370968600000025e-03 1.233351445900000018e-03
6.610000000000000000e+03 6.611000000000000000e+03 -1.391175463999999964e-04 6.490484301000000456e-04
6.611000000000000000e+03 6.612000000000000000e+03 -5.144118869000000038e-03 2.940525082999999925e-03
6.612000000000000000e+03 6.613000000000000000e+03 2.458547620999999850e-02 7.879688416000001083e-03
6.613000000000000000e+03 6.614000000000000000e+03 1.642658113699999728e-02 6.063297467999999475e-03
6.614000000000000000e+03 6.615000000000000000e+03 5.537037913999999679e-03 4.546060295999999890e-03
6.615000000000000000e+03 6.616000000000000000e+03 6.246605292000000260e-03 4.350712518999999730e-03
6.616000000000000000e+03 6.617000000000000000e+03 1.080131052000000026e-03 3.812000922199999808e-03
6.617000000000000000e+03 6.618000000000000000e+03 1.216883430099999870e-03 3.598602369000000051e-03
6.618000000000000000e+03 6.619000000000000000e+03 -2.435051603299999944e-03 3.177375053400000211e-03
6.619000000000000000e+03 6.620000000000000000e+03 -3.969089534000000224e-04 1.340327978400000005e-03
6.620000000000000000e+03 6.621000000000000000e+03 1.329343904200000113e-04 7.581886187000000041e-04
6.621000000000000000e+03 6.622000000000000000e+03 -3.416158118300000089e-04 4.587193983000000344e-04
6.622000000000000000e+03 6.623000000000000000e+03 7.725107802999999981e-03 5.176777013999999538e-03
6.623000000000000000e+03 6.624000000000000000e+03 7.555410105000000265e-03 6.751354850999999845e-03
6.624000000000000000e+03 6.625000000000000000e+03 7.239144224999999842e-03 4.638126030000000108e-03
6.625000000000000000e+03 6.626000000000000000e+03 8.287574393000001274e-03 5.054674002000000312e-03
6.626000000000000000e+03 6.627000000000000000e+03 6.513731220999999585e-03 5.086790657000000299e-03
6.627000000000000000e+03 6.628000000000000000e+03 8.030445747000000689e-03 3.707870977000000262e-03
6.628000000000000000e+03 6.629000000000000000e+03 -1.578215289799999969e-03 2.428803175400000292e-03
6.629000000000000000e+03 6.630000000000000000e+03 2.040222783609999761e-03 1.309665837899999822e-03
6.630000000000000000e+03 6.631000000000000000e+03 3.730074916799999956e-03 2.688313761099999765e-03
6.631000000000000000e+03 6.632000000000000000e+03 -1.188361710000000065e-05 1.934698900000000085e-04
6.632000000000000000e+03 6.633000000000000000e+03 8.350702576999999424e-04 7.697460239999999844e-04
6.633000000000000000e+03 6.634000000000000000e+03 1.473254537000000036e-03 5.707864853000000488e-03
6.634000000000000000e+03 6.635000000000000000e+03 -4.694409261000000340e-03 4.485564799999999450e-03
6.635000000000000000e+03 6.636000000000000000e+03 1.140059072539999956e-03 3.929479656000000459e-03
6.636000000000000000e+03 6.637000000000000000e+03 1.088334257400000102e-02 5.441115281999999581e-03
6.637000000000000000e+03 6.638000000000000000e+03 6.267930931899999558e-03 3.035767064199999896e-03
6.638000000000000000e+03 6.639000000000000000e+03 8.667021452000000376e-03 3.871837600899999832e-03
6.639000000000000000e+03 6.640000000000000000e+03 4.757713059499999765e-03 2.483140778299999969e-03
6.640000000000000000e+03 6.641000000000000000e+03 4.854510280699999951e-03 2.658412506500000116e-03
6.641000000000000000e+03 6.642000000000000000e+03 -2.934396221900000250e-03 2.211561869500000121e-03
6.642000000000000000e+03 6.643000000000000000e+03 -1.893633019600000043e-03 1.843015234099999950e-03
6.643000000000000000e+03 6.644000000000000000e+03 5.876188617999999987e-04 5.444869808999999554e-04
6.644000000000000000e+03 6.645000000000000000e+03 -1.103883113099999973e-02 4.426896519000000571e-03
6.645000000000000000e+03 6.646000000000000000e+03 2.595210498000000317e-04 7.797381905999999779e-03
6.646000000000000000e+03 6.647000000000000000e+03 6.763132845999999913e-03 6.942281743999999429e-03
6.647000000000000000e+03 6.648000000000000000e+03 7.464139247000000157e-03 5.404453075000000169e-03
6.648000000000000000e+03 6.649000000000000000e+03 -1.696099512239999940e-03 3.882720343099999895e-03
6.649000000000000000e+03 6.650000000000000000e+03 8.030952583999998590e-03 2.921303797600000030e-03
6.650000000000000000e+03 6.651000000000000000e+03 1.182550025950000055e-03 1.385754942100000118e-03
6.651000000000000000e+03 6.652000000000000000e+03 -1.196802586999999997e-04 2.160282352100000112e-03
6.652000000000000000e+03 6.653000000000000000e+03 -7.847380456999999846e-04 9.029093496999999937e-04
6.653000000000000000e+03 6.654000000000000000e+03 -1.232676143999999899e-04 1.308241482900000070e-03
6.654000000000000000e+03 6.655000000000000000e+03 -1.063813291400000091e-03 1.295666852399999982e-03
6.655000000000000000e+03 6.656000000000000000e+03 -1.021975286000000049e-04 6.384165318999999832e-03
6.656000000000000000e+03 6.657000000000000000e+03 1.029268649499999987e-02 5.459716999999999348e-03
6.657000000000000000e+03 6.658000000000000000e+03 -6.925341480000000256e-04 5.085998044999999815e-03
6.658000000000000000e+03 6.659000000000000000e+03 3.545159136700000262e-03 5.539892978000000683e-03
6.659000000000000000e+03 6.660000000000000000e+03 -6.744257682999999469e-03 3.955363172700000068e-03
6.660000000000000000e+03 6.661000000000000000e+03 1.581378795599999720e-02 4.727140775899999967e-03
6.661000000000000000e+03 6.662000000000000000e+03 5.161048152999999500e-03 3.154086050400000101e-03
6.662000000000000000e+03 6.663000000000000000e+03 1.913354975830000061e-03 2.781146404500000301e-03
6.663000000000000000e+03 6.664000000000000000e+03 1.222488867400000007e-03 1.707110026799999901e-03
6.664000000000000000e+03 6.665000000000000000e+03 -1.839237190800000008e-03 1.453875632499999947e-03
6.665000000000000000e+03 6.666000000000000000e+03 -9.610763438000000233e-04 8.445329266999999918e-04
6.666000000000000000e+03 6.667000000000000000e+03 2.354896986000000383e-03 7.555621143000000074e-03
6.667000000000000000e+03 6.668000000000000000e+03 5.537021371999999858e-03 3.822153940999999718e-03
6.668000000000000000e+03 6.669000000000000000e+03 -4.011088543800000149e-03 4.398733195000000679e-03
6.669000000000000000e+03 6.670000000000000000e+03 7.037503451999999569e-03 4.653504614000000296e-03
6.670000000000000000e+03 6.671000000000000000e+03 8.371664226200000586e-03 5.442268830000000258e-03
6.671000000000000000e+03 6.672000000000000000e+03 -4.375952224899999458e-03 2.534630982199999674e-03
6.672000000000000000e+03 6.673000000000000000e+03 -5.601146880200000115e-03 3.904997491800000359e-03
6.673000000000000000e+03 6.674000000000000000e+03 1.860407102799999969e-03 1.972594915000000070e-03
6.674000000000000000e+03 6.675000000000000000e+03 2.122882643839999958e-03 1.877262998099999986e-03
6.675000000000000000e+03 6.676000000000000000e+03 -1.397964155999999831e-03 1.136802138899999917e-03
6.676000000000000000e+03 6.677000000000000000e+03 -2.198495818000000110e-04 3.424226217000000158e-04
6.677000000000000000e+03 6.678000000000000000e+03 2.130741283499999750e-02 7.014605228000000102e-03
6.678000000000000000e+03 6.679000000000000000e+03 -9.212843120000000245e-04 6.246830259999999919e-03
6.679000000000000000e+03 6.680000000000000000e+03 1.234745546599999924e-02 6.035988374000000184e-03
6.680000000000000000e+03 6.681000000000000000e+03 5.357708527000000151e-03 3.582695375000000126e-03
6.681000000000000000e+03 6.682000000000000000e+03 -5.180369551699999693e-03 3.869053110100000199e-03
6.682000000000000000e+03 6.683000000000000000e+03 9.953279860899999498e-03 4.137975415699999930e-03
6.683000000000000000e+03 6.684000000000000000e+03 3.373366577999999897e-03 3.228524264099999659e-03
6.684000000000000000e+03 6.685000000000000000e+03 5.145287215000000349e-04 1.814829642400000173e-03
6.685000000000000000e+03 6.686000000000000000e+03 -9.387358084999999170e-04 1.190305269399999930e-03
6.686000000000000000e+03 6.687000000000000000e+03 1.971171310000000018e-05 9.483659173000000145e-04
6.687000000000000000e+03 6.688000000000000000e+03 1.255341682499999971e-03 8.759370177000000207e-04
6.688000000000000000e+03 6.689000000000000000e+03 -4.042064223999999699e-03 3.609472849999999927e-03
6.689000000000000000e+03 6.690000000000000000e+03 -5.382879199000000642e-03 3.323723258000000052e-03
6.690000000000000000e+03 6.691000000000000000e+03 1.081449023499999988e-02 5.801247905000000114e-03
6.691000000000000000e+03 6.692000000000000000e+03 3.825542113099999770e-03 2.823091403000000353e-03
6.692000000000000000e+03 6.693000000000000000e+03 1.426847613199999990e-02 5.521654746399999938e-03
6.693000000000000000e+03 6.694000000000000000e+03 1.606068960000000059e-03 3.637479961099999819e-03
6.694000000000000000e+03 6.695000000000000000e+03 -3.596430687499999924e-03 2.410779513000000165e-03
6.695000000000000000e+03 6.696000000000000000e+03 -1.106195639399999882e-03 2.496971786199999807e-03
6.696000000000000000e+03 6.697000000000000000e+03 2.696844654999999984e-04 1.360968786599999923e-03
6.697000000000000000e+03 6.698000000000000000e+03 9.427438426999999602e-04 8.886593842000000245e-04
6.698000000000000000e+03 6.699000000000000000e+03 5.642140953000000445e-04 7.699964458000000019e-04
6.699000000000000000e+03 6.700000000000000000e+03 4.337648289999999972e-04 6.866114345999999903e-03
6.700000000000000000e+03 6.701000000000000000e+03 1.485266069000000001e-03 5.132250573000000406e-03
6.701000000000000000e+03 6.702000000000000000e+03 1.526638300100000055e-03 3.170254843000000055e-03
6.702000000000000000e+03 6.703000000000000000e+03 5.783819252599999884e-03 3.152836199200000251e-03
6.703000000000000000e+03 6.704000000000000000e+03 2.246534879199999814e-03 4.578395331199999578e-03
6.704000000000000000e+03 6.705000000000000000e+03 -1.229523341000000099e-03 4.736516915300000366e-03
6.705000000000000000e+03 6.706000000000000000e+03 5.527944909999999692e-05 3.498797279400000203e-03
6.706000000000000000e+03 6.707000000000000000e+03 5.512381122799999561e-03 2.497620786000000204e-03
6.707000000000000000e+03 6.708000000000000000e+03 1.930313085900000128e-03 1.866338788599999909e-03
6.708000000000000000e+03 6.709000000000000000e+03 -9.507996797000000614e-04 1.446669421300000131e-03
6.709000000000000000e+03 6.710000000000000000e+03 -2.969806448000000343e-04 4.104285477999999768e-04
6.710000000000000000e+03 6.711000000000000000e+03 8.837199420000000716e-05 4.165090689000000047e-03
6.711000000000000000e+03 6.712000000000000000e+03 -2.284725773999999980e-03 4.566484150000000262e-03
6.712000000000000000e+03 6.713000000000000000e+03 -3.182708263000000055e-03 4.871687018999999903e-03
6.713000000000000000e+03 6.714000000000000000e+03 1.502183705200000208e-03 3.825378959000000009e-03
6.714000000000000000e+03 6.715000000000000000e+03 1.594943741000000000e-03 4.007629975999999969e-03
6.715000000000000000e+03 6.716000000000000000e+03 7.195926839799999348e-04 2.499722596300000058e-03
6.716000000000000000e+03 6.717000000000000000e+03 -4.019762097800000378e-03 2.911862080799999808e-03
6.717000000000000000e+03 6.718000000000000000e+03 6.273978175399999579e-03 2.918755704099999966e-03
6.718000000000000000e+03 6.719000000000000000e+03 -1.832613262149000071e-03 2.759855649599999954e-03
6.719000000000000000e+03 6.720000000000000000e+03 -1.344695666499999965e-04 4.572185798999999938e-04
6.720000000000000000e+03 6.721000000000000000e+03 1.620912453099999971e-03 1.101609651299999965e-03
6.721000000000000000e+03 6.722000000000000000e+03 -3.013965100999999990e-03 5.403176418000000050e-03
6.722000000000000000e+03 6.723000000000000000e+03 -4.220245175000000674e-03 4.221683419999999569e-03
6.723000000000000000e+03 6.724000000000000000e+03 6.945448927999999661e-03 5.907673781999999915e-03
6.724000000000000000e+03 6.725000000000000000e+03 2.030488094399999967e-03 3.647711956000000179e-03
6.725000000000000000e+03 6.726000000000000000e+03 2.328655433599999876e-03 3.083148549600000024e-03
6.726000000000000000e+03 6.727000000000000000e+03 -1.641643736399999928e-03 3.308538853899999944e-03
6.727000000000000000e+03 6.728000000000000000e+03 4.575304882300000077e-03 3.564672877000000031e-03
6.728000000000000000e+03 6.729000000000000000e+03 7.613585089000000049e-04 1.577543683299999959e-03
6.729000000000000000e+03 6.730000000000000000e+03 -7.336847604999999608e-04 1.403792062600000114e-03
6.730000000000000000e+03 6.731000000000000000e+03 5.873795680000000496e-05 8.966530065000000507e-04
6.731000000000000000e+03 6.732000000000000000e+03 2.021286878519999979e-03 9.988784276000000316e-04
6.732000000000000000e+03 6.733000000000000000e+03 -2.713345548299999840e-03 6.237363952000000641e-03
6.733000000000000000e+03 6.734000000000000000e+03 -2.455167227700000201e-03 4.445317207000000319e-03
6.734000000000000000e+03 6.735000000000000000e+03 1.309397732600000100e-02 5.776791027999999759e-03
6.735000000000000000e+03 6.736000000000000000e+03 4.586167455999999414e-03 5.821394893999999598e-03
6.736000000000000000e+03 6.737000000000000000e+03 1.777998114500000011e-03 3.444189636699999859e-03
6.737000000000000000e+03 6.738000000000000000e+03 1.208107836000000087e-04 3.235594935399999702e-03
6.738000000000000000e+03 6.739000000000000000e+03 -4.820921222999999798e-04 1.815318692599999931e-03
6.739000000000000000e+03 6.740000000000000000e+03 -2.101134369499999769e-03 2.328520797200000179e-03
6.740000000000000000e+03 6.741000000000000000e+03 2.233965829899999932e-03 1.369771850499999950e-03
6.741000000000000000e+03 6.742000000000000000e+03 -1.294296422299999992e-04 8.146777528000000504e-04
6.742000000000000000e+03 6.743000000000000000e+03 7.092695357899999340e-04 1.348179920400000053e-03
6.743000000000000000e+03 6.744000000000000000e+03 2.384758652000000274e-03 5.018947175000000767e-03
6.744000000000000000e+03 6.745000000000000000e+03 4.677317077000000406e-03 6.222556473000000025e-03
6.745000000000000000e+03 6.746000000000000000e+03 2.921237659000000108e-03 3.933204382999999811e-03
6.746000000000000000e+03 6.747000000000000000e+03 1.036997383699999990e-02 4.990822410999999452e-03
6.747000000000000000e+03 6.748000000000000000e+03 1.913244730800000085e-03 3.174190826799999903e-03
6.748000000000000000e+03 6.749000000000000000e+03 8.887527864399998728e-03 3.331329434599999712e-03
6.749000000000000000e+03 6.750000000000000000e+03 2.480545199200000044e-03 2.864051741199999650e-03
6.750000000000000000e+03 6.751000000000000000e+03 5.011533043999999481e-04 2.264263109299999906e-03
6.751000000000000000e+03 6.752000000000000000e+03 -6.372340479000000247e-04 1.122274937999999866e-03
6.752000000000000000e+03 6.753000000000000000e+03 -1.289469444200000035e-03 1.264910405599999933e-03
6.753000000000000000e+03 6.754000000000000000e+03 1.185433173699999973e-04 6.742420261000000095e-04
6.754000000000000000e+03 6.755000000000000000e+03 -8.336327817000000352e-04 3.011921225999999834e-03
6.755000000000000000e+03 6.756000000000000000e+03 9.497410139999998974e-03 5.370257929999999562e-03
6.756000000000000000e+03 6.757000000000000000e+03 8.823494141999999735e-03 3.510544291000000129e-03
6.757000000000000000e+03 6.758000000000000000e+03 1.237435611099999867e-02 4.995842476999999733e-03
6.758000000000000000e+03 6.759000000000000000e+03 1.501543906999999994e-03 4.478291252000000423e-03
6.759000000000000000e+03 6.760000000000000000e+03 2.910528822399999997e-04 2.975825454399999917e-03
6.760000000000000000e+03 6.761000000000000000e+03 5.198163689899999544e-03 3.364129814899999901e-03
6.761000000000000000e+03 6.762000000000000000e+03 -1.021791508299999939e-03 2.434489836700000267e-03
6.762000000000000000e+03 6.763000000000000000e+03 1.858133766329999985e-03 1.449393169699999921e-03
6.763000000000000000e+03 6.764000000000000000e+03 4.164328373600000239e-04 9.397755548999999799e-04
6.764000000000000000e+03 6.765000000000000000e+03 6.863355175999999100e-04 1.054714554100000040e-03
6.765000000000000000e+03 6.766000000000000000e+03 3.925666827000000129e-03 2.720298373999999707e-03
6.766000000000000000e+03 6.767000000000000000e+03 -1.950265648000000084e-03 2.334201216000000162e-03
6.767000000000000000e+03 6.768000000000000000e+03 -1.094665735100000059e-03 4.772240670999999997e-03
6.768000000000000000e+03 6.769000000000000000e+03 9.237026367999999141e-03 4.463115866999999709e-03
6.769000000000000000e+03 6.770000000000000000e+03 7.767825800000000176e-04 3.139314777299999793e-03
6.770000000000000000e+03 6.771000000000000000e+03 3.705601550000000069e-04 4.493831065499999736e-03
6.771000000000000000e+03 6.772000000000000000e+03 5.020283299309999912e-03 3.508470290199999959e-03
6.772000000000000000e+03 6.773000000000000000e+03 8.051652899999999999e-05 2.214447879300000029e-03
6.773000000000000000e+03 6.774000000000000000e+03 1.688122665300000004e-03 1.328072963099999945e-03
6.774000000000000000e+03 6.775000000000000000e+03 7.270565053699999843e-04 1.436659587499999891e-03
6.775000000000000000e+03 6.776000000000000000e+03 4.382403810000000009e-04 6.400585267000000102e-04
6.776000000000000000e+03 6.777000000000000000e+03 -7.573711741999999969e-03 6.550773295000000308e-03
6.777000000000000000e+03 6.778000000000000000e+03 6.539633183000000127e-03 5.926688383000000039e-03
6.778000000000000000e+03 6.779000000000000000e+03 1.364179921100000005e-02 6.423786534999999936e-03
6.779000000000000000e+03 6.780000000000000000e+03 4.836567918000000618e-03 3.822707671999999758e-03
6.780000000000000000e+03 6.781000000000000000e+03 3.381931722000000064e-03 2.671285257499999861e-03
6.781000000000000000e+03 6.782000000000000000e+03 7.906508790000000772e-03 2.872209560099999934e-03
6.782000000000000000e+03 6.783000000000000000e+03 3.077953902649999910e-03 1.717329076800000031e-03
6.783000000000000000e+03 6.784000000000000000e+03 5.097854938100000212e-03 2.420876269599999634e-03
6.784000000000000000e+03 6.785000000000000000e+03 -4.322638792899999739e-04 7.004050942000000952e-04
6.785000000000000000e+03 6.786000000000000000e+03 2.185450808999999989e-04 8.967263309000000340e-04
6.786000000000000000e+03 6.787000000000000000e+03 1.422219149999999954e-04 5.376974814000000076e-04
6.787000000000000000e+03 6.788000000000000000e+03 1.880217821899999881e-03 4.126199177999999822e-03
6.788000000000000000e+03 6.789000000000000000e+03 -4.309210972999999965e-03 4.551072558000000129e-03
6.789000000000000000e+03 6.790000000000000000e+03 9.420627432999999565e-03 4.270256646999999635e-03
6.790000000000000000e+03 6.791000000000000000e+03 -2.780447709999999783e-04 3.760908678000000199e-03
6.791000000000000000e+03 6.792000000000000000e+03 1.506008065699999997e-03 4.755547330999999704e-03
6.792000000000000000e+03 6.793000000000000000e+03 -1.457100740200000053e-03 2.507239769799999868e-03
6.793000000000000000e+03 6.794000000000000000e+03 2.515310211779999989e-03 2.745959798499999702e-03
6.794000000000000000e+03 6.795000000000000000e+03 1.360718073700000006e-03 1.545519548399999863e-03
6.795000000000000000e+03 6.796000000000000000e+03 1.776397582399999843e-03 8.998835581000000014e-04
6.796000000000000000e+03 6.797000000000000000e+03 2.590775190000000130e-03 1.264395497199999894e-03
6.797000000000000000e+03 6.798000000000000000e+03 -2.186127712999999973e-04 4.055342303000000282e-04
6.798000000000000000e+03 6.799000000000000000e+03 -1.944180321300000057e-03 5.670693559000000022e-03
6.799000000000000000e+03 6.800000000000000000e+03 6.596845090000000127e-03 3.333531929000000012e-03
6.800000000000000000e+03 6.801000000000000000e+03 1.062280566900000028e-02 3.828799774999999857e-03
6.801000000000000000e+03 6.802000000000000000e+03 -4.268774562000000167e-04 4.263735850999999903e-03
6.802000000000000000e+03 6.803000000000000000e+03 -2.417101413499999924e-03 3.253516019499999839e-03
6.803000000000000000e+03 6.804000000000000000e+03 3.428081080300000080e-03 3.768537683300000104e-03
6.804000000000000000e+03 6.805000000000000000e+03 2.024469522400000089e-03 3.702747102999999745e-03
6.805000000000000000e+03 6.806000000000000000e+03 1.456630248999999863e-03 2.370018021499999909e-03
6.806000000000000000e+03 6.807000000000000000e+03 -7.050377255999999444e-04 1.788874355599999943e-03
6.807000000000000000e+03 6.808000000000000000e+03 5.789334364400000339e-04 7.553525355999999398e-04
6.808000000000000000e+03 6.809000000000000000e+03 2.803850377900000013e-03 1.624344052199999970e-03
6.809000000000000000e+03 6.810000000000000000e+03 -3.378478587000000120e-03 3.265697114999999671e-03
6.810000000000000000e+03 6.811000000000000000e+03 5.528135029000000311e-03 4.279698706999999526e-03
6.811000000000000000e+03 6.812000000000000000e+03 6.616577797000000073e-03 4.195829986000000275e-03
6.812000000000000000e+03 6.813000000000000000e+03 7.237549198000000315e-03 3.631414970999999933e-03
6.813000000000000000e+03 6.814000000000000000e+03 3.534769890000000019e-03 2.921974565800000093e-03
6.814000000000000000e+03 6.815000000000000000e+03 2.024265635499999764e-03 3.305820915799999749e-03
6.815000000000000000e+03 6.816000000000000000e+03 -2.454899327000000181e-04 2.326738008199999777e-03
6.816000000000000000e+03 6.817000000000000000e+03 2.927476039999999660e-05 2.485156888900000131e-03
6.817000000000000000e+03 6.818000000000000000e+03 -4.017560309999999510e-05 1.320878596200000116e-03
6.818000000000000000e+03 6.819000000000000000e+03 -1.754077169200000084e-03 1.074042702400000021e-03
6.819000000000000000e+03 6.820000000000000000e+03 -9.962208400799999483e-05 3.314149206999999998e-04
6.820000000000000000e+03 6.821000000000000000e+03 -2.780113964999999902e-03 3.371672773999999980e-03
6.821000000000000000e+03 6.822000000000000000e+03 7.265158084999999953e-03 4.354505004000000686e-03
6.822000000000000000e+03 6.823000000000000000e+03 5.360412878999999686e-03 5.260293668999999582e-03
6.823000000000000000e+03 6.824000000000000000e+03 -1.092977557799999951e-03 2.544741741499999960e-03
6.824000000000000000e+03 6.825000000000000000e+03 4.348715655799999767e-03 3.919486477700000020e-03
6.825000000000000000e+03 6.826000000000000000e+03 3.639937138600000174e-03 3.569818360300000114e-03
6.826000000000000000e+03 6.827000000000000000e+03 -4.200695028000000055e-04 1.618807148199999900e-03
6.827000000000000000e+03 6.828000000000000000e+03 3.671448960590000237e-03 2.572194719499999813e-03
6.828000000000000000e+03 6.829000000000000000e+03 -1.420677214110000093e-03 1.733512467000000072e-03
6.829000000000000000e+03 6.830000000000000000e+03 3.240695168000000013e-04 1.511731310899999854e-03
6.830000000000000000e+03 6.831000000000000000e+03 -6.279059430000000263e-04 5.966705601999999862e-04
6.831000000000000000e+03 6.832000000000000000e+03 1.474201278000000044e-03 3.759244271999999908e-03
6.832000000000000000e+03 6.833000000000000000e+03 -5.213117390699999881e-03 5.079849747999999610e-03
6.833000000000000000e+03 6.834000000000000000e+03 8.407748778000000839e-03 4.974201295999999828e-03
6.834000000000000000e+03 6.835000000000000000e+03 -4.320521435000000340e-03 3.680124975499999684e-03
6.835000000000000000e+03 6.836000000000000000e+03 1.081945433999999956e-02 4.044661957400000167e-03
6.836000000000000000e+03 6.837000000000000000e+03 2.526235121900000016e-03 2.450830360799999882e-03
6.837000000000000000e+03 6.838000000000000000e+03 4.183700686499999474e-03 3.024524743200000029e-03
6.838000000000000000e+03 6.839000000000000000e+03 4.830177202899999488e-03 2.852414533600000288e-03
6.839000000000000000e+03 6.840000000000000000e+03 9.892688938199999636e-04 8.653969262999999671e-04
6.840000000000000000e+03 6.841000000000000000e+03 -2.769981754999999829e-04 6.092690941999999703e-04
6.841000000000000000e+03 6.842000000000000000e+03 4.336196145999999586e-04 5.649240523000000113e-04
6.842000000000000000e+03 6.843000000000000000e+03 -7.919697709999999613e-04 2.173699780000000210e-03
6.843000000000000000e+03 6.844000000000000000e+03 2.554195642000000026e-03 5.246327555999999795e-03
6.844000000000000000e+03 6.845000000000000000e+03 -4.326380999999999803e-04 4.163441961999999989e-03
6.845000000000000000e+03 6.846000000000000000e+03 5.005242053399999724e-03 3.260963507899999805e-03
6.846000000000000000e+03 6.847000000000000000e+03 -1.022191758499999990e-03 3.919795904299999689e-03
6.847000000000000000e+03 6.848000000000000000e+03 9.582784295000000346e-04 2.646097677399999841e-03
6.848000000000000000e+03 6.849000000000000000e+03 3.643185940100000190e-03 2.443429731099999985e-03
6.849000000000000000e+03 6.850000000000000000e+03 -7.846079808899999661e-04 2.084857895199999922e-03
6.850000000000000000e+03 6.851000000000000000e+03 6.021024722900000098e-03 1.508963086999999970e-03
6.851000000000000000e+03 6.852000000000000000e+03 -1.135356464899999916e-04 9.112921113999999717e-04
6.852000000000000000e+03 6.853000000000000000e+03 1.449753074900000070e-03 1.183951219100000006e-03
6.853000000000000000e+03 6.854000000000000000e+03 5.723907656000000281e-03 3.655618562000000158e-03
6.854000000000000000e+03 6.855000000000000000e+03 -2.252598266800000248e-03 2.779138577999999866e-03
6.855000000000000000e+03 6.856000000000000000e+03 1.525742654999999838e-03 3.680612056999999979e-03
6.856000000000000000e+03 6.857000000000000000e+03 5.961186200999999893e-03 3.128722790000000326e-03
6.857000000000000000e+03 6.858000000000000000e+03 1.539263385999999935e-02 4.726598682000000134e-03
6.858000000000000000e+03 6.859000000000000000e+03 7.071513247000000071e-03 3.770800609099999971e-03
6.859000000000000000e+03 6.860000000000000000e+03 2.793695020500000254e-03 2.217533759899999960e-03
6.860000000000000000e+03 6.861000000000000000e+03 6.372565550000000036e-05 2.146878172800000071e-03
6.861000000000000000e+03 6.862000000000000000e+03 2.534160149999999885e-05 7.592384988999999499e-04
6.862000000000000000e+03 6.863000000000000000e+03 1.940460513900000000e-03 1.277957229099999960e-03
6.863000000000000000e+03 6.864000000000000000e+03 2.084265394999999799e-03 1.107087827800000077e-03
6.864000000000000000e+03 6.865000000000000000e+03 8.067114958999999433e-03 4.540657478000000719e-03
6.865000000000000000e+03 6.866000000000000000e+03 6.941214046000000054e-03 4.959777987999999804e-03
6.866000000000000000e+03 6.867000000000000000e+03 2.268174603100000034e-03 4.254093520000000114e-03
6.867000000000000000e+03 6.868000000000000000e+03 5.021888870999999949e-03 2.959787779400000016e-03
6.868000000000000000e+03 6.869000000000000000e+03 -3.610604750799999759e-03 3.861502493999999924e-03
6.869000000000000000e+03 6.870000000000000000e+03 4.936891936499999620e-03 2.916452058300000177e-03
6.870000000000000000e+03 6.871000000000000000e+03 6.304486469000000065e-03 3.656100641000000276e-03
6.871000000000000000e+03 6.872000000000000000e+03 2.589454624999999819e-03 2.640753401600000241e-03
6.872000000000000000e+03 6.873000000000000000e+03 -8.419976560999999950e-04 1.807769584200000093e-03
6.873000000000000000e+03 6.874000000000000000e+03 -1.592728777999999996e-03 9.178845609000000532e-04
6.874000000000000000e+03 6.875000000000000000e+03 -4.726546973999999775e-04 8.269654755000000867e-04
6.875000000000000000e+03 6.876000000000000000e+03 3.233312004999999885e-03 2.848620994999999986e-03
6.876000000000000000e+03 6.877000000000000000e+03 2.377616241000000269e-03 3.689422296000000046e-03
6.877000000000000000e+03 6.878000000000000000e+03 1.260661518400000083e-02 4.899206244000000460e-03
6.878000000000000000e+03 6.879000000000000000e+03 6.640866897999999491e-03 5.273929447000000499e-03
6.879000000000000000e+03 6.880000000000000000e+03 -4.457313762700000452e-03 3.100700348200000154e-03
6.880000000000000000e+03 6.881000000000000000e+03 4.478024328799999967e-03 2.421696775499999812e-03
6.881000000000000000e+03 6.882000000000000000e+03 1.148892146600000034e-03 1.255417449400000060e-03
6.882000000000000000e+03 6.883000000000000000e+03 8.557081939900000080e-04 7.771373979799999854e-04
6.883000000000000000e+03 6.884000000000000000e+03 -3.381027761699999939e-03 1.407201900200000114e-03
6.884000000000000000e+03 6.885000000000000000e+03 4.349743019699999760e-04 5.097099657999999874e-04
6.885000000000000000e+03 6.886000000000000000e+03 -1.382614005999999969e-05 4.275853782999999614e-04
6.886000000000000000e+03 6.887000000000000000e+03 5.238295171000000201e-03 3.868885539999999870e-03
6.887000000000000000e+03 6.888000000000000000e+03 1.755165024000000058e-03 4.429609777999999644e-03
6.888000000000000000e+03 6.889000000000000000e+03 -1.665133960199999871e-03 2.935208170000000102e-03
6.889000000000000000e+03 6.890000000000000000e+03 6.219262128000000280e-04 4.193821662999999873e-03
6.890000000000000000e+03 6.891000000000000000e+03 3.026360720000000233e-03 3.331409588400000184e-03
6.891000000000000000e+03 6.892000000000000000e+03 1.987169865000000014e-03 2.994933240799999702e-03
6.892000000000000000e+03 6.893000000000000000e+03 3.718389885819999713e-03 1.872848910100000010e-03
6.893000000000000000e+03 6.894000000000000000e+03 8.316250982010000084e-03 2.702147406200000081e-03
6.894000000000000000e+03 6.895000000000000000e+03 2.428504087300000294e-03 1.027766668300000028e-03
6.895000000000000000e+03 6.896000000000000000e+03 3.466034856000000048e-04 5.334961478999999214e-04
6.896000000000000000e+03 6.897000000000000000e+03 3.919393823399999950e-04 4.625531123000000159e-04
6.897000000000000000e+03 6.898000000000000000e+03 -1.365926270799999991e-03 3.627733016000000109e-03
6.898000000000000000e+03 6.899000000000000000e+03 -6.926432900000000631e-05 3.541327826999999661e-03
6.899000000000000000e+03 6.900000000000000000e+03 -1.232471691700000186e-03 2.925756736999999934e-03
6.900000000000000000e+03 6.901000000000000000e+03 7.257196807999999853e-03 3.994056988800000381e-03
6.901000000000000000e+03 6.902000000000000000e+03 1.156453763509999837e-02 3.964709760799999677e-03
6.902000000000000000e+03 6.903000000000000000e+03 3.236675039999999950e-05 2.519440463800000102e-03
6.903000000000000000e+03 6.904000000000000000e+03 1.601084399000000046e-04 3.207207387600000386e-03
6.904000000000000000e+03 6.905000000000000000e+03 1.712379140600000160e-03 2.754305115699999789e-03
6.905000000000000000e+03 6.906000000000000000e+03 -1.170432512400000147e-03 9.396658673000000571e-04
6.906000000000000000e+03 6.907000000000000000e+03 -7.358616879999999553e-06 1.126051911299999963e-03
6.907000000000000000e+03 6.908000000000000000e+03 -2.965836235000000052e-04 5.182409067999999962e-04
6.908000000000000000e+03 6.909000000000000000e+03 -3.076521000000000355e-04 3.478349045000000191e-03
6.909000000000000000e+03 6.910000000000000000e+03 1.918459192100000149e-03 3.637770768000000206e-03
6.910000000000000000e+03 6.911000000000000000e+03 -4.353016093000000412e-03 4.568593942999999401e-03
6.911000000000000000e+03 6.912000000000000000e+03 2.413606549699999927e-03 3.758294778999999620e-03
6.912000000000000000e+03 6.913000000000000000e+03 1.114387881899999962e-03 2.979952165199999635e-03
6.913000000000000000e+03 6.914000000000000000e+03 2.757016222350000111e-03 2.662483408299999924e-03
6.914000000000000000e+03 6.915000000000000000e+03 1.474098633700000101e-03 2.228750496099999884e-03
6.915000000000000000e+03 6.916000000000000000e+03 -2.416192217017000023e-03 1.761375458699999995e-03
6.916000000000000000e+03 6.917000000000000000e+03 -8.364469054000000028e-04 2.023002129699999745e-03
6.917000000000000000e+03 6.918000000000000000e+03 -2.842144160000000452e-04 8.898569105999999847e-04
6.918000000000000000e+03 6.919000000000000000e+03 -5.738914792999999558e-04 3.831491677999999696e-04
6.919000000000000000e+03 6.920000000000000000e+03 -2.354440153000000001e-03 4.323192568999999902e-03
6.920000000000000000e+03 6.921000000000000000e+03 -3.044853287999999859e-03 2.657577921999999728e-03
6.921000000000000000e+03 6.922000000000000000e+03 1.815673777100000087e-03 2.981107088500000064e-03
6.922000000000000000e+03 6.923000000000000000e+03 -6.911753035999999503e-03 3.735610590000000130e-03
6.923000000000000000e+03 6.924000000000000000e+03 4.735357190000000042e-03 2.809664155900000286e-03
6.924000000000000000e+03 6.925000000000000000e+03 2.534327836399999888e-03 3.555070116500000203e-03
6.925000000000000000e+03 6.926000000000000000e+03 -1.538842448969999967e-03 2.099362461900000035e-03
6.926000000000000000e+03 6.927000000000000000e+03 6.269899066099999391e-03 2.312714713699999709e-03
6.927000000000000000e+03 6.928000000000000000e+03 3.412806685999999752e-04 1.833667972800000039e-03
6.928000000000000000e+03 6.929000000000000000e+03 4.254244383999999891e-04 6.036886106299999173e-04
6.929000000000000000e+03 6.930000000000000000e+03 -4.772471817399999818e-04 4.836101283999999826e-04
6.930000000000000000e+03 6.931000000000000000e+03 -2.275114879999999855e-04 3.973071578000000187e-03
6.931000000000000000e+03 6.932000000000000000e+03 6.814508355999999815e-03 5.015190165000000741e-03
6.932000000000000000e+03 6.933000000000000000e+03 -3.703950699999999929e-03 4.490725790999999974e-03
6.933000000000000000e+03 6.934000000000000000e+03 5.718985891000000557e-03 3.920434906399999746e-03
6.934000000000000000e+03 6.935000000000000000e+03 5.806648344000000551e-03 4.060192849000000305e-03
6.935000000000000000e+03 6.936000000000000000e+03 2.643390474299999685e-03 2.990555223699999706e-03
6.936000000000000000e+03 6.937000000000000000e+03 -1.252203081941999970e-03 2.343438272300000028e-03
6.937000000000000000e+03 6.938000000000000000e+03 -5.272212367000000130e-04 9.727370769000000337e-04
6.938000000000000000e+03 6.939000000000000000e+03 1.457946752100000012e-03 9.804482433999998914e-04
6.939000000000000000e+03 6.940000000000000000e+03 -1.903866352599999914e-03 1.202866661000000096e-03
6.940000000000000000e+03 6.941000000000000000e+03 -2.335633193799999992e-05 1.124330795999999982e-04
6.941000000000000000e+03 6.942000000000000000e+03 2.055644842999999802e-03 4.234159268999999719e-03
6.942000000000000000e+03 6.943000000000000000e+03 4.481467280000000608e-05 2.304049082200000133e-03
6.943000000000000000e+03 6.944000000000000000e+03 1.159430732899999900e-02 4.962253260000000499e-03
6.944000000000000000e+03 6.945000000000000000e+03 4.611542932999999900e-03 3.650155886999999905e-03
6.945000000000000000e+03 6.946000000000000000e+03 8.849979103000000027e-03 3.621582609000000095e-03
6.946000000000000000e+03 6.947000000000000000e+03 4.981815886300000086e-03 3.643910006499999962e-03
6.947000000000000000e+03 6.948000000000000000e+03 2.351723126900000065e-03 3.623463626199999784e-03
6.948000000000000000e+03 6.949000000000000000e+03 2.808346836800000254e-04 1.764991336300000043e-03
6.949000000000000000e+03 6.950000000000000000e+03 1.009421558699999822e-03 6.376665548000000523e-04
6.950000000000000000e+03 6.951000000000000000e+03 9.009612091899999939e-04 8.276312874000000706e-04
6.951000000000000000e+03 6.952000000000000000e+03 2.691323029999999794e-04 6.412693702000000790e-04
6.952000000000000000e+03 6.953000000000000000e+03 3.027044895999999891e-03 4.034426015000000185e-03
6.953000000000000000e+03 6.954000000000000000e+03 4.535596578699999624e-03 2.913232618000000107e-03
6.954000000000000000e+03 6.955000000000000000e+03 4.015621716000000209e-03 4.005435346999999813e-03
6.955000000000000000e+03 6.956000000000000000e+03 5.278601702799999573e-03 4.084734792400000238e-03
6.956000000000000000e+03 6.957000000000000000e+03 8.232519998999999686e-03 3.728483194799999800e-03
6.957000000000000000e+03 6.958000000000000000e+03 7.825513894000000201e-04 2.426761813999999719e-03
6.958000000000000000e+03 6.959000000000000000e+03 -1.444609975299999960e-03 1.888374394200000072e-03
6.959000000000000000e+03 6.960000000000000000e+03 -7.720845982600000549e-04 2.004891186000000089e-03
6.960000000000000000e+03 6.961000000000000000e+03 9.347520099999999510e-06 1.107113286600000090e-03
6.961000000000000000e+03 6.962000000000000000e+03 2.803639963999999965e-04 5.864281452999999542e-04
6.962000000000000000e+03 6.963000000000000000e+03 -2.296060638999999936e-04 3.296075576999999953e-04
6.963000000000000000e+03 6.964000000000000000e+03 -3.027689808000000316e-03 4.244024420999999506e-03
6.964000000000000000e+03 6.965000000000000000e+03 -6.183361999999999973e-04 3.867093022999999741e-03
6.965000000000000000e+03 6.966000000000000000e+03 6.663652184000000075e-03 3.646659596000000232e-03
6.966000000000000000e+03 6.967000000000000000e+03 8.416544706999999972e-03 2.782697134500000322e-03
6.967000000000000000e+03 6.968000000000000000e+03 1.032803082800000036e-02 3.756307650800000224e-03
6.968000000000000000e+03 6.969000000000000000e+03 5.350204935700000018e-03 3.152193756800000021e-03
6.969000000000000000e+03 6.970000000000000000e+03 -1.108978744099999979e-03 1.738059193399999923e-03
6.970000000000000000e+03 6.971000000000000000e+03 -4.340601226699999731e-04 2.094147953599999942e-03
6.971000000000000000e+03 6.972000000000000000e+03 1.960234223299999953e-03 1.313103737699999971e-03
6.972000000000000000e+03 6.973000000000000000e+03 2.217722896805000149e-03 1.267839343700000090e-03
6.973000000000000000e+03 6.974000000000000000e+03 -3.719659571999999609e-04 2.298946834999999978e-04
6.974000000000000000e+03 6.975000000000000000e+03 2.699164578999999628e-04 1.831286922599999981e-03
6.975000000000000000e+03 6.976000000000000000e+03 -8.959205133000000803e-04 3.708944151000000307e-03
6.976000000000000000e+03 6.977000000000000000e+03 -1.585360738000000155e-03 5.973239780999999894e-03
6.977000000000000000e+03 6.978000000000000000e+03 -3.242151979899999658e-03 3.208394642800000123e-03
6.978000000000000000e+03 6.979000000000000000e+03 9.290665386700000181e-03 3.489748775000000355e-03
6.979000000000000000e+03 6.980000000000000000e+03 1.492701363800000031e-03 3.723602851699999924e-03
6.980000000000000000e+03 6.981000000000000000e+03 5.065113935999999940e-04 1.807052112100000036e-03
6.981000000000000000e+03 6.982000000000000000e+03 1.640837792299999938e-03 1.622455708099999937e-03
6.982000000000000000e+03 6.983000000000000000e+03 7.312660594999999264e-04 1.477970942800000071e-03
6.983000000000000000e+03 6.984000000000000000e+03 -6.904718340000000386e-04 9.091452832000000012e-04
6.984000000000000000e+03 6.985000000000000000e+03 -7.001871562999999708e-04 6.299274605000000724e-04
6.985000000000000000e+03 6.986000000000000000e+03 -5.425630574000000171e-03 4.598084565000000457e-03
6.986000000000000000e+03 6.987000000000000000e+03 -3.211596373999999962e-03 3.557909849999999798e-03
6.987000000000000000e+03 6.988000000000000000e+03 1.771974966000000205e-03 4.851001462000000507e-03
6.988000000000000000e+03 6.989000000000000000e+03 6.482632128000000030e-04 2.853360916599999991e-03
6.989000000000000000e+03 6.990000000000000000e+03 1.130490683099999970e-02 4.067930051100000083e-03
6.990000000000000000e+03 6.991000000000000000e+03 -1.089566068000000091e-04 2.838615584700000284e-03
6.991000000000000000e+03 6.992000000000000000e+03 5.588388202070000178e-03 2.750220170399999935e-03
6.992000000000000000e+03 6.993000000000000000e+03 1.427326061899999912e-03 1.855657377199999890e-03
6.993000000000000000e+03 6.994000000000000000e+03 -7.455086484000000109e-04 1.257226894500000072e-03
6.994000000000000000e+03 6.995000000000000000e+03 8.129458634700000670e-04 8.029518221999999142e-04
6.995000000000000000e+03 6.996000000000000000e+03 7.385038145599999090e-04 6.349082156999999622e-04
6.996000000000000000e+03 6.997000000000000000e+03 -1.732345435300000191e-03 1.806793735600000081e-03
6.997000000000000000e+03 6.998000000000000000e+03 -3.495126000999999871e-03 3.176344020000000136e-03
6.998000000000000000e+03 6.999000000000000000e+03 5.495094953999999938e-04 1.755391400600000030e-03
6.999000000000000000e+03 7.000000000000000000e+03 2.695452684999999956e-03 4.256290047000000493e-03
7.000000000000000000e+03 7.001000000000000000e+03 1.771058618999999962e-03 4.300509574200000150e-03
7.001000000000000000e+03 7.002000000000000000e+03 1.572009867899999995e-03 3.199568185699999939e-03
7.002000000000000000e+03 7.003000000000000000e+03 3.556563252800000116e-03 1.440016663299999904e-03
7.003000000000000000e+03 7.004000000000000000e+03 5.938946539064999738e-03 2.338095795099999832e-03
7.004000000000000000e+03 7.005000000000000000e+03 -2.510989769270000060e-03 1.367849975399999893e-03
7.005000000000000000e+03 7.006000000000000000e+03 -2.339860264100000146e-03 1.022305661800000046e-03
7.006000000000000000e+03 7.007000000000000000e+03 -5.857785953999999342e-04 3.857628402999999898e-04
7.007000000000000000e+03 7.008000000000000000e+03 -2.229895216300000014e-03 4.187264811999999795e-03
7.008000000000000000e+03 7.009000000000000000e+03 -3.140581775800000124e-03 3.309903926000000093e-03
7.009000000000000000e+03 7.010000000000000000e+03 4.706551760299999831e-03 4.169397957399999591e-03
7.010000000000000000e+03 7.011000000000000000e+03 9.942997542000000730e-03 4.429633118000000057e-03
7.011000000000000000e+03 7.012000000000000000e+03 8.569690741999999237e-03 4.539594301199999932e-03
7.012000000000000000e+03 7.013000000000000000e+03 8.033958656400001092e-03 3.177850394799999843e-03
7.013000000000000000e+03 7.014000000000000000e+03 6.471524368000000464e-04 2.999073064100000151e-03
7.014000000000000000e+03 7.015000000000000000e+03 1.371560395000000123e-03 1.997956544500000160e-03
7.015000000000000000e+03 7.016000000000000000e+03 -8.164339755699999814e-04 9.880646580999999287e-04
7.016000000000000000e+03 7.017000000000000000e+03 6.031622523800000057e-04 1.680997053399999963e-03
7.017000000000000000e+03 7.018000000000000000e+03 7.318634713000000264e-04 5.886302457999999628e-04
7.018000000000000000e+03 7.019000000000000000e+03 1.313980012299999960e-03 3.423478573000000077e-03
7.019000000000000000e+03 7.020000000000000000e+03 5.217652469999999780e-04 2.379693673999999908e-03
7.020000000000000000e+03 7.021000000000000000e+03 5.508861759100000186e-03 4.464138014000000251e-03
7.021000000000000000e+03 7.022000000000000000e+03 6.791573750000000007e-03 4.819616873999999634e-03
7.022000000000000000e+03 7.023000000000000000e+03 -1.165144523100000067e-03 2.696899465699999828e-03
7.023000000000000000e+03 7.024000000000000000e+03 1.427392913700000193e-03 2.351960705100000250e-03
7.024000000000000000e+03 7.025000000000000000e+03 3.076126939399999945e-04 5.559621886500000412e-04
7.025000000000000000e+03 7.026000000000000000e+03 3.663152921000000038e-03 2.042089324699999930e-03
7.026000000000000000e+03 7.027000000000000000e+03 1.224534662059999918e-03 9.924311307000000838e-04
7.027000000000000000e+03 7.028000000000000000e+03 -2.579711202100000086e-04 7.767942040999999522e-04
7.028000000000000000e+03 7.029000000000000000e+03 1.006542645300000094e-03 5.477178079000000199e-04
7.029000000000000000e+03 7.030000000000000000e+03 1.812252040000000147e-03 2.822181983999999966e-03
7.030000000000000000e+03 7.031000000000000000e+03 -2.687420900000000025e-04 3.909713730000000109e-03
7.031000000000000000e+03 7.032000000000000000e+03 4.401468517000000497e-03 4.289250414000000608e-03
7.032000000000000000e+03 7.033000000000000000e+03 8.260164602999999287e-03 4.746049753000000475e-03
7.033000000000000000e+03 7.034000000000000000e+03 1.918914532000000122e-03 3.441342435699999962e-03
7.034000000000000000e+03 7.035000000000000000e+03 6.081647809500000806e-03 2.914851061000000177e-03
7.035000000000000000e+03 7.036000000000000000e+03 -2.707341309999999781e-05 2.832810559999999773e-03
7.036000000000000000e+03 7.037000000000000000e+03 8.438055753000000105e-04 1.135567333700000011e-03
7.037000000000000000e+03 7.038000000000000000e+03 1.010553230900000047e-03 1.416584623400000053e-03
7.038000000000000000e+03 7.039000000000000000e+03 1.239635598699999949e-03 5.880160672000000295e-04
7.039000000000000000e+03 7.040000000000000000e+03 1.727218084100000167e-03 1.203918234000000151e-03
7.040000000000000000e+03 7.041000000000000000e+03 3.211317430000000007e-03 3.442741787999999917e-03
7.041000000000000000e+03 7.042000000000000000e+03 5.181082109999999609e-03 3.442854759999999965e-03
7.042000000000000000e+03 7.043000000000000000e+03 -3.078950845099999965e-03 3.900517351999999941e-03
7.043000000000000000e+03 7.044000000000000000e+03 8.858737093000000271e-03 3.840442417000000403e-03
7.044000000000000000e+03 7.045000000000000000e+03 8.937593992000000126e-03 2.589514570499999897e-03
7.045000000000000000e+03 7.046000000000000000e+03 4.817825953800000324e-03 2.819598044400000152e-03
7.046000000000000000e+03 7.047000000000000000e+03 1.202127307899999867e-03 2.459992044200000252e-03
7.047000000000000000e+03 7.048000000000000000e+03 -3.760848055000000334e-04 1.758469172500000096e-03
7.048000000000000000e+03 7.049000000000000000e+03 -1.692447367200000088e-04 1.741638507600000007e-03
7.049000000000000000e+03 7.050000000000000000e+03 1.931747224200000080e-03 1.175768419700000010e-03
7.050000000000000000e+03 7.051000000000000000e+03 -3.224919487000000142e-04 3.808980972000000132e-04
7.051000000000000000e+03 7.052000000000000000e+03 5.327820482999999410e-04 2.964582229999999843e-03
7.052000000000000000e+03 7.053000000000000000e+03 -5.040742328999999952e-03 2.903157384999999722e-03
7.053000000000000000e+03 7.054000000000000000e+03 -7.557082391999999857e-04 2.570307531900000147e-03
7.054000000000000000e+03 7.055000000000000000e+03 2.887186662100000179e-03 3.444192772999999947e-03
7.055000000000000000e+03 7.056000000000000000e+03 4.832218973000000227e-04 3.133887426699999684e-03
7.056000000000000000e+03 7.057000000000000000e+03 -1.201484358100000016e-03 3.230628273299999964e-03
7.057000000000000000e+03 7.058000000000000000e+03 6.769689830000000979e-04 1.860221836999999918e-03
7.058000000000000000e+03 7.059000000000000000e+03 7.499591175091000188e-04 1.575181265199999915e-03
7.059000000000000000e+03 7.060000000000000000e+03 -7.825781517400000418e-04 4.078297210200000134e-04
7.060000000000000000e+03 7.061000000000000000e+03 -5.150809528199999914e-04 5.212189323999999241e-04
7.061000000000000000e+03 7.062000000000000000e+03 8.538847113999999561e-04 8.060437025999999837e-04
7.062000000000000000e+03 7.063000000000000000e+03 -5.624001325999999999e-04 2.196840829200000147e-03
7.063000000000000000e+03 7.064000000000000000e+03 2.151760038700000193e-03 3.586168783000000162e-03
7.064000000000000000e+03 7.065000000000000000e+03 8.748635939000000417e-03 3.853202746000000071e-03
7.065000000000000000e+03 7.066000000000000000e+03 -7.302089382999999660e-04 3.847176295000000017e-03
7.066000000000000000e+03 7.067000000000000000e+03 6.280544493000000082e-03 4.256611381000000201e-03
7.067000000000000000e+03 7.068000000000000000e+03 5.320425998399999981e-03 3.336170966999999887e-03
7.068000000000000000e+03 7.069000000000000000e+03 4.765593857699999825e-03 2.477193571999999813e-03
7.069000000000000000e+03 7.070000000000000000e+03 -1.011275707100000145e-03 1.441580423699999813e-03
7.070000000000000000e+03 7.071000000000000000e+03 1.138906697620000038e-03 1.036658260800000066e-03
7.071000000000000000e+03 7.072000000000000000e+03 -3.739336293999999590e-04 5.387040443000000673e-04
7.072000000000000000e+03 7.073000000000000000e+03 -4.039210730000000228e-03 1.743793105000000006e-03
7.073000000000000000e+03 7.074000000000000000e+03 -1.768156305099999846e-03 2.355246991000000019e-03
7.074000000000000000e+03 7.075000000000000000e+03 -4.306254957599999975e-03 3.707008202999999974e-03
7.075000000000000000e+03 7.076000000000000000e+03 -5.807670499700000148e-03 3.727998183000000298e-03
7.076000000000000000e+03 7.077000000000000000e+03 1.564506398000000157e-03 3.741695339999999686e-03
7.077000000000000000e+03 7.078000000000000000e+03 2.595615470770000141e-03 3.180843137900000051e-03
7.078000000000000000e+03 7.079000000000000000e+03 3.141695832999999828e-04 3.254048314500000098e-03
7.079000000000000000e+03 7.080000000000000000e+03 6.776461866899999818e-03 2.147426165100000100e-03
7.080000000000000000e+03 7.081000000000000000e+03 -1.142793470000000040e-04 1.722246215800000025e-03
7.081000000000000000e+03 7.082000000000000000e+03 3.083326447999999893e-04 1.011117844999999838e-03
7.082000000000000000e+03 7.083000000000000000e+03 2.774936398299999844e-04 4.970262486999999603e-04
7.083000000000000000e+03 7.084000000000000000e+03 1.840427696800000026e-03 9.354841555000000192e-04
7.084000000000000000e+03 7.085000000000000000e+03 1.389438865000000014e-03 2.611959613000000222e-03
7.085000000000000000e+03 7.086000000000000000e+03 -3.824167941999999983e-03 2.656150864999999930e-03
7.086000000000000000e+03 7.087000000000000000e+03 3.659739569099999725e-03 3.900425916000000142e-03
7.087000000000000000e+03 7.088000000000000000e+03 -3.367761846099999890e-03 2.179978887500000091e-03
7.088000000000000000e+03 7.089000000000000000e+03 1.426952881999999940e-03 3.369622351600000051e-03
7.089000000000000000e+03 7.090000000000000000e+03 5.698675659799999627e-03 3.045330031000000048e-03
7.090000000000000000e+03 7.091000000000000000e+03 -2.682882993700000038e-03 2.381897356599999970e-03
7.091000000000000000e+03 7.092000000000000000e+03 2.401914769300000224e-03 1.200617129000000095e-03
7.092000000000000000e+03 7.093000000000000000e+03 8.411185234000000642e-04 7.921385329000000175e-04
7.093000000000000000e+03 7.094000000000000000e+03 -8.333263745000000589e-05 3.918818362600000067e-04
7.094000000000000000e+03 7.095000000000000000e+03 2.343347194600000141e-03 1.198488809300000003e-03
7.095000000000000000e+03 7.096000000000000000e+03 5.756552499000000024e-03 4.222826144000000129e-03
7.096000000000000000e+03 7.097000000000000000e+03 -5.676421087999999719e-04 3.345352007000000193e-03
7.097000000000000000e+03 7.098000000000000000e+03 4.297698079000000088e-03 4.338259982999999667e-03
7.098000000000000000e+03 7.099000000000000000e+03 -3.918321460000000249e-05 4.109075169999999548e-03
7.099000000000000000e+03 7.100000000000000000e+03 5.438195018899999456e-03 4.171372158800000507e-03
7.100000000000000000e+03 7.101000000000000000e+03 7.206716641999999983e-04 3.252565292999999927e-03
7.101000000000000000e+03 7.102000000000000000e+03 1.391567534210000042e-03 2.690112628400000150e-03
7.102000000000000000e+03 7.103000000000000000e+03 3.026918679100000053e-04 1.353013285700000031e-03
7.103000000000000000e+03 7.104000000000000000e+03 -8.803778687900000151e-04 7.318794164699999293e-04
7.104000000000000000e+03 7.105000000000000000e+03 -6.662480881999999650e-04 7.518830132999999470e-04
7.105000000000000000e+03 7.106000000000000000e+03 7.462471223000000011e-04 9.239779391999999782e-04
7.106000000000000000e+03 7.107000000000000000e+03 1.463391270400000001e-03 2.027017639299999972e-03
7.107000000000000000e+03 7.108000000000000000e+03 -9.165783982000000243e-04 3.456296297000000309e-03
7.108000000000000000e+03 7.109000000000000000e+03 5.243729132000000482e-04 3.904543117000000303e-03
7.109000000000000000e+03 7.110000000000000000e+03 -2.356479777800000053e-03 3.842368153999999904e-03
7.110000000000000000e+03 7.111000000000000000e+03 1.592682326399999905e-03 2.702362776400000100e-03
7.111000000000000000e+03 7.112000000000000000e+03 2.785240488000000243e-03 2.750173798899999827e-03
7.112000000000000000e+03 7.113000000000000000e+03 1.525067774400000031e-03 2.147992102199999809e-03
7.113000000000000000e+03 7.114000000000000000e+03 -1.076169603500000058e-03 1.737414731199999913e-03
7.114000000000000000e+03 7.115000000000000000e+03 -4.560007702119999980e-04 9.020001003999999697e-04
7.115000000000000000e+03 7.116000000000000000e+03 3.589117995000000103e-04 1.364449738099999957e-03
7.116000000000000000e+03 7.117000000000000000e+03 7.839399228000000323e-04 6.729644791999999558e-04
7.117000000000000000e+03 7.118000000000000000e+03 4.688996758000000403e-03 3.146916677999999929e-03
7.118000000000000000e+03 7.119000000000000000e+03 -3.878352497999999694e-04 1.716221854400000165e-03
7.119000000000000000e+03 7.120000000000000000e+03 -2.407178348999999742e-03 3.728782628000000023e-03
7.120000000000000000e+03 7.121000000000000000e+03 2.986820405579999980e-03 3.070301053200000067e-03
7.121000000000000000e+03 7.122000000000000000e+03 5.748173165000000293e-03 3.655834894099999934e-03
7.122000000000000000e+03 7.123000000000000000e+03 1.176898172499999968e-03 1.833473905399999942e-03
7.123000000000000000e+03 7.124000000000000000e+03 6.879845987000000494e-04 2.562349521699999830e-03
7.124000000000000000e+03 7.125000000000000000e+03 -2.037424121999999865e-03 1.843553025200000018e-03
7.125000000000000000e+03 7.126000000000000000e+03 1.527244939000000235e-04 7.599641544000000724e-04
7.126000000000000000e+03 7.127000000000000000e+03 -4.332053821999999848e-04 1.109073001999999909e-03
7.127000000000000000e+03 7.128000000000000000e+03 -2.341671774000000136e-04 1.921080079000000150e-04
7.128000000000000000e+03 7.129000000000000000e+03 -6.118317718000000670e-04 4.256241021999999929e-03
7.129000000000000000e+03 7.130000000000000000e+03 -4.682422794399999227e-03 4.610803863000000578e-03
7.130000000000000000e+03 7.131000000000000000e+03 5.934325177999999999e-03 2.969805764000000257e-03
7.131000000000000000e+03 7.132000000000000000e+03 -2.823147035700000057e-03 3.888214391000000252e-03
7.132000000000000000e+03 7.133000000000000000e+03 8.715386858999999917e-03 3.511020095199999906e-03
7.133000000000000000e+03 7.134000000000000000e+03 2.311384053049999818e-03 1.851092675800000090e-03
7.134000000000000000e+03 7.135000000000000000e+03 4.545021322299999840e-03 2.634243252600000033e-03
7.135000000000000000e+03 7.136000000000000000e+03 -1.849383949999999907e-04 1.701012957599999957e-03
7.136000000000000000e+03 7.137000000000000000e+03 1.993534829700000042e-03 1.221237852500000080e-03
7.137000000000000000e+03 7.138000000000000000e+03 -1.231643335200000066e-03 8.385101475000000543e-04
7.138000000000000000e+03 7.139000000000000000e+03 8.201810819199999852e-04 3.460738990400000171e-04
7.139000000000000000e+03 7.140000000000000000e+03 1.303743794000000083e-03 3.443911267999999817e-03
7.140000000000000000e+03 7.141000000000000000e+03 3.538894171999999640e-03 4.346575101999999684e-03
7.141000000000000000e+03 7.142000000000000000e+03 -3.697026555719999923e-03 3.713063274999999722e-03
7.142000000000000000e+03 7.143000000000000000e+03 -2.277349244799999842e-03 3.080205572800000062e-03
7.143000000000000000e+03 7.144000000000000000e+03 1.380283916199999926e-03 3.132326907500000007e-03
7.144000000000000000e+03 7.145000000000000000e+03 5.524529342111999565e-03 3.554709410100000046e-03
7.145000000000000000e+03 7.146000000000000000e+03 2.597114932600000023e-03 2.959764127099999940e-03
7.146000000000000000e+03 7.147000000000000000e+03 1.468425439499999961e-03 1.105135405399999956e-03
7.147000000000000000e+03 7.148000000000000000e+03 -1.844211180400000174e-03 9.241402914999999720e-04
7.148000000000000000e+03 7.149000000000000000e+03 9.953816764999999425e-04 8.030418351000000003e-04
7.149000000000000000e+03 7.150000000000000000e+03 2.111592060999999837e-04 4.596343979000000013e-04
7.150000000000000000e+03 7.151000000000000000e+03 1.625642300799999985e-03 2.081265933000000286e-03
7.151000000000000000e+03 7.152000000000000000e+03 2.022783194299999920e-03 3.159853716999999965e-03
7.152000000000000000e+03 7.153000000000000000e+03 8.638499130000000406e-05 3.758078277999999956e-03
7.153000000000000000e+03 7.154000000000000000e+03 4.843013562000000535e-03 3.685598024000000337e-03
7.154000000000000000e+03 7.155000000000000000e+03 2.650727138699999694e-03 3.012564487800000173e-03
7.155000000000000000e+03 7.156000000000000000e+03 -8.472276211000000831e-04 2.933283097300000159e-03
7.156000000000000000e+03 7.157000000000000000e+03 -1.436870239300000202e-03 2.251946479300000192e-03
7.157000000000000000e+03 7.158000000000000000e+03 3.272017958300000012e-03 1.866077762800000088e-03
7.158000000000000000e+03 7.159000000000000000e+03 -1.806377302399999913e-04 1.422394222200000155e-03
7.159000000000000000e+03 7.160000000000000000e+03 1.613621017599999995e-03 1.013362031700000120e-03
7.160000000000000000e+03 7.161000000000000000e+03 4.449892097000000043e-04 8.637011066000000164e-04
7.161000000000000000e+03 7.162000000000000000e+03 8.096521512999999871e-04 3.021856630999999929e-03
7.162000000000000000e+03 7.163000000000000000e+03 4.726839985000000008e-03 2.661712845000000199e-03
7.163000000000000000e+03 7.164000000000000000e+03 7.757747171999999913e-03 4.183697765000000089e-03
7.164000000000000000e+03 7.165000000000000000e+03 6.134250205999999990e-03 3.208611766399999989e-03
7.165000000000000000e+03 7.166000000000000000e+03 3.613442840349999786e-03 3.336668366500000153e-03
7.166000000000000000e+03 7.167000000000000000e+03 3.588484682899999861e-03 2.674838614200000016e-03
7.167000000000000000e+03 7.168000000000000000e+03 -3.747744268999999694e-04 1.119214966600000014e-03
7.168000000000000000e+03 7.169000000000000000e+03 -2.995566246700000126e-03 1.305617862799999867e-03
7.169000000000000000e+03 7.170000000000000000e+03 1.542784783000000185e-04 8.197135440999999897e-04
7.170000000000000000e+03 7.171000000000000000e+03 -1.683173387399999931e-03 2.119322036700000116e-03
7.171000000000000000e+03 7.172000000000000000e+03 8.100642603000000755e-04 7.355940571999999497e-04
7.172000000000000000e+03 7.173000000000000000e+03 -7.084947309999999488e-04 4.294346316000000573e-03
7.173000000000000000e+03 7.174000000000000000e+03 -2.235501275999999746e-03 3.671997574000000070e-03
7.174000000000000000e+03 7.175000000000000000e+03 -1.966413196699999793e-03 3.340514509599999942e-03
7.175000000000000000e+03 7.176000000000000000e+03 -1.155463001600000100e-03 3.125872750000000064e-03
7.176000000000000000e+03 7.177000000000000000e+03 -2.403074680899999847e-03 2.948079841500000041e-03
7.177000000000000000e+03 7.178000000000000000e+03 -1.460545966999999981e-03 3.650850943099999760e-03
7.178000000000000000e+03 7.179000000000000000e+03 1.570392690799999984e-03 2.436298681999999813e-03
7.179000000000000000e+03 7.180000000000000000e+03 6.281864738999999500e-04 1.405583089099999910e-03
7.180000000000000000e+03 7.181000000000000000e+03 -1.340848086399999955e-03 8.191530384999999364e-04
7.181000000000000000e+03 7.182000000000000000e+03 -1.287782811930000132e-03 7.096002212999999274e-04
7.182000000000000000e+03 7.183000000000000000e+03 -1.998317541999999837e-04 3.606310289000000521e-04
7.183000000000000000e+03 7.184000000000000000e+03 1.518322220799999929e-03 1.970628454199999970e-03
7.184000000000000000e+03 7.185000000000000000e+03 4.866046220000000033e-06 1.910184737600000059e-03
7.185000000000000000e+03 7.186000000000000000e+03 4.417095285999999947e-03 2.816788425300000270e-03
7.186000000000000000e+03 7.187000000000000000e+03 3.984594493900000048e-03 3.899470821799999945e-03
7.187000000000000000e+03 7.188000000000000000e+03 -2.163682244900000124e-03 2.791203346500000047e-03
7.188000000000000000e+03 7.189000000000000000e+03 1.642151786770000067e-04 3.359349090299999872e-03
7.189000000000000000e+03 7.190000000000000000e+03 3.272887186000000056e-03 2.346809437600000121e-03
7.190000000000000000e+03 7.191000000000000000e+03 1.010161643700000075e-03 1.728696499700000180e-03
7.191000000000000000e+03 7.192000000000000000e+03 -5.046123480999999827e-04 8.771137551999999777e-04
7.192000000000000000e+03 7.193000000000000000e+03 -5.878915065400000485e-04 7.427677002000000576e-04
7.193000000000000000e+03 7.194000000000000000e+03 3.456807541999999895e-04 5.815545426000000555e-04
7.194000000000000000e+03 7.195000000000000000e+03 -4.337286232000000033e-03 3.563449422000000266e-03
7.195000000000000000e+03 7.196000000000000000e+03 1.229883826000000143e-03 3.373722657999999978e-03
7.196000000000000000e+03 7.197000000000000000e+03 -4.701586220099999644e-03 3.299005197999999896e-03
7.197000000000000000e+03 7.198000000000000000e+03 4.555573444999999784e-03 3.426864119099999779e-03
7.198000000000000000e+03 7.199000000000000000e+03 9.143229654000000969e-03 3.192510925299999781e-03
7.199000000000000000e+03 7.200000000000000000e+03 1.633160088400000031e-03 2.262798655399999789e-03
7.200000000000000000e+03 7.201000000000000000e+03 1.523024509799999950e-03 2.073478074700000218e-03
7.201000000000000000e+03 7.202000000000000000e+03 3.183562490199999973e-03 1.638800382400000056e-03
7.202000000000000000e+03 7.203000000000000000e+03 -4.220728934999999605e-04 9.681561542999999334e-04
7.203000000000000000e+03 7.204000000000000000e+03 2.427263834299999996e-03 1.221521488199999892e-03
7.204000000000000000e+03 7.205000000000000000e+03 1.932788969099999800e-04 4.593942263999999977e-04
7.205000000000000000e+03 7.206000000000000000e+03 -7.414164092000000063e-04 2.497071910999999842e-03
7.206000000000000000e+03 7.207000000000000000e+03 2.164989383000000180e-03 3.717022402000000076e-03
7.207000000000000000e+03 7.208000000000000000e+03 -1.346705382000000116e-03 3.223098746000000250e-03
7.208000000000000000e+03 7.209000000000000000e+03 5.088595750000000049e-03 3.552377999999999699e-03
7.209000000000000000e+03 7.210000000000000000e+03 5.491988033000000033e-03 2.952713373299999892e-03
7.210000000000000000e+03 7.211000000000000000e+03 3.356251846099999724e-03 3.078463754799999879e-03
7.211000000000000000e+03 7.212000000000000000e+03 2.931043050199999903e-03 2.816398324200000084e-03
7.212000000000000000e+03 7.213000000000000000e+03 -1.365120958900000033e-03 1.014222750300000035e-03
7.213000000000000000e+03 7.214000000000000000e+03 9.181285064300000296e-05 9.394416630000000136e-04
7.214000000000000000e+03 7.215000000000000000e+03 2.166876217999999922e-04 5.008720529999999760e-04
7.215000000000000000e+03 7.216000000000000000e+03 1.889538540500000077e-03 9.573587796999999356e-04
7.216000000000000000e+03 7.217000000000000000e+03 3.177667315500000162e-03 2.851647492999999887e-03
7.217000000000000000e+03 7.218000000000000000e+03 1.978010398199999981e-03 3.569007087999999991e-03
7.218000000000000000e+03 7.219000000000000000e+03 -1.216110053199999808e-03 3.142638894000000013e-03
7.219000000000000000e+03 7.220000000000000000e+03 2.304454866000000060e-03 2.830903721199999959e-03
7.220000000000000000e+03 7.221000000000000000e+03 1.719261186500000045e-03 4.391865362000000293e-03
7.221000000000000000e+03 7.222000000000000000e+03 1.463009508599999930e-03 2.210294842500000120e-03
7.222000000000000000e+03 7.223000000000000000e+03 -1.897513504799999955e-03 1.696983460800000152e-03
7.223000000000000000e+03 7.224000000000000000e+03 3.075741116609999760e-03 1.953005034699999880e-03
7.224000000000000000e+03 7.225000000000000000e+03 -1.730820310000000055e-04 6.226407439000000189e-04
7.225000000000000000e+03 7.226000000000000000e+03 1.840064042000000082e-04 7.478522142999999680e-04
7.226000000000000000e+03 7.227000000000000000e+03 -1.325171915899999873e-04 1.526833445900000093e-04
7.227000000000000000e+03 7.228000000000000000e+03 -2.085520340799999761e-03 2.577602469999999875e-03
7.228000000000000000e+03 7.229000000000000000e+03 1.096482105539999885e-03 2.243152505900000270e-03
7.229000000000000000e+03 7.230000000000000000e+03 5.553486181000000417e-03 3.738491353999999923e-03
7.230000000000000000e+03 7.231000000000000000e+03 2.210188154200000074e-03 2.939701539999999870e-03
7.231000000000000000e+03 7.232000000000000000e+03 1.629610790000000169e-05 2.804035391499999814e-03
7.232000000000000000e+03 7.233000000000000000e+03 3.010482319799999938e-03 2.345626095099999885e-03
7.233000000000000000e+03 7.234000000000000000e+03 2.202632071799999914e-03 2.458315886499999690e-03
7.234000000000000000e+03 7.235000000000000000e+03 2.408903507799999965e-03 1.350228644399999916e-03
7.235000000000000000e+03 7.236000000000000000e+03 -1.950753042609999896e-03 1.215094514100000097e-03
7.236000000000000000e+03 7.237000000000000000e+03 1.587157266499999921e-04 5.373323443000000343e-04
7.237000000000000000e+03 7.238000000000000000e+03 -4.823861350000000289e-05 2.110055058999999822e-04
7.238000000000000000e+03 7.239000000000000000e+03 9.843011538000000921e-03 4.131529121000000054e-03
7.239000000000000000e+03 7.240000000000000000e+03 6.187679676999999863e-04 3.255645673000000066e-03
7.240000000000000000e+03 7.241000000000000000e+03 6.392301760999999968e-04 4.179377423999999785e-03
7.241000000000000000e+03 7.242000000000000000e+03 1.383437034199999985e-02 3.777752677999999999e-03
7.242000000000000000e+03 7.243000000000000000e+03 4.922852676100000768e-03 3.357762641800000111e-03
7.243000000000000000e+03 7.244000000000000000e+03 4.203420676999999710e-03 2.552119650299999876e-03
7.244000000000000000e+03 7.245000000000000000e+03 -1.925124505400000125e-03 1.619133765699999963e-03
7.245000000000000000e+03 7.246000000000000000e+03 1.542516062799999862e-03 1.585841535999999970e-03
7.246000000000000000e+03 7.247000000000000000e+03 2.323422585999999944e-04 4.953403463999999767e-04
7.247000000000000000e+03 7.248000000000000000e+03 9.035657531999999282e-04 1.252430875900000006e-03
7.248000000000000000e+03 7.249000000000000000e+03 1.118851614999999845e-03 1.195316807900000024e-03
7.249000000000000000e+03 7.250000000000000000e+03 -2.791533705900000033e-03 2.275686651699999809e-03
7.250000000000000000e+03 7.251000000000000000e+03 3.562609858000000043e-03 3.204875763000000245e-03
7.251000000000000000e+03 7.252000000000000000e+03 1.986085722999999994e-03 3.581106172500000094e-03
7.252000000000000000e+03 7.253000000000000000e+03 2.456949127000000298e-03 2.600993002199999959e-03
7.253000000000000000e+03 7.254000000000000000e+03 5.113125860000000298e-04 3.750555347199999688e-03
7.254000000000000000e+03 7.255000000000000000e+03 1.971359686899999773e-03 3.549332957900000300e-03
7.255000000000000000e+03 7.256000000000000000e+03 -1.025865032000000026e-04 2.095718437500000090e-03
7.256000000000000000e+03 7.257000000000000000e+03 -5.144316312999999957e-04 6.540254064999999209e-04
7.257000000000000000e+03 7.258000000000000000e+03 -2.039159204399999988e-03 1.088608956499999888e-03
7.258000000000000000e+03 7.259000000000000000e+03 -7.466365310000000043e-04 4.552808101999999903e-04
7.259000000000000000e+03 7.260000000000000000e+03 -6.619657980000000458e-05 5.088066518999999040e-04
7.260000000000000000e+03 7.261000000000000000e+03 2.840933064000000091e-03 2.394545919200000064e-03
7.261000000000000000e+03 7.262000000000000000e+03 -3.835972858000000468e-04 2.063645786100000001e-03
7.262000000000000000e+03 7.263000000000000000e+03 -3.882456611000000002e-03 2.262741846099999930e-03
7.263000000000000000e+03 7.264000000000000000e+03 3.257213143999999655e-04 1.640219539600000151e-03
7.264000000000000000e+03 7.265000000000000000e+03 1.390941589499999952e-03 3.848772335700000220e-03
7.265000000000000000e+03 7.266000000000000000e+03 1.981988808000000307e-03 3.052852682200000046e-03
7.266000000000000000e+03 7.267000000000000000e+03 7.691928860500000034e-04 2.033757705900000098e-03
7.267000000000000000e+03 7.268000000000000000e+03 -8.660015565999999547e-04 5.125184204499999042e-04
7.268000000000000000e+03 7.269000000000000000e+03 5.868222095999999811e-04 6.669332744999999663e-04
7.269000000000000000e+03 7.270000000000000000e+03 3.933278767999999655e-04 8.632914721999999930e-04
7.270000000000000000e+03 7.271000000000000000e+03 -2.481244219000000280e-04 2.009614058000000101e-04
7.271000000000000000e+03 7.272000000000000000e+03 7.019002662999999399e-03 4.718700425999999316e-03
7.272000000000000000e+03 7.273000000000000000e+03 -1.025693362400000030e-03 3.325938822999999819e-03
7.273000000000000000e+03 7.274000000000000000e+03 -1.581680222000000002e-03 3.843209984000000180e-03
7.274000000000000000e+03 7.275000000000000000e+03 -2.471652711199999897e-03 2.460898693500000040e-03
7.275000000000000000e+03 7.276000000000000000e+03 -8.317806711099999918e-04 1.562370461500000099e-03
7.276000000000000000e+03 7.277000000000000000e+03 -5.123792586999999883e-04 2.298342664099999912e-03
7.277000000000000000e+03 7.278000000000000000e+03 2.536919565599999888e-03 1.322815604100000030e-03
7.278000000000000000e+03 7.279000000000000000e+03 -4.180006240000000233e-05 1.078403472999999975e-03
7.279000000000000000e+03 7.280000000000000000e+03 -2.137035426299999986e-04 8.765998601999999218e-04
7.280000000000000000e+03 7.281000000000000000e+03 1.428266840000000021e-05 7.325824256000000806e-04
7.281000000000000000e+03 7.282000000000000000e+03 3.192450152000000149e-04 1.817951455799999899e-04
7.282000000000000000e+03 7.283000000000000000e+03 -1.126961533699999884e-04 2.990003992000000131e-03
7.283000000000000000e+03 7.284000000000000000e+03 1.306351784999999982e-03 3.116431716999999973e-03
7.284000000000000000e+03 7.285000000000000000e+03 -3.676814731999999823e-04 2.759461799999999784e-03
7.285000000000000000e+03 7.286000000000000000e+03 4.202492317999999977e-03 3.302093608799999865e-03
7.286000000000000000e+03 7.287000000000000000e+03 -2.330030034799999983e-03 3.545775118299999713e-03
7.287000000000000000e+03 7.288000000000000000e+03 5.751347965199999322e-03 2.244919759499999952e-03
7.288000000000000000e+03 7.289000000000000000e+03 1.470628133600000069e-03 1.996502995400000098e-03
7.289000000000000000e+03 7.290000000000000000e+03 1.544528914499999905e-03 1.061278924900000038e-03
7.290000000000000000e+03 7.291000000000000000e+03 1.554342015299999989e-03 1.225558529900000037e-03
7.291000000000000000e+03 7.292000000000000000e+03 1.003657427800000099e-03 9.444688676999999158e-04
7.292000000000000000e+03 7.293000000000000000e+03 1.885010189000000010e-03 1.128260149699999862e-03
7.293000000000000000e+03 7.294000000000000000e+03 2.819293495999999812e-04 2.020261547999999737e-03
7.294000000000000000e+03 7.295000000000000000e+03 9.280054171000000005e-03 4.799396860000000077e-03
7.295000000000000000e+03 7.296000000000000000e+03 4.319713004199999813e-04 3.056287030000000293e-03
7.296000000000000000e+03 7.297000000000000000e+03 6.153198781999999825e-03 4.371238351400000624e-03
7.297000000000000000e+03 7.298000000000000000e+03 -2.893964570089999685e-03 2.308654328099999688e-03
7.298000000000000000e+03 7.299000000000000000e+03 -3.301160905999999773e-04 1.980218163399999863e-03
7.299000000000000000e+03 7.300000000000000000e+03 1.904674310499999924e-03 1.795021757900000080e-03
7.300000000000000000e+03 7.301000000000000000e+03 2.182760437700000111e-03 1.304981348400000019e-03
7.301000000000000000e+03 7.302000000000000000e+03 8.889464423000000611e-04 1.006018775000000172e-03
7.302000000000000000e+03 7.303000000000000000e+03 6.895988261999999418e-04 7.023674318000000180e-04
7.303000000000000000e+03 7.304000000000000000e+03 1.229013834799999897e-03 5.615103660000000376e-04
7.304000000000000000e+03 7.305000000000000000e+03 2.928022206000000112e-04 1.434063390299999963e-03
7.305000000000000000e+03 7.306000000000000000e+03 5.065289259999999558e-03 2.862466544000000137e-03
7.306000000000000000e+03 7.307000000000000000e+03 -4.520111555100000088e-03 2.975076834199999985e-03
7.307000000000000000e+03 7.308000000000000000e+03 1.737786021400000106e-03 2.803682547699999986e-03
7.308000000000000000e+03 7.309000000000000000e+03 1.563845163800000162e-03 2.624417205500000246e-03
7.309000000000000000e+03 7.310000000000000000e+03 1.267410686500000140e-03 2.077172193799999879e-03
7.310000000000000000e+03 7.311000000000000000e+03 -2.904089746500000159e-03 1.678000285100000053e-03
7.311000000000000000e+03 7.312000000000000000e+03 -1.973740309500000151e-03 1.709264223099999898e-03
7.312000000000000000e+03 7.313000000000000000e+03 1.289604264999999993e-03 9.013392022000000408e-04
7.313000000000000000e+03 7.314000000000000000e+03 1.541135562800000026e-04 4.237147185999999826e-04
7.314000000000000000e+03 7.315000000000000000e+03 -2.341192350999999868e-04 4.097355969000000147e-04
7.315000000000000000e+03 7.316000000000000000e+03 4.149499271000000288e-03 2.752248289000000254e-03
7.316000000000000000e+03 7.317000000000000000e+03 -1.429861054700000108e-03 2.048101976299999700e-03
7.317000000000000000e+03 7.318000000000000000e+03 -1.912052136000000021e-04 3.736801683999999967e-03
7.318000000000000000e+03 7.319000000000000000e+03 3.455757456000000186e-03 2.948423429600000034e-03
7.319000000000000000e+03 7.320000000000000000e+03 5.690381766999999535e-03 3.365051805100000102e-03
7.320000000000000000e+03 7.321000000000000000e+03 -2.174830808899999926e-03 2.124752432599999810e-03
7.321000000000000000e+03 7.322000000000000000e+03 3.703685667699999854e-03 1.906283264999999961e-03
7.322000000000000000e+03 7.323000000000000000e+03 -2.179043206270000078e-03 2.179438653400000026e-03
7.323000000000000000e+03 7.324000000000000000e+03 -1.397938300799999971e-03 1.382017487899999840e-03
7.324000000000000000e+03 7.325000000000000000e+03 -5.876660704999999698e-04 5.245946751999999410e-04
7.325000000000000000e+03 7.326000000000000000e+03 3.796552528999999968e-04 1.496721720500000059e-03
7.326000000000000000e+03 7.327000000000000000e+03 1.362345055200000002e-03 2.650560736999999813e-03
7.327000000000000000e+03 7.328000000000000000e+03 6.922550918999999768e-03 2.977083585999999987e-03
7.328000000000000000e+03 7.329000000000000000e+03 6.393764519999999354e-03 4.158397541000000315e-03
7.329000000000000000e+03 7.330000000000000000e+03 -9.835519272999999863e-05 3.325462048100000061e-03
7.330000000000000000e+03 7.331000000000000000e+03 1.672441105000000003e-03 3.033125763100000087e-03
7.331000000000000000e+03 7.332000000000000000e+03 1.738748690000000200e-05 1.894583173999999986e-03
7.332000000000000000e+03 7.333000000000000000e+03 6.525413123900000376e-03 3.286286311200000039e-03
7.333000000000000000e+03 7.334000000000000000e+03 3.406263833010000040e-03 1.741989482599999887e-03
7.334000000000000000e+03 7.335000000000000000e+03 2.486245491900000324e-04 8.508073808999999914e-04
7.335000000000000000e+03 7.336000000000000000e+03 -4.346121021899999708e-04 3.698787301999999916e-04
7.336000000000000000e+03 7.337000000000000000e+03 2.167820295199999851e-03 1.415952702100000153e-03
7.337000000000000000e+03 7.338000000000000000e+03 -3.039340069999999796e-04 3.149046258999999796e-03
7.338000000000000000e+03 7.339000000000000000e+03 9.768118947000000232e-04 2.534626007500000080e-03
7.339000000000000000e+03 7.340000000000000000e+03 -6.868052617999999623e-03 3.911576715999999683e-03
7.340000000000000000e+03 7.341000000000000000e+03 -2.654871591364999991e-03 2.731962073000000248e-03
7.341000000000000000e+03 7.342000000000000000e+03 -2.807975535399999823e-03 2.194054418900000161e-03
7.342000000000000000e+03 7.343000000000000000e+03 1.765755810000000162e-03 2.646696832600000261e-03
7.343000000000000000e+03 7.344000000000000000e+03 -8.129470026999999807e-05 2.503718878400000136e-03
7.344000000000000000e+03 7.345000000000000000e+03 1.161179780299999992e-03 1.767231728200000049e-03
7.345000000000000000e+03 7.346000000000000000e+03 3.141672649999999872e-04 1.112905945300000140e-03
7.346000000000000000e+03 7.347000000000000000e+03 -2.681169764000000157e-04 8.140782019000000628e-04
7.347000000000000000e+03 7.348000000000000000e+03 9.326169218999999597e-04 1.138801433000000054e-03
7.348000000000000000e+03 7.349000000000000000e+03 9.746582701100000050e-04 2.483839804799999919e-03
7.349000000000000000e+03 7.350000000000000000e+03 1.951870176999999807e-04 1.969719417900000179e-03
7.350000000000000000e+03 7.351000000000000000e+03 3.852636968000000030e-03 2.369992980300000048e-03
7.351000000000000000e+03 7.352000000000000000e+03 1.083605847399999982e-02 3.318605379699999820e-03
7.352000000000000000e+03 7.353000000000000000e+03 7.213301228799999651e-04 3.067154959300000001e-03
7.353000000000000000e+03 7.354000000000000000e+03 -3.336529950099999947e-03 2.972578978499999802e-03
7.354000000000000000e+03 7.355000000000000000e+03 2.606633542700000084e-03 2.067557511099999811e-03
7.355000000000000000e+03 7.356000000000000000e+03 1.091550911940000019e-03 1.259422756099999943e-03
7.356000000000000000e+03 7.357000000000000000e+03 1.566433651699999843e-03 1.171493989900000091e-03
7.357000000000000000e+03 7.358000000000000000e+03 -9.857612905000000692e-04 1.082124037799999956e-03
7.358000000000000000e+03 7.359000000000000000e+03 3.265576480999999882e-04 3.642212251000000222e-04
7.359000000000000000e+03 7.360000000000000000e+03 4.750289586000000031e-04 2.327085907700000237e-03
7.360000000000000000e+03 7.361000000000000000e+03 4.743563793400000007e-04 1.502976144599999994e-03
7.361000000000000000e+03 7.362000000000000000e+03 3.127781133999999949e-03 2.718044858699999750e-03
7.362000000000000000e+03 7.363000000000000000e+03 -5.554698529000000329e-03 2.884304962299999962e-03
7.363000000000000000e+03 7.364000000000000000e+03 2.846729512999999785e-03 1.644851597999999904e-03
7.364000000000000000e+03 7.365000000000000000e+03 1.077953921699999944e-03 2.777376817100000311e-03
7.365000000000000000e+03 7.366000000000000000e+03 4.912005699089999969e-03 2.475471778700000236e-03
7.366000000000000000e+03 7.367000000000000000e+03 3.823935166999999752e-04 1.180560669299999957e-03
7.367000000000000000e+03 7.368000000000000000e+03 1.432119463999999753e-04 8.101811565999999902e-04
7.368000000000000000e+03 7.369000000000000000e+03 1.257569177900000118e-03 1.414099507400000096e-03
7.369000000000000000e+03 7.370000000000000000e+03 5.480035200000000139e-04 8.341876644999999613e-04
7.370000000000000000e+03 7.371000000000000000e+03 -3.905825372000000170e-03 3.159790695999999816e-03
7.371000000000000000e+03 7.372000000000000000e+03 1.171080484499999923e-03 2.985714245900000004e-03
7.372000000000000000e+03 7.373000000000000000e+03 2.083687231500000025e-03 2.678864101399999927e-03
7.373000000000000000e+03 7.374000000000000000e+03 -1.174986411499999916e-03 2.252713690499999998e-03
7.374000000000000000e+03 7.375000000000000000e+03 3.005834289999999905e-03 2.808905525499999847e-03
7.375000000000000000e+03 7.376000000000000000e+03 2.662611183359999984e-03 1.991131582600000078e-03
7.376000000000000000e+03 7.377000000000000000e+03 1.486638556200000098e-03 1.968365939400000195e-03
7.377000000000000000e+03 7.378000000000000000e+03 -7.210764109999999764e-05 8.362654912000000440e-04
7.378000000000000000e+03 7.379000000000000000e+03 5.757952638999999824e-04 6.067342977000000090e-04
7.379000000000000000e+03 7.380000000000000000e+03 6.367607127899999791e-04 7.371637544000000323e-04
7.380000000000000000e+03 7.381000000000000000e+03 -2.716256843000000218e-04 7.887463580999999569e-04
7.381000000000000000e+03 7.382000000000000000e+03 -1.154622175200000021e-03 2.038051498499999885e-03
7.382000000000000000e+03 7.383000000000000000e+03 -2.694945217010000053e-03 3.574786790000000249e-03
7.383000000000000000e+03 7.384000000000000000e+03 1.558993660000000073e-04 2.645796123700000068e-03
7.384000000000000000e+03 7.385000000000000000e+03 -4.134273010000000009e-05 1.635989186700000098e-03
7.385000000000000000e+03 7.386000000000000000e+03 -2.032170202200000043e-03 1.590779155200000052e-03
7.386000000000000000e+03 7.387000000000000000e+03 3.093059590500000025e-03 2.090534388300000022e-03
7.387000000000000000e+03 7.388000000000000000e+03 2.156533535199999744e-03 1.795228419600000203e-03
7.388000000000000000e+03 7.389000000000000000e+03 -5.362775224100000673e-04 1.968518442299999841e-03
7.389000000000000000e+03 7.390000000000000000e+03 4.775103674999999956e-04 8.595002611999999096e-04
7.390000000000000000e+03 7.391000000000000000e+03 -3.648878704000000045e-04 6.637241342000000472e-04
7.391000000000000000e+03 7.392000000000000000e+03 1.787000170399999843e-03 8.012843050999999325e-04
7.392000000000000000e+03 7.393000000000000000e+03 -1.626583307300000138e-03 2.579803724000000013e-03
7.393000000000000000e+03 7.394000000000000000e+03 -3.344027186400000320e-03 2.995626262199999924e-03
7.394000000000000000e+03 7.395000000000000000e+03 1.359910672900000025e-03 2.031940734000000411e-03
7.395000000000000000e+03 7.396000000000000000e+03 -1.023920965400000171e-03 2.763140929199999797e-03
7.396000000000000000e+03 7.397000000000000000e+03 -5.967562669999999531e-04 2.067408701699999934e-03
7.397000000000000000e+03 7.398000000000000000e+03 2.949508132000000006e-04 2.247756713800000070e-03
7.398000000000000000e+03 7.399000000000000000e+03 2.230131665400000070e-03 1.482174640600000077e-03
7.399000000000000000e+03 7.400000000000000000e+03 -8.070601371499999763e-04 1.857612891199999887e-03
7.400000000000000000e+03 7.401000000000000000e+03 -5.916131126999999964e-04 3.030964482999999729e-04
7.401000000000000000e+03 7.402000000000000000e+03 1.107149287799999958e-03 8.443024317999999525e-04
7.402000000000000000e+03 7.403000000000000000e+03 -6.144809578000000501e-04 1.999233801599999919e-03
7.403000000000000000e+03 7.404000000000000000e+03 1.375675141290000130e-03 2.952093539999999829e-03
7.404000000000000000e+03 7.405000000000000000e+03 1.850999088700000126e-03 1.475994797599999939e-03
7.405000000000000000e+03 7.406000000000000000e+03 1.876980018000000026e-03 1.357330206399999864e-03
7.406000000000000000e+03 7.407000000000000000e+03 -1.521887067999999979e-04 9.351186847000000132e-04
7.407000000000000000e+03 7.408000000000000000e+03 1.033120452999999926e-03 2.448063418500000168e-03
7.408000000000000000e+03 7.409000000000000000e+03 -3.411400134000000094e-03 2.375831541599999781e-03
7.409000000000000000e+03 7.410000000000000000e+03 -2.016048326040000005e-03 1.234553462050000036e-03
7.410000000000000000e+03 7.411000000000000000e+03 -7.070733120000000657e-04 1.889672190899999811e-03
7.411000000000000000e+03 7.412000000000000000e+03 3.138083009000000134e-04 1.041985653199999995e-03
7.412000000000000000e+03 7.413000000000000000e+03 1.197388829200000081e-03 1.039857622099999920e-03
7.413000000000000000e+03 7.414000000000000000e+03 -3.307654031999999805e-04 2.322977430000000012e-04
7.414000000000000000e+03 7.415000000000000000e+03 -1.657970022599999926e-03 3.367714062000000137e-03
7.415000000000000000e+03 7.416000000000000000e+03 1.030394174400000099e-03 2.443111479500000016e-03
7.416000000000000000e+03 7.417000000000000000e+03 -5.136526635859999836e-03 3.102044427099999880e-03
7.417000000000000000e+03 7.418000000000000000e+03 6.670072256999999821e-04 2.187235103199999808e-03
7.418000000000000000e+03 7.419000000000000000e+03 6.470910489199999810e-03 2.894944911300000295e-03
7.419000000000000000e+03 7.420000000000000000e+03 -1.568146070000000071e-05 2.519589203099999956e-03
7.420000000000000000e+03 7.421000000000000000e+03 1.273711299409999902e-03 1.233460435300000064e-03
7.421000000000000000e+03 7.422000000000000000e+03 -1.810529739899999950e-03 7.077763540000000164e-04
7.422000000000000000e+03 7.423000000000000000e+03 8.610441826999999226e-04 8.827268990000000041e-04
7.423000000000000000e+03 7.424000000000000000e+03 7.210642945999999869e-04 5.902020363000000727e-04
7.424000000000000000e+03 7.425000000000000000e+03 2.173769672999999788e-03 1.509005972000000131e-03
7.425000000000000000e+03 7.426000000000000000e+03 3.301993890999999938e-03 2.364265177900000230e-03
7.426000000000000000e+03 7.427000000000000000e+03 1.030439379000000185e-03 2.386854725600000109e-03
7.427000000000000000e+03 7.428000000000000000e+03 -1.846477916500000038e-03 3.356712453999999898e-03
7.428000000000000000e+03 7.429000000000000000e+03 -2.128054196400000313e-03 2.801537926900000107e-03
7.429000000000000000e+03 7.430000000000000000e+03 3.279271020000000189e-04 2.541208959599999817e-03
7.430000000000000000e+03 7.431000000000000000e+03 6.400180983600000165e-03 2.650508893700000059e-03
7.431000000000000000e+03 7.432000000000000000e+03 6.225739527000000162e-04 1.242677889599999976e-03
7.432000000000000000e+03 7.433000000000000000e+03 8.116520511999999153e-04 1.485493251999999917e-03
7.433000000000000000e+03 7.434000000000000000e+03 -1.731253397100000107e-03 9.024232183000000006e-04
7.434000000000000000e+03 7.435000000000000000e+03 -1.593046334999999943e-04 1.726202608999999929e-04
7.435000000000000000e+03 7.436000000000000000e+03 -5.651009079999999839e-05 1.234762251700000178e-04
7.436000000000000000e+03 7.437000000000000000e+03 8.137559657999999044e-03 5.403273451999999165e-03
7.437000000000000000e+03 7.438000000000000000e+03 1.564033096799999920e-03 1.256444189300000161e-03
7.438000000000000000e+03 7.439000000000000000e+03 1.228925782400000152e-02 3.284466155499999804e-03
7.439000000000000000e+03 7.440000000000000000e+03 -2.297315875399999745e-03 1.805982745700000043e-03
7.440000000000000000e+03 7.441000000000000000e+03 -7.284032736000000492e-04 2.138146617599999844e-03
7.441000000000000000e+03 7.442000000000000000e+03 -1.477271223339999976e-03 1.370935252499999851e-03
7.442000000000000000e+03 7.443000000000000000e+03 -8.568779724000000686e-04 1.350994080699999961e-03
7.443000000000000000e+03 7.444000000000000000e+03 1.216619543899999855e-03 1.314465743400000100e-03
7.444000000000000000e+03 7.445000000000000000e+03 4.063881977900000216e-04 6.588196099000000194e-04
7.445000000000000000e+03 7.446000000000000000e+03 -9.448798298999999895e-04 9.500867055000000510e-04
7.446000000000000000e+03 7.447000000000000000e+03 5.759030390000000228e-03 3.417000307899999666e-03
7.447000000000000000e+03 7.448000000000000000e+03 -2.785529391000000194e-04 6.257048678999999535e-04
7.448000000000000000e+03 7.449000000000000000e+03 -7.211105224400000090e-03 3.253582568999999983e-03
7.449000000000000000e+03 7.450000000000000000e+03 3.810295951999999667e-03 2.787751239500000332e-03
7.450000000000000000e+03 7.451000000000000000e+03 -5.725345537999999759e-04 3.701945451800000078e-03
7.451000000000000000e+03 7.452000000000000000e+03 4.283759899999999921e-04 2.079489129099999691e-03
7.452000000000000000e+03 7.453000000000000000e+03 -8.526288117000000973e-04 2.562582283800000308e-03
7.453000000000000000e+03 7.454000000000000000e+03 -3.365107587799999749e-04 1.256544436500000054e-03
7.454000000000000000e+03 7.455000000000000000e+03 1.587987991299999891e-03 1.612862865200000032e-03
7.455000000000000000e+03 7.456000000000000000e+03 1.047133980999999988e-04 8.373797186000000005e-04
7.456000000000000000e+03 7.457000000000000000e+03 8.888468816000000272e-04 7.947570898999999816e-04
7.457000000000000000e+03 7.458000000000000000e+03 8.119049095460000509e-04 4.134982989999999884e-04
7.458000000000000000e+03 7.459000000000000000e+03 -4.246481390000000043e-04 1.399081203899999902e-03
7.459000000000000000e+03 7.460000000000000000e+03 -6.665048189999999264e-04 1.222239325199999923e-03
7.460000000000000000e+03 7.461000000000000000e+03 -2.173534297000000084e-03 2.541512738499999979e-03
7.461000000000000000e+03 7.462000000000000000e+03 -3.991128039799999271e-03 2.756060832999999988e-03
7.462000000000000000e+03 7.463000000000000000e+03 -1.148018948400000025e-03 1.563291878899999944e-03
7.463000000000000000e+03 7.464000000000000000e+03 1.652090623000000051e-03 2.408714983799999966e-03
7.464000000000000000e+03 7.465000000000000000e+03 -1.950263822699999962e-03 1.164904926399999924e-03
7.465000000000000000e+03 7.466000000000000000e+03 -7.233183109000000015e-04 1.305760002999999982e-03
7.466000000000000000e+03 7.467000000000000000e+03 2.767443418799999961e-04 4.288512710000000057e-04
7.467000000000000000e+03 7.468000000000000000e+03 -6.476023599999999549e-06 7.170655874000000799e-04
7.468000000000000000e+03 7.469000000000000000e+03 7.956622506000000472e-05 4.554458557000000212e-04
7.469000000000000000e+03 7.470000000000000000e+03 3.791379247999999980e-03 3.378594349999999857e-03
7.470000000000000000e+03 7.471000000000000000e+03 1.471510252999999949e-03 2.277298399000000223e-03
7.471000000000000000e+03 7.472000000000000000e+03 6.913528768999999911e-04 1.486987021999999856e-03
7.472000000000000000e+03 7.473000000000000000e+03 -1.037508302000000014e-04 2.370468586799999791e-03
7.473000000000000000e+03 7.474000000000000000e+03 2.490442555299999822e-03 2.358165775099999983e-03
7.474000000000000000e+03 7.475000000000000000e+03 9.472715384999999804e-04 2.268850482499999797e-03
7.475000000000000000e+03 7.476000000000000000e+03 -1.827291132100000140e-04 1.367910199499999813e-03
7.476000000000000000e+03 7.477000000000000000e+03 -7.590794696999999917e-04 6.333358058000000288e-04
7.477000000000000000e+03 7.478000000000000000e+03 1.901577955999999864e-04 1.058215850799999833e-03
7.478000000000000000e+03 7.479000000000000000e+03 2.850643591000000276e-04 5.018095442000000380e-04
7.479000000000000000e+03 7.480000000000000000e+03 -3.705738169000000280e-04 3.918685701000000003e-04
7.480000000000000000e+03 7.481000000000000000e+03 -2.753131291999999942e-04 1.298370724299999831e-03
7.481000000000000000e+03 7.482000000000000000e+03 4.312403229000000629e-03 3.064087621999999744e-03
7.482000000000000000e+03 7.483000000000000000e+03 8.074766333000000932e-05 2.470030432500000019e-03
7.483000000000000000e+03 7.484000000000000000e+03 6.697037350000001072e-04 3.482698810000000016e-03
7.484000000000000000e+03 7.485000000000000000e+03 -2.953967198000000127e-03 2.018106233900000043e-03
7.485000000000000000e+03 7.486000000000000000e+03 -7.725182966400000314e-04 1.653298283500000045e-03
7.486000000000000000e+03 7.487000000000000000e+03 -1.219855716700000070e-03 1.977201853999999669e-03
7.487000000000000000e+03 7.488000000000000000e+03 7.881536152999999573e-04 1.186717106799999944e-03
7.488000000000000000e+03 7.489000000000000000e+03 2.511406509499999797e-03 1.378331529300000097e-03
7.489000000000000000e+03 7.490000000000000000e+03 -1.037154492499999968e-03 1.091619826699999959e-03
7.490000000000000000e+03 7.491000000000000000e+03 1.108080955899999999e-03 6.263732970999999310e-04
7.491000000000000000e+03 7.492000000000000000e+03 -1.822518099899999916e-03 2.005444087500000191e-03
7.492000000000000000e+03 7.493000000000000000e+03 -4.935152666810000170e-04 2.489457870300000077e-03
7.493000000000000000e+03 7.494000000000000000e+03 -2.199836294599999929e-03 3.146383185000000120e-03
7.494000000000000000e+03 7.495000000000000000e+03 4.194207453000000502e-03 2.004011071199999876e-03
7.495000000000000000e+03 7.496000000000000000e+03 1.448906800699999815e-03 2.155795216500000066e-03
7.496000000000000000e+03 7.497000000000000000e+03 2.768724961000000248e-03 2.399921691200000186e-03
7.497000000000000000e+03 7.498000000000000000e+03 1.568493139700000063e-03 2.014614331000000053e-03
7.498000000000000000e+03 7.499000000000000000e+03 -4.538848772000000226e-04 1.579942413299999888e-03
7.499000000000000000e+03 7.500000000000000000e+03 5.373449375200000386e-04 6.782397868000000123e-04
7.500000000000000000e+03 7.501000000000000000e+03 5.001408367999999986e-04 6.623265397000000507e-04
7.501000000000000000e+03 7.502000000000000000e+03 -1.436234130399999926e-04 1.531675541799999913e-04
7.502000000000000000e+03 7.503000000000000000e+03 1.009117538199999888e-03 1.772809482300000041e-03
7.503000000000000000e+03 7.504000000000000000e+03 -2.542003014000000088e-03 2.095246972800000104e-03
7.504000000000000000e+03 7.505000000000000000e+03 4.916836146999999796e-03 3.491801855000000159e-03
7.505000000000000000e+03 7.506000000000000000e+03 -4.222635325000000193e-04 2.446233997400000179e-03
7.506000000000000000e+03 7.507000000000000000e+03 8.034712168199999345e-04 1.580163047599999994e-03
7.507000000000000000e+03 7.508000000000000000e+03 2.953919767230000180e-03 2.358416670599999907e-03
7.508000000000000000e+03 7.509000000000000000e+03 -2.695588543200000235e-03 1.660384419799999876e-03
7.509000000000000000e+03 7.510000000000000000e+03 3.853042101999999800e-04 1.457675636899999827e-03
7.510000000000000000e+03 7.511000000000000000e+03 -4.789842668299999968e-04 7.347384720000000365e-04
7.511000000000000000e+03 7.512000000000000000e+03 1.202517174480000062e-03 1.460805883599999942e-03
7.512000000000000000e+03 7.513000000000000000e+03 9.264303080000000756e-04 1.877277205299999986e-03
7.513000000000000000e+03 7.514000000000000000e+03 -4.051400914800000214e-04 1.229249654499999954e-03
7.514000000000000000e+03 7.515000000000000000e+03 4.365214668999999894e-05 1.835843374600000034e-04
7.515000000000000000e+03 7.516000000000000000e+03 3.013917410999999730e-03 2.235450146700000175e-03
7.516000000000000000e+03 7.517000000000000000e+03 1.642538148200000043e-03 2.350933369199999928e-03
7.517000000000000000e+03 7.518000000000000000e+03 3.339328884000000285e-03 3.064558396100000234e-03
7.518000000000000000e+03 7.519000000000000000e+03 6.350432708000000029e-04 2.000262588699999820e-03
7.519000000000000000e+03 7.520000000000000000e+03 1.173035934999999984e-04 1.857967642099999988e-03
7.520000000000000000e+03 7.521000000000000000e+03 1.685112606999999854e-04 1.024997512200000009e-03
7.521000000000000000e+03 7.522000000000000000e+03 -1.395047080599999935e-03 7.859700490000000057e-04
7.522000000000000000e+03 7.523000000000000000e+03 -2.208730762999999936e-04 3.305366835999999924e-04
7.523000000000000000e+03 7.524000000000000000e+03 3.045772766000000059e-04 5.373921373999999409e-04
