0.000000000000000000e+00 1.000000000000000000e+00 8.284077337000000796e+01 2.244964158599999760e+00
1.000000000000000000e+00 2.000000000000000000e+00 8.574917449000000147e+01 2.197121982100000093e+00
2.000000000000000000e+00 3.000000000000000000e+00 8.493987744000000362e+01 2.027074012699999983e+00
3.000000000000000000e+00 4.000000000000000000e+00 7.889315315000000339e+01 1.890524138900000040e+00
4.000000000000000000e+00 5.000000000000000000e+00 7.533539054000000590e+01 1.985078576499999858e+00
5.000000000000000000e+00 6.000000000000000000e+00 7.414124848999999529e+01 1.796631494700000164e+00
6.000000000000000000e+00 7.000000000000000000e+00 7.324838229999998873e+01 1.858573105700000117e+00
7.000000000000000000e+00 8.000000000000000000e+00 7.056043440000000544e+01 1.680476355499999963e+00
8.000000000000000000e+00 9.000000000000000000e+00 6.852735366899999292e+01 1.709454876199999918e+00
9.000000000000000000e+00 1.000000000000000000e+01 6.500698141800000940e+01 1.690050583300000131e+00
1.000000000000000000e+01 1.100000000000000000e+01 6.205600299400000353e+01 1.607966874200000174e+00
1.100000000000000000e+01 1.200000000000000000e+01 7.679918034000000659e+01 2.026769132400000117e+00
1.200000000000000000e+01 1.300000000000000000e+01 7.644215223999999864e+01 2.011409709300000070e+00
1.300000000000000000e+01 1.400000000000000000e+01 7.436925075999999990e+01 1.956646230200000058e+00
1.400000000000000000e+01 1.500000000000000000e+01 7.597646559000000366e+01 1.835590914099999971e+00
1.500000000000000000e+01 1.600000000000000000e+01 7.387301759999999717e+01 1.847436903500000005e+00
1.600000000000000000e+01 1.700000000000000000e+01 7.129963335000000768e+01 1.817442394299999986e+00
1.700000000000000000e+01 1.800000000000000000e+01 7.027801089000000445e+01 1.788090541099999875e+00
1.800000000000000000e+01 1.900000000000000000e+01 6.955073699000000431e+01 1.846681539300000008e+00
1.900000000000000000e+01 2.000000000000000000e+01 6.216812910000000159e+01 1.754526130499999947e+00
2.000000000000000000e+01 2.100000000000000000e+01 6.125216301500000071e+01 1.666779883599999845e+00
2.100000000000000000e+01 2.200000000000000000e+01 5.906268355099999923e+01 1.600364667900000093e+00
2.200000000000000000e+01 2.300000000000000000e+01 7.440864659999999731e+01 1.932157297900000126e+00
2.300000000000000000e+01 2.400000000000000000e+01 7.095780480999999895e+01 1.899349316899999973e+00
2.400000000000000000e+01 2.500000000000000000e+01 7.527338765999999737e+01 1.907586364399999956e+00
2.500000000000000000e+01 2.600000000000000000e+01 7.245852364000000989e+01 1.808430903599999917e+00
2.600000000000000000e+01 2.700000000000000000e+01 6.984496504000000527e+01 1.705319654099999971e+00
2.700000000000000000e+01 2.800000000000000000e+01 6.893596327000000201e+01 1.823778711199999902e+00
2.800000000000000000e+01 2.900000000000000000e+01 6.693498173000000406e+01 1.685294005000000039e+00
2.900000000000000000e+01 3.000000000000000000e+01 6.232261643499999337e+01 1.819980713999999944e+00
3.000000000000000000e+01 3.100000000000000000e+01 6.150488689600000214e+01 1.719974396000000016e+00
3.100000000000000000e+01 3.200000000000000000e+01 5.592105910200000096e+01 1.553298522600000009e+00
3.200000000000000000e+01 3.300000000000000000e+01 5.482324018200000637e+01 1.600705314399999857e+00
3.300000000000000000e+01 3.400000000000000000e+01 7.011053930999999295e+01 2.103845099499999982e+00
3.400000000000000000e+01 3.500000000000000000e+01 7.936832382000000052e+01 1.899216268800000051e+00
3.500000000000000000e+01 3.600000000000000000e+01 6.958896847999999125e+01 1.975209158800000031e+00
3.600000000000000000e+01 3.700000000000000000e+01 7.341299725000000365e+01 1.929408176599999969e+00
3.700000000000000000e+01 3.800000000000000000e+01 7.065277256000000250e+01 1.769256985599999998e+00
3.800000000000000000e+01 3.900000000000000000e+01 6.592327805000000751e+01 1.739404225999999998e+00
3.900000000000000000e+01 4.000000000000000000e+01 6.338866675100000236e+01 1.759194021799999952e+00
4.000000000000000000e+01 4.100000000000000000e+01 6.019942396400000462e+01 1.711969785700000024e+00
4.100000000000000000e+01 4.200000000000000000e+01 5.651892942199999936e+01 1.610265750399999973e+00
4.200000000000000000e+01 4.300000000000000000e+01 5.505325488000000433e+01 1.389369393099999961e+00
4.300000000000000000e+01 4.400000000000000000e+01 5.162666283499999764e+01 1.483446495799999987e+00
4.400000000000000000e+01 4.500000000000000000e+01 7.422503641000000130e+01 1.982806024800000122e+00
4.500000000000000000e+01 4.600000000000000000e+01 6.722034749000000886e+01 1.911680805299999841e+00
4.600000000000000000e+01 4.700000000000000000e+01 6.903538186000000110e+01 1.877300307700000115e+00
4.700000000000000000e+01 4.800000000000000000e+01 6.470826991999999223e+01 1.902446660699999903e+00
4.800000000000000000e+01 4.900000000000000000e+01 6.437584212000000150e+01 1.683849164199999970e+00
4.900000000000000000e+01 5.000000000000000000e+01 6.349308214599999900e+01 1.612358039900000151e+00
5.000000000000000000e+01 5.100000000000000000e+01 6.224846307899999687e+01 1.679483533299999998e+00
5.100000000000000000e+01 5.200000000000000000e+01 5.973160464800000113e+01 1.623603948399999997e+00
5.200000000000000000e+01 5.300000000000000000e+01 5.145293355100000099e+01 1.518003801100000105e+00
5.300000000000000000e+01 5.400000000000000000e+01 5.351545798499999762e+01 1.425136453899999989e+00
5.400000000000000000e+01 5.500000000000000000e+01 4.602921395100000268e+01 1.333374359100000017e+00
5.500000000000000000e+01 5.600000000000000000e+01 6.935880057999999337e+01 2.057872599400000002e+00
5.600000000000000000e+01 5.700000000000000000e+01 6.753821356999999637e+01 1.915325729299999891e+00
5.700000000000000000e+01 5.800000000000000000e+01 6.642087148000000241e+01 1.813481300600000123e+00
5.800000000000000000e+01 5.900000000000000000e+01 6.479407981999999322e+01 1.913959281699999959e+00
5.900000000000000000e+01 6.000000000000000000e+01 6.248324395000000209e+01 1.657995426400000083e+00
6.000000000000000000e+01 6.100000000000000000e+01 5.833430301500000326e+01 1.675606764900000156e+00
6.100000000000000000e+01 6.200000000000000000e+01 5.474380713400000076e+01 1.713630242200000042e+00
6.200000000000000000e+01 6.300000000000000000e+01 5.340074874500000135e+01 1.633429982100000011e+00
6.300000000000000000e+01 6.400000000000000000e+01 5.249197893099999845e+01 1.469611661899999921e+00
6.400000000000000000e+01 6.500000000000000000e+01 4.820307912399999850e+01 1.383420603000000026e+00
6.500000000000000000e+01 6.600000000000000000e+01 4.599198913400000066e+01 1.357237941700000006e+00
6.600000000000000000e+01 6.700000000000000000e+01 6.528916769999999303e+01 2.109774882600000012e+00
6.700000000000000000e+01 6.800000000000000000e+01 6.226220230999999927e+01 1.833533222000000018e+00
6.800000000000000000e+01 6.900000000000000000e+01 6.398891546000000119e+01 1.789780583500000022e+00
6.900000000000000000e+01 7.000000000000000000e+01 6.380329936000000401e+01 1.669921741700000073e+00
7.000000000000000000e+01 7.100000000000000000e+01 5.893058287000000206e+01 1.669521709000000076e+00
7.100000000000000000e+01 7.200000000000000000e+01 5.766690040900000014e+01 1.677029193800000151e+00
7.200000000000000000e+01 7.300000000000000000e+01 5.379164399799999785e+01 1.603597405199999937e+00
7.300000000000000000e+01 7.400000000000000000e+01 5.322073633100000478e+01 1.624835519699999953e+00
7.400000000000000000e+01 7.500000000000000000e+01 5.006699137599999716e+01 1.517339061499999975e+00
7.500000000000000000e+01 7.600000000000000000e+01 4.740887566800000030e+01 1.393775086100000005e+00
7.600000000000000000e+01 7.700000000000000000e+01 4.409885523300000187e+01 1.344425218900000107e+00
7.700000000000000000e+01 7.800000000000000000e+01 6.097898054000000201e+01 1.979270630699999867e+00
7.800000000000000000e+01 7.900000000000000000e+01 6.587280782000000556e+01 1.958942929600000049e+00
7.900000000000000000e+01 8.000000000000000000e+01 6.358959452999999939e+01 1.731289065899999979e+00
8.000000000000000000e+01 8.100000000000000000e+01 6.024532194999999746e+01 1.669836704399999983e+00
8.100000000000000000e+01 8.200000000000000000e+01 5.787172085099999919e+01 1.579605798600000055e+00
8.200000000000000000e+01 8.300000000000000000e+01 5.556337489100000226e+01 1.653582680600000021e+00
8.300000000000000000e+01 8.400000000000000000e+01 5.301908284599999632e+01 1.611710145500000024e+00
8.400000000000000000e+01 8.500000000000000000e+01 4.839218345999999826e+01 1.503140211799999904e+00
8.500000000000000000e+01 8.600000000000000000e+01 4.619060223199999626e+01 1.444903201900000100e+00
8.600000000000000000e+01 8.700000000000000000e+01 4.621175031699999636e+01 1.395622432000000135e+00
8.700000000000000000e+01 8.800000000000000000e+01 4.009465906299999460e+01 1.243760724599999978e+00
8.800000000000000000e+01 8.900000000000000000e+01 6.191164288000000226e+01 1.823392247699999968e+00
8.900000000000000000e+01 9.000000000000000000e+01 5.900755762000000004e+01 1.974848704800000077e+00
9.000000000000000000e+01 9.100000000000000000e+01 5.879851218999999674e+01 1.821971924999999937e+00
9.100000000000000000e+01 9.200000000000000000e+01 5.630298652199999765e+01 1.744345753099999952e+00
9.200000000000000000e+01 9.300000000000000000e+01 5.617724946199999891e+01 1.628705788099999996e+00
9.300000000000000000e+01 9.400000000000000000e+01 5.134819654300000025e+01 1.640924587400000023e+00
9.400000000000000000e+01 9.500000000000000000e+01 5.084534848299999510e+01 1.620316964199999932e+00
9.500000000000000000e+01 9.600000000000000000e+01 4.872326520200000033e+01 1.477880235599999814e+00
9.600000000000000000e+01 9.700000000000000000e+01 4.439877035800000016e+01 1.373022160599999930e+00
9.700000000000000000e+01 9.800000000000000000e+01 4.102733538599999719e+01 1.297130840099999904e+00
9.800000000000000000e+01 9.900000000000000000e+01 4.035618170000000049e+01 1.256965598699999909e+00
9.900000000000000000e+01 1.000000000000000000e+02 5.949340921000000293e+01 1.879067094999999910e+00
1.000000000000000000e+02 1.010000000000000000e+02 5.789762310999999784e+01 1.923296766900000065e+00
1.010000000000000000e+02 1.020000000000000000e+02 5.678267152000000095e+01 1.803114442100000048e+00
1.020000000000000000e+02 1.030000000000000000e+02 5.582621155100000010e+01 1.889333737400000102e+00
1.030000000000000000e+02 1.040000000000000000e+02 5.201816339799999867e+01 1.594868106400000096e+00
1.040000000000000000e+02 1.050000000000000000e+02 5.355344752999999969e+01 1.724365745999999922e+00
1.050000000000000000e+02 1.060000000000000000e+02 4.935058460300000149e+01 1.673822819600000011e+00
1.060000000000000000e+02 1.070000000000000000e+02 4.338571412099999947e+01 1.429758215899999962e+00
1.070000000000000000e+02 1.080000000000000000e+02 4.293648545799999994e+01 1.407548093499999986e+00
1.080000000000000000e+02 1.090000000000000000e+02 4.169906221400000135e+01 1.281311223499999929e+00
1.090000000000000000e+02 1.100000000000000000e+02 3.602454781799999495e+01 1.241148327199999901e+00
1.100000000000000000e+02 1.110000000000000000e+02 5.667380179999999967e+01 1.922665058900000057e+00
1.110000000000000000e+02 1.120000000000000000e+02 5.605671224599999647e+01 1.726038470700000049e+00
1.120000000000000000e+02 1.130000000000000000e+02 5.495711272500000177e+01 1.746099352200000121e+00
1.130000000000000000e+02 1.140000000000000000e+02 5.232449327000000494e+01 1.925714617799999973e+00
1.140000000000000000e+02 1.150000000000000000e+02 5.130837141199999962e+01 1.669814079800000073e+00
1.150000000000000000e+02 1.160000000000000000e+02 4.566960913900000207e+01 1.789560967599999941e+00
1.160000000000000000e+02 1.170000000000000000e+02 4.481592244099999789e+01 1.633568614599999913e+00
1.170000000000000000e+02 1.180000000000000000e+02 4.185973912800000107e+01 1.346662607700000125e+00
1.180000000000000000e+02 1.190000000000000000e+02 3.905904678600000324e+01 1.371534950499999850e+00
1.190000000000000000e+02 1.200000000000000000e+02 3.925349232399999977e+01 1.187045354399999919e+00
1.200000000000000000e+02 1.210000000000000000e+02 3.525327683499999409e+01 1.157346231100000011e+00
1.210000000000000000e+02 1.220000000000000000e+02 5.345304657600000553e+01 1.956706002500000041e+00
1.220000000000000000e+02 1.230000000000000000e+02 5.319635275899999982e+01 1.647365946499999900e+00
1.230000000000000000e+02 1.240000000000000000e+02 5.369037294799999671e+01 1.737141079299999946e+00
1.240000000000000000e+02 1.250000000000000000e+02 4.777765337099999954e+01 1.700545591099999809e+00
1.250000000000000000e+02 1.260000000000000000e+02 5.036511049599999978e+01 1.689461953199999922e+00
1.260000000000000000e+02 1.270000000000000000e+02 4.938616687900000102e+01 1.554791121099999840e+00
1.270000000000000000e+02 1.280000000000000000e+02 4.485693913400000099e+01 1.518960193799999914e+00
1.280000000000000000e+02 1.290000000000000000e+02 4.286292149999999879e+01 1.430056144200000157e+00
1.290000000000000000e+02 1.300000000000000000e+02 3.928554866900000064e+01 1.448870200900000071e+00
1.300000000000000000e+02 1.310000000000000000e+02 3.654878087800000230e+01 1.313293991100000113e+00
1.310000000000000000e+02 1.320000000000000000e+02 3.283948048500000283e+01 1.154583590100000112e+00
1.320000000000000000e+02 1.330000000000000000e+02 5.419991670099999936e+01 1.846462103100000141e+00
1.330000000000000000e+02 1.340000000000000000e+02 5.388496778900000095e+01 1.786155950299999962e+00
1.340000000000000000e+02 1.350000000000000000e+02 4.980217792900000262e+01 1.743445138299999808e+00
1.350000000000000000e+02 1.360000000000000000e+02 4.998253008600000413e+01 1.628596853799999966e+00
1.360000000000000000e+02 1.370000000000000000e+02 4.943678295200000150e+01 1.693503644099999983e+00
1.370000000000000000e+02 1.380000000000000000e+02 4.199225392599999651e+01 1.542566718600000053e+00
1.380000000000000000e+02 1.390000000000000000e+02 4.200505368700000020e+01 1.597711890899999876e+00
1.390000000000000000e+02 1.400000000000000000e+02 4.001823429299999901e+01 1.443117813799999816e+00
1.400000000000000000e+02 1.410000000000000000e+02 3.960862698799999748e+01 1.452087025300000001e+00
1.410000000000000000e+02 1.420000000000000000e+02 3.449456882799999846e+01 1.238469474000000181e+00
1.420000000000000000e+02 1.430000000000000000e+02 3.214666292300000094e+01 1.142683517599999865e+00
1.430000000000000000e+02 1.440000000000000000e+02 5.050979630300000167e+01 1.811777405700000010e+00
1.440000000000000000e+02 1.450000000000000000e+02 4.891907783199999926e+01 1.744146704100000056e+00
1.450000000000000000e+02 1.460000000000000000e+02 5.230643722800000006e+01 1.727189192700000042e+00
1.460000000000000000e+02 1.470000000000000000e+02 4.729739650900000214e+01 1.727079031199999948e+00
1.470000000000000000e+02 1.480000000000000000e+02 4.303384042900000139e+01 1.607428017400000186e+00
1.480000000000000000e+02 1.490000000000000000e+02 4.226389599099999828e+01 1.520528601999999951e+00
1.490000000000000000e+02 1.500000000000000000e+02 4.015985390200000182e+01 1.503649008300000034e+00
1.500000000000000000e+02 1.510000000000000000e+02 3.956925452199999427e+01 1.400425621999999981e+00
1.510000000000000000e+02 1.520000000000000000e+02 3.378928184800000167e+01 1.309393796900000018e+00
1.520000000000000000e+02 1.530000000000000000e+02 3.415636579100000603e+01 1.182081314900000013e+00
1.530000000000000000e+02 1.540000000000000000e+02 3.237005017199999912e+01 1.201522054799999850e+00
1.540000000000000000e+02 1.550000000000000000e+02 5.108246059100000025e+01 1.748739689599999814e+00
1.550000000000000000e+02 1.560000000000000000e+02 4.938984637400000111e+01 1.799493881400000106e+00
1.560000000000000000e+02 1.570000000000000000e+02 4.548085140100000245e+01 1.669009610800000099e+00
1.570000000000000000e+02 1.580000000000000000e+02 4.621581419000000324e+01 1.779687702499999968e+00
1.580000000000000000e+02 1.590000000000000000e+02 4.661636561699999959e+01 1.620481711599999874e+00
1.590000000000000000e+02 1.600000000000000000e+02 4.385365898999999956e+01 1.463921057099999867e+00
1.600000000000000000e+02 1.610000000000000000e+02 3.914186723699999959e+01 1.447853341200000088e+00
1.610000000000000000e+02 1.620000000000000000e+02 3.622034540100000299e+01 1.319932370100000085e+00
1.620000000000000000e+02 1.630000000000000000e+02 3.731204675000000037e+01 1.220253278699999999e+00
1.630000000000000000e+02 1.640000000000000000e+02 3.393494408799999462e+01 1.294263420900000128e+00
1.640000000000000000e+02 1.650000000000000000e+02 2.940439545799999976e+01 1.224676660200000100e+00
1.650000000000000000e+02 1.660000000000000000e+02 4.872422003899999510e+01 1.874816721000000186e+00
1.660000000000000000e+02 1.670000000000000000e+02 4.716132629800000586e+01 1.843759731999999874e+00
1.670000000000000000e+02 1.680000000000000000e+02 4.691986017300000356e+01 1.731001496099999981e+00
1.680000000000000000e+02 1.690000000000000000e+02 4.306147234600000218e+01 1.758656377699999940e+00
1.690000000000000000e+02 1.700000000000000000e+02 4.133202747700000401e+01 1.519166241199999989e+00
1.700000000000000000e+02 1.710000000000000000e+02 4.063912724399999377e+01 1.400375216499999853e+00
1.710000000000000000e+02 1.720000000000000000e+02 3.907273952899999614e+01 1.477085518800000052e+00
1.720000000000000000e+02 1.730000000000000000e+02 3.475716434399999599e+01 1.373461342299999943e+00
1.730000000000000000e+02 1.740000000000000000e+02 3.452110223799999744e+01 1.336004183900000086e+00
1.740000000000000000e+02 1.750000000000000000e+02 3.164677205499999957e+01 1.240792629400000013e+00
1.750000000000000000e+02 1.760000000000000000e+02 2.713345857299999864e+01 1.186105200700000140e+00
1.760000000000000000e+02 1.770000000000000000e+02 4.535381178299999760e+01 1.903099171200000050e+00
1.770000000000000000e+02 1.780000000000000000e+02 4.310530484899999948e+01 1.789246326200000015e+00
1.780000000000000000e+02 1.790000000000000000e+02 4.394090166899999872e+01 1.674946600299999977e+00
1.790000000000000000e+02 1.800000000000000000e+02 4.498974777600000152e+01 1.679469719399999894e+00
1.800000000000000000e+02 1.810000000000000000e+02 4.106287606800000134e+01 1.482177241000000034e+00
1.810000000000000000e+02 1.820000000000000000e+02 4.130330623799999756e+01 1.443476905999999893e+00
1.820000000000000000e+02 1.830000000000000000e+02 3.565340413499999528e+01 1.425429927400000185e+00
1.830000000000000000e+02 1.840000000000000000e+02 3.545167255399999817e+01 1.425620231199999921e+00
1.840000000000000000e+02 1.850000000000000000e+02 2.976082099899999989e+01 1.248363320199999960e+00
1.850000000000000000e+02 1.860000000000000000e+02 2.800901351699999964e+01 1.238557542400000155e+00
1.860000000000000000e+02 1.870000000000000000e+02 2.668630439200000026e+01 1.063532608399999857e+00
1.870000000000000000e+02 1.880000000000000000e+02 4.376212393200000150e+01 1.799832222700000095e+00
1.880000000000000000e+02 1.890000000000000000e+02 4.278506401599999975e+01 1.804100589299999946e+00
1.890000000000000000e+02 1.900000000000000000e+02 4.257220167999999916e+01 1.843254227199999873e+00
1.900000000000000000e+02 1.910000000000000000e+02 4.201517375199999549e+01 1.588070461600000094e+00
1.910000000000000000e+02 1.920000000000000000e+02 4.250103364900000003e+01 1.557645312500000045e+00
1.920000000000000000e+02 1.930000000000000000e+02 3.799983616799999453e+01 1.549072165299999915e+00
1.930000000000000000e+02 1.940000000000000000e+02 3.615636779799999800e+01 1.430475892000000027e+00
1.940000000000000000e+02 1.950000000000000000e+02 3.314777959700000309e+01 1.293404461299999975e+00
1.950000000000000000e+02 1.960000000000000000e+02 3.172426327600000207e+01 1.190797898999999882e+00
1.960000000000000000e+02 1.970000000000000000e+02 2.991729877599999909e+01 1.260689901699999949e+00
1.970000000000000000e+02 1.980000000000000000e+02 2.521726858499999935e+01 1.058561505399999936e+00
1.980000000000000000e+02 1.990000000000000000e+02 4.101770334799999773e+01 1.810790401600000044e+00
1.990000000000000000e+02 2.000000000000000000e+02 4.489675459200000063e+01 1.763296784100000014e+00
2.000000000000000000e+02 2.010000000000000000e+02 4.355358521600000188e+01 1.835079130500000044e+00
2.010000000000000000e+02 2.020000000000000000e+02 4.022724009000000223e+01 1.680444591600000148e+00
2.020000000000000000e+02 2.030000000000000000e+02 3.752011292699999956e+01 1.691739610700000007e+00
2.030000000000000000e+02 2.040000000000000000e+02 3.673449560699999950e+01 1.715045072399999926e+00
2.040000000000000000e+02 2.050000000000000000e+02 3.495625883799999656e+01 1.460541212399999900e+00
2.050000000000000000e+02 2.060000000000000000e+02 3.269513836400000173e+01 1.255697892599999976e+00
2.060000000000000000e+02 2.070000000000000000e+02 2.748480508699999803e+01 1.212799489200000025e+00
2.070000000000000000e+02 2.080000000000000000e+02 2.667814456799999689e+01 1.267006811599999949e+00
2.080000000000000000e+02 2.090000000000000000e+02 2.519636482199999961e+01 1.140016995100000097e+00
2.090000000000000000e+02 2.100000000000000000e+02 3.963160531099999417e+01 1.707938468899999895e+00
2.100000000000000000e+02 2.110000000000000000e+02 3.834240477800000235e+01 1.789796746900000013e+00
2.110000000000000000e+02 2.120000000000000000e+02 4.085755428899999941e+01 1.803322704700000001e+00
2.120000000000000000e+02 2.130000000000000000e+02 4.131519654400000263e+01 1.652413380399999854e+00
2.130000000000000000e+02 2.140000000000000000e+02 3.860193859600000366e+01 1.666965414999999950e+00
2.140000000000000000e+02 2.150000000000000000e+02 3.412454714799999778e+01 1.653207547799999899e+00
2.150000000000000000e+02 2.160000000000000000e+02 3.430615828300000203e+01 1.507949022000000028e+00
2.160000000000000000e+02 2.170000000000000000e+02 3.467719031000000030e+01 1.313382763199999914e+00
2.170000000000000000e+02 2.180000000000000000e+02 3.091228321000000179e+01 1.272438976300000135e+00
2.180000000000000000e+02 2.190000000000000000e+02 2.440537578899999716e+01 1.197831833800000023e+00
2.190000000000000000e+02 2.200000000000000000e+02 2.405692209100000056e+01 1.163059413500000083e+00
2.200000000000000000e+02 2.210000000000000000e+02 4.101728537500000016e+01 1.745428540600000078e+00
2.210000000000000000e+02 2.220000000000000000e+02 4.053772597199999694e+01 1.604632903700000002e+00
2.220000000000000000e+02 2.230000000000000000e+02 4.217858354399999854e+01 1.780275663699999900e+00
2.230000000000000000e+02 2.240000000000000000e+02 3.907594136600000212e+01 1.641483870499999886e+00
2.240000000000000000e+02 2.250000000000000000e+02 3.617158737100000110e+01 1.675833216999999875e+00
2.250000000000000000e+02 2.260000000000000000e+02 3.354553774899999752e+01 1.487486431900000072e+00
2.260000000000000000e+02 2.270000000000000000e+02 3.411241645999999861e+01 1.468722203000000004e+00
2.270000000000000000e+02 2.280000000000000000e+02 2.815715384599999993e+01 1.288420816599999963e+00
2.280000000000000000e+02 2.290000000000000000e+02 2.722587877099999787e+01 1.272861013700000044e+00
2.290000000000000000e+02 2.300000000000000000e+02 2.643778174300000217e+01 1.114504629700000082e+00
2.300000000000000000e+02 2.310000000000000000e+02 2.121787340600000249e+01 1.165205745399999993e+00
2.310000000000000000e+02 2.320000000000000000e+02 4.152786465300000174e+01 1.928175541099999890e+00
2.320000000000000000e+02 2.330000000000000000e+02 3.894364639300000164e+01 1.687973717200000001e+00
2.330000000000000000e+02 2.340000000000000000e+02 3.887361741000000137e+01 1.643771824899999956e+00
2.340000000000000000e+02 2.350000000000000000e+02 3.664988075599999462e+01 1.723475400999999962e+00
2.350000000000000000e+02 2.360000000000000000e+02 3.511108580199999807e+01 1.589961918300000221e+00
2.360000000000000000e+02 2.370000000000000000e+02 3.416272231299999618e+01 1.336197768700000177e+00
2.370000000000000000e+02 2.380000000000000000e+02 3.233229713500000457e+01 1.443018063000000017e+00
2.380000000000000000e+02 2.390000000000000000e+02 2.870620700599999964e+01 1.271706559100000078e+00
2.390000000000000000e+02 2.400000000000000000e+02 2.631232422400000104e+01 1.190582629899999967e+00
2.400000000000000000e+02 2.410000000000000000e+02 2.526149431800000045e+01 1.164487630500000037e+00
2.410000000000000000e+02 2.420000000000000000e+02 2.095184390900000082e+01 1.087929098800000105e+00
2.420000000000000000e+02 2.430000000000000000e+02 3.822667598999999683e+01 2.024631329400000013e+00
2.430000000000000000e+02 2.440000000000000000e+02 3.622686120899999906e+01 1.692094405500000009e+00
2.440000000000000000e+02 2.450000000000000000e+02 3.489308115200000060e+01 1.541603896699999865e+00
2.450000000000000000e+02 2.460000000000000000e+02 3.573468402999999682e+01 1.550728719399999900e+00
2.460000000000000000e+02 2.470000000000000000e+02 3.588018522499999818e+01 1.634556327500000128e+00
2.470000000000000000e+02 2.480000000000000000e+02 3.231509044199999892e+01 1.382353711499999971e+00
2.480000000000000000e+02 2.490000000000000000e+02 2.832513273300000023e+01 1.479270824899999948e+00
2.490000000000000000e+02 2.500000000000000000e+02 2.699342624599999851e+01 1.224160997100000037e+00
2.500000000000000000e+02 2.510000000000000000e+02 2.484085944799999979e+01 1.172650222699999967e+00
2.510000000000000000e+02 2.520000000000000000e+02 2.154460244699999905e+01 1.120723570999999863e+00
2.520000000000000000e+02 2.530000000000000000e+02 2.118468668299999891e+01 1.086969918799999935e+00
2.530000000000000000e+02 2.540000000000000000e+02 3.572465335200000425e+01 1.923051149500000001e+00
2.540000000000000000e+02 2.550000000000000000e+02 3.701497625700000071e+01 1.888789124500000138e+00
2.550000000000000000e+02 2.560000000000000000e+02 3.700983295399999662e+01 1.702656489700000053e+00
2.560000000000000000e+02 2.570000000000000000e+02 3.411298557899999651e+01 1.619541929499999977e+00
2.570000000000000000e+02 2.580000000000000000e+02 3.081749117300000052e+01 1.567936169900000065e+00
2.580000000000000000e+02 2.590000000000000000e+02 3.170874759999999881e+01 1.409268185499999992e+00
2.590000000000000000e+02 2.600000000000000000e+02 2.778155525000000026e+01 1.379508131100000146e+00
2.600000000000000000e+02 2.610000000000000000e+02 2.722612030199999822e+01 1.307827805999999926e+00
2.610000000000000000e+02 2.620000000000000000e+02 2.521451688000000146e+01 1.236465150400000157e+00
2.620000000000000000e+02 2.630000000000000000e+02 2.319544760000000139e+01 1.088525802200000170e+00
2.630000000000000000e+02 2.640000000000000000e+02 2.097279034699999656e+01 1.079801821100000003e+00
2.640000000000000000e+02 2.650000000000000000e+02 3.952092865000000188e+01 1.812181335999999865e+00
2.650000000000000000e+02 2.660000000000000000e+02 3.592547473199999786e+01 1.818122323699999932e+00
2.660000000000000000e+02 2.670000000000000000e+02 3.511178949199999977e+01 1.784050743899999958e+00
2.670000000000000000e+02 2.680000000000000000e+02 3.471525490500000188e+01 1.545811206700000051e+00
2.680000000000000000e+02 2.690000000000000000e+02 3.358752102000000406e+01 1.493696614400000122e+00
2.690000000000000000e+02 2.700000000000000000e+02 3.122187526200000107e+01 1.460884296399999949e+00
2.700000000000000000e+02 2.710000000000000000e+02 2.843915494100000174e+01 1.328882051799999964e+00
2.710000000000000000e+02 2.720000000000000000e+02 2.489950626499999942e+01 1.206942779000000021e+00
2.720000000000000000e+02 2.730000000000000000e+02 2.411193357000000148e+01 1.281879608999999975e+00
2.730000000000000000e+02 2.740000000000000000e+02 2.159562429500000036e+01 1.099172530400000181e+00
2.740000000000000000e+02 2.750000000000000000e+02 1.954400042800000037e+01 1.069925559800000148e+00
2.750000000000000000e+02 2.760000000000000000e+02 3.480379232800000011e+01 1.946919599399999923e+00
2.760000000000000000e+02 2.770000000000000000e+02 3.369506432900000448e+01 1.695718635199999991e+00
2.770000000000000000e+02 2.780000000000000000e+02 3.131909364400000229e+01 1.645747160500000028e+00
2.780000000000000000e+02 2.790000000000000000e+02 3.397615838900000540e+01 1.734717238699999831e+00
2.790000000000000000e+02 2.800000000000000000e+02 3.169935319000000007e+01 1.501930076999999919e+00
2.800000000000000000e+02 2.810000000000000000e+02 2.850549192800000142e+01 1.332312097400000006e+00
2.810000000000000000e+02 2.820000000000000000e+02 2.820630897899999923e+01 1.348146416100000078e+00
2.820000000000000000e+02 2.830000000000000000e+02 2.569800704500000066e+01 1.180646744699999973e+00
2.830000000000000000e+02 2.840000000000000000e+02 2.490447699200000287e+01 1.162645211400000100e+00
2.840000000000000000e+02 2.850000000000000000e+02 2.285544413199999880e+01 1.122457887600000204e+00
2.850000000000000000e+02 2.860000000000000000e+02 1.928926467199999806e+01 1.091926094299999983e+00
2.860000000000000000e+02 2.870000000000000000e+02 3.513479102200000170e+01 1.869256385399999942e+00
2.870000000000000000e+02 2.880000000000000000e+02 3.552080297199999848e+01 1.626098468499999949e+00
2.880000000000000000e+02 2.890000000000000000e+02 3.515356986900000180e+01 1.725719471199999910e+00
2.890000000000000000e+02 2.900000000000000000e+02 2.967720779899999783e+01 1.690700893200000055e+00
2.900000000000000000e+02 2.910000000000000000e+02 3.123001140099999873e+01 1.592561306500000162e+00
2.910000000000000000e+02 2.920000000000000000e+02 3.073198168899999771e+01 1.431373671600000064e+00
2.920000000000000000e+02 2.930000000000000000e+02 2.854678006199999984e+01 1.252440720400000096e+00
2.930000000000000000e+02 2.940000000000000000e+02 2.434909649300000112e+01 1.184250007399999971e+00
2.940000000000000000e+02 2.950000000000000000e+02 2.195531341499999911e+01 1.096359414599999971e+00
2.950000000000000000e+02 2.960000000000000000e+02 1.985626545599999915e+01 1.030861877300000007e+00
2.960000000000000000e+02 2.970000000000000000e+02 1.913809176900000253e+01 1.088222032900000080e+00
2.970000000000000000e+02 2.980000000000000000e+02 3.291428122899999664e+01 1.882509902600000062e+00
2.980000000000000000e+02 2.990000000000000000e+02 3.395248016800000102e+01 1.685509394299999908e+00
2.990000000000000000e+02 3.000000000000000000e+02 3.065391718999999782e+01 1.774323627200000031e+00
3.000000000000000000e+02 3.010000000000000000e+02 3.223793999400000132e+01 1.558925127799999810e+00
3.010000000000000000e+02 3.020000000000000000e+02 2.631659947200000005e+01 1.537083574600000002e+00
3.020000000000000000e+02 3.030000000000000000e+02 2.694515113900000003e+01 1.353630944200000075e+00
3.030000000000000000e+02 3.040000000000000000e+02 2.510784268399999775e+01 1.312225011500000038e+00
3.040000000000000000e+02 3.050000000000000000e+02 2.363260903399999791e+01 1.095281462400000017e+00
3.050000000000000000e+02 3.060000000000000000e+02 2.175205473799999822e+01 1.174098538700000027e+00
3.060000000000000000e+02 3.070000000000000000e+02 2.084536905100000226e+01 1.144642146300000052e+00
3.070000000000000000e+02 3.080000000000000000e+02 1.848083282600000032e+01 9.654145470200000689e-01
3.080000000000000000e+02 3.090000000000000000e+02 3.624771105499999635e+01 2.091618503999999934e+00
3.090000000000000000e+02 3.100000000000000000e+02 3.648332941200000334e+01 1.980197297600000184e+00
3.100000000000000000e+02 3.110000000000000000e+02 3.048816609300000025e+01 1.675505806200000114e+00
3.110000000000000000e+02 3.120000000000000000e+02 3.030767169099999947e+01 1.518182048499999937e+00
3.120000000000000000e+02 3.130000000000000000e+02 3.114190576300000046e+01 1.457171097000000026e+00
3.130000000000000000e+02 3.140000000000000000e+02 2.624964239000000177e+01 1.376987401899999908e+00
3.140000000000000000e+02 3.150000000000000000e+02 2.507421058199999919e+01 1.233648158500000092e+00
3.150000000000000000e+02 3.160000000000000000e+02 2.400588488300000023e+01 1.143942444700000172e+00
3.160000000000000000e+02 3.170000000000000000e+02 2.042667665300000124e+01 1.325975863200000049e+00
3.170000000000000000e+02 3.180000000000000000e+02 1.887429989299999988e+01 1.172487846300000136e+00
3.180000000000000000e+02 3.190000000000000000e+02 1.472287447899999968e+01 9.852231341299999556e-01
3.190000000000000000e+02 3.200000000000000000e+02 3.248865284099999684e+01 1.958772339499999848e+00
3.200000000000000000e+02 3.210000000000000000e+02 3.016328724599999944e+01 1.928248582699999991e+00
3.210000000000000000e+02 3.220000000000000000e+02 2.924538199899999924e+01 1.642086591500000026e+00
3.220000000000000000e+02 3.230000000000000000e+02 2.790408232500000096e+01 1.618981827200000057e+00
3.230000000000000000e+02 3.240000000000000000e+02 2.922495557799999943e+01 1.557517523300000040e+00
3.240000000000000000e+02 3.250000000000000000e+02 2.620164314399999839e+01 1.513642120100000099e+00
3.250000000000000000e+02 3.260000000000000000e+02 2.433462254799999869e+01 1.260910724099999936e+00
3.260000000000000000e+02 3.270000000000000000e+02 2.253192496999999861e+01 1.162045721100000151e+00
3.270000000000000000e+02 3.280000000000000000e+02 1.977039130200000017e+01 1.111775979099999923e+00
3.280000000000000000e+02 3.290000000000000000e+02 1.638587014600000202e+01 1.061904305099999890e+00
3.290000000000000000e+02 3.300000000000000000e+02 1.738802955699999941e+01 1.095850472040000190e+00
3.300000000000000000e+02 3.310000000000000000e+02 3.438609258199999630e+01 1.756901789999999908e+00
3.310000000000000000e+02 3.320000000000000000e+02 2.741497783699999857e+01 1.594249562400000153e+00
3.320000000000000000e+02 3.330000000000000000e+02 2.957506362800000232e+01 1.619381433099999823e+00
3.330000000000000000e+02 3.340000000000000000e+02 2.737558193899999992e+01 1.580633302600000123e+00
3.340000000000000000e+02 3.350000000000000000e+02 2.505108031099999977e+01 1.476498392300000129e+00
3.350000000000000000e+02 3.360000000000000000e+02 2.359824659300000249e+01 1.334857746499999998e+00
3.360000000000000000e+02 3.370000000000000000e+02 2.350755431500000014e+01 1.248590233900000124e+00
3.370000000000000000e+02 3.380000000000000000e+02 2.304681013899999797e+01 1.210160555500000124e+00
3.380000000000000000e+02 3.390000000000000000e+02 2.244402417799999938e+01 1.210521313700000157e+00
3.390000000000000000e+02 3.400000000000000000e+02 1.642404976999999988e+01 1.045292787199999962e+00
3.400000000000000000e+02 3.410000000000000000e+02 1.584840188599999955e+01 1.095560767599999874e+00
3.410000000000000000e+02 3.420000000000000000e+02 2.780430540100000059e+01 1.671700081699999840e+00
3.420000000000000000e+02 3.430000000000000000e+02 3.063841409799999838e+01 1.568101782600000105e+00
3.430000000000000000e+02 3.440000000000000000e+02 2.881871697700000112e+01 1.572309492800000097e+00
3.440000000000000000e+02 3.450000000000000000e+02 2.875482984699999989e+01 1.576766775799999909e+00
3.450000000000000000e+02 3.460000000000000000e+02 2.398175073200000185e+01 1.385663074400000028e+00
3.460000000000000000e+02 3.470000000000000000e+02 2.503713064500000129e+01 1.349529829099999967e+00
3.470000000000000000e+02 3.480000000000000000e+02 2.260464998000000136e+01 1.260064069300000034e+00
3.480000000000000000e+02 3.490000000000000000e+02 1.901962443900000110e+01 1.141214086600000011e+00
3.490000000000000000e+02 3.500000000000000000e+02 1.672403207400000014e+01 1.229556211200000027e+00
3.500000000000000000e+02 3.510000000000000000e+02 1.816639054999999914e+01 9.756779216500000018e-01
3.510000000000000000e+02 3.520000000000000000e+02 1.622434968700000013e+01 9.656373209399999880e-01
3.520000000000000000e+02 3.530000000000000000e+02 3.005207569999999961e+01 1.644190587999999842e+00
3.530000000000000000e+02 3.540000000000000000e+02 3.049133463300000102e+01 1.790076877499999997e+00
3.540000000000000000e+02 3.550000000000000000e+02 2.779493721400000084e+01 1.621921740999999972e+00
3.550000000000000000e+02 3.560000000000000000e+02 2.860317540999999864e+01 1.548229703700000126e+00
3.560000000000000000e+02 3.570000000000000000e+02 2.850896412300000193e+01 1.459323623099999967e+00
3.570000000000000000e+02 3.580000000000000000e+02 2.614263963000000146e+01 1.435099901600000116e+00
3.580000000000000000e+02 3.590000000000000000e+02 2.294450348100000170e+01 1.211093094600000031e+00
3.590000000000000000e+02 3.600000000000000000e+02 2.163272982299999825e+01 1.084049059500000078e+00
3.600000000000000000e+02 3.610000000000000000e+02 1.824705767700000081e+01 1.101375315999999938e+00
3.610000000000000000e+02 3.620000000000000000e+02 1.725940168700000044e+01 1.023761738099999929e+00
3.620000000000000000e+02 3.630000000000000000e+02 1.440427092600000059e+01 9.267239535500000347e-01
3.630000000000000000e+02 3.640000000000000000e+02 3.063862683199999992e+01 1.748443279299999986e+00
3.640000000000000000e+02 3.650000000000000000e+02 2.944819551799999857e+01 1.612008773699999953e+00
3.650000000000000000e+02 3.660000000000000000e+02 2.811341756799999914e+01 1.608963212699999978e+00
3.660000000000000000e+02 3.670000000000000000e+02 2.593587814400000013e+01 1.508436226399999969e+00
3.670000000000000000e+02 3.680000000000000000e+02 2.484200869700000069e+01 1.465577839200000065e+00
3.680000000000000000e+02 3.690000000000000000e+02 2.403807334299999710e+01 1.440546806499999999e+00
3.690000000000000000e+02 3.700000000000000000e+02 2.189934372700000154e+01 1.264695520699999909e+00
3.700000000000000000e+02 3.710000000000000000e+02 1.960895356700000036e+01 1.163358904699999918e+00
3.710000000000000000e+02 3.720000000000000000e+02 1.726041095300000094e+01 1.030309434699999915e+00
3.720000000000000000e+02 3.730000000000000000e+02 1.537129980599999968e+01 1.090693998799999953e+00
3.730000000000000000e+02 3.740000000000000000e+02 1.350096203000000017e+01 9.733973090599999933e-01
3.740000000000000000e+02 3.750000000000000000e+02 2.763780457200000029e+01 1.752020020900000086e+00
3.750000000000000000e+02 3.760000000000000000e+02 2.725615891500000032e+01 1.664839985099999975e+00
3.760000000000000000e+02 3.770000000000000000e+02 2.656447218899999996e+01 1.563976300900000060e+00
3.770000000000000000e+02 3.780000000000000000e+02 2.654172824499999805e+01 1.496094485699999810e+00
3.780000000000000000e+02 3.790000000000000000e+02 2.405974419700000055e+01 1.321327694000000053e+00
3.790000000000000000e+02 3.800000000000000000e+02 2.092590578999999806e+01 1.436167650799999862e+00
3.800000000000000000e+02 3.810000000000000000e+02 2.322646905799999928e+01 1.257674699000000063e+00
3.810000000000000000e+02 3.820000000000000000e+02 2.075342314499999929e+01 1.209237384399999948e+00
3.820000000000000000e+02 3.830000000000000000e+02 1.903832569700000121e+01 1.050871178199999978e+00
3.830000000000000000e+02 3.840000000000000000e+02 1.775065295799999987e+01 1.278171979899999977e+00
3.840000000000000000e+02 3.850000000000000000e+02 1.376411622529999867e+01 9.380925432199999081e-01
3.850000000000000000e+02 3.860000000000000000e+02 2.827416790800000257e+01 1.731555320100000017e+00
3.860000000000000000e+02 3.870000000000000000e+02 2.454709754799999999e+01 1.734516789199999964e+00
3.870000000000000000e+02 3.880000000000000000e+02 2.860732854100000111e+01 1.737093350100000100e+00
3.880000000000000000e+02 3.890000000000000000e+02 2.322230704800000112e+01 1.614346764900000064e+00
3.890000000000000000e+02 3.900000000000000000e+02 2.340298054700000208e+01 1.409121148200000118e+00
3.900000000000000000e+02 3.910000000000000000e+02 2.106779001799999662e+01 1.368914055199999869e+00
3.910000000000000000e+02 3.920000000000000000e+02 2.119151421799999824e+01 1.252533544799999898e+00
3.920000000000000000e+02 3.930000000000000000e+02 2.015573332299999976e+01 1.181427813500000035e+00
3.930000000000000000e+02 3.940000000000000000e+02 1.669706277099999880e+01 1.153537911799999982e+00
3.940000000000000000e+02 3.950000000000000000e+02 1.360696148300000097e+01 1.286901853399999851e+00
3.950000000000000000e+02 3.960000000000000000e+02 1.358510575200000048e+01 9.286231269199999305e-01
3.960000000000000000e+02 3.970000000000000000e+02 2.394057926600000030e+01 1.612494665900000124e+00
3.970000000000000000e+02 3.980000000000000000e+02 2.463025339700000060e+01 1.639463961999999997e+00
3.980000000000000000e+02 3.990000000000000000e+02 2.493359437199999817e+01 1.554827933700000164e+00
3.990000000000000000e+02 4.000000000000000000e+02 2.135662331099999989e+01 1.628787905899999888e+00
4.000000000000000000e+02 4.010000000000000000e+02 2.352616101799999981e+01 1.465663260099999921e+00
4.010000000000000000e+02 4.020000000000000000e+02 1.870298795200000086e+01 1.321689780600000086e+00
4.020000000000000000e+02 4.030000000000000000e+02 1.903947940000000116e+01 1.333446321200000062e+00
4.030000000000000000e+02 4.040000000000000000e+02 1.789734570799999958e+01 1.134664978500000032e+00
4.040000000000000000e+02 4.050000000000000000e+02 1.821907424300000145e+01 1.093240161999999849e+00
4.050000000000000000e+02 4.060000000000000000e+02 1.352126250699999943e+01 1.087436095099999944e+00
4.060000000000000000e+02 4.070000000000000000e+02 1.339744165779999996e+01 8.921668979000000332e-01
4.070000000000000000e+02 4.080000000000000000e+02 2.618948697400000114e+01 1.608543564799999936e+00
4.080000000000000000e+02 4.090000000000000000e+02 2.806311787599999974e+01 1.640383278199999850e+00
4.090000000000000000e+02 4.100000000000000000e+02 2.708937283499999893e+01 1.538494705900000037e+00
4.100000000000000000e+02 4.110000000000000000e+02 2.487700617599999831e+01 1.412342533399999933e+00
4.110000000000000000e+02 4.120000000000000000e+02 2.144273087400000222e+01 1.311382746100000052e+00
4.120000000000000000e+02 4.130000000000000000e+02 2.254017136200000238e+01 1.277429844999999897e+00
4.130000000000000000e+02 4.140000000000000000e+02 2.214910211699999820e+01 1.253497418900000104e+00
4.140000000000000000e+02 4.150000000000000000e+02 1.819069120500000025e+01 1.130490702299999928e+00
4.150000000000000000e+02 4.160000000000000000e+02 1.682828212600000128e+01 1.074714675300000088e+00
4.160000000000000000e+02 4.170000000000000000e+02 1.641627273900000006e+01 1.005372989349999857e+00
4.170000000000000000e+02 4.180000000000000000e+02 1.287263590189999896e+01 9.025852748899999556e-01
4.180000000000000000e+02 4.190000000000000000e+02 2.414880702499999998e+01 1.757474528599999974e+00
4.190000000000000000e+02 4.200000000000000000e+02 2.119270464799999942e+01 1.625654832900000013e+00
4.200000000000000000e+02 4.210000000000000000e+02 2.239548521200000053e+01 1.495524244499999877e+00
4.210000000000000000e+02 4.220000000000000000e+02 2.436891387699999711e+01 1.438054886500000018e+00
4.220000000000000000e+02 4.230000000000000000e+02 2.266090199200000299e+01 1.247153973899999935e+00
4.230000000000000000e+02 4.240000000000000000e+02 2.028803380200000106e+01 1.270762061399999920e+00
4.240000000000000000e+02 4.250000000000000000e+02 1.843973616699999951e+01 1.283079457000000145e+00
4.250000000000000000e+02 4.260000000000000000e+02 1.638765558100000064e+01 1.234653268299999995e+00
4.260000000000000000e+02 4.270000000000000000e+02 1.672144515100000106e+01 1.112670552300000004e+00
4.270000000000000000e+02 4.280000000000000000e+02 1.443753841700000073e+01 9.520218752300000364e-01
4.280000000000000000e+02 4.290000000000000000e+02 1.171805609029999928e+01 9.289705896899999038e-01
4.290000000000000000e+02 4.300000000000000000e+02 2.771955408100000184e+01 1.820201865299999833e+00
4.300000000000000000e+02 4.310000000000000000e+02 2.495255488799999810e+01 1.708788084899999893e+00
4.310000000000000000e+02 4.320000000000000000e+02 2.439933867699999936e+01 1.584458124299999993e+00
4.320000000000000000e+02 4.330000000000000000e+02 2.354324848099999912e+01 1.345752122599999989e+00
4.330000000000000000e+02 4.340000000000000000e+02 2.263884338799999796e+01 1.567177490299999976e+00
4.340000000000000000e+02 4.350000000000000000e+02 1.954392368599999941e+01 1.284044547399999958e+00
4.350000000000000000e+02 4.360000000000000000e+02 1.654266018400000249e+01 1.156461004700000128e+00
4.360000000000000000e+02 4.370000000000000000e+02 1.712786159300000222e+01 1.349368021200000101e+00
4.370000000000000000e+02 4.380000000000000000e+02 1.320919341499999966e+01 9.634753626099999968e-01
4.380000000000000000e+02 4.390000000000000000e+02 1.500072492199999985e+01 1.045032496090000151e+00
4.390000000000000000e+02 4.400000000000000000e+02 1.254891657629999990e+01 9.442053565900000445e-01
4.400000000000000000e+02 4.410000000000000000e+02 2.558158792500000089e+01 1.879914337600000040e+00
4.410000000000000000e+02 4.420000000000000000e+02 2.364492188599999878e+01 1.692954894200000115e+00
4.420000000000000000e+02 4.430000000000000000e+02 2.176580719200000047e+01 1.725006265500000024e+00
4.430000000000000000e+02 4.440000000000000000e+02 2.326163968899999901e+01 1.443168714399999830e+00
4.440000000000000000e+02 4.450000000000000000e+02 1.796792565900000227e+01 1.519609638299999954e+00
4.450000000000000000e+02 4.460000000000000000e+02 1.866059972499999731e+01 1.289201394500000042e+00
4.460000000000000000e+02 4.470000000000000000e+02 1.765106630500000051e+01 1.220961632800000141e+00
4.470000000000000000e+02 4.480000000000000000e+02 1.608385753600000001e+01 1.143892334000000011e+00
4.480000000000000000e+02 4.490000000000000000e+02 1.556261040299999898e+01 1.013761760060000183e+00
4.490000000000000000e+02 4.500000000000000000e+02 1.181964600099999885e+01 1.025141107240000071e+00
4.500000000000000000e+02 4.510000000000000000e+02 1.180417294330000111e+01 9.373141987100001016e-01
4.510000000000000000e+02 4.520000000000000000e+02 2.114863214700000071e+01 1.798670073700000094e+00
4.520000000000000000e+02 4.530000000000000000e+02 2.267301998499999982e+01 1.576325910199999791e+00
4.530000000000000000e+02 4.540000000000000000e+02 2.447320926300000110e+01 1.674559014099999965e+00
4.540000000000000000e+02 4.550000000000000000e+02 2.212880857700000092e+01 1.444310891999999846e+00
4.550000000000000000e+02 4.560000000000000000e+02 2.135938413299999894e+01 1.325817288200000110e+00
4.560000000000000000e+02 4.570000000000000000e+02 1.782830678299999860e+01 1.310845059999999895e+00
4.570000000000000000e+02 4.580000000000000000e+02 1.682178771700000297e+01 1.211050620299999991e+00
4.580000000000000000e+02 4.590000000000000000e+02 1.675993828400000041e+01 1.132769657499999916e+00
4.590000000000000000e+02 4.600000000000000000e+02 1.564148596599999941e+01 9.926845652400000386e-01
4.600000000000000000e+02 4.610000000000000000e+02 1.187828023099999974e+01 1.085466022499999905e+00
4.610000000000000000e+02 4.620000000000000000e+02 1.320496028190000004e+01 1.017761733950000025e+00
4.620000000000000000e+02 4.630000000000000000e+02 2.137010573199999897e+01 1.743111514400000006e+00
4.630000000000000000e+02 4.640000000000000000e+02 2.192385959499999970e+01 1.546895905700000018e+00
4.640000000000000000e+02 4.650000000000000000e+02 2.128451984800000218e+01 1.653197445099999996e+00
4.650000000000000000e+02 4.660000000000000000e+02 2.064746420100000179e+01 1.455035513699999949e+00
4.660000000000000000e+02 4.670000000000000000e+02 2.131961028200000285e+01 1.303513526199999939e+00
4.670000000000000000e+02 4.680000000000000000e+02 1.829240875800000055e+01 1.323385695300000053e+00
4.680000000000000000e+02 4.690000000000000000e+02 1.789350544400000231e+01 1.242811412600000054e+00
4.690000000000000000e+02 4.700000000000000000e+02 1.632363290400000011e+01 9.729141485000000200e-01
4.700000000000000000e+02 4.710000000000000000e+02 1.476352366400000093e+01 1.033657073500000134e+00
4.710000000000000000e+02 4.720000000000000000e+02 1.132418199409999993e+01 1.047431484480000119e+00
4.720000000000000000e+02 4.730000000000000000e+02 9.149523302299998662e+00 9.602164716800000166e-01
4.730000000000000000e+02 4.740000000000000000e+02 2.210277972100000099e+01 1.644289746100000116e+00
4.740000000000000000e+02 4.750000000000000000e+02 2.371352310500000016e+01 1.624476130399999940e+00
4.750000000000000000e+02 4.760000000000000000e+02 2.155953447099999920e+01 1.476200185000000165e+00
4.760000000000000000e+02 4.770000000000000000e+02 2.198286369699999909e+01 1.327610392099999981e+00
4.770000000000000000e+02 4.780000000000000000e+02 1.933495114199999776e+01 1.347853510700000035e+00
4.780000000000000000e+02 4.790000000000000000e+02 1.649757657700000024e+01 1.282891913500000092e+00
4.790000000000000000e+02 4.800000000000000000e+02 1.798558129499999936e+01 1.184206386799999899e+00
4.800000000000000000e+02 4.810000000000000000e+02 1.452161330599999900e+01 9.942416410000000093e-01
4.810000000000000000e+02 4.820000000000000000e+02 1.247670952100000008e+01 1.104809103200000031e+00
4.820000000000000000e+02 4.830000000000000000e+02 1.288003242799999981e+01 9.364906114800000125e-01
4.830000000000000000e+02 4.840000000000000000e+02 1.085065001849999966e+01 8.567582808299999408e-01
4.840000000000000000e+02 4.850000000000000000e+02 2.019649560499999907e+01 1.736323554900000010e+00
4.850000000000000000e+02 4.860000000000000000e+02 2.013810954699999911e+01 1.715897994899999945e+00
4.860000000000000000e+02 4.870000000000000000e+02 2.009930917899999869e+01 1.500727679499999967e+00
4.870000000000000000e+02 4.880000000000000000e+02 2.018470228099999986e+01 1.437539547800000150e+00
4.880000000000000000e+02 4.890000000000000000e+02 1.623808247400000226e+01 1.318785658999999999e+00
4.890000000000000000e+02 4.900000000000000000e+02 1.727640962599999952e+01 1.197887058000000060e+00
4.900000000000000000e+02 4.910000000000000000e+02 1.755883822899999913e+01 1.208887378500000054e+00
4.910000000000000000e+02 4.920000000000000000e+02 1.586869096999999940e+01 1.009294181000000012e+00
4.920000000000000000e+02 4.930000000000000000e+02 1.233026656900000084e+01 1.085089721899999970e+00
4.930000000000000000e+02 4.940000000000000000e+02 1.073872613119999997e+01 9.376902511799999340e-01
4.940000000000000000e+02 4.950000000000000000e+02 1.025591545009999983e+01 8.869969078799999629e-01
4.950000000000000000e+02 4.960000000000000000e+02 2.144870792100000045e+01 1.676814207900000131e+00
4.960000000000000000e+02 4.970000000000000000e+02 2.458919354100000021e+01 1.708561801799999946e+00
4.970000000000000000e+02 4.980000000000000000e+02 1.979473759400000077e+01 1.370376346299999826e+00
4.980000000000000000e+02 4.990000000000000000e+02 2.149581579400000209e+01 1.454510588999999854e+00
4.990000000000000000e+02 5.000000000000000000e+02 2.092311169099999901e+01 1.293180820399999931e+00
5.000000000000000000e+02 5.010000000000000000e+02 1.831185205999999965e+01 1.124986636700000098e+00
5.010000000000000000e+02 5.020000000000000000e+02 1.364362775500000069e+01 1.222455344499999930e+00
5.020000000000000000e+02 5.030000000000000000e+02 1.341639802800000147e+01 1.068374024199999939e+00
5.030000000000000000e+02 5.040000000000000000e+02 1.291826429199999993e+01 9.795825366900000608e-01
5.040000000000000000e+02 5.050000000000000000e+02 1.233476719070000094e+01 9.481937783500000716e-01
5.050000000000000000e+02 5.060000000000000000e+02 1.018310432440000035e+01 8.470845460599999432e-01
5.060000000000000000e+02 5.070000000000000000e+02 2.038337056499999989e+01 1.618618917100000054e+00
5.070000000000000000e+02 5.080000000000000000e+02 2.127776010199999845e+01 1.697433972699999849e+00
5.080000000000000000e+02 5.090000000000000000e+02 1.965504709500000047e+01 1.383365629000000041e+00
5.090000000000000000e+02 5.100000000000000000e+02 1.738637188699999925e+01 1.389843974699999984e+00
5.100000000000000000e+02 5.110000000000000000e+02 1.672041133100000110e+01 1.209921502000000038e+00
5.110000000000000000e+02 5.120000000000000000e+02 1.790103539200000071e+01 1.122285253799999882e+00
5.120000000000000000e+02 5.130000000000000000e+02 1.568357053299999926e+01 1.194383671700000038e+00
5.130000000000000000e+02 5.140000000000000000e+02 1.591347016900000000e+01 1.084158833399999855e+00
5.140000000000000000e+02 5.150000000000000000e+02 1.333163967299999975e+01 9.860821928299999817e-01
5.150000000000000000e+02 5.160000000000000000e+02 1.090266400770000033e+01 8.027222698100000553e-01
5.160000000000000000e+02 5.170000000000000000e+02 1.066003799649999984e+01 8.612633816300000467e-01
5.170000000000000000e+02 5.180000000000000000e+02 1.868477107100000012e+01 1.589849452900000015e+00
5.180000000000000000e+02 5.190000000000000000e+02 2.073687001300000077e+01 1.727461134699999956e+00
5.190000000000000000e+02 5.200000000000000000e+02 2.156007360499999947e+01 1.451474628099999942e+00
5.200000000000000000e+02 5.210000000000000000e+02 1.975105052199999989e+01 1.492558784999999943e+00
5.210000000000000000e+02 5.220000000000000000e+02 1.879234150300000294e+01 1.251921827399999909e+00
5.220000000000000000e+02 5.230000000000000000e+02 1.753869855299999969e+01 1.196963038299999837e+00
5.230000000000000000e+02 5.240000000000000000e+02 1.602506646799999857e+01 1.194733296399999922e+00
5.240000000000000000e+02 5.250000000000000000e+02 1.410309813800000001e+01 1.100292595400000017e+00
5.250000000000000000e+02 5.260000000000000000e+02 1.086766498200000086e+01 1.081299476730000153e+00
5.260000000000000000e+02 5.270000000000000000e+02 9.685269647400000181e+00 9.297788218299999352e-01
5.270000000000000000e+02 5.280000000000000000e+02 1.031080615440000159e+01 8.539600289300000036e-01
5.280000000000000000e+02 5.290000000000000000e+02 2.289392705899999925e+01 1.670430267500000010e+00
5.290000000000000000e+02 5.300000000000000000e+02 1.839733738199999991e+01 1.495046058599999839e+00
5.300000000000000000e+02 5.310000000000000000e+02 1.813385086299999926e+01 1.385009872299999945e+00
5.310000000000000000e+02 5.320000000000000000e+02 1.907982619300000238e+01 1.545006843999999990e+00
5.320000000000000000e+02 5.330000000000000000e+02 1.765739276400000080e+01 1.311162755300000038e+00
5.330000000000000000e+02 5.340000000000000000e+02 1.552880374700000132e+01 1.156561604299999990e+00
5.340000000000000000e+02 5.350000000000000000e+02 1.358926264900000014e+01 1.210954203299999810e+00
5.350000000000000000e+02 5.360000000000000000e+02 1.294105677200000137e+01 1.090270836800000032e+00
5.360000000000000000e+02 5.370000000000000000e+02 1.247205691799999983e+01 9.495260366200000135e-01
5.370000000000000000e+02 5.380000000000000000e+02 1.309354450300000039e+01 8.939222126100000443e-01
5.380000000000000000e+02 5.390000000000000000e+02 9.267579316199999084e+00 8.058337815399999604e-01
5.390000000000000000e+02 5.400000000000000000e+02 1.959422717100000000e+01 1.426166623599999905e+00
5.400000000000000000e+02 5.410000000000000000e+02 2.044050555800000168e+01 1.495361318100000059e+00
5.410000000000000000e+02 5.420000000000000000e+02 2.152210822300000004e+01 1.326063509899999993e+00
5.420000000000000000e+02 5.430000000000000000e+02 1.700453773899999987e+01 1.574771531999999974e+00
5.430000000000000000e+02 5.440000000000000000e+02 1.538569198199999910e+01 1.217469847000000049e+00
5.440000000000000000e+02 5.450000000000000000e+02 1.635645838399999974e+01 1.226036756499999880e+00
5.450000000000000000e+02 5.460000000000000000e+02 1.507581625899999977e+01 1.240509733199999909e+00
5.460000000000000000e+02 5.470000000000000000e+02 1.194110862099999970e+01 1.054153665999999934e+00
5.470000000000000000e+02 5.480000000000000000e+02 1.223335732800000031e+01 1.057486597640000081e+00
5.480000000000000000e+02 5.490000000000000000e+02 9.237055653799998822e+00 9.734905695200000153e-01
5.490000000000000000e+02 5.500000000000000000e+02 8.820697555900000708e+00 9.757565320300000122e-01
5.500000000000000000e+02 5.510000000000000000e+02 1.788947467499999888e+01 1.524577828199999985e+00
5.510000000000000000e+02 5.520000000000000000e+02 1.953132425700000141e+01 1.694016998900000015e+00
5.520000000000000000e+02 5.530000000000000000e+02 1.917844100999999668e+01 1.514042311200000102e+00
5.530000000000000000e+02 5.540000000000000000e+02 1.685563041099999992e+01 1.274901653699999970e+00
5.540000000000000000e+02 5.550000000000000000e+02 1.624865433200000098e+01 1.142082800100000073e+00
5.550000000000000000e+02 5.560000000000000000e+02 1.626414095300000184e+01 1.230136440500000150e+00
5.560000000000000000e+02 5.570000000000000000e+02 1.298536703000000081e+01 1.161706990799999950e+00
5.570000000000000000e+02 5.580000000000000000e+02 1.338577890799999892e+01 1.081780491700000013e+00
5.580000000000000000e+02 5.590000000000000000e+02 1.314492986099999960e+01 1.145251459169999819e+00
5.590000000000000000e+02 5.600000000000000000e+02 1.194208219270000093e+01 8.241894118899999455e-01
5.600000000000000000e+02 5.610000000000000000e+02 7.662926709999999808e+00 8.373258337799999174e-01
5.610000000000000000e+02 5.620000000000000000e+02 1.659344034800000145e+01 1.518572808200000068e+00
5.620000000000000000e+02 5.630000000000000000e+02 1.882512242900000032e+01 1.528940607700000065e+00
5.630000000000000000e+02 5.640000000000000000e+02 1.710030326300000070e+01 1.441417437599999962e+00
5.640000000000000000e+02 5.650000000000000000e+02 1.794816189200000167e+01 1.216105023999999979e+00
5.650000000000000000e+02 5.660000000000000000e+02 1.650075465100000116e+01 1.139289422200000068e+00
5.660000000000000000e+02 5.670000000000000000e+02 1.390179337700000062e+01 1.257891261499999969e+00
5.670000000000000000e+02 5.680000000000000000e+02 1.451135079099999992e+01 1.085519572000000155e+00
5.680000000000000000e+02 5.690000000000000000e+02 1.248964261999999970e+01 9.874153781999999158e-01
5.690000000000000000e+02 5.700000000000000000e+02 1.088003761660000102e+01 1.039143358719999855e+00
5.700000000000000000e+02 5.710000000000000000e+02 9.861410167899999024e+00 8.880606765400000935e-01
5.710000000000000000e+02 5.720000000000000000e+02 8.908229214000000340e+00 7.333092352799999158e-01
5.720000000000000000e+02 5.730000000000000000e+02 2.025555930299999829e+01 1.564862307899999916e+00
5.730000000000000000e+02 5.740000000000000000e+02 2.061896677600000061e+01 1.622648766600000014e+00
5.740000000000000000e+02 5.750000000000000000e+02 1.687887438499999959e+01 1.278899791199999969e+00
5.750000000000000000e+02 5.760000000000000000e+02 1.524960915700000008e+01 1.283718656300000038e+00
5.760000000000000000e+02 5.770000000000000000e+02 1.582062002900000053e+01 1.141745046499999861e+00
5.770000000000000000e+02 5.780000000000000000e+02 1.493252440700000072e+01 1.181233900200000075e+00
5.780000000000000000e+02 5.790000000000000000e+02 1.123946618099999917e+01 1.130622829900000070e+00
5.790000000000000000e+02 5.800000000000000000e+02 1.103413749599999960e+01 1.002217789699999972e+00
5.800000000000000000e+02 5.810000000000000000e+02 1.033067608330000020e+01 1.013724039339999994e+00
5.810000000000000000e+02 5.820000000000000000e+02 1.031865475600000082e+01 8.863012248399999571e-01
5.820000000000000000e+02 5.830000000000000000e+02 8.417846966900000893e+00 8.429844661199999978e-01
5.830000000000000000e+02 5.840000000000000000e+02 1.822876908199999946e+01 1.491527120400000017e+00
5.840000000000000000e+02 5.850000000000000000e+02 1.551661765999999965e+01 1.597322163299999875e+00
5.850000000000000000e+02 5.860000000000000000e+02 1.572587476799999884e+01 1.429168995399999975e+00
5.860000000000000000e+02 5.870000000000000000e+02 1.764502986699999809e+01 1.312835949400000146e+00
5.870000000000000000e+02 5.880000000000000000e+02 1.524211875599999999e+01 1.186234180000000027e+00
5.880000000000000000e+02 5.890000000000000000e+02 1.530467893099999976e+01 1.189042482800000133e+00
5.890000000000000000e+02 5.900000000000000000e+02 1.536894112499999920e+01 1.182815440200000179e+00
5.900000000000000000e+02 5.910000000000000000e+02 1.472736687200000105e+01 1.029696469400000147e+00
5.910000000000000000e+02 5.920000000000000000e+02 1.020017968189999991e+01 1.028549490000000066e+00
5.920000000000000000e+02 5.930000000000000000e+02 1.028563036269999920e+01 9.669151126100000715e-01
5.930000000000000000e+02 5.940000000000000000e+02 8.517887635499999277e+00 7.261336124699999672e-01
5.940000000000000000e+02 5.950000000000000000e+02 1.836912519399999866e+01 1.471588711799999949e+00
5.950000000000000000e+02 5.960000000000000000e+02 1.739540943600000134e+01 1.441714368299999993e+00
5.960000000000000000e+02 5.970000000000000000e+02 1.440378997999999910e+01 1.385780046599999871e+00
5.970000000000000000e+02 5.980000000000000000e+02 1.730471220600000137e+01 1.458933768699999911e+00
5.980000000000000000e+02 5.990000000000000000e+02 1.633473015899999936e+01 1.189369354500000142e+00
5.990000000000000000e+02 6.000000000000000000e+02 1.307821771300000080e+01 1.191854095500000099e+00
6.000000000000000000e+02 6.010000000000000000e+02 1.213512983499999898e+01 1.176234489500000091e+00
6.010000000000000000e+02 6.020000000000000000e+02 1.271988271299999873e+01 1.070305341899999929e+00
6.020000000000000000e+02 6.030000000000000000e+02 1.075844989590000012e+01 8.663253530900000277e-01
6.030000000000000000e+02 6.040000000000000000e+02 7.324861224500000212e+00 8.313296388299999951e-01
6.040000000000000000e+02 6.050000000000000000e+02 8.823644874399999338e+00 7.567210140900000326e-01
6.050000000000000000e+02 6.060000000000000000e+02 1.742674498099999880e+01 1.488441288400000007e+00
6.060000000000000000e+02 6.070000000000000000e+02 1.837131252999999731e+01 1.557719828099999981e+00
6.070000000000000000e+02 6.080000000000000000e+02 1.810648005399999860e+01 1.290463927999999871e+00
6.080000000000000000e+02 6.090000000000000000e+02 1.312444930900000095e+01 1.199024065299999942e+00
6.090000000000000000e+02 6.100000000000000000e+02 1.359780980799999917e+01 1.158706130200000128e+00
6.100000000000000000e+02 6.110000000000000000e+02 1.247502666599999976e+01 1.128368245800000169e+00
6.110000000000000000e+02 6.120000000000000000e+02 1.281060576500000003e+01 1.162699241099999892e+00
6.120000000000000000e+02 6.130000000000000000e+02 1.084763402899999996e+01 9.885144743200000583e-01
6.130000000000000000e+02 6.140000000000000000e+02 9.947796841400000645e+00 9.939286999899999975e-01
6.140000000000000000e+02 6.150000000000000000e+02 9.278715243200000629e+00 9.251432555899999910e-01
6.150000000000000000e+02 6.160000000000000000e+02 6.430585158699999582e+00 8.420350569400000262e-01
6.160000000000000000e+02 6.170000000000000000e+02 1.797522090600000055e+01 1.510859492699999862e+00
6.170000000000000000e+02 6.180000000000000000e+02 1.510368534300000043e+01 1.478143253899999898e+00
6.180000000000000000e+02 6.190000000000000000e+02 1.534563283700000014e+01 1.250651342299999857e+00
6.190000000000000000e+02 6.200000000000000000e+02 1.581024922799999999e+01 1.285249754300000102e+00
6.200000000000000000e+02 6.210000000000000000e+02 1.432332989800000078e+01 1.201202252600000131e+00
6.210000000000000000e+02 6.220000000000000000e+02 1.357499076699999918e+01 1.189946947699999980e+00
6.220000000000000000e+02 6.230000000000000000e+02 1.119574521500000053e+01 1.107649705900000114e+00
6.230000000000000000e+02 6.240000000000000000e+02 1.157384464599999951e+01 9.160274669099999212e-01
6.240000000000000000e+02 6.250000000000000000e+02 1.024291225159999996e+01 1.063882945590000073e+00
6.250000000000000000e+02 6.260000000000000000e+02 8.585671819999999954e+00 9.710035400900000058e-01
6.260000000000000000e+02 6.270000000000000000e+02 8.386793525000001637e+00 7.402702986000000429e-01
6.270000000000000000e+02 6.280000000000000000e+02 1.728505777800000232e+01 1.429176757500000061e+00
6.280000000000000000e+02 6.290000000000000000e+02 1.849095497299999735e+01 1.422403824399999905e+00
6.290000000000000000e+02 6.300000000000000000e+02 1.543848120900000076e+01 1.261340864999999978e+00
6.300000000000000000e+02 6.310000000000000000e+02 1.589111684799999935e+01 1.275086657899999976e+00
6.310000000000000000e+02 6.320000000000000000e+02 1.337593288999999963e+01 1.304248595400000044e+00
6.320000000000000000e+02 6.330000000000000000e+02 1.482260316599999861e+01 1.298449941899999960e+00
6.330000000000000000e+02 6.340000000000000000e+02 1.107499681600000052e+01 1.001855705300000121e+00
6.340000000000000000e+02 6.350000000000000000e+02 9.057226712200000307e+00 9.839727112999999692e-01
6.350000000000000000e+02 6.360000000000000000e+02 8.600721957999999390e+00 9.569323253699999476e-01
6.360000000000000000e+02 6.370000000000000000e+02 9.492203366100000039e+00 7.255635411399999901e-01
6.370000000000000000e+02 6.380000000000000000e+02 6.289229940899999427e+00 7.711434462099999720e-01
6.380000000000000000e+02 6.390000000000000000e+02 1.423761414500000022e+01 1.399267489400000120e+00
6.390000000000000000e+02 6.400000000000000000e+02 1.493493206099999959e+01 1.473827016200000006e+00
6.400000000000000000e+02 6.410000000000000000e+02 1.723867399399999911e+01 1.279719411800000151e+00
6.410000000000000000e+02 6.420000000000000000e+02 1.298719670199999854e+01 1.215873633299999979e+00
6.420000000000000000e+02 6.430000000000000000e+02 1.453977798600000071e+01 1.223223950100000179e+00
6.430000000000000000e+02 6.440000000000000000e+02 1.225475614199999974e+01 1.160100734500000064e+00
6.440000000000000000e+02 6.450000000000000000e+02 9.985982704999999626e+00 1.093315591000000087e+00
6.450000000000000000e+02 6.460000000000000000e+02 9.779473074100000218e+00 9.569932407000000252e-01
6.460000000000000000e+02 6.470000000000000000e+02 7.125021444999999787e+00 1.025979397980000041e+00
6.470000000000000000e+02 6.480000000000000000e+02 9.033443878399999960e+00 8.576777237199999515e-01
6.480000000000000000e+02 6.490000000000000000e+02 8.714258320499999044e+00 7.894659518900000172e-01
6.490000000000000000e+02 6.500000000000000000e+02 1.788873714700000050e+01 1.406618277099999981e+00
6.500000000000000000e+02 6.510000000000000000e+02 1.573661238099999871e+01 1.363784843799999980e+00
6.510000000000000000e+02 6.520000000000000000e+02 1.640007121900000087e+01 1.327359299799999892e+00
6.520000000000000000e+02 6.530000000000000000e+02 1.405300140200000136e+01 1.155149631000000010e+00
6.530000000000000000e+02 6.540000000000000000e+02 1.501642888199999959e+01 1.225727806400000119e+00
6.540000000000000000e+02 6.550000000000000000e+02 1.294730232299999884e+01 1.115382459300000129e+00
6.550000000000000000e+02 6.560000000000000000e+02 1.247536713299999889e+01 1.003919708399999999e+00
6.560000000000000000e+02 6.570000000000000000e+02 1.053218778199999939e+01 1.003839655789999785e+00
6.570000000000000000e+02 6.580000000000000000e+02 7.052199052999999829e+00 9.763497407999999211e-01
6.580000000000000000e+02 6.590000000000000000e+02 8.002303044199999604e+00 8.545828444399999890e-01
6.590000000000000000e+02 6.600000000000000000e+02 8.151834658899998587e+00 7.024131434099999405e-01
6.600000000000000000e+02 6.610000000000000000e+02 1.347604143000000043e+01 1.284578976499999969e+00
6.610000000000000000e+02 6.620000000000000000e+02 1.583909822400000067e+01 1.430053739899999954e+00
6.620000000000000000e+02 6.630000000000000000e+02 1.262592773399999935e+01 1.531321912499999938e+00
6.630000000000000000e+02 6.640000000000000000e+02 1.502715235400000005e+01 1.275075726200000092e+00
6.640000000000000000e+02 6.650000000000000000e+02 1.117607865800000155e+01 1.109538588900000011e+00
6.650000000000000000e+02 6.660000000000000000e+02 1.042456701899999949e+01 1.131211492100000049e+00
6.660000000000000000e+02 6.670000000000000000e+02 1.126775172699999850e+01 1.108738600999999990e+00
6.670000000000000000e+02 6.680000000000000000e+02 1.029493513469999932e+01 1.086299548199999965e+00
6.680000000000000000e+02 6.690000000000000000e+02 1.039801464250000151e+01 8.640671717499999183e-01
6.690000000000000000e+02 6.700000000000000000e+02 8.709673496499998890e+00 8.806441432100000632e-01
6.700000000000000000e+02 6.710000000000000000e+02 5.191652138300000274e+00 7.539754009000000368e-01
6.710000000000000000e+02 6.720000000000000000e+02 1.512567383100000029e+01 1.429834349900000134e+00
6.720000000000000000e+02 6.730000000000000000e+02 1.237843241299999875e+01 1.411503115699999977e+00
6.730000000000000000e+02 6.740000000000000000e+02 1.235153021100000004e+01 1.338206316200000190e+00
6.740000000000000000e+02 6.750000000000000000e+02 1.339369374300000004e+01 1.224973310800000048e+00
6.750000000000000000e+02 6.760000000000000000e+02 1.596823891700000075e+01 1.285576888100000037e+00
6.760000000000000000e+02 6.770000000000000000e+02 1.320235693599999927e+01 1.016918595399999958e+00
6.770000000000000000e+02 6.780000000000000000e+02 1.085348529500000048e+01 1.105963870499999890e+00
6.780000000000000000e+02 6.790000000000000000e+02 9.854682828599999667e+00 1.042026462179999946e+00
6.790000000000000000e+02 6.800000000000000000e+02 8.181197041300000805e+00 8.919341744100000025e-01
6.800000000000000000e+02 6.810000000000000000e+02 7.421988268199999794e+00 8.266667781200000009e-01
6.810000000000000000e+02 6.820000000000000000e+02 6.855933770100000046e+00 6.833115574500000511e-01
6.820000000000000000e+02 6.830000000000000000e+02 1.340170792800000044e+01 1.503691325499999953e+00
6.830000000000000000e+02 6.840000000000000000e+02 1.485096245099999912e+01 1.516954920399999907e+00
6.840000000000000000e+02 6.850000000000000000e+02 1.491838004999999967e+01 1.259111812800000063e+00
6.850000000000000000e+02 6.860000000000000000e+02 1.405316911399999924e+01 1.329561359299999967e+00
6.860000000000000000e+02 6.870000000000000000e+02 1.116955336400000043e+01 1.094356960999999906e+00
6.870000000000000000e+02 6.880000000000000000e+02 1.111090655599999977e+01 1.164592751400000070e+00
6.880000000000000000e+02 6.890000000000000000e+02 1.102837676600000094e+01 9.288280056000000062e-01
6.890000000000000000e+02 6.900000000000000000e+02 8.958059839400000612e+00 1.038492723539999885e+00
6.900000000000000000e+02 6.910000000000000000e+02 8.181073067099999818e+00 8.203790249900000386e-01
6.910000000000000000e+02 6.920000000000000000e+02 7.084349199300000066e+00 7.483684095800000602e-01
6.920000000000000000e+02 6.930000000000000000e+02 7.086972765399999652e+00 7.354846564699999423e-01
6.930000000000000000e+02 6.940000000000000000e+02 1.608872830999999692e+01 1.211210884499999807e+00
6.940000000000000000e+02 6.950000000000000000e+02 1.433820387899999993e+01 1.396448327999999961e+00
6.950000000000000000e+02 6.960000000000000000e+02 1.284822754099999997e+01 1.262974714999999915e+00
6.960000000000000000e+02 6.970000000000000000e+02 1.361770576500000018e+01 1.159693068800000004e+00
6.970000000000000000e+02 6.980000000000000000e+02 1.145500584300000035e+01 1.062472661799999996e+00
6.980000000000000000e+02 6.990000000000000000e+02 1.274331896999999891e+01 1.034437716800000073e+00
6.990000000000000000e+02 7.000000000000000000e+02 1.203036894599999940e+01 1.049183141300000122e+00
7.000000000000000000e+02 7.010000000000000000e+02 8.616899352599999062e+00 9.674890520600000210e-01
7.010000000000000000e+02 7.020000000000000000e+02 9.685087763800000360e+00 7.921796775099999577e-01
7.020000000000000000e+02 7.030000000000000000e+02 6.734115517500000259e+00 8.755187585100000502e-01
7.030000000000000000e+02 7.040000000000000000e+02 6.210462775299999905e+00 7.311384787600000434e-01
7.040000000000000000e+02 7.050000000000000000e+02 1.302331664799999977e+01 1.375323878999999971e+00
7.050000000000000000e+02 7.060000000000000000e+02 1.264749590199999929e+01 1.365134046899999953e+00
7.060000000000000000e+02 7.070000000000000000e+02 1.550532572400000042e+01 1.191204195500000118e+00
7.070000000000000000e+02 7.080000000000000000e+02 1.178349885799999974e+01 1.180877133199999873e+00
7.080000000000000000e+02 7.090000000000000000e+02 1.127546361799999985e+01 1.100669097599999979e+00
7.090000000000000000e+02 7.100000000000000000e+02 1.034606332299999920e+01 1.015978504100000013e+00
7.100000000000000000e+02 7.110000000000000000e+02 7.829801841600000145e+00 1.007401205899999930e+00
7.110000000000000000e+02 7.120000000000000000e+02 8.584518055800000269e+00 9.305204827899999920e-01
7.120000000000000000e+02 7.130000000000000000e+02 8.789231616799998648e+00 8.690188112700000245e-01
7.130000000000000000e+02 7.140000000000000000e+02 8.865360182099999875e+00 8.126450928499999726e-01
7.140000000000000000e+02 7.150000000000000000e+02 6.496755017299999935e+00 7.099990092300000333e-01
7.150000000000000000e+02 7.160000000000000000e+02 1.632828836300000219e+01 1.302488793800000044e+00
7.160000000000000000e+02 7.170000000000000000e+02 1.358981771900000091e+01 1.208912275000000092e+00
7.170000000000000000e+02 7.180000000000000000e+02 1.256383214100000068e+01 1.343354398500000046e+00
7.180000000000000000e+02 7.190000000000000000e+02 1.297604207300000034e+01 1.130799669900000026e+00
7.190000000000000000e+02 7.200000000000000000e+02 1.277356850600000016e+01 9.952570409000000007e-01
7.200000000000000000e+02 7.210000000000000000e+02 1.027272201899999970e+01 1.086382642100000018e+00
7.210000000000000000e+02 7.220000000000000000e+02 1.037966342200000014e+01 9.204837576900000151e-01
7.220000000000000000e+02 7.230000000000000000e+02 9.069394436799999681e+00 1.027222752489999946e+00
7.230000000000000000e+02 7.240000000000000000e+02 7.747934907799999493e+00 9.102093451200000684e-01
7.240000000000000000e+02 7.250000000000000000e+02 5.557911484799999968e+00 7.749375177499999712e-01
7.250000000000000000e+02 7.260000000000000000e+02 5.928538077999999878e+00 6.961311115099999558e-01
7.260000000000000000e+02 7.270000000000000000e+02 1.188687890199999941e+01 1.307797756300000058e+00
7.270000000000000000e+02 7.280000000000000000e+02 1.202315237400000036e+01 1.178863783299999968e+00
7.280000000000000000e+02 7.290000000000000000e+02 1.035338165400000143e+01 1.218159808000000011e+00
7.290000000000000000e+02 7.300000000000000000e+02 1.155552392400000095e+01 1.197911736500000046e+00
7.300000000000000000e+02 7.310000000000000000e+02 1.172292639299999983e+01 1.179923252400000067e+00
7.310000000000000000e+02 7.320000000000000000e+02 1.182172910400000099e+01 1.109081924600000102e+00
7.320000000000000000e+02 7.330000000000000000e+02 8.819975364999999456e+00 1.092745533700000049e+00
7.330000000000000000e+02 7.340000000000000000e+02 7.984712399799999361e+00 9.901196760500000638e-01
7.340000000000000000e+02 7.350000000000000000e+02 6.513178851499999311e+00 8.204720946900000422e-01
7.350000000000000000e+02 7.360000000000000000e+02 6.107560116900000224e+00 8.513203749200000114e-01
7.360000000000000000e+02 7.370000000000000000e+02 5.197125066999999987e+00 6.315180739200000337e-01
7.370000000000000000e+02 7.380000000000000000e+02 1.078436146900000026e+01 1.449226959999999842e+00
7.380000000000000000e+02 7.390000000000000000e+02 1.461400545699999931e+01 1.257771247500000023e+00
7.390000000000000000e+02 7.400000000000000000e+02 1.430788957100000047e+01 1.269309059100000026e+00
7.400000000000000000e+02 7.410000000000000000e+02 1.205393804400000057e+01 1.174301516699999937e+00
7.410000000000000000e+02 7.420000000000000000e+02 1.144768253500000021e+01 1.200268126000000102e+00
7.420000000000000000e+02 7.430000000000000000e+02 9.620748669000001030e+00 1.176606855399999985e+00
7.430000000000000000e+02 7.440000000000000000e+02 9.878585103999999006e+00 9.070271673399999957e-01
7.440000000000000000e+02 7.450000000000000000e+02 9.549654818500000530e+00 8.899876462199999283e-01
7.450000000000000000e+02 7.460000000000000000e+02 9.140917422800001191e+00 8.219461502499999517e-01
7.460000000000000000e+02 7.470000000000000000e+02 7.059881582599999206e+00 7.754291419299998989e-01
7.470000000000000000e+02 7.480000000000000000e+02 6.459522516699999883e+00 6.135620761800000267e-01
7.480000000000000000e+02 7.490000000000000000e+02 1.460895576499999926e+01 1.445627068899999923e+00
7.490000000000000000e+02 7.500000000000000000e+02 1.226712101299999880e+01 1.329531019300000061e+00
7.500000000000000000e+02 7.510000000000000000e+02 1.142010534899999996e+01 1.309615711300000207e+00
7.510000000000000000e+02 7.520000000000000000e+02 1.357932600899999898e+01 1.118790468499999857e+00
7.520000000000000000e+02 7.530000000000000000e+02 1.306352178099999861e+01 1.157729648399999922e+00
7.530000000000000000e+02 7.540000000000000000e+02 9.089963577000000683e+00 1.002004451499999949e+00
7.540000000000000000e+02 7.550000000000000000e+02 1.032647306199999981e+01 8.899212918899999103e-01
7.550000000000000000e+02 7.560000000000000000e+02 9.085684744299999949e+00 9.436688679499999344e-01
7.560000000000000000e+02 7.570000000000000000e+02 8.520720248099999949e+00 8.732446283000000475e-01
7.570000000000000000e+02 7.580000000000000000e+02 6.747081156699999305e+00 7.086369222899999709e-01
7.580000000000000000e+02 7.590000000000000000e+02 5.924308399300000083e+00 6.077177353000000615e-01
7.590000000000000000e+02 7.600000000000000000e+02 1.402483553799999960e+01 1.287266292999999839e+00
7.600000000000000000e+02 7.610000000000000000e+02 1.245721380899999886e+01 1.183515539600000110e+00
7.610000000000000000e+02 7.620000000000000000e+02 1.067522342200000018e+01 1.226061383700000063e+00
7.620000000000000000e+02 7.630000000000000000e+02 1.173169395499999901e+01 1.068969530299999970e+00
7.630000000000000000e+02 7.640000000000000000e+02 1.022576091400000031e+01 1.174521744400000012e+00
7.640000000000000000e+02 7.650000000000000000e+02 8.938514055000000624e+00 8.891158346100000998e-01
7.650000000000000000e+02 7.660000000000000000e+02 9.389695303999999965e+00 9.452800549300000021e-01
7.660000000000000000e+02 7.670000000000000000e+02 8.204764192599999006e+00 8.512421858099999961e-01
7.670000000000000000e+02 7.680000000000000000e+02 6.711048238000000055e+00 8.600003629200000388e-01
7.680000000000000000e+02 7.690000000000000000e+02 6.109556365200000450e+00 7.549864323299999569e-01
7.690000000000000000e+02 7.700000000000000000e+02 4.707574596899999797e+00 6.128120526399999379e-01
7.700000000000000000e+02 7.710000000000000000e+02 1.271549752600000005e+01 1.229111043599999897e+00
7.710000000000000000e+02 7.720000000000000000e+02 1.273128869800000018e+01 1.055588081700000069e+00
7.720000000000000000e+02 7.730000000000000000e+02 1.241560730600000007e+01 1.142952277700000074e+00
7.730000000000000000e+02 7.740000000000000000e+02 1.227307310199999968e+01 1.103482021700000093e+00
7.740000000000000000e+02 7.750000000000000000e+02 1.047112940800000125e+01 1.004104504899999917e+00
7.750000000000000000e+02 7.760000000000000000e+02 1.074533506000000038e+01 9.727695237000000272e-01
7.760000000000000000e+02 7.770000000000000000e+02 9.176640721000000056e+00 9.751480444100000256e-01
7.770000000000000000e+02 7.780000000000000000e+02 6.321466985199999833e+00 9.300310013100000495e-01
7.780000000000000000e+02 7.790000000000000000e+02 6.886874764999999954e+00 7.702080091499999837e-01
7.790000000000000000e+02 7.800000000000000000e+02 5.902569972600000270e+00 7.286889565099999855e-01
7.800000000000000000e+02 7.810000000000000000e+02 5.217443811499999917e+00 6.701859720099999640e-01
7.810000000000000000e+02 7.820000000000000000e+02 1.462199834399999965e+01 1.221580684899999936e+00
7.820000000000000000e+02 7.830000000000000000e+02 1.086899182300000000e+01 1.065142539400000032e+00
7.830000000000000000e+02 7.840000000000000000e+02 1.273155326800000076e+01 1.158184234399999957e+00
7.840000000000000000e+02 7.850000000000000000e+02 1.020786106400000115e+01 1.109481062900000037e+00
7.850000000000000000e+02 7.860000000000000000e+02 9.174149187999999455e+00 9.959102799000000283e-01
7.860000000000000000e+02 7.870000000000000000e+02 1.023835076499999985e+01 1.057288327800000038e+00
7.870000000000000000e+02 7.880000000000000000e+02 8.771371217999998748e+00 1.005557225100000007e+00
7.880000000000000000e+02 7.890000000000000000e+02 7.338465219099999715e+00 8.557632821599999717e-01
7.890000000000000000e+02 7.900000000000000000e+02 7.021565149799999794e+00 7.818904569200000321e-01
7.900000000000000000e+02 7.910000000000000000e+02 5.787927356600000017e+00 6.971462647100000742e-01
7.910000000000000000e+02 7.920000000000000000e+02 4.919472489699999507e+00 6.454024444900000601e-01
7.920000000000000000e+02 7.930000000000000000e+02 1.094407680900000024e+01 1.248489891399999996e+00
7.930000000000000000e+02 7.940000000000000000e+02 1.337819016199999922e+01 1.128399515899999983e+00
7.940000000000000000e+02 7.950000000000000000e+02 1.182424372999999918e+01 1.199619274800000079e+00
7.950000000000000000e+02 7.960000000000000000e+02 1.108331518999999865e+01 1.029757291100000138e+00
7.960000000000000000e+02 7.970000000000000000e+02 1.155148413199999879e+01 1.068198834799999997e+00
7.970000000000000000e+02 7.980000000000000000e+02 8.240914703699999677e+00 1.053706907100000034e+00
7.980000000000000000e+02 7.990000000000000000e+02 8.639988328300001186e+00 1.061090912999999913e+00
7.990000000000000000e+02 8.000000000000000000e+02 8.844775333099999415e+00 9.754402676899999181e-01
8.000000000000000000e+02 8.010000000000000000e+02 7.811899125499999208e+00 7.789497705599999211e-01
8.010000000000000000e+02 8.020000000000000000e+02 5.651014658899999432e+00 6.975817074800000350e-01
8.020000000000000000e+02 8.030000000000000000e+02 5.414582047199999693e+00 6.621943465000000861e-01
8.030000000000000000e+02 8.040000000000000000e+02 8.922787919999999318e+00 1.248407909900000057e+00
8.040000000000000000e+02 8.050000000000000000e+02 1.247963279299999861e+01 1.062275976700000069e+00
8.050000000000000000e+02 8.060000000000000000e+02 1.189055847300000046e+01 1.153845083599999821e+00
8.060000000000000000e+02 8.070000000000000000e+02 1.152466088200000094e+01 1.112365272399999938e+00
8.070000000000000000e+02 8.080000000000000000e+02 9.966667452000001148e+00 9.863380506000000159e-01
8.080000000000000000e+02 8.090000000000000000e+02 1.017523703700000048e+01 1.007118006600000060e+00
8.090000000000000000e+02 8.100000000000000000e+02 8.851784749700000177e+00 9.868035249000000064e-01
8.100000000000000000e+02 8.110000000000000000e+02 5.083347885499999386e+00 9.260516492200000505e-01
8.110000000000000000e+02 8.120000000000000000e+02 7.460477598999999849e+00 8.219960204899999789e-01
8.120000000000000000e+02 8.130000000000000000e+02 6.475366320600000059e+00 7.398281369400000473e-01
8.130000000000000000e+02 8.140000000000000000e+02 5.262628900500000206e+00 7.152899336499999317e-01
8.140000000000000000e+02 8.150000000000000000e+02 1.123884862999999967e+01 1.274697845599999990e+00
8.150000000000000000e+02 8.160000000000000000e+02 1.102754258499999906e+01 1.204010351099999987e+00
8.160000000000000000e+02 8.170000000000000000e+02 1.021196179000000015e+01 1.141787068599999788e+00
8.170000000000000000e+02 8.180000000000000000e+02 1.066129321200000035e+01 1.057773414399999945e+00
8.180000000000000000e+02 8.190000000000000000e+02 9.137648602000000508e+00 9.534667151000000285e-01
8.190000000000000000e+02 8.200000000000000000e+02 9.297606851999999478e+00 9.812969865999999763e-01
8.200000000000000000e+02 8.210000000000000000e+02 8.762342737999999187e+00 8.872045459699999803e-01
8.210000000000000000e+02 8.220000000000000000e+02 8.145275980199999211e+00 9.807350919400000810e-01
8.220000000000000000e+02 8.230000000000000000e+02 5.291216920899999288e+00 7.197708813400000016e-01
8.230000000000000000e+02 8.240000000000000000e+02 5.375052868500000081e+00 7.344563940099999577e-01
8.240000000000000000e+02 8.250000000000000000e+02 5.235410595500000319e+00 6.047973074000000393e-01
8.250000000000000000e+02 8.260000000000000000e+02 1.149045070300000049e+01 1.183466761400000067e+00
8.260000000000000000e+02 8.270000000000000000e+02 1.201362401299999938e+01 1.057738292899999877e+00
8.270000000000000000e+02 8.280000000000000000e+02 9.824077263000001281e+00 1.046144159699999854e+00
8.280000000000000000e+02 8.290000000000000000e+02 1.138696197499999840e+01 1.272995436900000055e+00
8.290000000000000000e+02 8.300000000000000000e+02 9.108450018000000981e+00 9.617628033000000798e-01
8.300000000000000000e+02 8.310000000000000000e+02 6.536468842700000614e+00 9.702978059999999294e-01
8.310000000000000000e+02 8.320000000000000000e+02 8.957271578200000306e+00 9.764431688999999359e-01
8.320000000000000000e+02 8.330000000000000000e+02 8.007934429400000553e+00 8.507637565200000251e-01
8.330000000000000000e+02 8.340000000000000000e+02 5.950344539100000496e+00 7.141231775999999920e-01
8.340000000000000000e+02 8.350000000000000000e+02 5.149322121099999983e+00 6.173188782599999813e-01
8.350000000000000000e+02 8.360000000000000000e+02 4.474600038700000226e+00 5.893052194499999175e-01
8.360000000000000000e+02 8.370000000000000000e+02 1.003116938900000044e+01 1.113689844500000081e+00
8.370000000000000000e+02 8.380000000000000000e+02 9.492453360000000728e+00 1.044788888700000085e+00
8.380000000000000000e+02 8.390000000000000000e+02 1.114266383800000071e+01 1.286645424000000038e+00
8.390000000000000000e+02 8.400000000000000000e+02 9.890844376000000437e+00 1.159280815999999881e+00
8.400000000000000000e+02 8.410000000000000000e+02 8.870320285000000027e+00 9.371785467000000036e-01
8.410000000000000000e+02 8.420000000000000000e+02 9.522696104999999633e+00 9.170523822599999653e-01
8.420000000000000000e+02 8.430000000000000000e+02 9.547190200000001070e+00 9.565816957400000708e-01
8.430000000000000000e+02 8.440000000000000000e+02 6.615257737999999499e+00 8.232563913699999514e-01
8.440000000000000000e+02 8.450000000000000000e+02 5.335341445500000113e+00 7.004893733399999434e-01
8.450000000000000000e+02 8.460000000000000000e+02 5.110312518199999765e+00 6.324190819900000760e-01
8.460000000000000000e+02 8.470000000000000000e+02 4.322223154300000481e+00 5.442918841099999572e-01
8.470000000000000000e+02 8.480000000000000000e+02 1.179614043700000003e+01 1.102005388800000096e+00
8.480000000000000000e+02 8.490000000000000000e+02 8.845127673000000357e+00 1.132905491999999903e+00
8.490000000000000000e+02 8.500000000000000000e+02 1.033180709999999891e+01 1.159494649600000038e+00
8.500000000000000000e+02 8.510000000000000000e+02 8.123575868999999727e+00 1.300111519000000104e+00
8.510000000000000000e+02 8.520000000000000000e+02 1.008189524099999979e+01 1.152582039999999974e+00
8.520000000000000000e+02 8.530000000000000000e+02 8.041828588000001332e+00 8.813829429099999668e-01
8.530000000000000000e+02 8.540000000000000000e+02 6.501747697499999923e+00 8.512743981499999446e-01
8.540000000000000000e+02 8.550000000000000000e+02 7.472268866400000320e+00 7.919125586499999869e-01
8.550000000000000000e+02 8.560000000000000000e+02 6.043885764599999710e+00 7.598168501900000038e-01
8.560000000000000000e+02 8.570000000000000000e+02 5.309481598500000565e+00 7.270734587200000654e-01
8.570000000000000000e+02 8.580000000000000000e+02 4.887968914800000064e+00 5.724097643600000174e-01
8.580000000000000000e+02 8.590000000000000000e+02 1.083918958399999966e+01 1.024554986899999909e+00
8.590000000000000000e+02 8.600000000000000000e+02 1.138635955400000022e+01 1.069596224000000095e+00
8.600000000000000000e+02 8.610000000000000000e+02 8.928008109000000303e+00 1.025891325000000132e+00
8.610000000000000000e+02 8.620000000000000000e+02 9.176269668999999851e+00 1.079919795899999979e+00
8.620000000000000000e+02 8.630000000000000000e+02 7.374821944699999854e+00 9.218736317000000291e-01
8.630000000000000000e+02 8.640000000000000000e+02 8.867861451000001338e+00 1.026201120999999938e+00
8.640000000000000000e+02 8.650000000000000000e+02 8.715906979299999691e+00 9.874183998699999076e-01
8.650000000000000000e+02 8.660000000000000000e+02 5.003444684799999820e+00 7.530876147199999648e-01
8.660000000000000000e+02 8.670000000000000000e+02 6.184487446199999461e+00 7.439826230899999615e-01
8.670000000000000000e+02 8.680000000000000000e+02 6.304457157599999917e+00 7.263527972000000110e-01
8.680000000000000000e+02 8.690000000000000000e+02 5.143300071699999698e+00 5.692371087099999949e-01
8.690000000000000000e+02 8.700000000000000000e+02 1.078714833499999948e+01 1.071896560999999970e+00
8.700000000000000000e+02 8.710000000000000000e+02 8.456692744000001483e+00 1.039889747799999986e+00
8.710000000000000000e+02 8.720000000000000000e+02 9.988171189000000894e+00 1.024915838400000112e+00
8.720000000000000000e+02 8.730000000000000000e+02 7.645724819200000688e+00 1.104944758700000085e+00
8.730000000000000000e+02 8.740000000000000000e+02 8.896340712000000650e+00 8.014656661500000334e-01
8.740000000000000000e+02 8.750000000000000000e+02 8.899551981000000112e+00 9.359833942599999901e-01
8.750000000000000000e+02 8.760000000000000000e+02 7.777785661500000280e+00 8.642337339400000262e-01
8.760000000000000000e+02 8.770000000000000000e+02 8.350909618599999362e+00 7.890862219499999997e-01
8.770000000000000000e+02 8.780000000000000000e+02 5.576887264999999871e+00 6.626952455200000314e-01
8.780000000000000000e+02 8.790000000000000000e+02 4.905822922300000499e+00 7.082414102799999833e-01
8.790000000000000000e+02 8.800000000000000000e+02 4.301431589799999955e+00 5.441937287400000489e-01
8.800000000000000000e+02 8.810000000000000000e+02 1.130403495599999886e+01 1.127260426799999937e+00
8.810000000000000000e+02 8.820000000000000000e+02 1.082278390499999965e+01 1.041013767699999981e+00
8.820000000000000000e+02 8.830000000000000000e+02 9.392024772000000965e+00 1.099288004299999955e+00
8.830000000000000000e+02 8.840000000000000000e+02 9.233016910999999993e+00 9.718855190999999838e-01
8.840000000000000000e+02 8.850000000000000000e+02 8.241757417400000563e+00 9.851397954000000734e-01
8.850000000000000000e+02 8.860000000000000000e+02 7.905571851800000438e+00 9.430593655099999140e-01
8.860000000000000000e+02 8.870000000000000000e+02 6.943914722400000628e+00 8.163014708700000455e-01
8.870000000000000000e+02 8.880000000000000000e+02 6.340459137800000811e+00 8.273713969099999455e-01
8.880000000000000000e+02 8.890000000000000000e+02 6.496376918200000183e+00 7.343296518699999886e-01
8.890000000000000000e+02 8.900000000000000000e+02 4.417331683400000486e+00 6.276951151599999834e-01
8.900000000000000000e+02 8.910000000000000000e+02 3.891767811599999849e+00 5.958291389700000051e-01
8.910000000000000000e+02 8.920000000000000000e+02 1.005116549599999942e+01 9.768384366000000263e-01
8.920000000000000000e+02 8.930000000000000000e+02 1.015413087499999989e+01 1.009011110500000141e+00
8.930000000000000000e+02 8.940000000000000000e+02 1.118977780599999861e+01 9.748350829999999911e-01
8.940000000000000000e+02 8.950000000000000000e+02 8.285778040000000289e+00 9.762991398999999459e-01
8.950000000000000000e+02 8.960000000000000000e+02 9.823160188000001014e+00 1.161662999100000038e+00
8.960000000000000000e+02 8.970000000000000000e+02 8.357576640500001375e+00 8.942714237800000188e-01
8.970000000000000000e+02 8.980000000000000000e+02 7.062573453300000637e+00 8.609980821799999573e-01
8.980000000000000000e+02 8.990000000000000000e+02 5.707749835800000504e+00 7.761379541899999790e-01
8.990000000000000000e+02 9.000000000000000000e+02 5.024208468500000357e+00 6.673660608700000552e-01
9.000000000000000000e+02 9.010000000000000000e+02 5.441096137699999780e+00 5.684975772599999422e-01
9.010000000000000000e+02 9.020000000000000000e+02 3.703714060700000310e+00 5.450541209799999454e-01
9.020000000000000000e+02 9.030000000000000000e+02 1.062179071899999983e+01 1.144671739299999880e+00
9.030000000000000000e+02 9.040000000000000000e+02 1.021999257300000075e+01 1.160539632999999959e+00
9.040000000000000000e+02 9.050000000000000000e+02 9.352394356999999658e+00 8.375043447000000141e-01
9.050000000000000000e+02 9.060000000000000000e+02 8.239434875000000602e+00 9.269850886000000623e-01
9.060000000000000000e+02 9.070000000000000000e+02 7.888723336400000008e+00 1.076212951400000062e+00
9.070000000000000000e+02 9.080000000000000000e+02 7.807785344300000041e+00 9.102889339499999899e-01
9.080000000000000000e+02 9.090000000000000000e+02 6.530800179000000760e+00 8.442941980299999427e-01
9.090000000000000000e+02 9.100000000000000000e+02 6.176997421700000324e+00 6.955177251999999921e-01
9.100000000000000000e+02 9.110000000000000000e+02 6.057009062500000596e+00 7.232055660899999738e-01
9.110000000000000000e+02 9.120000000000000000e+02 4.851645348299999938e+00 5.747949945099999347e-01
9.120000000000000000e+02 9.130000000000000000e+02 3.789817319199999979e+00 5.876049735300000743e-01
9.130000000000000000e+02 9.140000000000000000e+02 1.109136968400000001e+01 9.904904492999999643e-01
9.140000000000000000e+02 9.150000000000000000e+02 9.431587399999999732e+00 1.071076279899999983e+00
9.150000000000000000e+02 9.160000000000000000e+02 6.936748101200000072e+00 8.818788402000000692e-01
9.160000000000000000e+02 9.170000000000000000e+02 8.673230483000001101e+00 8.972158717999999533e-01
9.170000000000000000e+02 9.180000000000000000e+02 7.666886413999999483e+00 1.148149104300000056e+00
9.180000000000000000e+02 9.190000000000000000e+02 7.107043936099999293e+00 9.401755597700000022e-01
9.190000000000000000e+02 9.200000000000000000e+02 6.971067013799999934e+00 7.890035123799999939e-01
9.200000000000000000e+02 9.210000000000000000e+02 5.961779386399999936e+00 8.169977808899999694e-01
9.210000000000000000e+02 9.220000000000000000e+02 5.161435004499999479e+00 6.847008850200000385e-01
9.220000000000000000e+02 9.230000000000000000e+02 4.921885326499999991e+00 5.436774674400000062e-01
9.230000000000000000e+02 9.240000000000000000e+02 4.655656026000000836e+00 5.748566836899999810e-01
9.240000000000000000e+02 9.250000000000000000e+02 1.184574892199999852e+01 9.697465409000000092e-01
9.250000000000000000e+02 9.260000000000000000e+02 8.641636145999999741e+00 9.963689039999999997e-01
9.260000000000000000e+02 9.270000000000000000e+02 8.835045384000000723e+00 9.963086601999999736e-01
9.270000000000000000e+02 9.280000000000000000e+02 7.174196311499999368e+00 9.133799561000000011e-01
9.280000000000000000e+02 9.290000000000000000e+02 8.650999907000000988e+00 9.134153151000000692e-01
9.290000000000000000e+02 9.300000000000000000e+02 8.253943183199998757e+00 8.346180401199999599e-01
9.300000000000000000e+02 9.310000000000000000e+02 6.494064836600000667e+00 8.592090868999999742e-01
9.310000000000000000e+02 9.320000000000000000e+02 5.826282112000000346e+00 6.757160532299999467e-01
9.320000000000000000e+02 9.330000000000000000e+02 5.918844943199999875e+00 6.151690808799999965e-01
9.330000000000000000e+02 9.340000000000000000e+02 3.777068634199999941e+00 5.911929319600000010e-01
9.340000000000000000e+02 9.350000000000000000e+02 3.443631354700000369e+00 5.132918029999999909e-01
9.350000000000000000e+02 9.360000000000000000e+02 7.952200016999999121e+00 1.071804164499999823e+00
9.360000000000000000e+02 9.370000000000000000e+02 9.622516133999999610e+00 9.740464815999999582e-01
9.370000000000000000e+02 9.380000000000000000e+02 8.002158082000001116e+00 9.703286707999999594e-01
9.380000000000000000e+02 9.390000000000000000e+02 8.833843204999999088e+00 7.991684744700000564e-01
9.390000000000000000e+02 9.400000000000000000e+02 7.844919032000000847e+00 8.237849056899999578e-01
9.400000000000000000e+02 9.410000000000000000e+02 7.468910197099999593e+00 8.593788659299999022e-01
9.410000000000000000e+02 9.420000000000000000e+02 6.129631658400000127e+00 7.766550934800000583e-01
9.420000000000000000e+02 9.430000000000000000e+02 6.136418163400000125e+00 7.315792057500000167e-01
9.430000000000000000e+02 9.440000000000000000e+02 4.705760371999999414e+00 6.424439136999999800e-01
9.440000000000000000e+02 9.450000000000000000e+02 4.375979317599999696e+00 5.240263290500000171e-01
9.450000000000000000e+02 9.460000000000000000e+02 2.555601395900000128e+00 4.997561211899999578e-01
9.460000000000000000e+02 9.470000000000000000e+02 1.010600437799999973e+01 8.824092795000000322e-01
9.470000000000000000e+02 9.480000000000000000e+02 8.498947569000000257e+00 9.971044748999999818e-01
9.480000000000000000e+02 9.490000000000000000e+02 9.469069709999999418e+00 1.046053557000000023e+00
9.490000000000000000e+02 9.500000000000000000e+02 8.891210368000001196e+00 8.391578600599999271e-01
9.500000000000000000e+02 9.510000000000000000e+02 7.887656917000000156e+00 8.770584487100000493e-01
9.510000000000000000e+02 9.520000000000000000e+02 7.610989839899999332e+00 8.996600018900000606e-01
9.520000000000000000e+02 9.530000000000000000e+02 7.201475651900000052e+00 8.622535436199999515e-01
9.530000000000000000e+02 9.540000000000000000e+02 5.348156430500000447e+00 9.364796145099999469e-01
9.540000000000000000e+02 9.550000000000000000e+02 4.985987600300000544e+00 6.517007443500000274e-01
9.550000000000000000e+02 9.560000000000000000e+02 4.549212114899999548e+00 5.998534093499999775e-01
9.560000000000000000e+02 9.570000000000000000e+02 4.412023613899999752e+00 4.263046878599999756e-01
9.570000000000000000e+02 9.580000000000000000e+02 8.187188922999999008e+00 1.030524891999999859e+00
9.580000000000000000e+02 9.590000000000000000e+02 8.622285937999999206e+00 9.345444499999999710e-01
9.590000000000000000e+02 9.600000000000000000e+02 8.300189940000000988e+00 8.522402869999999853e-01
9.600000000000000000e+02 9.610000000000000000e+02 7.501294181799999627e+00 9.191743568999999336e-01
9.610000000000000000e+02 9.620000000000000000e+02 6.224550972500000334e+00 8.396805864600001001e-01
9.620000000000000000e+02 9.630000000000000000e+02 6.117148029700000045e+00 8.402517150499999588e-01
9.630000000000000000e+02 9.640000000000000000e+02 5.760028588499999991e+00 8.190252275300000662e-01
9.640000000000000000e+02 9.650000000000000000e+02 6.612281271299999652e+00 6.774712640599999114e-01
9.650000000000000000e+02 9.660000000000000000e+02 5.503027153000000560e+00 7.295908899599999886e-01
9.660000000000000000e+02 9.670000000000000000e+02 4.504540400399999811e+00 5.716217259499999370e-01
9.670000000000000000e+02 9.680000000000000000e+02 3.485461803999999830e+00 5.072898122700000290e-01
9.680000000000000000e+02 9.690000000000000000e+02 7.614977775999999920e+00 8.890390687000000458e-01
9.690000000000000000e+02 9.700000000000000000e+02 9.208450787000000304e+00 8.861950602999999482e-01
9.700000000000000000e+02 9.710000000000000000e+02 6.814049751099999774e+00 8.118213690000000149e-01
9.710000000000000000e+02 9.720000000000000000e+02 8.304398524999999864e+00 8.079196141900000239e-01
9.720000000000000000e+02 9.730000000000000000e+02 8.071316943999999438e+00 9.941108869000000459e-01
9.730000000000000000e+02 9.740000000000000000e+02 7.502643196600000230e+00 7.567985651300001004e-01
9.740000000000000000e+02 9.750000000000000000e+02 4.917053145599999731e+00 7.530082459200000411e-01
9.750000000000000000e+02 9.760000000000000000e+02 6.785015052400000357e+00 6.227438485499999787e-01
9.760000000000000000e+02 9.770000000000000000e+02 4.433910391299999532e+00 6.712593751500000039e-01
9.770000000000000000e+02 9.780000000000000000e+02 4.310835737400000589e+00 6.049696553899999163e-01
9.780000000000000000e+02 9.790000000000000000e+02 3.336498852900000145e+00 4.444546892799999815e-01
9.790000000000000000e+02 9.800000000000000000e+02 7.277778222000000241e+00 9.193341341999999861e-01
9.800000000000000000e+02 9.810000000000000000e+02 8.618211224999999587e+00 8.976835049000000399e-01
9.810000000000000000e+02 9.820000000000000000e+02 9.064275286000000875e+00 7.828423843499999757e-01
9.820000000000000000e+02 9.830000000000000000e+02 7.148487706200000069e+00 8.740155928999999713e-01
9.830000000000000000e+02 9.840000000000000000e+02 7.856212168999999967e+00 8.582836887399999393e-01
9.840000000000000000e+02 9.850000000000000000e+02 7.199975251700000634e+00 7.513633724999999597e-01
9.850000000000000000e+02 9.860000000000000000e+02 5.885477260700000102e+00 6.758443722700000489e-01
9.860000000000000000e+02 9.870000000000000000e+02 5.863833623099999670e+00 7.358403492799999723e-01
9.870000000000000000e+02 9.880000000000000000e+02 5.357944431800000018e+00 6.709358081599999801e-01
9.880000000000000000e+02 9.890000000000000000e+02 4.380410857500000255e+00 5.249056763599999620e-01
9.890000000000000000e+02 9.900000000000000000e+02 3.812626871699999587e+00 4.765726647699999874e-01
9.900000000000000000e+02 9.910000000000000000e+02 7.458914826400000031e+00 9.172731919000000067e-01
9.910000000000000000e+02 9.920000000000000000e+02 8.292571534000000355e+00 9.134702499999999281e-01
9.920000000000000000e+02 9.930000000000000000e+02 9.177184964000000278e+00 9.142796603999999716e-01
9.930000000000000000e+02 9.940000000000000000e+02 8.296203772600000192e+00 8.681701242000000596e-01
9.940000000000000000e+02 9.950000000000000000e+02 8.209614716299999060e+00 8.173734040999999229e-01
9.950000000000000000e+02 9.960000000000000000e+02 6.525839000099999510e+00 7.641921202699999416e-01
9.960000000000000000e+02 9.970000000000000000e+02 6.095428588899999944e+00 7.823184263700000418e-01
9.970000000000000000e+02 9.980000000000000000e+02 4.526497209099999530e+00 7.741787868799999695e-01
9.980000000000000000e+02 9.990000000000000000e+02 4.168811513599999685e+00 5.590225052900000824e-01
9.990000000000000000e+02 1.000000000000000000e+03 4.097925899100000713e+00 5.574300713800000029e-01
1.000000000000000000e+03 1.001000000000000000e+03 3.107553209500000246e+00 4.469678125100000066e-01
1.001000000000000000e+03 1.002000000000000000e+03 1.032204930900000051e+01 8.721391161999999531e-01
1.002000000000000000e+03 1.003000000000000000e+03 6.794815107399999832e+00 8.261981752000000512e-01
1.003000000000000000e+03 1.004000000000000000e+03 7.327783695699999988e+00 8.530061120999999913e-01
1.004000000000000000e+03 1.005000000000000000e+03 7.058134919499999604e+00 9.071584166999999699e-01
1.005000000000000000e+03 1.006000000000000000e+03 8.529050729699999778e+00 9.431268201000000406e-01
1.006000000000000000e+03 1.007000000000000000e+03 5.534204839100000051e+00 8.920326264900000357e-01
1.007000000000000000e+03 1.008000000000000000e+03 5.508607444999999991e+00 7.447291411999999999e-01
1.008000000000000000e+03 1.009000000000000000e+03 7.038023291800000081e+00 7.292761494199999639e-01
1.009000000000000000e+03 1.010000000000000000e+03 5.074830973600000128e+00 5.535381143399999981e-01
1.010000000000000000e+03 1.011000000000000000e+03 4.353933780700000256e+00 5.614271221100000098e-01
1.011000000000000000e+03 1.012000000000000000e+03 2.891589166600000205e+00 4.407033244699999908e-01
1.012000000000000000e+03 1.013000000000000000e+03 7.792835981999999717e+00 9.417733709000000175e-01
1.013000000000000000e+03 1.014000000000000000e+03 8.155362029999999152e+00 8.535682793000000101e-01
1.014000000000000000e+03 1.015000000000000000e+03 8.279980408000000125e+00 8.982875639999999828e-01
1.015000000000000000e+03 1.016000000000000000e+03 7.848757827200000037e+00 9.396741964599999442e-01
1.016000000000000000e+03 1.017000000000000000e+03 5.868464863299999834e+00 1.050426238000000012e+00
1.017000000000000000e+03 1.018000000000000000e+03 6.128719940799999932e+00 8.393372497700000157e-01
1.018000000000000000e+03 1.019000000000000000e+03 4.858229326900000089e+00 6.516100877100000632e-01
1.019000000000000000e+03 1.020000000000000000e+03 5.261922413399999776e+00 6.889147473000000188e-01
1.020000000000000000e+03 1.021000000000000000e+03 3.599665131800000140e+00 6.081151114699999694e-01
1.021000000000000000e+03 1.022000000000000000e+03 3.462035108499999847e+00 5.464935846100000827e-01
1.022000000000000000e+03 1.023000000000000000e+03 3.335586960799999723e+00 4.391709424099999870e-01
1.023000000000000000e+03 1.024000000000000000e+03 7.562041594400000122e+00 9.486061451999999727e-01
1.024000000000000000e+03 1.025000000000000000e+03 7.674948111199999978e+00 9.028876678999999683e-01
1.025000000000000000e+03 1.026000000000000000e+03 7.126526551499999584e+00 9.225588853999999728e-01
1.026000000000000000e+03 1.027000000000000000e+03 7.721875673399999584e+00 8.685924876199999645e-01
1.027000000000000000e+03 1.028000000000000000e+03 6.115821137400000218e+00 7.418907374700000057e-01
1.028000000000000000e+03 1.029000000000000000e+03 5.692910811199999976e+00 6.511498415799999995e-01
1.029000000000000000e+03 1.030000000000000000e+03 5.973094964099999515e+00 6.728492726999999451e-01
1.030000000000000000e+03 1.031000000000000000e+03 3.901825314799999944e+00 5.512347974300000342e-01
1.031000000000000000e+03 1.032000000000000000e+03 4.510597967999999902e+00 5.081627809600000045e-01
1.032000000000000000e+03 1.033000000000000000e+03 3.046648701800000136e+00 4.983742466799999660e-01
1.033000000000000000e+03 1.034000000000000000e+03 3.429822653800000065e+00 4.457443493999999617e-01
1.034000000000000000e+03 1.035000000000000000e+03 7.557605251000000024e+00 7.621422138799999191e-01
1.035000000000000000e+03 1.036000000000000000e+03 6.125687384500000832e+00 7.349643929399999331e-01
1.036000000000000000e+03 1.037000000000000000e+03 7.669077832200000167e+00 6.579557645000000399e-01
1.037000000000000000e+03 1.038000000000000000e+03 6.079750072400000427e+00 5.789993546700000770e-01
1.038000000000000000e+03 1.039000000000000000e+03 7.132138556700000187e+00 5.696444744999999976e-01
1.039000000000000000e+03 1.040000000000000000e+03 6.055143470500000014e+00 5.486590039199999991e-01
1.040000000000000000e+03 1.041000000000000000e+03 5.318641835199999335e+00 5.396115837800000703e-01
1.041000000000000000e+03 1.042000000000000000e+03 5.308053245600000025e+00 4.482187159599999582e-01
1.042000000000000000e+03 1.043000000000000000e+03 3.830234518600000193e+00 4.784771460600000248e-01
1.043000000000000000e+03 1.044000000000000000e+03 3.137268715299999844e+00 4.063270091000000250e-01
1.044000000000000000e+03 1.045000000000000000e+03 3.108142249099999699e+00 3.634526069999999831e-01
1.045000000000000000e+03 1.046000000000000000e+03 8.141962640000000917e+00 7.138434740999999306e-01
1.046000000000000000e+03 1.047000000000000000e+03 8.100371218999999456e+00 6.315703015399999343e-01
1.047000000000000000e+03 1.048000000000000000e+03 7.526545260199999809e+00 6.877429531500000026e-01
1.048000000000000000e+03 1.049000000000000000e+03 7.152967026300000697e+00 5.943920626799999996e-01
1.049000000000000000e+03 1.050000000000000000e+03 6.854849590399999748e+00 5.390821974299999653e-01
1.050000000000000000e+03 1.051000000000000000e+03 5.841129104700000241e+00 5.316659656300000147e-01
1.051000000000000000e+03 1.052000000000000000e+03 4.699407770499999693e+00 4.915619532700000183e-01
1.052000000000000000e+03 1.053000000000000000e+03 4.162227334499999820e+00 4.641002542600000114e-01
1.053000000000000000e+03 1.054000000000000000e+03 4.588294774299999546e+00 4.218312444399999750e-01
1.054000000000000000e+03 1.055000000000000000e+03 3.904352550300000058e+00 3.722954784099999914e-01
1.055000000000000000e+03 1.056000000000000000e+03 2.395814072199999867e+00 3.798543808000000022e-01
1.056000000000000000e+03 1.057000000000000000e+03 7.308752079099999577e+00 7.033548475099999919e-01
1.057000000000000000e+03 1.058000000000000000e+03 7.536130822399999651e+00 7.292011005399999801e-01
1.058000000000000000e+03 1.059000000000000000e+03 7.904526244900000442e+00 6.772456749499999873e-01
1.059000000000000000e+03 1.060000000000000000e+03 6.488685419200000304e+00 6.186197355999999425e-01
1.060000000000000000e+03 1.061000000000000000e+03 5.060695453900000196e+00 5.609822004300000220e-01
1.061000000000000000e+03 1.062000000000000000e+03 5.335774722400000059e+00 5.271996721199999625e-01
1.062000000000000000e+03 1.063000000000000000e+03 4.811019962699999653e+00 5.040051637299999276e-01
1.063000000000000000e+03 1.064000000000000000e+03 5.172035652900000002e+00 4.575058384200000328e-01
1.064000000000000000e+03 1.065000000000000000e+03 3.040494137600000091e+00 4.236309160999999768e-01
1.065000000000000000e+03 1.066000000000000000e+03 3.759211735399999643e+00 4.165049128999999684e-01
1.066000000000000000e+03 1.067000000000000000e+03 2.602899105700000160e+00 3.233659616400000325e-01
1.067000000000000000e+03 1.068000000000000000e+03 8.478900872000000533e+00 8.018905838400000041e-01
1.068000000000000000e+03 1.069000000000000000e+03 6.018105887499999973e+00 7.122152957499999770e-01
1.069000000000000000e+03 1.070000000000000000e+03 5.761392593700000120e+00 6.431370264499999267e-01
1.070000000000000000e+03 1.071000000000000000e+03 6.327045929900000587e+00 6.126538707099999925e-01
1.071000000000000000e+03 1.072000000000000000e+03 6.185390498699999462e+00 5.545621306699999309e-01
1.072000000000000000e+03 1.073000000000000000e+03 6.451398256000000053e+00 5.532737507700000723e-01
1.073000000000000000e+03 1.074000000000000000e+03 4.115124317700000312e+00 5.051522450500000039e-01
1.074000000000000000e+03 1.075000000000000000e+03 4.891241422599999389e+00 4.442662468599999914e-01
1.075000000000000000e+03 1.076000000000000000e+03 4.052179670400000155e+00 4.174220089399999778e-01
1.076000000000000000e+03 1.077000000000000000e+03 3.320506984100000114e+00 4.277690908499999778e-01
1.077000000000000000e+03 1.078000000000000000e+03 3.474928354799999841e+00 3.338046265099999799e-01
1.078000000000000000e+03 1.079000000000000000e+03 5.797331321400000625e+00 7.713837111199999264e-01
1.079000000000000000e+03 1.080000000000000000e+03 6.567947444899999709e+00 6.850249951999999309e-01
1.080000000000000000e+03 1.081000000000000000e+03 7.071361217399999788e+00 6.721550160200000512e-01
1.081000000000000000e+03 1.082000000000000000e+03 6.729240085199999832e+00 6.033833330200000233e-01
1.082000000000000000e+03 1.083000000000000000e+03 6.199214494399999609e+00 5.377154566399999780e-01
1.083000000000000000e+03 1.084000000000000000e+03 5.573068269500000227e+00 5.707732085500000219e-01
1.084000000000000000e+03 1.085000000000000000e+03 5.806951482599999714e+00 4.847677526499999945e-01
1.085000000000000000e+03 1.086000000000000000e+03 4.587602722200000649e+00 4.347380235099999601e-01
1.086000000000000000e+03 1.087000000000000000e+03 4.659579528500000123e+00 4.300978560300000031e-01
1.087000000000000000e+03 1.088000000000000000e+03 3.367598906700000061e+00 3.517718558199999790e-01
1.088000000000000000e+03 1.089000000000000000e+03 3.392828561500000006e+00 3.396907675199999921e-01
1.089000000000000000e+03 1.090000000000000000e+03 7.711923961099999225e+00 6.471271265599999323e-01
1.090000000000000000e+03 1.091000000000000000e+03 7.228627883999999781e+00 6.733593355899999411e-01
1.091000000000000000e+03 1.092000000000000000e+03 7.117945526200000650e+00 5.938769275499999889e-01
1.092000000000000000e+03 1.093000000000000000e+03 6.126330259700000447e+00 5.610657261700000564e-01
1.093000000000000000e+03 1.094000000000000000e+03 6.627266984100000258e+00 5.085977748800000198e-01
1.094000000000000000e+03 1.095000000000000000e+03 5.349817172099999851e+00 4.720755419200000080e-01
1.095000000000000000e+03 1.096000000000000000e+03 5.039667355099999746e+00 4.538718483499999956e-01
1.096000000000000000e+03 1.097000000000000000e+03 4.757458618500000291e+00 3.851848163800000169e-01
1.097000000000000000e+03 1.098000000000000000e+03 3.680793974899999821e+00 4.172270563600000148e-01
1.098000000000000000e+03 1.099000000000000000e+03 3.242698307800000013e+00 3.727314658900000022e-01
1.099000000000000000e+03 1.100000000000000000e+03 2.216338171699999915e+00 3.009005821799999869e-01
1.100000000000000000e+03 1.101000000000000000e+03 5.300978380500000142e+00 7.075072950499999846e-01
1.101000000000000000e+03 1.102000000000000000e+03 6.356886518099999606e+00 6.057667445499999026e-01
1.102000000000000000e+03 1.103000000000000000e+03 5.979234601499999968e+00 6.214078781599999823e-01
1.103000000000000000e+03 1.104000000000000000e+03 5.289741442999999599e+00 6.224883149800000126e-01
1.104000000000000000e+03 1.105000000000000000e+03 6.219415874499999219e+00 6.351827214099999841e-01
1.105000000000000000e+03 1.106000000000000000e+03 6.332581657500000460e+00 4.827408915499999953e-01
1.106000000000000000e+03 1.107000000000000000e+03 5.026283065199999456e+00 4.922286905300000126e-01
1.107000000000000000e+03 1.108000000000000000e+03 4.196091077300000194e+00 4.490530334300000259e-01
1.108000000000000000e+03 1.109000000000000000e+03 3.543185394099999996e+00 4.485305996300000264e-01
1.109000000000000000e+03 1.110000000000000000e+03 2.358181590200000066e+00 4.118795448700000028e-01
1.110000000000000000e+03 1.111000000000000000e+03 2.704345392700000072e+00 2.999173935200000196e-01
1.111000000000000000e+03 1.112000000000000000e+03 7.266190234799999814e+00 6.749429340700000557e-01
1.112000000000000000e+03 1.113000000000000000e+03 6.857508898899999927e+00 6.171691483599999195e-01
1.113000000000000000e+03 1.114000000000000000e+03 6.135505885999999798e+00 5.768515460399999961e-01
1.114000000000000000e+03 1.115000000000000000e+03 5.903737360400000078e+00 6.459762265300000861e-01
1.115000000000000000e+03 1.116000000000000000e+03 6.233019443699999940e+00 5.374166009599999905e-01
1.116000000000000000e+03 1.117000000000000000e+03 4.265568252099999569e+00 4.588063859300000047e-01
1.117000000000000000e+03 1.118000000000000000e+03 5.194132545600000483e+00 5.071729772599999908e-01
1.118000000000000000e+03 1.119000000000000000e+03 4.405509839800000549e+00 4.177629762600000296e-01
1.119000000000000000e+03 1.120000000000000000e+03 3.532857791700000138e+00 4.615171171499999891e-01
1.120000000000000000e+03 1.121000000000000000e+03 3.424200372400000081e+00 3.722868358099999941e-01
1.121000000000000000e+03 1.122000000000000000e+03 2.735733285399999826e+00 3.254496489300000017e-01
1.122000000000000000e+03 1.123000000000000000e+03 7.075593364199999513e+00 7.210226093599999553e-01
1.123000000000000000e+03 1.124000000000000000e+03 5.641793153500000102e+00 6.445760297300000552e-01
1.124000000000000000e+03 1.125000000000000000e+03 6.685850829100000503e+00 6.092289822399999943e-01
1.125000000000000000e+03 1.126000000000000000e+03 5.676623508399999629e+00 5.862974486499999971e-01
1.126000000000000000e+03 1.127000000000000000e+03 5.240238153200000859e+00 5.402057278599999846e-01
1.127000000000000000e+03 1.128000000000000000e+03 4.848172430500000019e+00 4.447691017400000058e-01
1.128000000000000000e+03 1.129000000000000000e+03 3.718379531800000137e+00 4.639578067499999792e-01
1.129000000000000000e+03 1.130000000000000000e+03 3.899629071700000171e+00 4.103084596000000084e-01
1.130000000000000000e+03 1.131000000000000000e+03 3.671948466899999985e+00 4.658901177100000512e-01
1.131000000000000000e+03 1.132000000000000000e+03 2.157652183800000234e+00 3.479786292900000078e-01
1.132000000000000000e+03 1.133000000000000000e+03 2.644132129199999959e+00 3.515626700200000232e-01
1.133000000000000000e+03 1.134000000000000000e+03 5.612294071100000004e+00 7.043832968200000044e-01
1.134000000000000000e+03 1.135000000000000000e+03 6.608492643099999952e+00 6.975515808700000209e-01
1.135000000000000000e+03 1.136000000000000000e+03 5.484038104199999708e+00 6.188292351299999883e-01
1.136000000000000000e+03 1.137000000000000000e+03 5.994271615499999761e+00 5.693084064900000296e-01
1.137000000000000000e+03 1.138000000000000000e+03 5.288733524000000408e+00 5.976585667399999524e-01
1.138000000000000000e+03 1.139000000000000000e+03 4.998137148799999707e+00 4.734465569099999827e-01
1.139000000000000000e+03 1.140000000000000000e+03 4.574222997599999729e+00 4.400875554400000000e-01
1.140000000000000000e+03 1.141000000000000000e+03 3.479056702200000295e+00 4.477181916499999859e-01
1.141000000000000000e+03 1.142000000000000000e+03 3.767089450399999873e+00 3.956876250299999898e-01
1.142000000000000000e+03 1.143000000000000000e+03 3.017875862499999950e+00 3.960797691399999820e-01
1.143000000000000000e+03 1.144000000000000000e+03 2.201040015099999803e+00 3.742314039299999839e-01
1.144000000000000000e+03 1.145000000000000000e+03 6.919719731399999851e+00 6.756180162899999564e-01
1.145000000000000000e+03 1.146000000000000000e+03 6.141533693800000471e+00 6.256204361099999556e-01
1.146000000000000000e+03 1.147000000000000000e+03 5.480170991499999644e+00 6.020288169199999873e-01
1.147000000000000000e+03 1.148000000000000000e+03 6.383299636099999397e+00 6.222956003400000879e-01
1.148000000000000000e+03 1.149000000000000000e+03 5.593183543500000354e+00 6.565465467400000144e-01
1.149000000000000000e+03 1.150000000000000000e+03 4.546714088299999901e+00 4.829907526500000214e-01
1.150000000000000000e+03 1.151000000000000000e+03 4.327622575000000360e+00 4.584531012100000469e-01
1.151000000000000000e+03 1.152000000000000000e+03 4.522412640599999811e+00 4.549342531899999709e-01
1.152000000000000000e+03 1.153000000000000000e+03 3.450889139400000083e+00 3.579309968500000161e-01
1.153000000000000000e+03 1.154000000000000000e+03 2.902659350099999980e+00 3.683445946299999663e-01
1.154000000000000000e+03 1.155000000000000000e+03 2.939953762700000084e+00 3.315214714600000501e-01
1.155000000000000000e+03 1.156000000000000000e+03 6.000679691500000246e+00 7.388003158699999462e-01
1.156000000000000000e+03 1.157000000000000000e+03 6.744555151000000137e+00 6.358177350299999420e-01
1.157000000000000000e+03 1.158000000000000000e+03 6.081108772500000370e+00 5.499183047100000277e-01
1.158000000000000000e+03 1.159000000000000000e+03 4.578710571200000246e+00 5.582087901600000235e-01
1.159000000000000000e+03 1.160000000000000000e+03 5.394211321000000225e+00 5.074057896699999404e-01
1.160000000000000000e+03 1.161000000000000000e+03 5.505522510299999617e+00 4.576034104800000279e-01
1.161000000000000000e+03 1.162000000000000000e+03 5.016110103399999964e+00 4.168337852999999815e-01
1.162000000000000000e+03 1.163000000000000000e+03 3.165904042700000254e+00 4.119512507800000001e-01
1.163000000000000000e+03 1.164000000000000000e+03 3.496417243999999869e+00 3.760486861299999761e-01
1.164000000000000000e+03 1.165000000000000000e+03 2.654190440899999892e+00 3.848395261800000022e-01
1.165000000000000000e+03 1.166000000000000000e+03 1.745396580500000017e+00 3.388147484400000353e-01
1.166000000000000000e+03 1.167000000000000000e+03 6.801763029199999977e+00 6.526042493400000533e-01
1.167000000000000000e+03 1.168000000000000000e+03 6.543327850599999884e+00 6.539239956900000372e-01
1.168000000000000000e+03 1.169000000000000000e+03 5.706508192700000315e+00 5.420901460999999477e-01
1.169000000000000000e+03 1.170000000000000000e+03 5.652939155800000393e+00 5.384904222999999934e-01
1.170000000000000000e+03 1.171000000000000000e+03 3.977473016999999889e+00 5.437428515300000154e-01
1.171000000000000000e+03 1.172000000000000000e+03 4.689371645000000477e+00 4.659406657799999851e-01
1.172000000000000000e+03 1.173000000000000000e+03 4.689676744100000683e+00 4.706479010099999805e-01
1.173000000000000000e+03 1.174000000000000000e+03 3.719602766499999991e+00 4.089462314999999792e-01
1.174000000000000000e+03 1.175000000000000000e+03 3.262153307200000185e+00 3.872321796700000096e-01
1.175000000000000000e+03 1.176000000000000000e+03 3.311107916400000128e+00 3.911419983899999675e-01
1.176000000000000000e+03 1.177000000000000000e+03 2.793774613900000148e+00 3.148001156199999873e-01
1.177000000000000000e+03 1.178000000000000000e+03 6.918847203200000351e+00 7.349891015099999647e-01
1.178000000000000000e+03 1.179000000000000000e+03 4.887777438900000604e+00 6.782376106499999890e-01
1.179000000000000000e+03 1.180000000000000000e+03 5.469988934199999875e+00 5.099790260900000094e-01
1.180000000000000000e+03 1.181000000000000000e+03 5.202881737899999415e+00 5.146234799900000212e-01
1.181000000000000000e+03 1.182000000000000000e+03 5.356254409900000013e+00 5.177113022499999495e-01
1.182000000000000000e+03 1.183000000000000000e+03 4.914585021599999770e+00 4.307298006999999984e-01
1.183000000000000000e+03 1.184000000000000000e+03 2.941554530699999948e+00 5.176321464099999936e-01
1.184000000000000000e+03 1.185000000000000000e+03 3.676492349700000162e+00 4.382935661699999819e-01
1.185000000000000000e+03 1.186000000000000000e+03 3.610220760599999856e+00 3.677422006100000140e-01
1.186000000000000000e+03 1.187000000000000000e+03 2.506093796400000073e+00 3.647195954699999909e-01
1.187000000000000000e+03 1.188000000000000000e+03 2.351392720700000272e+00 3.148448688200000123e-01
1.188000000000000000e+03 1.189000000000000000e+03 5.675792120100000560e+00 6.717061434400000142e-01
1.189000000000000000e+03 1.190000000000000000e+03 5.695840307300000127e+00 6.641912776599999679e-01
1.190000000000000000e+03 1.191000000000000000e+03 6.259297395499999972e+00 5.708534931199999995e-01
1.191000000000000000e+03 1.192000000000000000e+03 5.948999702899999242e+00 5.247885497800000021e-01
1.192000000000000000e+03 1.193000000000000000e+03 4.714806285999999957e+00 5.356609914800000150e-01
1.193000000000000000e+03 1.194000000000000000e+03 4.003952742100000073e+00 4.487455974100000300e-01
1.194000000000000000e+03 1.195000000000000000e+03 4.003465013799999639e+00 4.532581882300000253e-01
1.195000000000000000e+03 1.196000000000000000e+03 4.227806769799999920e+00 3.867976166699999552e-01
1.196000000000000000e+03 1.197000000000000000e+03 2.866801183200000214e+00 3.704521743899999997e-01
1.197000000000000000e+03 1.198000000000000000e+03 2.701094714699999955e+00 3.657028122100000056e-01
1.198000000000000000e+03 1.199000000000000000e+03 2.250814837000000068e+00 3.346041885700000162e-01
1.199000000000000000e+03 1.200000000000000000e+03 5.541425415700000023e+00 6.016818112199999735e-01
1.200000000000000000e+03 1.201000000000000000e+03 6.285287349000000745e+00 7.125060845299999723e-01
1.201000000000000000e+03 1.202000000000000000e+03 5.478012914300000702e+00 5.880662522499999767e-01
1.202000000000000000e+03 1.203000000000000000e+03 5.120155026199999959e+00 5.756965919600000037e-01
1.203000000000000000e+03 1.204000000000000000e+03 3.984137007799999797e+00 4.767270509799999556e-01
1.204000000000000000e+03 1.205000000000000000e+03 4.436197901299999913e+00 4.411474170499999903e-01
1.205000000000000000e+03 1.206000000000000000e+03 4.231105597900000070e+00 4.089360892000000192e-01
1.206000000000000000e+03 1.207000000000000000e+03 3.392034235799999742e+00 3.562393507300000151e-01
1.207000000000000000e+03 1.208000000000000000e+03 3.810708770400000223e+00 3.995946616900000192e-01
1.208000000000000000e+03 1.209000000000000000e+03 2.360831414099999748e+00 3.365740164499999576e-01
1.209000000000000000e+03 1.210000000000000000e+03 2.174773026200000015e+00 2.958901483199999904e-01
1.210000000000000000e+03 1.211000000000000000e+03 5.723574997600000103e+00 6.861338100700000719e-01
1.211000000000000000e+03 1.212000000000000000e+03 5.221807135199999728e+00 6.276862913300000901e-01
1.212000000000000000e+03 1.213000000000000000e+03 4.110979399099999654e+00 5.223056521900000249e-01
1.213000000000000000e+03 1.214000000000000000e+03 5.336888400600000359e+00 5.221633044200000295e-01
1.214000000000000000e+03 1.215000000000000000e+03 5.105921887400000081e+00 5.272162974699999838e-01
1.215000000000000000e+03 1.216000000000000000e+03 3.587075013400000234e+00 4.405343237700000136e-01
1.216000000000000000e+03 1.217000000000000000e+03 4.048881184199999872e+00 4.679705225099999866e-01
1.217000000000000000e+03 1.218000000000000000e+03 4.106995340899999292e+00 3.725992626999999890e-01
1.218000000000000000e+03 1.219000000000000000e+03 3.165462962799999946e+00 4.046426930099999986e-01
1.219000000000000000e+03 1.220000000000000000e+03 2.764573060400000060e+00 3.429048488900000025e-01
1.220000000000000000e+03 1.221000000000000000e+03 2.425448624900000016e+00 3.612094096899999829e-01
1.221000000000000000e+03 1.222000000000000000e+03 5.408207983899999682e+00 6.446870238599999858e-01
1.222000000000000000e+03 1.223000000000000000e+03 4.989745050599999843e+00 5.631903232299999562e-01
1.223000000000000000e+03 1.224000000000000000e+03 4.534087056299999752e+00 5.310544246900000820e-01
1.224000000000000000e+03 1.225000000000000000e+03 4.768802126000000641e+00 5.273570399300000489e-01
1.225000000000000000e+03 1.226000000000000000e+03 4.607281266499999361e+00 4.783041149200000230e-01
1.226000000000000000e+03 1.227000000000000000e+03 3.576062494600000363e+00 4.421287346500000215e-01
1.227000000000000000e+03 1.228000000000000000e+03 3.935155092700000079e+00 4.089831697000000377e-01
1.228000000000000000e+03 1.229000000000000000e+03 2.893426189299999951e+00 4.098589099700000182e-01
1.229000000000000000e+03 1.230000000000000000e+03 2.768422249200000351e+00 3.920734320599999490e-01
1.230000000000000000e+03 1.231000000000000000e+03 2.325360966799999929e+00 3.088297304700000079e-01
1.231000000000000000e+03 1.232000000000000000e+03 1.842394062200000127e+00 3.838056841899999960e-01
1.232000000000000000e+03 1.233000000000000000e+03 4.503299042100000094e+00 6.444271292600000089e-01
1.233000000000000000e+03 1.234000000000000000e+03 5.631448314100000019e+00 5.442281783400000350e-01
1.234000000000000000e+03 1.235000000000000000e+03 5.594714179399999487e+00 5.640583621699999384e-01
1.235000000000000000e+03 1.236000000000000000e+03 4.802894016900000729e+00 5.391253026800000292e-01
1.236000000000000000e+03 1.237000000000000000e+03 5.076355894899999832e+00 4.471689730299999721e-01
1.237000000000000000e+03 1.238000000000000000e+03 5.125756921100000696e+00 4.296550840400000237e-01
1.238000000000000000e+03 1.239000000000000000e+03 3.386362594499999989e+00 3.958557113700000296e-01
1.239000000000000000e+03 1.240000000000000000e+03 3.052059141600000025e+00 4.008959553399999987e-01
1.240000000000000000e+03 1.241000000000000000e+03 2.462011999100000015e+00 3.655087943800000017e-01
1.241000000000000000e+03 1.242000000000000000e+03 3.024505337499999946e+00 3.000892540099999728e-01
1.242000000000000000e+03 1.243000000000000000e+03 1.185698393430000053e+00 3.097110255600000195e-01
1.243000000000000000e+03 1.244000000000000000e+03 5.358137595999999725e+00 5.741373954900000909e-01
1.244000000000000000e+03 1.245000000000000000e+03 4.110535630100000226e+00 6.776159468299999267e-01
1.245000000000000000e+03 1.246000000000000000e+03 5.443807349100000081e+00 4.779041181199999988e-01
1.246000000000000000e+03 1.247000000000000000e+03 4.083401824600000118e+00 5.043312903400000158e-01
1.247000000000000000e+03 1.248000000000000000e+03 4.495453363799999380e+00 5.055721035399999286e-01
1.248000000000000000e+03 1.249000000000000000e+03 3.889724577600000011e+00 4.431396538600000379e-01
1.249000000000000000e+03 1.250000000000000000e+03 3.942284306300000374e+00 3.630399739600000397e-01
1.250000000000000000e+03 1.251000000000000000e+03 3.946253460499999921e+00 3.709846595299999827e-01
1.251000000000000000e+03 1.252000000000000000e+03 3.258641538300000029e+00 3.604979981199999961e-01
1.252000000000000000e+03 1.253000000000000000e+03 2.165646826400000169e+00 3.319261387500000438e-01
1.253000000000000000e+03 1.254000000000000000e+03 2.596027129899999952e+00 2.849202196800000308e-01
1.254000000000000000e+03 1.255000000000000000e+03 4.990458932199999253e+00 5.049550575600000313e-01
1.255000000000000000e+03 1.256000000000000000e+03 4.787299060200000511e+00 6.590100870199999683e-01
1.256000000000000000e+03 1.257000000000000000e+03 5.119151109900000662e+00 4.912909053500000289e-01
1.257000000000000000e+03 1.258000000000000000e+03 5.851573417200000016e+00 5.438748357299999503e-01
1.258000000000000000e+03 1.259000000000000000e+03 4.174398867099999855e+00 5.335130189900000319e-01
1.259000000000000000e+03 1.260000000000000000e+03 3.977075582999999970e+00 4.401879739199999753e-01
1.260000000000000000e+03 1.261000000000000000e+03 3.526162351099999981e+00 4.299950049900000404e-01
1.261000000000000000e+03 1.262000000000000000e+03 3.363572796700000200e+00 4.116519168700000231e-01
1.262000000000000000e+03 1.263000000000000000e+03 2.718315052899999973e+00 3.525019589900000305e-01
1.263000000000000000e+03 1.264000000000000000e+03 2.307140023200000112e+00 3.084938219200000220e-01
1.264000000000000000e+03 1.265000000000000000e+03 2.159442024900000145e+00 2.996933310300000097e-01
1.265000000000000000e+03 1.266000000000000000e+03 3.194046683299999856e+00 5.629396184899999600e-01
1.266000000000000000e+03 1.267000000000000000e+03 4.492686810300000388e+00 5.293791976799999688e-01
1.267000000000000000e+03 1.268000000000000000e+03 4.742769848399999155e+00 5.069172698600000748e-01
1.268000000000000000e+03 1.269000000000000000e+03 3.653441100500000260e+00 5.169585077399999617e-01
1.269000000000000000e+03 1.270000000000000000e+03 4.833471113399999908e+00 4.889890847799999718e-01
1.270000000000000000e+03 1.271000000000000000e+03 3.496668424500000150e+00 4.222993323199999982e-01
1.271000000000000000e+03 1.272000000000000000e+03 3.351823212000000218e+00 4.329170334199999859e-01
1.272000000000000000e+03 1.273000000000000000e+03 3.355445109899999778e+00 4.071089312400000271e-01
1.273000000000000000e+03 1.274000000000000000e+03 2.852441810600000238e+00 3.343937574599999962e-01
1.274000000000000000e+03 1.275000000000000000e+03 2.902207979399999971e+00 3.009149221299999843e-01
1.275000000000000000e+03 1.276000000000000000e+03 1.970185842400000054e+00 2.557399751299999635e-01
1.276000000000000000e+03 1.277000000000000000e+03 6.258571776100000150e+00 5.977152033699999478e-01
1.277000000000000000e+03 1.278000000000000000e+03 4.356035013999999705e+00 6.490097093800000216e-01
1.278000000000000000e+03 1.279000000000000000e+03 5.153031239200000613e+00 5.076209117500000145e-01
1.279000000000000000e+03 1.280000000000000000e+03 4.801766833700000348e+00 5.093265623799999586e-01
1.280000000000000000e+03 1.281000000000000000e+03 4.541585022599999633e+00 4.373130144700000388e-01
1.281000000000000000e+03 1.282000000000000000e+03 3.773237901599999944e+00 3.898445692200000479e-01
1.282000000000000000e+03 1.283000000000000000e+03 3.915107262000000254e+00 4.174480299399999650e-01
1.283000000000000000e+03 1.284000000000000000e+03 2.664401560299999971e+00 4.461046307300000069e-01
1.284000000000000000e+03 1.285000000000000000e+03 1.808428453199999897e+00 3.652271773499999874e-01
1.285000000000000000e+03 1.286000000000000000e+03 2.005072981200000104e+00 2.977455083600000219e-01
1.286000000000000000e+03 1.287000000000000000e+03 1.555703359299999811e+00 2.464768698099999988e-01
1.287000000000000000e+03 1.288000000000000000e+03 5.313288245299999879e+00 6.190581435499999952e-01
1.288000000000000000e+03 1.289000000000000000e+03 5.269732327199999844e+00 6.063606815600000033e-01
1.289000000000000000e+03 1.290000000000000000e+03 4.721509391799999733e+00 5.104617589900000141e-01
1.290000000000000000e+03 1.291000000000000000e+03 4.477457967999999511e+00 5.557723241299999950e-01
1.291000000000000000e+03 1.292000000000000000e+03 3.621795560799999869e+00 3.970232812599999717e-01
1.292000000000000000e+03 1.293000000000000000e+03 3.317674749000000034e+00 5.110150001500000094e-01
1.293000000000000000e+03 1.294000000000000000e+03 3.413885533999999833e+00 4.505370731000000184e-01
1.294000000000000000e+03 1.295000000000000000e+03 3.030785012800000011e+00 3.991377768200000120e-01
1.295000000000000000e+03 1.296000000000000000e+03 2.703744466400000324e+00 3.158403722700000027e-01
1.296000000000000000e+03 1.297000000000000000e+03 2.396626137700000214e+00 2.846212441899999557e-01
1.297000000000000000e+03 1.298000000000000000e+03 2.199393697400000125e+00 2.710105594099999626e-01
1.298000000000000000e+03 1.299000000000000000e+03 3.822703295200000184e+00 5.704447196199999848e-01
1.299000000000000000e+03 1.300000000000000000e+03 4.734654464400000151e+00 4.748419706099999971e-01
1.300000000000000000e+03 1.301000000000000000e+03 4.785594156499999308e+00 4.470148838899999921e-01
1.301000000000000000e+03 1.302000000000000000e+03 4.295810515600000379e+00 5.185787260099999907e-01
1.302000000000000000e+03 1.303000000000000000e+03 4.100667780700000264e+00 4.237287274000000048e-01
1.303000000000000000e+03 1.304000000000000000e+03 4.496595066899999438e+00 4.679277968800000242e-01
1.304000000000000000e+03 1.305000000000000000e+03 2.893888320999999930e+00 4.283077030000000396e-01
1.305000000000000000e+03 1.306000000000000000e+03 3.686953513599999788e+00 3.492677899099999594e-01
1.306000000000000000e+03 1.307000000000000000e+03 2.571397143300000021e+00 3.295223769700000305e-01
1.307000000000000000e+03 1.308000000000000000e+03 1.867088860800000027e+00 3.002728996100000325e-01
1.308000000000000000e+03 1.309000000000000000e+03 1.937297299019999919e+00 2.505662307699999536e-01
1.309000000000000000e+03 1.310000000000000000e+03 4.884775783399999405e+00 6.027389071099999995e-01
1.310000000000000000e+03 1.311000000000000000e+03 3.459082556599999858e+00 5.854923912799999686e-01
1.311000000000000000e+03 1.312000000000000000e+03 4.185191226199999726e+00 5.127261402999999662e-01
1.312000000000000000e+03 1.313000000000000000e+03 4.178859398400000202e+00 4.540816003300000014e-01
1.313000000000000000e+03 1.314000000000000000e+03 4.650057598200000086e+00 4.383977692800000159e-01
1.314000000000000000e+03 1.315000000000000000e+03 3.089433555899999906e+00 4.592285544799999952e-01
1.315000000000000000e+03 1.316000000000000000e+03 3.267759798500000201e+00 4.050993353499999783e-01
1.316000000000000000e+03 1.317000000000000000e+03 2.841904244800000257e+00 3.291194833300000178e-01
1.317000000000000000e+03 1.318000000000000000e+03 2.359392644399999739e+00 3.585635876500000152e-01
1.318000000000000000e+03 1.319000000000000000e+03 2.084273132999999945e+00 2.906719199000000198e-01
1.319000000000000000e+03 1.320000000000000000e+03 2.199617330200000165e+00 2.902213388100000069e-01
1.320000000000000000e+03 1.321000000000000000e+03 5.271476075199999833e+00 5.701544672599999641e-01
1.321000000000000000e+03 1.322000000000000000e+03 5.800179074699999937e+00 6.115289733100000014e-01
1.322000000000000000e+03 1.323000000000000000e+03 3.930533109299999772e+00 5.542182784699999365e-01
1.323000000000000000e+03 1.324000000000000000e+03 4.277033655499999476e+00 5.345137468999999752e-01
1.324000000000000000e+03 1.325000000000000000e+03 3.781809787399999845e+00 4.665561147200000258e-01
1.325000000000000000e+03 1.326000000000000000e+03 3.455633334299999859e+00 3.944930584799999918e-01
1.326000000000000000e+03 1.327000000000000000e+03 3.386103208299999778e+00 3.873957364100000245e-01
1.327000000000000000e+03 1.328000000000000000e+03 2.897106650000000005e+00 3.446607081799999972e-01
1.328000000000000000e+03 1.329000000000000000e+03 2.225538469500000005e+00 4.065413282299999986e-01
1.329000000000000000e+03 1.330000000000000000e+03 2.193278423599999805e+00 2.621864510799999937e-01
1.330000000000000000e+03 1.331000000000000000e+03 1.449629218769999950e+00 3.032387514100000070e-01
1.331000000000000000e+03 1.332000000000000000e+03 4.254053307599999556e+00 6.710173932700000954e-01
1.332000000000000000e+03 1.333000000000000000e+03 4.778215606499999879e+00 5.379722521499999965e-01
1.333000000000000000e+03 1.334000000000000000e+03 4.702824490999999441e+00 5.225479077900000435e-01
1.334000000000000000e+03 1.335000000000000000e+03 4.380876530699999272e+00 5.571378409100000706e-01
1.335000000000000000e+03 1.336000000000000000e+03 3.705189015399999786e+00 4.139821538100000309e-01
1.336000000000000000e+03 1.337000000000000000e+03 3.885133100300000031e+00 4.749965737699999857e-01
1.337000000000000000e+03 1.338000000000000000e+03 2.762224753299999946e+00 3.467471264700000000e-01
1.338000000000000000e+03 1.339000000000000000e+03 2.569878070400000158e+00 3.579860333500000102e-01
1.339000000000000000e+03 1.340000000000000000e+03 2.551610758499999854e+00 2.980025018499999900e-01
1.340000000000000000e+03 1.341000000000000000e+03 2.225108397399999660e+00 2.960838862599999843e-01
1.341000000000000000e+03 1.342000000000000000e+03 1.564933900869999839e+00 2.497702788400000262e-01
1.342000000000000000e+03 1.343000000000000000e+03 5.169027988999999934e+00 5.228553686899999331e-01
1.343000000000000000e+03 1.344000000000000000e+03 4.384142920399999532e+00 4.997132450500000322e-01
1.344000000000000000e+03 1.345000000000000000e+03 4.483763868200000502e+00 5.513730825500000599e-01
1.345000000000000000e+03 1.346000000000000000e+03 4.215713995899999844e+00 5.090787600899999710e-01
1.346000000000000000e+03 1.347000000000000000e+03 4.326709616900000555e+00 3.850943881100000188e-01
1.347000000000000000e+03 1.348000000000000000e+03 3.086070713400000276e+00 4.668809801900000167e-01
1.348000000000000000e+03 1.349000000000000000e+03 3.165793827000000338e+00 3.696872229399999488e-01
1.349000000000000000e+03 1.350000000000000000e+03 4.070721706500000536e+00 5.071034986699999303e-01
1.350000000000000000e+03 1.351000000000000000e+03 2.635841019399999929e+00 3.211222203899999905e-01
1.351000000000000000e+03 1.352000000000000000e+03 2.110495054399999848e+00 3.204229116299999736e-01
1.352000000000000000e+03 1.353000000000000000e+03 1.508559480299999978e+00 2.227927711800000155e-01
1.353000000000000000e+03 1.354000000000000000e+03 4.338462249600000042e+00 5.246875855199999439e-01
1.354000000000000000e+03 1.355000000000000000e+03 4.138729026900000108e+00 5.722372380199999276e-01
1.355000000000000000e+03 1.356000000000000000e+03 4.570921001700000375e+00 5.348217413799999376e-01
1.356000000000000000e+03 1.357000000000000000e+03 4.129713377699999910e+00 4.897582656199999662e-01
1.357000000000000000e+03 1.358000000000000000e+03 4.596307786299999698e+00 4.382876352599999747e-01
1.358000000000000000e+03 1.359000000000000000e+03 2.927383761300000220e+00 4.624212166099999632e-01
1.359000000000000000e+03 1.360000000000000000e+03 2.615107962499999772e+00 3.539497580900000107e-01
1.360000000000000000e+03 1.361000000000000000e+03 2.986767766199999841e+00 3.539943792099999875e-01
1.361000000000000000e+03 1.362000000000000000e+03 2.264945702500000380e+00 2.936657709900000190e-01
1.362000000000000000e+03 1.363000000000000000e+03 2.313826224600000092e+00 2.806798983400000114e-01
1.363000000000000000e+03 1.364000000000000000e+03 1.582391589910000063e+00 2.640001152899999481e-01
1.364000000000000000e+03 1.365000000000000000e+03 3.275877119500000045e+00 5.980852030400000130e-01
1.365000000000000000e+03 1.366000000000000000e+03 3.836334624800000093e+00 5.484644883300000551e-01
1.366000000000000000e+03 1.367000000000000000e+03 3.615299648100000152e+00 4.385941702500000261e-01
1.367000000000000000e+03 1.368000000000000000e+03 3.671548708500000036e+00 4.561222991400000204e-01
1.368000000000000000e+03 1.369000000000000000e+03 3.061207243300000158e+00 4.163933495500000137e-01
1.369000000000000000e+03 1.370000000000000000e+03 3.568667731900000195e+00 3.794938699600000076e-01
1.370000000000000000e+03 1.371000000000000000e+03 3.990242819700000165e+00 3.784065703299999694e-01
1.371000000000000000e+03 1.372000000000000000e+03 2.776032880699999872e+00 3.783323604299999587e-01
1.372000000000000000e+03 1.373000000000000000e+03 2.325577027400000052e+00 3.407513986999999855e-01
1.373000000000000000e+03 1.374000000000000000e+03 2.295176454899999996e+00 3.215290816699999943e-01
1.374000000000000000e+03 1.375000000000000000e+03 2.182339081800000358e+00 2.419990986399999933e-01
1.375000000000000000e+03 1.376000000000000000e+03 4.495767383699999620e+00 5.494584316699999693e-01
1.376000000000000000e+03 1.377000000000000000e+03 4.213617388100000305e+00 5.153245894100000335e-01
1.377000000000000000e+03 1.378000000000000000e+03 4.813276639700000636e+00 4.576526547599999994e-01
1.378000000000000000e+03 1.379000000000000000e+03 3.986309517600000074e+00 4.254358422399999728e-01
1.379000000000000000e+03 1.380000000000000000e+03 3.708765453100000276e+00 4.701516398600000257e-01
1.380000000000000000e+03 1.381000000000000000e+03 4.146296286800000175e+00 3.909860336600000097e-01
1.381000000000000000e+03 1.382000000000000000e+03 2.818401668399999949e+00 4.109791711899999922e-01
1.382000000000000000e+03 1.383000000000000000e+03 2.385866313599999788e+00 3.315987353800000093e-01
1.383000000000000000e+03 1.384000000000000000e+03 2.237949835000000220e+00 3.313252708200000174e-01
1.384000000000000000e+03 1.385000000000000000e+03 2.241851041499999919e+00 2.653706902899999887e-01
1.385000000000000000e+03 1.386000000000000000e+03 2.142806911600000142e+00 2.195731179200000049e-01
1.386000000000000000e+03 1.387000000000000000e+03 4.411291205400000415e+00 4.821001508200000174e-01
1.387000000000000000e+03 1.388000000000000000e+03 3.793072083200000222e+00 4.110817426599999713e-01
1.388000000000000000e+03 1.389000000000000000e+03 2.607459995500000183e+00 4.753704696599999613e-01
1.389000000000000000e+03 1.390000000000000000e+03 3.981861904699999677e+00 4.140525593800000181e-01
1.390000000000000000e+03 1.391000000000000000e+03 3.738350519399999961e+00 3.957881027899999848e-01
1.391000000000000000e+03 1.392000000000000000e+03 3.558660841200000036e+00 3.952149670000000281e-01
1.392000000000000000e+03 1.393000000000000000e+03 2.904101076599999942e+00 4.067286321900000501e-01
1.393000000000000000e+03 1.394000000000000000e+03 3.411038168000000148e+00 3.458210887200000028e-01
1.394000000000000000e+03 1.395000000000000000e+03 2.581952062100000056e+00 3.091430850599999891e-01
1.395000000000000000e+03 1.396000000000000000e+03 2.316104904899999983e+00 2.811316621300000151e-01
1.396000000000000000e+03 1.397000000000000000e+03 1.697599591339999936e+00 1.840609384920000036e-01
1.397000000000000000e+03 1.398000000000000000e+03 5.104661953099999927e+00 5.049328557800000228e-01
1.398000000000000000e+03 1.399000000000000000e+03 3.921081409900000203e+00 5.211290898000000560e-01
1.399000000000000000e+03 1.400000000000000000e+03 4.068614636100000403e+00 4.205442733299999958e-01
1.400000000000000000e+03 1.401000000000000000e+03 3.708221945100000028e+00 3.964235227100000314e-01
1.401000000000000000e+03 1.402000000000000000e+03 3.347491580399999833e+00 4.847562148000000293e-01
1.402000000000000000e+03 1.403000000000000000e+03 2.596392539500000041e+00 4.358583610300000299e-01
1.403000000000000000e+03 1.404000000000000000e+03 3.343705650299999999e+00 3.576440895500000439e-01
1.404000000000000000e+03 1.405000000000000000e+03 2.628870434500000020e+00 3.689631755400000213e-01
1.405000000000000000e+03 1.406000000000000000e+03 1.868646087500000164e+00 3.117061689400000279e-01
1.406000000000000000e+03 1.407000000000000000e+03 1.362893724899999937e+00 3.036237149200000096e-01
1.407000000000000000e+03 1.408000000000000000e+03 1.634798047099999874e+00 2.937296346100000122e-01
1.408000000000000000e+03 1.409000000000000000e+03 3.897540805399999808e+00 4.412612057899999995e-01
1.409000000000000000e+03 1.410000000000000000e+03 4.091047434500000080e+00 4.633236428999999990e-01
1.410000000000000000e+03 1.411000000000000000e+03 3.654724214399999838e+00 4.648851524500000054e-01
1.411000000000000000e+03 1.412000000000000000e+03 3.900256145200000191e+00 4.215366673600000058e-01
1.412000000000000000e+03 1.413000000000000000e+03 2.784132558500000076e+00 4.515194455700000109e-01
1.413000000000000000e+03 1.414000000000000000e+03 3.215970000100000004e+00 3.816846359099999586e-01
1.414000000000000000e+03 1.415000000000000000e+03 2.965021197099999561e+00 3.685252392999999738e-01
1.415000000000000000e+03 1.416000000000000000e+03 2.083947648600000147e+00 3.567078840200000323e-01
1.416000000000000000e+03 1.417000000000000000e+03 1.991352330600000053e+00 3.132822020000000096e-01
1.417000000000000000e+03 1.418000000000000000e+03 2.039208898600000097e+00 2.385567280600000006e-01
1.418000000000000000e+03 1.419000000000000000e+03 1.405628880210000098e+00 1.914955410600000241e-01
1.419000000000000000e+03 1.420000000000000000e+03 4.393289495600000372e+00 5.336441510799999621e-01
1.420000000000000000e+03 1.421000000000000000e+03 3.711579722900000267e+00 5.130079607899999949e-01
1.421000000000000000e+03 1.422000000000000000e+03 3.942075718399999928e+00 4.298311470499999731e-01
1.422000000000000000e+03 1.423000000000000000e+03 3.956536638899999847e+00 4.211250908699999962e-01
1.423000000000000000e+03 1.424000000000000000e+03 3.205986685099999622e+00 4.097413184200000003e-01
1.424000000000000000e+03 1.425000000000000000e+03 3.552364541099999773e+00 3.742441673599999907e-01
1.425000000000000000e+03 1.426000000000000000e+03 2.432368598900000123e+00 3.504205434700000121e-01
1.426000000000000000e+03 1.427000000000000000e+03 2.706375678899999748e+00 2.980504890300000320e-01
1.427000000000000000e+03 1.428000000000000000e+03 2.466101992400000054e+00 2.970753440799999701e-01
1.428000000000000000e+03 1.429000000000000000e+03 1.319063220549999915e+00 2.917712293499999943e-01
1.429000000000000000e+03 1.430000000000000000e+03 1.830230190900000053e+00 2.344424160200000162e-01
1.430000000000000000e+03 1.431000000000000000e+03 3.606659545199999872e+00 5.623142820099999994e-01
1.431000000000000000e+03 1.432000000000000000e+03 3.499208375200000276e+00 4.719102117099999716e-01
1.432000000000000000e+03 1.433000000000000000e+03 4.625609202099999706e+00 4.506290734700000300e-01
1.433000000000000000e+03 1.434000000000000000e+03 3.349238651600000338e+00 4.383350757799999720e-01
1.434000000000000000e+03 1.435000000000000000e+03 3.183467902099999858e+00 4.741813800099999865e-01
1.435000000000000000e+03 1.436000000000000000e+03 3.294412735899999944e+00 3.951875142799999852e-01
1.436000000000000000e+03 1.437000000000000000e+03 2.683783268000000000e+00 3.355898445200000135e-01
1.437000000000000000e+03 1.438000000000000000e+03 2.103010399099999983e+00 3.148811823900000140e-01
1.438000000000000000e+03 1.439000000000000000e+03 2.156434055600000121e+00 2.645964117400000370e-01
1.439000000000000000e+03 1.440000000000000000e+03 1.627565808599999997e+00 2.569476532600000196e-01
1.440000000000000000e+03 1.441000000000000000e+03 1.250631994359999943e+00 2.665405288100000103e-01
1.441000000000000000e+03 1.442000000000000000e+03 2.940917664800000164e+00 5.086108103900000010e-01
1.442000000000000000e+03 1.443000000000000000e+03 4.447396376500000414e+00 5.240250460099999952e-01
1.443000000000000000e+03 1.444000000000000000e+03 3.015486152100000261e+00 4.837700149099999902e-01
1.444000000000000000e+03 1.445000000000000000e+03 2.921197981399999755e+00 4.516035930999999781e-01
1.445000000000000000e+03 1.446000000000000000e+03 3.167135695500000292e+00 3.616636406700000084e-01
1.446000000000000000e+03 1.447000000000000000e+03 2.510271038299999979e+00 3.562760829500000170e-01
1.447000000000000000e+03 1.448000000000000000e+03 2.614884210800000108e+00 3.193657244399999984e-01
1.448000000000000000e+03 1.449000000000000000e+03 2.373574336199999912e+00 3.255928530599999648e-01
1.449000000000000000e+03 1.450000000000000000e+03 2.247369717100000219e+00 2.992071912500000042e-01
1.450000000000000000e+03 1.451000000000000000e+03 1.791416053200000080e+00 2.552219112499999887e-01
1.451000000000000000e+03 1.452000000000000000e+03 1.498763403149999895e+00 2.426077602399999977e-01
1.452000000000000000e+03 1.453000000000000000e+03 4.810094878900000204e+00 4.853173936399999833e-01
1.453000000000000000e+03 1.454000000000000000e+03 2.426163243400000002e+00 4.605566403499999906e-01
1.454000000000000000e+03 1.455000000000000000e+03 3.595972812899999926e+00 4.589804479099999779e-01
1.455000000000000000e+03 1.456000000000000000e+03 3.472557244000000320e+00 3.914365029899999904e-01
1.456000000000000000e+03 1.457000000000000000e+03 3.152420840600000052e+00 4.490047043600000065e-01
1.457000000000000000e+03 1.458000000000000000e+03 2.720905678999999910e+00 3.602265939400000061e-01
1.458000000000000000e+03 1.459000000000000000e+03 2.684496499600000252e+00 3.614851435399999979e-01
1.459000000000000000e+03 1.460000000000000000e+03 2.467699166400000088e+00 3.391624692699999888e-01
1.460000000000000000e+03 1.461000000000000000e+03 2.260196735700000126e+00 2.999460841400000133e-01
1.461000000000000000e+03 1.462000000000000000e+03 2.314297414499999928e+00 2.774351204899999646e-01
1.462000000000000000e+03 1.463000000000000000e+03 1.295612162969999925e+00 2.319155778800000012e-01
1.463000000000000000e+03 1.464000000000000000e+03 4.089775200699999225e+00 4.645141901400000051e-01
1.464000000000000000e+03 1.465000000000000000e+03 2.894997182799999624e+00 4.795587047900000122e-01
1.465000000000000000e+03 1.466000000000000000e+03 3.415241624799999709e+00 5.054047454799999173e-01
1.466000000000000000e+03 1.467000000000000000e+03 3.209528090700000114e+00 4.282441888299999833e-01
1.467000000000000000e+03 1.468000000000000000e+03 2.696851257900000132e+00 4.016139760499999878e-01
1.468000000000000000e+03 1.469000000000000000e+03 2.971632847900000041e+00 3.722575698900000285e-01
1.469000000000000000e+03 1.470000000000000000e+03 2.478888567699999879e+00 3.325875048500000486e-01
1.470000000000000000e+03 1.471000000000000000e+03 2.010842273800000246e+00 3.133860173999999943e-01
1.471000000000000000e+03 1.472000000000000000e+03 1.751533191199999839e+00 2.694011102800000224e-01
1.472000000000000000e+03 1.473000000000000000e+03 1.649319939800000023e+00 2.823967995799999686e-01
1.473000000000000000e+03 1.474000000000000000e+03 1.271094764369999908e+00 2.077652993799999903e-01
1.474000000000000000e+03 1.475000000000000000e+03 3.741409901900000001e+00 4.509979300599999963e-01
1.475000000000000000e+03 1.476000000000000000e+03 3.379318884399999945e+00 4.814244462800000290e-01
1.476000000000000000e+03 1.477000000000000000e+03 3.438841753499999765e+00 3.763734939599999718e-01
1.477000000000000000e+03 1.478000000000000000e+03 3.337350376799999907e+00 3.611753924500000212e-01
1.478000000000000000e+03 1.479000000000000000e+03 2.925593084700000013e+00 3.949766581099999896e-01
1.479000000000000000e+03 1.480000000000000000e+03 3.218927561800000170e+00 3.571924245599999992e-01
1.480000000000000000e+03 1.481000000000000000e+03 2.405677164200000107e+00 3.299837173999999873e-01
1.481000000000000000e+03 1.482000000000000000e+03 2.146887804300000369e+00 3.508864188799999950e-01
1.482000000000000000e+03 1.483000000000000000e+03 1.916496803199999821e+00 2.801935864099999729e-01
1.483000000000000000e+03 1.484000000000000000e+03 1.424881469300000036e+00 2.316715535799999948e-01
1.484000000000000000e+03 1.485000000000000000e+03 1.727833956500000046e+00 2.013114135300000107e-01
1.485000000000000000e+03 1.486000000000000000e+03 3.767901138300000063e+00 4.898357230600000056e-01
1.486000000000000000e+03 1.487000000000000000e+03 3.891998858300000030e+00 4.486783878300000250e-01
1.487000000000000000e+03 1.488000000000000000e+03 3.172005091399999976e+00 3.651524763399999762e-01
1.488000000000000000e+03 1.489000000000000000e+03 3.144486652599999932e+00 3.544624055700000276e-01
1.489000000000000000e+03 1.490000000000000000e+03 2.972503986600000037e+00 3.623572664799999954e-01
1.490000000000000000e+03 1.491000000000000000e+03 2.706364186100000069e+00 3.405967211700000052e-01
1.491000000000000000e+03 1.492000000000000000e+03 2.642332278999999673e+00 3.306637203800000258e-01
1.492000000000000000e+03 1.493000000000000000e+03 2.286223354499999694e+00 2.631745817299999679e-01
1.493000000000000000e+03 1.494000000000000000e+03 1.676433245699999963e+00 3.130895796700000067e-01
1.494000000000000000e+03 1.495000000000000000e+03 1.638650263900000015e+00 2.728308845399999849e-01
1.495000000000000000e+03 1.496000000000000000e+03 1.392225912340000038e+00 2.117065074399999969e-01
1.496000000000000000e+03 1.497000000000000000e+03 3.228813794700000184e+00 4.213778467100000036e-01
1.497000000000000000e+03 1.498000000000000000e+03 3.762472487200000160e+00 4.676690952800000023e-01
1.498000000000000000e+03 1.499000000000000000e+03 2.416780029999999968e+00 4.482022014900000073e-01
1.499000000000000000e+03 1.500000000000000000e+03 3.028045149400000025e+00 3.774180284399999974e-01
1.500000000000000000e+03 1.501000000000000000e+03 3.189773914399999910e+00 3.723155656200000108e-01
1.501000000000000000e+03 1.502000000000000000e+03 1.924366455599999970e+00 4.240354223600000250e-01
1.502000000000000000e+03 1.503000000000000000e+03 2.713809009300000241e+00 3.214910459900000017e-01
1.503000000000000000e+03 1.504000000000000000e+03 1.933410016700000122e+00 2.928583803800000052e-01
1.504000000000000000e+03 1.505000000000000000e+03 1.798023778100000136e+00 2.670637523599999619e-01
1.505000000000000000e+03 1.506000000000000000e+03 1.571904796499999923e+00 2.397510466899999970e-01
1.506000000000000000e+03 1.507000000000000000e+03 1.458058717249999914e+00 2.220709593999999898e-01
1.507000000000000000e+03 1.508000000000000000e+03 3.132348408199999934e+00 4.185533193400000074e-01
1.508000000000000000e+03 1.509000000000000000e+03 3.194332811799999838e+00 4.297117732799999867e-01
1.509000000000000000e+03 1.510000000000000000e+03 3.005280402999999989e+00 4.335256358100000318e-01
1.510000000000000000e+03 1.511000000000000000e+03 3.121412658900000192e+00 3.445835925799999866e-01
1.511000000000000000e+03 1.512000000000000000e+03 2.650964745700000069e+00 4.133078816399999855e-01
1.512000000000000000e+03 1.513000000000000000e+03 2.729132571599999668e+00 3.369677597899999877e-01
1.513000000000000000e+03 1.514000000000000000e+03 2.176715589100000070e+00 3.157107437099999636e-01
1.514000000000000000e+03 1.515000000000000000e+03 2.393590555099999850e+00 2.913333212900000024e-01
1.515000000000000000e+03 1.516000000000000000e+03 1.538999810099999976e+00 3.028723500000000124e-01
1.516000000000000000e+03 1.517000000000000000e+03 1.291562761700000062e+00 2.728143537299999588e-01
1.517000000000000000e+03 1.518000000000000000e+03 1.056858073950000199e+00 1.988492943299999816e-01
1.518000000000000000e+03 1.519000000000000000e+03 4.073492033499999998e+00 4.470657307199999986e-01
1.519000000000000000e+03 1.520000000000000000e+03 3.358763736800000288e+00 3.927726927799999879e-01
1.520000000000000000e+03 1.521000000000000000e+03 2.652575969599999972e+00 4.916866933400000361e-01
1.521000000000000000e+03 1.522000000000000000e+03 2.883428685800000224e+00 3.452267508499999860e-01
1.522000000000000000e+03 1.523000000000000000e+03 3.231731040999999749e+00 4.228559625700000213e-01
1.523000000000000000e+03 1.524000000000000000e+03 2.825288424200000037e+00 3.162451157500000276e-01
1.524000000000000000e+03 1.525000000000000000e+03 2.242161786199999618e+00 3.136945151500000195e-01
1.525000000000000000e+03 1.526000000000000000e+03 2.001554653899999980e+00 3.145430545899999819e-01
1.526000000000000000e+03 1.527000000000000000e+03 1.650233987799999857e+00 2.472888971299999905e-01
1.527000000000000000e+03 1.528000000000000000e+03 1.540359869100000001e+00 2.645727512500000156e-01
1.528000000000000000e+03 1.529000000000000000e+03 9.580306930099999896e-01 2.045510541300000207e-01
1.529000000000000000e+03 1.530000000000000000e+03 2.814104382900000090e+00 4.097308460900000449e-01
1.530000000000000000e+03 1.531000000000000000e+03 3.091341851299999721e+00 3.709856014599999807e-01
1.531000000000000000e+03 1.532000000000000000e+03 3.120640412899999827e+00 3.659368283199999627e-01
1.532000000000000000e+03 1.533000000000000000e+03 3.181061235500000084e+00 3.942678028000000112e-01
1.533000000000000000e+03 1.534000000000000000e+03 2.534837915199999792e+00 4.218503251800000409e-01
1.534000000000000000e+03 1.535000000000000000e+03 2.487116846799999781e+00 3.342778960800000254e-01
1.535000000000000000e+03 1.536000000000000000e+03 2.376612328000000218e+00 3.131709903100000081e-01
1.536000000000000000e+03 1.537000000000000000e+03 1.822690674700000013e+00 2.815807756300000020e-01
1.537000000000000000e+03 1.538000000000000000e+03 1.693956054299999847e+00 2.665584896399999515e-01
1.538000000000000000e+03 1.539000000000000000e+03 1.561997438299999930e+00 2.544473004499999691e-01
1.539000000000000000e+03 1.540000000000000000e+03 1.191308588200000074e+00 1.848060608569999930e-01
1.540000000000000000e+03 1.541000000000000000e+03 3.343755842799999822e+00 4.019388175099999905e-01
1.541000000000000000e+03 1.542000000000000000e+03 3.644755295399999984e+00 3.975297032900000360e-01
1.542000000000000000e+03 1.543000000000000000e+03 3.515152538500000201e+00 3.741570970099999949e-01
1.543000000000000000e+03 1.544000000000000000e+03 3.010230706900000275e+00 3.606270942300000004e-01
1.544000000000000000e+03 1.545000000000000000e+03 3.048952544200000059e+00 3.415089190699999722e-01
1.545000000000000000e+03 1.546000000000000000e+03 2.321968036999999985e+00 3.268680615399999767e-01
1.546000000000000000e+03 1.547000000000000000e+03 1.873432028400000116e+00 3.273525666700000114e-01
1.547000000000000000e+03 1.548000000000000000e+03 1.916798893099999956e+00 2.603504385599999527e-01
1.548000000000000000e+03 1.549000000000000000e+03 1.866614743700000023e+00 2.835791537200000323e-01
1.549000000000000000e+03 1.550000000000000000e+03 1.563028882319999813e+00 2.640741643899999769e-01
1.550000000000000000e+03 1.551000000000000000e+03 1.004015742970000069e+00 2.095218502700000041e-01
1.551000000000000000e+03 1.552000000000000000e+03 3.106410253600000004e+00 4.889586574800000029e-01
1.552000000000000000e+03 1.553000000000000000e+03 2.882929842199999815e+00 3.983525913600000079e-01
1.553000000000000000e+03 1.554000000000000000e+03 2.368181061200000048e+00 4.242855215299999871e-01
1.554000000000000000e+03 1.555000000000000000e+03 3.405796945700000133e+00 4.186363968600000374e-01
1.555000000000000000e+03 1.556000000000000000e+03 2.649812226099999890e+00 3.661046740500000229e-01
1.556000000000000000e+03 1.557000000000000000e+03 2.923379998499999743e+00 3.200310975799999791e-01
1.557000000000000000e+03 1.558000000000000000e+03 2.022009023799999916e+00 2.876781000399999955e-01
1.558000000000000000e+03 1.559000000000000000e+03 2.047695010500000024e+00 2.609977819300000057e-01
1.559000000000000000e+03 1.560000000000000000e+03 1.398941986300000107e+00 2.926923760300000343e-01
1.560000000000000000e+03 1.561000000000000000e+03 1.163775423859999991e+00 2.215897511500000139e-01
1.561000000000000000e+03 1.562000000000000000e+03 9.289529881399999356e-01 2.035819453000000112e-01
1.562000000000000000e+03 1.563000000000000000e+03 2.667828155300000059e+00 4.507291441900000417e-01
1.563000000000000000e+03 1.564000000000000000e+03 3.373592923999999993e+00 4.512262572999999888e-01
1.564000000000000000e+03 1.565000000000000000e+03 3.308984447299999854e+00 4.003327997800000260e-01
1.565000000000000000e+03 1.566000000000000000e+03 2.848192371699999725e+00 3.675641460399999838e-01
1.566000000000000000e+03 1.567000000000000000e+03 2.537345712000000031e+00 4.152474365100000120e-01
1.567000000000000000e+03 1.568000000000000000e+03 2.325383964399999837e+00 3.404909287500000326e-01
1.568000000000000000e+03 1.569000000000000000e+03 2.723360918800000086e+00 3.264821207199999908e-01
1.569000000000000000e+03 1.570000000000000000e+03 1.645835490400000101e+00 2.968202303000000430e-01
1.570000000000000000e+03 1.571000000000000000e+03 1.903437012499999970e+00 2.726208893900000096e-01
1.571000000000000000e+03 1.572000000000000000e+03 1.603278976999999994e+00 2.193816641499999887e-01
1.572000000000000000e+03 1.573000000000000000e+03 1.132157751130000056e+00 1.858246411599999981e-01
1.573000000000000000e+03 1.574000000000000000e+03 3.442853500100000019e+00 3.964346657400000251e-01
1.574000000000000000e+03 1.575000000000000000e+03 3.055597619700000322e+00 3.666668497699999696e-01
1.575000000000000000e+03 1.576000000000000000e+03 3.493966170099999768e+00 4.527565442900000070e-01
1.576000000000000000e+03 1.577000000000000000e+03 2.359840092599999828e+00 3.989310810899999726e-01
1.577000000000000000e+03 1.578000000000000000e+03 2.627053470000000335e+00 3.815012693400000043e-01
1.578000000000000000e+03 1.579000000000000000e+03 2.655002552300000040e+00 3.718075830800000037e-01
1.579000000000000000e+03 1.580000000000000000e+03 1.958173564099999986e+00 3.117947927499999938e-01
1.580000000000000000e+03 1.581000000000000000e+03 2.480863178299999916e+00 2.985644754600000339e-01
1.581000000000000000e+03 1.582000000000000000e+03 1.706898575499999904e+00 2.548956161800000064e-01
1.582000000000000000e+03 1.583000000000000000e+03 1.252055853859999957e+00 2.313899029300000021e-01
1.583000000000000000e+03 1.584000000000000000e+03 1.645042138370000018e+00 1.911370876099999783e-01
1.584000000000000000e+03 1.585000000000000000e+03 2.388533018199999969e+00 3.643604730100000189e-01
1.585000000000000000e+03 1.586000000000000000e+03 3.126150513899999872e+00 3.513308351299999632e-01
1.586000000000000000e+03 1.587000000000000000e+03 3.295917770099999977e+00 4.236173818100000266e-01
1.587000000000000000e+03 1.588000000000000000e+03 2.452704430799999891e+00 4.678228656399999741e-01
1.588000000000000000e+03 1.589000000000000000e+03 3.029421870799999805e+00 3.711794159999999843e-01
1.589000000000000000e+03 1.590000000000000000e+03 2.164286309399999997e+00 3.413937674799999988e-01
1.590000000000000000e+03 1.591000000000000000e+03 2.340926459899999923e+00 2.973874070299999950e-01
1.591000000000000000e+03 1.592000000000000000e+03 1.587793486999999892e+00 3.026236536599999916e-01
1.592000000000000000e+03 1.593000000000000000e+03 1.501044998900000094e+00 2.532779406799999800e-01
1.593000000000000000e+03 1.594000000000000000e+03 9.557986048500000109e-01 2.304394984600000029e-01
1.594000000000000000e+03 1.595000000000000000e+03 7.908612111399999645e-01 1.793706120899999923e-01
1.595000000000000000e+03 1.596000000000000000e+03 3.836337978700000040e+00 4.190595593299999977e-01
1.596000000000000000e+03 1.597000000000000000e+03 2.896767757899999740e+00 3.611966942300000039e-01
1.597000000000000000e+03 1.598000000000000000e+03 3.092393137200000197e+00 4.361421904299999652e-01
1.598000000000000000e+03 1.599000000000000000e+03 3.142293364699999980e+00 3.794651130400000238e-01
1.599000000000000000e+03 1.600000000000000000e+03 1.973241631500000093e+00 3.306112507500000297e-01
1.600000000000000000e+03 1.601000000000000000e+03 2.137701941300000019e+00 3.129704942899999565e-01
1.601000000000000000e+03 1.602000000000000000e+03 2.368911347300000081e+00 3.011459494100000023e-01
1.602000000000000000e+03 1.603000000000000000e+03 1.762044933599999919e+00 3.014897310699999888e-01
1.603000000000000000e+03 1.604000000000000000e+03 1.701299988199999946e+00 2.425541981200000086e-01
1.604000000000000000e+03 1.605000000000000000e+03 1.283571539330000011e+00 2.489371003099999924e-01
1.605000000000000000e+03 1.606000000000000000e+03 1.233237387760000026e+00 1.751959903499999971e-01
1.606000000000000000e+03 1.607000000000000000e+03 2.470407702900000224e+00 3.974969308799999879e-01
1.607000000000000000e+03 1.608000000000000000e+03 3.490628620299999874e+00 4.498459046200000144e-01
1.608000000000000000e+03 1.609000000000000000e+03 2.386068855500000030e+00 3.867720157000000269e-01
1.609000000000000000e+03 1.610000000000000000e+03 3.088304582299999712e+00 3.626839739299999588e-01
1.610000000000000000e+03 1.611000000000000000e+03 2.698114780899999676e+00 3.236010973199999752e-01
1.611000000000000000e+03 1.612000000000000000e+03 1.846757373799999824e+00 3.268208539699999915e-01
1.612000000000000000e+03 1.613000000000000000e+03 2.032443357799999628e+00 2.687851391100000154e-01
1.613000000000000000e+03 1.614000000000000000e+03 1.684195553500000164e+00 2.835055352899999992e-01
1.614000000000000000e+03 1.615000000000000000e+03 1.519144136900000053e+00 2.547293175199999982e-01
1.615000000000000000e+03 1.616000000000000000e+03 1.113770908030000006e+00 2.328274811300000136e-01
1.616000000000000000e+03 1.617000000000000000e+03 8.862397727299999861e-01 1.961601637300000034e-01
1.617000000000000000e+03 1.618000000000000000e+03 3.390615605399999843e+00 3.638992143600000007e-01
1.618000000000000000e+03 1.619000000000000000e+03 2.403994814999999896e+00 3.809444893600000270e-01
1.619000000000000000e+03 1.620000000000000000e+03 3.420434309499999603e+00 3.720321252299999548e-01
1.620000000000000000e+03 1.621000000000000000e+03 2.054824841400000324e+00 4.093103132900000052e-01
1.621000000000000000e+03 1.622000000000000000e+03 2.320820212300000129e+00 3.077054282800000262e-01
1.622000000000000000e+03 1.623000000000000000e+03 2.367913320700000046e+00 3.965085708399999631e-01
1.623000000000000000e+03 1.624000000000000000e+03 1.963825412099999834e+00 2.721677917299999971e-01
1.624000000000000000e+03 1.625000000000000000e+03 1.695705126499999826e+00 2.934633775799999622e-01
1.625000000000000000e+03 1.626000000000000000e+03 1.396368245000000119e+00 2.511976718600000269e-01
1.626000000000000000e+03 1.627000000000000000e+03 1.525628202000000044e+00 2.221058053499999907e-01
1.627000000000000000e+03 1.628000000000000000e+03 1.510205124350000094e+00 1.673064300890000078e-01
1.628000000000000000e+03 1.629000000000000000e+03 3.181240461599999847e+00 4.429160532199999945e-01
1.629000000000000000e+03 1.630000000000000000e+03 2.369826904399999989e+00 3.683584380099999556e-01
1.630000000000000000e+03 1.631000000000000000e+03 2.377816865000000224e+00 3.615495120700000231e-01
1.631000000000000000e+03 1.632000000000000000e+03 2.374927339700000140e+00 3.453913928899999819e-01
1.632000000000000000e+03 1.633000000000000000e+03 2.382624456599999885e+00 3.792429292199999691e-01
1.633000000000000000e+03 1.634000000000000000e+03 1.947307194299999988e+00 3.510720838899999974e-01
1.634000000000000000e+03 1.635000000000000000e+03 1.767479904600000040e+00 2.887615640600000311e-01
1.635000000000000000e+03 1.636000000000000000e+03 1.456784002100000031e+00 2.724606793300000107e-01
1.636000000000000000e+03 1.637000000000000000e+03 1.521782922399999904e+00 2.401259394999999963e-01
1.637000000000000000e+03 1.638000000000000000e+03 1.410327621039999979e+00 2.087927658399999775e-01
1.638000000000000000e+03 1.639000000000000000e+03 1.222397839500000138e+00 1.907237658479999931e-01
1.639000000000000000e+03 1.640000000000000000e+03 2.081986144300000063e+00 4.460775195000000193e-01
1.640000000000000000e+03 1.641000000000000000e+03 2.754232451599999631e+00 3.323549762199999869e-01
1.641000000000000000e+03 1.642000000000000000e+03 2.898606000900000090e+00 4.125063009499999600e-01
1.642000000000000000e+03 1.643000000000000000e+03 2.920471925400000224e+00 3.680439946699999854e-01
1.643000000000000000e+03 1.644000000000000000e+03 2.356069008600000014e+00 3.094474412500000104e-01
1.644000000000000000e+03 1.645000000000000000e+03 2.307648052099999791e+00 3.663040026999999643e-01
1.645000000000000000e+03 1.646000000000000000e+03 1.872865776799999882e+00 2.735627219799999787e-01
1.646000000000000000e+03 1.647000000000000000e+03 1.805774592399999934e+00 2.708288745699999889e-01
1.647000000000000000e+03 1.648000000000000000e+03 1.482953767899999997e+00 2.177655925499999978e-01
1.648000000000000000e+03 1.649000000000000000e+03 9.936699368800000487e-01 1.998797448999999893e-01
1.649000000000000000e+03 1.650000000000000000e+03 1.166585019990000083e+00 2.145071453800000139e-01
1.650000000000000000e+03 1.651000000000000000e+03 3.424067108100000034e+00 4.166702137400000172e-01
1.651000000000000000e+03 1.652000000000000000e+03 2.866679628500000021e+00 3.365259377700000054e-01
1.652000000000000000e+03 1.653000000000000000e+03 2.751670602699999968e+00 3.777784974800000306e-01
1.653000000000000000e+03 1.654000000000000000e+03 2.116132197799999837e+00 3.473376200400000169e-01
1.654000000000000000e+03 1.655000000000000000e+03 2.392335776799999980e+00 2.945676778799999895e-01
1.655000000000000000e+03 1.656000000000000000e+03 1.755016908900000061e+00 2.982318508999999840e-01
1.656000000000000000e+03 1.657000000000000000e+03 1.806816418199999941e+00 2.655916915000000045e-01
1.657000000000000000e+03 1.658000000000000000e+03 1.469376495799999960e+00 2.388898390600000254e-01
1.658000000000000000e+03 1.659000000000000000e+03 1.318349313529999955e+00 2.649435952499999969e-01
1.659000000000000000e+03 1.660000000000000000e+03 9.910198726900000255e-01 1.942646507600000183e-01
1.660000000000000000e+03 1.661000000000000000e+03 8.071418456300000210e-01 2.001477571599999949e-01
1.661000000000000000e+03 1.662000000000000000e+03 2.355273430000000001e+00 4.301116962100000052e-01
1.662000000000000000e+03 1.663000000000000000e+03 3.307520978999999972e+00 3.883252600200000071e-01
1.663000000000000000e+03 1.664000000000000000e+03 2.091470700499999946e+00 3.218918898600000023e-01
1.664000000000000000e+03 1.665000000000000000e+03 2.121037793999999810e+00 3.174582824300000161e-01
1.665000000000000000e+03 1.666000000000000000e+03 2.274794084099999836e+00 3.129512974199999964e-01
1.666000000000000000e+03 1.667000000000000000e+03 1.569949134900000098e+00 2.908745441800000275e-01
1.667000000000000000e+03 1.668000000000000000e+03 1.722127645599999868e+00 2.884966899399999951e-01
1.668000000000000000e+03 1.669000000000000000e+03 1.793430066900000064e+00 2.431400100499999939e-01
1.669000000000000000e+03 1.670000000000000000e+03 1.846081034100000018e+00 2.204324993500000052e-01
1.670000000000000000e+03 1.671000000000000000e+03 1.491472641659999931e+00 1.891800632799999771e-01
1.671000000000000000e+03 1.672000000000000000e+03 7.354311697500000022e-01 2.032464655300000034e-01
1.672000000000000000e+03 1.673000000000000000e+03 2.951039556700000066e+00 3.618404214499999494e-01
1.673000000000000000e+03 1.674000000000000000e+03 2.297683914199999844e+00 3.944822095900000214e-01
1.674000000000000000e+03 1.675000000000000000e+03 2.516347726899999859e+00 2.995213699100000015e-01
1.675000000000000000e+03 1.676000000000000000e+03 2.319368812000000002e+00 3.249929751799999766e-01
1.676000000000000000e+03 1.677000000000000000e+03 1.605096307199999961e+00 3.503928371999999736e-01
1.677000000000000000e+03 1.678000000000000000e+03 2.258229414500000143e+00 2.892105322999999895e-01
1.678000000000000000e+03 1.679000000000000000e+03 1.262090271349999959e+00 2.925268130299999991e-01
1.679000000000000000e+03 1.680000000000000000e+03 1.759182000700000081e+00 2.500168272000000136e-01
1.680000000000000000e+03 1.681000000000000000e+03 1.353138171200000128e+00 2.282136444800000052e-01
1.681000000000000000e+03 1.682000000000000000e+03 1.166652870819999910e+00 2.207001254500000065e-01
1.682000000000000000e+03 1.683000000000000000e+03 7.499623724499999700e-01 1.772611091020000196e-01
1.683000000000000000e+03 1.684000000000000000e+03 2.662241353899999829e+00 3.751501417599999999e-01
1.684000000000000000e+03 1.685000000000000000e+03 2.042058804999999921e+00 3.542554875200000231e-01
1.685000000000000000e+03 1.686000000000000000e+03 2.635461378000000021e+00 3.283274134599999949e-01
1.686000000000000000e+03 1.687000000000000000e+03 2.832307519700000054e+00 3.122446206800000290e-01
1.687000000000000000e+03 1.688000000000000000e+03 2.669238152900000216e+00 3.213466740800000054e-01
1.688000000000000000e+03 1.689000000000000000e+03 2.201646798100000080e+00 2.968254669600000062e-01
1.689000000000000000e+03 1.690000000000000000e+03 1.720688685000000051e+00 2.677695535999999876e-01
1.690000000000000000e+03 1.691000000000000000e+03 1.459985832839999942e+00 2.547251837300000266e-01
1.691000000000000000e+03 1.692000000000000000e+03 1.388330624329999985e+00 2.361519573499999969e-01
1.692000000000000000e+03 1.693000000000000000e+03 1.138881508089999883e+00 2.134770013299999991e-01
1.693000000000000000e+03 1.694000000000000000e+03 8.974251254400000821e-01 1.563013313260000203e-01
1.694000000000000000e+03 1.695000000000000000e+03 2.062367801699999781e+00 3.725840993199999729e-01
1.695000000000000000e+03 1.696000000000000000e+03 2.228649318700000048e+00 3.737382375400000178e-01
1.696000000000000000e+03 1.697000000000000000e+03 2.883774321600000246e+00 3.040037845999999933e-01
1.697000000000000000e+03 1.698000000000000000e+03 2.047095748700000328e+00 3.301688750499999769e-01
1.698000000000000000e+03 1.699000000000000000e+03 2.476658655100000050e+00 3.600584624599999506e-01
1.699000000000000000e+03 1.700000000000000000e+03 1.916948539499999882e+00 3.120486014999999669e-01
1.700000000000000000e+03 1.701000000000000000e+03 1.488508545199999977e+00 2.451364857699999955e-01
1.701000000000000000e+03 1.702000000000000000e+03 9.503000967400000443e-01 2.611292659099999636e-01
1.702000000000000000e+03 1.703000000000000000e+03 1.703082568599999957e+00 2.113260685199999933e-01
1.703000000000000000e+03 1.704000000000000000e+03 1.054827377809999911e+00 2.092090965700000027e-01
1.704000000000000000e+03 1.705000000000000000e+03 7.162620195499999065e-01 1.713973396610000144e-01
1.705000000000000000e+03 1.706000000000000000e+03 2.396593415199999910e+00 3.366655823999999964e-01
1.706000000000000000e+03 1.707000000000000000e+03 2.496228021999999935e+00 3.910484160800000164e-01
1.707000000000000000e+03 1.708000000000000000e+03 1.853688234499999865e+00 3.668151190400000261e-01
1.708000000000000000e+03 1.709000000000000000e+03 1.792088638600000117e+00 3.315174155100000242e-01
1.709000000000000000e+03 1.710000000000000000e+03 1.821818767099999903e+00 2.959671844000000274e-01
1.710000000000000000e+03 1.711000000000000000e+03 1.670980586400000023e+00 2.726496076300000126e-01
1.711000000000000000e+03 1.712000000000000000e+03 1.736383597000000112e+00 2.741696604199999610e-01
1.712000000000000000e+03 1.713000000000000000e+03 1.464745875099999983e+00 2.642383601699999640e-01
1.713000000000000000e+03 1.714000000000000000e+03 1.140755980830000071e+00 2.246809218599999936e-01
1.714000000000000000e+03 1.715000000000000000e+03 9.576684699100000975e-01 1.804430871199999842e-01
1.715000000000000000e+03 1.716000000000000000e+03 9.376494107400000777e-01 1.616950625069999981e-01
1.716000000000000000e+03 1.717000000000000000e+03 2.375508746499999990e+00 3.768427709199999587e-01
1.717000000000000000e+03 1.718000000000000000e+03 2.460791848599999998e+00 3.311121653799999898e-01
1.718000000000000000e+03 1.719000000000000000e+03 2.981714086799999830e+00 3.401666180299999787e-01
1.719000000000000000e+03 1.720000000000000000e+03 2.532648292800000256e+00 3.113893182400000459e-01
1.720000000000000000e+03 1.721000000000000000e+03 1.890472070799999793e+00 2.622297307199999983e-01
1.721000000000000000e+03 1.722000000000000000e+03 2.135576979500000139e+00 2.839518275900000388e-01
1.722000000000000000e+03 1.723000000000000000e+03 1.807459112999999951e+00 2.480353814500000087e-01
1.723000000000000000e+03 1.724000000000000000e+03 1.262999609099999976e+00 2.693449343600000101e-01
1.724000000000000000e+03 1.725000000000000000e+03 1.198508306779999977e+00 2.068699941300000122e-01
1.725000000000000000e+03 1.726000000000000000e+03 1.520832573149999867e+00 1.900872753299999995e-01
1.726000000000000000e+03 1.727000000000000000e+03 6.845160203300000301e-01 1.779519578900000121e-01
1.727000000000000000e+03 1.728000000000000000e+03 2.077183527399999896e+00 3.271022277800000322e-01
1.728000000000000000e+03 1.729000000000000000e+03 2.047289782700000060e+00 3.344116105200000133e-01
1.729000000000000000e+03 1.730000000000000000e+03 1.438247177799999887e+00 3.440023654999999625e-01
1.730000000000000000e+03 1.731000000000000000e+03 1.985725957999999958e+00 3.067903382799999634e-01
1.731000000000000000e+03 1.732000000000000000e+03 1.409652119300000006e+00 3.170216794999999865e-01
1.732000000000000000e+03 1.733000000000000000e+03 1.618105945599999984e+00 2.428548290299999968e-01
1.733000000000000000e+03 1.734000000000000000e+03 1.579149018200000087e+00 2.424628487399999865e-01
1.734000000000000000e+03 1.735000000000000000e+03 1.425182780699999929e+00 2.580873898500000152e-01
1.735000000000000000e+03 1.736000000000000000e+03 1.305905348500000063e+00 1.789584782900000004e-01
1.736000000000000000e+03 1.737000000000000000e+03 8.329431164799999676e-01 1.572261624679999747e-01
1.737000000000000000e+03 1.738000000000000000e+03 1.000918707950000153e+00 1.652349020339999863e-01
1.738000000000000000e+03 1.739000000000000000e+03 2.882061429899999805e+00 3.495933151800000305e-01
1.739000000000000000e+03 1.740000000000000000e+03 2.416352226099999889e+00 2.988187248400000495e-01
1.740000000000000000e+03 1.741000000000000000e+03 2.466386650200000030e+00 3.101516752899999840e-01
1.741000000000000000e+03 1.742000000000000000e+03 2.055705474299999835e+00 2.998742543999999843e-01
1.742000000000000000e+03 1.743000000000000000e+03 2.316545765699999926e+00 3.161467343599999591e-01
1.743000000000000000e+03 1.744000000000000000e+03 1.622017629399999938e+00 3.224193705599999737e-01
1.744000000000000000e+03 1.745000000000000000e+03 1.943243698700000133e+00 2.245660458100000034e-01
1.745000000000000000e+03 1.746000000000000000e+03 1.162782099309999984e+00 2.332427107800000010e-01
1.746000000000000000e+03 1.747000000000000000e+03 1.521490445650000023e+00 2.276924242900000006e-01
1.747000000000000000e+03 1.748000000000000000e+03 8.078771624699999654e-01 1.899443765899999914e-01
1.748000000000000000e+03 1.749000000000000000e+03 1.123796918529999855e+00 1.706256203579999964e-01
1.749000000000000000e+03 1.750000000000000000e+03 2.952236575500000182e+00 3.006002018600000270e-01
1.750000000000000000e+03 1.751000000000000000e+03 2.331710194099999800e+00 3.290920925599999936e-01
1.751000000000000000e+03 1.752000000000000000e+03 1.760662454800000054e+00 3.082471456099999951e-01
1.752000000000000000e+03 1.753000000000000000e+03 2.163049859400000052e+00 2.874791930900000292e-01
1.753000000000000000e+03 1.754000000000000000e+03 2.049089569199999961e+00 2.921882115100000177e-01
1.754000000000000000e+03 1.755000000000000000e+03 1.739033938700000004e+00 3.242525871599999943e-01
1.755000000000000000e+03 1.756000000000000000e+03 1.492858154899999956e+00 2.360051612000000076e-01
1.756000000000000000e+03 1.757000000000000000e+03 1.335977899099999977e+00 2.411035920400000088e-01
1.757000000000000000e+03 1.758000000000000000e+03 1.202985082450000132e+00 2.083501796000000184e-01
1.758000000000000000e+03 1.759000000000000000e+03 1.007516339069999933e+00 1.958068992600000002e-01
1.759000000000000000e+03 1.760000000000000000e+03 7.746196828400000456e-01 1.470797533649999822e-01
1.760000000000000000e+03 1.761000000000000000e+03 1.740695684400000109e+00 3.660988587299999764e-01
1.761000000000000000e+03 1.762000000000000000e+03 2.222616789299999951e+00 3.622383279299999925e-01
1.762000000000000000e+03 1.763000000000000000e+03 2.240461297600000012e+00 3.068724542200000349e-01
1.763000000000000000e+03 1.764000000000000000e+03 1.732630592899999877e+00 3.041696642899999747e-01
1.764000000000000000e+03 1.765000000000000000e+03 2.240149188699999794e+00 2.920070295599999644e-01
1.765000000000000000e+03 1.766000000000000000e+03 1.418853698500000204e+00 2.783576971699999736e-01
1.766000000000000000e+03 1.767000000000000000e+03 1.924552807900000051e+00 2.529722183399999991e-01
1.767000000000000000e+03 1.768000000000000000e+03 1.281539080970000022e+00 2.174896677599999772e-01
1.768000000000000000e+03 1.769000000000000000e+03 1.272337626370000141e+00 2.052293092799999941e-01
1.769000000000000000e+03 1.770000000000000000e+03 8.392358611000000357e-01 1.463405955460000130e-01
1.770000000000000000e+03 1.771000000000000000e+03 4.916306921299999910e-01 1.704784748359999824e-01
1.771000000000000000e+03 1.772000000000000000e+03 2.209318215300000166e+00 3.393723472000000352e-01
1.772000000000000000e+03 1.773000000000000000e+03 2.176431387799999673e+00 3.287209555800000294e-01
1.773000000000000000e+03 1.774000000000000000e+03 2.396906667500000143e+00 2.767213835100000296e-01
1.774000000000000000e+03 1.775000000000000000e+03 2.437858648199999756e+00 3.071011782199999929e-01
1.775000000000000000e+03 1.776000000000000000e+03 1.511418269199999997e+00 2.614528265399999607e-01
1.776000000000000000e+03 1.777000000000000000e+03 1.515273485400000064e+00 2.602425283400000011e-01
1.777000000000000000e+03 1.778000000000000000e+03 1.502216102499999817e+00 2.544804541599999803e-01
1.778000000000000000e+03 1.779000000000000000e+03 1.258250829020000072e+00 2.397151550999999936e-01
1.779000000000000000e+03 1.780000000000000000e+03 1.050564398429999935e+00 2.159691058000000052e-01
1.780000000000000000e+03 1.781000000000000000e+03 1.082113819449999959e+00 1.631975717609999987e-01
1.781000000000000000e+03 1.782000000000000000e+03 8.142427970000000181e-01 1.598081919900000147e-01
1.782000000000000000e+03 1.783000000000000000e+03 2.126849151999999687e+00 3.367090280100000221e-01
1.783000000000000000e+03 1.784000000000000000e+03 2.184920966800000031e+00 2.736935882800000108e-01
1.784000000000000000e+03 1.785000000000000000e+03 1.680229236800000026e+00 3.469486146800000448e-01
1.785000000000000000e+03 1.786000000000000000e+03 2.503571261399999859e+00 3.413819008300000291e-01
1.786000000000000000e+03 1.787000000000000000e+03 2.009929159599999959e+00 2.631203631499999807e-01
1.787000000000000000e+03 1.788000000000000000e+03 2.215779490300000099e+00 2.490408492800000040e-01
1.788000000000000000e+03 1.789000000000000000e+03 1.368022284900000107e+00 2.276582556199999996e-01
1.789000000000000000e+03 1.790000000000000000e+03 1.143167973700000006e+00 2.327211003199999850e-01
1.790000000000000000e+03 1.791000000000000000e+03 1.573784932699999972e+00 2.191912177500000003e-01
1.791000000000000000e+03 1.792000000000000000e+03 1.045074134130000054e+00 1.860504180399999985e-01
1.792000000000000000e+03 1.793000000000000000e+03 7.681753959200000592e-01 1.367123653239999959e-01
1.793000000000000000e+03 1.794000000000000000e+03 2.366061677399999841e+00 3.264978921500000242e-01
1.794000000000000000e+03 1.795000000000000000e+03 2.216774961800000110e+00 3.260505936900000012e-01
1.795000000000000000e+03 1.796000000000000000e+03 2.359439542500000098e+00 2.973351818400000179e-01
1.796000000000000000e+03 1.797000000000000000e+03 1.515541320099999867e+00 3.499734428700000399e-01
1.797000000000000000e+03 1.798000000000000000e+03 1.921531775000000053e+00 2.988420735499999759e-01
1.798000000000000000e+03 1.799000000000000000e+03 1.822901727399999894e+00 2.696969802499999957e-01
1.799000000000000000e+03 1.800000000000000000e+03 1.734104971300000075e+00 2.051205601200000173e-01
1.800000000000000000e+03 1.801000000000000000e+03 1.482366650799999963e+00 2.164198425600000197e-01
1.801000000000000000e+03 1.802000000000000000e+03 1.108560623070000029e+00 1.963771201199999983e-01
1.802000000000000000e+03 1.803000000000000000e+03 6.463955746499999711e-01 1.826877790899999743e-01
1.803000000000000000e+03 1.804000000000000000e+03 9.987590673599999747e-01 1.242532850270000044e-01
1.804000000000000000e+03 1.805000000000000000e+03 2.129961485399999965e+00 2.978434132300000203e-01
1.805000000000000000e+03 1.806000000000000000e+03 1.966811586599999995e+00 2.883146656300000221e-01
1.806000000000000000e+03 1.807000000000000000e+03 1.935919145099999961e+00 3.615453374300000022e-01
1.807000000000000000e+03 1.808000000000000000e+03 1.793559087600000046e+00 2.930783834999999837e-01
1.808000000000000000e+03 1.809000000000000000e+03 1.912583304900000059e+00 2.814108719599999753e-01
1.809000000000000000e+03 1.810000000000000000e+03 1.377933562499999987e+00 2.369077514099999782e-01
1.810000000000000000e+03 1.811000000000000000e+03 1.446531554299999911e+00 2.248709724000000076e-01
1.811000000000000000e+03 1.812000000000000000e+03 1.439887570400000039e+00 2.102033224600000083e-01
1.812000000000000000e+03 1.813000000000000000e+03 9.622136625300000690e-01 2.024086784499999903e-01
1.813000000000000000e+03 1.814000000000000000e+03 1.059975926160000137e+00 1.627370025400000086e-01
1.814000000000000000e+03 1.815000000000000000e+03 6.830442463600000513e-01 1.420065300190000157e-01
1.815000000000000000e+03 1.816000000000000000e+03 2.120786815900000288e+00 3.511186425800000288e-01
1.816000000000000000e+03 1.817000000000000000e+03 1.846380420399999833e+00 2.767604577999999704e-01
1.817000000000000000e+03 1.818000000000000000e+03 2.309702961100000174e+00 3.224805335400000028e-01
1.818000000000000000e+03 1.819000000000000000e+03 2.025632666200000376e+00 2.213271375699999988e-01
1.819000000000000000e+03 1.820000000000000000e+03 1.749111229800000000e+00 2.284005979499999783e-01
1.820000000000000000e+03 1.821000000000000000e+03 1.436109006099999919e+00 2.430743118800000047e-01
1.821000000000000000e+03 1.822000000000000000e+03 1.921304756599999886e+00 2.800203060399999999e-01
1.822000000000000000e+03 1.823000000000000000e+03 1.584415526099999916e+00 2.510923374899999838e-01
1.823000000000000000e+03 1.824000000000000000e+03 1.039452845489999833e+00 2.091542722300000212e-01
1.824000000000000000e+03 1.825000000000000000e+03 7.520645588100000056e-01 1.704089956599999789e-01
1.825000000000000000e+03 1.826000000000000000e+03 6.704806910600000780e-01 1.384509625820000145e-01
1.826000000000000000e+03 1.827000000000000000e+03 2.174443659499999626e+00 3.125480331699999614e-01
1.827000000000000000e+03 1.828000000000000000e+03 2.127857924499999775e+00 2.745102392800000124e-01
1.828000000000000000e+03 1.829000000000000000e+03 1.395543511099999856e+00 2.910879808599999841e-01
1.829000000000000000e+03 1.830000000000000000e+03 2.044820882999999867e+00 2.718835219199999820e-01
1.830000000000000000e+03 1.831000000000000000e+03 1.911462095300000108e+00 2.596769074199999916e-01
1.831000000000000000e+03 1.832000000000000000e+03 1.603141161699999984e+00 2.168867098300000240e-01
1.832000000000000000e+03 1.833000000000000000e+03 1.598124988299999938e+00 2.249314579299999950e-01
1.833000000000000000e+03 1.834000000000000000e+03 9.925821920699999801e-01 2.184504336699999993e-01
1.834000000000000000e+03 1.835000000000000000e+03 1.205639533010000042e+00 1.836939202600000043e-01
1.835000000000000000e+03 1.836000000000000000e+03 8.318687728699999395e-01 1.811338558199999949e-01
1.836000000000000000e+03 1.837000000000000000e+03 8.909453083999999690e-01 1.579884686649999925e-01
1.837000000000000000e+03 1.838000000000000000e+03 2.462263222500000293e+00 2.827245179999999802e-01
1.838000000000000000e+03 1.839000000000000000e+03 1.934901436100000094e+00 2.741129515399999828e-01
1.839000000000000000e+03 1.840000000000000000e+03 1.895148093900000053e+00 2.730745950599999805e-01
1.840000000000000000e+03 1.841000000000000000e+03 2.023748863899999861e+00 2.492997336599999947e-01
1.841000000000000000e+03 1.842000000000000000e+03 1.801464642100000013e+00 2.521988372100000264e-01
1.842000000000000000e+03 1.843000000000000000e+03 1.479634980699999991e+00 2.332439309500000113e-01
1.843000000000000000e+03 1.844000000000000000e+03 1.736758458700000007e+00 2.527839616399999989e-01
1.844000000000000000e+03 1.845000000000000000e+03 1.446344746899999922e+00 2.227826324199999874e-01
1.845000000000000000e+03 1.846000000000000000e+03 9.238144732699999917e-01 1.940890813299999962e-01
1.846000000000000000e+03 1.847000000000000000e+03 1.010130806429999861e+00 1.697577349649999900e-01
1.847000000000000000e+03 1.848000000000000000e+03 5.065209779899999543e-01 1.373427903569999775e-01
1.848000000000000000e+03 1.849000000000000000e+03 1.949459300200000023e+00 2.870463615000000135e-01
1.849000000000000000e+03 1.850000000000000000e+03 2.170644837299999796e+00 2.466545677499999978e-01
1.850000000000000000e+03 1.851000000000000000e+03 2.071090160099999800e+00 2.923154495299999933e-01
1.851000000000000000e+03 1.852000000000000000e+03 1.361340691000000103e+00 2.518948705899999863e-01
1.852000000000000000e+03 1.853000000000000000e+03 1.732623751600000039e+00 2.468251077099999913e-01
1.853000000000000000e+03 1.854000000000000000e+03 1.349822927700000008e+00 2.495148743900000021e-01
1.854000000000000000e+03 1.855000000000000000e+03 7.880212466200000598e-01 2.768414732899999731e-01
1.855000000000000000e+03 1.856000000000000000e+03 1.064928119760000014e+00 2.150306604099999908e-01
1.856000000000000000e+03 1.857000000000000000e+03 9.573039499200000080e-01 2.015795693599999883e-01
1.857000000000000000e+03 1.858000000000000000e+03 8.115876528400000067e-01 1.680580306000000190e-01
1.858000000000000000e+03 1.859000000000000000e+03 6.790186257400000480e-01 1.367411554149999819e-01
1.859000000000000000e+03 1.860000000000000000e+03 1.590210541400000066e+00 3.329965268199999717e-01
1.860000000000000000e+03 1.861000000000000000e+03 2.406537116699999590e+00 2.787037042499999617e-01
1.861000000000000000e+03 1.862000000000000000e+03 1.212393426890000070e+00 2.797986014099999585e-01
1.862000000000000000e+03 1.863000000000000000e+03 1.397334956100000136e+00 2.614770105399999989e-01
1.863000000000000000e+03 1.864000000000000000e+03 1.723864341999999938e+00 2.203811612400000119e-01
1.864000000000000000e+03 1.865000000000000000e+03 1.688468806099999941e+00 2.103071114500000005e-01
1.865000000000000000e+03 1.866000000000000000e+03 1.565793739000000073e+00 2.078894364500000203e-01
1.866000000000000000e+03 1.867000000000000000e+03 1.573587499599999884e+00 1.989314660200000029e-01
1.867000000000000000e+03 1.868000000000000000e+03 1.367286835520000077e+00 1.970015245000000248e-01
1.868000000000000000e+03 1.869000000000000000e+03 9.903555414300000415e-01 1.875244149799999982e-01
1.869000000000000000e+03 1.870000000000000000e+03 6.510819318699999636e-01 1.333833616529999933e-01
1.870000000000000000e+03 1.871000000000000000e+03 1.691427067699999842e+00 2.791995950499999712e-01
1.871000000000000000e+03 1.872000000000000000e+03 1.692759830600000015e+00 3.542755909399999958e-01
1.872000000000000000e+03 1.873000000000000000e+03 1.516277325599999948e+00 2.925484493599999625e-01
1.873000000000000000e+03 1.874000000000000000e+03 1.471446585800000095e+00 2.381450629000000097e-01
1.874000000000000000e+03 1.875000000000000000e+03 1.647723614000000003e+00 1.935669858600000126e-01
1.875000000000000000e+03 1.876000000000000000e+03 1.403146156200000050e+00 2.051505259899999989e-01
1.876000000000000000e+03 1.877000000000000000e+03 1.736199055399999969e+00 2.594196142500000413e-01
1.877000000000000000e+03 1.878000000000000000e+03 8.589422420199999131e-01 1.992260586900000130e-01
1.878000000000000000e+03 1.879000000000000000e+03 1.108300205900000002e+00 1.808016536300000032e-01
1.879000000000000000e+03 1.880000000000000000e+03 7.470489206100000557e-01 1.488082172380000012e-01
1.880000000000000000e+03 1.881000000000000000e+03 4.591878747700000041e-01 1.385701343480000014e-01
1.881000000000000000e+03 1.882000000000000000e+03 1.535908617800000098e+00 3.044798831000000150e-01
1.882000000000000000e+03 1.883000000000000000e+03 2.070724581699999955e+00 2.980398266899999538e-01
1.883000000000000000e+03 1.884000000000000000e+03 1.839041211000000065e+00 2.714408809800000211e-01
1.884000000000000000e+03 1.885000000000000000e+03 2.221951007699999980e+00 2.343094003099999989e-01
1.885000000000000000e+03 1.886000000000000000e+03 1.834559690400000109e+00 2.422699022600000029e-01
1.886000000000000000e+03 1.887000000000000000e+03 1.797460465199999913e+00 2.231857653400000085e-01
1.887000000000000000e+03 1.888000000000000000e+03 1.180596696969999915e+00 2.259756100499999976e-01
1.888000000000000000e+03 1.889000000000000000e+03 1.313726616099999855e+00 1.928559028700000122e-01
1.889000000000000000e+03 1.890000000000000000e+03 7.826063140899999215e-01 1.720017428099999968e-01
1.890000000000000000e+03 1.891000000000000000e+03 8.814133191199999828e-01 1.405369609139999754e-01
1.891000000000000000e+03 1.892000000000000000e+03 6.841667595799999502e-01 1.107830594299999971e-01
1.892000000000000000e+03 1.893000000000000000e+03 1.989919628600000046e+00 2.667799065299999994e-01
1.893000000000000000e+03 1.894000000000000000e+03 1.963918543899999980e+00 3.227137344800000140e-01
1.894000000000000000e+03 1.895000000000000000e+03 2.131162376699999861e+00 2.648434311799999774e-01
1.895000000000000000e+03 1.896000000000000000e+03 1.586655006599999806e+00 2.516839161500000199e-01
1.896000000000000000e+03 1.897000000000000000e+03 2.000708190100000117e+00 2.725502981699999827e-01
1.897000000000000000e+03 1.898000000000000000e+03 1.673464046600000144e+00 2.068785914999999864e-01
1.898000000000000000e+03 1.899000000000000000e+03 9.870747824700000228e-01 2.175870463500000074e-01
1.899000000000000000e+03 1.900000000000000000e+03 1.366991704559999965e+00 2.001572238600000109e-01
1.900000000000000000e+03 1.901000000000000000e+03 9.817323729400000420e-01 1.604559682100000217e-01
1.901000000000000000e+03 1.902000000000000000e+03 7.350660233700000434e-01 1.687940548440000077e-01
1.902000000000000000e+03 1.903000000000000000e+03 6.112680208099999790e-01 1.502085595330000245e-01
1.903000000000000000e+03 1.904000000000000000e+03 2.125329722600000082e+00 2.480941968600000047e-01
1.904000000000000000e+03 1.905000000000000000e+03 1.495788896800000156e+00 3.053036280199999952e-01
1.905000000000000000e+03 1.906000000000000000e+03 1.345562641599999942e+00 2.530795519600000376e-01
1.906000000000000000e+03 1.907000000000000000e+03 1.322496594100000200e+00 2.910336265899999830e-01
1.907000000000000000e+03 1.908000000000000000e+03 1.934944762999999845e+00 2.427532509599999999e-01
1.908000000000000000e+03 1.909000000000000000e+03 1.291580055360000090e+00 2.018386018500000212e-01
1.909000000000000000e+03 1.910000000000000000e+03 1.292601119460000003e+00 2.089349541099999874e-01
1.910000000000000000e+03 1.911000000000000000e+03 9.103401761400000680e-01 1.507081076789999752e-01
1.911000000000000000e+03 1.912000000000000000e+03 1.253314289329999998e+00 1.647575488699999924e-01
1.912000000000000000e+03 1.913000000000000000e+03 5.688672187900000177e-01 1.638659119449999979e-01
1.913000000000000000e+03 1.914000000000000000e+03 7.380882548199999560e-01 1.358248606589999852e-01
1.914000000000000000e+03 1.915000000000000000e+03 1.724395264200000000e+00 2.763453059100000053e-01
1.915000000000000000e+03 1.916000000000000000e+03 1.246317209799999937e+00 2.815571099299999935e-01
1.916000000000000000e+03 1.917000000000000000e+03 2.084613599999999956e+00 2.787419435400000367e-01
1.917000000000000000e+03 1.918000000000000000e+03 1.719929987800000060e+00 2.532636692799999922e-01
1.918000000000000000e+03 1.919000000000000000e+03 9.696714140900000167e-01 2.654766934600000239e-01
1.919000000000000000e+03 1.920000000000000000e+03 1.711363326099999860e+00 2.144098298200000086e-01
1.920000000000000000e+03 1.921000000000000000e+03 1.222953826769999974e+00 1.947579875300000096e-01
1.921000000000000000e+03 1.922000000000000000e+03 1.069075430619999878e+00 1.800635641599999948e-01
1.922000000000000000e+03 1.923000000000000000e+03 1.047470242179999955e+00 1.495221577989999939e-01
1.923000000000000000e+03 1.924000000000000000e+03 7.504674706799999706e-01 1.577771522099999935e-01
1.924000000000000000e+03 1.925000000000000000e+03 6.174982876799999243e-01 1.300530726119999980e-01
1.925000000000000000e+03 1.926000000000000000e+03 2.050395099300000190e+00 3.242139537400000049e-01
1.926000000000000000e+03 1.927000000000000000e+03 1.522677026699999825e+00 2.835138018200000221e-01
1.927000000000000000e+03 1.928000000000000000e+03 1.648385868799999932e+00 2.462972826200000021e-01
1.928000000000000000e+03 1.929000000000000000e+03 1.965670709400000105e+00 2.832212239899999928e-01
1.929000000000000000e+03 1.930000000000000000e+03 1.545461244199999973e+00 2.163961755299999845e-01
1.930000000000000000e+03 1.931000000000000000e+03 1.267649457100000099e+00 2.214812282699999968e-01
1.931000000000000000e+03 1.932000000000000000e+03 1.405388009199999955e+00 2.191877873099999929e-01
1.932000000000000000e+03 1.933000000000000000e+03 9.994689811600000473e-01 1.583951926400000154e-01
1.933000000000000000e+03 1.934000000000000000e+03 8.749798006100000247e-01 1.729398124500000078e-01
1.934000000000000000e+03 1.935000000000000000e+03 5.054754800399999803e-01 1.638181512820000019e-01
1.935000000000000000e+03 1.936000000000000000e+03 4.215722815300000370e-01 1.314293172140000021e-01
1.936000000000000000e+03 1.937000000000000000e+03 1.430309078699999903e+00 2.587932090900000315e-01
1.937000000000000000e+03 1.938000000000000000e+03 1.452515962800000171e+00 2.474187504300000007e-01
1.938000000000000000e+03 1.939000000000000000e+03 1.992561667699999983e+00 2.699420796800000022e-01
1.939000000000000000e+03 1.940000000000000000e+03 1.260553689500000019e+00 2.542991611100000049e-01
1.940000000000000000e+03 1.941000000000000000e+03 1.359242847340000004e+00 2.530449136400000354e-01
1.941000000000000000e+03 1.942000000000000000e+03 1.431359213999999991e+00 2.106557540199999745e-01
1.942000000000000000e+03 1.943000000000000000e+03 1.294551808700000084e+00 1.842632625199999985e-01
1.943000000000000000e+03 1.944000000000000000e+03 1.492234442500000036e+00 1.540444977800000115e-01
1.944000000000000000e+03 1.945000000000000000e+03 8.218427374900000304e-01 1.805632338000000003e-01
1.945000000000000000e+03 1.946000000000000000e+03 -3.222004055399999706e-02 1.517487397979999930e-01
1.946000000000000000e+03 1.947000000000000000e+03 5.984437756200000624e-01 1.202696295309999969e-01
1.947000000000000000e+03 1.948000000000000000e+03 1.411330161599999800e+00 2.798366978500000379e-01
1.948000000000000000e+03 1.949000000000000000e+03 1.728795679400000118e+00 2.391037013500000030e-01
1.949000000000000000e+03 1.950000000000000000e+03 1.438447467899999888e+00 2.480938077800000086e-01
1.950000000000000000e+03 1.951000000000000000e+03 1.576279218000000037e+00 2.115446718500000045e-01
1.951000000000000000e+03 1.952000000000000000e+03 1.383901582200000036e+00 2.194769918199999947e-01
1.952000000000000000e+03 1.953000000000000000e+03 1.219150356889999953e+00 2.245786750999999859e-01
1.953000000000000000e+03 1.954000000000000000e+03 1.394728122999999931e+00 1.996990594699999955e-01
1.954000000000000000e+03 1.955000000000000000e+03 1.133010344629999944e+00 1.803771100400000105e-01
1.955000000000000000e+03 1.956000000000000000e+03 8.474730600300000027e-01 1.853243363100000041e-01
1.956000000000000000e+03 1.957000000000000000e+03 8.182290166599999193e-01 1.353542734619999910e-01
1.957000000000000000e+03 1.958000000000000000e+03 5.957492236400000474e-01 1.069049499300000067e-01
1.958000000000000000e+03 1.959000000000000000e+03 1.368936897699999822e+00 2.742039010699999779e-01
1.959000000000000000e+03 1.960000000000000000e+03 2.028949055699999615e+00 3.192377688799999946e-01
1.960000000000000000e+03 1.961000000000000000e+03 1.697687725400000014e+00 2.632826518999999976e-01
1.961000000000000000e+03 1.962000000000000000e+03 1.464272715200000130e+00 2.250751021999999879e-01
1.962000000000000000e+03 1.963000000000000000e+03 1.473967543799999946e+00 2.223312826599999903e-01
1.963000000000000000e+03 1.964000000000000000e+03 1.278056819899999974e+00 2.175364609799999849e-01
1.964000000000000000e+03 1.965000000000000000e+03 1.232001658149999956e+00 1.889782024100000180e-01
1.965000000000000000e+03 1.966000000000000000e+03 1.202769975400000080e+00 1.733297300499999916e-01
1.966000000000000000e+03 1.967000000000000000e+03 1.106126062580000013e+00 1.453343811070000047e-01
1.967000000000000000e+03 1.968000000000000000e+03 7.398529755999999624e-01 1.568366189440000003e-01
1.968000000000000000e+03 1.969000000000000000e+03 5.145622394300000124e-01 1.120402962640000000e-01
1.969000000000000000e+03 1.970000000000000000e+03 2.015310735499999950e+00 2.461026968900000000e-01
1.970000000000000000e+03 1.971000000000000000e+03 1.441369410299999876e+00 3.021148863199999979e-01
1.971000000000000000e+03 1.972000000000000000e+03 1.454723023700000173e+00 2.653315998099999851e-01
1.972000000000000000e+03 1.973000000000000000e+03 1.776505605300000123e+00 2.194617254800000083e-01
1.973000000000000000e+03 1.974000000000000000e+03 1.437499497799999970e+00 2.137085488999999894e-01
1.974000000000000000e+03 1.975000000000000000e+03 1.216930972549999934e+00 2.042859654799999980e-01
1.975000000000000000e+03 1.976000000000000000e+03 5.188916550900000146e-01 2.128169453799999833e-01
1.976000000000000000e+03 1.977000000000000000e+03 9.864483446499999753e-01 1.677849107999999922e-01
1.977000000000000000e+03 1.978000000000000000e+03 7.511935835199999856e-01 1.707302666500000177e-01
1.978000000000000000e+03 1.979000000000000000e+03 8.471854171099999498e-01 8.698507163500000805e-02
1.979000000000000000e+03 1.980000000000000000e+03 5.711066458900000420e-01 7.710552541199999776e-02
1.980000000000000000e+03 1.981000000000000000e+03 1.543945486399999956e+00 2.899503597299999957e-01
1.981000000000000000e+03 1.982000000000000000e+03 1.465369565200000057e+00 2.741370438399999832e-01
1.982000000000000000e+03 1.983000000000000000e+03 1.311543656500000044e+00 2.519843670899999943e-01
1.983000000000000000e+03 1.984000000000000000e+03 1.387012516800000039e+00 1.978977647800000128e-01
1.984000000000000000e+03 1.985000000000000000e+03 1.604491416600000164e+00 1.994801172600000061e-01
1.985000000000000000e+03 1.986000000000000000e+03 1.606668264100000076e+00 1.748674456800000110e-01
1.986000000000000000e+03 1.987000000000000000e+03 1.152861942599999967e+00 1.874160723500000181e-01
1.987000000000000000e+03 1.988000000000000000e+03 1.189807118210000070e+00 1.681614883800000015e-01
1.988000000000000000e+03 1.989000000000000000e+03 7.313928297599999739e-01 1.467172899290000165e-01
1.989000000000000000e+03 1.990000000000000000e+03 7.601319125400000098e-01 1.566327019940000065e-01
1.990000000000000000e+03 1.991000000000000000e+03 3.341511062699999979e-01 1.162332384649999995e-01
1.991000000000000000e+03 1.992000000000000000e+03 1.263799364800000102e+00 2.441667893499999964e-01
1.992000000000000000e+03 1.993000000000000000e+03 1.124642515799999964e+00 2.549862938599999906e-01
1.993000000000000000e+03 1.994000000000000000e+03 1.616743196100000057e+00 2.909822914700000429e-01
1.994000000000000000e+03 1.995000000000000000e+03 1.551533291100000156e+00 2.181883198399999779e-01
1.995000000000000000e+03 1.996000000000000000e+03 1.070361348330000073e+00 2.101517518199999823e-01
1.996000000000000000e+03 1.997000000000000000e+03 1.128490230859999999e+00 1.905115658500000086e-01
1.997000000000000000e+03 1.998000000000000000e+03 1.120029893319999914e+00 1.772433885499999917e-01
1.998000000000000000e+03 1.999000000000000000e+03 9.989956423500000460e-01 1.648121961299999771e-01
1.999000000000000000e+03 2.000000000000000000e+03 9.300489660599999819e-01 1.577693454249999849e-01
2.000000000000000000e+03 2.001000000000000000e+03 4.642679166800000035e-01 1.391738086949999842e-01
2.001000000000000000e+03 2.002000000000000000e+03 5.964358699199999725e-01 1.330065899370000138e-01
2.002000000000000000e+03 2.003000000000000000e+03 1.813778267500000041e+00 2.706547872500000285e-01
2.003000000000000000e+03 2.004000000000000000e+03 1.383104885899999914e+00 2.460329351899999961e-01
2.004000000000000000e+03 2.005000000000000000e+03 1.467171109500000181e+00 2.497058192299999868e-01
2.005000000000000000e+03 2.006000000000000000e+03 1.740629992899999978e+00 2.041439756600000044e-01
2.006000000000000000e+03 2.007000000000000000e+03 1.267470051700000155e+00 2.067801763200000087e-01
2.007000000000000000e+03 2.008000000000000000e+03 1.294962639089999978e+00 1.905545748999999955e-01
2.008000000000000000e+03 2.009000000000000000e+03 1.046977952829999836e+00 1.849576534000000050e-01
2.009000000000000000e+03 2.010000000000000000e+03 1.015887701330000059e+00 1.618530577900000045e-01
2.010000000000000000e+03 2.011000000000000000e+03 6.598273932799999519e-01 1.492580643739999935e-01
2.011000000000000000e+03 2.012000000000000000e+03 6.196790925499999769e-01 1.284122109549999946e-01
2.012000000000000000e+03 2.013000000000000000e+03 3.366755722199999967e-01 1.048332419469999999e-01
2.013000000000000000e+03 2.014000000000000000e+03 1.683062188699999906e+00 2.389400788399999864e-01
2.014000000000000000e+03 2.015000000000000000e+03 1.330983656399999937e+00 2.280736379299999894e-01
2.015000000000000000e+03 2.016000000000000000e+03 1.536625681000000077e+00 1.980078180400000054e-01
2.016000000000000000e+03 2.017000000000000000e+03 1.256078990669999840e+00 2.325421325500000025e-01
2.017000000000000000e+03 2.018000000000000000e+03 1.494327208799999918e+00 2.199519111999999887e-01
2.018000000000000000e+03 2.019000000000000000e+03 1.304626572410000129e+00 1.747582991600000191e-01
2.019000000000000000e+03 2.020000000000000000e+03 1.059699497420000025e+00 1.839151331299999914e-01
2.020000000000000000e+03 2.021000000000000000e+03 8.484304289300000912e-01 1.756840282300000111e-01
2.021000000000000000e+03 2.022000000000000000e+03 7.875697414900000304e-01 1.710043965199999905e-01
2.022000000000000000e+03 2.023000000000000000e+03 5.334360920200000855e-01 1.384854383609999962e-01
2.023000000000000000e+03 2.024000000000000000e+03 6.969193907299999768e-01 1.180615249109999987e-01
2.024000000000000000e+03 2.025000000000000000e+03 1.815605051799999980e+00 6.547861104200000670e-02
2.025000000000000000e+03 2.026000000000000000e+03 1.759823636500000177e+00 7.016793884800000269e-02
2.026000000000000000e+03 2.027000000000000000e+03 1.417007380900000113e+00 2.097676301299999935e-01
2.027000000000000000e+03 2.028000000000000000e+03 4.194837755099999899e-01 4.242849099200000224e-02
2.028000000000000000e+03 2.029000000000000000e+03 1.405828338100000074e+00 6.996458202300000206e-02
2.029000000000000000e+03 2.030000000000000000e+03 1.174368386119999830e+00 9.109513426900001098e-02
2.030000000000000000e+03 2.031000000000000000e+03 7.151590002000000057e-01 1.364101689240000137e-01
2.031000000000000000e+03 2.032000000000000000e+03 7.910697634200000161e-01 1.175941206340000017e-01
2.032000000000000000e+03 2.033000000000000000e+03 9.941785270899999860e-01 4.361930500800000055e-02
2.033000000000000000e+03 2.034000000000000000e+03 8.873775030899999638e-01 4.033199287700000440e-02
2.034000000000000000e+03 2.035000000000000000e+03 4.510312616399999586e-01 9.869058951800001311e-02
2.035000000000000000e+03 2.036000000000000000e+03 1.863659769299999880e+00 6.540169833299999680e-02
2.036000000000000000e+03 2.037000000000000000e+03 1.832281665600000053e+00 6.559368850900000603e-02
2.037000000000000000e+03 2.038000000000000000e+03 1.733306101699999990e+00 5.777789398699999940e-02
2.038000000000000000e+03 2.039000000000000000e+03 1.615660089200000149e+00 6.508629528600000380e-02
2.039000000000000000e+03 2.040000000000000000e+03 1.272566232800000030e+00 1.333482910789999809e-01
2.040000000000000000e+03 2.041000000000000000e+03 1.262381799989999998e+00 6.651507925100000329e-02
2.041000000000000000e+03 2.042000000000000000e+03 6.634938103500001016e-01 1.494427783199999971e-01
2.042000000000000000e+03 2.043000000000000000e+03 7.626846017899999719e-01 1.459703120200000204e-01
2.043000000000000000e+03 2.044000000000000000e+03 9.352486365100000087e-01 4.544623130899999586e-02
2.044000000000000000e+03 2.045000000000000000e+03 6.033741330799999858e-01 8.456242208200000221e-02
2.045000000000000000e+03 2.046000000000000000e+03 6.718891976999999960e-01 3.156601595499999857e-02
2.046000000000000000e+03 2.047000000000000000e+03 1.730344608999999867e+00 2.216981586200000021e-01
2.047000000000000000e+03 2.048000000000000000e+03 1.414847338499999996e+00 2.252701969800000037e-01
2.048000000000000000e+03 2.049000000000000000e+03 1.330587974099999959e+00 2.162977195499999894e-01
2.049000000000000000e+03 2.050000000000000000e+03 1.294463940039999983e+00 1.137620929870000047e-01
2.050000000000000000e+03 2.051000000000000000e+03 1.099459885030000139e+00 1.489568380399999836e-01
2.051000000000000000e+03 2.052000000000000000e+03 8.538749494999999801e-01 1.707664890800000002e-01
2.052000000000000000e+03 2.053000000000000000e+03 1.318938048350000170e+00 1.489111643700000154e-01
2.053000000000000000e+03 2.054000000000000000e+03 8.092565066500000404e-01 1.525140574219999989e-01
2.054000000000000000e+03 2.055000000000000000e+03 9.549014195199999611e-01 3.899841146300000311e-02
2.055000000000000000e+03 2.056000000000000000e+03 4.961856808900000360e-01 7.077818308599999331e-02
2.056000000000000000e+03 2.057000000000000000e+03 6.873658431099999300e-01 3.054830054400000175e-02
2.057000000000000000e+03 2.058000000000000000e+03 1.776471980299999975e+00 6.524882216800000079e-02
2.058000000000000000e+03 2.059000000000000000e+03 1.917720477100000043e+00 5.962468697099999881e-02
2.059000000000000000e+03 2.060000000000000000e+03 1.745406116200000080e+00 5.614557552700000231e-02
2.060000000000000000e+03 2.061000000000000000e+03 1.482755427699999906e+00 9.921069030400000988e-02
2.061000000000000000e+03 2.062000000000000000e+03 1.334020916799999901e+00 4.769278999500000532e-02
2.062000000000000000e+03 2.063000000000000000e+03 1.302244393870000128e+00 1.706058625400000139e-01
2.063000000000000000e+03 2.064000000000000000e+03 1.121978846289999998e+00 4.404343606700000108e-02
2.064000000000000000e+03 2.065000000000000000e+03 1.064739335420000099e+00 4.131135682099999762e-02
2.065000000000000000e+03 2.066000000000000000e+03 6.599481420699999656e-01 3.031238335499999992e-02
2.066000000000000000e+03 2.067000000000000000e+03 8.372491337199999828e-01 3.588139104699999971e-02
2.067000000000000000e+03 2.068000000000000000e+03 6.918623530799999921e-01 3.034125571899999943e-02
2.068000000000000000e+03 2.069000000000000000e+03 1.678836918300000036e+00 6.214588065499999925e-02
2.069000000000000000e+03 2.070000000000000000e+03 1.680466419600000094e+00 5.785043669599999883e-02
2.070000000000000000e+03 2.071000000000000000e+03 1.592653939699999910e+00 6.793204134099999070e-02
2.071000000000000000e+03 2.072000000000000000e+03 1.661946214099999874e+00 5.578147408999999807e-02
2.072000000000000000e+03 2.073000000000000000e+03 1.573537964300000036e+00 5.869286097399999819e-02
2.073000000000000000e+03 2.074000000000000000e+03 1.386387310900000003e+00 4.528537926199999869e-02
2.074000000000000000e+03 2.075000000000000000e+03 1.345618109579999944e+00 4.269499302600000129e-02
2.075000000000000000e+03 2.076000000000000000e+03 1.061959036299999992e+00 4.408121976200000264e-02
2.076000000000000000e+03 2.077000000000000000e+03 9.743526625199999680e-01 3.812416794399999670e-02
2.077000000000000000e+03 2.078000000000000000e+03 8.279042982499998926e-01 3.302345362600000306e-02
2.078000000000000000e+03 2.079000000000000000e+03 6.283904928600000384e-01 4.020214577299999897e-02
2.079000000000000000e+03 2.080000000000000000e+03 1.725270414099999927e+00 6.141395779000000110e-02
2.080000000000000000e+03 2.081000000000000000e+03 1.729534767599999912e+00 5.945594498300000447e-02
2.081000000000000000e+03 2.082000000000000000e+03 1.631068179799999962e+00 5.760216874400000270e-02
2.082000000000000000e+03 2.083000000000000000e+03 1.533037052400000100e+00 5.131408878799999934e-02
2.083000000000000000e+03 2.084000000000000000e+03 1.487418929999999806e+00 4.724632940699999978e-02
2.084000000000000000e+03 2.085000000000000000e+03 1.351501852309999974e+00 4.431638038900000132e-02
2.085000000000000000e+03 2.086000000000000000e+03 5.552293906499999876e-01 2.724083206199999843e-02
2.086000000000000000e+03 2.087000000000000000e+03 8.623915620400000037e-01 1.117327918340000059e-01
2.087000000000000000e+03 2.088000000000000000e+03 6.397957865500000230e-01 8.667609293399999859e-02
2.088000000000000000e+03 2.089000000000000000e+03 8.058629973099999955e-01 3.158455759599999857e-02
2.089000000000000000e+03 2.090000000000000000e+03 6.147137088999999888e-01 2.787433544899999699e-02
2.090000000000000000e+03 2.091000000000000000e+03 1.709373219399999977e+00 6.019045535200000241e-02
2.091000000000000000e+03 2.092000000000000000e+03 1.498733756000000028e+00 7.944289966100000211e-02
2.092000000000000000e+03 2.093000000000000000e+03 1.640094870800000049e+00 5.381551005800000453e-02
2.093000000000000000e+03 2.094000000000000000e+03 1.562159824000000086e+00 5.179203334199999897e-02
2.094000000000000000e+03 2.095000000000000000e+03 1.486847008399999837e+00 4.508865210800000467e-02
2.095000000000000000e+03 2.096000000000000000e+03 1.388609837890000032e+00 4.379886299400000127e-02
2.096000000000000000e+03 2.097000000000000000e+03 1.270974835120000090e+00 4.147397652100000276e-02
2.097000000000000000e+03 2.098000000000000000e+03 1.121209277399999982e+00 3.704275564099999973e-02
2.098000000000000000e+03 2.099000000000000000e+03 9.508642226699999256e-01 3.438580431499999729e-02
2.099000000000000000e+03 2.100000000000000000e+03 7.306071619899999758e-01 3.064892002600000040e-02
2.100000000000000000e+03 2.101000000000000000e+03 6.061831349099999766e-01 2.818605020099999858e-02
2.101000000000000000e+03 2.102000000000000000e+03 1.541889825699999994e+00 1.022518519510000057e-01
2.102000000000000000e+03 2.103000000000000000e+03 1.622899081499999951e+00 5.696218650000000466e-02
2.103000000000000000e+03 2.104000000000000000e+03 1.575840938999999885e+00 5.228919297199999955e-02
2.104000000000000000e+03 2.105000000000000000e+03 1.471400402300000021e+00 4.792738468399999896e-02
2.105000000000000000e+03 2.106000000000000000e+03 1.479154846599999962e+00 4.591430137400000222e-02
2.106000000000000000e+03 2.107000000000000000e+03 1.362933317280000001e+00 4.133003609300000408e-02
2.107000000000000000e+03 2.108000000000000000e+03 1.261686245189999944e+00 3.935366267800000095e-02
2.108000000000000000e+03 2.109000000000000000e+03 1.044235747460000141e+00 3.959204655000000267e-02
2.109000000000000000e+03 2.110000000000000000e+03 8.745714705700000646e-01 4.780339956000000112e-02
2.110000000000000000e+03 2.111000000000000000e+03 7.866402419699999315e-01 3.072252846600000142e-02
2.111000000000000000e+03 2.112000000000000000e+03 6.632869609999999527e-01 2.828890117300000145e-02
2.112000000000000000e+03 2.113000000000000000e+03 1.539217857699999970e+00 2.181526252400000088e-01
2.113000000000000000e+03 2.114000000000000000e+03 1.574288167199999977e+00 5.577976880300000023e-02
2.114000000000000000e+03 2.115000000000000000e+03 1.514212587800000120e+00 5.111300039200000062e-02
2.115000000000000000e+03 2.116000000000000000e+03 1.506756401999999939e+00 4.801847710300000127e-02
2.116000000000000000e+03 2.117000000000000000e+03 1.437107932800000043e+00 4.389279327799999741e-02
2.117000000000000000e+03 2.118000000000000000e+03 1.347619069520000101e+00 4.306191152299999880e-02
2.118000000000000000e+03 2.119000000000000000e+03 1.176438294070000001e+00 3.729632059700000585e-02
2.119000000000000000e+03 2.120000000000000000e+03 9.819913082200000254e-01 6.493112965700000017e-02
2.120000000000000000e+03 2.121000000000000000e+03 7.358837837799999670e-01 1.220920558370000020e-01
2.121000000000000000e+03 2.122000000000000000e+03 7.483997408199999368e-01 6.014931743599999381e-02
2.122000000000000000e+03 2.123000000000000000e+03 5.940047641899999231e-01 2.799973268300000317e-02
2.123000000000000000e+03 2.124000000000000000e+03 1.623525726800000069e+00 5.856232302600000023e-02
2.124000000000000000e+03 2.125000000000000000e+03 1.645790737600000053e+00 6.220954499700000195e-02
2.125000000000000000e+03 2.126000000000000000e+03 1.555440770099999925e+00 5.107984272899999956e-02
2.126000000000000000e+03 2.127000000000000000e+03 1.500693149800000015e+00 4.880454079200000073e-02
2.127000000000000000e+03 2.128000000000000000e+03 1.255479333329999836e+00 7.394862711699999591e-02
2.128000000000000000e+03 2.129000000000000000e+03 1.287052780600000057e+00 3.970539877899999931e-02
2.129000000000000000e+03 2.130000000000000000e+03 1.180937471879999867e+00 4.890595146900000162e-02
2.130000000000000000e+03 2.131000000000000000e+03 1.071598027380000095e+00 3.473156195100000204e-02
2.131000000000000000e+03 2.132000000000000000e+03 7.777715506400000312e-01 1.020963118060000119e-01
2.132000000000000000e+03 2.133000000000000000e+03 7.353883815999999740e-01 2.938261510100000085e-02
2.133000000000000000e+03 2.134000000000000000e+03 6.029669217899999989e-01 2.788239051999999787e-02
2.134000000000000000e+03 2.135000000000000000e+03 1.667084180500000068e+00 5.797919643800000106e-02
2.135000000000000000e+03 2.136000000000000000e+03 1.570722936699999961e+00 6.811005480399999479e-02
2.136000000000000000e+03 2.137000000000000000e+03 1.213203858600000018e+00 1.856574843300000111e-01
2.137000000000000000e+03 2.138000000000000000e+03 1.532069412200000036e+00 5.156081939199999575e-02
2.138000000000000000e+03 2.139000000000000000e+03 1.355513947379999973e+00 4.994486935700000185e-02
2.139000000000000000e+03 2.140000000000000000e+03 1.284860372369999837e+00 4.142982734100000147e-02
2.140000000000000000e+03 2.141000000000000000e+03 1.218402003389999821e+00 3.557158531000000068e-02
2.141000000000000000e+03 2.142000000000000000e+03 1.074458491999999987e+00 3.392661881799999973e-02
2.142000000000000000e+03 2.143000000000000000e+03 8.910756983500000006e-01 3.157581618199999801e-02
2.143000000000000000e+03 2.144000000000000000e+03 7.556805273200000173e-01 2.943192278200000220e-02
2.144000000000000000e+03 2.145000000000000000e+03 5.794279909199999690e-01 2.607805317999999789e-02
2.145000000000000000e+03 2.146000000000000000e+03 1.529272452600000110e+00 5.557195144499999656e-02
2.146000000000000000e+03 2.147000000000000000e+03 1.637717266999999977e+00 5.448834855799999932e-02
2.147000000000000000e+03 2.148000000000000000e+03 1.504080629199999963e+00 4.898623441299999881e-02
2.148000000000000000e+03 2.149000000000000000e+03 1.511794434700000078e+00 4.700061885699999970e-02
2.149000000000000000e+03 2.150000000000000000e+03 1.370994107100000026e+00 7.637801522899999307e-02
2.150000000000000000e+03 2.151000000000000000e+03 1.264259956429999887e+00 3.975934512899999967e-02
2.151000000000000000e+03 2.152000000000000000e+03 1.151190674730000030e+00 3.909300216199999845e-02
2.152000000000000000e+03 2.153000000000000000e+03 1.035565448310000081e+00 3.606131522399999567e-02
2.153000000000000000e+03 2.154000000000000000e+03 9.054012847599999247e-01 3.130325802100000082e-02
2.154000000000000000e+03 2.155000000000000000e+03 7.513479366100001000e-01 2.925568513200000123e-02
2.155000000000000000e+03 2.156000000000000000e+03 3.546806735699999935e-01 8.029732354299999597e-02
2.156000000000000000e+03 2.157000000000000000e+03 1.565609146399999929e+00 5.655026226099999637e-02
2.157000000000000000e+03 2.158000000000000000e+03 1.612012730000000005e+00 5.304993637100000048e-02
2.158000000000000000e+03 2.159000000000000000e+03 1.438928181400000117e+00 5.162173823200000289e-02
2.159000000000000000e+03 2.160000000000000000e+03 1.516867085500000156e+00 4.572305026500000230e-02
2.160000000000000000e+03 2.161000000000000000e+03 1.343091205169999913e+00 8.107225893699999963e-02
2.161000000000000000e+03 2.162000000000000000e+03 1.238392127700000067e+00 4.037864204100000132e-02
2.162000000000000000e+03 2.163000000000000000e+03 1.153117774279999841e+00 3.463830336400000598e-02
2.163000000000000000e+03 2.164000000000000000e+03 1.011004372449999966e+00 4.747308253199999939e-02
2.164000000000000000e+03 2.165000000000000000e+03 9.163039739300000708e-01 3.304042267599999888e-02
2.165000000000000000e+03 2.166000000000000000e+03 7.265645089100000176e-01 2.850414620500000065e-02
2.166000000000000000e+03 2.167000000000000000e+03 5.608571004500000345e-01 2.537926197700000192e-02
2.167000000000000000e+03 2.168000000000000000e+03 1.507558201499999972e+00 5.458437663400000223e-02
2.168000000000000000e+03 2.169000000000000000e+03 1.499020963200000001e+00 5.157166636700000195e-02
2.169000000000000000e+03 2.170000000000000000e+03 1.468436070099999879e+00 4.917475889600000233e-02
2.170000000000000000e+03 2.171000000000000000e+03 1.397013631499999908e+00 4.579571698999999885e-02
2.171000000000000000e+03 2.172000000000000000e+03 1.272317723920000088e+00 5.437457917800000290e-02
2.172000000000000000e+03 2.173000000000000000e+03 1.191852965680000098e+00 3.737736045900000303e-02
2.173000000000000000e+03 2.174000000000000000e+03 1.123747901390000026e+00 3.476378100199999793e-02
2.174000000000000000e+03 2.175000000000000000e+03 9.828491320500000183e-01 3.269237142699999571e-02
2.175000000000000000e+03 2.176000000000000000e+03 8.965186672600000684e-01 3.029710009300000048e-02
2.176000000000000000e+03 2.177000000000000000e+03 7.062669490199999789e-01 2.750355078200000108e-02
2.177000000000000000e+03 2.178000000000000000e+03 5.845705987800000614e-01 2.562719491400000313e-02
2.178000000000000000e+03 2.179000000000000000e+03 1.517758350700000092e+00 7.084709283199999708e-02
2.179000000000000000e+03 2.180000000000000000e+03 1.398829324400000074e+00 6.433086241600000088e-02
2.180000000000000000e+03 2.181000000000000000e+03 1.472582479800000010e+00 4.852781411600000372e-02
2.181000000000000000e+03 2.182000000000000000e+03 1.346679273999999982e+00 4.929922447700000460e-02
2.182000000000000000e+03 2.183000000000000000e+03 1.276793748020000008e+00 4.309699709900000064e-02
2.183000000000000000e+03 2.184000000000000000e+03 1.229334965749999897e+00 7.300516681799999741e-02
2.184000000000000000e+03 2.185000000000000000e+03 9.118062869899999923e-01 9.313651731800000333e-02
2.185000000000000000e+03 2.186000000000000000e+03 9.602791098999999830e-01 3.159427699200000050e-02
2.186000000000000000e+03 2.187000000000000000e+03 7.049689691899999611e-01 4.399702522400000121e-02
2.187000000000000000e+03 2.188000000000000000e+03 7.244257804499999454e-01 3.694961532399999860e-02
2.188000000000000000e+03 2.189000000000000000e+03 5.761613717400000390e-01 2.532092257499999818e-02
2.189000000000000000e+03 2.190000000000000000e+03 1.418250180499999846e+00 5.341152403100000307e-02
2.190000000000000000e+03 2.191000000000000000e+03 1.409647608100000005e+00 5.110069613399999960e-02
2.191000000000000000e+03 2.192000000000000000e+03 1.373222323500000064e+00 4.731324609800000025e-02
2.192000000000000000e+03 2.193000000000000000e+03 1.148106979229999824e+00 6.460695463599999688e-02
2.193000000000000000e+03 2.194000000000000000e+03 1.270658161090000071e+00 4.336024733100000278e-02
2.194000000000000000e+03 2.195000000000000000e+03 1.273068768250000149e+00 3.572421598699999923e-02
2.195000000000000000e+03 2.196000000000000000e+03 1.082334979490000126e+00 3.304390023099999796e-02
2.196000000000000000e+03 2.197000000000000000e+03 9.374359825199999330e-01 4.185921282100000390e-02
2.197000000000000000e+03 2.198000000000000000e+03 8.006362824700000713e-01 2.925442941600000027e-02
2.198000000000000000e+03 2.199000000000000000e+03 6.840066592100000342e-01 2.751916650199999828e-02
2.199000000000000000e+03 2.200000000000000000e+03 5.464320183199999903e-01 2.477340202500000199e-02
2.200000000000000000e+03 2.201000000000000000e+03 1.489899944200000048e+00 5.447512956900000397e-02
2.201000000000000000e+03 2.202000000000000000e+03 1.364209604600000070e+00 6.506103936599999527e-02
2.202000000000000000e+03 2.203000000000000000e+03 1.430261377799999956e+00 4.721261370400000462e-02
2.203000000000000000e+03 2.204000000000000000e+03 1.306699978299999954e+00 4.327100211499999849e-02
2.204000000000000000e+03 2.205000000000000000e+03 1.303477434820000003e+00 3.969592864599999493e-02
2.205000000000000000e+03 2.206000000000000000e+03 1.150207356179999918e+00 3.560820183999999916e-02
2.206000000000000000e+03 2.207000000000000000e+03 1.008035528039999962e+00 1.004838527960000005e-01
2.207000000000000000e+03 2.208000000000000000e+03 8.818274145100000183e-01 3.070919816199999680e-02
2.208000000000000000e+03 2.209000000000000000e+03 7.604820187299999867e-01 2.946204414099999960e-02
2.209000000000000000e+03 2.210000000000000000e+03 6.394861094499999510e-01 2.579663286300000122e-02
2.210000000000000000e+03 2.211000000000000000e+03 5.504557504399999468e-01 2.384789319199999771e-02
2.211000000000000000e+03 2.212000000000000000e+03 9.802580335599999639e-01 4.330936923599999766e-02
2.212000000000000000e+03 2.213000000000000000e+03 1.366303668400000060e+00 4.931168653899999782e-02
2.213000000000000000e+03 2.214000000000000000e+03 2.172137280800000014e-01 1.736206632300000066e-02
2.214000000000000000e+03 2.215000000000000000e+03 1.389056910300000114e+00 4.372644773400000129e-02
2.215000000000000000e+03 2.216000000000000000e+03 1.272943331090000019e+00 3.975734234500000186e-02
2.216000000000000000e+03 2.217000000000000000e+03 9.066028537600000492e-01 1.469197509200000085e-01
2.217000000000000000e+03 2.218000000000000000e+03 1.034099772960000108e+00 3.222345839300000403e-02
2.218000000000000000e+03 2.219000000000000000e+03 9.693715418399999617e-01 3.111320470399999913e-02
2.219000000000000000e+03 2.220000000000000000e+03 7.904635374499999756e-01 2.755482672399999985e-02
2.220000000000000000e+03 2.221000000000000000e+03 6.907550278099999774e-01 2.689359154200000185e-02
2.221000000000000000e+03 2.222000000000000000e+03 5.097913773100000157e-01 2.373526949300000174e-02
2.222000000000000000e+03 2.223000000000000000e+03 1.449801420700000065e+00 5.418161213500000128e-02
2.223000000000000000e+03 2.224000000000000000e+03 1.364925480099999922e+00 4.895769172699999949e-02
2.224000000000000000e+03 2.225000000000000000e+03 1.352758119600000031e+00 4.586115871899999752e-02
2.225000000000000000e+03 2.226000000000000000e+03 1.294337917070000010e+00 4.320621342400000203e-02
2.226000000000000000e+03 2.227000000000000000e+03 1.193241062150000031e+00 3.900757107600000273e-02
2.227000000000000000e+03 2.228000000000000000e+03 8.615785613999999981e-01 1.384294874530000163e-01
2.228000000000000000e+03 2.229000000000000000e+03 1.055291806070000060e+00 3.316764650299999784e-02
2.229000000000000000e+03 2.230000000000000000e+03 8.955626447900000286e-01 2.948699593300000213e-02
2.230000000000000000e+03 2.231000000000000000e+03 8.126891526199999660e-01 2.872326081399999981e-02
2.231000000000000000e+03 2.232000000000000000e+03 6.337590286800000028e-01 2.608739143700000013e-02
2.232000000000000000e+03 2.233000000000000000e+03 5.039338650100000372e-01 2.345697019700000024e-02
2.233000000000000000e+03 2.234000000000000000e+03 1.397968340799999876e+00 5.201314179399999654e-02
2.234000000000000000e+03 2.235000000000000000e+03 1.232129851150000066e+00 6.117140349900000024e-02
2.235000000000000000e+03 2.236000000000000000e+03 1.299645101199999875e+00 4.549376301200000472e-02
2.236000000000000000e+03 2.237000000000000000e+03 1.330179403700000096e+00 4.213249261399999723e-02
2.237000000000000000e+03 2.238000000000000000e+03 9.076090189300000111e-01 1.275374444370000193e-01
2.238000000000000000e+03 2.239000000000000000e+03 1.146243366620000037e+00 3.449870018399999599e-02
2.239000000000000000e+03 2.240000000000000000e+03 1.000088556239999926e+00 3.278450404400000406e-02
2.240000000000000000e+03 2.241000000000000000e+03 8.267559824100000343e-01 2.936993386799999911e-02
2.241000000000000000e+03 2.242000000000000000e+03 7.570929420799999976e-01 2.813931980900000185e-02
2.242000000000000000e+03 2.243000000000000000e+03 6.606855813599999960e-01 2.617955246200000252e-02
2.243000000000000000e+03 2.244000000000000000e+03 4.747430481700000149e-01 2.369441184600000125e-02
2.244000000000000000e+03 2.245000000000000000e+03 1.309280185900000060e+00 5.154863826100000018e-02
2.245000000000000000e+03 2.246000000000000000e+03 1.409317900400000045e+00 4.942508327100000182e-02
2.246000000000000000e+03 2.247000000000000000e+03 1.363206286299999848e+00 4.537239897900000041e-02
2.247000000000000000e+03 2.248000000000000000e+03 1.267238606739999884e+00 4.189210534600000535e-02
2.248000000000000000e+03 2.249000000000000000e+03 1.170187587520000072e+00 3.770748944200000285e-02
2.249000000000000000e+03 2.250000000000000000e+03 1.104852412249999860e+00 3.386134221999999999e-02
2.250000000000000000e+03 2.251000000000000000e+03 9.695952225099999655e-01 3.120322929100000087e-02
2.251000000000000000e+03 2.252000000000000000e+03 8.956238011199999516e-01 2.978554020400000016e-02
2.252000000000000000e+03 2.253000000000000000e+03 7.506983069399999486e-01 2.829006011899999964e-02
2.253000000000000000e+03 2.254000000000000000e+03 6.161528623099999935e-01 2.546310395599999873e-02
2.254000000000000000e+03 2.255000000000000000e+03 5.146813746100000753e-01 2.395936843700000041e-02
2.255000000000000000e+03 2.256000000000000000e+03 1.375665838199999991e+00 5.117489648999999641e-02
2.256000000000000000e+03 2.257000000000000000e+03 1.262040163649999824e+00 5.217502874300000010e-02
2.257000000000000000e+03 2.258000000000000000e+03 1.280403757670000031e+00 4.438072436700000317e-02
2.258000000000000000e+03 2.259000000000000000e+03 1.183713104870000032e+00 4.090005654500000060e-02
2.259000000000000000e+03 2.260000000000000000e+03 1.181844676200000110e+00 3.743816420100000431e-02
2.260000000000000000e+03 2.261000000000000000e+03 1.096686589940000012e+00 3.936959524800000276e-02
2.261000000000000000e+03 2.262000000000000000e+03 9.574994213799999931e-01 3.078205049399999893e-02
2.262000000000000000e+03 2.263000000000000000e+03 8.537557737600000030e-01 2.845625654600000137e-02
2.263000000000000000e+03 2.264000000000000000e+03 6.070949295999999995e-01 6.394982641400000223e-02
2.264000000000000000e+03 2.265000000000000000e+03 5.066887656299999820e-01 2.298884556300000159e-02
2.265000000000000000e+03 2.266000000000000000e+03 4.632998592099999979e-01 2.287954413600000111e-02
2.266000000000000000e+03 2.267000000000000000e+03 1.341955083300000018e+00 5.191415463599999974e-02
2.267000000000000000e+03 2.268000000000000000e+03 1.372364022700000019e+00 4.737032140200000269e-02
2.268000000000000000e+03 2.269000000000000000e+03 1.228567029009999922e+00 4.411019999600000047e-02
2.269000000000000000e+03 2.270000000000000000e+03 1.208594807000000104e+00 4.120750819900000084e-02
2.270000000000000000e+03 2.271000000000000000e+03 1.173333958700000013e+00 3.706554715999999666e-02
2.271000000000000000e+03 2.272000000000000000e+03 1.083812573529999934e+00 3.367461405799999918e-02
2.272000000000000000e+03 2.273000000000000000e+03 9.989238072300000715e-01 3.048438206999999969e-02
2.273000000000000000e+03 2.274000000000000000e+03 8.347881417799999371e-01 2.955480364700000320e-02
2.274000000000000000e+03 2.275000000000000000e+03 7.143915809499999936e-01 2.976286276500000189e-02
2.275000000000000000e+03 2.276000000000000000e+03 5.538839702400000231e-01 2.380003116899999729e-02
2.276000000000000000e+03 2.277000000000000000e+03 4.716475041500000076e-01 2.266728673899999838e-02
2.277000000000000000e+03 2.278000000000000000e+03 1.165973666159999977e+00 4.834062656099999411e-02
2.278000000000000000e+03 2.279000000000000000e+03 1.286689800600000044e+00 4.683216178199999663e-02
2.279000000000000000e+03 2.280000000000000000e+03 1.194727322739999931e+00 4.448038813200000385e-02
2.280000000000000000e+03 2.281000000000000000e+03 1.120449506409999962e+00 4.706781025299999754e-02
2.281000000000000000e+03 2.282000000000000000e+03 1.221987604379999981e+00 3.801835817000000228e-02
2.282000000000000000e+03 2.283000000000000000e+03 1.042590739840000058e+00 3.403551542700000015e-02
2.283000000000000000e+03 2.284000000000000000e+03 1.005354492259999954e+00 2.963440799000000014e-02
2.284000000000000000e+03 2.285000000000000000e+03 8.061300744499999560e-01 2.996470551300000132e-02
2.285000000000000000e+03 2.286000000000000000e+03 7.077435195299999204e-01 2.589007780500000161e-02
2.286000000000000000e+03 2.287000000000000000e+03 5.813594827200000426e-01 2.530386074500000013e-02
2.287000000000000000e+03 2.288000000000000000e+03 4.768468752399999677e-01 2.189123984200000081e-02
2.288000000000000000e+03 2.289000000000000000e+03 1.252804635920000020e+00 5.028646116800000038e-02
2.289000000000000000e+03 2.290000000000000000e+03 1.282556936900000055e+00 4.938234623400000051e-02
2.290000000000000000e+03 2.291000000000000000e+03 1.166527764639999853e+00 4.354562338899999746e-02
2.291000000000000000e+03 2.292000000000000000e+03 1.165524340980000018e+00 4.013468200599999702e-02
2.292000000000000000e+03 2.293000000000000000e+03 1.080253220479999943e+00 3.616745897000000348e-02
2.293000000000000000e+03 2.294000000000000000e+03 1.046179581359999888e+00 3.278038239600000042e-02
2.294000000000000000e+03 2.295000000000000000e+03 9.848982196500000175e-01 3.382328406000000010e-02
2.295000000000000000e+03 2.296000000000000000e+03 8.355537651000000121e-01 3.402218832900000267e-02
2.296000000000000000e+03 2.297000000000000000e+03 7.121609855000000655e-01 2.674396703400000117e-02
2.297000000000000000e+03 2.298000000000000000e+03 5.724906059200000064e-01 2.435675217199999992e-02
2.298000000000000000e+03 2.299000000000000000e+03 4.519641580400000080e-01 2.227619311999999921e-02
2.299000000000000000e+03 2.300000000000000000e+03 1.206606117930000055e+00 5.285240426699999716e-02
2.300000000000000000e+03 2.301000000000000000e+03 1.195690479000000028e+00 4.743895785599999693e-02
2.301000000000000000e+03 2.302000000000000000e+03 1.173074947889999997e+00 4.345364166699999808e-02
2.302000000000000000e+03 2.303000000000000000e+03 1.177750079119999960e+00 4.559710207899999451e-02
2.303000000000000000e+03 2.304000000000000000e+03 1.034385956089999947e+00 3.557737274100000041e-02
2.304000000000000000e+03 2.305000000000000000e+03 1.036557545169999983e+00 3.203607432299999946e-02
2.305000000000000000e+03 2.306000000000000000e+03 9.242558110599999877e-01 2.942389166200000059e-02
2.306000000000000000e+03 2.307000000000000000e+03 5.814384799399999748e-01 2.622543186900000087e-02
2.307000000000000000e+03 2.308000000000000000e+03 7.233186907399999921e-01 2.558744919299999962e-02
2.308000000000000000e+03 2.309000000000000000e+03 5.409198311599999753e-01 2.816949121399999964e-02
2.309000000000000000e+03 2.310000000000000000e+03 4.798681188700000266e-01 2.248450955800000012e-02
2.310000000000000000e+03 2.311000000000000000e+03 1.223480111620000033e+00 5.001743839199999930e-02
2.311000000000000000e+03 2.312000000000000000e+03 1.163594617170000012e+00 4.604509225899999780e-02
2.312000000000000000e+03 2.313000000000000000e+03 1.185670637460000121e+00 4.223751765699999827e-02
2.313000000000000000e+03 2.314000000000000000e+03 1.091360039290000028e+00 3.897985006500000182e-02
2.314000000000000000e+03 2.315000000000000000e+03 1.117047712400000004e+00 3.564775109800000230e-02
2.315000000000000000e+03 2.316000000000000000e+03 1.015792666299999869e+00 3.197861235800000118e-02
2.316000000000000000e+03 2.317000000000000000e+03 9.039752244200000009e-01 2.868491733299999985e-02
2.317000000000000000e+03 2.318000000000000000e+03 7.881585135099999917e-01 2.723275615000000233e-02
2.318000000000000000e+03 2.319000000000000000e+03 7.052618552999999624e-01 2.620331273200000172e-02
2.319000000000000000e+03 2.320000000000000000e+03 3.926423063000000213e-01 3.285613067200000154e-02
2.320000000000000000e+03 2.321000000000000000e+03 4.982956767099999684e-01 2.182452108400000090e-02
2.321000000000000000e+03 2.322000000000000000e+03 1.177648408530000079e+00 4.783459391699999841e-02
2.322000000000000000e+03 2.323000000000000000e+03 1.259287361169999953e+00 4.578612087399999697e-02
2.323000000000000000e+03 2.324000000000000000e+03 9.039894938000000435e-01 1.720249054199999850e-01
2.324000000000000000e+03 2.325000000000000000e+03 1.095000068939999904e+00 3.872478751800000063e-02
2.325000000000000000e+03 2.326000000000000000e+03 1.033506961760000120e+00 3.518683791599999666e-02
2.326000000000000000e+03 2.327000000000000000e+03 9.860698395799999405e-01 3.167061910400000013e-02
2.327000000000000000e+03 2.328000000000000000e+03 9.154767340999999670e-01 2.937883170000000002e-02
2.328000000000000000e+03 2.329000000000000000e+03 7.943606469999999753e-01 2.663607029499999793e-02
2.329000000000000000e+03 2.330000000000000000e+03 6.359605802200000157e-01 2.552218005399999740e-02
2.330000000000000000e+03 2.331000000000000000e+03 5.763984726700001060e-01 2.381056213300000030e-02
2.331000000000000000e+03 2.332000000000000000e+03 4.307699672799999990e-01 2.711130402899999958e-02
2.332000000000000000e+03 2.333000000000000000e+03 1.198291484980000154e+00 4.833837253500000014e-02
2.333000000000000000e+03 2.334000000000000000e+03 1.141480553280000088e+00 4.462220680100000003e-02
2.334000000000000000e+03 2.335000000000000000e+03 1.199484365549999820e+00 4.146973680299999993e-02
2.335000000000000000e+03 2.336000000000000000e+03 1.141214497640000047e+00 3.924606095100000025e-02
2.336000000000000000e+03 2.337000000000000000e+03 1.040754965060000092e+00 4.783467172200000367e-02
2.337000000000000000e+03 2.338000000000000000e+03 9.341193465700000642e-01 3.098501990099999936e-02
2.338000000000000000e+03 2.339000000000000000e+03 8.829789328999999576e-01 2.821398677899999985e-02
2.339000000000000000e+03 2.340000000000000000e+03 6.903244203000000745e-01 5.391786923300000145e-02
2.340000000000000000e+03 2.341000000000000000e+03 6.088406620800000946e-01 4.958904394599999987e-02
2.341000000000000000e+03 2.342000000000000000e+03 5.730827068399999558e-01 2.336377563899999857e-02
2.342000000000000000e+03 2.343000000000000000e+03 4.128576914400000075e-01 2.134488559600000029e-02
2.343000000000000000e+03 2.344000000000000000e+03 6.678894682599999522e-01 3.693757123099999928e-02
2.344000000000000000e+03 2.345000000000000000e+03 1.218858506349999926e+00 4.618577851800000078e-02
2.345000000000000000e+03 2.346000000000000000e+03 1.130068330360000095e+00 4.043190255599999477e-02
2.346000000000000000e+03 2.347000000000000000e+03 1.103858354680000042e+00 4.511023832799999911e-02
2.347000000000000000e+03 2.348000000000000000e+03 1.059429049250000032e+00 3.471289006499999469e-02
2.348000000000000000e+03 2.349000000000000000e+03 8.866145713199999889e-01 8.255564545500000684e-02
2.349000000000000000e+03 2.350000000000000000e+03 8.852225549500000179e-01 2.890676289799999979e-02
2.350000000000000000e+03 2.351000000000000000e+03 7.877481764299999467e-01 3.199641025099999453e-02
2.351000000000000000e+03 2.352000000000000000e+03 4.885661377300000163e-01 7.981454896100000085e-02
2.352000000000000000e+03 2.353000000000000000e+03 5.193687981700000345e-01 2.538063861499999935e-02
2.353000000000000000e+03 2.354000000000000000e+03 3.008598213800000032e-01 1.767202961500000113e-02
2.354000000000000000e+03 2.355000000000000000e+03 1.127688189489999937e+00 4.592175772100000331e-02
2.355000000000000000e+03 2.356000000000000000e+03 1.178363419830000147e+00 4.571801866299999434e-02
2.356000000000000000e+03 2.357000000000000000e+03 1.075989433139999951e+00 4.056581419900000263e-02
2.357000000000000000e+03 2.358000000000000000e+03 1.095314691170000021e+00 4.401265695499999991e-02
2.358000000000000000e+03 2.359000000000000000e+03 9.970982460899999733e-01 3.337097021799999980e-02
2.359000000000000000e+03 2.360000000000000000e+03 9.556297652799999875e-01 3.059626796399999779e-02
2.360000000000000000e+03 2.361000000000000000e+03 8.752532321700000617e-01 2.755911819900000101e-02
2.361000000000000000e+03 2.362000000000000000e+03 6.801550708299999304e-01 2.475021519399999911e-02
2.362000000000000000e+03 2.363000000000000000e+03 5.351645351599999545e-01 4.716427344100000002e-02
2.363000000000000000e+03 2.364000000000000000e+03 5.208742267100000545e-01 2.284876366800000017e-02
2.364000000000000000e+03 2.365000000000000000e+03 1.892561731900000155e-01 1.378859561940000075e-02
2.365000000000000000e+03 2.366000000000000000e+03 1.095797093420000090e+00 4.516151309799999736e-02
2.366000000000000000e+03 2.367000000000000000e+03 1.103635708220000122e+00 4.394694977099999900e-02
2.367000000000000000e+03 2.368000000000000000e+03 1.132204055320000124e+00 4.147733082200000254e-02
2.368000000000000000e+03 2.369000000000000000e+03 1.045186274550000016e+00 3.778836673499999521e-02
2.369000000000000000e+03 2.370000000000000000e+03 1.037787521260000068e+00 3.366905758000000165e-02
2.370000000000000000e+03 2.371000000000000000e+03 9.413265253299999413e-01 3.008305843700000148e-02
2.371000000000000000e+03 2.372000000000000000e+03 8.293257480200000309e-01 2.687984196699999898e-02
2.372000000000000000e+03 2.373000000000000000e+03 7.429731853600000102e-01 2.616315353200000110e-02
2.373000000000000000e+03 2.374000000000000000e+03 5.676294403700000712e-01 3.444745929200000029e-02
2.374000000000000000e+03 2.375000000000000000e+03 5.013213878100000187e-01 2.276673993100000043e-02
2.375000000000000000e+03 2.376000000000000000e+03 4.292275320899999747e-01 2.002072851999999945e-02
2.376000000000000000e+03 2.377000000000000000e+03 1.160468073609999928e+00 4.573631767699999628e-02
2.377000000000000000e+03 2.378000000000000000e+03 1.095993668079999983e+00 4.300541162399999784e-02
2.378000000000000000e+03 2.379000000000000000e+03 1.071839003370000043e+00 4.033931891599999708e-02
2.379000000000000000e+03 2.380000000000000000e+03 1.024502623390000089e+00 3.703289387599999899e-02
2.380000000000000000e+03 2.381000000000000000e+03 9.909238783000000605e-01 5.139775449100000143e-02
2.381000000000000000e+03 2.382000000000000000e+03 8.916034506300000162e-01 3.046994232499999899e-02
2.382000000000000000e+03 2.383000000000000000e+03 8.106027574299999872e-01 2.722567344800000053e-02
2.383000000000000000e+03 2.384000000000000000e+03 7.467186929700000420e-01 2.511188474400000148e-02
2.384000000000000000e+03 2.385000000000000000e+03 6.394860123800000240e-01 2.450254479500000096e-02
2.385000000000000000e+03 2.386000000000000000e+03 4.941173002800000047e-01 2.205807774199999849e-02
2.386000000000000000e+03 2.387000000000000000e+03 3.945798532900000044e-01 1.997424982500000182e-02
2.387000000000000000e+03 2.388000000000000000e+03 1.007725750219999883e+00 5.470468561700000260e-02
2.388000000000000000e+03 2.389000000000000000e+03 1.033106894179999902e+00 4.194533420100000215e-02
2.389000000000000000e+03 2.390000000000000000e+03 1.047604229139999843e+00 4.016439988700000463e-02
2.390000000000000000e+03 2.391000000000000000e+03 1.019734729799999906e+00 3.678049853499999744e-02
2.391000000000000000e+03 2.392000000000000000e+03 1.027666749310000016e+00 3.441561348999999659e-02
2.392000000000000000e+03 2.393000000000000000e+03 7.008476132700000027e-01 6.876895059000000254e-02
2.393000000000000000e+03 2.394000000000000000e+03 7.872248109899999680e-01 2.744084692399999942e-02
2.394000000000000000e+03 2.395000000000000000e+03 6.899098876199999397e-01 2.688680905999999912e-02
2.395000000000000000e+03 2.396000000000000000e+03 6.106719935800000165e-01 3.057319672499999794e-02
2.396000000000000000e+03 2.397000000000000000e+03 5.388506336899999694e-01 2.279208281499999975e-02
2.397000000000000000e+03 2.398000000000000000e+03 3.904451709800000336e-01 2.001142701700000040e-02
2.398000000000000000e+03 2.399000000000000000e+03 9.506694445300000185e-01 4.133790870599999417e-02
2.399000000000000000e+03 2.400000000000000000e+03 1.035261473249999842e+00 4.357324195200000527e-02
2.400000000000000000e+03 2.401000000000000000e+03 6.330178373100000533e-01 1.566813311599999925e-01
2.401000000000000000e+03 2.402000000000000000e+03 1.002676912220000105e+00 3.587417114400000273e-02
2.402000000000000000e+03 2.403000000000000000e+03 9.277861780399999647e-01 3.745066742099999874e-02
2.403000000000000000e+03 2.404000000000000000e+03 7.046310173499999996e-01 2.561887398499999857e-02
2.404000000000000000e+03 2.405000000000000000e+03 8.095452353099999998e-01 3.182424382900000265e-02
2.405000000000000000e+03 2.406000000000000000e+03 7.469682597200000274e-01 2.546695546700000062e-02
2.406000000000000000e+03 2.407000000000000000e+03 6.058484400700000494e-01 2.396889076199999746e-02
2.407000000000000000e+03 2.408000000000000000e+03 3.833160366599999702e-01 1.963512290300000254e-02
2.408000000000000000e+03 2.409000000000000000e+03 3.545437682099999988e-01 1.831605527899999794e-02
2.409000000000000000e+03 2.410000000000000000e+03 1.066946200010000068e+00 4.491955004099999760e-02
2.410000000000000000e+03 2.411000000000000000e+03 1.108105313850000107e+00 4.226750846699999647e-02
2.411000000000000000e+03 2.412000000000000000e+03 9.800601234699999331e-01 5.171898320300000185e-02
2.412000000000000000e+03 2.413000000000000000e+03 1.002583173499999925e+00 3.606742865399999859e-02
2.413000000000000000e+03 2.414000000000000000e+03 9.083440995500000614e-01 3.241566900600000023e-02
2.414000000000000000e+03 2.415000000000000000e+03 8.951582958500000631e-01 2.872636094299999693e-02
2.415000000000000000e+03 2.416000000000000000e+03 7.835955013900000043e-01 2.596879248400000076e-02
2.416000000000000000e+03 2.417000000000000000e+03 7.006619022500000238e-01 2.403150038199999838e-02
2.417000000000000000e+03 2.418000000000000000e+03 5.626061540000000250e-01 2.307233251699999932e-02
2.418000000000000000e+03 2.419000000000000000e+03 4.719006549900000014e-01 2.140660506500000060e-02
2.419000000000000000e+03 2.420000000000000000e+03 3.749405007200000139e-01 2.012700983000000055e-02
2.420000000000000000e+03 2.421000000000000000e+03 1.051305369429999859e+00 4.467433574499999477e-02
2.421000000000000000e+03 2.422000000000000000e+03 1.030069018779999901e+00 4.146562181400000047e-02
2.422000000000000000e+03 2.423000000000000000e+03 1.038480589820000022e+00 3.952723868900000215e-02
2.423000000000000000e+03 2.424000000000000000e+03 1.068767985410000065e+00 3.627591209799999744e-02
2.424000000000000000e+03 2.425000000000000000e+03 9.206022539100000568e-01 3.194153252500000345e-02
2.425000000000000000e+03 2.426000000000000000e+03 8.569782451999999884e-01 2.872590139900000131e-02
2.426000000000000000e+03 2.427000000000000000e+03 7.675776070099999959e-01 2.577948766499999975e-02
2.427000000000000000e+03 2.428000000000000000e+03 6.680381794100000992e-01 2.404315357900000186e-02
2.428000000000000000e+03 2.429000000000000000e+03 6.364067904900000405e-01 2.377900024800000053e-02
2.429000000000000000e+03 2.430000000000000000e+03 4.306733231500000092e-01 2.188439062700000062e-02
2.430000000000000000e+03 2.431000000000000000e+03 3.130575837800000372e-01 1.742604917599999831e-02
2.431000000000000000e+03 2.432000000000000000e+03 9.914087507200000093e-01 4.425193500199999658e-02
2.432000000000000000e+03 2.433000000000000000e+03 9.529618101899999250e-01 4.217972637800000008e-02
2.433000000000000000e+03 2.434000000000000000e+03 1.058155966730000008e+00 3.919618956899999923e-02
2.434000000000000000e+03 2.435000000000000000e+03 9.942944818300000209e-01 3.562549218999999656e-02
2.435000000000000000e+03 2.436000000000000000e+03 8.597427839800000360e-01 3.203097699399999609e-02
2.436000000000000000e+03 2.437000000000000000e+03 8.700914589600000637e-01 2.810767248300000132e-02
2.437000000000000000e+03 2.438000000000000000e+03 5.317641437100000257e-01 9.723052633699999503e-02
2.438000000000000000e+03 2.439000000000000000e+03 6.186085309400000121e-01 3.643643330600000035e-02
2.439000000000000000e+03 2.440000000000000000e+03 5.883811502200000376e-01 2.264521580899999872e-02
2.440000000000000000e+03 2.441000000000000000e+03 4.390796451300000292e-01 2.047883751800000027e-02
2.441000000000000000e+03 2.442000000000000000e+03 3.565742093100000010e-01 1.924259191799999880e-02
2.442000000000000000e+03 2.443000000000000000e+03 1.021633987710000024e+00 4.349803717200000086e-02
2.443000000000000000e+03 2.444000000000000000e+03 1.008134951339999974e+00 4.183789203300000009e-02
2.444000000000000000e+03 2.445000000000000000e+03 1.028981271980000001e+00 3.911218381099999808e-02
2.445000000000000000e+03 2.446000000000000000e+03 1.070568930060000090e+00 3.566283125300000190e-02
2.446000000000000000e+03 2.447000000000000000e+03 9.664679930200000824e-01 3.169088919000000171e-02
2.447000000000000000e+03 2.448000000000000000e+03 7.999697438399999694e-01 2.799578729700000213e-02
2.448000000000000000e+03 2.449000000000000000e+03 7.512219678000000567e-01 3.010435281600000110e-02
2.449000000000000000e+03 2.450000000000000000e+03 6.612206857200000343e-01 2.323186029599999883e-02
2.450000000000000000e+03 2.451000000000000000e+03 5.752543123400000180e-01 2.274848064700000019e-02
2.451000000000000000e+03 2.452000000000000000e+03 4.405322597799999906e-01 2.126728486700000045e-02
2.452000000000000000e+03 2.453000000000000000e+03 3.758770603900000173e-01 1.968762768100000213e-02
2.453000000000000000e+03 2.454000000000000000e+03 1.059943911650000015e+00 4.409974345600000539e-02
2.454000000000000000e+03 2.455000000000000000e+03 9.949043523199999628e-01 5.765104112799999958e-02
2.455000000000000000e+03 2.456000000000000000e+03 4.895752918599999837e-01 2.623573165099999868e-02
2.456000000000000000e+03 2.457000000000000000e+03 9.349551642499999149e-01 3.490925762600000093e-02
2.457000000000000000e+03 2.458000000000000000e+03 8.223282391499999733e-01 3.071077468599999957e-02
2.458000000000000000e+03 2.459000000000000000e+03 8.444866150199999977e-01 2.784272291999999663e-02
2.459000000000000000e+03 2.460000000000000000e+03 7.723002087999999432e-01 2.526015827299999891e-02
2.460000000000000000e+03 2.461000000000000000e+03 6.443952748200000302e-01 2.352613842699999985e-02
2.461000000000000000e+03 2.462000000000000000e+03 5.446065658300000001e-01 2.266064285400000086e-02
2.462000000000000000e+03 2.463000000000000000e+03 4.472762995699999800e-01 2.068639718599999885e-02
2.463000000000000000e+03 2.464000000000000000e+03 3.293721355600000011e-01 1.873205341600000032e-02
2.464000000000000000e+03 2.465000000000000000e+03 9.295598057399999670e-01 4.324261705799999772e-02
2.465000000000000000e+03 2.466000000000000000e+03 8.886553829500000168e-01 3.997756215899999493e-02
2.466000000000000000e+03 2.467000000000000000e+03 9.721281922899999151e-01 3.735582117000000452e-02
2.467000000000000000e+03 2.468000000000000000e+03 9.173824409999999929e-01 3.453993829399999715e-02
2.468000000000000000e+03 2.469000000000000000e+03 8.327247774599999541e-01 3.009809385299999987e-02
2.469000000000000000e+03 2.470000000000000000e+03 8.623624034099999225e-01 2.712792581900000041e-02
2.470000000000000000e+03 2.471000000000000000e+03 6.301795794400000261e-01 1.125798228469999940e-01
2.471000000000000000e+03 2.472000000000000000e+03 5.003610921300000181e-01 9.049633116800000210e-02
2.472000000000000000e+03 2.473000000000000000e+03 5.489689597800000431e-01 2.200865310599999999e-02
2.473000000000000000e+03 2.474000000000000000e+03 4.407877511199999598e-01 2.237113913800000201e-02
2.474000000000000000e+03 2.475000000000000000e+03 3.642514570500000048e-01 1.902494263999999699e-02
2.475000000000000000e+03 2.476000000000000000e+03 9.012413931299999570e-01 4.260895470799999640e-02
2.476000000000000000e+03 2.477000000000000000e+03 9.995602927400000226e-01 4.049198170400000046e-02
2.477000000000000000e+03 2.478000000000000000e+03 9.465340873900000007e-01 3.749067878800000503e-02
2.478000000000000000e+03 2.479000000000000000e+03 9.098116332899999215e-01 3.401263113200000271e-02
2.479000000000000000e+03 2.480000000000000000e+03 8.651643041700000092e-01 2.993779542100000191e-02
2.480000000000000000e+03 2.481000000000000000e+03 8.047366247399999617e-01 2.686240077600000192e-02
2.481000000000000000e+03 2.482000000000000000e+03 7.096115070500000899e-01 2.475848971500000176e-02
2.482000000000000000e+03 2.483000000000000000e+03 6.350397790199999726e-01 2.298177564500000075e-02
2.483000000000000000e+03 2.484000000000000000e+03 4.797782482299999818e-01 2.065645919399999864e-02
2.484000000000000000e+03 2.485000000000000000e+03 4.212097452299999878e-01 2.078965655300000007e-02
2.485000000000000000e+03 2.486000000000000000e+03 3.552773570600000208e-01 1.809874803500000073e-02
2.486000000000000000e+03 2.487000000000000000e+03 1.009831616569999868e+00 4.424426821599999893e-02
2.487000000000000000e+03 2.488000000000000000e+03 9.704596162299999884e-01 4.455944809599999418e-02
2.488000000000000000e+03 2.489000000000000000e+03 9.801703251400000205e-01 3.748823477500000390e-02
2.489000000000000000e+03 2.490000000000000000e+03 8.846356425599999351e-01 3.445160493800000084e-02
2.490000000000000000e+03 2.491000000000000000e+03 7.753443270800000064e-01 2.956108865200000185e-02
2.491000000000000000e+03 2.492000000000000000e+03 7.816177890899999037e-01 2.655447523700000048e-02
2.492000000000000000e+03 2.493000000000000000e+03 6.895979780000000003e-01 3.296082838400000298e-02
2.493000000000000000e+03 2.494000000000000000e+03 6.192625266100000303e-01 2.285653216499999862e-02
2.494000000000000000e+03 2.495000000000000000e+03 5.251897435300000305e-01 2.168126723600000139e-02
2.495000000000000000e+03 2.496000000000000000e+03 4.392465718899999927e-01 1.995998445100000129e-02
2.496000000000000000e+03 2.497000000000000000e+03 3.016846966399999719e-01 1.707036507400000111e-02
2.497000000000000000e+03 2.498000000000000000e+03 9.030971880999999479e-01 4.132335284899999600e-02
2.498000000000000000e+03 2.499000000000000000e+03 8.085699232499999889e-01 3.830228795199999703e-02
2.499000000000000000e+03 2.500000000000000000e+03 8.486976593199999641e-01 3.659995402300000172e-02
2.500000000000000000e+03 2.501000000000000000e+03 8.938195416299999918e-01 3.411578451500000414e-02
2.501000000000000000e+03 2.502000000000000000e+03 7.080998747399999127e-01 2.824242102499999879e-02
2.502000000000000000e+03 2.503000000000000000e+03 8.048487496999999768e-01 2.716078248900000158e-02
2.503000000000000000e+03 2.504000000000000000e+03 7.145062007799999337e-01 2.408634774299999934e-02
2.504000000000000000e+03 2.505000000000000000e+03 6.597084045700000177e-01 2.403997134200000149e-02
2.505000000000000000e+03 2.506000000000000000e+03 5.469672133099999778e-01 2.175504888100000117e-02
2.506000000000000000e+03 2.507000000000000000e+03 4.442917452900000397e-01 2.257376928700000063e-02
2.507000000000000000e+03 2.508000000000000000e+03 3.299495005200000497e-01 1.827982574100000049e-02
2.508000000000000000e+03 2.509000000000000000e+03 8.796873561399999319e-01 4.074679190299999865e-02
2.509000000000000000e+03 2.510000000000000000e+03 9.547330962300000223e-01 3.922197446700000090e-02
2.510000000000000000e+03 2.511000000000000000e+03 8.238192471399999883e-01 4.444761711300000001e-02
2.511000000000000000e+03 2.512000000000000000e+03 8.401842554999999768e-01 3.469680574299999903e-02
2.512000000000000000e+03 2.513000000000000000e+03 8.650875957600000499e-01 2.949311191000000137e-02
2.513000000000000000e+03 2.514000000000000000e+03 7.859011654099999911e-01 3.030735366399999950e-02
2.514000000000000000e+03 2.515000000000000000e+03 6.711546237900000156e-01 2.407766332500000175e-02
2.515000000000000000e+03 2.516000000000000000e+03 6.322021100899999357e-01 2.252527809699999758e-02
2.516000000000000000e+03 2.517000000000000000e+03 2.638309950699999629e-01 2.138223235299999830e-02
2.517000000000000000e+03 2.518000000000000000e+03 3.596404724399999697e-01 1.827012766700000096e-02
2.518000000000000000e+03 2.519000000000000000e+03 3.249626395500000431e-01 1.731840898299999779e-02
2.519000000000000000e+03 2.520000000000000000e+03 9.471141134400000716e-01 4.123923797399999674e-02
2.520000000000000000e+03 2.521000000000000000e+03 6.995003373699999472e-01 3.405520356999999776e-02
2.521000000000000000e+03 2.522000000000000000e+03 8.366051164400000184e-01 3.518042118499999787e-02
2.522000000000000000e+03 2.523000000000000000e+03 8.667928672299999304e-01 3.298452504700000176e-02
2.523000000000000000e+03 2.524000000000000000e+03 8.541685339800000332e-01 3.024541201699999793e-02
2.524000000000000000e+03 2.525000000000000000e+03 7.598856714299999648e-01 2.641315909000000253e-02
2.525000000000000000e+03 2.526000000000000000e+03 6.572747431600000079e-01 2.391230532200000133e-02
2.526000000000000000e+03 2.527000000000000000e+03 5.793083825200000536e-01 2.322178266800000238e-02
2.527000000000000000e+03 2.528000000000000000e+03 5.117541335400001001e-01 2.084610193700000072e-02
2.528000000000000000e+03 2.529000000000000000e+03 4.586429770800000139e-01 1.972297914000000277e-02
2.529000000000000000e+03 2.530000000000000000e+03 2.809614177199999951e-01 1.650902133830000132e-02
2.530000000000000000e+03 2.531000000000000000e+03 8.709476848300000684e-01 4.108297097400000208e-02
2.531000000000000000e+03 2.532000000000000000e+03 8.837271954600000035e-01 3.868858719100000398e-02
2.532000000000000000e+03 2.533000000000000000e+03 8.448556982300000628e-01 3.576397227900000170e-02
2.533000000000000000e+03 2.534000000000000000e+03 8.614737679799999714e-01 3.241291442799999756e-02
2.534000000000000000e+03 2.535000000000000000e+03 8.154296796600000174e-01 2.974254116200000103e-02
2.535000000000000000e+03 2.536000000000000000e+03 6.164800028299999290e-01 9.625777695800000200e-02
2.536000000000000000e+03 2.537000000000000000e+03 6.596502104500000518e-01 2.322535621199999997e-02
2.537000000000000000e+03 2.538000000000000000e+03 5.667776363300000009e-01 2.132006024300000038e-02
2.538000000000000000e+03 2.539000000000000000e+03 4.713268350300000020e-01 2.074841703199999804e-02
2.539000000000000000e+03 2.540000000000000000e+03 3.893352143700000156e-01 1.886125838700000029e-02
2.540000000000000000e+03 2.541000000000000000e+03 3.422174340699999928e-01 1.822386900600000276e-02
2.541000000000000000e+03 2.542000000000000000e+03 8.979592629000000548e-01 3.996000337999999763e-02
2.542000000000000000e+03 2.543000000000000000e+03 8.177575791600000255e-01 1.377740734060000083e-01
2.543000000000000000e+03 2.544000000000000000e+03 8.084156993400000157e-01 3.508527906099999372e-02
2.544000000000000000e+03 2.545000000000000000e+03 8.276828815599999167e-01 3.326511427500000034e-02
2.545000000000000000e+03 2.546000000000000000e+03 8.090127631400000352e-01 2.903229708699999953e-02
2.546000000000000000e+03 2.547000000000000000e+03 6.103878585999999995e-01 6.798874858300001101e-02
2.547000000000000000e+03 2.548000000000000000e+03 6.469995932000000005e-01 2.330584106199999964e-02
2.548000000000000000e+03 2.549000000000000000e+03 5.993801837100000141e-01 2.698073852600000114e-02
2.549000000000000000e+03 2.550000000000000000e+03 5.020400802700000220e-01 2.146188044699999867e-02
2.550000000000000000e+03 2.551000000000000000e+03 3.570373525600000209e-01 7.329702122299999734e-02
2.551000000000000000e+03 2.552000000000000000e+03 3.076749136499999926e-01 1.822184357999999740e-02
2.552000000000000000e+03 2.553000000000000000e+03 9.929983169799999621e-01 4.137108341100000086e-02
2.553000000000000000e+03 2.554000000000000000e+03 8.612035292499999883e-01 3.812676175300000470e-02
2.554000000000000000e+03 2.555000000000000000e+03 8.691166503699999657e-01 3.591713864199999606e-02
2.555000000000000000e+03 2.556000000000000000e+03 7.976385294399999104e-01 3.199636779300000372e-02
2.556000000000000000e+03 2.557000000000000000e+03 7.272756558799999826e-01 2.838747928999999989e-02
2.557000000000000000e+03 2.558000000000000000e+03 7.627867669900000314e-01 2.554145661899999767e-02
2.558000000000000000e+03 2.559000000000000000e+03 6.527523671499999569e-01 2.351258755600000097e-02
2.559000000000000000e+03 2.560000000000000000e+03 5.165754757500000682e-01 3.942296351599999804e-02
2.560000000000000000e+03 2.561000000000000000e+03 4.674120895200000181e-01 2.020303646300000006e-02
2.561000000000000000e+03 2.562000000000000000e+03 3.846722482100000118e-01 1.925582216600000077e-02
2.562000000000000000e+03 2.563000000000000000e+03 3.186157098999999882e-01 1.887886824100000124e-02
2.563000000000000000e+03 2.564000000000000000e+03 8.358531776199999985e-01 4.005060589800000376e-02
2.564000000000000000e+03 2.565000000000000000e+03 9.158962829500000291e-01 3.848440453699999986e-02
2.565000000000000000e+03 2.566000000000000000e+03 7.950112769199999541e-01 5.827335461600000044e-02
2.566000000000000000e+03 2.567000000000000000e+03 8.119406724400000108e-01 3.250896980399999719e-02
2.567000000000000000e+03 2.568000000000000000e+03 7.285849367899999152e-01 9.116184910100000316e-02
2.568000000000000000e+03 2.569000000000000000e+03 7.059367650800000282e-01 2.669797899499999974e-02
2.569000000000000000e+03 2.570000000000000000e+03 6.098926006999999538e-01 2.259506571000000075e-02
2.570000000000000000e+03 2.571000000000000000e+03 5.314340494000000525e-01 2.132888461399999949e-02
2.571000000000000000e+03 2.572000000000000000e+03 4.257135270400000393e-01 1.926969330000000147e-02
2.572000000000000000e+03 2.573000000000000000e+03 3.936449424700000366e-01 1.934261345599999973e-02
2.573000000000000000e+03 2.574000000000000000e+03 2.786262998800000390e-01 1.747610934200000132e-02
2.574000000000000000e+03 2.575000000000000000e+03 8.269101086199999173e-01 4.064210315999999823e-02
2.575000000000000000e+03 2.576000000000000000e+03 8.492452476999999833e-01 3.711552839700000411e-02
2.576000000000000000e+03 2.577000000000000000e+03 8.459434549400000058e-01 3.477506690000000539e-02
2.577000000000000000e+03 2.578000000000000000e+03 8.024772804499999967e-01 3.186354053399999969e-02
2.578000000000000000e+03 2.579000000000000000e+03 7.457038816000000070e-01 2.877356186300000090e-02
2.579000000000000000e+03 2.580000000000000000e+03 6.925618127200000584e-01 2.548727390700000067e-02
2.580000000000000000e+03 2.581000000000000000e+03 6.516064545299999899e-01 2.264624506499999732e-02
2.581000000000000000e+03 2.582000000000000000e+03 5.469508835699999905e-01 2.122552269399999997e-02
2.582000000000000000e+03 2.583000000000000000e+03 4.708184382400000256e-01 2.022089472899999893e-02
2.583000000000000000e+03 2.584000000000000000e+03 3.612864993700000138e-01 4.695878057899999930e-02
2.584000000000000000e+03 2.585000000000000000e+03 2.839029053099999533e-01 1.730624497900000100e-02
2.585000000000000000e+03 2.586000000000000000e+03 8.524719353699999891e-01 4.839369665399999992e-02
2.586000000000000000e+03 2.587000000000000000e+03 8.296567300999999617e-01 3.679326801100000349e-02
2.587000000000000000e+03 2.588000000000000000e+03 8.126029260999999559e-01 3.463785584600000134e-02
2.588000000000000000e+03 2.589000000000000000e+03 7.228071668000000116e-01 3.089814201800000076e-02
2.589000000000000000e+03 2.590000000000000000e+03 7.184447161899999434e-01 2.747645273600000243e-02
2.590000000000000000e+03 2.591000000000000000e+03 6.825921963400000125e-01 2.493847587899999940e-02
2.591000000000000000e+03 2.592000000000000000e+03 6.304395737699999280e-01 2.446367341700000225e-02
2.592000000000000000e+03 2.593000000000000000e+03 5.193188031700000096e-01 2.042455890199999791e-02
2.593000000000000000e+03 2.594000000000000000e+03 4.575761352899999634e-01 2.073517467599999761e-02
2.594000000000000000e+03 2.595000000000000000e+03 3.927488218699999867e-01 1.869045543300000209e-02
2.595000000000000000e+03 2.596000000000000000e+03 3.189470621900000191e-01 1.853581549199999692e-02
2.596000000000000000e+03 2.597000000000000000e+03 6.318312788900000143e-01 3.487623561699999819e-02
2.597000000000000000e+03 2.598000000000000000e+03 7.881091524700000184e-01 3.622527799999999965e-02
2.598000000000000000e+03 2.599000000000000000e+03 6.931667588100000055e-01 3.423783324499999475e-02
2.599000000000000000e+03 2.600000000000000000e+03 6.638597474999999859e-01 2.831819708400000121e-02
2.600000000000000000e+03 2.601000000000000000e+03 5.697537414600000183e-01 7.468094707000000332e-02
2.601000000000000000e+03 2.602000000000000000e+03 7.004245945999999501e-01 2.512833658300000009e-02
2.602000000000000000e+03 2.603000000000000000e+03 6.017566600900000617e-01 2.251068357199999953e-02
2.603000000000000000e+03 2.604000000000000000e+03 5.511274271199999575e-01 2.168817740600000044e-02
2.604000000000000000e+03 2.605000000000000000e+03 4.793979086499999820e-01 1.956430070199999954e-02
2.605000000000000000e+03 2.606000000000000000e+03 3.629463813300000119e-01 1.824962483999999913e-02
2.606000000000000000e+03 2.607000000000000000e+03 8.638572005999999026e-02 8.777924363899999860e-03
2.607000000000000000e+03 2.608000000000000000e+03 8.289960374699999468e-01 3.900456000599999973e-02
2.608000000000000000e+03 2.609000000000000000e+03 8.716168330899999317e-01 3.604791686099999976e-02
2.609000000000000000e+03 2.610000000000000000e+03 7.925882049999999346e-01 3.460507794199999682e-02
2.610000000000000000e+03 2.611000000000000000e+03 7.766241630500000381e-01 3.096847287899999815e-02
2.611000000000000000e+03 2.612000000000000000e+03 7.912713825500000686e-01 2.721502014699999847e-02
2.612000000000000000e+03 2.613000000000000000e+03 6.548903424299999942e-01 5.242455746399999478e-02
2.613000000000000000e+03 2.614000000000000000e+03 5.889362900900000364e-01 2.187551761999999983e-02
2.614000000000000000e+03 2.615000000000000000e+03 5.176790826700000681e-01 2.029433127099999901e-02
2.615000000000000000e+03 2.616000000000000000e+03 4.298627040899999918e-01 1.909784001499999911e-02
2.616000000000000000e+03 2.617000000000000000e+03 3.779574927800000150e-01 1.914896143200000081e-02
2.617000000000000000e+03 2.618000000000000000e+03 2.159946347299999958e-01 1.373270406270000153e-02
2.618000000000000000e+03 2.619000000000000000e+03 7.537706208400000163e-01 3.921883568699999906e-02
2.619000000000000000e+03 2.620000000000000000e+03 7.775647376300000024e-01 3.558265664799999811e-02
2.620000000000000000e+03 2.621000000000000000e+03 8.404979889400000514e-01 3.335151775200000113e-02
2.621000000000000000e+03 2.622000000000000000e+03 7.725520436200000729e-01 3.043245805200000056e-02
2.622000000000000000e+03 2.623000000000000000e+03 7.088994517200000178e-01 2.709539194499999831e-02
2.623000000000000000e+03 2.624000000000000000e+03 6.510983465399999837e-01 2.392256691700000298e-02
2.624000000000000000e+03 2.625000000000000000e+03 6.039073991600000246e-01 2.196869332700000094e-02
2.625000000000000000e+03 2.626000000000000000e+03 5.126476491800000534e-01 2.012937031199999935e-02
2.626000000000000000e+03 2.627000000000000000e+03 4.811827317899999845e-01 5.180250677600000547e-02
2.627000000000000000e+03 2.628000000000000000e+03 3.591987323199999915e-01 1.914491312900000117e-02
2.628000000000000000e+03 2.629000000000000000e+03 2.510503613799999756e-01 1.529330470760000005e-02
2.629000000000000000e+03 2.630000000000000000e+03 7.825287694199999367e-01 3.909283872100000057e-02
2.630000000000000000e+03 2.631000000000000000e+03 6.999308196900000389e-01 3.403144658199999673e-02
2.631000000000000000e+03 2.632000000000000000e+03 7.554248244500000320e-01 3.302542736200000245e-02
2.632000000000000000e+03 2.633000000000000000e+03 6.900982905999999417e-01 2.909574840099999823e-02
2.633000000000000000e+03 2.634000000000000000e+03 6.616865708800000467e-01 2.687547334099999949e-02
2.634000000000000000e+03 2.635000000000000000e+03 6.222220802299999187e-01 2.376239682199999745e-02
2.635000000000000000e+03 2.636000000000000000e+03 5.701492639500000958e-01 2.108113708599999858e-02
2.636000000000000000e+03 2.637000000000000000e+03 5.182970391300000257e-01 1.972009630500000041e-02
2.637000000000000000e+03 2.638000000000000000e+03 4.430889992100000008e-01 1.895677525999999932e-02
2.638000000000000000e+03 2.639000000000000000e+03 2.651631555699999754e-01 1.746452473800000002e-02
2.639000000000000000e+03 2.640000000000000000e+03 2.635341651900000026e-01 1.591033407300000008e-02
2.640000000000000000e+03 2.641000000000000000e+03 8.080472460600000018e-01 3.955114300400000560e-02
2.641000000000000000e+03 2.642000000000000000e+03 7.640844013099999943e-01 3.655077503100000180e-02
2.642000000000000000e+03 2.643000000000000000e+03 6.442454093600000764e-01 3.084385986700000082e-02
2.643000000000000000e+03 2.644000000000000000e+03 6.302890537899999979e-01 2.664951659599999745e-02
2.644000000000000000e+03 2.645000000000000000e+03 6.772205245800000384e-01 2.809261386000000069e-02
2.645000000000000000e+03 2.646000000000000000e+03 5.161974270100000428e-01 1.022863660899999971e-01
2.646000000000000000e+03 2.647000000000000000e+03 5.752576414100000202e-01 2.137067449699999941e-02
2.647000000000000000e+03 2.648000000000000000e+03 5.126584797500000068e-01 2.007675912900000123e-02
2.648000000000000000e+03 2.649000000000000000e+03 4.199927918499999913e-01 1.869284530699999794e-02
2.649000000000000000e+03 2.650000000000000000e+03 4.448819539200000311e-02 5.895246120999999770e-03
2.650000000000000000e+03 2.651000000000000000e+03 2.651731749399999782e-01 1.633820207499999885e-02
2.651000000000000000e+03 2.652000000000000000e+03 5.635488686899999822e-01 3.223302799600000212e-02
2.652000000000000000e+03 2.653000000000000000e+03 7.537733089800000563e-01 3.568698492499999819e-02
2.653000000000000000e+03 2.654000000000000000e+03 7.597532062299999778e-01 3.332003557999999727e-02
2.654000000000000000e+03 2.655000000000000000e+03 7.533943145599999447e-01 3.030785660500000256e-02
2.655000000000000000e+03 2.656000000000000000e+03 7.385598073200000391e-01 2.726364892099999993e-02
2.656000000000000000e+03 2.657000000000000000e+03 5.430484324600000079e-01 2.201802694800000099e-02
2.657000000000000000e+03 2.658000000000000000e+03 5.849471690899999965e-01 2.194251742800000168e-02
2.658000000000000000e+03 2.659000000000000000e+03 4.822662193199999670e-01 1.914065324200000043e-02
2.659000000000000000e+03 2.660000000000000000e+03 3.986789784199999964e-01 1.896420034999999824e-02
2.660000000000000000e+03 2.661000000000000000e+03 2.589515394099999868e-01 1.554898444899999871e-02
2.661000000000000000e+03 2.662000000000000000e+03 2.584386684799999667e-01 1.561024211200000116e-02
2.662000000000000000e+03 2.663000000000000000e+03 7.818030506800000001e-01 3.825992322800000206e-02
2.663000000000000000e+03 2.664000000000000000e+03 6.737012272400000334e-01 3.553046452000000605e-02
2.664000000000000000e+03 2.665000000000000000e+03 7.046508890499999511e-01 3.270589176099999995e-02
2.665000000000000000e+03 2.666000000000000000e+03 6.520564994299999917e-01 2.878483767499999749e-02
2.666000000000000000e+03 2.667000000000000000e+03 6.350521223299999685e-01 2.659207742900000088e-02
2.667000000000000000e+03 2.668000000000000000e+03 6.228855333499999647e-01 2.348262257500000061e-02
2.668000000000000000e+03 2.669000000000000000e+03 5.706656882099999661e-01 2.119791545399999852e-02
2.669000000000000000e+03 2.670000000000000000e+03 4.669736046599999857e-01 1.960153493199999833e-02
2.670000000000000000e+03 2.671000000000000000e+03 4.302153936700000014e-01 1.929423200100000013e-02
2.671000000000000000e+03 2.672000000000000000e+03 3.426411320000000149e-01 1.710484999000000048e-02
2.672000000000000000e+03 2.673000000000000000e+03 2.694928261500000310e-01 1.582529923899999788e-02
2.673000000000000000e+03 2.674000000000000000e+03 7.594666302000000480e-01 3.851173438299999863e-02
2.674000000000000000e+03 2.675000000000000000e+03 6.998522155000000966e-01 3.624286403100000081e-02
2.675000000000000000e+03 2.676000000000000000e+03 7.448019922999999931e-01 3.278527353499999936e-02
2.676000000000000000e+03 2.677000000000000000e+03 6.807122122200000014e-01 2.871389745299999727e-02
2.677000000000000000e+03 2.678000000000000000e+03 6.314662227899999758e-01 2.548823638199999853e-02
2.678000000000000000e+03 2.679000000000000000e+03 5.926761652599999985e-01 2.709779014600000036e-02
2.679000000000000000e+03 2.680000000000000000e+03 5.429527860499999692e-01 2.079610465800000099e-02
2.680000000000000000e+03 2.681000000000000000e+03 5.024594687000000226e-01 1.949174503200000116e-02
2.681000000000000000e+03 2.682000000000000000e+03 4.235888024800000262e-01 1.812513527400000032e-02
2.682000000000000000e+03 2.683000000000000000e+03 3.253668707300000351e-01 1.735883841500000108e-02
2.683000000000000000e+03 2.684000000000000000e+03 1.471491209700000191e-01 1.135849729359999886e-02
2.684000000000000000e+03 2.685000000000000000e+03 6.965781833499999909e-01 3.774994713900000493e-02
2.685000000000000000e+03 2.686000000000000000e+03 6.647590407000000257e-01 3.389947537600000033e-02
2.686000000000000000e+03 2.687000000000000000e+03 7.319251453999999768e-01 3.101701758700000158e-02
2.687000000000000000e+03 2.688000000000000000e+03 6.545620677899999240e-01 3.003630314900000015e-02
2.688000000000000000e+03 2.689000000000000000e+03 6.574062456300000523e-01 2.516314679399999851e-02
2.689000000000000000e+03 2.690000000000000000e+03 5.401955676799999884e-01 2.285896496900000074e-02
2.690000000000000000e+03 2.691000000000000000e+03 5.511481723200000182e-01 2.081653190099999953e-02
2.691000000000000000e+03 2.692000000000000000e+03 4.843392425599999940e-01 1.917882170099999978e-02
2.692000000000000000e+03 2.693000000000000000e+03 3.808272699299999897e-01 1.929629311300000080e-02
2.693000000000000000e+03 2.694000000000000000e+03 3.627929089899999959e-01 1.806986092400000160e-02
2.694000000000000000e+03 2.695000000000000000e+03 2.466244650699999930e-01 1.655501014700000093e-02
2.695000000000000000e+03 2.696000000000000000e+03 7.820104380100000308e-01 3.825877998800000096e-02
2.696000000000000000e+03 2.697000000000000000e+03 7.604518647400000386e-01 3.447640098999999597e-02
2.697000000000000000e+03 2.698000000000000000e+03 6.674487524600000166e-01 3.196772344600000426e-02
2.698000000000000000e+03 2.699000000000000000e+03 6.761609271399999788e-01 2.905574254900000070e-02
2.699000000000000000e+03 2.700000000000000000e+03 6.279693079500000552e-01 2.548751441499999895e-02
2.700000000000000000e+03 2.701000000000000000e+03 6.181822703700000643e-01 2.305543619599999955e-02
2.701000000000000000e+03 2.702000000000000000e+03 3.766420436199999777e-01 1.668703022700000066e-02
2.702000000000000000e+03 2.703000000000000000e+03 4.809652613000000021e-01 1.900916876400000205e-02
2.703000000000000000e+03 2.704000000000000000e+03 3.954591833099999620e-01 1.829199045099999879e-02
2.704000000000000000e+03 2.705000000000000000e+03 3.220321889300000184e-01 1.649349461200000019e-02
2.705000000000000000e+03 2.706000000000000000e+03 2.458770992400000077e-01 1.601286976200000031e-02
2.706000000000000000e+03 2.707000000000000000e+03 5.695939414099999709e-01 3.445666426100000429e-02
2.707000000000000000e+03 2.708000000000000000e+03 6.930471590399999160e-01 3.452062519199999846e-02
2.708000000000000000e+03 2.709000000000000000e+03 6.810259769299999988e-01 3.130050773200000053e-02
2.709000000000000000e+03 2.710000000000000000e+03 6.136013502099999517e-01 5.637425351199999712e-02
2.710000000000000000e+03 2.711000000000000000e+03 6.467620079600000516e-01 2.575589389699999704e-02
2.711000000000000000e+03 2.712000000000000000e+03 6.483493769999999490e-01 8.622717546899999475e-02
2.712000000000000000e+03 2.713000000000000000e+03 5.444491868599999895e-01 2.030072632000000030e-02
2.713000000000000000e+03 2.714000000000000000e+03 4.654942906400000302e-01 1.870897427399999952e-02
2.714000000000000000e+03 2.715000000000000000e+03 3.901497417500000009e-01 1.805855562900000183e-02
2.715000000000000000e+03 2.716000000000000000e+03 2.945046203400000229e-01 1.675569305599999836e-02
2.716000000000000000e+03 2.717000000000000000e+03 2.692237564200000155e-01 1.589504848700000125e-02
2.717000000000000000e+03 2.718000000000000000e+03 6.816520832400000396e-01 3.633154795600000014e-02
2.718000000000000000e+03 2.719000000000000000e+03 6.686413343499999495e-01 3.470602764700000259e-02
2.719000000000000000e+03 2.720000000000000000e+03 6.262617268100000301e-01 3.122106527099999945e-02
2.720000000000000000e+03 2.721000000000000000e+03 6.516919079299999806e-01 2.800766270399999980e-02
2.721000000000000000e+03 2.722000000000000000e+03 6.248091439999999830e-01 2.496617727899999931e-02
2.722000000000000000e+03 2.723000000000000000e+03 5.821297823900000168e-01 2.398101072699999892e-02
2.723000000000000000e+03 2.724000000000000000e+03 4.999920504799999499e-01 2.056734411900000212e-02
2.724000000000000000e+03 2.725000000000000000e+03 4.593234371999999621e-01 1.863470067400000221e-02
2.725000000000000000e+03 2.726000000000000000e+03 3.682474938899999994e-01 1.783618686999999953e-02
2.726000000000000000e+03 2.727000000000000000e+03 2.886852024099999525e-01 1.614389312299999851e-02
2.727000000000000000e+03 2.728000000000000000e+03 2.304944157200000121e-01 1.610552112200000149e-02
2.728000000000000000e+03 2.729000000000000000e+03 6.927009010500000397e-01 3.493109537200000253e-02
2.729000000000000000e+03 2.730000000000000000e+03 6.448035898099999663e-01 6.320706478000000239e-02
2.730000000000000000e+03 2.731000000000000000e+03 6.034368126400000421e-01 4.502689174499999863e-02
2.731000000000000000e+03 2.732000000000000000e+03 6.746994930699999893e-01 2.823615567400000054e-02
2.732000000000000000e+03 2.733000000000000000e+03 6.092243834400000724e-01 2.537775083000000029e-02
2.733000000000000000e+03 2.734000000000000000e+03 5.857693329399999982e-01 2.263230065400000102e-02
2.734000000000000000e+03 2.735000000000000000e+03 5.019060973600000253e-01 2.010035876200000002e-02
2.735000000000000000e+03 2.736000000000000000e+03 4.283866732100000130e-01 1.874620633800000088e-02
2.736000000000000000e+03 2.737000000000000000e+03 3.484450594400000378e-01 1.738748254000000229e-02
2.737000000000000000e+03 2.738000000000000000e+03 3.042848657399999657e-01 1.599129766000000064e-02
2.738000000000000000e+03 2.739000000000000000e+03 2.291825265899999908e-01 1.508627590949999930e-02
2.739000000000000000e+03 2.740000000000000000e+03 6.498768544999999897e-01 3.586707200400000156e-02
2.740000000000000000e+03 2.741000000000000000e+03 7.053205388300000100e-01 3.371696099100000149e-02
2.741000000000000000e+03 2.742000000000000000e+03 6.578065875999999923e-01 3.186603836200000567e-02
2.742000000000000000e+03 2.743000000000000000e+03 5.708364889100000505e-01 2.757259298899999989e-02
2.743000000000000000e+03 2.744000000000000000e+03 6.534439175999999794e-01 2.436007535799999957e-02
2.744000000000000000e+03 2.745000000000000000e+03 5.348704224899999415e-01 2.282558356899999988e-02
2.745000000000000000e+03 2.746000000000000000e+03 5.014425103199999789e-01 1.927581944699999911e-02
2.746000000000000000e+03 2.747000000000000000e+03 4.484045917899999734e-01 1.883577211700000059e-02
2.747000000000000000e+03 2.748000000000000000e+03 3.603248313600000419e-01 1.747518611300000191e-02
2.748000000000000000e+03 2.749000000000000000e+03 3.139259371399999998e-01 1.704399322700000247e-02
2.749000000000000000e+03 2.750000000000000000e+03 2.594387184999999985e-01 1.532153909599999995e-02
2.750000000000000000e+03 2.751000000000000000e+03 6.907428410100000526e-01 3.644371350000000231e-02
2.751000000000000000e+03 2.752000000000000000e+03 6.529899617800000167e-01 3.337175443699999522e-02
2.752000000000000000e+03 2.753000000000000000e+03 6.404007644700000501e-01 3.150074496699999810e-02
2.753000000000000000e+03 2.754000000000000000e+03 5.721465300700000478e-01 2.667390797899999930e-02
2.754000000000000000e+03 2.755000000000000000e+03 5.797228872199999827e-01 3.003870500199999974e-02
2.755000000000000000e+03 2.756000000000000000e+03 5.173733733099999954e-01 2.315864694700000073e-02
2.756000000000000000e+03 2.757000000000000000e+03 4.951414916399999866e-01 1.966305091299999988e-02
2.757000000000000000e+03 2.758000000000000000e+03 4.326206189599999807e-01 1.817331472299999959e-02
2.758000000000000000e+03 2.759000000000000000e+03 3.767393636599999929e-01 1.739833478299999958e-02
2.759000000000000000e+03 2.760000000000000000e+03 3.057891945799999789e-01 1.664574846600000088e-02
2.760000000000000000e+03 2.761000000000000000e+03 2.101195868600000127e-01 1.553646878709999922e-02
2.761000000000000000e+03 2.762000000000000000e+03 6.048381967899999490e-01 3.651651712300000435e-02
2.762000000000000000e+03 2.763000000000000000e+03 6.166484345599999584e-01 3.159129397499999686e-02
2.763000000000000000e+03 2.764000000000000000e+03 5.801514307199999720e-01 3.931018445800000399e-02
2.764000000000000000e+03 2.765000000000000000e+03 6.193988062299999875e-01 2.741993567200000023e-02
2.765000000000000000e+03 2.766000000000000000e+03 5.196052590699999918e-01 2.346625295199999961e-02
2.766000000000000000e+03 2.767000000000000000e+03 5.527557202299999695e-01 2.205169706300000310e-02
2.767000000000000000e+03 2.768000000000000000e+03 4.939173977899999901e-01 1.973408457699999882e-02
2.768000000000000000e+03 2.769000000000000000e+03 4.373214327100000132e-01 1.764983221099999944e-02
2.769000000000000000e+03 2.770000000000000000e+03 3.605193988600000066e-01 1.725840729700000090e-02
2.770000000000000000e+03 2.771000000000000000e+03 2.839234004900000330e-01 1.564231070699999976e-02
2.771000000000000000e+03 2.772000000000000000e+03 2.171425120600000147e-01 1.486438514829999981e-02
2.772000000000000000e+03 2.773000000000000000e+03 6.264631681899999194e-01 3.706863054300000432e-02
2.773000000000000000e+03 2.774000000000000000e+03 5.044447390899999828e-01 8.647249222599999452e-02
2.774000000000000000e+03 2.775000000000000000e+03 6.907150458599999876e-01 3.027362957099999710e-02
2.775000000000000000e+03 2.776000000000000000e+03 5.988797125199999405e-01 2.730016798800000144e-02
2.776000000000000000e+03 2.777000000000000000e+03 5.852166873299999850e-01 2.427999120600000255e-02
2.777000000000000000e+03 2.778000000000000000e+03 5.097866821100000001e-01 2.032649042099999789e-02
2.778000000000000000e+03 2.779000000000000000e+03 4.746605133399999787e-01 2.070498786000000285e-02
2.779000000000000000e+03 2.780000000000000000e+03 4.397153768100000026e-01 1.757735897399999997e-02
2.780000000000000000e+03 2.781000000000000000e+03 3.390175420300000075e-01 1.747700729700000025e-02
2.781000000000000000e+03 2.782000000000000000e+03 2.486160760399999947e-01 1.530710728299999879e-02
2.782000000000000000e+03 2.783000000000000000e+03 2.459385290999999973e-01 1.487845056200000002e-02
2.783000000000000000e+03 2.784000000000000000e+03 4.539519310800000373e-01 8.063932969499999770e-02
2.784000000000000000e+03 2.785000000000000000e+03 5.224077671700000369e-01 3.111676624799999957e-02
2.785000000000000000e+03 2.786000000000000000e+03 6.344629702999999843e-01 2.936622167800000127e-02
2.786000000000000000e+03 2.787000000000000000e+03 5.586504022699999572e-01 2.581145069600000036e-02
2.787000000000000000e+03 2.788000000000000000e+03 5.479335431799999823e-01 2.399356471300000127e-02
2.788000000000000000e+03 2.789000000000000000e+03 4.967064914700000111e-01 2.290638763899999902e-02
2.789000000000000000e+03 2.790000000000000000e+03 4.513351427300000274e-01 2.352297946600000189e-02
2.790000000000000000e+03 2.791000000000000000e+03 4.148036408200000413e-01 1.742187290499999999e-02
2.791000000000000000e+03 2.792000000000000000e+03 3.427485294500000057e-01 1.777502678699999922e-02
2.792000000000000000e+03 2.793000000000000000e+03 2.859186448700000160e-01 1.618948722000000326e-02
2.793000000000000000e+03 2.794000000000000000e+03 2.327120048200000124e-01 1.455887895869999865e-02
2.794000000000000000e+03 2.795000000000000000e+03 5.652050701299999869e-01 3.426110042399999750e-02
2.795000000000000000e+03 2.796000000000000000e+03 6.551139653099999904e-01 3.900463225899999942e-02
2.796000000000000000e+03 2.797000000000000000e+03 5.852074493299999070e-01 2.761898826699999906e-02
2.797000000000000000e+03 2.798000000000000000e+03 6.248394082500000613e-01 2.755501313699999788e-02
2.798000000000000000e+03 2.799000000000000000e+03 5.662978654000000445e-01 2.302570322900000105e-02
2.799000000000000000e+03 2.800000000000000000e+03 4.894489245900000007e-01 2.044179733699999849e-02
2.800000000000000000e+03 2.801000000000000000e+03 4.519231528600000103e-01 1.849231209699999864e-02
2.801000000000000000e+03 2.802000000000000000e+03 3.966792584000000121e-01 1.767526008699999915e-02
2.802000000000000000e+03 2.803000000000000000e+03 3.364235515400000320e-01 1.657856638200000052e-02
2.803000000000000000e+03 2.804000000000000000e+03 2.299387231899999995e-01 1.437185513110000000e-02
2.804000000000000000e+03 2.805000000000000000e+03 1.108483093000000030e-01 1.133145349040000013e-02
2.805000000000000000e+03 2.806000000000000000e+03 5.964665962500000918e-01 3.536548507499999439e-02
2.806000000000000000e+03 2.807000000000000000e+03 5.953734133899999392e-01 7.116050728599999931e-02
2.807000000000000000e+03 2.808000000000000000e+03 5.773514086300000070e-01 2.966783874500000112e-02
2.808000000000000000e+03 2.809000000000000000e+03 5.962179714899999983e-01 5.489587356199999990e-02
2.809000000000000000e+03 2.810000000000000000e+03 5.885453349800000566e-01 2.395078601299999860e-02
2.810000000000000000e+03 2.811000000000000000e+03 4.964640290000000289e-01 2.027171968000000130e-02
2.811000000000000000e+03 2.812000000000000000e+03 4.230357020599999629e-01 1.903770076999999894e-02
2.812000000000000000e+03 2.813000000000000000e+03 4.204435922499999978e-01 1.716394909800000174e-02
2.813000000000000000e+03 2.814000000000000000e+03 -4.304772367999999509e-03 2.410656726899999998e-03
2.814000000000000000e+03 2.815000000000000000e+03 2.890366150400000000e-01 1.561459275200000052e-02
2.815000000000000000e+03 2.816000000000000000e+03 2.105902502099999962e-01 1.491910088400000105e-02
2.816000000000000000e+03 2.817000000000000000e+03 6.495105310800000087e-01 3.565038897400000378e-02
2.817000000000000000e+03 2.818000000000000000e+03 6.335154382800000095e-01 3.281419137599999453e-02
2.818000000000000000e+03 2.819000000000000000e+03 6.251549040900000742e-01 2.927650135600000023e-02
2.819000000000000000e+03 2.820000000000000000e+03 5.528890082699999819e-01 2.661185055200000066e-02
2.820000000000000000e+03 2.821000000000000000e+03 5.805566565799999967e-01 2.339124409600000162e-02
2.821000000000000000e+03 2.822000000000000000e+03 3.346623397300000358e-01 1.644018684219999971e-02
2.822000000000000000e+03 2.823000000000000000e+03 4.750535458499999808e-01 1.954397721300000015e-02
2.823000000000000000e+03 2.824000000000000000e+03 4.281047821699999756e-01 1.790618218099999936e-02
2.824000000000000000e+03 2.825000000000000000e+03 3.392121344599999810e-01 1.682051017099999921e-02
2.825000000000000000e+03 2.826000000000000000e+03 2.548782649999999927e-01 1.485726894499999999e-02
2.826000000000000000e+03 2.827000000000000000e+03 6.647398652100000409e-03 2.032519856399999953e-03
2.827000000000000000e+03 2.828000000000000000e+03 6.264560707200000911e-01 3.743855311499999505e-02
2.828000000000000000e+03 2.829000000000000000e+03 4.903188498500000159e-01 3.968116368100000485e-02
2.829000000000000000e+03 2.830000000000000000e+03 5.769909268199999719e-01 3.178765831899999644e-02
2.830000000000000000e+03 2.831000000000000000e+03 5.632470042699999624e-01 2.535566934200000205e-02
2.831000000000000000e+03 2.832000000000000000e+03 5.277061058999999998e-01 2.284345537400000320e-02
2.832000000000000000e+03 2.833000000000000000e+03 4.633188857599999655e-01 2.033223988500000232e-02
2.833000000000000000e+03 2.834000000000000000e+03 4.521245368999999847e-01 1.828876860400000318e-02
2.834000000000000000e+03 2.835000000000000000e+03 3.848388632599999970e-01 1.728247111599999844e-02
2.835000000000000000e+03 2.836000000000000000e+03 2.662041848799999721e-01 4.777191521199999902e-02
2.836000000000000000e+03 2.837000000000000000e+03 2.518167893000000102e-01 1.472347746290000002e-02
2.837000000000000000e+03 2.838000000000000000e+03 2.276528103800000147e-01 1.481010068999999950e-02
2.838000000000000000e+03 2.839000000000000000e+03 5.889333328899999387e-01 3.423576769300000489e-02
2.839000000000000000e+03 2.840000000000000000e+03 6.250774444300000177e-01 3.208212272100000040e-02
2.840000000000000000e+03 2.841000000000000000e+03 5.370155116699999454e-01 2.795118597599999949e-02
2.841000000000000000e+03 2.842000000000000000e+03 5.431661955000000042e-01 2.568601115800000015e-02
2.842000000000000000e+03 2.843000000000000000e+03 5.164032785300000095e-01 2.318113699800000010e-02
2.843000000000000000e+03 2.844000000000000000e+03 4.759331820100000110e-01 2.015666427600000185e-02
2.844000000000000000e+03 2.845000000000000000e+03 4.767432597600000377e-01 1.862381606799999936e-02
2.845000000000000000e+03 2.846000000000000000e+03 3.590263517499999724e-01 1.673280303600000254e-02
2.846000000000000000e+03 2.847000000000000000e+03 3.250211132900000521e-01 1.609163405000000116e-02
2.847000000000000000e+03 2.848000000000000000e+03 2.846205735099999745e-01 1.587789442500000051e-02
2.848000000000000000e+03 2.849000000000000000e+03 1.570429702219999779e-01 1.263143605850000108e-02
2.849000000000000000e+03 2.850000000000000000e+03 6.258298428199999819e-01 3.363991553100000031e-02
2.850000000000000000e+03 2.851000000000000000e+03 5.571279758599999576e-01 3.206625948399999954e-02
2.851000000000000000e+03 2.852000000000000000e+03 5.682831414499999179e-01 2.826767036400000196e-02
2.852000000000000000e+03 2.853000000000000000e+03 5.845363331399999751e-01 2.614843749999999981e-02
2.853000000000000000e+03 2.854000000000000000e+03 5.088709771100000667e-01 2.311804532799999895e-02
2.854000000000000000e+03 2.855000000000000000e+03 4.839334529300000076e-01 2.026068486700000060e-02
2.855000000000000000e+03 2.856000000000000000e+03 4.447809043700000076e-01 1.826206254100000079e-02
2.856000000000000000e+03 2.857000000000000000e+03 3.108381887599999671e-01 1.664890419600000004e-02
2.857000000000000000e+03 2.858000000000000000e+03 3.238295439600000214e-01 1.733673759100000031e-02
2.858000000000000000e+03 2.859000000000000000e+03 2.512649705000000178e-01 1.513847287000000090e-02
2.859000000000000000e+03 2.860000000000000000e+03 2.214240904099999963e-01 1.441044895809999969e-02
2.860000000000000000e+03 2.861000000000000000e+03 4.900432033900000151e-01 3.198147512099999701e-02
2.861000000000000000e+03 2.862000000000000000e+03 5.885407920799999859e-01 3.056331651700000193e-02
2.862000000000000000e+03 2.863000000000000000e+03 5.272759870299998930e-01 2.731997522300000023e-02
2.863000000000000000e+03 2.864000000000000000e+03 5.348472348400000742e-01 2.607608933200000062e-02
2.864000000000000000e+03 2.865000000000000000e+03 5.103971355199999893e-01 2.240094441600000083e-02
2.865000000000000000e+03 2.866000000000000000e+03 4.657464146299999941e-01 2.006206637400000103e-02
2.866000000000000000e+03 2.867000000000000000e+03 4.136952844299999765e-01 1.776241885200000037e-02
2.867000000000000000e+03 2.868000000000000000e+03 2.237170785200000012e-01 6.250372289199999931e-02
2.868000000000000000e+03 2.869000000000000000e+03 3.387420446100000149e-01 2.166796006699999930e-02
2.869000000000000000e+03 2.870000000000000000e+03 5.833134895620000328e-05 1.735018488199999967e-04
2.870000000000000000e+03 2.871000000000000000e+03 1.743417104000000162e-01 1.381790840949999842e-02
2.871000000000000000e+03 2.872000000000000000e+03 5.585741396900000266e-01 3.309607886700000057e-02
2.872000000000000000e+03 2.873000000000000000e+03 5.909971890199999800e-01 3.189202236400000279e-02
2.873000000000000000e+03 2.874000000000000000e+03 5.238859184499999877e-01 2.924702208800000064e-02
2.874000000000000000e+03 2.875000000000000000e+03 3.827461775200000083e-01 2.180676035299999871e-02
2.875000000000000000e+03 2.876000000000000000e+03 5.287296755800000581e-01 2.211359560899999951e-02
2.876000000000000000e+03 2.877000000000000000e+03 4.847281313099999767e-01 1.942312845899999904e-02
2.877000000000000000e+03 2.878000000000000000e+03 4.139208182200000419e-01 1.732552163399999831e-02
2.878000000000000000e+03 2.879000000000000000e+03 3.752781625900000195e-01 1.685282911600000100e-02
2.879000000000000000e+03 2.880000000000000000e+03 3.338296790800000524e-01 1.640024224199999880e-02
2.880000000000000000e+03 2.881000000000000000e+03 2.515198267700000101e-01 1.506544745900000037e-02
2.881000000000000000e+03 2.882000000000000000e+03 1.661823263399999917e-01 1.415292863350000110e-02
2.882000000000000000e+03 2.883000000000000000e+03 6.528783901400000422e-01 3.363404903299999776e-02
2.883000000000000000e+03 2.884000000000000000e+03 4.921453393399999876e-01 2.927191243499999845e-02
2.884000000000000000e+03 2.885000000000000000e+03 5.225983257800000947e-01 2.725462337099999674e-02
2.885000000000000000e+03 2.886000000000000000e+03 5.301733731300000141e-01 2.452056282600000026e-02
2.886000000000000000e+03 2.887000000000000000e+03 5.218343665800000419e-01 2.241361849199999950e-02
2.887000000000000000e+03 2.888000000000000000e+03 5.051493818000000191e-01 1.908178568900000330e-02
2.888000000000000000e+03 2.889000000000000000e+03 4.041501200500000057e-01 1.740066429799999939e-02
2.889000000000000000e+03 2.890000000000000000e+03 3.453009560699999980e-01 1.641598582499999986e-02
2.890000000000000000e+03 2.891000000000000000e+03 2.976986754900000087e-01 1.579668604700000187e-02
2.891000000000000000e+03 2.892000000000000000e+03 2.280096489100000012e-01 1.503098319699999914e-02
2.892000000000000000e+03 2.893000000000000000e+03 4.328959145100000350e-02 5.965695506700000560e-03
2.893000000000000000e+03 2.894000000000000000e+03 5.793292558099999434e-01 3.413060610899999736e-02
2.894000000000000000e+03 2.895000000000000000e+03 5.372370482699999616e-01 3.195320390700000235e-02
2.895000000000000000e+03 2.896000000000000000e+03 5.035482438399999650e-01 2.928514176800000104e-02
2.896000000000000000e+03 2.897000000000000000e+03 5.421710569400000068e-01 2.584098320000000060e-02
2.897000000000000000e+03 2.898000000000000000e+03 4.971227883600000119e-01 2.172568599299999972e-02
2.898000000000000000e+03 2.899000000000000000e+03 4.269037196000000089e-01 1.914732150100000030e-02
2.899000000000000000e+03 2.900000000000000000e+03 4.156194411399999900e-01 1.747079686600000112e-02
2.900000000000000000e+03 2.901000000000000000e+03 3.750249943799999763e-01 1.699077913800000131e-02
2.901000000000000000e+03 2.902000000000000000e+03 3.009159311699999839e-01 1.522469281899999950e-02
2.902000000000000000e+03 2.903000000000000000e+03 2.030657775799999953e-01 1.297460059779999980e-02
2.903000000000000000e+03 2.904000000000000000e+03 1.854310056600000089e-01 1.313183697249999983e-02
2.904000000000000000e+03 2.905000000000000000e+03 5.492689441800000516e-01 3.393550800200000050e-02
2.905000000000000000e+03 2.906000000000000000e+03 5.340518710499999600e-01 2.978871963699999958e-02
2.906000000000000000e+03 2.907000000000000000e+03 5.213883708900000080e-01 2.818449198699999811e-02
2.907000000000000000e+03 2.908000000000000000e+03 5.205012899199999987e-01 2.629679507500000055e-02
2.908000000000000000e+03 2.909000000000000000e+03 4.382632633799999899e-01 2.192047276599999941e-02
2.909000000000000000e+03 2.910000000000000000e+03 3.914995241199999976e-01 6.950185101200000160e-02
2.910000000000000000e+03 2.911000000000000000e+03 4.160148364499999807e-01 1.771020967600000010e-02
2.911000000000000000e+03 2.912000000000000000e+03 3.422974715000000057e-01 1.597971580299999833e-02
2.912000000000000000e+03 2.913000000000000000e+03 3.124489744799999746e-01 1.619574085000000108e-02
2.913000000000000000e+03 2.914000000000000000e+03 2.161571200899999878e-01 1.450720246640000051e-02
2.914000000000000000e+03 2.915000000000000000e+03 6.822712478299999307e-03 2.165413272399999839e-03
2.915000000000000000e+03 2.916000000000000000e+03 4.913432069600000007e-01 3.156661797100000083e-02
2.916000000000000000e+03 2.917000000000000000e+03 5.820825218699999803e-01 3.065286469299999955e-02
2.917000000000000000e+03 2.918000000000000000e+03 5.082823381199998991e-01 2.798864620399999989e-02
2.918000000000000000e+03 2.919000000000000000e+03 5.202672609299999751e-01 2.492868712699999878e-02
2.919000000000000000e+03 2.920000000000000000e+03 4.521056446000000228e-01 2.132801811499999978e-02
2.920000000000000000e+03 2.921000000000000000e+03 4.447512543100000104e-01 1.947697487200000105e-02
2.921000000000000000e+03 2.922000000000000000e+03 3.954436700800000315e-01 1.710257285599999996e-02
2.922000000000000000e+03 2.923000000000000000e+03 3.626273273900000316e-01 1.635750681499999887e-02
2.923000000000000000e+03 2.924000000000000000e+03 2.910507242900000069e-01 1.584544874100000250e-02
2.924000000000000000e+03 2.925000000000000000e+03 2.143546508900000258e-01 1.495882754189999976e-02
2.925000000000000000e+03 2.926000000000000000e+03 5.421457326600000182e-02 6.380510682199999443e-03
2.926000000000000000e+03 2.927000000000000000e+03 4.701762897800000340e-01 3.025332562299999986e-02
2.927000000000000000e+03 2.928000000000000000e+03 3.844094706200000267e-01 2.500762020399999869e-02
2.928000000000000000e+03 2.929000000000000000e+03 5.528587223299999964e-01 2.739382125300000165e-02
2.929000000000000000e+03 2.930000000000000000e+03 5.185035816999999936e-01 2.434391250299999809e-02
2.930000000000000000e+03 2.931000000000000000e+03 4.826553245300000405e-01 2.182017153300000109e-02
2.931000000000000000e+03 2.932000000000000000e+03 4.429085246100000206e-01 1.834903499899999749e-02
2.932000000000000000e+03 2.933000000000000000e+03 3.518493840499999914e-01 1.695265203689999903e-02
2.933000000000000000e+03 2.934000000000000000e+03 3.640546843399999899e-01 1.563029439000000048e-02
2.934000000000000000e+03 2.935000000000000000e+03 2.746074288099999983e-01 1.524530618400000113e-02
2.935000000000000000e+03 2.936000000000000000e+03 2.230902733899999824e-01 1.483118503089999977e-02
2.936000000000000000e+03 2.937000000000000000e+03 1.334388454019999892e-01 1.195082856630000009e-02
2.937000000000000000e+03 2.938000000000000000e+03 5.256234905600000173e-01 3.188263376000000093e-02
2.938000000000000000e+03 2.939000000000000000e+03 4.661695145199999946e-01 2.969810268300000083e-02
2.939000000000000000e+03 2.940000000000000000e+03 4.774055446400000124e-01 2.676490982800000182e-02
2.940000000000000000e+03 2.941000000000000000e+03 5.054235452399999939e-01 2.423759361100000231e-02
2.941000000000000000e+03 2.942000000000000000e+03 4.131635441700000078e-01 1.955272773700000161e-02
2.942000000000000000e+03 2.943000000000000000e+03 4.613509775300000393e-01 2.059310379899999960e-02
2.943000000000000000e+03 2.944000000000000000e+03 3.893709890100000015e-01 1.702059328799999938e-02
2.944000000000000000e+03 2.945000000000000000e+03 3.500016092400000112e-01 1.479831014190000071e-02
2.945000000000000000e+03 2.946000000000000000e+03 2.894099673299999620e-01 1.585692828800000162e-02
2.946000000000000000e+03 2.947000000000000000e+03 1.817096999900000009e-01 1.348159830809999953e-02
2.947000000000000000e+03 2.948000000000000000e+03 1.672355549200000013e-01 1.407870220629999988e-02
2.948000000000000000e+03 2.949000000000000000e+03 4.329611068900000026e-01 3.234628332799999867e-02
2.949000000000000000e+03 2.950000000000000000e+03 5.592569211700000320e-01 3.043030818499999762e-02
2.950000000000000000e+03 2.951000000000000000e+03 5.054917878800000430e-01 2.687501446600000163e-02
2.951000000000000000e+03 2.952000000000000000e+03 4.625077769600000055e-01 2.470065548599999911e-02
2.952000000000000000e+03 2.953000000000000000e+03 4.945612428300000252e-01 2.990180067000000261e-02
2.953000000000000000e+03 2.954000000000000000e+03 4.142639841399999856e-01 1.878554352799999966e-02
2.954000000000000000e+03 2.955000000000000000e+03 3.713652385299999747e-01 1.634938164199999794e-02
2.955000000000000000e+03 2.956000000000000000e+03 3.154446535299999521e-01 1.643093210300000315e-02
2.956000000000000000e+03 2.957000000000000000e+03 6.551981355999999352e-04 3.199070681199999572e-02
2.957000000000000000e+03 2.958000000000000000e+03 2.247615012099999920e-01 1.407487955640000094e-02
2.958000000000000000e+03 2.959000000000000000e+03 1.809463084700000113e-01 1.219653729860000098e-02
2.959000000000000000e+03 2.960000000000000000e+03 5.578156106399999592e-01 3.233722953800000077e-02
2.960000000000000000e+03 2.961000000000000000e+03 4.086198762800000162e-01 3.034514197900000168e-02
2.961000000000000000e+03 2.962000000000000000e+03 4.999532002200000047e-01 2.600297414100000148e-02
2.962000000000000000e+03 2.963000000000000000e+03 4.604691367500000077e-01 2.346542783300000282e-02
2.963000000000000000e+03 2.964000000000000000e+03 4.565105276399999967e-01 2.120191187499999991e-02
2.964000000000000000e+03 2.965000000000000000e+03 4.120784141400000156e-01 1.779204287299999965e-02
2.965000000000000000e+03 2.966000000000000000e+03 3.656792390499999934e-01 1.744016601599999994e-02
2.966000000000000000e+03 2.967000000000000000e+03 3.528176715899999927e-01 1.626813826500000254e-02
2.967000000000000000e+03 2.968000000000000000e+03 2.864476055899999873e-01 1.551906401600000075e-02
2.968000000000000000e+03 2.969000000000000000e+03 2.414556769400000025e-01 1.430918182910000114e-02
2.969000000000000000e+03 2.970000000000000000e+03 1.894868916000000125e-01 1.411084198410000011e-02
2.970000000000000000e+03 2.971000000000000000e+03 4.614991576600000478e-01 3.156009916099999923e-02
2.971000000000000000e+03 2.972000000000000000e+03 4.333825068699999616e-01 2.974824795300000033e-02
2.972000000000000000e+03 2.973000000000000000e+03 4.692169154099999906e-01 2.575579435300000275e-02
2.973000000000000000e+03 2.974000000000000000e+03 4.593373166599999946e-01 2.274836049500000151e-02
2.974000000000000000e+03 2.975000000000000000e+03 4.417158526700000198e-01 2.063451261199999998e-02
2.975000000000000000e+03 2.976000000000000000e+03 3.715819816500000039e-01 1.784426694099999766e-02
2.976000000000000000e+03 2.977000000000000000e+03 3.728449886599999874e-01 1.644072022700000107e-02
2.977000000000000000e+03 2.978000000000000000e+03 3.567610211999999725e-01 2.404334912299999766e-02
2.978000000000000000e+03 2.979000000000000000e+03 2.440089568900000172e-01 1.499625470250000141e-02
2.979000000000000000e+03 2.980000000000000000e+03 2.198545213399999976e-01 1.488757911279999999e-02
2.980000000000000000e+03 2.981000000000000000e+03 1.477732830500000094e-01 1.232738608630000107e-02
2.981000000000000000e+03 2.982000000000000000e+03 1.258025300799999954e-02 5.898034851399999896e-03
2.982000000000000000e+03 2.983000000000000000e+03 1.206075591320000112e-02 8.002378881599998828e-03
2.983000000000000000e+03 2.984000000000000000e+03 4.791878447899999838e-01 2.982359992000000251e-02
2.984000000000000000e+03 2.985000000000000000e+03 2.530502359100000320e-01 2.531509274299999918e-02
2.985000000000000000e+03 2.986000000000000000e+03 4.439229498999999746e-01 2.017501972300000251e-02
2.986000000000000000e+03 2.987000000000000000e+03 4.081510295699999902e-01 1.868578711099999970e-02
2.987000000000000000e+03 2.988000000000000000e+03 3.486429999400000312e-01 1.613633743490000202e-02
2.988000000000000000e+03 2.989000000000000000e+03 2.998248264600000268e-01 2.681474380600000137e-02
2.989000000000000000e+03 2.990000000000000000e+03 2.647070693400000452e-01 1.398934405190000070e-02
2.990000000000000000e+03 2.991000000000000000e+03 2.144481581299999828e-01 1.373420268879999885e-02
2.991000000000000000e+03 2.992000000000000000e+03 1.545566499400000127e-01 1.219879946159999930e-02
2.992000000000000000e+03 2.993000000000000000e+03 4.176844387599999986e-01 2.931544029100000004e-02
2.993000000000000000e+03 2.994000000000000000e+03 4.802341839200000018e-01 2.952464641199999823e-02
2.994000000000000000e+03 2.995000000000000000e+03 4.665085782699999739e-01 2.896689682899999951e-02
2.995000000000000000e+03 2.996000000000000000e+03 4.191865942499999886e-01 2.401253196500000020e-02
2.996000000000000000e+03 2.997000000000000000e+03 4.155178961500000101e-01 2.103960805400000023e-02
2.997000000000000000e+03 2.998000000000000000e+03 3.929114061599999763e-01 1.802414589499999956e-02
2.998000000000000000e+03 2.999000000000000000e+03 3.668793537100000224e-01 1.658756278600000134e-02
2.999000000000000000e+03 3.000000000000000000e+03 2.883651894800000060e-01 1.466081178909999991e-02
3.000000000000000000e+03 3.001000000000000000e+03 2.074397724700000056e-01 1.274301450160000154e-02
3.001000000000000000e+03 3.002000000000000000e+03 1.121627118049999955e-01 9.510545354499999257e-03
3.002000000000000000e+03 3.003000000000000000e+03 9.373752374299999801e-02 9.042076474600001246e-03
3.003000000000000000e+03 3.004000000000000000e+03 5.006317549000000033e-01 3.195302613699999711e-02
3.004000000000000000e+03 3.005000000000000000e+03 4.090865866699999742e-01 3.263901652699999906e-02
3.005000000000000000e+03 3.006000000000000000e+03 4.485488653699999939e-01 2.538046797400000248e-02
3.006000000000000000e+03 3.007000000000000000e+03 4.500646532700000035e-01 2.376768765099999958e-02
3.007000000000000000e+03 3.008000000000000000e+03 4.461414712699999785e-01 2.221805689399999895e-02
3.008000000000000000e+03 3.009000000000000000e+03 3.980294779499999880e-01 1.856774947199999956e-02
3.009000000000000000e+03 3.010000000000000000e+03 3.590870017599999686e-01 1.609881559410000079e-02
3.010000000000000000e+03 3.011000000000000000e+03 3.284155056399999939e-01 1.719246124000000167e-02
3.011000000000000000e+03 3.012000000000000000e+03 2.240686431299999948e-01 3.410260767699999779e-02
3.012000000000000000e+03 3.013000000000000000e+03 2.163851801699999966e-01 1.370618999980000030e-02
3.013000000000000000e+03 3.014000000000000000e+03 1.129127534039999908e-01 1.112903484730000045e-02
3.014000000000000000e+03 3.015000000000000000e+03 4.796504988800000258e-02 9.125294741799998971e-03
3.015000000000000000e+03 3.016000000000000000e+03 2.220291185800000056e-03 1.063613206229999802e-03
3.016000000000000000e+03 3.017000000000000000e+03 4.504378956999999795e-01 2.527016933499999854e-02
3.017000000000000000e+03 3.018000000000000000e+03 3.369792243699999967e-01 2.020759605800000192e-02
3.018000000000000000e+03 3.019000000000000000e+03 4.325983556999999924e-01 2.017822354500000206e-02
3.019000000000000000e+03 3.020000000000000000e+03 4.010588806900000081e-01 1.757717940599999931e-02
3.020000000000000000e+03 3.021000000000000000e+03 3.971554263100000037e-01 1.738042154399999789e-02
3.021000000000000000e+03 3.022000000000000000e+03 3.121770994999999993e-01 2.144879911599999883e-02
3.022000000000000000e+03 3.023000000000000000e+03 2.581811514299999777e-01 1.495108832019999973e-02
3.023000000000000000e+03 3.024000000000000000e+03 2.257446706899999822e-01 1.384123633560000073e-02
3.024000000000000000e+03 3.025000000000000000e+03 1.727365493200000157e-01 1.349740309459999954e-02
3.025000000000000000e+03 3.026000000000000000e+03 4.480903053199999930e-01 3.012001374700000109e-02
3.026000000000000000e+03 3.027000000000000000e+03 5.707329022300000089e-03 2.146378374700000195e-03
3.027000000000000000e+03 3.028000000000000000e+03 2.285542733100000001e-01 1.822093875299999818e-02
3.028000000000000000e+03 3.029000000000000000e+03 4.464510219299999694e-01 2.326990025200000034e-02
3.029000000000000000e+03 3.030000000000000000e+03 3.774139171600000009e-01 1.907965839200000124e-02
3.030000000000000000e+03 3.031000000000000000e+03 3.898770630999999764e-01 1.788402228600000088e-02
3.031000000000000000e+03 3.032000000000000000e+03 3.697484508300000194e-01 1.600460641039999979e-02
3.032000000000000000e+03 3.033000000000000000e+03 2.569325163799999756e-01 1.427759213879999968e-02
3.033000000000000000e+03 3.034000000000000000e+03 1.706883573400000131e-01 1.206151396999999986e-02
3.034000000000000000e+03 3.035000000000000000e+03 1.905614612100000049e-01 1.326157925960000025e-02
3.035000000000000000e+03 3.036000000000000000e+03 1.552979103580000020e-01 1.207751141149999985e-02
3.036000000000000000e+03 3.037000000000000000e+03 4.626573045499999814e-01 2.828669241399999965e-02
3.037000000000000000e+03 3.038000000000000000e+03 3.946988195700000257e-01 2.717757311499999912e-02
3.038000000000000000e+03 3.039000000000000000e+03 2.561951132599999958e-01 2.683832338099999965e-02
3.039000000000000000e+03 3.040000000000000000e+03 4.100467351600000088e-01 2.299938801200000077e-02
3.040000000000000000e+03 3.041000000000000000e+03 4.061032814099999610e-01 1.920306211800000204e-02
3.041000000000000000e+03 3.042000000000000000e+03 3.749919661600000231e-01 1.804943850869999977e-02
3.042000000000000000e+03 3.043000000000000000e+03 3.078728901299999654e-01 1.599114123640000065e-02
3.043000000000000000e+03 3.044000000000000000e+03 2.821976647899999691e-01 1.462004797210000005e-02
3.044000000000000000e+03 3.045000000000000000e+03 2.479485968899999837e-01 1.454619408709999923e-02
3.045000000000000000e+03 3.046000000000000000e+03 1.205147860330000043e-01 1.079336953719999860e-02
3.046000000000000000e+03 3.047000000000000000e+03 1.281076608320000088e-01 1.231094283089999991e-02
3.047000000000000000e+03 3.048000000000000000e+03 3.613281723100000287e-01 3.008748090800000136e-02
3.048000000000000000e+03 3.049000000000000000e+03 4.327721873800000063e-01 2.759286285000000019e-02
3.049000000000000000e+03 3.050000000000000000e+03 4.125680098599999734e-01 2.674312362200000071e-02
3.050000000000000000e+03 3.051000000000000000e+03 3.975531324900000163e-01 2.103083602999999968e-02
3.051000000000000000e+03 3.052000000000000000e+03 4.023488089099999665e-01 1.952044486599999878e-02
3.052000000000000000e+03 3.053000000000000000e+03 3.439075348099999707e-01 1.751241300600000009e-02
3.053000000000000000e+03 3.054000000000000000e+03 3.178922245199999885e-01 1.586640415309999858e-02
3.054000000000000000e+03 3.055000000000000000e+03 2.859205462300000167e-01 1.469735972710000012e-02
3.055000000000000000e+03 3.056000000000000000e+03 1.748863343400000048e-01 1.168841145990000101e-02
3.056000000000000000e+03 3.057000000000000000e+03 1.892638322500000136e-01 1.342056991970000043e-02
3.057000000000000000e+03 3.058000000000000000e+03 1.224334764970000100e-01 1.102802035729999984e-02
3.058000000000000000e+03 3.059000000000000000e+03 2.128327569000000030e-01 2.007301270800000009e-02
3.059000000000000000e+03 3.060000000000000000e+03 4.823168565900000093e-01 2.787770151099999705e-02
3.060000000000000000e+03 3.061000000000000000e+03 4.519138177099999987e-01 2.520818477100000149e-02
3.061000000000000000e+03 3.062000000000000000e+03 4.505876250599999966e-01 2.226074253600000136e-02
3.062000000000000000e+03 3.063000000000000000e+03 3.855248359899999810e-01 2.148558197500000100e-02
3.063000000000000000e+03 3.064000000000000000e+03 3.664941074299999935e-01 1.653038175909999838e-02
3.064000000000000000e+03 3.065000000000000000e+03 3.473087183999999938e-01 1.605614475740000172e-02
3.065000000000000000e+03 3.066000000000000000e+03 2.857295213700000169e-01 1.818552027800000165e-02
3.066000000000000000e+03 3.067000000000000000e+03 2.028325234799999988e-01 1.262882481620000025e-02
3.067000000000000000e+03 3.068000000000000000e+03 1.980673808800000046e-01 1.303557997069999981e-02
3.068000000000000000e+03 3.069000000000000000e+03 1.393268324370000033e-01 1.216912022190000039e-02
3.069000000000000000e+03 3.070000000000000000e+03 4.706010139599999809e-01 3.143986755199999761e-02
3.070000000000000000e+03 3.071000000000000000e+03 4.691779365899999554e-01 2.699339160900000173e-02
3.071000000000000000e+03 3.072000000000000000e+03 4.139926996299999606e-01 2.584509451799999954e-02
3.072000000000000000e+03 3.073000000000000000e+03 3.354963188699999765e-01 4.758144326900000387e-02
3.073000000000000000e+03 3.074000000000000000e+03 3.593574906399999991e-01 2.689536926200000039e-02
3.074000000000000000e+03 3.075000000000000000e+03 3.652129369500000111e-01 1.691276111820000025e-02
3.075000000000000000e+03 3.076000000000000000e+03 3.087261276900000184e-01 1.544460030830000115e-02
3.076000000000000000e+03 3.077000000000000000e+03 2.595185559700000089e-01 1.479977047519999943e-02
3.077000000000000000e+03 3.078000000000000000e+03 2.405491636900000119e-01 1.404503945060000050e-02
3.078000000000000000e+03 3.079000000000000000e+03 1.922114764600000025e-01 1.336617456749999988e-02
3.079000000000000000e+03 3.080000000000000000e+03 1.463028336299999899e-01 1.174095549179999913e-02
3.080000000000000000e+03 3.081000000000000000e+03 3.093307388000000047e-01 2.628314783599999815e-02
3.081000000000000000e+03 3.082000000000000000e+03 3.647227414100000509e-01 2.661102248599999873e-02
3.082000000000000000e+03 3.083000000000000000e+03 4.298458444100000109e-01 2.385802442199999943e-02
3.083000000000000000e+03 3.084000000000000000e+03 4.063966915100000188e-01 2.154487871299999927e-02
3.084000000000000000e+03 3.085000000000000000e+03 3.201001124199999714e-01 2.045126871900000004e-02
3.085000000000000000e+03 3.086000000000000000e+03 3.558799981299999859e-01 1.718203820900000151e-02
3.086000000000000000e+03 3.087000000000000000e+03 3.195308397300000158e-01 1.489673048469999928e-02
3.087000000000000000e+03 3.088000000000000000e+03 2.466149472299999923e-01 1.313896659680000023e-02
3.088000000000000000e+03 3.089000000000000000e+03 2.331495840699999988e-01 1.429873395799999974e-02
3.089000000000000000e+03 3.090000000000000000e+03 1.838066538299999997e-01 1.301383524979999977e-02
3.090000000000000000e+03 3.091000000000000000e+03 8.793497593400000090e-02 1.059069269729999950e-02
3.091000000000000000e+03 3.092000000000000000e+03 3.636893999199999894e-01 3.014303367699999736e-02
3.092000000000000000e+03 3.093000000000000000e+03 4.427183947000000175e-01 2.724364029900000136e-02
3.093000000000000000e+03 3.094000000000000000e+03 4.528442133899999722e-01 2.475804694099999897e-02
3.094000000000000000e+03 3.095000000000000000e+03 3.958428577399999981e-01 2.299039447300000108e-02
3.095000000000000000e+03 3.096000000000000000e+03 3.742966564399999863e-01 5.016204200299999999e-02
3.096000000000000000e+03 3.097000000000000000e+03 3.532804445699999629e-01 1.683278097450000010e-02
3.097000000000000000e+03 3.098000000000000000e+03 3.012996941499999637e-01 1.482157599940000028e-02
3.098000000000000000e+03 3.099000000000000000e+03 2.684885498800000381e-01 1.538868229220000106e-02
3.099000000000000000e+03 3.100000000000000000e+03 2.190357043099999956e-01 1.387027180600000111e-02
3.100000000000000000e+03 3.101000000000000000e+03 1.880684512499999905e-01 1.309014091339999984e-02
3.101000000000000000e+03 3.102000000000000000e+03 5.235557916700000342e-02 6.780154644700000025e-03
3.102000000000000000e+03 3.103000000000000000e+03 2.878505204499999803e-01 6.313169881300000064e-02
3.103000000000000000e+03 3.104000000000000000e+03 4.128939947299999913e-01 2.627803771899999905e-02
3.104000000000000000e+03 3.105000000000000000e+03 4.132182979599999806e-01 2.419160349900000007e-02
3.105000000000000000e+03 3.106000000000000000e+03 4.285661631700000140e-01 2.204342345100000072e-02
3.106000000000000000e+03 3.107000000000000000e+03 3.979000245000000047e-01 1.907941409500000032e-02
3.107000000000000000e+03 3.108000000000000000e+03 3.635863340799999621e-01 1.710696807190000002e-02
3.108000000000000000e+03 3.109000000000000000e+03 2.150167490300000095e-01 1.266916984810000091e-02
3.109000000000000000e+03 3.110000000000000000e+03 7.633740709700000127e-02 6.838455744599999941e-03
3.110000000000000000e+03 3.111000000000000000e+03 2.137831855600000053e-01 1.415304952849999985e-02
3.111000000000000000e+03 3.112000000000000000e+03 2.105119174699999762e-01 1.298713118120000017e-02
3.112000000000000000e+03 3.113000000000000000e+03 1.592306825099999990e-01 1.236482973729999962e-02
3.113000000000000000e+03 3.114000000000000000e+03 3.965325829800000479e-01 2.895654304800000106e-02
3.114000000000000000e+03 3.115000000000000000e+03 5.309449853500000094e-01 7.851383097300000669e-02
3.115000000000000000e+03 3.116000000000000000e+03 3.856418763100000202e-01 2.476136074600000098e-02
3.116000000000000000e+03 3.117000000000000000e+03 3.492742265599999563e-01 2.072424409299999937e-02
3.117000000000000000e+03 3.118000000000000000e+03 3.770182464099999797e-01 1.899426654300000183e-02
3.118000000000000000e+03 3.119000000000000000e+03 3.087278668499999768e-01 1.647912913799999893e-02
3.119000000000000000e+03 3.120000000000000000e+03 3.256737080500000103e-01 1.612506203900000018e-02
3.120000000000000000e+03 3.121000000000000000e+03 2.667014976900000112e-01 2.379228616299999821e-02
3.121000000000000000e+03 3.122000000000000000e+03 2.452089176399999959e-01 3.422293563399999433e-02
3.122000000000000000e+03 3.123000000000000000e+03 1.626136303900000135e-01 1.358712740359999983e-02
3.123000000000000000e+03 3.124000000000000000e+03 1.273333576740000028e-01 1.134014632519999947e-02
3.124000000000000000e+03 3.125000000000000000e+03 4.479539580299999879e-01 1.015869093799999928e-01
3.125000000000000000e+03 3.126000000000000000e+03 2.918031253300000238e-01 7.951061752699999097e-02
3.126000000000000000e+03 3.127000000000000000e+03 2.428495170399999903e-01 7.458468678999999324e-02
3.127000000000000000e+03 3.128000000000000000e+03 1.897721708289999976e-01 7.434479473899999191e-02
3.128000000000000000e+03 3.129000000000000000e+03 1.242873194439999968e-01 7.496404222300000197e-02
3.129000000000000000e+03 3.130000000000000000e+03 1.354897498879999995e-01 4.948152078999999703e-02
3.130000000000000000e+03 3.131000000000000000e+03 1.409587362880000139e-01 5.532281953899999966e-02
3.131000000000000000e+03 3.132000000000000000e+03 2.771205118100000114e-02 4.341815316099999905e-02
3.132000000000000000e+03 3.133000000000000000e+03 1.396176582199999960e-01 4.283008082500000535e-02
3.133000000000000000e+03 3.134000000000000000e+03 1.519198693600000150e-01 4.079170139199999462e-02
3.134000000000000000e+03 3.135000000000000000e+03 -6.273036311300000945e-02 3.177512596800000089e-02
3.135000000000000000e+03 3.136000000000000000e+03 3.752668951800000041e-01 8.735922307999999248e-02
3.136000000000000000e+03 3.137000000000000000e+03 3.650118786500000101e-01 7.397248562699999808e-02
3.137000000000000000e+03 3.138000000000000000e+03 3.683487278300000001e-01 8.119308073900000089e-02
3.138000000000000000e+03 3.139000000000000000e+03 3.796094582700000331e-01 7.444964914899999953e-02
3.139000000000000000e+03 3.140000000000000000e+03 2.506130023099999993e-01 6.995529266500000176e-02
3.140000000000000000e+03 3.141000000000000000e+03 -3.227962074200000503e-02 6.000497577000000332e-02
3.141000000000000000e+03 3.142000000000000000e+03 9.881518001000000329e-02 4.651744264600000262e-02
3.142000000000000000e+03 3.143000000000000000e+03 9.824995622299999287e-02 4.288530749799999986e-02
3.143000000000000000e+03 3.144000000000000000e+03 3.037661762599999996e-02 3.904020172799999716e-02
3.144000000000000000e+03 3.145000000000000000e+03 1.107604354209999892e-01 4.232805143200000370e-02
3.145000000000000000e+03 3.146000000000000000e+03 2.549134615099999876e-02 2.982213852899999809e-02
3.146000000000000000e+03 3.147000000000000000e+03 2.246680225089999761e-01 7.943899303099999365e-02
3.147000000000000000e+03 3.148000000000000000e+03 1.485334920489999877e-01 7.537179878199999628e-02
3.148000000000000000e+03 3.149000000000000000e+03 4.227421926000000107e-01 7.249925703600000604e-02
3.149000000000000000e+03 3.150000000000000000e+03 3.297191815099999590e-01 6.861699338599999698e-02
3.150000000000000000e+03 3.151000000000000000e+03 -1.326704072500000109e-01 6.308279489599999401e-02
3.151000000000000000e+03 3.152000000000000000e+03 1.734034900699999993e-01 5.867045050499999914e-02
3.152000000000000000e+03 3.153000000000000000e+03 1.064392376169999987e-01 5.489971009399999963e-02
3.153000000000000000e+03 3.154000000000000000e+03 1.135406153700000004e-01 5.055116484299999879e-02
3.154000000000000000e+03 3.155000000000000000e+03 2.257265970700000068e-01 4.118668141499999547e-02
3.155000000000000000e+03 3.156000000000000000e+03 -8.958311475499999843e-02 3.857071642699999581e-02
3.156000000000000000e+03 3.157000000000000000e+03 7.377884791500000095e-02 3.061958934200000038e-02
3.157000000000000000e+03 3.158000000000000000e+03 3.966976359000000119e-01 9.125050102699999721e-02
3.158000000000000000e+03 3.159000000000000000e+03 4.259381633700000114e-01 8.091507092999999928e-02
3.159000000000000000e+03 3.160000000000000000e+03 2.662183679500000344e-01 6.426048176799999123e-02
3.160000000000000000e+03 3.161000000000000000e+03 2.909238430800000219e-01 7.001104283499999525e-02
3.161000000000000000e+03 3.162000000000000000e+03 2.142075553099999918e-01 6.003438592499999588e-02
3.162000000000000000e+03 3.163000000000000000e+03 1.869083489179999835e-01 5.243561668100000378e-02
3.163000000000000000e+03 3.164000000000000000e+03 2.099655169610000205e-01 5.134555036799999528e-02
3.164000000000000000e+03 3.165000000000000000e+03 1.286289041199999983e-01 4.233847428200000068e-02
3.165000000000000000e+03 3.166000000000000000e+03 1.554953847599999939e-01 3.657500945099999984e-02
3.166000000000000000e+03 3.167000000000000000e+03 3.012199094860000190e-02 2.919224118700000301e-02
3.167000000000000000e+03 3.168000000000000000e+03 1.506641528200000080e-01 3.198776980500000339e-02
3.168000000000000000e+03 3.169000000000000000e+03 3.897829441399999761e-01 7.795921857400001098e-02
3.169000000000000000e+03 3.170000000000000000e+03 4.021951470199999767e-01 9.872952801800000122e-02
3.170000000000000000e+03 3.171000000000000000e+03 4.599779506900000259e-01 8.354185387599999402e-02
3.171000000000000000e+03 3.172000000000000000e+03 3.144813968599999843e-01 6.802547834100000634e-02
3.172000000000000000e+03 3.173000000000000000e+03 -4.145302531700000015e-02 7.154260156900001111e-02
3.173000000000000000e+03 3.174000000000000000e+03 2.640000084540000125e-01 6.804052054100000191e-02
3.174000000000000000e+03 3.175000000000000000e+03 1.704323927200000199e-01 4.816754036999999766e-02
3.175000000000000000e+03 3.176000000000000000e+03 1.964563715219999895e-01 4.493263151900000335e-02
3.176000000000000000e+03 3.177000000000000000e+03 1.640858250299999932e-01 4.088813016899999625e-02
3.177000000000000000e+03 3.178000000000000000e+03 1.104058082318999934e-01 3.519465313899999837e-02
3.178000000000000000e+03 3.179000000000000000e+03 -4.307867009699999777e-02 3.202872131899999614e-02
3.179000000000000000e+03 3.180000000000000000e+03 3.601116607299999495e-01 8.744717902600000758e-02
3.180000000000000000e+03 3.181000000000000000e+03 1.777520427769999911e-01 7.599640417000000370e-02
3.181000000000000000e+03 3.182000000000000000e+03 2.833357175999999811e-01 6.759967894700000257e-02
3.182000000000000000e+03 3.183000000000000000e+03 3.873975440699999884e-01 6.601173072899998995e-02
3.183000000000000000e+03 3.184000000000000000e+03 1.555591179399999982e-02 8.137133921000000436e-02
3.184000000000000000e+03 3.185000000000000000e+03 1.460411821639999996e-01 6.166427865199999858e-02
3.185000000000000000e+03 3.186000000000000000e+03 3.609599083799999719e-02 5.090865147099999516e-02
3.186000000000000000e+03 3.187000000000000000e+03 8.261705753699999377e-02 3.920067179400000407e-02
3.187000000000000000e+03 3.188000000000000000e+03 1.260513187689999981e-01 3.664340439299999808e-02
3.188000000000000000e+03 3.189000000000000000e+03 1.290237005800000114e-01 3.198351035199999831e-02
3.189000000000000000e+03 3.190000000000000000e+03 1.664270823699999791e-01 3.628790067699999566e-02
3.190000000000000000e+03 3.191000000000000000e+03 2.650094532999999752e-01 8.150328047199999204e-02
3.191000000000000000e+03 3.192000000000000000e+03 1.324963184789999804e-01 8.489033111499999507e-02
3.192000000000000000e+03 3.193000000000000000e+03 1.997981655599999906e-01 6.958171857400000104e-02
3.193000000000000000e+03 3.194000000000000000e+03 2.768165151499999976e-01 6.636695832000000239e-02
3.194000000000000000e+03 3.195000000000000000e+03 7.837179801099999898e-02 6.370367367000000225e-02
3.195000000000000000e+03 3.196000000000000000e+03 2.776637789099999920e-01 5.548130229199999680e-02
3.196000000000000000e+03 3.197000000000000000e+03 1.476226188620000102e-01 4.931243644499999634e-02
3.197000000000000000e+03 3.198000000000000000e+03 1.734657497819999949e-01 4.172541027999999985e-02
3.198000000000000000e+03 3.199000000000000000e+03 1.420572576600000192e-01 3.927573940000000235e-02
3.199000000000000000e+03 3.200000000000000000e+03 1.090286461059999934e-01 3.743559893899999630e-02
3.200000000000000000e+03 3.201000000000000000e+03 3.437245387920000173e-02 3.372174395599999985e-02
3.201000000000000000e+03 3.202000000000000000e+03 2.756665620560000418e-01 7.513149076300000562e-02
3.202000000000000000e+03 3.203000000000000000e+03 3.795628274399999724e-01 7.407652847199999724e-02
3.203000000000000000e+03 3.204000000000000000e+03 3.968848967400000483e-01 5.691376005499999835e-02
3.204000000000000000e+03 3.205000000000000000e+03 2.183515014399999843e-01 7.835199867300000898e-02
3.205000000000000000e+03 3.206000000000000000e+03 2.665562769700000056e-01 5.606256098399999693e-02
3.206000000000000000e+03 3.207000000000000000e+03 3.196209721700000173e-01 5.657825374200000507e-02
3.207000000000000000e+03 3.208000000000000000e+03 5.811654940000000012e-04 4.599969580800000041e-02
3.208000000000000000e+03 3.209000000000000000e+03 2.021653442799999922e-01 4.576618981200000075e-02
3.209000000000000000e+03 3.210000000000000000e+03 1.400668659100000046e-01 3.685687608200000076e-02
3.210000000000000000e+03 3.211000000000000000e+03 1.217867390039999997e-01 3.794350752299999879e-02
3.211000000000000000e+03 3.212000000000000000e+03 1.000624454620000076e-01 3.308432857799999821e-02
3.212000000000000000e+03 3.213000000000000000e+03 2.086326029320000053e-01 6.773957477399999982e-02
3.213000000000000000e+03 3.214000000000000000e+03 1.406802621219999938e-01 6.238628534599999914e-02
3.214000000000000000e+03 3.215000000000000000e+03 2.761429215999999798e-01 7.064258361099999550e-02
3.215000000000000000e+03 3.216000000000000000e+03 2.763116294300000386e-01 6.726426237799999763e-02
3.216000000000000000e+03 3.217000000000000000e+03 3.469189643699999714e-01 6.383350628099999924e-02
3.217000000000000000e+03 3.218000000000000000e+03 1.310882769020000060e-01 5.237152218499999817e-02
3.218000000000000000e+03 3.219000000000000000e+03 1.593608036980000142e-01 4.636517203300000167e-02
3.219000000000000000e+03 3.220000000000000000e+03 1.725806946800000075e-01 4.909648658299999718e-02
3.220000000000000000e+03 3.221000000000000000e+03 1.722032932199999977e-01 4.584766830999999904e-02
3.221000000000000000e+03 3.222000000000000000e+03 1.595079976000000066e-01 3.668195416799999858e-02
3.222000000000000000e+03 3.223000000000000000e+03 4.899726315599999688e-02 3.024068020399999987e-02
3.223000000000000000e+03 3.224000000000000000e+03 3.305647785299999919e-01 7.099412522000000947e-02
3.224000000000000000e+03 3.225000000000000000e+03 4.000168506699999793e-01 7.032642647799999813e-02
3.225000000000000000e+03 3.226000000000000000e+03 3.211059489699999991e-01 8.908814164599999919e-02
3.226000000000000000e+03 3.227000000000000000e+03 3.172773341999999830e-01 7.617228016099999999e-02
3.227000000000000000e+03 3.228000000000000000e+03 2.947020710500000140e-01 6.254087642500000266e-02
3.228000000000000000e+03 3.229000000000000000e+03 2.156658024099999960e-01 5.830925599100000162e-02
3.229000000000000000e+03 3.230000000000000000e+03 2.974018153699999889e-01 4.948286218100000217e-02
3.230000000000000000e+03 3.231000000000000000e+03 1.171320770149999885e-01 4.355389535000000339e-02
3.231000000000000000e+03 3.232000000000000000e+03 2.897490583999999883e-02 4.058019312399999828e-02
3.232000000000000000e+03 3.233000000000000000e+03 1.104115817400000005e-01 3.508049845199999461e-02
3.233000000000000000e+03 3.234000000000000000e+03 9.960874108999999421e-02 2.248047211699999784e-02
3.234000000000000000e+03 3.235000000000000000e+03 3.218913099499999819e-01 6.979338169200000053e-02
3.235000000000000000e+03 3.236000000000000000e+03 3.294952652600000031e-01 5.745999247999999948e-02
3.236000000000000000e+03 3.237000000000000000e+03 2.046918025109999983e-01 7.391647385199999476e-02
3.237000000000000000e+03 3.238000000000000000e+03 2.285677616279999935e-01 7.989654135399999746e-02
3.238000000000000000e+03 3.239000000000000000e+03 2.359860356100000056e-01 6.052706969600000347e-02
3.239000000000000000e+03 3.240000000000000000e+03 2.624269943499999980e-01 5.128517788000000466e-02
3.240000000000000000e+03 3.241000000000000000e+03 1.912450634800000049e-01 5.315040399100000312e-02
3.241000000000000000e+03 3.242000000000000000e+03 -1.597230860940000025e-02 4.201083931200000343e-02
3.242000000000000000e+03 3.243000000000000000e+03 1.793517972800000027e-01 4.171963345500000198e-02
3.243000000000000000e+03 3.244000000000000000e+03 1.490313172119999974e-01 3.884300257599999917e-02
3.244000000000000000e+03 3.245000000000000000e+03 9.417709138400000290e-02 3.426879984800000611e-02
3.245000000000000000e+03 3.246000000000000000e+03 2.926278650299999895e-01 7.045832110699999651e-02
3.246000000000000000e+03 3.247000000000000000e+03 4.037120360500000005e-01 6.867020497299999859e-02
3.247000000000000000e+03 3.248000000000000000e+03 2.759529438300000193e-01 7.029472975599999895e-02
3.248000000000000000e+03 3.249000000000000000e+03 2.162308850219999967e-01 5.749566475500000190e-02
3.249000000000000000e+03 3.250000000000000000e+03 4.137700904300000149e-01 6.159773179099999746e-02
3.250000000000000000e+03 3.251000000000000000e+03 2.755171879600000207e-01 5.039071408000000279e-02
3.251000000000000000e+03 3.252000000000000000e+03 2.298190753600000136e-01 4.274388418800000033e-02
3.252000000000000000e+03 3.253000000000000000e+03 1.102722910420000091e-01 3.594089074299999798e-02
3.253000000000000000e+03 3.254000000000000000e+03 1.341301219649999876e-01 3.772517852099999819e-02
3.254000000000000000e+03 3.255000000000000000e+03 9.896269872800000922e-02 4.229652729600000272e-02
3.255000000000000000e+03 3.256000000000000000e+03 4.639856359999999791e-03 2.820152933499999945e-02
3.256000000000000000e+03 3.257000000000000000e+03 3.136660523799999489e-01 7.339755745800000120e-02
3.257000000000000000e+03 3.258000000000000000e+03 3.267709032299999650e-01 7.015588607500000684e-02
3.258000000000000000e+03 3.259000000000000000e+03 3.403640007700000081e-01 5.976073218599999709e-02
3.259000000000000000e+03 3.260000000000000000e+03 2.540020487899999901e-01 5.754322532600000123e-02
3.260000000000000000e+03 3.261000000000000000e+03 1.450827838899999833e-01 6.414793333399999853e-02
3.261000000000000000e+03 3.262000000000000000e+03 3.344304898499999568e-01 5.585770246999999938e-02
3.262000000000000000e+03 3.263000000000000000e+03 1.959587486699999881e-01 4.678966019099999735e-02
3.263000000000000000e+03 3.264000000000000000e+03 2.545423185100000318e-01 4.078574822099999969e-02
3.264000000000000000e+03 3.265000000000000000e+03 1.502967250599999971e-01 3.961206542700000666e-02
3.265000000000000000e+03 3.266000000000000000e+03 1.630469472799999930e-01 3.876911961500000003e-02
3.266000000000000000e+03 3.267000000000000000e+03 1.214640370910000100e-01 2.877588174699999973e-02
3.267000000000000000e+03 3.268000000000000000e+03 1.209972676929999963e-01 8.575246819700001188e-02
3.268000000000000000e+03 3.269000000000000000e+03 3.041057081200000400e-01 6.452129921199999119e-02
3.269000000000000000e+03 3.270000000000000000e+03 3.609704615100000069e-01 6.171066921900000141e-02
3.270000000000000000e+03 3.271000000000000000e+03 2.493783125100000053e-01 6.477637480699999228e-02
3.271000000000000000e+03 3.272000000000000000e+03 -8.905963689699999963e-02 5.982160042399999739e-02
3.272000000000000000e+03 3.273000000000000000e+03 2.165456016300000008e-01 5.964051606100000125e-02
3.273000000000000000e+03 3.274000000000000000e+03 1.834949922699999902e-01 4.216633044899999877e-02
3.274000000000000000e+03 3.275000000000000000e+03 9.708034750800000057e-02 4.056561421700000114e-02
3.275000000000000000e+03 3.276000000000000000e+03 2.043803677999999832e-02 3.364747236500000016e-02
3.276000000000000000e+03 3.277000000000000000e+03 1.034258946750000047e-01 3.491363504799999823e-02
3.277000000000000000e+03 3.278000000000000000e+03 6.874928040800000473e-02 2.462116949899999935e-02
3.278000000000000000e+03 3.279000000000000000e+03 2.255090434689999979e-01 8.263262227600000343e-02
3.279000000000000000e+03 3.280000000000000000e+03 3.669641989999999909e-01 7.445245452700000044e-02
3.280000000000000000e+03 3.281000000000000000e+03 2.129851522929999963e-01 7.227097966600000423e-02
3.281000000000000000e+03 3.282000000000000000e+03 2.004868923700000027e-01 6.432691617199999545e-02
3.282000000000000000e+03 3.283000000000000000e+03 3.056606478199999644e-01 5.221048770900000441e-02
3.283000000000000000e+03 3.284000000000000000e+03 1.950448289900000021e-01 4.516404232000000019e-02
3.284000000000000000e+03 3.285000000000000000e+03 2.012579714900000205e-01 4.797275896199999778e-02
3.285000000000000000e+03 3.286000000000000000e+03 1.235498685549999975e-01 4.304512336699999747e-02
3.286000000000000000e+03 3.287000000000000000e+03 8.602574188299999536e-02 3.883826010099999948e-02
3.287000000000000000e+03 3.288000000000000000e+03 2.444153513599999980e-02 3.109142261999999976e-02
3.288000000000000000e+03 3.289000000000000000e+03 9.725775951600000580e-02 2.452842462100000148e-02
3.289000000000000000e+03 3.290000000000000000e+03 2.800941426199999862e-01 6.913212788000000497e-02
3.290000000000000000e+03 3.291000000000000000e+03 2.679843063000000303e-01 8.495978317899999244e-02
3.291000000000000000e+03 3.292000000000000000e+03 2.501420277999999997e-01 5.759116278699999425e-02
3.292000000000000000e+03 3.293000000000000000e+03 3.551371597199999841e-01 6.157881022699999984e-02
3.293000000000000000e+03 3.294000000000000000e+03 2.773305490699999876e-01 6.711784147100000042e-02
3.294000000000000000e+03 3.295000000000000000e+03 2.119128171199999855e-01 5.544814519800000258e-02
3.295000000000000000e+03 3.296000000000000000e+03 2.199404217400000028e-01 4.662948453899999623e-02
3.296000000000000000e+03 3.297000000000000000e+03 1.243713212310000038e-01 4.597125769500000347e-02
3.297000000000000000e+03 3.298000000000000000e+03 1.641291686799999927e-01 4.058842234800000282e-02
3.298000000000000000e+03 3.299000000000000000e+03 1.181158946419999939e-01 2.900152680099999866e-02
3.299000000000000000e+03 3.300000000000000000e+03 -4.868472581500000312e-02 2.629627863900000154e-02
3.300000000000000000e+03 3.301000000000000000e+03 3.461589928899999613e-02 7.275333281799999108e-02
3.301000000000000000e+03 3.302000000000000000e+03 2.245492848200000002e-01 6.775103054500000721e-02
3.302000000000000000e+03 3.303000000000000000e+03 2.673968172600000304e-01 5.845097684699999963e-02
3.303000000000000000e+03 3.304000000000000000e+03 3.165386415800000020e-01 6.536417583100000150e-02
3.304000000000000000e+03 3.305000000000000000e+03 3.425715617999999796e-01 6.727873746699999935e-02
3.305000000000000000e+03 3.306000000000000000e+03 2.012551911500000124e-01 4.885031534900000083e-02
3.306000000000000000e+03 3.307000000000000000e+03 1.794181124389999937e-01 4.903977817300000236e-02
3.307000000000000000e+03 3.308000000000000000e+03 2.353461766900000196e-01 4.490759122500000144e-02
3.308000000000000000e+03 3.309000000000000000e+03 1.026209958740000039e-01 3.457729484500000200e-02
3.309000000000000000e+03 3.310000000000000000e+03 -1.671325178099999920e-02 2.656958266500000082e-02
3.310000000000000000e+03 3.311000000000000000e+03 7.735672879400000423e-02 2.554989714100000184e-02
3.311000000000000000e+03 3.312000000000000000e+03 3.468053835799999596e-01 7.175391916999999953e-02
3.312000000000000000e+03 3.313000000000000000e+03 2.075358650429999785e-01 6.733378266700000558e-02
3.313000000000000000e+03 3.314000000000000000e+03 2.846803174099999945e-01 6.417984493699999127e-02
3.314000000000000000e+03 3.315000000000000000e+03 1.282389242710000044e-01 6.676399692999999969e-02
3.315000000000000000e+03 3.316000000000000000e+03 1.318755421139999884e-01 7.175494613899999208e-02
3.316000000000000000e+03 3.317000000000000000e+03 2.536496636199999655e-01 5.454984118600000181e-02
3.317000000000000000e+03 3.318000000000000000e+03 1.262235914000000014e-01 5.169776529000000287e-02
3.318000000000000000e+03 3.319000000000000000e+03 2.096072371399999856e-01 4.069620031199999710e-02
3.319000000000000000e+03 3.320000000000000000e+03 8.832534297700000980e-02 3.461670712799999605e-02
3.320000000000000000e+03 3.321000000000000000e+03 1.071355224429999947e-01 3.173528848999999930e-02
3.321000000000000000e+03 3.322000000000000000e+03 1.141389623460000030e-01 2.344066296300000019e-02
3.322000000000000000e+03 3.323000000000000000e+03 1.861182085869999836e-01 7.473355969899998785e-02
3.323000000000000000e+03 3.324000000000000000e+03 3.085936043499999948e-01 7.175011021799999889e-02
3.324000000000000000e+03 3.325000000000000000e+03 2.321819449399999957e-01 6.030286447300000491e-02
3.325000000000000000e+03 3.326000000000000000e+03 2.434034998999999866e-01 5.398988489399999396e-02
3.326000000000000000e+03 3.327000000000000000e+03 1.389537625970000134e-01 6.128602361200000126e-02
3.327000000000000000e+03 3.328000000000000000e+03 1.606584232060000172e-01 5.205753430300000262e-02
3.328000000000000000e+03 3.329000000000000000e+03 2.197963483500000037e-01 4.634334484199999910e-02
3.329000000000000000e+03 3.330000000000000000e+03 2.528587518900000108e-01 4.805527557400000177e-02
3.330000000000000000e+03 3.331000000000000000e+03 5.583016153200000276e-02 4.054894799299999658e-02
3.331000000000000000e+03 3.332000000000000000e+03 1.065781587700000005e-01 2.884453356599999893e-02
3.332000000000000000e+03 3.333000000000000000e+03 2.295468847300000115e-02 2.201333935200000189e-02
3.333000000000000000e+03 3.334000000000000000e+03 -5.981730858400000073e-02 6.559359799399999691e-02
3.334000000000000000e+03 3.335000000000000000e+03 2.559765110900000251e-01 6.382101835299999748e-02
3.335000000000000000e+03 3.336000000000000000e+03 3.381570052400000304e-01 6.047170742200000393e-02
3.336000000000000000e+03 3.337000000000000000e+03 2.602028380799999985e-01 6.137691136899999650e-02
3.337000000000000000e+03 3.338000000000000000e+03 2.098680812200000023e-01 5.811564102499999773e-02
3.338000000000000000e+03 3.339000000000000000e+03 1.320849899169999897e-01 6.032450330400000033e-02
3.339000000000000000e+03 3.340000000000000000e+03 9.133314320499999472e-02 3.879101932400000341e-02
3.340000000000000000e+03 3.341000000000000000e+03 1.004433943960000020e-01 4.299881448100000003e-02
3.341000000000000000e+03 3.342000000000000000e+03 1.065558386640000077e-01 3.895688114000000341e-02
3.342000000000000000e+03 3.343000000000000000e+03 1.045400239830000105e-01 2.673893418299999949e-02
3.343000000000000000e+03 3.344000000000000000e+03 -2.807442288600000072e-02 2.416247581099999903e-02
3.344000000000000000e+03 3.345000000000000000e+03 5.695695756639999885e-02 6.561078217700000437e-02
3.345000000000000000e+03 3.346000000000000000e+03 1.837541860940000160e-01 6.042297526700000226e-02
3.346000000000000000e+03 3.347000000000000000e+03 1.962286742930000050e-01 5.359880298800000220e-02
3.347000000000000000e+03 3.348000000000000000e+03 2.653269863400000150e-01 5.743724481900000511e-02
3.348000000000000000e+03 3.349000000000000000e+03 1.835062649499999976e-01 6.440904154399999804e-02
3.349000000000000000e+03 3.350000000000000000e+03 2.239101916200000042e-01 5.173605064000000309e-02
3.350000000000000000e+03 3.351000000000000000e+03 2.647153024200000204e-01 4.340211548700000088e-02
3.351000000000000000e+03 3.352000000000000000e+03 1.862247544500000018e-01 3.534198433400000117e-02
3.352000000000000000e+03 3.353000000000000000e+03 -3.290222750199999630e-02 3.453519688799999710e-02
3.353000000000000000e+03 3.354000000000000000e+03 1.398650004299999972e-01 3.247031268199999932e-02
3.354000000000000000e+03 3.355000000000000000e+03 8.905575229999999898e-02 2.199438591500000109e-02
3.355000000000000000e+03 3.356000000000000000e+03 3.488746350700000498e-01 7.390109607000000524e-02
3.356000000000000000e+03 3.357000000000000000e+03 2.303603634399999933e-01 6.479398386099999296e-02
3.357000000000000000e+03 3.358000000000000000e+03 1.992497062240000116e-01 6.112604100299999510e-02
3.358000000000000000e+03 3.359000000000000000e+03 2.468251579500000126e-01 5.712062532799999648e-02
3.359000000000000000e+03 3.360000000000000000e+03 2.836526344000000477e-01 5.750918225099999753e-02
3.360000000000000000e+03 3.361000000000000000e+03 2.474744313499999959e-01 5.347772545400000105e-02
3.361000000000000000e+03 3.362000000000000000e+03 2.292120459599999993e-01 5.063022855600000233e-02
3.362000000000000000e+03 3.363000000000000000e+03 1.728771358800000046e-01 4.465430702900000104e-02
3.363000000000000000e+03 3.364000000000000000e+03 2.064978779399999909e-01 4.041374940200000154e-02
3.364000000000000000e+03 3.365000000000000000e+03 -1.788862992600000201e-02 2.798730757900000019e-02
3.365000000000000000e+03 3.366000000000000000e+03 -5.054222695499999835e-02 2.072385131200000022e-02
3.366000000000000000e+03 3.367000000000000000e+03 2.999001779600000139e-01 8.350128834599999939e-02
3.367000000000000000e+03 3.368000000000000000e+03 2.246532417769999956e-01 7.158776171200000038e-02
3.368000000000000000e+03 3.369000000000000000e+03 3.031860402600000115e-01 6.303184993899998978e-02
3.369000000000000000e+03 3.370000000000000000e+03 3.012862361099999942e-01 5.097911056900000099e-02
3.370000000000000000e+03 3.371000000000000000e+03 1.822923911200000080e-01 4.854563896499999864e-02
3.371000000000000000e+03 3.372000000000000000e+03 1.834855082999999887e-01 4.791844696299999568e-02
3.372000000000000000e+03 3.373000000000000000e+03 1.424068728640000003e-01 4.712376210399999571e-02
3.373000000000000000e+03 3.374000000000000000e+03 1.552117909490000058e-01 4.462448623399999786e-02
3.374000000000000000e+03 3.375000000000000000e+03 1.237811570899999963e-01 3.502591162799999908e-02
3.375000000000000000e+03 3.376000000000000000e+03 6.807695705499999805e-02 2.702143290700000089e-02
3.376000000000000000e+03 3.377000000000000000e+03 7.839666031799999435e-02 2.202566478900000110e-02
3.377000000000000000e+03 3.378000000000000000e+03 2.435802889099999979e-01 5.871993984200000322e-02
3.378000000000000000e+03 3.379000000000000000e+03 -7.130473065100000063e-02 5.946133512199999749e-02
3.379000000000000000e+03 3.380000000000000000e+03 2.704676470499999819e-01 6.412647476299999927e-02
3.380000000000000000e+03 3.381000000000000000e+03 2.059733816039999998e-01 6.233786063000000544e-02
3.381000000000000000e+03 3.382000000000000000e+03 2.550450353400000036e-01 4.872909111399999910e-02
3.382000000000000000e+03 3.383000000000000000e+03 1.600419625660000067e-01 5.086870863299999823e-02
3.383000000000000000e+03 3.384000000000000000e+03 1.869393983899999834e-01 3.709756061099999530e-02
3.384000000000000000e+03 3.385000000000000000e+03 1.504565563589999877e-01 4.360618858200000086e-02
3.385000000000000000e+03 3.386000000000000000e+03 2.962200035299999805e-03 3.134248905099999705e-02
3.386000000000000000e+03 3.387000000000000000e+03 1.277969322299999932e-01 3.044102120999999869e-02
3.387000000000000000e+03 3.388000000000000000e+03 4.866727994200000657e-02 2.138976024399999801e-02
3.388000000000000000e+03 3.389000000000000000e+03 2.717604866200000191e-01 5.528101955800000106e-02
3.389000000000000000e+03 3.390000000000000000e+03 1.744191638269999844e-01 5.886924054599999845e-02
3.390000000000000000e+03 3.391000000000000000e+03 2.088623142090000051e-01 6.016367812300000423e-02
3.391000000000000000e+03 3.392000000000000000e+03 2.040298798749999865e-01 5.780036009799999902e-02
3.392000000000000000e+03 3.393000000000000000e+03 5.467436161800000305e-02 6.234449842499999866e-02
3.393000000000000000e+03 3.394000000000000000e+03 3.148642176700000017e-01 4.450326316699999840e-02
3.394000000000000000e+03 3.395000000000000000e+03 1.828274337699999919e-01 3.987314458200000300e-02
3.395000000000000000e+03 3.396000000000000000e+03 1.160583749469999981e-01 3.651906413000000073e-02
3.396000000000000000e+03 3.397000000000000000e+03 3.394172965969999983e-02 3.479468086600000232e-02
3.397000000000000000e+03 3.398000000000000000e+03 -3.467416892729999894e-02 2.988328044699999769e-02
3.398000000000000000e+03 3.399000000000000000e+03 1.482808737999999869e-02 2.323665249799999888e-02
3.399000000000000000e+03 3.400000000000000000e+03 1.729214230399999941e-01 5.823357736399999846e-02
3.400000000000000000e+03 3.401000000000000000e+03 2.590970279460000358e-01 5.625465143400000534e-02
3.401000000000000000e+03 3.402000000000000000e+03 2.309050129169999965e-01 6.590750371100000116e-02
3.402000000000000000e+03 3.403000000000000000e+03 2.215774411700000002e-01 5.410350403100000483e-02
3.403000000000000000e+03 3.404000000000000000e+03 2.607274401799999919e-01 5.519025980799999870e-02
3.404000000000000000e+03 3.405000000000000000e+03 1.990410570899999732e-01 5.036154814299999977e-02
3.405000000000000000e+03 3.406000000000000000e+03 1.571835203499999944e-01 5.071801117800000397e-02
3.406000000000000000e+03 3.407000000000000000e+03 1.885433782999999808e-01 3.606869853900000061e-02
3.407000000000000000e+03 3.408000000000000000e+03 -4.112744042500000169e-02 3.562049444300000034e-02
3.408000000000000000e+03 3.409000000000000000e+03 9.308005538100000420e-02 3.552236899800000069e-02
3.409000000000000000e+03 3.410000000000000000e+03 9.059792035899999485e-02 2.792689951199999951e-02
3.410000000000000000e+03 3.411000000000000000e+03 9.143796293799999475e-02 6.839735314200000305e-02
3.411000000000000000e+03 3.412000000000000000e+03 2.886911784800000325e-01 5.905857789999999913e-02
3.412000000000000000e+03 3.413000000000000000e+03 2.631194453200000338e-01 5.403335199700000369e-02
3.413000000000000000e+03 3.414000000000000000e+03 2.402496308799999813e-01 5.307892681600000218e-02
3.414000000000000000e+03 3.415000000000000000e+03 2.157125235200000046e-01 5.067740535000000296e-02
3.415000000000000000e+03 3.416000000000000000e+03 -7.921996413699999851e-02 4.181097120299999415e-02
3.416000000000000000e+03 3.417000000000000000e+03 2.246068493599999993e-01 4.163419110100000098e-02
3.417000000000000000e+03 3.418000000000000000e+03 1.580569457099999797e-01 3.514751361300000321e-02
3.418000000000000000e+03 3.419000000000000000e+03 1.203671327199999919e-01 3.432799788899999760e-02
3.419000000000000000e+03 3.420000000000000000e+03 4.467443452799999687e-02 2.780076778900000128e-02
3.420000000000000000e+03 3.421000000000000000e+03 7.495287393600000292e-02 2.319145097700000061e-02
3.421000000000000000e+03 3.422000000000000000e+03 2.617534460589999723e-01 6.274148222200000291e-02
3.422000000000000000e+03 3.423000000000000000e+03 2.418218859180000235e-01 5.728346187299999948e-02
3.423000000000000000e+03 3.424000000000000000e+03 2.898649112099999647e-01 5.100006325399999985e-02
3.424000000000000000e+03 3.425000000000000000e+03 3.038843211100000219e-01 5.296929794699999777e-02
3.425000000000000000e+03 3.426000000000000000e+03 2.619426441800000172e-01 4.827742392799999616e-02
3.426000000000000000e+03 3.427000000000000000e+03 3.198483613100000511e-01 5.233113177199999466e-02
3.427000000000000000e+03 3.428000000000000000e+03 1.798701601600000144e-01 4.338094663399999495e-02
3.428000000000000000e+03 3.429000000000000000e+03 1.151499177910000060e-01 3.748443160200000401e-02
3.429000000000000000e+03 3.430000000000000000e+03 5.194365595799999707e-02 3.078747581200000014e-02
3.430000000000000000e+03 3.431000000000000000e+03 -4.843476820999999960e-03 2.735312697500000279e-02
3.431000000000000000e+03 3.432000000000000000e+03 2.962095732100000073e-02 1.957293816800000086e-02
3.432000000000000000e+03 3.433000000000000000e+03 2.423364246910000019e-01 6.484068307199999937e-02
3.433000000000000000e+03 3.434000000000000000e+03 3.251729830100000274e-01 7.043743321999999807e-02
3.434000000000000000e+03 3.435000000000000000e+03 3.402862618699999953e-01 5.125267058900000172e-02
3.435000000000000000e+03 3.436000000000000000e+03 2.533819663000000388e-01 5.231923191700000447e-02
3.436000000000000000e+03 3.437000000000000000e+03 2.776837766699999932e-01 5.028612335999999711e-02
3.437000000000000000e+03 3.438000000000000000e+03 1.909779485299999968e-01 4.201901240899999501e-02
3.438000000000000000e+03 3.439000000000000000e+03 1.667543218699999996e-01 3.818812753699999535e-02
3.439000000000000000e+03 3.440000000000000000e+03 -2.574962077299999819e-02 4.135239636100000032e-02
3.440000000000000000e+03 3.441000000000000000e+03 7.289189051000000141e-02 3.457760142699999734e-02
3.441000000000000000e+03 3.442000000000000000e+03 9.141144368899999095e-02 2.723946096299999925e-02
3.442000000000000000e+03 3.443000000000000000e+03 6.334426632699999282e-02 2.011312228800000296e-02
3.443000000000000000e+03 3.444000000000000000e+03 2.739773652949999971e-01 6.177423782699999893e-02
3.444000000000000000e+03 3.445000000000000000e+03 2.441761289300000137e-01 5.862268964999999693e-02
3.445000000000000000e+03 3.446000000000000000e+03 6.970248509000000203e-02 5.796218121199999546e-02
3.446000000000000000e+03 3.447000000000000000e+03 2.520055127199999911e-01 5.356148244600000136e-02
3.447000000000000000e+03 3.448000000000000000e+03 2.106991044819999936e-01 4.651897105299999946e-02
3.448000000000000000e+03 3.449000000000000000e+03 1.459704596099999918e-01 4.410304141800000521e-02
3.449000000000000000e+03 3.450000000000000000e+03 1.768172163069999803e-01 3.895216373200000026e-02
3.450000000000000000e+03 3.451000000000000000e+03 2.016610454790000173e-01 5.370866336199999619e-02
3.451000000000000000e+03 3.452000000000000000e+03 1.193324209479999926e-01 3.336854026700000059e-02
3.452000000000000000e+03 3.453000000000000000e+03 8.739640670200000960e-02 3.076776745300000004e-02
3.453000000000000000e+03 3.454000000000000000e+03 8.097182902299999985e-02 2.184983522799999883e-02
3.454000000000000000e+03 3.455000000000000000e+03 -6.044926087900000244e-02 5.527431101400000213e-02
3.455000000000000000e+03 3.456000000000000000e+03 9.130174513500000089e-02 5.078618855300000290e-02
3.456000000000000000e+03 3.457000000000000000e+03 2.404779271399999918e-01 5.634237588899999871e-02
3.457000000000000000e+03 3.458000000000000000e+03 2.114445191880000019e-01 5.938695719400000073e-02
3.458000000000000000e+03 3.459000000000000000e+03 1.634915782899999948e-01 5.607902113700000135e-02
3.459000000000000000e+03 3.460000000000000000e+03 1.571666469800000188e-01 4.513069454499999550e-02
3.460000000000000000e+03 3.461000000000000000e+03 1.800808252200000181e-01 4.234438015400000116e-02
3.461000000000000000e+03 3.462000000000000000e+03 1.059012824479999976e-01 3.871110895500000371e-02
3.462000000000000000e+03 3.463000000000000000e+03 8.949102907799999507e-02 2.858056222199999857e-02
3.463000000000000000e+03 3.464000000000000000e+03 9.949976039499999758e-02 2.246879482900000086e-02
3.464000000000000000e+03 3.465000000000000000e+03 6.332022969200000462e-02 2.092240000099999941e-02
3.465000000000000000e+03 3.466000000000000000e+03 1.910000341089999887e-01 5.560085230299999931e-02
3.466000000000000000e+03 3.467000000000000000e+03 1.943665881279999785e-01 5.687544671400000112e-02
3.467000000000000000e+03 3.468000000000000000e+03 2.217488130760000009e-01 5.187641850900000240e-02
3.468000000000000000e+03 3.469000000000000000e+03 2.442728070900000159e-01 5.764764781500000129e-02
3.469000000000000000e+03 3.470000000000000000e+03 1.898776703499999996e-01 5.289765724400000146e-02
3.470000000000000000e+03 3.471000000000000000e+03 1.203043876090000019e-01 4.921997272399999956e-02
3.471000000000000000e+03 3.472000000000000000e+03 2.240892499899999890e-01 4.051730337500000084e-02
3.472000000000000000e+03 3.473000000000000000e+03 1.350684515159999988e-01 3.120881812600000138e-02
3.473000000000000000e+03 3.474000000000000000e+03 1.524635297130000067e-01 3.328813988300000082e-02
3.474000000000000000e+03 3.475000000000000000e+03 7.025036274199999986e-02 2.898461166799999947e-02
3.475000000000000000e+03 3.476000000000000000e+03 -2.485535620899999992e-02 1.682607273599999800e-02
3.476000000000000000e+03 3.477000000000000000e+03 2.699861030099999781e-01 5.998209156799999553e-02
3.477000000000000000e+03 3.478000000000000000e+03 3.045957318199999930e-01 6.259041972999999925e-02
3.478000000000000000e+03 3.479000000000000000e+03 2.425631770520000063e-01 6.799701955100000139e-02
3.479000000000000000e+03 3.480000000000000000e+03 1.468963342199999800e-01 5.369037158900000217e-02
3.480000000000000000e+03 3.481000000000000000e+03 2.979434009999999966e-01 6.142633740599999503e-02
3.481000000000000000e+03 3.482000000000000000e+03 1.456703298620000142e-01 5.039077136399999768e-02
3.482000000000000000e+03 3.483000000000000000e+03 2.400049869499999988e-01 4.324316285899999779e-02
3.483000000000000000e+03 3.484000000000000000e+03 1.153837194699999930e-01 3.031889920400000077e-02
3.484000000000000000e+03 3.485000000000000000e+03 1.442857239700000016e-01 3.348400624399999748e-02
3.485000000000000000e+03 3.486000000000000000e+03 4.228435412299999530e-02 2.354540674699999794e-02
3.486000000000000000e+03 3.487000000000000000e+03 5.047860740900000226e-02 2.013351791999999987e-02
3.487000000000000000e+03 3.488000000000000000e+03 2.404324840009999797e-01 6.333230252499999491e-02
3.488000000000000000e+03 3.489000000000000000e+03 2.136406212780000147e-01 5.328690472000000011e-02
3.489000000000000000e+03 3.490000000000000000e+03 2.601058264300000200e-01 6.128213806099999661e-02
3.490000000000000000e+03 3.491000000000000000e+03 2.019954852599999962e-01 4.904687641100000106e-02
3.491000000000000000e+03 3.492000000000000000e+03 2.131623204699999996e-01 4.370088807999999991e-02
3.492000000000000000e+03 3.493000000000000000e+03 1.238152995500000075e-01 5.172965190899999482e-02
3.493000000000000000e+03 3.494000000000000000e+03 1.617935352699999829e-01 3.912705329599999726e-02
3.494000000000000000e+03 3.495000000000000000e+03 1.401962994510000116e-01 3.250080438499999835e-02
3.495000000000000000e+03 3.496000000000000000e+03 1.345586520979999978e-01 3.090668029600000116e-02
3.496000000000000000e+03 3.497000000000000000e+03 -3.490828835800000030e-02 2.391284301800000039e-02
3.497000000000000000e+03 3.498000000000000000e+03 4.613030145499999457e-02 2.331584302800000091e-02
3.498000000000000000e+03 3.499000000000000000e+03 8.159836255900001015e-03 6.253574769899999941e-02
3.499000000000000000e+03 3.500000000000000000e+03 2.318230063580000166e-01 6.262137517400000186e-02
3.500000000000000000e+03 3.501000000000000000e+03 2.315693411849999994e-01 5.866511599499999591e-02
3.501000000000000000e+03 3.502000000000000000e+03 1.108936272360000058e-01 4.538760448799999958e-02
3.502000000000000000e+03 3.503000000000000000e+03 1.801887218660000178e-01 4.455070939000000535e-02
3.503000000000000000e+03 3.504000000000000000e+03 1.967539335200000072e-01 4.599460915899999947e-02
3.504000000000000000e+03 3.505000000000000000e+03 1.977394944599999982e-01 4.031729586100000345e-02
3.505000000000000000e+03 3.506000000000000000e+03 1.584467544800000072e-01 2.908931160399999896e-02
3.506000000000000000e+03 3.507000000000000000e+03 1.445215258170000072e-01 2.992568312099999975e-02
3.507000000000000000e+03 3.508000000000000000e+03 6.785052804299999962e-02 2.710946915799999912e-02
3.508000000000000000e+03 3.509000000000000000e+03 5.669895922999999838e-02 2.021710499400000000e-02
3.509000000000000000e+03 3.510000000000000000e+03 2.662905991000000250e-01 6.126574197299999858e-02
3.510000000000000000e+03 3.511000000000000000e+03 2.451596323060000193e-01 5.025673992000000145e-02
3.511000000000000000e+03 3.512000000000000000e+03 9.899409086799999813e-02 4.845973326700000333e-02
3.512000000000000000e+03 3.513000000000000000e+03 2.609164630300000454e-01 5.254313193599999959e-02
3.513000000000000000e+03 3.514000000000000000e+03 2.217546075599999833e-01 4.385108784200000137e-02
3.514000000000000000e+03 3.515000000000000000e+03 1.845872277669999839e-01 4.819105997499999877e-02
3.515000000000000000e+03 3.516000000000000000e+03 1.322967743519999906e-01 3.698706095700000224e-02
3.516000000000000000e+03 3.517000000000000000e+03 1.319963709749999992e-01 3.201306888699999992e-02
3.517000000000000000e+03 3.518000000000000000e+03 1.317361992899999945e-01 3.266574231399999723e-02
3.518000000000000000e+03 3.519000000000000000e+03 7.116330839699999689e-02 2.853104959499999996e-02
3.519000000000000000e+03 3.520000000000000000e+03 4.135317114799999527e-02 1.879654609300000084e-02
3.520000000000000000e+03 3.521000000000000000e+03 2.333794734560000195e-01 5.381109743600000217e-02
3.521000000000000000e+03 3.522000000000000000e+03 8.565311247430000552e-02 5.645563909500000283e-02
3.522000000000000000e+03 3.523000000000000000e+03 1.594256992689999930e-01 4.841669412599999833e-02
3.523000000000000000e+03 3.524000000000000000e+03 2.865278647699999737e-01 6.344401114299999533e-02
3.524000000000000000e+03 3.525000000000000000e+03 5.721556623999999452e-02 4.239273528700000099e-02
3.525000000000000000e+03 3.526000000000000000e+03 1.905159789530000147e-01 4.477634718699999988e-02
3.526000000000000000e+03 3.527000000000000000e+03 1.807830122599999867e-01 4.036456663600000022e-02
3.527000000000000000e+03 3.528000000000000000e+03 1.970635820999999954e-01 3.662229685699999737e-02
3.528000000000000000e+03 3.529000000000000000e+03 1.263133972319999965e-01 4.001414592599999986e-02
3.529000000000000000e+03 3.530000000000000000e+03 9.182868879099999326e-02 3.064612103099999957e-02
3.530000000000000000e+03 3.531000000000000000e+03 5.465276251500000154e-02 2.557678201699999793e-02
3.531000000000000000e+03 3.532000000000000000e+03 2.885048731300000058e-01 6.541538244700000060e-02
3.532000000000000000e+03 3.533000000000000000e+03 1.546623411989999919e-01 4.458034633900000154e-02
3.533000000000000000e+03 3.534000000000000000e+03 1.972232164999999926e-01 5.988717512200000120e-02
3.534000000000000000e+03 3.535000000000000000e+03 1.935315260840000107e-01 6.463773888500000397e-02
3.535000000000000000e+03 3.536000000000000000e+03 1.859930585500000066e-01 4.321184414500000431e-02
3.536000000000000000e+03 3.537000000000000000e+03 1.474310074800000148e-01 4.607160373600000663e-02
3.537000000000000000e+03 3.538000000000000000e+03 1.626689529099999976e-01 4.783688606400000182e-02
3.538000000000000000e+03 3.539000000000000000e+03 7.802632209500000304e-02 3.881128565499999961e-02
3.539000000000000000e+03 3.540000000000000000e+03 7.858850775200000582e-02 3.688372426400000209e-02
3.540000000000000000e+03 3.541000000000000000e+03 9.781828006699999634e-02 2.860011743900000084e-02
3.541000000000000000e+03 3.542000000000000000e+03 6.154236580099999715e-02 1.879643928699999827e-02
3.542000000000000000e+03 3.543000000000000000e+03 1.614871878839999886e-01 5.974078770399999377e-02
3.543000000000000000e+03 3.544000000000000000e+03 2.028739595930000028e-01 5.662847319700000520e-02
3.544000000000000000e+03 3.545000000000000000e+03 1.670178813799999828e-01 5.605691306300000093e-02
3.545000000000000000e+03 3.546000000000000000e+03 2.585853722099999974e-01 5.869656245600000238e-02
3.546000000000000000e+03 3.547000000000000000e+03 1.813984072000000003e-01 4.976870736099999609e-02
3.547000000000000000e+03 3.548000000000000000e+03 1.685032389329999825e-01 4.484222762500000153e-02
3.548000000000000000e+03 3.549000000000000000e+03 2.048038384199999951e-01 3.226823334699999851e-02
3.549000000000000000e+03 3.550000000000000000e+03 1.521641759699999819e-01 3.352313787999999795e-02
3.550000000000000000e+03 3.551000000000000000e+03 1.121827485709999961e-01 2.952525032300000116e-02
3.551000000000000000e+03 3.552000000000000000e+03 -2.821922099100000053e-02 2.325016491500000310e-02
3.552000000000000000e+03 3.553000000000000000e+03 1.823981680800000268e-02 2.043647154400000249e-02
3.553000000000000000e+03 3.554000000000000000e+03 2.443198290910000015e-01 5.359704144900000189e-02
3.554000000000000000e+03 3.555000000000000000e+03 2.420620533210000036e-01 4.777159883699999554e-02
3.555000000000000000e+03 3.556000000000000000e+03 2.641811890199999846e-01 5.264469813500000095e-02
3.556000000000000000e+03 3.557000000000000000e+03 2.314213253799999870e-01 5.842824230700000010e-02
3.557000000000000000e+03 3.558000000000000000e+03 2.042648675600000074e-01 4.569664336199999455e-02
3.558000000000000000e+03 3.559000000000000000e+03 1.739745548629999805e-01 4.273137367700000078e-02
3.559000000000000000e+03 3.560000000000000000e+03 1.446400164499999919e-01 3.664417744899999690e-02
3.560000000000000000e+03 3.561000000000000000e+03 5.183175561899999728e-02 3.160193684899999939e-02
3.561000000000000000e+03 3.562000000000000000e+03 2.324966328900000129e-02 2.757540019200000261e-02
3.562000000000000000e+03 3.563000000000000000e+03 9.396173520399998813e-02 2.718736728800000280e-02
3.563000000000000000e+03 3.564000000000000000e+03 5.506788368599999789e-02 2.104927319600000124e-02
3.564000000000000000e+03 3.565000000000000000e+03 1.202902277389999997e-01 5.229010971999999841e-02
3.565000000000000000e+03 3.566000000000000000e+03 2.698124908300000291e-01 5.080753895100000028e-02
3.566000000000000000e+03 3.567000000000000000e+03 2.025882561620000188e-01 5.625067526599999979e-02
3.567000000000000000e+03 3.568000000000000000e+03 1.350268118300000098e-01 5.745795360800000362e-02
3.568000000000000000e+03 3.569000000000000000e+03 1.898656057789999962e-01 5.059916758500000028e-02
3.569000000000000000e+03 3.570000000000000000e+03 1.328285704100000061e-02 3.738810375900000066e-02
3.570000000000000000e+03 3.571000000000000000e+03 1.860229698899999728e-01 3.919027719499999785e-02
3.571000000000000000e+03 3.572000000000000000e+03 2.298075883400000075e-01 4.195533302700000383e-02
3.572000000000000000e+03 3.573000000000000000e+03 4.891057999799999778e-02 3.042572452199999999e-02
3.573000000000000000e+03 3.574000000000000000e+03 7.554723817699998678e-02 2.264823226900000014e-02
3.574000000000000000e+03 3.575000000000000000e+03 9.585893320699999387e-02 2.261578733500000174e-02
3.575000000000000000e+03 3.576000000000000000e+03 2.920893570900000014e-01 4.990345689700000087e-02
3.576000000000000000e+03 3.577000000000000000e+03 2.054688536570000168e-01 4.628650135900000406e-02
3.577000000000000000e+03 3.578000000000000000e+03 1.936392621260000224e-01 5.044518311699999757e-02
3.578000000000000000e+03 3.579000000000000000e+03 2.116902756130000229e-01 5.060737482699999984e-02
3.579000000000000000e+03 3.580000000000000000e+03 2.259243337200000090e-01 4.162472462899999975e-02
3.580000000000000000e+03 3.581000000000000000e+03 1.491034502100000159e-01 4.101760578400000246e-02
3.581000000000000000e+03 3.582000000000000000e+03 1.010445044560000089e-01 3.410939416400000229e-02
3.582000000000000000e+03 3.583000000000000000e+03 1.222330220319999966e-01 3.960918240100000376e-02
3.583000000000000000e+03 3.584000000000000000e+03 1.216206286400000058e-01 2.478710780899999813e-02
3.584000000000000000e+03 3.585000000000000000e+03 1.134143413099999997e-01 2.973471602899999816e-02
3.585000000000000000e+03 3.586000000000000000e+03 5.328977574799999978e-02 1.746443974799999702e-02
3.586000000000000000e+03 3.587000000000000000e+03 -4.488679631999999836e-02 4.684630765600000107e-02
3.587000000000000000e+03 3.588000000000000000e+03 1.512462993990000004e-01 5.422691374199999775e-02
3.588000000000000000e+03 3.589000000000000000e+03 3.193915863599999794e-01 5.661975988100000079e-02
3.589000000000000000e+03 3.590000000000000000e+03 1.926536306590000136e-01 5.699894030999999583e-02
3.590000000000000000e+03 3.591000000000000000e+03 1.130393082229999985e-01 4.289879371699999860e-02
3.591000000000000000e+03 3.592000000000000000e+03 1.403513084470000005e-01 4.076123702899999562e-02
3.592000000000000000e+03 3.593000000000000000e+03 1.581212035700000074e-01 3.290425269100000216e-02
3.593000000000000000e+03 3.594000000000000000e+03 1.372912045190000097e-01 3.260978652500000352e-02
3.594000000000000000e+03 3.595000000000000000e+03 1.302576443300000053e-01 3.072653806700000045e-02
3.595000000000000000e+03 3.596000000000000000e+03 9.657065321699999372e-02 2.671700850400000188e-02
3.596000000000000000e+03 3.597000000000000000e+03 4.432530357999999587e-02 2.119077298999999873e-02
3.597000000000000000e+03 3.598000000000000000e+03 1.039257133999999953e-04 4.269011308999999532e-02
3.598000000000000000e+03 3.599000000000000000e+03 1.396017453609999792e-01 4.525451045500000075e-02
3.599000000000000000e+03 3.600000000000000000e+03 1.485215315830000216e-01 5.197446930599999848e-02
3.600000000000000000e+03 3.601000000000000000e+03 1.584524805060000263e-01 4.896449823299999643e-02
3.601000000000000000e+03 3.602000000000000000e+03 5.172828723700000075e-02 4.424325811799999925e-02
3.602000000000000000e+03 3.603000000000000000e+03 1.660608337820000113e-01 4.139961254599999751e-02
3.603000000000000000e+03 3.604000000000000000e+03 1.401522122339999843e-01 3.963024873800000125e-02
3.604000000000000000e+03 3.605000000000000000e+03 1.162303649310000020e-01 3.853312119099999711e-02
3.605000000000000000e+03 3.606000000000000000e+03 5.388970860299999860e-02 2.996147059000000071e-02
3.606000000000000000e+03 3.607000000000000000e+03 7.298289845199999737e-02 2.842910748900000228e-02
3.607000000000000000e+03 3.608000000000000000e+03 -5.392199746999999481e-03 1.791159310300000085e-02
3.608000000000000000e+03 3.609000000000000000e+03 2.750398231469999843e-01 5.500664678100000010e-02
3.609000000000000000e+03 3.610000000000000000e+03 2.013205580290000074e-01 5.335768630400000018e-02
3.610000000000000000e+03 3.611000000000000000e+03 1.209705003519999933e-01 5.089861906300000016e-02
3.611000000000000000e+03 3.612000000000000000e+03 6.064515391000000616e-02 3.870280480199999457e-02
3.612000000000000000e+03 3.613000000000000000e+03 1.001668717099999939e-01 4.429773362500000200e-02
3.613000000000000000e+03 3.614000000000000000e+03 1.062552354119999931e-01 4.389945073800000097e-02
3.614000000000000000e+03 3.615000000000000000e+03 1.776812513999999898e-01 3.407712452400000341e-02
3.615000000000000000e+03 3.616000000000000000e+03 1.403510786000000121e-01 3.253666800700000250e-02
3.616000000000000000e+03 3.617000000000000000e+03 -1.844348978400000075e-02 2.870029194800000072e-02
3.617000000000000000e+03 3.618000000000000000e+03 8.408656191200000740e-02 2.400266429599999876e-02
3.618000000000000000e+03 3.619000000000000000e+03 4.934113111999999940e-03 1.796394441200000261e-02
3.619000000000000000e+03 3.620000000000000000e+03 1.371480755020000053e-01 5.664659712300000594e-02
3.620000000000000000e+03 3.621000000000000000e+03 4.342341885499999971e-02 4.490736686900000108e-02
3.621000000000000000e+03 3.622000000000000000e+03 3.459543757459999924e-02 3.829802202700000047e-02
3.622000000000000000e+03 3.623000000000000000e+03 2.014925190230000274e-01 4.558006641400000336e-02
3.623000000000000000e+03 3.624000000000000000e+03 1.267017851059999978e-01 4.802917334900000390e-02
3.624000000000000000e+03 3.625000000000000000e+03 1.473223764330000018e-01 3.824126551800000051e-02
3.625000000000000000e+03 3.626000000000000000e+03 1.470908301880000102e-01 4.126265305099999919e-02
3.626000000000000000e+03 3.627000000000000000e+03 1.347125266370000074e-01 2.800728493800000093e-02
3.627000000000000000e+03 3.628000000000000000e+03 1.134325758429999970e-01 2.813953695999999935e-02
3.628000000000000000e+03 3.629000000000000000e+03 -3.874768043900000264e-02 2.683975071999999962e-02
3.629000000000000000e+03 3.630000000000000000e+03 5.859455649300000096e-02 1.776119990199999735e-02
3.630000000000000000e+03 3.631000000000000000e+03 2.788134318680000057e-01 5.182283134799999663e-02
3.631000000000000000e+03 3.632000000000000000e+03 2.321421778249999901e-01 5.260240009000000105e-02
3.632000000000000000e+03 3.633000000000000000e+03 1.110130106650000087e-01 4.608494629800000131e-02
3.633000000000000000e+03 3.634000000000000000e+03 2.052888087099999925e-01 4.555934142700000106e-02
3.634000000000000000e+03 3.635000000000000000e+03 8.578455180800000079e-02 3.960308235499999940e-02
3.635000000000000000e+03 3.636000000000000000e+03 1.910696240530000145e-01 3.526907723600000016e-02
3.636000000000000000e+03 3.637000000000000000e+03 1.551735176799999838e-01 3.911488567900000407e-02
3.637000000000000000e+03 3.638000000000000000e+03 1.231314869290000003e-01 3.110435953000000031e-02
3.638000000000000000e+03 3.639000000000000000e+03 8.523656102700000181e-02 2.980260529599999819e-02
3.639000000000000000e+03 3.640000000000000000e+03 5.164875115700000296e-02 2.745554252699999864e-02
3.640000000000000000e+03 3.641000000000000000e+03 6.902949415000000921e-02 1.814475365000000132e-02
3.641000000000000000e+03 3.642000000000000000e+03 2.394321929000000227e-03 5.299752618200000154e-02
3.642000000000000000e+03 3.643000000000000000e+03 -1.802052426360000251e-02 4.440849814400000400e-02
3.643000000000000000e+03 3.644000000000000000e+03 1.924748959669999870e-01 4.867991795599999755e-02
3.644000000000000000e+03 3.645000000000000000e+03 1.589158162190000001e-01 4.154095416600000340e-02
3.645000000000000000e+03 3.646000000000000000e+03 1.824141570939999957e-01 3.666501488599999831e-02
3.646000000000000000e+03 3.647000000000000000e+03 -8.847954465000000199e-04 3.585070080499999645e-02
3.647000000000000000e+03 3.648000000000000000e+03 1.426804600329999728e-01 3.467995002099999446e-02
3.648000000000000000e+03 3.649000000000000000e+03 1.002047426549999981e-01 3.494495739199999368e-02
3.649000000000000000e+03 3.650000000000000000e+03 7.846582531000000083e-02 3.186791208100000355e-02
3.650000000000000000e+03 3.651000000000000000e+03 8.095217287600001144e-02 2.028633473399999929e-02
3.651000000000000000e+03 3.652000000000000000e+03 2.486019494800000007e-02 1.745799022000000048e-02
3.652000000000000000e+03 3.653000000000000000e+03 1.590595854689999811e-01 5.080737841400000121e-02
3.653000000000000000e+03 3.654000000000000000e+03 1.304299996180000032e-01 4.531739938800000145e-02
3.654000000000000000e+03 3.655000000000000000e+03 1.834633060120000048e-01 5.710709684700000094e-02
3.655000000000000000e+03 3.656000000000000000e+03 1.958822071809999954e-01 4.622318054000000564e-02
3.656000000000000000e+03 3.657000000000000000e+03 1.843091635159999908e-01 3.727475052299999980e-02
3.657000000000000000e+03 3.658000000000000000e+03 1.849390993099999936e-01 3.485132147899999699e-02
3.658000000000000000e+03 3.659000000000000000e+03 1.653814226760000061e-01 3.308928518699999488e-02
3.659000000000000000e+03 3.660000000000000000e+03 1.289702105799999943e-01 3.461734217799999902e-02
3.660000000000000000e+03 3.661000000000000000e+03 9.545852812699999468e-02 2.711690955699999975e-02
3.661000000000000000e+03 3.662000000000000000e+03 4.264287639699999855e-02 2.541123373099999846e-02
3.662000000000000000e+03 3.663000000000000000e+03 3.939678493200000214e-02 1.785989434899999673e-02
3.663000000000000000e+03 3.664000000000000000e+03 2.793892600419999872e-01 4.824072529600000048e-02
3.664000000000000000e+03 3.665000000000000000e+03 2.122508588379999894e-01 5.524289757899999986e-02
3.665000000000000000e+03 3.666000000000000000e+03 2.687198721399999823e-01 5.091699235100000109e-02
3.666000000000000000e+03 3.667000000000000000e+03 1.534128469300000130e-01 5.720081669100000182e-02
3.667000000000000000e+03 3.668000000000000000e+03 1.925790045100000125e-01 4.440784073300000495e-02
3.668000000000000000e+03 3.669000000000000000e+03 1.273522738820000166e-01 3.450254967900000247e-02
3.669000000000000000e+03 3.670000000000000000e+03 2.196722932099999803e-01 3.611285246499999768e-02
3.670000000000000000e+03 3.671000000000000000e+03 1.534045923980000004e-01 2.900957556599999959e-02
3.671000000000000000e+03 3.672000000000000000e+03 3.692720983279999813e-02 2.269809450199999912e-02
3.672000000000000000e+03 3.673000000000000000e+03 -2.078831995800000179e-02 1.915300173599999989e-02
3.673000000000000000e+03 3.674000000000000000e+03 1.228651975699999836e-03 1.490114265699999871e-02
3.674000000000000000e+03 3.675000000000000000e+03 1.563203336469999871e-01 4.817938080300000064e-02
3.675000000000000000e+03 3.676000000000000000e+03 1.276416985059999898e-01 4.667555211599999643e-02
3.676000000000000000e+03 3.677000000000000000e+03 1.621882414720000054e-01 4.700245657400000526e-02
3.677000000000000000e+03 3.678000000000000000e+03 -7.999933763300000333e-03 4.350787000700000184e-02
3.678000000000000000e+03 3.679000000000000000e+03 3.464398023399999776e-02 4.346467009100000306e-02
3.679000000000000000e+03 3.680000000000000000e+03 1.754626188979999946e-01 3.915396702200000384e-02
3.680000000000000000e+03 3.681000000000000000e+03 1.830727121899999865e-01 4.571543006800000281e-02
3.681000000000000000e+03 3.682000000000000000e+03 1.443515774440000121e-01 2.831665860100000126e-02
3.682000000000000000e+03 3.683000000000000000e+03 2.726636961999999789e-02 2.398747589199999933e-02
3.683000000000000000e+03 3.684000000000000000e+03 9.782866057799999293e-02 2.179473065600000259e-02
3.684000000000000000e+03 3.685000000000000000e+03 4.486943188399999949e-02 1.751260117400000108e-02
3.685000000000000000e+03 3.686000000000000000e+03 2.353307897880000110e-01 5.121903023200000127e-02
3.686000000000000000e+03 3.687000000000000000e+03 -4.590980622199999917e-02 4.245527030500000076e-02
3.687000000000000000e+03 3.688000000000000000e+03 1.746732592970000053e-01 4.836521870200000128e-02
3.688000000000000000e+03 3.689000000000000000e+03 2.297319250509999855e-01 4.669747780199999532e-02
3.689000000000000000e+03 3.690000000000000000e+03 -1.655037149600000271e-02 4.146769137999999771e-02
3.690000000000000000e+03 3.691000000000000000e+03 1.876930014000000035e-01 3.645833379499999888e-02
3.691000000000000000e+03 3.692000000000000000e+03 1.309305132199999888e-01 2.929356532400000102e-02
3.692000000000000000e+03 3.693000000000000000e+03 1.022440609799999955e-01 2.872405218000000093e-02
3.693000000000000000e+03 3.694000000000000000e+03 -1.332830486989999841e-02 2.182990223199999733e-02
3.694000000000000000e+03 3.695000000000000000e+03 8.953418661299999970e-02 1.924943498499999753e-02
3.695000000000000000e+03 3.696000000000000000e+03 2.007796950999999816e-02 1.806873828500000015e-02
3.696000000000000000e+03 3.697000000000000000e+03 1.041205763020000008e-01 6.776716500700000201e-02
3.697000000000000000e+03 3.698000000000000000e+03 2.941022213499999705e-01 4.760417485899999523e-02
3.698000000000000000e+03 3.699000000000000000e+03 2.243847201359999988e-01 4.113107180000000196e-02
3.699000000000000000e+03 3.700000000000000000e+03 1.442861530060000064e-01 4.149695436600000370e-02
3.700000000000000000e+03 3.701000000000000000e+03 1.523092733089999873e-01 4.518277163599999924e-02
3.701000000000000000e+03 3.702000000000000000e+03 7.671970881400000386e-02 3.390001058199999806e-02
3.702000000000000000e+03 3.703000000000000000e+03 1.151953430420000063e-01 2.889816562200000008e-02
3.703000000000000000e+03 3.704000000000000000e+03 1.084051275349999927e-01 2.697556049299999759e-02
3.704000000000000000e+03 3.705000000000000000e+03 -4.040820434999999869e-04 2.589521854000000067e-02
3.705000000000000000e+03 3.706000000000000000e+03 2.683070468600000022e-02 1.898125923799999851e-02
3.706000000000000000e+03 3.707000000000000000e+03 5.894974639000000183e-02 1.603465653800000001e-02
3.707000000000000000e+03 3.708000000000000000e+03 1.142613371389999966e-01 5.771060873699999927e-02
3.708000000000000000e+03 3.709000000000000000e+03 2.058172659400000215e-01 4.600096093900000321e-02
3.709000000000000000e+03 3.710000000000000000e+03 1.514654622380000037e-01 3.871998901600000320e-02
3.710000000000000000e+03 3.711000000000000000e+03 -1.113811066490000001e-01 4.066491464000000083e-02
3.711000000000000000e+03 3.712000000000000000e+03 1.420217346709999884e-01 3.344506107700000175e-02
3.712000000000000000e+03 3.713000000000000000e+03 1.564916708550000146e-01 3.659569893600000262e-02
3.713000000000000000e+03 3.714000000000000000e+03 7.105006293899999992e-02 3.634132224699999913e-02
3.714000000000000000e+03 3.715000000000000000e+03 1.058563810809999978e-01 2.491524276600000018e-02
3.715000000000000000e+03 3.716000000000000000e+03 1.216458827990000019e-01 3.078239736599999721e-02
3.716000000000000000e+03 3.717000000000000000e+03 6.719067601799999512e-02 2.180570694200000340e-02
3.717000000000000000e+03 3.718000000000000000e+03 2.746515531299999896e-02 1.595635731899999743e-02
3.718000000000000000e+03 3.719000000000000000e+03 2.762471853879999717e-01 4.818063033399999640e-02
3.719000000000000000e+03 3.720000000000000000e+03 1.918356533119999763e-01 3.975562297800000477e-02
3.720000000000000000e+03 3.721000000000000000e+03 -6.648439219699998903e-02 4.668403962400000107e-02
3.721000000000000000e+03 3.722000000000000000e+03 9.263121419499999176e-02 4.634617015700000231e-02
3.722000000000000000e+03 3.723000000000000000e+03 1.282505117119999982e-01 3.737387642599999948e-02
3.723000000000000000e+03 3.724000000000000000e+03 2.217754981999999764e-01 3.789186880799999546e-02
3.724000000000000000e+03 3.725000000000000000e+03 1.117736410339999903e-01 3.111754432599999828e-02
3.725000000000000000e+03 3.726000000000000000e+03 1.456483753910000067e-01 2.839099936499999907e-02
3.726000000000000000e+03 3.727000000000000000e+03 7.028846284900000518e-02 2.832012198499999842e-02
3.727000000000000000e+03 3.728000000000000000e+03 6.669034377400000213e-02 2.358451299599999967e-02
3.728000000000000000e+03 3.729000000000000000e+03 2.104899343900000150e-02 1.568310829399999912e-02
3.729000000000000000e+03 3.730000000000000000e+03 1.523641247220000050e-01 5.317959979100000262e-02
3.730000000000000000e+03 3.731000000000000000e+03 1.203736376100000005e-01 5.442293647000000234e-02
3.731000000000000000e+03 3.732000000000000000e+03 1.498118503570000093e-01 4.265312369599999487e-02
3.732000000000000000e+03 3.733000000000000000e+03 1.431618231969999933e-01 4.541403705800000495e-02
3.733000000000000000e+03 3.734000000000000000e+03 1.374456899729999959e-01 3.733417554399999505e-02
3.734000000000000000e+03 3.735000000000000000e+03 1.656072856739999877e-01 3.542014933500000490e-02
3.735000000000000000e+03 3.736000000000000000e+03 1.019044717949999929e-01 2.973203358000000088e-02
3.736000000000000000e+03 3.737000000000000000e+03 1.115591449449999939e-01 2.863653447499999935e-02
3.737000000000000000e+03 3.738000000000000000e+03 2.496891014499999853e-02 2.483718461700000144e-02
3.738000000000000000e+03 3.739000000000000000e+03 6.589938286999999333e-03 2.349072632800000213e-02
3.739000000000000000e+03 3.740000000000000000e+03 3.758867440299999696e-02 1.659853198600000010e-02
3.740000000000000000e+03 3.741000000000000000e+03 2.496056182239999865e-01 5.235957424100000368e-02
3.741000000000000000e+03 3.742000000000000000e+03 2.320236848760000026e-01 4.199423212800000582e-02
3.742000000000000000e+03 3.743000000000000000e+03 1.234403974979999957e-01 4.085269490599999914e-02
3.743000000000000000e+03 3.744000000000000000e+03 5.760933932699999899e-02 3.704434526900000219e-02
3.744000000000000000e+03 3.745000000000000000e+03 1.688572044899999958e-01 3.788656608599999531e-02
3.745000000000000000e+03 3.746000000000000000e+03 6.387933467799999931e-02 3.261956386699999683e-02
3.746000000000000000e+03 3.747000000000000000e+03 1.751960891799999864e-01 3.305086467299999525e-02
3.747000000000000000e+03 3.748000000000000000e+03 9.229536530993100174e-02 2.919413815799999992e-02
3.748000000000000000e+03 3.749000000000000000e+03 7.499828607800000657e-02 2.352760849599999995e-02
3.749000000000000000e+03 3.750000000000000000e+03 9.316470080400000853e-02 2.195243009199999984e-02
3.750000000000000000e+03 3.751000000000000000e+03 5.974539206400000108e-02 1.658268175700000277e-02
3.751000000000000000e+03 3.752000000000000000e+03 1.744508290569999898e-01 4.656247128100000215e-02
3.752000000000000000e+03 3.753000000000000000e+03 9.705689151400000159e-02 4.052573839799999966e-02
3.753000000000000000e+03 3.754000000000000000e+03 1.933225504209999945e-01 3.824087079499999958e-02
3.754000000000000000e+03 3.755000000000000000e+03 1.947942673999999985e-01 4.056745729699999525e-02
3.755000000000000000e+03 3.756000000000000000e+03 1.521496797019999958e-01 4.596990448999999784e-02
3.756000000000000000e+03 3.757000000000000000e+03 1.412475423899999805e-01 3.517684420500000186e-02
3.757000000000000000e+03 3.758000000000000000e+03 9.699500137800000366e-02 3.697849888699999976e-02
3.758000000000000000e+03 3.759000000000000000e+03 1.598736413599999850e-01 3.122229785899999915e-02
3.759000000000000000e+03 3.760000000000000000e+03 1.138513652739999993e-01 2.224662380899999903e-02
3.760000000000000000e+03 3.761000000000000000e+03 7.605688076600000680e-02 2.339251957299999865e-02
3.761000000000000000e+03 3.762000000000000000e+03 4.529799140999999502e-02 1.517463858000000013e-02
3.762000000000000000e+03 3.763000000000000000e+03 1.329669416450000030e-01 4.225615093499999336e-02
3.763000000000000000e+03 3.764000000000000000e+03 1.253174429339999896e-01 3.852155130499999858e-02
3.764000000000000000e+03 3.765000000000000000e+03 1.010952922420000066e-01 4.902252640299999825e-02
3.765000000000000000e+03 3.766000000000000000e+03 1.771751590720000158e-01 4.559669032300000396e-02
3.766000000000000000e+03 3.767000000000000000e+03 1.519857535090000100e-01 4.288665024200000175e-02
3.767000000000000000e+03 3.768000000000000000e+03 1.508596205700000192e-01 3.151725341800000468e-02
3.768000000000000000e+03 3.769000000000000000e+03 1.230784292390000034e-01 3.643484611799999856e-02
3.769000000000000000e+03 3.770000000000000000e+03 1.217014002220000030e-01 3.227069710900000443e-02
3.770000000000000000e+03 3.771000000000000000e+03 -3.467216512000000084e-02 2.149286991999999757e-02
3.771000000000000000e+03 3.772000000000000000e+03 1.379338851099999944e-02 2.102133578199999811e-02
3.772000000000000000e+03 3.773000000000000000e+03 2.459034474400000059e-02 1.376817668500000119e-02
3.773000000000000000e+03 3.774000000000000000e+03 2.502882964720000158e-01 4.299622286499999585e-02
3.774000000000000000e+03 3.775000000000000000e+03 1.765833419959999817e-01 4.184585229400000078e-02
3.775000000000000000e+03 3.776000000000000000e+03 2.367910929259999797e-01 4.290298231200000145e-02
3.776000000000000000e+03 3.777000000000000000e+03 1.460302226920000002e-01 4.058305966800000025e-02
3.777000000000000000e+03 3.778000000000000000e+03 1.088390396620000089e-01 3.594341233099999922e-02
3.778000000000000000e+03 3.779000000000000000e+03 8.484558920000000171e-02 3.942677003199999974e-02
3.779000000000000000e+03 3.780000000000000000e+03 1.647766869900000042e-01 2.683112467799999776e-02
3.780000000000000000e+03 3.781000000000000000e+03 1.210545114570000108e-01 3.136662287799999588e-02
3.781000000000000000e+03 3.782000000000000000e+03 8.258872514699999723e-02 2.513843235399999820e-02
3.782000000000000000e+03 3.783000000000000000e+03 6.021344640799999870e-02 2.022747013000000121e-02
3.783000000000000000e+03 3.784000000000000000e+03 6.588176435999999747e-02 1.510845024500000015e-02
3.784000000000000000e+03 3.785000000000000000e+03 -2.967578546300000258e-02 4.186298887400000113e-02
3.785000000000000000e+03 3.786000000000000000e+03 1.423990636620000028e-01 4.469036254300000344e-02
3.786000000000000000e+03 3.787000000000000000e+03 4.500256931099999580e-02 3.774199275699999939e-02
3.787000000000000000e+03 3.788000000000000000e+03 2.643629485599999773e-01 5.064268050600000126e-02
3.788000000000000000e+03 3.789000000000000000e+03 -2.698557630099999993e-02 4.261482715900000162e-02
3.789000000000000000e+03 3.790000000000000000e+03 1.866082762600000111e-01 4.100712948900000349e-02
3.790000000000000000e+03 3.791000000000000000e+03 2.031886315200000237e-02 3.157949062999999834e-02
3.791000000000000000e+03 3.792000000000000000e+03 8.138852534899999880e-02 2.796853252999999956e-02
3.792000000000000000e+03 3.793000000000000000e+03 1.948311823859999806e-02 2.445658774199999802e-02
3.793000000000000000e+03 3.794000000000000000e+03 7.604791309299999136e-02 1.972825476699999886e-02
3.794000000000000000e+03 3.795000000000000000e+03 -2.501981752800000111e-02 1.353921056790000077e-02
3.795000000000000000e+03 3.796000000000000000e+03 5.461600902999999910e-03 4.002443371600000049e-02
3.796000000000000000e+03 3.797000000000000000e+03 1.786401372880000171e-01 3.769713936500000001e-02
3.797000000000000000e+03 3.798000000000000000e+03 1.564827739380000027e-01 3.880442916099999945e-02
3.798000000000000000e+03 3.799000000000000000e+03 9.146829008800000382e-02 5.030455280400000090e-02
3.799000000000000000e+03 3.800000000000000000e+03 1.898738989740000049e-01 3.782653677299999823e-02
3.800000000000000000e+03 3.801000000000000000e+03 7.708480142299999061e-02 3.953804688099999548e-02
3.801000000000000000e+03 3.802000000000000000e+03 1.726340084180000012e-01 2.953613770300000246e-02
3.802000000000000000e+03 3.803000000000000000e+03 1.176690202120000001e-01 3.069787887300000004e-02
3.803000000000000000e+03 3.804000000000000000e+03 7.345336911800000312e-02 2.833370092799999962e-02
3.804000000000000000e+03 3.805000000000000000e+03 5.894198569000000387e-02 1.925318641400000294e-02
3.805000000000000000e+03 3.806000000000000000e+03 4.559702720800000442e-02 1.594920871799999917e-02
3.806000000000000000e+03 3.807000000000000000e+03 1.943515923080000041e-01 3.990813631299999775e-02
3.807000000000000000e+03 3.808000000000000000e+03 7.415502246600000347e-02 3.726523689599999661e-02
3.808000000000000000e+03 3.809000000000000000e+03 9.377215408899999827e-02 4.106109393999999441e-02
3.809000000000000000e+03 3.810000000000000000e+03 7.480693029000000382e-02 4.246687715300000165e-02
3.810000000000000000e+03 3.811000000000000000e+03 1.461517244330000076e-01 3.512914606799999451e-02
3.811000000000000000e+03 3.812000000000000000e+03 3.248246709000000149e-02 3.202928195600000111e-02
3.812000000000000000e+03 3.813000000000000000e+03 1.085790053459999988e-01 3.203409024499999369e-02
3.813000000000000000e+03 3.814000000000000000e+03 5.760089947600000038e-02 2.544019332499999897e-02
3.814000000000000000e+03 3.815000000000000000e+03 6.166758127699999842e-02 2.888025785200000126e-02
3.815000000000000000e+03 3.816000000000000000e+03 9.615624798800000150e-02 1.752648674500000003e-02
3.816000000000000000e+03 3.817000000000000000e+03 1.018124715641999939e-02 1.307952466990000041e-02
3.817000000000000000e+03 3.818000000000000000e+03 1.092759425019999980e-01 4.909179479199999446e-02
3.818000000000000000e+03 3.819000000000000000e+03 1.974727288689999971e-01 4.161873336000000007e-02
3.819000000000000000e+03 3.820000000000000000e+03 1.188600635740000022e-01 4.660944386300000519e-02
3.820000000000000000e+03 3.821000000000000000e+03 6.904858763000000683e-03 4.394365554000000118e-02
3.821000000000000000e+03 3.822000000000000000e+03 1.572831487670000028e-01 3.043624773600000014e-02
3.822000000000000000e+03 3.823000000000000000e+03 1.445308220640000030e-01 3.406520721700000143e-02
3.823000000000000000e+03 3.824000000000000000e+03 1.406992353049999755e-01 2.855685017199999925e-02
3.824000000000000000e+03 3.825000000000000000e+03 5.565436870399999986e-02 2.656315356799999680e-02
3.825000000000000000e+03 3.826000000000000000e+03 1.059188514470000009e-01 2.478640670700000062e-02
3.826000000000000000e+03 3.827000000000000000e+03 4.452294231099999944e-02 2.358916630799999872e-02
3.827000000000000000e+03 3.828000000000000000e+03 -2.175452292810000146e-02 1.674787559600000170e-02
3.828000000000000000e+03 3.829000000000000000e+03 1.651297499880000075e-01 4.280355484000000071e-02
3.829000000000000000e+03 3.830000000000000000e+03 1.513950453000000029e-01 4.345227993300000008e-02
3.830000000000000000e+03 3.831000000000000000e+03 1.124672335350000024e-01 4.157300202200000377e-02
3.831000000000000000e+03 3.832000000000000000e+03 1.564890067170000010e-01 4.165683513999999393e-02
3.832000000000000000e+03 3.833000000000000000e+03 1.554063360190000020e-01 3.709280010499999697e-02
3.833000000000000000e+03 3.834000000000000000e+03 1.085987151679999874e-01 3.436228923399999718e-02
3.834000000000000000e+03 3.835000000000000000e+03 9.398241687800000521e-02 3.416819760400000017e-02
3.835000000000000000e+03 3.836000000000000000e+03 1.054710790650000007e-01 2.840066724999999737e-02
3.836000000000000000e+03 3.837000000000000000e+03 6.953175010199999506e-02 2.691120491700000131e-02
3.837000000000000000e+03 3.838000000000000000e+03 6.566557033500000640e-02 1.719702840799999799e-02
3.838000000000000000e+03 3.839000000000000000e+03 6.370716417800000031e-02 1.741634639500000067e-02
3.839000000000000000e+03 3.840000000000000000e+03 1.977682325440000000e-01 3.883189141800000299e-02
3.840000000000000000e+03 3.841000000000000000e+03 1.330778390129999933e-01 3.626038465300000097e-02
3.841000000000000000e+03 3.842000000000000000e+03 1.505446911039999836e-01 4.132865954900000194e-02
3.842000000000000000e+03 3.843000000000000000e+03 1.277950324860000209e-01 3.671878630999999421e-02
3.843000000000000000e+03 3.844000000000000000e+03 6.883944884499999806e-02 3.973431048200000426e-02
3.844000000000000000e+03 3.845000000000000000e+03 1.669252710599999912e-01 3.369779158500000454e-02
3.845000000000000000e+03 3.846000000000000000e+03 1.074807536849999995e-01 2.781778130000000029e-02
3.846000000000000000e+03 3.847000000000000000e+03 5.979522003900000077e-02 2.850494581199999877e-02
3.847000000000000000e+03 3.848000000000000000e+03 9.829221454299999494e-02 2.022495729199999884e-02
3.848000000000000000e+03 3.849000000000000000e+03 -4.009192261000000222e-03 1.878347379900000003e-02
3.849000000000000000e+03 3.850000000000000000e+03 4.805482388799999643e-02 1.319124875789999887e-02
3.850000000000000000e+03 3.851000000000000000e+03 8.540774963799999120e-02 4.820988232899999643e-02
3.851000000000000000e+03 3.852000000000000000e+03 1.511571900850000039e-01 3.915161720300000536e-02
3.852000000000000000e+03 3.853000000000000000e+03 1.343667707560000091e-01 4.031308847799999762e-02
3.853000000000000000e+03 3.854000000000000000e+03 1.363682940470000160e-01 4.721475861899999960e-02
3.854000000000000000e+03 3.855000000000000000e+03 1.244530788919999964e-01 3.627900947600000425e-02
3.855000000000000000e+03 3.856000000000000000e+03 9.479222013500000765e-02 3.621967725900000074e-02
3.856000000000000000e+03 3.857000000000000000e+03 1.256324405279999890e-01 2.993648396399999773e-02
3.857000000000000000e+03 3.858000000000000000e+03 1.163754578339999957e-01 2.600083987299999996e-02
3.858000000000000000e+03 3.859000000000000000e+03 9.554592077400000938e-02 1.916037794000000072e-02
3.859000000000000000e+03 3.860000000000000000e+03 -1.626777581010000265e-02 1.749445611099999937e-02
3.860000000000000000e+03 3.861000000000000000e+03 1.868010148100000128e-02 1.339062247380000056e-02
3.861000000000000000e+03 3.862000000000000000e+03 2.169813373860000061e-01 4.374429242899999931e-02
3.862000000000000000e+03 3.863000000000000000e+03 1.224134705070000079e-01 4.155503591899999821e-02
3.863000000000000000e+03 3.864000000000000000e+03 1.101361208160000077e-01 3.853971450399999721e-02
3.864000000000000000e+03 3.865000000000000000e+03 5.206377723800000024e-02 4.064115371199999993e-02
3.865000000000000000e+03 3.866000000000000000e+03 1.079243864850000095e-01 3.220827276399999828e-02
3.866000000000000000e+03 3.867000000000000000e+03 1.405719598830000028e-01 3.069476248799999848e-02
3.867000000000000000e+03 3.868000000000000000e+03 5.304631435800000183e-02 3.104840455999999943e-02
3.868000000000000000e+03 3.869000000000000000e+03 1.185375599349999948e-01 2.871402085500000118e-02
3.869000000000000000e+03 3.870000000000000000e+03 9.208730951000000664e-02 2.036056828500000179e-02
3.870000000000000000e+03 3.871000000000000000e+03 3.746680659300000160e-02 2.088245318200000061e-02
3.871000000000000000e+03 3.872000000000000000e+03 4.639628869399999717e-02 1.553998385099999990e-02
3.872000000000000000e+03 3.873000000000000000e+03 1.291909105079999953e-01 4.474977134799999756e-02
3.873000000000000000e+03 3.874000000000000000e+03 1.617619055650000026e-01 4.762167668899999762e-02
3.874000000000000000e+03 3.875000000000000000e+03 1.870993837219999956e-01 4.597254665500000170e-02
3.875000000000000000e+03 3.876000000000000000e+03 2.475889982689999935e-01 4.130459533400000077e-02
3.876000000000000000e+03 3.877000000000000000e+03 8.180657410899999649e-02 3.150418627100000368e-02
3.877000000000000000e+03 3.878000000000000000e+03 1.308466135799999930e-01 3.072190291700000256e-02
3.878000000000000000e+03 3.879000000000000000e+03 2.617151144419999770e-02 2.773313278600000181e-02
3.879000000000000000e+03 3.880000000000000000e+03 9.243962097499999753e-02 2.658962457199999865e-02
3.880000000000000000e+03 3.881000000000000000e+03 2.949644257600000322e-03 2.134779898900000111e-02
3.881000000000000000e+03 3.882000000000000000e+03 8.077410206799999492e-02 1.646718778299999936e-02
3.882000000000000000e+03 3.883000000000000000e+03 1.918779485200000287e-02 1.491392178300000003e-02
3.883000000000000000e+03 3.884000000000000000e+03 1.997223893020000085e-01 4.294037996100000254e-02
3.884000000000000000e+03 3.885000000000000000e+03 2.171668445180000018e-01 4.082753400300000168e-02
3.885000000000000000e+03 3.886000000000000000e+03 6.060573327200000082e-02 4.908448962599999688e-02
3.886000000000000000e+03 3.887000000000000000e+03 1.905723910500000187e-02 3.098579332500000019e-02
3.887000000000000000e+03 3.888000000000000000e+03 1.030835418500000017e-01 3.073076453400000116e-02
3.888000000000000000e+03 3.889000000000000000e+03 1.358094206849999874e-01 3.132336610000000660e-02
3.889000000000000000e+03 3.890000000000000000e+03 3.240998914800000217e-03 3.030338594899999877e-02
3.890000000000000000e+03 3.891000000000000000e+03 7.022283632899999073e-02 2.616262526999999991e-02
3.891000000000000000e+03 3.892000000000000000e+03 4.179431853599999830e-02 2.214676367200000065e-02
3.892000000000000000e+03 3.893000000000000000e+03 6.255991333600000037e-02 1.907047007900000007e-02
3.893000000000000000e+03 3.894000000000000000e+03 4.704342538400000523e-02 1.701616750599999756e-02
3.894000000000000000e+03 3.895000000000000000e+03 1.372495078390000012e-01 3.584581847099999746e-02
3.895000000000000000e+03 3.896000000000000000e+03 1.343316266450000074e-01 4.357694911099999763e-02
3.896000000000000000e+03 3.897000000000000000e+03 1.087036566990000064e-01 4.249372536200000244e-02
3.897000000000000000e+03 3.898000000000000000e+03 1.985695494860000021e-01 3.475034120299999585e-02
3.898000000000000000e+03 3.899000000000000000e+03 1.207282587009999991e-01 3.542627705000000321e-02
3.899000000000000000e+03 3.900000000000000000e+03 1.141771884209999977e-01 2.922176619499999850e-02
3.900000000000000000e+03 3.901000000000000000e+03 1.119104685579999925e-01 2.760864481499999967e-02
3.901000000000000000e+03 3.902000000000000000e+03 1.442716999820000123e-01 2.385584446500000136e-02
3.902000000000000000e+03 3.903000000000000000e+03 3.521594950799999957e-02 2.417761476800000045e-02
3.903000000000000000e+03 3.904000000000000000e+03 5.575362571200000172e-02 1.640386032399999972e-02
3.904000000000000000e+03 3.905000000000000000e+03 3.428439801899999667e-02 1.580301250499999838e-02
3.905000000000000000e+03 3.906000000000000000e+03 1.390477789679999965e-01 4.004313553099999451e-02
3.906000000000000000e+03 3.907000000000000000e+03 7.368601325800000490e-02 4.223334957000000195e-02
3.907000000000000000e+03 3.908000000000000000e+03 1.748537014669999945e-01 3.837396008000000525e-02
3.908000000000000000e+03 3.909000000000000000e+03 9.950917072999999891e-02 3.481990556799999942e-02
3.909000000000000000e+03 3.910000000000000000e+03 7.919758392100000044e-02 4.218665975600000007e-02
3.910000000000000000e+03 3.911000000000000000e+03 1.452819590479999812e-01 2.934221479699999913e-02
3.911000000000000000e+03 3.912000000000000000e+03 4.882376515399999839e-02 2.710961047400000171e-02
3.912000000000000000e+03 3.913000000000000000e+03 7.759323007800000838e-02 2.835649467399999762e-02
3.913000000000000000e+03 3.914000000000000000e+03 7.035228243699999384e-02 2.250932688599999870e-02
3.914000000000000000e+03 3.915000000000000000e+03 7.489829780499999978e-02 1.605085573000000071e-02
3.915000000000000000e+03 3.916000000000000000e+03 5.366930529199999585e-03 1.340947506680000012e-02
3.916000000000000000e+03 3.917000000000000000e+03 1.660741863120000217e-01 4.254496896200000294e-02
3.917000000000000000e+03 3.918000000000000000e+03 3.402710271029999595e-02 4.273773976099999594e-02
3.918000000000000000e+03 3.919000000000000000e+03 1.402252169640000046e-01 3.794180090599999500e-02
3.919000000000000000e+03 3.920000000000000000e+03 1.865925257310000196e-01 3.220826391399999461e-02
3.920000000000000000e+03 3.921000000000000000e+03 1.163496871980000125e-01 2.992849435600000024e-02
3.921000000000000000e+03 3.922000000000000000e+03 1.315139941930000000e-01 3.563747008500000452e-02
3.922000000000000000e+03 3.923000000000000000e+03 7.939505994430000324e-02 2.742968922600000012e-02
3.923000000000000000e+03 3.924000000000000000e+03 9.631612272600000024e-02 2.330132228900000033e-02
3.924000000000000000e+03 3.925000000000000000e+03 6.119857610099999762e-02 2.066738161199999785e-02
3.925000000000000000e+03 3.926000000000000000e+03 5.909773811900000118e-02 1.733677046200000210e-02
3.926000000000000000e+03 3.927000000000000000e+03 3.138999078199999904e-02 1.392867515799999997e-02
3.927000000000000000e+03 3.928000000000000000e+03 9.895996186500000125e-02 4.104997002599999889e-02
3.928000000000000000e+03 3.929000000000000000e+03 3.060577596839999734e-02 3.804329495199999800e-02
3.929000000000000000e+03 3.930000000000000000e+03 7.730212373000000525e-02 3.515274010599999527e-02
3.930000000000000000e+03 3.931000000000000000e+03 1.163472532659999975e-01 3.510010544099999991e-02
3.931000000000000000e+03 3.932000000000000000e+03 1.636256468330000158e-01 3.349942096999999896e-02
3.932000000000000000e+03 3.933000000000000000e+03 1.329942711409999867e-01 2.726684353300000072e-02
3.933000000000000000e+03 3.934000000000000000e+03 5.546707801600000293e-02 2.679245049500000170e-02
3.934000000000000000e+03 3.935000000000000000e+03 8.381053976299999986e-02 2.629290071399999901e-02
3.935000000000000000e+03 3.936000000000000000e+03 3.874235923430000006e-02 1.986424218999999908e-02
3.936000000000000000e+03 3.937000000000000000e+03 1.498015892099999885e-02 1.680973775600000039e-02
3.937000000000000000e+03 3.938000000000000000e+03 5.081788661000000151e-02 1.292800254110000081e-02
3.938000000000000000e+03 3.939000000000000000e+03 2.834794933200000117e-02 3.493144991999999616e-02
3.939000000000000000e+03 3.940000000000000000e+03 -3.590153423800000309e-03 4.101778349399999579e-02
3.940000000000000000e+03 3.941000000000000000e+03 1.264049676910000142e-01 3.533071104899999926e-02
3.941000000000000000e+03 3.942000000000000000e+03 1.387629772460000077e-01 4.127151284600000247e-02
3.942000000000000000e+03 3.943000000000000000e+03 1.134921811120000040e-01 3.112310459399999715e-02
3.943000000000000000e+03 3.944000000000000000e+03 1.092534940109999991e-01 2.841388767800000215e-02
3.944000000000000000e+03 3.945000000000000000e+03 1.231278350299999935e-01 2.657423029399999873e-02
3.945000000000000000e+03 3.946000000000000000e+03 1.054097933770000023e-01 2.303561792199999847e-02
3.946000000000000000e+03 3.947000000000000000e+03 1.098163328790000004e-02 2.189401056500000012e-02
3.947000000000000000e+03 3.948000000000000000e+03 1.911144438999999931e-02 1.983494693699999756e-02
3.948000000000000000e+03 3.949000000000000000e+03 1.362894306789999913e-02 1.231535980749999884e-02
3.949000000000000000e+03 3.950000000000000000e+03 1.581682907989999942e-01 3.953943643499999855e-02
3.950000000000000000e+03 3.951000000000000000e+03 1.620672623420000014e-01 4.454666887400000191e-02
3.951000000000000000e+03 3.952000000000000000e+03 1.363539475380000088e-01 3.802404102899999833e-02
3.952000000000000000e+03 3.953000000000000000e+03 6.688687250300000275e-02 2.947675155499999977e-02
3.953000000000000000e+03 3.954000000000000000e+03 1.178541905899999909e-01 3.056032321500000079e-02
3.954000000000000000e+03 3.955000000000000000e+03 1.296508953259999930e-01 3.216323003599999564e-02
3.955000000000000000e+03 3.956000000000000000e+03 4.841455093000000126e-02 2.760814447400000010e-02
3.956000000000000000e+03 3.957000000000000000e+03 5.555232198899999474e-02 2.078262178500000015e-02
3.957000000000000000e+03 3.958000000000000000e+03 3.165791271400000134e-02 2.198157644899999957e-02
3.958000000000000000e+03 3.959000000000000000e+03 3.374164508100000598e-02 1.837098027699999789e-02
3.959000000000000000e+03 3.960000000000000000e+03 3.507554938510000497e-02 1.547481312699999952e-02
3.960000000000000000e+03 3.961000000000000000e+03 6.837544799899999970e-02 3.369223987200000575e-02
3.961000000000000000e+03 3.962000000000000000e+03 1.698423146150000174e-01 3.777721755899999395e-02
3.962000000000000000e+03 3.963000000000000000e+03 1.367519491620000083e-01 4.237905494200000511e-02
3.963000000000000000e+03 3.964000000000000000e+03 1.837439624970000074e-01 3.383415656199999927e-02
3.964000000000000000e+03 3.965000000000000000e+03 1.183668204740000035e-01 3.281042119400000290e-02
3.965000000000000000e+03 3.966000000000000000e+03 -2.899814382999999982e-02 3.466986451699999999e-02
3.966000000000000000e+03 3.967000000000000000e+03 9.688841789900000390e-02 2.160771153900000255e-02
3.967000000000000000e+03 3.968000000000000000e+03 6.987995282999999447e-02 2.139922821499999975e-02
3.968000000000000000e+03 3.969000000000000000e+03 3.637116415500000338e-02 1.839319982000000089e-02
3.969000000000000000e+03 3.970000000000000000e+03 3.676894021399999823e-02 2.192768594500000071e-02
3.970000000000000000e+03 3.971000000000000000e+03 2.015852897599999805e-02 1.262483938739999978e-02
3.971000000000000000e+03 3.972000000000000000e+03 2.188208741119999912e-01 3.885180130199999970e-02
3.972000000000000000e+03 3.973000000000000000e+03 9.565997923799998692e-02 4.136604693100000285e-02
3.973000000000000000e+03 3.974000000000000000e+03 1.341721415590000077e-01 3.499192470200000044e-02
3.974000000000000000e+03 3.975000000000000000e+03 1.215553747539999951e-01 3.493592381300000133e-02
3.975000000000000000e+03 3.976000000000000000e+03 7.124796589899999588e-02 3.384699501600000465e-02
3.976000000000000000e+03 3.977000000000000000e+03 1.102893097309999987e-01 2.895930787399999748e-02
3.977000000000000000e+03 3.978000000000000000e+03 1.093408406490000012e-01 2.442479478999999912e-02
3.978000000000000000e+03 3.979000000000000000e+03 7.763038597799999663e-02 2.726257380300000158e-02
3.979000000000000000e+03 3.980000000000000000e+03 7.413515264900000235e-02 1.947127150000000154e-02
3.980000000000000000e+03 3.981000000000000000e+03 3.300247341800000012e-02 1.649631577300000179e-02
3.981000000000000000e+03 3.982000000000000000e+03 -1.035846009599999951e-02 1.142569138199999931e-02
3.982000000000000000e+03 3.983000000000000000e+03 1.917079100551999718e-02 3.782280337900000011e-02
3.983000000000000000e+03 3.984000000000000000e+03 -1.255401630800000081e-03 3.681736091200000366e-02
3.984000000000000000e+03 3.985000000000000000e+03 1.357355318050000037e-01 3.179259436700000024e-02
3.985000000000000000e+03 3.986000000000000000e+03 8.412546163999999604e-02 4.118035078599999871e-02
3.986000000000000000e+03 3.987000000000000000e+03 1.962205656919999985e-01 3.094746290200000097e-02
3.987000000000000000e+03 3.988000000000000000e+03 1.566596680259999819e-01 2.531229168999999876e-02
3.988000000000000000e+03 3.989000000000000000e+03 5.567282894599999421e-02 2.489573454100000097e-02
3.989000000000000000e+03 3.990000000000000000e+03 9.286530676500000248e-02 2.794241055299999735e-02
3.990000000000000000e+03 3.991000000000000000e+03 3.095412366799999912e-02 1.775319797400000052e-02
3.991000000000000000e+03 3.992000000000000000e+03 2.901057380399999983e-02 1.495172057199999939e-02
3.992000000000000000e+03 3.993000000000000000e+03 9.348064975900001114e-03 1.300885426460000015e-02
3.993000000000000000e+03 3.994000000000000000e+03 1.198934882390000067e-02 3.477329267700000198e-02
3.994000000000000000e+03 3.995000000000000000e+03 1.363058121580000004e-01 3.895403207599999751e-02
3.995000000000000000e+03 3.996000000000000000e+03 4.451283212120999561e-02 3.188031309600000002e-02
3.996000000000000000e+03 3.997000000000000000e+03 -5.668425728999999802e-02 3.346673845499999883e-02
3.997000000000000000e+03 3.998000000000000000e+03 1.321053417520000051e-01 2.918717570800000161e-02
3.998000000000000000e+03 3.999000000000000000e+03 1.066779411770000102e-01 2.645045014600000063e-02
3.999000000000000000e+03 4.000000000000000000e+03 1.375501160169999848e-01 2.899356869599999803e-02
4.000000000000000000e+03 4.001000000000000000e+03 6.771905319000000312e-02 2.821196138300000045e-02
4.001000000000000000e+03 4.002000000000000000e+03 8.549473440099999988e-02 1.890924885799999747e-02
4.002000000000000000e+03 4.003000000000000000e+03 2.609073310300000226e-02 1.454074003199999979e-02
4.003000000000000000e+03 4.004000000000000000e+03 2.295823392399999954e-02 1.580520405399999870e-02
4.004000000000000000e+03 4.005000000000000000e+03 1.297592779160000043e-01 3.444822801000000517e-02
4.005000000000000000e+03 4.006000000000000000e+03 7.142251165409999047e-02 3.695232228500000549e-02
4.006000000000000000e+03 4.007000000000000000e+03 2.170157251990000036e-01 3.606123843000000329e-02
4.007000000000000000e+03 4.008000000000000000e+03 2.015210920349999879e-01 3.453434794500000182e-02
4.008000000000000000e+03 4.009000000000000000e+03 1.190233694079999988e-01 3.562456488800000431e-02
4.009000000000000000e+03 4.010000000000000000e+03 1.155498084600000037e-02 2.537393216699999898e-02
4.010000000000000000e+03 4.011000000000000000e+03 1.288280816290000019e-01 2.437890696199999929e-02
4.011000000000000000e+03 4.012000000000000000e+03 5.068064599099999373e-02 2.570383479000000124e-02
4.012000000000000000e+03 4.013000000000000000e+03 4.427220981399999922e-02 2.094077223900000020e-02
4.013000000000000000e+03 4.014000000000000000e+03 -1.998129369010000211e-02 1.578639504399999977e-02
4.014000000000000000e+03 4.015000000000000000e+03 2.706020334600000091e-02 2.090790062100000152e-02
4.015000000000000000e+03 4.016000000000000000e+03 1.237925720750000097e-01 3.794799203899999751e-02
4.016000000000000000e+03 4.017000000000000000e+03 1.481707180190000028e-01 3.272543384900000046e-02
4.017000000000000000e+03 4.018000000000000000e+03 9.794973501299999996e-02 3.252650982700000526e-02
4.018000000000000000e+03 4.019000000000000000e+03 6.636057469400000186e-02 5.216651082200000206e-02
4.019000000000000000e+03 4.020000000000000000e+03 -1.397896331900000053e-02 2.483642741399999868e-02
4.020000000000000000e+03 4.021000000000000000e+03 1.279898847820000185e-01 2.692176356700000037e-02
4.021000000000000000e+03 4.022000000000000000e+03 1.056447771300000060e-01 2.323831834099999993e-02
4.022000000000000000e+03 4.023000000000000000e+03 1.019648678650000029e-01 2.589700643700000235e-02
4.023000000000000000e+03 4.024000000000000000e+03 2.725182881699999768e-02 2.008116718999999883e-02
4.024000000000000000e+03 4.025000000000000000e+03 -2.900203544400000236e-02 1.633239010399999830e-02
4.025000000000000000e+03 4.026000000000000000e+03 2.657555597899999983e-02 1.434838764299999937e-02
4.026000000000000000e+03 4.027000000000000000e+03 1.528844621869999976e-01 3.183232339199999761e-02
4.027000000000000000e+03 4.028000000000000000e+03 1.174688654139999927e-01 3.453468003700000538e-02
4.028000000000000000e+03 4.029000000000000000e+03 1.515159108290000112e-01 3.651969606700000009e-02
4.029000000000000000e+03 4.030000000000000000e+03 1.587506736519999906e-01 3.444546924999999926e-02
4.030000000000000000e+03 4.031000000000000000e+03 1.570102355190000076e-01 3.044206869200000165e-02
4.031000000000000000e+03 4.032000000000000000e+03 1.088729156089999900e-01 2.445157587999999965e-02
4.032000000000000000e+03 4.033000000000000000e+03 3.567042602800000323e-02 2.561273043400000282e-02
4.033000000000000000e+03 4.034000000000000000e+03 1.022580273369999987e-01 2.354022482500000082e-02
4.034000000000000000e+03 4.035000000000000000e+03 9.660050547099999219e-02 1.947041824499999921e-02
4.035000000000000000e+03 4.036000000000000000e+03 5.442538254399999914e-02 1.356409972500000061e-02
4.036000000000000000e+03 4.037000000000000000e+03 2.652770960800000105e-02 1.191145780680000037e-02
4.037000000000000000e+03 4.038000000000000000e+03 8.649678211899999858e-02 3.889479145100000618e-02
4.038000000000000000e+03 4.039000000000000000e+03 1.567067154200000104e-02 3.063963217999999752e-02
4.039000000000000000e+03 4.040000000000000000e+03 1.216177855939999941e-01 3.749045782500000368e-02
4.040000000000000000e+03 4.041000000000000000e+03 1.589199218810000147e-01 3.258343773299999385e-02
4.041000000000000000e+03 4.042000000000000000e+03 8.796320725900000359e-02 2.741520098100000066e-02
4.042000000000000000e+03 4.043000000000000000e+03 9.481965306600000087e-02 2.812592812800000092e-02
4.043000000000000000e+03 4.044000000000000000e+03 1.389136906270000138e-01 3.758053020600000266e-02
4.044000000000000000e+03 4.045000000000000000e+03 9.887634531000000226e-02 2.376500532200000182e-02
4.045000000000000000e+03 4.046000000000000000e+03 5.744803733699999776e-02 1.817673936799999931e-02
4.046000000000000000e+03 4.047000000000000000e+03 3.183235049699999902e-02 1.368426680490000130e-02
4.047000000000000000e+03 4.048000000000000000e+03 3.771256748009999687e-02 1.422415393089999924e-02
4.048000000000000000e+03 4.049000000000000000e+03 1.581717651160000071e-01 3.781663650599999954e-02
4.049000000000000000e+03 4.050000000000000000e+03 1.673212025590000152e-01 3.907079684700000277e-02
4.050000000000000000e+03 4.051000000000000000e+03 1.504198197180000030e-01 3.090533558800000191e-02
4.051000000000000000e+03 4.052000000000000000e+03 1.046005757630000116e-01 3.071943142599999760e-02
4.052000000000000000e+03 4.053000000000000000e+03 8.242792224299999582e-02 4.163240182499999831e-02
4.053000000000000000e+03 4.054000000000000000e+03 9.964980528599999554e-02 2.526899992099999881e-02
4.054000000000000000e+03 4.055000000000000000e+03 8.229308196199999759e-02 2.560321066200000120e-02
4.055000000000000000e+03 4.056000000000000000e+03 5.241027733899999985e-02 2.276886775800000123e-02
4.056000000000000000e+03 4.057000000000000000e+03 6.315331319299999357e-02 1.903633572200000290e-02
4.057000000000000000e+03 4.058000000000000000e+03 6.114216110600000087e-02 1.723027176199999969e-02
4.058000000000000000e+03 4.059000000000000000e+03 3.985306208199999867e-02 1.261475810600000066e-02
4.059000000000000000e+03 4.060000000000000000e+03 9.435774089699999756e-02 4.056777325500000170e-02
4.060000000000000000e+03 4.061000000000000000e+03 1.350557975220000040e-01 4.243217956699999599e-02
4.061000000000000000e+03 4.062000000000000000e+03 3.675306391080000040e-02 3.305351207199999641e-02
4.062000000000000000e+03 4.063000000000000000e+03 1.682807939600000080e-01 3.169401366700000389e-02
4.063000000000000000e+03 4.064000000000000000e+03 1.480271014489999981e-01 2.955445964400000083e-02
4.064000000000000000e+03 4.065000000000000000e+03 7.811347400300000521e-02 2.696281198099999971e-02
4.065000000000000000e+03 4.066000000000000000e+03 1.013207667780000043e-02 2.585749936000000110e-02
4.066000000000000000e+03 4.067000000000000000e+03 9.240308607799999074e-02 1.902945463799999778e-02
4.067000000000000000e+03 4.068000000000000000e+03 3.239371206800000652e-02 2.067757881499999659e-02
4.068000000000000000e+03 4.069000000000000000e+03 5.346223029600000176e-02 1.381533754600000087e-02
4.069000000000000000e+03 4.070000000000000000e+03 -2.644248063400000178e-03 1.163425319879999968e-02
4.070000000000000000e+03 4.071000000000000000e+03 2.352974685409999975e-02 3.522715895800000024e-02
4.071000000000000000e+03 4.072000000000000000e+03 1.125391351410000018e-01 3.922538132899999752e-02
4.072000000000000000e+03 4.073000000000000000e+03 3.815199829200000003e-02 3.405751900500000179e-02
4.073000000000000000e+03 4.074000000000000000e+03 1.488453386739999884e-01 3.211879687099999936e-02
4.074000000000000000e+03 4.075000000000000000e+03 1.138910565210000114e-01 3.482753010700000151e-02
4.075000000000000000e+03 4.076000000000000000e+03 1.197924649420000071e-01 3.264848592700000246e-02
4.076000000000000000e+03 4.077000000000000000e+03 9.044380161099999094e-02 2.615526872100000164e-02
4.077000000000000000e+03 4.078000000000000000e+03 8.648195123000000650e-02 2.390347631600000036e-02
4.078000000000000000e+03 4.079000000000000000e+03 7.697135671899998921e-02 1.622879055000000029e-02
4.079000000000000000e+03 4.080000000000000000e+03 -1.169621544200000023e-02 1.565457146600000155e-02
4.080000000000000000e+03 4.081000000000000000e+03 -4.329539372400000030e-02 1.616007009600000169e-02
4.081000000000000000e+03 4.082000000000000000e+03 9.951680353200000051e-02 3.908590149599999730e-02
4.082000000000000000e+03 4.083000000000000000e+03 2.204088946099999960e-02 3.973275426899999796e-02
4.083000000000000000e+03 4.084000000000000000e+03 7.400158889699999520e-02 3.545801776600000094e-02
4.084000000000000000e+03 4.085000000000000000e+03 1.339828647900000169e-01 3.186799870300000004e-02
4.085000000000000000e+03 4.086000000000000000e+03 1.227011664510000016e-01 3.204505145200000488e-02
4.086000000000000000e+03 4.087000000000000000e+03 9.096337843900000053e-02 2.508987027799999825e-02
4.087000000000000000e+03 4.088000000000000000e+03 6.375411355200000241e-02 2.078071991199999941e-02
4.088000000000000000e+03 4.089000000000000000e+03 8.293059873100000479e-02 1.990492408199999799e-02
4.089000000000000000e+03 4.090000000000000000e+03 5.387162543900000239e-02 1.712471922300000046e-02
4.090000000000000000e+03 4.091000000000000000e+03 5.279834373400000419e-02 1.554109097799999915e-02
4.091000000000000000e+03 4.092000000000000000e+03 1.254774532449999883e-02 1.246541894719999967e-02
4.092000000000000000e+03 4.093000000000000000e+03 1.979767778320000171e-01 3.703373306200000159e-02
4.093000000000000000e+03 4.094000000000000000e+03 7.439926053800000050e-02 3.992145139900000333e-02
4.094000000000000000e+03 4.095000000000000000e+03 1.575930570410000175e-01 3.075340959100000132e-02
4.095000000000000000e+03 4.096000000000000000e+03 9.135778429099999931e-02 3.328839530900000454e-02
4.096000000000000000e+03 4.097000000000000000e+03 9.349493262700001028e-02 2.577806340399999702e-02
4.097000000000000000e+03 4.098000000000000000e+03 7.808777238800000686e-02 2.540539361899999890e-02
4.098000000000000000e+03 4.099000000000000000e+03 7.550209342699999715e-02 2.564934607900000094e-02
4.099000000000000000e+03 4.100000000000000000e+03 6.652541817099999477e-02 2.455365081899999954e-02
4.100000000000000000e+03 4.101000000000000000e+03 4.371256721499999776e-02 1.575524314100000198e-02
4.101000000000000000e+03 4.102000000000000000e+03 -5.091532622200000031e-03 1.413812369869999960e-02
4.102000000000000000e+03 4.103000000000000000e+03 -2.799233027279999803e-03 1.146724880669999953e-02
4.103000000000000000e+03 4.104000000000000000e+03 1.374466147019999807e-01 3.885758663999999696e-02
4.104000000000000000e+03 4.105000000000000000e+03 2.282937074619999923e-02 3.304420303399999842e-02
4.105000000000000000e+03 4.106000000000000000e+03 1.329899362410000008e-01 3.249648998800000466e-02
4.106000000000000000e+03 4.107000000000000000e+03 1.450984468710000141e-01 3.182677513599999758e-02
4.107000000000000000e+03 4.108000000000000000e+03 1.205335069079999932e-01 2.882170132299999993e-02
4.108000000000000000e+03 4.109000000000000000e+03 1.408876586710000045e-01 2.399232535999999694e-02
4.109000000000000000e+03 4.110000000000000000e+03 5.459038022300000126e-02 2.257217474699999699e-02
4.110000000000000000e+03 4.111000000000000000e+03 7.405143851399999255e-02 2.396928434199999819e-02
4.111000000000000000e+03 4.112000000000000000e+03 6.276211301799999864e-02 1.658832746700000110e-02
4.112000000000000000e+03 4.113000000000000000e+03 2.746214745699999960e-02 1.425694350199999995e-02
4.113000000000000000e+03 4.114000000000000000e+03 -3.193950370830000041e-03 1.111794657979999976e-02
4.114000000000000000e+03 4.115000000000000000e+03 1.304802732219999817e-01 3.276832816699999651e-02
4.115000000000000000e+03 4.116000000000000000e+03 9.589532298200000027e-02 3.396414556300000193e-02
4.116000000000000000e+03 4.117000000000000000e+03 4.486747001599999951e-02 3.410137811999999768e-02
4.117000000000000000e+03 4.118000000000000000e+03 1.310506157469999988e-01 3.166427600900000028e-02
4.118000000000000000e+03 4.119000000000000000e+03 6.043830913800000287e-02 3.140139478599999340e-02
4.119000000000000000e+03 4.120000000000000000e+03 7.247972859899999565e-02 3.168637242499999784e-02
4.120000000000000000e+03 4.121000000000000000e+03 2.060431777770000208e-02 2.321092618800000076e-02
4.121000000000000000e+03 4.122000000000000000e+03 5.999642312899999830e-02 2.126941944200000031e-02
4.122000000000000000e+03 4.123000000000000000e+03 3.566496383799999670e-02 1.773940371700000185e-02
4.123000000000000000e+03 4.124000000000000000e+03 3.797418266799999775e-02 1.547017663300000005e-02
4.124000000000000000e+03 4.125000000000000000e+03 1.252761662509999964e-02 1.157127866529999993e-02
4.125000000000000000e+03 4.126000000000000000e+03 1.138801521560000030e-01 3.684646964800000063e-02
4.126000000000000000e+03 4.127000000000000000e+03 7.718603920400000928e-02 3.630500566699999820e-02
4.127000000000000000e+03 4.128000000000000000e+03 1.860680397270000064e-01 3.220938025599999477e-02
4.128000000000000000e+03 4.129000000000000000e+03 8.884989859040000326e-02 3.103848096599999898e-02
4.129000000000000000e+03 4.130000000000000000e+03 1.426925180710000018e-01 2.345629783600000282e-02
4.130000000000000000e+03 4.131000000000000000e+03 1.385747307129999994e-01 2.822397348300000053e-02
4.131000000000000000e+03 4.132000000000000000e+03 7.612294631799999822e-02 2.718157694400000213e-02
4.132000000000000000e+03 4.133000000000000000e+03 2.957495741600000075e-02 2.470954586500000161e-02
4.133000000000000000e+03 4.134000000000000000e+03 5.815728938899999978e-02 1.714692648999999874e-02
4.134000000000000000e+03 4.135000000000000000e+03 5.923203142599999665e-02 1.394397049940000050e-02
4.135000000000000000e+03 4.136000000000000000e+03 2.092934665299999927e-02 1.116434078579999975e-02
4.136000000000000000e+03 4.137000000000000000e+03 7.580332229299999169e-02 2.959117658699999751e-02
4.137000000000000000e+03 4.138000000000000000e+03 1.372581602219999919e-01 3.366091059000000246e-02
4.138000000000000000e+03 4.139000000000000000e+03 1.311320268719999849e-01 3.224963384500000030e-02
4.139000000000000000e+03 4.140000000000000000e+03 8.245415623699998975e-02 3.195796998599999966e-02
4.140000000000000000e+03 4.141000000000000000e+03 9.658879361400000974e-02 2.924797482699999923e-02
4.141000000000000000e+03 4.142000000000000000e+03 6.457733980600000034e-02 2.600777100800000241e-02
4.142000000000000000e+03 4.143000000000000000e+03 9.486231293100000350e-02 2.353860149399999990e-02
4.143000000000000000e+03 4.144000000000000000e+03 6.589571863299999166e-02 1.923090613299999890e-02
4.144000000000000000e+03 4.145000000000000000e+03 7.297281244799999622e-02 1.733611858099999917e-02
4.145000000000000000e+03 4.146000000000000000e+03 5.170250256000000211e-02 1.501504250999999984e-02
4.146000000000000000e+03 4.147000000000000000e+03 1.653845307399999867e-02 1.257074641399999991e-02
4.147000000000000000e+03 4.148000000000000000e+03 6.434365490299999435e-02 3.460548307199999563e-02
4.148000000000000000e+03 4.149000000000000000e+03 8.088146664899999172e-02 3.169238893999999640e-02
4.149000000000000000e+03 4.150000000000000000e+03 3.221371347500000260e-02 3.349660029700000236e-02
4.150000000000000000e+03 4.151000000000000000e+03 9.653768022999999199e-02 2.906933064900000044e-02
4.151000000000000000e+03 4.152000000000000000e+03 1.019782990619999968e-01 2.981337433900000181e-02
4.152000000000000000e+03 4.153000000000000000e+03 8.310005507599999008e-02 2.454590834799999857e-02
4.153000000000000000e+03 4.154000000000000000e+03 7.649493491700000425e-02 2.496615482299999883e-02
4.154000000000000000e+03 4.155000000000000000e+03 2.580085032899999756e-02 2.072337409799999974e-02
4.155000000000000000e+03 4.156000000000000000e+03 2.921063583260000152e-02 1.723570478700000089e-02
4.156000000000000000e+03 4.157000000000000000e+03 5.074869172599999478e-02 1.677279060199999769e-02
4.157000000000000000e+03 4.158000000000000000e+03 1.395465447010000096e-02 1.033015690269999988e-02
4.158000000000000000e+03 4.159000000000000000e+03 5.642664131299999358e-02 3.068633165299999854e-02
4.159000000000000000e+03 4.160000000000000000e+03 1.084443914780000018e-01 3.137332484099999985e-02
4.160000000000000000e+03 4.161000000000000000e+03 9.939368424000000202e-02 2.990069882199999918e-02
4.161000000000000000e+03 4.162000000000000000e+03 1.446126591470000000e-01 2.875042481000000122e-02
4.162000000000000000e+03 4.163000000000000000e+03 4.259918707899999768e-02 2.914422027500000040e-02
4.163000000000000000e+03 4.164000000000000000e+03 1.128107019279999956e-01 2.277170486900000068e-02
4.164000000000000000e+03 4.165000000000000000e+03 3.899130705730000090e-02 2.194847407600000050e-02
4.165000000000000000e+03 4.166000000000000000e+03 6.824711934600000141e-02 2.123224418699999963e-02
4.166000000000000000e+03 4.167000000000000000e+03 9.008029108199999690e-02 1.931348019099999799e-02
4.167000000000000000e+03 4.168000000000000000e+03 4.530047615600000382e-02 1.399398915999999944e-02
4.168000000000000000e+03 4.169000000000000000e+03 -2.846671427710000066e-03 1.066986102320000018e-02
4.169000000000000000e+03 4.170000000000000000e+03 9.399531563200000384e-02 3.638576856800000009e-02
4.170000000000000000e+03 4.171000000000000000e+03 8.690238003999999419e-03 3.545765286899999619e-02
4.171000000000000000e+03 4.172000000000000000e+03 2.445967893400000093e-02 2.739421324600000221e-02
4.172000000000000000e+03 4.173000000000000000e+03 8.795868992799998898e-02 3.106450483100000118e-02
4.173000000000000000e+03 4.174000000000000000e+03 1.124074199950000075e-01 2.385907979999999859e-02
4.174000000000000000e+03 4.175000000000000000e+03 9.545933729899999665e-02 2.793617543800000144e-02
4.175000000000000000e+03 4.176000000000000000e+03 6.913427884000000745e-02 2.252502405200000266e-02
4.176000000000000000e+03 4.177000000000000000e+03 -1.140836900149999958e-02 1.808844425000000200e-02
4.177000000000000000e+03 4.178000000000000000e+03 2.580782340999999980e-02 1.777067050199999942e-02
4.178000000000000000e+03 4.179000000000000000e+03 3.832314881900000109e-02 1.559201339099999979e-02
4.179000000000000000e+03 4.180000000000000000e+03 -5.498633222000000147e-03 1.188782196229999991e-02
4.180000000000000000e+03 4.181000000000000000e+03 1.546134351890000036e-01 4.032499525100000093e-02
4.181000000000000000e+03 4.182000000000000000e+03 7.355012884700000420e-02 4.086805191199999882e-02
4.182000000000000000e+03 4.183000000000000000e+03 8.917732174799999911e-02 3.251941204599999996e-02
4.183000000000000000e+03 4.184000000000000000e+03 1.284476568569999921e-01 3.149924946899999856e-02
4.184000000000000000e+03 4.185000000000000000e+03 7.828447406499999817e-02 2.980574602300000223e-02
4.185000000000000000e+03 4.186000000000000000e+03 4.368494485300000035e-02 2.727584003199999899e-02
4.186000000000000000e+03 4.187000000000000000e+03 9.714336851100000003e-02 1.938316103499999887e-02
4.187000000000000000e+03 4.188000000000000000e+03 7.394532471600000212e-02 2.012027985600000138e-02
4.188000000000000000e+03 4.189000000000000000e+03 5.357611262800000135e-02 1.829603894299999811e-02
4.189000000000000000e+03 4.190000000000000000e+03 4.288068365600000015e-02 1.671733727299999986e-02
4.190000000000000000e+03 4.191000000000000000e+03 4.917141233100000286e-02 1.005332089239999865e-02
4.191000000000000000e+03 4.192000000000000000e+03 -1.201138997220000011e-02 4.275602508999999662e-02
4.192000000000000000e+03 4.193000000000000000e+03 1.234944878149999981e-01 3.496742385300000144e-02
4.193000000000000000e+03 4.194000000000000000e+03 1.151653192220000038e-01 2.893094220500000077e-02
4.194000000000000000e+03 4.195000000000000000e+03 8.583003465000001164e-02 2.854447628499999848e-02
4.195000000000000000e+03 4.196000000000000000e+03 1.080519964409999978e-01 2.754414448199999851e-02
4.196000000000000000e+03 4.197000000000000000e+03 1.370138680680000054e-01 2.355401302599999941e-02
4.197000000000000000e+03 4.198000000000000000e+03 2.066376061300000122e-02 1.829313620499999765e-02
4.198000000000000000e+03 4.199000000000000000e+03 7.940487597600000280e-02 1.957798593400000148e-02
4.199000000000000000e+03 4.200000000000000000e+03 -9.649790128599998809e-03 1.581200885799999983e-02
4.200000000000000000e+03 4.201000000000000000e+03 2.972618476099999837e-02 1.274312572870000063e-02
4.201000000000000000e+03 4.202000000000000000e+03 1.450798640999999972e-02 1.106733076319999995e-02
4.202000000000000000e+03 4.203000000000000000e+03 8.742617646800000808e-02 3.224501979799999918e-02
4.203000000000000000e+03 4.204000000000000000e+03 1.379841749529999995e-01 3.351055627499999884e-02
4.204000000000000000e+03 4.205000000000000000e+03 9.934587903000000053e-02 2.989230651800000096e-02
4.205000000000000000e+03 4.206000000000000000e+03 1.234114965130000130e-01 3.186720436300000125e-02
4.206000000000000000e+03 4.207000000000000000e+03 9.581503914800000576e-02 2.858953505900000205e-02
4.207000000000000000e+03 4.208000000000000000e+03 9.829208474919999550e-02 2.309260504900000066e-02
4.208000000000000000e+03 4.209000000000000000e+03 9.616762904200000517e-02 2.172431481099999784e-02
4.209000000000000000e+03 4.210000000000000000e+03 1.024978773199999998e-01 2.051332452899999950e-02
4.210000000000000000e+03 4.211000000000000000e+03 4.796125380599999821e-02 1.668074830900000138e-02
4.211000000000000000e+03 4.212000000000000000e+03 2.110082006800000076e-02 1.248927251520000163e-02
4.212000000000000000e+03 4.213000000000000000e+03 2.898027546499999836e-03 1.097432133790000007e-02
4.213000000000000000e+03 4.214000000000000000e+03 1.042992898529999934e-02 2.801424615100000029e-02
4.214000000000000000e+03 4.215000000000000000e+03 8.626387147299999225e-02 3.318999362200000108e-02
4.215000000000000000e+03 4.216000000000000000e+03 -3.980992431000000137e-02 2.609111147899999955e-02
4.216000000000000000e+03 4.217000000000000000e+03 8.624096716600000712e-02 2.720447690899999854e-02
4.217000000000000000e+03 4.218000000000000000e+03 1.124546322940000037e-01 2.686498106500000149e-02
4.218000000000000000e+03 4.219000000000000000e+03 7.411283697000000531e-03 2.097577846599999948e-02
4.219000000000000000e+03 4.220000000000000000e+03 9.486670361599999768e-02 2.193215811200000323e-02
4.220000000000000000e+03 4.221000000000000000e+03 1.794327310669999870e-02 1.793782558299999996e-02
4.221000000000000000e+03 4.222000000000000000e+03 5.164727891099999552e-02 1.738108689200000209e-02
4.222000000000000000e+03 4.223000000000000000e+03 5.601165842099999764e-02 1.269608560709999980e-02
4.223000000000000000e+03 4.224000000000000000e+03 7.719873268500000371e-03 9.514049654599999323e-03
4.224000000000000000e+03 4.225000000000000000e+03 9.228495068599999740e-02 4.457544962000000582e-02
4.225000000000000000e+03 4.226000000000000000e+03 1.125807204769999903e-01 3.561225139100000076e-02
4.226000000000000000e+03 4.227000000000000000e+03 1.719388375450000006e-01 3.784593055900000586e-02
4.227000000000000000e+03 4.228000000000000000e+03 9.320060669700000466e-02 3.501607041500000295e-02
4.228000000000000000e+03 4.229000000000000000e+03 4.358166271299999950e-02 2.998002062400000056e-02
4.229000000000000000e+03 4.230000000000000000e+03 -8.103098140399998470e-03 2.828706378900000193e-02
4.230000000000000000e+03 4.231000000000000000e+03 1.072009572399999951e-02 2.564654656700000174e-02
4.231000000000000000e+03 4.232000000000000000e+03 1.843952557999999986e-03 3.019087598299999980e-02
4.232000000000000000e+03 4.233000000000000000e+03 4.009771648500000396e-02 1.517383155999999997e-02
4.233000000000000000e+03 4.234000000000000000e+03 3.634993252500000327e-02 1.638472934800000100e-02
4.234000000000000000e+03 4.235000000000000000e+03 -1.223264883830000108e-02 1.072983960450000010e-02
4.235000000000000000e+03 4.236000000000000000e+03 9.621985817900000071e-02 4.871680141499999672e-02
4.236000000000000000e+03 4.237000000000000000e+03 9.491625124659999746e-02 4.186790112900000416e-02
4.237000000000000000e+03 4.238000000000000000e+03 1.364926740840000097e-01 3.798060524600000570e-02
4.238000000000000000e+03 4.239000000000000000e+03 1.193129172459999887e-01 3.198514014700000463e-02
4.239000000000000000e+03 4.240000000000000000e+03 6.221049150760000340e-02 3.010035680299999808e-02
4.240000000000000000e+03 4.241000000000000000e+03 3.182889154060000031e-02 2.773600985700000118e-02
4.241000000000000000e+03 4.242000000000000000e+03 2.810313436350000277e-02 2.713955842800000115e-02
4.242000000000000000e+03 4.243000000000000000e+03 5.589934787700000240e-02 2.413552706799999836e-02
4.243000000000000000e+03 4.244000000000000000e+03 2.753044999689999855e-02 1.990048310700000267e-02
4.244000000000000000e+03 4.245000000000000000e+03 5.236719753400000121e-02 1.802213494199999752e-02
4.245000000000000000e+03 4.246000000000000000e+03 2.967681273799999825e-02 1.610755594700000182e-02
4.246000000000000000e+03 4.247000000000000000e+03 8.111527615699999638e-02 4.602863787799999634e-02
4.247000000000000000e+03 4.248000000000000000e+03 1.135790923770000072e-01 4.415112851300000141e-02
4.248000000000000000e+03 4.249000000000000000e+03 1.417345562020000116e-01 3.456386537699999983e-02
4.249000000000000000e+03 4.250000000000000000e+03 1.201822861540000065e-01 3.902665164199999731e-02
4.250000000000000000e+03 4.251000000000000000e+03 9.071785580999999765e-02 2.904103203000000036e-02
4.251000000000000000e+03 4.252000000000000000e+03 4.634952333519999634e-02 3.519073441400000224e-02
4.252000000000000000e+03 4.253000000000000000e+03 5.111341706999999275e-04 2.521206525999999948e-02
4.253000000000000000e+03 4.254000000000000000e+03 9.712707164000000323e-03 2.718960780800000129e-02
4.254000000000000000e+03 4.255000000000000000e+03 4.426560883200000157e-02 2.475500390499999967e-02
4.255000000000000000e+03 4.256000000000000000e+03 -9.466937173800000355e-03 1.904006927200000213e-02
4.256000000000000000e+03 4.257000000000000000e+03 9.962775716210001131e-03 1.129441311289999979e-02
4.257000000000000000e+03 4.258000000000000000e+03 1.182576400680000056e-01 4.111951437700000350e-02
4.258000000000000000e+03 4.259000000000000000e+03 7.832511042699999426e-02 4.449163450999999575e-02
4.259000000000000000e+03 4.260000000000000000e+03 4.651337952099999368e-02 3.441371412199999841e-02
4.260000000000000000e+03 4.261000000000000000e+03 7.280300849900001037e-02 3.820547474999999582e-02
4.261000000000000000e+03 4.262000000000000000e+03 4.185921878740000296e-02 2.885906293099999714e-02
4.262000000000000000e+03 4.263000000000000000e+03 6.341013137300000047e-02 2.553201731199999935e-02
4.263000000000000000e+03 4.264000000000000000e+03 6.388377600000000084e-05 2.235194319099999966e-02
4.264000000000000000e+03 4.265000000000000000e+03 1.931619206079999984e-02 2.493621467600000072e-02
4.265000000000000000e+03 4.266000000000000000e+03 2.340095542040000060e-02 1.728286540600000240e-02
4.266000000000000000e+03 4.267000000000000000e+03 -2.660516586000000075e-04 1.468298014600000027e-02
4.267000000000000000e+03 4.268000000000000000e+03 2.576654591099999947e-02 1.004295539630000074e-02
4.268000000000000000e+03 4.269000000000000000e+03 4.383490113050000220e-02 4.402232472600000474e-02
4.269000000000000000e+03 4.270000000000000000e+03 1.627759047219999866e-01 4.542450785599999596e-02
4.270000000000000000e+03 4.271000000000000000e+03 8.403058737099999842e-02 3.255991952099999975e-02
4.271000000000000000e+03 4.272000000000000000e+03 2.726037467500000075e-02 3.835067226900000514e-02
4.272000000000000000e+03 4.273000000000000000e+03 1.213926451759999997e-01 2.850615675499999779e-02
4.273000000000000000e+03 4.274000000000000000e+03 -6.697714443999999538e-03 2.290561397100000091e-02
4.274000000000000000e+03 4.275000000000000000e+03 4.653758681140000159e-02 2.429622341699999924e-02
4.275000000000000000e+03 4.276000000000000000e+03 3.841276869299999758e-02 1.939516286999999964e-02
4.276000000000000000e+03 4.277000000000000000e+03 3.937736760100000316e-02 1.607976473699999909e-02
4.277000000000000000e+03 4.278000000000000000e+03 4.344667488900000318e-02 1.670725796899999796e-02
4.278000000000000000e+03 4.279000000000000000e+03 1.988093813899999979e-02 1.219941194869999905e-02
4.279000000000000000e+03 4.280000000000000000e+03 4.894705685499999709e-02 3.954024092000000407e-02
4.280000000000000000e+03 4.281000000000000000e+03 5.247498142300000001e-02 3.391662361399999659e-02
4.281000000000000000e+03 4.282000000000000000e+03 1.163959009659999988e-01 3.461651746700000060e-02
4.282000000000000000e+03 4.283000000000000000e+03 6.714101884999999770e-02 3.195171529600000088e-02
4.283000000000000000e+03 4.284000000000000000e+03 2.792428015289999746e-02 2.696063672599999933e-02
4.284000000000000000e+03 4.285000000000000000e+03 5.583995477900000060e-02 3.237779163300000262e-02
4.285000000000000000e+03 4.286000000000000000e+03 2.371739861919999748e-02 2.116011498000000199e-02
4.286000000000000000e+03 4.287000000000000000e+03 4.084120972599999955e-02 2.131677216800000052e-02
4.287000000000000000e+03 4.288000000000000000e+03 -9.652194420397998756e-03 1.455258275899999967e-02
4.288000000000000000e+03 4.289000000000000000e+03 2.160779663199999950e-02 1.648748450700000118e-02
4.289000000000000000e+03 4.290000000000000000e+03 3.245821957400000374e-02 1.314761545569999995e-02
4.290000000000000000e+03 4.291000000000000000e+03 1.020652710969999905e-01 3.950868973299999365e-02
4.291000000000000000e+03 4.292000000000000000e+03 1.490705838910000025e-01 4.055692589499999834e-02
4.292000000000000000e+03 4.293000000000000000e+03 1.123541427709999901e-01 3.009642204799999748e-02
4.293000000000000000e+03 4.294000000000000000e+03 5.002599229299999756e-02 3.766357362600000064e-02
4.294000000000000000e+03 4.295000000000000000e+03 5.530641629000000031e-02 3.282249041699999981e-02
4.295000000000000000e+03 4.296000000000000000e+03 1.066596819500000015e-01 2.569199956199999871e-02
4.296000000000000000e+03 4.297000000000000000e+03 5.277524820199999689e-02 2.339082435200000309e-02
4.297000000000000000e+03 4.298000000000000000e+03 3.805573888000000210e-02 2.130401111599999897e-02
4.298000000000000000e+03 4.299000000000000000e+03 3.469958712099999870e-02 1.649514681899999849e-02
4.299000000000000000e+03 4.300000000000000000e+03 2.457824347199999773e-02 1.499341863200000062e-02
4.300000000000000000e+03 4.301000000000000000e+03 2.483793985899999945e-02 1.211582322249999885e-02
4.301000000000000000e+03 4.302000000000000000e+03 1.184540399359999968e-01 4.026324608599999438e-02
4.302000000000000000e+03 4.303000000000000000e+03 1.020953653619999929e-01 3.751480178700000029e-02
4.303000000000000000e+03 4.304000000000000000e+03 3.962596341099999808e-02 3.035218116699999955e-02
4.304000000000000000e+03 4.305000000000000000e+03 8.970342225499999822e-02 3.436397427800000348e-02
4.305000000000000000e+03 4.306000000000000000e+03 1.140976944179999952e-01 3.021785528999999804e-02
4.306000000000000000e+03 4.307000000000000000e+03 -2.459993985300000172e-02 2.126950401300000196e-02
4.307000000000000000e+03 4.308000000000000000e+03 3.075310127699999729e-02 2.382492925999999886e-02
4.308000000000000000e+03 4.309000000000000000e+03 8.225493693500000869e-02 2.219088058099999775e-02
4.309000000000000000e+03 4.310000000000000000e+03 4.448510848599999956e-02 1.898640457399999870e-02
4.310000000000000000e+03 4.311000000000000000e+03 4.972136411999999311e-02 1.493556585800000051e-02
4.311000000000000000e+03 4.312000000000000000e+03 2.127091595099999885e-02 1.265895505499999886e-02
4.312000000000000000e+03 4.313000000000000000e+03 1.161942779220000027e-01 3.645154159099999597e-02
4.313000000000000000e+03 4.314000000000000000e+03 1.067052173239999985e-01 3.256353773899999665e-02
4.314000000000000000e+03 4.315000000000000000e+03 1.545062892780000030e-01 4.146779664700000340e-02
4.315000000000000000e+03 4.316000000000000000e+03 7.193145814799999094e-02 3.866403173300000246e-02
4.316000000000000000e+03 4.317000000000000000e+03 8.057243467700000994e-02 3.007012077399999830e-02
4.317000000000000000e+03 4.318000000000000000e+03 6.002475046900000027e-02 2.124577646199999822e-02
4.318000000000000000e+03 4.319000000000000000e+03 -5.516378814600000208e-02 2.556671366999999778e-02
4.319000000000000000e+03 4.320000000000000000e+03 1.444251696630000081e-02 2.185908102300000017e-02
4.320000000000000000e+03 4.321000000000000000e+03 4.385470730599999589e-02 1.617181574399999960e-02
4.321000000000000000e+03 4.322000000000000000e+03 1.606228009400000045e-02 1.603000869600000253e-02
4.322000000000000000e+03 4.323000000000000000e+03 1.351852434200000001e-02 1.197217672999999899e-02
4.323000000000000000e+03 4.324000000000000000e+03 1.230720655079999976e-01 4.463393475699999752e-02
4.324000000000000000e+03 4.325000000000000000e+03 7.300257693199999065e-02 4.265439445299999688e-02
4.325000000000000000e+03 4.326000000000000000e+03 1.462922539690000023e-01 3.719003512700000402e-02
4.326000000000000000e+03 4.327000000000000000e+03 2.261651620110000094e-02 2.782049239600000237e-02
4.327000000000000000e+03 4.328000000000000000e+03 5.749198554300000152e-02 2.497539892600000172e-02
4.328000000000000000e+03 4.329000000000000000e+03 7.873617074526000070e-02 2.483689240300000073e-02
4.329000000000000000e+03 4.330000000000000000e+03 4.880257281899999522e-02 2.177425360300000098e-02
4.330000000000000000e+03 4.331000000000000000e+03 3.239503439199999807e-02 1.698294785700000045e-02
4.331000000000000000e+03 4.332000000000000000e+03 5.850674571699999993e-02 2.012705216900000094e-02
4.332000000000000000e+03 4.333000000000000000e+03 8.758360563599999760e-03 1.371318748699999930e-02
4.333000000000000000e+03 4.334000000000000000e+03 3.088391647200000242e-02 1.185942167489999893e-02
4.334000000000000000e+03 4.335000000000000000e+03 1.157879979759999928e-01 4.837244309699999939e-02
4.335000000000000000e+03 4.336000000000000000e+03 1.915729326609999783e-01 3.734777196799999449e-02
4.336000000000000000e+03 4.337000000000000000e+03 6.188953981000000493e-02 3.394598144999999567e-02
4.337000000000000000e+03 4.338000000000000000e+03 7.686311200499999774e-02 3.395141140200000351e-02
4.338000000000000000e+03 4.339000000000000000e+03 9.990416080600000859e-02 2.950987990000000089e-02
4.339000000000000000e+03 4.340000000000000000e+03 1.071544999649999969e-01 2.625673949800000004e-02
4.340000000000000000e+03 4.341000000000000000e+03 6.793091443700000065e-02 2.035351326599999996e-02
4.341000000000000000e+03 4.342000000000000000e+03 6.720706843000000263e-02 1.774782145400000122e-02
4.342000000000000000e+03 4.343000000000000000e+03 3.540591313300000403e-02 1.841856561100000192e-02
4.343000000000000000e+03 4.344000000000000000e+03 1.805650467500000134e-02 1.332220232270000040e-02
4.344000000000000000e+03 4.345000000000000000e+03 5.144829613800000478e-02 1.371173853259999992e-02
4.345000000000000000e+03 4.346000000000000000e+03 2.096481395690000249e-02 4.223720088700000375e-02
4.346000000000000000e+03 4.347000000000000000e+03 1.465304487700000158e-01 3.767107162200000053e-02
4.347000000000000000e+03 4.348000000000000000e+03 1.416284777949999851e-01 3.950454394499999800e-02
4.348000000000000000e+03 4.349000000000000000e+03 1.157782520190000081e-01 3.286231276300000115e-02
4.349000000000000000e+03 4.350000000000000000e+03 1.164065123049999873e-01 3.202228601700000260e-02
4.350000000000000000e+03 4.351000000000000000e+03 1.418746737490000041e-02 2.562158294999999919e-02
4.351000000000000000e+03 4.352000000000000000e+03 6.454072693899999547e-02 2.223132675700000005e-02
4.352000000000000000e+03 4.353000000000000000e+03 7.160410738700000166e-02 1.770049919699999766e-02
4.353000000000000000e+03 4.354000000000000000e+03 1.076509715720000079e-02 1.631373285899999706e-02
4.354000000000000000e+03 4.355000000000000000e+03 6.540242726200000412e-02 1.575662311499999996e-02
4.355000000000000000e+03 4.356000000000000000e+03 2.811424766300000058e-02 1.063644672350000028e-02
4.356000000000000000e+03 4.357000000000000000e+03 1.251920400609999873e-01 3.641562956999999656e-02
4.357000000000000000e+03 4.358000000000000000e+03 3.854017639565000125e-02 3.694238156900000319e-02
4.358000000000000000e+03 4.359000000000000000e+03 4.380694197209999974e-02 3.902604094000000634e-02
4.359000000000000000e+03 4.360000000000000000e+03 1.469735144129999949e-01 3.416832950999999785e-02
4.360000000000000000e+03 4.361000000000000000e+03 1.256302173429999780e-01 3.390032984899999519e-02
4.361000000000000000e+03 4.362000000000000000e+03 9.107498736399999295e-02 2.936722416000000016e-02
4.362000000000000000e+03 4.363000000000000000e+03 6.405729924700000188e-02 2.432007405600000033e-02
4.363000000000000000e+03 4.364000000000000000e+03 -2.225420634899999764e-02 1.974585534899999870e-02
4.364000000000000000e+03 4.365000000000000000e+03 3.948612039499999754e-02 1.482364955799999988e-02
4.365000000000000000e+03 4.366000000000000000e+03 3.026922931699999736e-02 1.388696081900000004e-02
4.366000000000000000e+03 4.367000000000000000e+03 2.899496522000000187e-02 1.026724829920000123e-02
4.367000000000000000e+03 4.368000000000000000e+03 6.577634193299999876e-02 3.775537713499999698e-02
4.368000000000000000e+03 4.369000000000000000e+03 1.170651224010000047e-01 3.385375300299999640e-02
4.369000000000000000e+03 4.370000000000000000e+03 5.274704222099999701e-02 4.268390595699999429e-02
4.370000000000000000e+03 4.371000000000000000e+03 1.053163046029999966e-01 2.823237838499999958e-02
4.371000000000000000e+03 4.372000000000000000e+03 8.798049227300000497e-02 2.805998046799999812e-02
4.372000000000000000e+03 4.373000000000000000e+03 5.364598184400000414e-02 2.684366835799999879e-02
4.373000000000000000e+03 4.374000000000000000e+03 7.718407328500000164e-02 2.562395579899999845e-02
4.374000000000000000e+03 4.375000000000000000e+03 6.417990487499999896e-02 2.125952263700000081e-02
4.375000000000000000e+03 4.376000000000000000e+03 4.646431962999999360e-02 1.914782447699999932e-02
4.376000000000000000e+03 4.377000000000000000e+03 4.085444825100000010e-02 1.344699107799999897e-02
4.377000000000000000e+03 4.378000000000000000e+03 1.538488659220000124e-02 9.980013482699999147e-03
4.378000000000000000e+03 4.379000000000000000e+03 1.733368561679999864e-01 3.907653692300000481e-02
4.379000000000000000e+03 4.380000000000000000e+03 1.018687353450000027e-01 3.554805695499999724e-02
4.380000000000000000e+03 4.381000000000000000e+03 1.205010987539999884e-01 3.370674877100000161e-02
4.381000000000000000e+03 4.382000000000000000e+03 8.345250125799999474e-02 3.249021253400000142e-02
4.382000000000000000e+03 4.383000000000000000e+03 4.693252850000000087e-02 2.798221298500000107e-02
4.383000000000000000e+03 4.384000000000000000e+03 1.847544843248000168e-02 2.748859974300000078e-02
4.384000000000000000e+03 4.385000000000000000e+03 2.026465556889999950e-02 2.458543172800000190e-02
4.385000000000000000e+03 4.386000000000000000e+03 1.338530999600000097e-02 1.910921772999999921e-02
4.386000000000000000e+03 4.387000000000000000e+03 6.526013134499999979e-02 1.806775025199999773e-02
4.387000000000000000e+03 4.388000000000000000e+03 4.460144811099999579e-02 1.434094270899999995e-02
4.388000000000000000e+03 4.389000000000000000e+03 2.947003703299999958e-02 1.231538618540000025e-02
4.389000000000000000e+03 4.390000000000000000e+03 7.169029868719999088e-02 3.694409449900000475e-02
4.390000000000000000e+03 4.391000000000000000e+03 6.951869428399999606e-02 3.543903637700000081e-02
4.391000000000000000e+03 4.392000000000000000e+03 1.267980477929999961e-01 3.186326358499999567e-02
4.392000000000000000e+03 4.393000000000000000e+03 1.195252884169999974e-01 3.911196626699999651e-02
4.393000000000000000e+03 4.394000000000000000e+03 7.292750861399999174e-02 2.899792045599999812e-02
4.394000000000000000e+03 4.395000000000000000e+03 1.465228855140000008e-01 2.616098063399999868e-02
4.395000000000000000e+03 4.396000000000000000e+03 9.301194599499999771e-02 2.040366114600000030e-02
4.396000000000000000e+03 4.397000000000000000e+03 8.208308453100000845e-02 1.983019368600000276e-02
4.397000000000000000e+03 4.398000000000000000e+03 6.182041649599999411e-02 1.599069323600000106e-02
4.398000000000000000e+03 4.399000000000000000e+03 3.155997558799999991e-02 1.147033065040000029e-02
4.399000000000000000e+03 4.400000000000000000e+03 1.233266639900000051e-02 1.046698427659999847e-02
4.400000000000000000e+03 4.401000000000000000e+03 7.370078006199999587e-02 3.607836704700000119e-02
4.401000000000000000e+03 4.402000000000000000e+03 3.157726313800000156e-02 3.672217098799999968e-02
4.402000000000000000e+03 4.403000000000000000e+03 1.299730786370000002e-01 3.627954006899999917e-02
4.403000000000000000e+03 4.404000000000000000e+03 6.367969584900000368e-02 2.812986884599999807e-02
4.404000000000000000e+03 4.405000000000000000e+03 2.349424160200000097e-02 3.099866834800000040e-02
4.405000000000000000e+03 4.406000000000000000e+03 5.652209674699999742e-02 2.344481943899999823e-02
4.406000000000000000e+03 4.407000000000000000e+03 5.807157898200000085e-02 2.078647449600000072e-02
4.407000000000000000e+03 4.408000000000000000e+03 6.874072296900000933e-02 1.812523889100000132e-02
4.408000000000000000e+03 4.409000000000000000e+03 3.667102385200000231e-02 1.595302095700000186e-02
4.409000000000000000e+03 4.410000000000000000e+03 2.678629456100000208e-02 1.249874675789999952e-02
4.410000000000000000e+03 4.411000000000000000e+03 1.677806215149999988e-02 1.022213392949999911e-02
4.411000000000000000e+03 4.412000000000000000e+03 1.391224018910000026e-01 3.760506290400000146e-02
4.412000000000000000e+03 4.413000000000000000e+03 3.292922036400000585e-02 4.014240949799999930e-02
4.413000000000000000e+03 4.414000000000000000e+03 1.079044089739999990e-01 3.081841971099999813e-02
4.414000000000000000e+03 4.415000000000000000e+03 8.957801451500001233e-02 2.783533454499999976e-02
4.415000000000000000e+03 4.416000000000000000e+03 1.495017719400000000e-01 2.818332747699999960e-02
4.416000000000000000e+03 4.417000000000000000e+03 1.127304360459999988e-01 2.455972183600000150e-02
4.417000000000000000e+03 4.418000000000000000e+03 5.138017370999999750e-02 2.058128434499999909e-02
4.418000000000000000e+03 4.419000000000000000e+03 5.419387611000000410e-02 1.868807145400000133e-02
4.419000000000000000e+03 4.420000000000000000e+03 7.531237482199999722e-02 1.514066828800000007e-02
4.420000000000000000e+03 4.421000000000000000e+03 3.354949748800000603e-02 1.492490643000000082e-02
4.421000000000000000e+03 4.422000000000000000e+03 2.277740347599999885e-03 1.098306477969999972e-02
4.422000000000000000e+03 4.423000000000000000e+03 4.141918521299999684e-02 3.387295257399999815e-02
4.423000000000000000e+03 4.424000000000000000e+03 1.101121487079999989e-01 3.927070570199999583e-02
4.424000000000000000e+03 4.425000000000000000e+03 7.875573180070000179e-02 3.704105919600000213e-02
4.425000000000000000e+03 4.426000000000000000e+03 6.644823224099999370e-02 2.725393832800000055e-02
4.426000000000000000e+03 4.427000000000000000e+03 6.512595274500000697e-02 2.275422249099999863e-02
4.427000000000000000e+03 4.428000000000000000e+03 6.032138485800000310e-02 2.544000876100000266e-02
4.428000000000000000e+03 4.429000000000000000e+03 -3.901292993799999973e-03 2.348787309399999815e-02
4.429000000000000000e+03 4.430000000000000000e+03 4.240688424399999962e-02 2.039301760000000047e-02
4.430000000000000000e+03 4.431000000000000000e+03 2.123091587699999991e-02 1.438721647100000070e-02
4.431000000000000000e+03 4.432000000000000000e+03 4.382396954400000211e-03 1.217876156609999996e-02
4.432000000000000000e+03 4.433000000000000000e+03 2.006423726800000279e-02 1.006878294699999933e-02
4.433000000000000000e+03 4.434000000000000000e+03 7.725063525299999401e-02 3.236354758499999928e-02
4.434000000000000000e+03 4.435000000000000000e+03 8.169937674100000158e-02 3.815801338699999906e-02
4.435000000000000000e+03 4.436000000000000000e+03 5.915416666099999887e-02 3.131579463999999841e-02
4.436000000000000000e+03 4.437000000000000000e+03 1.542941375930000081e-01 3.399537363200000328e-02
4.437000000000000000e+03 4.438000000000000000e+03 5.240069046500000355e-02 2.525608919199999816e-02
4.438000000000000000e+03 4.439000000000000000e+03 6.013415092700000186e-02 2.363594978900000060e-02
4.439000000000000000e+03 4.440000000000000000e+03 7.478686039400000984e-02 1.975933459299999972e-02
4.440000000000000000e+03 4.441000000000000000e+03 9.551027673200000734e-02 1.828931239200000045e-02
4.441000000000000000e+03 4.442000000000000000e+03 5.455017419899999692e-02 1.577282904899999713e-02
4.442000000000000000e+03 4.443000000000000000e+03 4.306077192500000483e-02 1.364049983669999959e-02
4.443000000000000000e+03 4.444000000000000000e+03 2.692680199299999841e-02 1.017324427259999955e-02
4.444000000000000000e+03 4.445000000000000000e+03 3.256101697810000195e-02 3.416137276899999797e-02
4.445000000000000000e+03 4.446000000000000000e+03 1.372738667199999985e-01 4.425747947099999829e-02
4.446000000000000000e+03 4.447000000000000000e+03 1.313480871310000186e-01 2.735035272900000064e-02
4.447000000000000000e+03 4.448000000000000000e+03 6.432182210799999855e-02 3.446708858099999800e-02
4.448000000000000000e+03 4.449000000000000000e+03 3.721811566600000207e-03 2.796444191699999984e-02
4.449000000000000000e+03 4.450000000000000000e+03 9.979523653800000116e-02 2.731119057399999939e-02
4.450000000000000000e+03 4.451000000000000000e+03 6.810742965400000404e-02 2.014648388399999795e-02
4.451000000000000000e+03 4.452000000000000000e+03 1.352862703899999908e-02 1.935152858399999745e-02
4.452000000000000000e+03 4.453000000000000000e+03 1.528353558500000027e-03 1.907658909800000191e-02
4.453000000000000000e+03 4.454000000000000000e+03 2.978448319999999969e-02 1.382002699899999992e-02
4.454000000000000000e+03 4.455000000000000000e+03 6.563791930099999866e-03 1.038364661979999937e-02
4.455000000000000000e+03 4.456000000000000000e+03 7.150548056699999877e-02 3.446675635299999846e-02
4.456000000000000000e+03 4.457000000000000000e+03 7.471866815799999006e-02 4.107776374599999419e-02
4.457000000000000000e+03 4.458000000000000000e+03 1.094625347209999960e-01 3.273139280500000220e-02
4.458000000000000000e+03 4.459000000000000000e+03 1.017895820110000099e-01 2.864827086000000175e-02
4.459000000000000000e+03 4.460000000000000000e+03 1.117463929890000068e-01 3.059460302299999920e-02
4.460000000000000000e+03 4.461000000000000000e+03 1.283376789969999932e-01 2.607986367800000163e-02
4.461000000000000000e+03 4.462000000000000000e+03 8.562133771200000631e-02 2.365999505699999811e-02
4.462000000000000000e+03 4.463000000000000000e+03 5.920094301300000278e-02 1.744512080299999782e-02
4.463000000000000000e+03 4.464000000000000000e+03 1.690978697919999843e-02 1.651690486800000066e-02
4.464000000000000000e+03 4.465000000000000000e+03 1.752918568500000038e-02 1.373322793849999883e-02
4.465000000000000000e+03 4.466000000000000000e+03 2.888571096700000285e-02 9.579877539700000499e-03
4.466000000000000000e+03 4.467000000000000000e+03 1.086167357330000000e-01 4.180632721699999860e-02
4.467000000000000000e+03 4.468000000000000000e+03 8.328701682600000988e-02 3.173989759700000107e-02
4.468000000000000000e+03 4.469000000000000000e+03 5.100571980679999978e-02 3.055907291899999725e-02
4.469000000000000000e+03 4.470000000000000000e+03 8.574871990800000954e-02 2.853260649300000049e-02
4.470000000000000000e+03 4.471000000000000000e+03 5.931267345700000360e-02 2.655114334400000137e-02
4.471000000000000000e+03 4.472000000000000000e+03 6.032026064499999840e-02 2.372628822600000159e-02
4.472000000000000000e+03 4.473000000000000000e+03 9.119000918399999822e-02 2.145231270399999834e-02
4.473000000000000000e+03 4.474000000000000000e+03 3.054448457999999963e-02 1.629364483100000094e-02
4.474000000000000000e+03 4.475000000000000000e+03 7.194607803999999995e-02 1.368979036399999884e-02
4.475000000000000000e+03 4.476000000000000000e+03 3.340360627099999563e-02 1.479272584900000014e-02
4.476000000000000000e+03 4.477000000000000000e+03 2.659285320099999753e-02 1.038227350229999936e-02
4.477000000000000000e+03 4.478000000000000000e+03 1.405463925809999903e-01 4.174967409600000012e-02
4.478000000000000000e+03 4.479000000000000000e+03 9.436199744699999559e-02 3.530707337599999635e-02
4.479000000000000000e+03 4.480000000000000000e+03 1.414067405890000184e-01 3.520902939500000078e-02
4.480000000000000000e+03 4.481000000000000000e+03 6.452639584500000081e-02 3.059059081500000235e-02
4.481000000000000000e+03 4.482000000000000000e+03 1.272273777700000108e-01 2.498339945799999892e-02
4.482000000000000000e+03 4.483000000000000000e+03 5.976915181599999627e-02 2.250142278900000084e-02
4.483000000000000000e+03 4.484000000000000000e+03 6.554997746300000871e-02 1.899448769499999939e-02
4.484000000000000000e+03 4.485000000000000000e+03 6.529347424400000488e-02 2.090089266899999854e-02
4.485000000000000000e+03 4.486000000000000000e+03 4.266468852199999801e-02 1.539852172599999978e-02
4.486000000000000000e+03 4.487000000000000000e+03 2.217626929999999899e-02 1.282297755870000049e-02
4.487000000000000000e+03 4.488000000000000000e+03 3.422801409699999936e-02 1.039519870159999991e-02
4.488000000000000000e+03 4.489000000000000000e+03 9.275911538900000197e-02 3.431421884800000405e-02
4.489000000000000000e+03 4.490000000000000000e+03 4.443143192900000232e-02 3.561147410000000540e-02
4.490000000000000000e+03 4.491000000000000000e+03 9.054990409033999987e-02 3.378788594600000417e-02
4.491000000000000000e+03 4.492000000000000000e+03 1.218714137479999932e-01 3.035922584800000018e-02
4.492000000000000000e+03 4.493000000000000000e+03 4.447292120500000168e-02 2.568706251399999890e-02
4.493000000000000000e+03 4.494000000000000000e+03 7.763764320000000885e-02 2.297332384999999783e-02
4.494000000000000000e+03 4.495000000000000000e+03 1.167553614799999966e-02 1.987235815799999819e-02
4.495000000000000000e+03 4.496000000000000000e+03 3.525429622500000221e-02 2.020890707200000136e-02
4.496000000000000000e+03 4.497000000000000000e+03 4.766111456599999435e-02 1.462895216900000038e-02
4.497000000000000000e+03 4.498000000000000000e+03 4.132117131800000509e-02 1.262658580740000022e-02
4.498000000000000000e+03 4.499000000000000000e+03 2.023315677430000126e-02 9.673032723599999175e-03
4.499000000000000000e+03 4.500000000000000000e+03 3.960055598049999626e-02 3.870571070099999844e-02
4.500000000000000000e+03 4.501000000000000000e+03 1.030524517099999926e-01 3.527340407000000011e-02
4.501000000000000000e+03 4.502000000000000000e+03 7.342863485400000223e-02 3.427416966400000098e-02
4.502000000000000000e+03 4.503000000000000000e+03 3.810440082029999814e-02 3.157955399299999799e-02
4.503000000000000000e+03 4.504000000000000000e+03 1.111541145579999917e-01 2.801361103399999802e-02
4.504000000000000000e+03 4.505000000000000000e+03 4.256756437100000373e-02 2.684796623499999951e-02
4.505000000000000000e+03 4.506000000000000000e+03 4.744404507699999385e-02 2.426914982800000217e-02
4.506000000000000000e+03 4.507000000000000000e+03 1.210208246449999935e-02 1.914359067599999756e-02
4.507000000000000000e+03 4.508000000000000000e+03 2.783433060199999934e-02 1.447798177499999908e-02
4.508000000000000000e+03 4.509000000000000000e+03 3.229921213099999633e-02 1.187576493450000041e-02
4.509000000000000000e+03 4.510000000000000000e+03 1.036046661224999943e-02 1.056116645289999906e-02
4.510000000000000000e+03 4.511000000000000000e+03 9.587687296699999584e-02 3.551422645400000022e-02
4.511000000000000000e+03 4.512000000000000000e+03 7.344805742500000456e-02 2.924676240000000094e-02
4.512000000000000000e+03 4.513000000000000000e+03 4.878240552799999880e-02 2.948873327999999849e-02
4.513000000000000000e+03 4.514000000000000000e+03 5.342997397900000472e-02 2.490276696300000245e-02
4.514000000000000000e+03 4.515000000000000000e+03 8.101220969799999283e-02 2.580139799199999973e-02
4.515000000000000000e+03 4.516000000000000000e+03 1.993737414589999771e-02 2.314493228199999975e-02
4.516000000000000000e+03 4.517000000000000000e+03 7.035275748199999735e-02 2.050222967299999977e-02
4.517000000000000000e+03 4.518000000000000000e+03 5.519735001800000346e-02 1.809774906099999997e-02
4.518000000000000000e+03 4.519000000000000000e+03 2.092350820599999869e-02 1.481372243999999963e-02
4.519000000000000000e+03 4.520000000000000000e+03 2.827102070699999761e-02 1.193702986610000079e-02
4.520000000000000000e+03 4.521000000000000000e+03 1.330985043850000044e-03 1.149965515009999939e-02
4.521000000000000000e+03 4.522000000000000000e+03 1.328550275210000076e-01 3.436192289799999688e-02
4.522000000000000000e+03 4.523000000000000000e+03 8.117052224300000396e-02 2.692231182410000090e-02
4.523000000000000000e+03 4.524000000000000000e+03 9.252981191799999894e-02 3.801340253500000432e-02
4.524000000000000000e+03 4.525000000000000000e+03 4.904922724400000156e-02 2.623029138100000171e-02
4.525000000000000000e+03 4.526000000000000000e+03 7.022763721899999423e-02 2.922571332300000213e-02
4.526000000000000000e+03 4.527000000000000000e+03 7.668377575300000526e-02 2.082061928499999784e-02
4.527000000000000000e+03 4.528000000000000000e+03 5.853064210000000211e-02 2.015360061299999866e-02
4.528000000000000000e+03 4.529000000000000000e+03 5.322128228800000055e-02 1.953165528499999776e-02
4.529000000000000000e+03 4.530000000000000000e+03 5.605886462700000045e-02 1.627188722500000004e-02
4.530000000000000000e+03 4.531000000000000000e+03 3.062816348399999972e-02 1.369616345499999853e-02
4.531000000000000000e+03 4.532000000000000000e+03 2.571316568899999905e-02 8.968324167899999200e-03
4.532000000000000000e+03 4.533000000000000000e+03 1.296006634949999903e-01 3.633619428699999543e-02
4.533000000000000000e+03 4.534000000000000000e+03 9.823966218999999334e-02 3.246872715400000303e-02
4.534000000000000000e+03 4.535000000000000000e+03 1.633452855649999980e-01 3.836669559200000384e-02
4.535000000000000000e+03 4.536000000000000000e+03 8.201475120199999691e-02 2.716861336600000232e-02
4.536000000000000000e+03 4.537000000000000000e+03 6.517316162200000040e-02 2.453988916800000156e-02
4.537000000000000000e+03 4.538000000000000000e+03 5.762139661900000237e-02 1.959295725999999835e-02
4.538000000000000000e+03 4.539000000000000000e+03 4.167942800300000056e-02 2.114236877199999684e-02
4.539000000000000000e+03 4.540000000000000000e+03 5.511993938299999951e-02 1.895219349399999975e-02
4.540000000000000000e+03 4.541000000000000000e+03 -2.852257172009999963e-03 1.792754499999999959e-02
4.541000000000000000e+03 4.542000000000000000e+03 2.153543342299999927e-02 1.120979772970000059e-02
4.542000000000000000e+03 4.543000000000000000e+03 4.485609604240000693e-03 8.517259582599998741e-03
4.543000000000000000e+03 4.544000000000000000e+03 1.099629265520000038e-01 3.819439841700000143e-02
4.544000000000000000e+03 4.545000000000000000e+03 7.487738137200000699e-02 3.274843776400000045e-02
4.545000000000000000e+03 4.546000000000000000e+03 8.726009824000000026e-02 3.154527374599999656e-02
4.546000000000000000e+03 4.547000000000000000e+03 1.148925560930000034e-01 3.103286649900000027e-02
4.547000000000000000e+03 4.548000000000000000e+03 8.358051946399999710e-02 2.325356810400000182e-02
4.548000000000000000e+03 4.549000000000000000e+03 5.080990167999999835e-02 2.110605510299999946e-02
4.549000000000000000e+03 4.550000000000000000e+03 6.404710451900000323e-02 2.107385611099999931e-02
4.550000000000000000e+03 4.551000000000000000e+03 2.273880482349999871e-02 1.840547851799999995e-02
4.551000000000000000e+03 4.552000000000000000e+03 3.762984020400000212e-02 1.558019534999999928e-02
4.552000000000000000e+03 4.553000000000000000e+03 1.099445812689999954e-02 1.134876679660000096e-02
4.553000000000000000e+03 4.554000000000000000e+03 1.664887898200000105e-02 9.448098196400000690e-03
4.554000000000000000e+03 4.555000000000000000e+03 9.344445299100000157e-02 3.430904649699999948e-02
4.555000000000000000e+03 4.556000000000000000e+03 8.102823075300000233e-02 2.809603641800000051e-02
4.556000000000000000e+03 4.557000000000000000e+03 1.076718834019999987e-01 3.332928740800000095e-02
4.557000000000000000e+03 4.558000000000000000e+03 7.440960975899998942e-02 2.657889631399999730e-02
4.558000000000000000e+03 4.559000000000000000e+03 7.277831250300000054e-02 2.534501672999999941e-02
4.559000000000000000e+03 4.560000000000000000e+03 3.368259453999999931e-02 2.056618183900000077e-02
4.560000000000000000e+03 4.561000000000000000e+03 5.198078232600000098e-02 2.014889139600000226e-02
4.561000000000000000e+03 4.562000000000000000e+03 2.315583638700000058e-02 1.878775100700000311e-02
4.562000000000000000e+03 4.563000000000000000e+03 5.156383785900000433e-02 1.609650003199999957e-02
4.563000000000000000e+03 4.564000000000000000e+03 3.588430600899999989e-02 1.217862665630000014e-02
4.564000000000000000e+03 4.565000000000000000e+03 2.293582335799999872e-02 1.007851041270000150e-02
4.565000000000000000e+03 4.566000000000000000e+03 8.355236111500000118e-02 3.470489017299999840e-02
4.566000000000000000e+03 4.567000000000000000e+03 1.059342384899999989e-01 3.253914155100000316e-02
4.567000000000000000e+03 4.568000000000000000e+03 1.162326286370000128e-01 3.435551478099999750e-02
4.568000000000000000e+03 4.569000000000000000e+03 7.188099269799999580e-02 2.805275025800000113e-02
4.569000000000000000e+03 4.570000000000000000e+03 7.563051764400000043e-02 2.432548233699999979e-02
4.570000000000000000e+03 4.571000000000000000e+03 8.311573990100000475e-02 2.360490067199999889e-02
4.571000000000000000e+03 4.572000000000000000e+03 2.184472589799999961e-02 2.455538592500000269e-02
4.572000000000000000e+03 4.573000000000000000e+03 3.956227791999999965e-02 2.002126383599999934e-02
4.573000000000000000e+03 4.574000000000000000e+03 3.618021022600000081e-02 1.490049612099999914e-02
4.574000000000000000e+03 4.575000000000000000e+03 2.931256125899999940e-02 1.140897020569999962e-02
4.575000000000000000e+03 4.576000000000000000e+03 1.584727002000000176e-02 8.780611086099999324e-03
4.576000000000000000e+03 4.577000000000000000e+03 7.391370067899999396e-02 2.760636223859999974e-02
4.577000000000000000e+03 4.578000000000000000e+03 1.080331362989999933e-01 3.072091074700000063e-02
4.578000000000000000e+03 4.579000000000000000e+03 2.052772410599999764e-02 3.833591562000000091e-02
4.579000000000000000e+03 4.580000000000000000e+03 3.579640896699999575e-02 2.831591256599999898e-02
4.580000000000000000e+03 4.581000000000000000e+03 6.447877525299999801e-02 2.581461339600000029e-02
4.581000000000000000e+03 4.582000000000000000e+03 5.671127627800000293e-02 2.217320999699999920e-02
4.582000000000000000e+03 4.583000000000000000e+03 6.952500587600000947e-02 2.127327172499999738e-02
4.583000000000000000e+03 4.584000000000000000e+03 3.143973925500000155e-02 1.802709662000000213e-02
4.584000000000000000e+03 4.585000000000000000e+03 3.623194536299999963e-02 1.870018646599999959e-02
4.585000000000000000e+03 4.586000000000000000e+03 2.616724709800000159e-02 1.302440096060000080e-02
4.586000000000000000e+03 4.587000000000000000e+03 8.897436130000000234e-03 9.552174831099999666e-03
4.587000000000000000e+03 4.588000000000000000e+03 1.230427731599999935e-01 3.265614122999999785e-02
4.588000000000000000e+03 4.589000000000000000e+03 7.302684223700001143e-02 2.861937274850000212e-02
4.589000000000000000e+03 4.590000000000000000e+03 2.061677428000000065e-03 3.373493708399999402e-02
4.590000000000000000e+03 4.591000000000000000e+03 1.070980521110000000e-01 2.745864026899999880e-02
4.591000000000000000e+03 4.592000000000000000e+03 8.872980001599999056e-02 2.240181137500000044e-02
4.592000000000000000e+03 4.593000000000000000e+03 6.500813873999999881e-02 2.024018358800000125e-02
4.593000000000000000e+03 4.594000000000000000e+03 4.161399618600000044e-02 2.081480918099999980e-02
4.594000000000000000e+03 4.595000000000000000e+03 5.088169146000000309e-02 1.643683808699999971e-02
4.595000000000000000e+03 4.596000000000000000e+03 3.908984292100000507e-02 1.528092806199999980e-02
4.596000000000000000e+03 4.597000000000000000e+03 3.071955196300000038e-02 1.274711632939999964e-02
4.597000000000000000e+03 4.598000000000000000e+03 6.667220496699999450e-03 1.033210340940000048e-02
4.598000000000000000e+03 4.599000000000000000e+03 4.395474714599999916e-02 3.086045100300000010e-02
4.599000000000000000e+03 4.600000000000000000e+03 9.549023665899999957e-02 3.304436256099999719e-02
4.600000000000000000e+03 4.601000000000000000e+03 3.451955453000000312e-02 3.872829033999999893e-02
4.601000000000000000e+03 4.602000000000000000e+03 6.865568590600000520e-02 2.553078154600000108e-02
4.602000000000000000e+03 4.603000000000000000e+03 1.044992041969999980e-01 2.341623844000000065e-02
4.603000000000000000e+03 4.604000000000000000e+03 8.895585096699999694e-02 1.911446054699999716e-02
4.604000000000000000e+03 4.605000000000000000e+03 4.810514904400000485e-02 2.071732403499999819e-02
4.605000000000000000e+03 4.606000000000000000e+03 6.482671074800000488e-02 1.629129378500000086e-02
4.606000000000000000e+03 4.607000000000000000e+03 3.986318570499999825e-02 1.619038461500000095e-02
4.607000000000000000e+03 4.608000000000000000e+03 9.798664566799999628e-03 1.113083976150000022e-02
4.608000000000000000e+03 4.609000000000000000e+03 2.862392630799999796e-02 1.056988052479999884e-02
4.609000000000000000e+03 4.610000000000000000e+03 1.074920019719999981e-01 4.105820277000000323e-02
4.610000000000000000e+03 4.611000000000000000e+03 1.348694394620000014e-01 3.474977737400000016e-02
4.611000000000000000e+03 4.612000000000000000e+03 9.203195297819999343e-02 3.368613512299999807e-02
4.612000000000000000e+03 4.613000000000000000e+03 8.117072199070000937e-02 2.782533223799999941e-02
4.613000000000000000e+03 4.614000000000000000e+03 8.064889134800000414e-02 2.680108551300000239e-02
4.614000000000000000e+03 4.615000000000000000e+03 3.515607430600000555e-02 2.044812772899999923e-02
4.615000000000000000e+03 4.616000000000000000e+03 5.793544432900000346e-02 1.891861916599999957e-02
4.616000000000000000e+03 4.617000000000000000e+03 4.383777596800000204e-02 1.836129413199999796e-02
4.617000000000000000e+03 4.618000000000000000e+03 9.738999654999998604e-03 1.422420436200000013e-02
4.618000000000000000e+03 4.619000000000000000e+03 2.749584580499999861e-02 1.009708882669999898e-02
4.619000000000000000e+03 4.620000000000000000e+03 8.843648797299999420e-03 9.652414443200000790e-03
4.620000000000000000e+03 4.621000000000000000e+03 7.390492064400000505e-02 3.337554291799999656e-02
4.621000000000000000e+03 4.622000000000000000e+03 9.328279920799999181e-02 2.975732418859999839e-02
4.622000000000000000e+03 4.623000000000000000e+03 5.951838622100000253e-02 2.516285148090000034e-02
4.623000000000000000e+03 4.624000000000000000e+03 7.732321576099999982e-02 2.447883212900000063e-02
4.624000000000000000e+03 4.625000000000000000e+03 6.397318659299999766e-02 2.579955278400000024e-02
4.625000000000000000e+03 4.626000000000000000e+03 4.809641249900000609e-02 2.375174654299999980e-02
4.626000000000000000e+03 4.627000000000000000e+03 7.718365716099999385e-02 1.743247561399999951e-02
4.627000000000000000e+03 4.628000000000000000e+03 3.385894074200000020e-02 1.749305494200000324e-02
4.628000000000000000e+03 4.629000000000000000e+03 5.197763729000000332e-02 1.311303583200000046e-02
4.629000000000000000e+03 4.630000000000000000e+03 2.334150954399999769e-02 1.205801770519999983e-02
4.630000000000000000e+03 4.631000000000000000e+03 3.100654379299999826e-03 8.771187055300000424e-03
4.631000000000000000e+03 4.632000000000000000e+03 6.318822278600000342e-02 2.641216790370000053e-02
4.632000000000000000e+03 4.633000000000000000e+03 7.977854538799999951e-02 2.643337002390000121e-02
4.633000000000000000e+03 4.634000000000000000e+03 1.035430201239999903e-01 2.871417444500000068e-02
4.634000000000000000e+03 4.635000000000000000e+03 7.142300411500000779e-02 2.378391186799999960e-02
4.635000000000000000e+03 4.636000000000000000e+03 8.300356326499999660e-02 2.611951744399999831e-02
4.636000000000000000e+03 4.637000000000000000e+03 8.617484514999999845e-02 2.392024740100000268e-02
4.637000000000000000e+03 4.638000000000000000e+03 4.803896885199999967e-02 1.913572374600000167e-02
4.638000000000000000e+03 4.639000000000000000e+03 1.657248861699999951e-02 1.583661269299999758e-02
4.639000000000000000e+03 4.640000000000000000e+03 2.495376739399999752e-02 1.536251943999999980e-02
4.640000000000000000e+03 4.641000000000000000e+03 7.474501742700000173e-03 1.222013719889999961e-02
4.641000000000000000e+03 4.642000000000000000e+03 1.302781795389999948e-02 9.833610176599999822e-03
4.642000000000000000e+03 4.643000000000000000e+03 7.668221743300000781e-02 3.537008786200000060e-02
4.643000000000000000e+03 4.644000000000000000e+03 7.810120874599998930e-02 3.174307392000000339e-02
4.644000000000000000e+03 4.645000000000000000e+03 4.595042072699999369e-02 2.698928351400000161e-02
4.645000000000000000e+03 4.646000000000000000e+03 8.497943700599999706e-02 2.273847736099999725e-02
4.646000000000000000e+03 4.647000000000000000e+03 2.012507278400000113e-02 2.315668207099999890e-02
4.647000000000000000e+03 4.648000000000000000e+03 1.063326726159999902e-01 2.127554713100000133e-02
4.648000000000000000e+03 4.649000000000000000e+03 8.427705708799999862e-02 1.912825763799999926e-02
4.649000000000000000e+03 4.650000000000000000e+03 4.292414468700000291e-02 1.752363226100000018e-02
4.650000000000000000e+03 4.651000000000000000e+03 3.574384790599999945e-02 1.259254599200000137e-02
4.651000000000000000e+03 4.652000000000000000e+03 8.656944572199998938e-03 1.223431157390000162e-02
4.652000000000000000e+03 4.653000000000000000e+03 2.673037442499999819e-02 9.240236972000000215e-03
4.653000000000000000e+03 4.654000000000000000e+03 9.027419517300000473e-02 3.103030042869999935e-02
4.654000000000000000e+03 4.655000000000000000e+03 1.002120185239999961e-01 2.880112904100000024e-02
4.655000000000000000e+03 4.656000000000000000e+03 8.582399368199999934e-02 3.082258350899999902e-02
4.656000000000000000e+03 4.657000000000000000e+03 4.747457780799999721e-02 3.089698857399999707e-02
4.657000000000000000e+03 4.658000000000000000e+03 9.517527303299999630e-02 2.183506488600000031e-02
4.658000000000000000e+03 4.659000000000000000e+03 5.208682966999999414e-02 2.667502810300000082e-02
4.659000000000000000e+03 4.660000000000000000e+03 4.807797800099999908e-02 2.050362347700000060e-02
4.660000000000000000e+03 4.661000000000000000e+03 4.859020128399999666e-02 1.479318051900000049e-02
4.661000000000000000e+03 4.662000000000000000e+03 3.379289082600000355e-02 1.362502032050000138e-02
4.662000000000000000e+03 4.663000000000000000e+03 4.356750136299999965e-02 1.347672421400000070e-02
4.663000000000000000e+03 4.664000000000000000e+03 1.536693598880000018e-02 9.040224343800000104e-03
4.664000000000000000e+03 4.665000000000000000e+03 3.959285088599999620e-03 2.941129810680000178e-02
4.665000000000000000e+03 4.666000000000000000e+03 6.683300722600001020e-02 2.523360509559999937e-02
4.666000000000000000e+03 4.667000000000000000e+03 3.030304451169999955e-02 2.387289980269999973e-02
4.667000000000000000e+03 4.668000000000000000e+03 6.847151209700000352e-02 2.685280363600000067e-02
4.668000000000000000e+03 4.669000000000000000e+03 1.157997055800000057e-02 2.079830322900000014e-02
4.669000000000000000e+03 4.670000000000000000e+03 8.290068376799999972e-02 1.919989012600000280e-02
4.670000000000000000e+03 4.671000000000000000e+03 3.155467602800000188e-02 1.904827253800000023e-02
4.671000000000000000e+03 4.672000000000000000e+03 4.702171167500000110e-02 1.655444828000000174e-02
4.672000000000000000e+03 4.673000000000000000e+03 2.679393527599999852e-02 1.216326373340000100e-02
4.673000000000000000e+03 4.674000000000000000e+03 3.285860781499999606e-02 1.197366762139999950e-02
4.674000000000000000e+03 4.675000000000000000e+03 1.404146944860000003e-02 9.027782450499999972e-03
4.675000000000000000e+03 4.676000000000000000e+03 1.285423914100000120e-01 3.370986372600000280e-02
4.676000000000000000e+03 4.677000000000000000e+03 6.317768911099999607e-02 3.117811814100000106e-02
4.677000000000000000e+03 4.678000000000000000e+03 6.172755788999999965e-02 2.220373798029999859e-02
4.678000000000000000e+03 4.679000000000000000e+03 8.706277545699998843e-02 2.762072364799999721e-02
4.679000000000000000e+03 4.680000000000000000e+03 6.925294787899999305e-02 2.272250857899999962e-02
4.680000000000000000e+03 4.681000000000000000e+03 4.642606826199999898e-02 2.043642199499999881e-02
4.681000000000000000e+03 4.682000000000000000e+03 7.412381799599999932e-02 1.770423535700000120e-02
4.682000000000000000e+03 4.683000000000000000e+03 4.716628469600000345e-02 1.367516626159999936e-02
4.683000000000000000e+03 4.684000000000000000e+03 3.826412589599999942e-02 1.079855109189999975e-02
4.684000000000000000e+03 4.685000000000000000e+03 1.893065058480000035e-02 1.085057747759999962e-02
4.685000000000000000e+03 4.686000000000000000e+03 9.070078634900001144e-03 1.156881005300000077e-02
4.686000000000000000e+03 4.687000000000000000e+03 5.952825742970000583e-02 3.280717921800000575e-02
4.687000000000000000e+03 4.688000000000000000e+03 9.870538353600000203e-02 2.919175301519999835e-02
4.688000000000000000e+03 4.689000000000000000e+03 1.080736030739999909e-01 2.605901720220000009e-02
4.689000000000000000e+03 4.690000000000000000e+03 1.063965203969999967e-01 2.749611243799999702e-02
4.690000000000000000e+03 4.691000000000000000e+03 6.055326645199999441e-02 2.321805537399999897e-02
4.691000000000000000e+03 4.692000000000000000e+03 4.933463076899999994e-02 2.069439447100000079e-02
4.692000000000000000e+03 4.693000000000000000e+03 4.966083362699999504e-02 1.647731763800000179e-02
4.693000000000000000e+03 4.694000000000000000e+03 5.889332189799999923e-02 1.670943426600000198e-02
4.694000000000000000e+03 4.695000000000000000e+03 2.521796046399999922e-02 1.149862638869999891e-02
4.695000000000000000e+03 4.696000000000000000e+03 4.233816340900000558e-02 1.115038777850000003e-02
4.696000000000000000e+03 4.697000000000000000e+03 1.733652214800000119e-02 9.683625303800000306e-03
4.697000000000000000e+03 4.698000000000000000e+03 5.946705376899999972e-03 3.155963806750000655e-02
4.698000000000000000e+03 4.699000000000000000e+03 1.036634492240000038e-01 3.296703687599999988e-02
4.699000000000000000e+03 4.700000000000000000e+03 4.884117106790000079e-02 2.786733290399999799e-02
4.700000000000000000e+03 4.701000000000000000e+03 -2.893923062960000042e-02 2.351292054930000097e-02
4.701000000000000000e+03 4.702000000000000000e+03 7.746518399499999208e-02 2.118453223499999760e-02
4.702000000000000000e+03 4.703000000000000000e+03 5.480441829499999723e-02 1.882060565400000066e-02
4.703000000000000000e+03 4.704000000000000000e+03 4.171821921899999952e-02 1.574455288400000014e-02
4.704000000000000000e+03 4.705000000000000000e+03 2.513811736500000046e-02 1.624126421200000267e-02
4.705000000000000000e+03 4.706000000000000000e+03 5.234240027199999618e-02 1.386735793499999959e-02
4.706000000000000000e+03 4.707000000000000000e+03 2.343724959399999877e-02 1.038433085669999978e-02
4.707000000000000000e+03 4.708000000000000000e+03 3.091101871600000078e-02 8.627162610099999018e-03
4.708000000000000000e+03 4.709000000000000000e+03 6.068788520400000136e-02 3.173379711000000325e-02
4.709000000000000000e+03 4.710000000000000000e+03 3.967420089849999637e-02 3.256487837600000046e-02
4.710000000000000000e+03 4.711000000000000000e+03 8.052295869000000716e-02 2.538609350580000104e-02
4.711000000000000000e+03 4.712000000000000000e+03 5.632854710800000442e-02 2.453717206300000050e-02
4.712000000000000000e+03 4.713000000000000000e+03 4.288523604900000563e-02 2.433449801499999732e-02
4.713000000000000000e+03 4.714000000000000000e+03 4.431849470700000015e-02 2.057642831000000214e-02
4.714000000000000000e+03 4.715000000000000000e+03 3.432397226500000231e-02 1.620614009899999999e-02
4.715000000000000000e+03 4.716000000000000000e+03 5.244628128600000577e-02 1.811881412299999952e-02
4.716000000000000000e+03 4.717000000000000000e+03 2.728336027499999802e-02 1.367674256329999907e-02
4.717000000000000000e+03 4.718000000000000000e+03 1.455529816300000015e-02 1.140165488339999963e-02
4.718000000000000000e+03 4.719000000000000000e+03 -1.580668571699999974e-03 6.810657325299999953e-03
4.719000000000000000e+03 4.720000000000000000e+03 7.578801418199999917e-02 2.664862328959999999e-02
4.720000000000000000e+03 4.721000000000000000e+03 1.264153466279999971e-01 2.832557570820000079e-02
4.721000000000000000e+03 4.722000000000000000e+03 5.674278740299999735e-02 2.398904184110000129e-02
4.722000000000000000e+03 4.723000000000000000e+03 7.373641888299999059e-02 2.902949129800000069e-02
4.723000000000000000e+03 4.724000000000000000e+03 8.444447625199999474e-02 1.994398499500000047e-02
4.724000000000000000e+03 4.725000000000000000e+03 6.486517334999999940e-02 2.193666373299999958e-02
4.725000000000000000e+03 4.726000000000000000e+03 2.358869708999999926e-02 1.708143305899999936e-02
4.726000000000000000e+03 4.727000000000000000e+03 3.895811981999999785e-02 1.654624142599999889e-02
4.727000000000000000e+03 4.728000000000000000e+03 4.085167806900000254e-02 1.318949984300000003e-02
4.728000000000000000e+03 4.729000000000000000e+03 4.452324175500000508e-03 9.392083222899999528e-03
4.729000000000000000e+03 4.730000000000000000e+03 1.946027623899999892e-02 8.091935337400000053e-03
4.730000000000000000e+03 4.731000000000000000e+03 7.037843538399998766e-02 3.375453868699999915e-02
4.731000000000000000e+03 4.732000000000000000e+03 -2.320058129999999757e-04 2.789798191469999855e-02
4.732000000000000000e+03 4.733000000000000000e+03 1.970247171216999924e-02 2.573027680500000053e-02
4.733000000000000000e+03 4.734000000000000000e+03 7.157390381599999796e-02 2.769845555999999806e-02
4.734000000000000000e+03 4.735000000000000000e+03 5.889978302700000362e-02 2.270635022699999880e-02
4.735000000000000000e+03 4.736000000000000000e+03 1.873296753199999928e-02 1.821188328400000223e-02
4.736000000000000000e+03 4.737000000000000000e+03 4.373309042299999838e-02 1.802996989000000064e-02
4.737000000000000000e+03 4.738000000000000000e+03 1.725769991710000145e-02 1.708196113500000043e-02
4.738000000000000000e+03 4.739000000000000000e+03 4.948964154000000393e-02 1.308434755790000015e-02
4.739000000000000000e+03 4.740000000000000000e+03 3.400085083499999883e-02 9.419845348099999821e-03
4.740000000000000000e+03 4.741000000000000000e+03 1.369512929340000081e-02 8.487938673700000727e-03
4.741000000000000000e+03 4.742000000000000000e+03 9.799572297899999951e-02 3.558531936299999532e-02
4.742000000000000000e+03 4.743000000000000000e+03 9.881851084800000184e-02 2.459145810549999769e-02
4.743000000000000000e+03 4.744000000000000000e+03 2.688345455493999780e-02 2.973081970099999971e-02
4.744000000000000000e+03 4.745000000000000000e+03 1.360757378350000157e-01 3.243917159600000211e-02
4.745000000000000000e+03 4.746000000000000000e+03 1.140959012719999915e-01 2.272523269900000170e-02
4.746000000000000000e+03 4.747000000000000000e+03 5.124214998400000026e-02 1.782344826100000154e-02
4.747000000000000000e+03 4.748000000000000000e+03 6.338524179099999656e-02 1.699374612299999962e-02
4.748000000000000000e+03 4.749000000000000000e+03 3.194304406699999960e-02 1.521275669399999898e-02
4.749000000000000000e+03 4.750000000000000000e+03 5.356271594800000174e-02 1.348077344620000027e-02
4.750000000000000000e+03 4.751000000000000000e+03 2.967999780700000118e-02 9.006735997399999485e-03
4.751000000000000000e+03 4.752000000000000000e+03 1.373967481400000142e-02 8.787858071599999321e-03
4.752000000000000000e+03 4.753000000000000000e+03 7.143546142300000179e-02 3.011051732439999976e-02
4.753000000000000000e+03 4.754000000000000000e+03 5.104178694599999927e-02 2.703641543729999944e-02
4.754000000000000000e+03 4.755000000000000000e+03 7.404637739199999846e-02 2.990189803900000082e-02
4.755000000000000000e+03 4.756000000000000000e+03 2.716398222199999796e-02 2.172951682789999936e-02
4.756000000000000000e+03 4.757000000000000000e+03 6.580374637800000259e-02 2.207095235000000252e-02
4.757000000000000000e+03 4.758000000000000000e+03 7.264733579600000934e-02 1.988942409799999977e-02
4.758000000000000000e+03 4.759000000000000000e+03 2.655843527800000325e-02 1.766192415399999924e-02
4.759000000000000000e+03 4.760000000000000000e+03 3.498086927670000096e-02 1.581445025300000015e-02
4.760000000000000000e+03 4.761000000000000000e+03 4.087542033399999691e-02 1.331661014889999953e-02
4.761000000000000000e+03 4.762000000000000000e+03 7.619377964660000412e-03 1.004543404739999951e-02
4.762000000000000000e+03 4.763000000000000000e+03 2.401716834499999925e-02 7.897050245699999485e-03
4.763000000000000000e+03 4.764000000000000000e+03 6.898330081799999847e-02 3.276634098399999750e-02
4.764000000000000000e+03 4.765000000000000000e+03 6.615344620800001074e-02 2.888352563099999895e-02
4.765000000000000000e+03 4.766000000000000000e+03 1.108629471689999979e-01 2.601438137400000072e-02
4.766000000000000000e+03 4.767000000000000000e+03 1.082748877220000017e-01 2.957129556399999692e-02
4.767000000000000000e+03 4.768000000000000000e+03 6.130749518700000233e-02 2.218379316999999698e-02
4.768000000000000000e+03 4.769000000000000000e+03 5.577895748299999817e-02 1.951422088899999741e-02
4.769000000000000000e+03 4.770000000000000000e+03 4.171166537800000129e-02 1.615798304099999930e-02
4.770000000000000000e+03 4.771000000000000000e+03 4.861233647400000496e-02 1.442429923200000061e-02
4.771000000000000000e+03 4.772000000000000000e+03 4.364448627999999858e-02 1.512150148700000009e-02
4.772000000000000000e+03 4.773000000000000000e+03 1.425454230599999990e-02 9.959401089099999618e-03
4.773000000000000000e+03 4.774000000000000000e+03 6.532568215600000408e-03 7.843823428200001266e-03
4.774000000000000000e+03 4.775000000000000000e+03 7.743532147099999041e-02 3.454984481199999818e-02
4.775000000000000000e+03 4.776000000000000000e+03 3.409552460799999962e-02 3.085684111800000157e-02
4.776000000000000000e+03 4.777000000000000000e+03 8.070475196500000170e-02 3.281064259299999730e-02
4.777000000000000000e+03 4.778000000000000000e+03 8.808036175599999462e-02 2.892154883000000107e-02
4.778000000000000000e+03 4.779000000000000000e+03 5.988070831199999999e-02 2.406178955000000050e-02
4.779000000000000000e+03 4.780000000000000000e+03 4.814759780200000144e-02 1.775305951199999954e-02
4.780000000000000000e+03 4.781000000000000000e+03 6.034613890600000474e-02 1.702873820099999949e-02
4.781000000000000000e+03 4.782000000000000000e+03 4.793609702000000555e-02 1.416171102550000012e-02
4.782000000000000000e+03 4.783000000000000000e+03 3.349574674000000557e-02 1.347709247599999938e-02
4.783000000000000000e+03 4.784000000000000000e+03 1.805716077200000130e-02 1.013906242970000031e-02
4.784000000000000000e+03 4.785000000000000000e+03 6.907095379099999904e-03 7.640482561300000058e-03
4.785000000000000000e+03 4.786000000000000000e+03 9.593593418699999931e-02 2.693053280460000129e-02
4.786000000000000000e+03 4.787000000000000000e+03 6.595661729719999589e-02 2.759253992009999892e-02
4.787000000000000000e+03 4.788000000000000000e+03 -1.054622363676999998e-02 2.697068858300000205e-02
4.788000000000000000e+03 4.789000000000000000e+03 1.085612734099999921e-01 2.431199568999999755e-02
4.789000000000000000e+03 4.790000000000000000e+03 8.884955684299999934e-02 2.018023645100000193e-02
4.790000000000000000e+03 4.791000000000000000e+03 5.910079898199999821e-02 1.758999452399999733e-02
4.791000000000000000e+03 4.792000000000000000e+03 4.117244280299999643e-02 1.883676410299999979e-02
4.792000000000000000e+03 4.793000000000000000e+03 5.493985905300000083e-02 1.677321595799999981e-02
4.793000000000000000e+03 4.794000000000000000e+03 3.324436746000000026e-02 1.147112455230000008e-02
4.794000000000000000e+03 4.795000000000000000e+03 1.819328630510000031e-02 9.043236214900000208e-03
4.795000000000000000e+03 4.796000000000000000e+03 1.366220934530000021e-02 7.499981440399999637e-03
4.796000000000000000e+03 4.797000000000000000e+03 6.095876109700000545e-02 2.460253441870000057e-02
4.797000000000000000e+03 4.798000000000000000e+03 7.187281943499999881e-02 2.475521562150000132e-02
4.798000000000000000e+03 4.799000000000000000e+03 7.732217855999999612e-02 2.685400881399999801e-02
4.799000000000000000e+03 4.800000000000000000e+03 5.441711837200000068e-02 2.515575521900000056e-02
4.800000000000000000e+03 4.801000000000000000e+03 5.476987106200000011e-02 2.033190797000000022e-02
4.801000000000000000e+03 4.802000000000000000e+03 4.463774412700000083e-02 1.631346723600000242e-02
4.802000000000000000e+03 4.803000000000000000e+03 5.063906475300000015e-02 1.801329364899999924e-02
4.803000000000000000e+03 4.804000000000000000e+03 2.562009929099999875e-02 1.544769080599999941e-02
4.804000000000000000e+03 4.805000000000000000e+03 3.667231748299999705e-02 1.236263532960000036e-02
4.805000000000000000e+03 4.806000000000000000e+03 2.930193811600000087e-02 1.041953158400000037e-02
4.806000000000000000e+03 4.807000000000000000e+03 1.021294535460000145e-02 7.826789048100000340e-03
4.807000000000000000e+03 4.808000000000000000e+03 5.729816536500000057e-02 2.746325844819999876e-02
4.808000000000000000e+03 4.809000000000000000e+03 6.276561574799999210e-02 2.681285571620000210e-02
4.809000000000000000e+03 4.810000000000000000e+03 1.146709225570000101e-01 3.091352545700000107e-02
4.810000000000000000e+03 4.811000000000000000e+03 6.597974720400000270e-02 2.327648394469999937e-02
4.811000000000000000e+03 4.812000000000000000e+03 5.740729704800000277e-02 1.937980239499999952e-02
4.812000000000000000e+03 4.813000000000000000e+03 4.236094055999999747e-02 2.226771543800000128e-02
4.813000000000000000e+03 4.814000000000000000e+03 3.945440003700000087e-02 1.522419348000000026e-02
4.814000000000000000e+03 4.815000000000000000e+03 4.096940998299999914e-02 1.531008023900000056e-02
4.815000000000000000e+03 4.816000000000000000e+03 1.878524724889999928e-02 1.261370934650000129e-02
4.816000000000000000e+03 4.817000000000000000e+03 -1.219884778879999979e-02 9.880453271600000281e-03
4.817000000000000000e+03 4.818000000000000000e+03 1.881218965900000040e-02 7.346186429200000402e-03
4.818000000000000000e+03 4.819000000000000000e+03 1.057906799659999973e-02 2.856237852939999891e-02
4.819000000000000000e+03 4.820000000000000000e+03 1.266532517199999985e-01 2.650005205230000077e-02
4.820000000000000000e+03 4.821000000000000000e+03 6.669275132999999411e-02 2.833303436199999942e-02
4.821000000000000000e+03 4.822000000000000000e+03 2.515178700400000009e-02 2.594576359399999865e-02
4.822000000000000000e+03 4.823000000000000000e+03 6.095814655600000076e-02 2.291134395199999688e-02
4.823000000000000000e+03 4.824000000000000000e+03 7.562772815000000370e-03 2.002599693399999964e-02
4.824000000000000000e+03 4.825000000000000000e+03 2.451820262000000208e-02 1.602213591800000225e-02
4.825000000000000000e+03 4.826000000000000000e+03 3.670457444499999888e-02 1.576146356999999845e-02
4.826000000000000000e+03 4.827000000000000000e+03 3.142650055099999867e-02 1.235902932980000035e-02
4.827000000000000000e+03 4.828000000000000000e+03 2.360148926200000136e-02 1.037130120890000090e-02
4.828000000000000000e+03 4.829000000000000000e+03 1.942582625999999743e-02 8.593700030199999743e-03
4.829000000000000000e+03 4.830000000000000000e+03 1.012503645720000123e-01 2.618116595739999886e-02
4.830000000000000000e+03 4.831000000000000000e+03 3.124046952830000085e-02 2.785931541199999917e-02
4.831000000000000000e+03 4.832000000000000000e+03 6.367113405600000053e-02 2.479799100599999750e-02
4.832000000000000000e+03 4.833000000000000000e+03 1.020910374470000020e-01 2.700919020300000112e-02
4.833000000000000000e+03 4.834000000000000000e+03 2.776620208029999953e-02 2.265051874199999760e-02
4.834000000000000000e+03 4.835000000000000000e+03 4.900449070900000231e-02 1.709176302600000016e-02
4.835000000000000000e+03 4.836000000000000000e+03 4.707292511299999982e-02 1.462219133339999998e-02
4.836000000000000000e+03 4.837000000000000000e+03 5.238375917000000215e-02 1.401509880739999943e-02
4.837000000000000000e+03 4.838000000000000000e+03 3.129878103799999672e-02 1.157541094629999968e-02
4.838000000000000000e+03 4.839000000000000000e+03 1.487244349310000088e-02 9.620886038200000823e-03
4.839000000000000000e+03 4.840000000000000000e+03 1.848806458199999878e-02 7.238768347200000113e-03
4.840000000000000000e+03 4.841000000000000000e+03 8.619245301200000042e-02 3.274771742699999350e-02
4.841000000000000000e+03 4.842000000000000000e+03 1.125351361420000029e-01 2.442659527039999987e-02
4.842000000000000000e+03 4.843000000000000000e+03 5.821165004400000176e-02 2.079842810670000028e-02
4.843000000000000000e+03 4.844000000000000000e+03 7.855446630900000948e-02 2.079378919699999967e-02
4.844000000000000000e+03 4.845000000000000000e+03 7.659884009000000882e-02 2.079294396879999979e-02
4.845000000000000000e+03 4.846000000000000000e+03 4.527796884600000099e-02 1.726415676200000054e-02
4.846000000000000000e+03 4.847000000000000000e+03 2.844333830999999993e-02 1.420579038340000037e-02
4.847000000000000000e+03 4.848000000000000000e+03 4.946437306600000305e-02 1.493047837500000030e-02
4.848000000000000000e+03 4.849000000000000000e+03 2.453657411699999846e-02 1.197857757070000008e-02
4.849000000000000000e+03 4.850000000000000000e+03 1.091706571859999905e-02 1.013316774459999993e-02
4.850000000000000000e+03 4.851000000000000000e+03 3.332459119100000117e-03 6.522752578400000355e-03
4.851000000000000000e+03 4.852000000000000000e+03 4.928468962440000350e-02 3.009679492610000187e-02
4.852000000000000000e+03 4.853000000000000000e+03 6.473918984299999180e-02 2.835067514009999984e-02
4.853000000000000000e+03 4.854000000000000000e+03 3.424681719469999802e-02 2.253679070079999888e-02
4.854000000000000000e+03 4.855000000000000000e+03 7.926107593700000564e-02 2.552967339000000030e-02
4.855000000000000000e+03 4.856000000000000000e+03 5.199908971999999546e-02 2.081035693700000050e-02
4.856000000000000000e+03 4.857000000000000000e+03 5.630775959800000258e-02 1.711120826319999927e-02
4.857000000000000000e+03 4.858000000000000000e+03 6.799133803699999867e-02 1.455097823000000082e-02
4.858000000000000000e+03 4.859000000000000000e+03 3.231610322000000313e-02 1.444223647700000092e-02
4.859000000000000000e+03 4.860000000000000000e+03 2.919780715800000120e-02 1.213467638669999890e-02
4.860000000000000000e+03 4.861000000000000000e+03 1.448474938800000007e-02 1.052847239220000043e-02
4.861000000000000000e+03 4.862000000000000000e+03 1.247532298749999893e-02 7.027052896499999882e-03
4.862000000000000000e+03 4.863000000000000000e+03 4.634174479399999491e-02 2.501645186519999703e-02
4.863000000000000000e+03 4.864000000000000000e+03 2.134164600239999918e-02 2.834250010390000282e-02
4.864000000000000000e+03 4.865000000000000000e+03 7.743047583300000092e-02 2.679224942969999843e-02
4.865000000000000000e+03 4.866000000000000000e+03 2.063330140900000026e-02 2.236379248900000061e-02
4.866000000000000000e+03 4.867000000000000000e+03 5.421408853100000147e-02 2.241658737700000237e-02
4.867000000000000000e+03 4.868000000000000000e+03 5.991163726899999958e-02 1.771007662000000094e-02
4.868000000000000000e+03 4.869000000000000000e+03 7.930427826100000521e-02 1.499089190279999893e-02
4.869000000000000000e+03 4.870000000000000000e+03 4.127071423300000125e-02 1.546895847400000037e-02
4.870000000000000000e+03 4.871000000000000000e+03 3.583125859100000365e-02 1.234881289360000023e-02
4.871000000000000000e+03 4.872000000000000000e+03 2.059781730999999880e-02 8.169710647499999964e-03
4.872000000000000000e+03 4.873000000000000000e+03 4.186518757999999865e-04 7.183747355800000449e-03
4.873000000000000000e+03 4.874000000000000000e+03 4.219866512559999894e-02 2.539902720919999871e-02
4.874000000000000000e+03 4.875000000000000000e+03 2.839968625099999894e-02 2.376611893949999790e-02
4.875000000000000000e+03 4.876000000000000000e+03 6.119508522000000061e-02 2.195818272240000063e-02
4.876000000000000000e+03 4.877000000000000000e+03 5.154487562269999962e-02 2.694731246600000005e-02
4.877000000000000000e+03 4.878000000000000000e+03 8.294492842299999724e-02 1.872038202150000039e-02
4.878000000000000000e+03 4.879000000000000000e+03 4.322346073200000055e-02 1.640067494070000104e-02
4.879000000000000000e+03 4.880000000000000000e+03 3.186295334300000281e-02 1.555609664099999977e-02
4.880000000000000000e+03 4.881000000000000000e+03 3.112122938800000044e-02 1.262448669439999831e-02
4.881000000000000000e+03 4.882000000000000000e+03 2.595230031900000109e-02 1.144829952959999959e-02
4.882000000000000000e+03 4.883000000000000000e+03 1.846850120109999951e-02 1.022961635910000014e-02
4.883000000000000000e+03 4.884000000000000000e+03 1.158770259040000153e-02 6.819270351700000392e-03
4.884000000000000000e+03 4.885000000000000000e+03 1.839501163700000066e-02 2.763914400600000001e-02
4.885000000000000000e+03 4.886000000000000000e+03 1.120574389620000028e-01 2.517058180899999983e-02
4.886000000000000000e+03 4.887000000000000000e+03 3.654628116799999576e-02 2.096483893979999777e-02
4.887000000000000000e+03 4.888000000000000000e+03 5.808507206400000122e-02 2.420289750599999984e-02
4.888000000000000000e+03 4.889000000000000000e+03 4.168070175299999625e-02 2.238077796800000061e-02
4.889000000000000000e+03 4.890000000000000000e+03 7.723079735399999979e-02 1.567325573350000084e-02
4.890000000000000000e+03 4.891000000000000000e+03 4.030692007699999968e-02 1.298945408589999989e-02
4.891000000000000000e+03 4.892000000000000000e+03 2.729122140900000146e-02 1.185729541490000011e-02
4.892000000000000000e+03 4.893000000000000000e+03 3.226830470699999787e-02 1.222716418139999962e-02
4.893000000000000000e+03 4.894000000000000000e+03 4.052151382099999921e-02 1.052114690870000098e-02
4.894000000000000000e+03 4.895000000000000000e+03 1.878775237599999981e-02 7.652869203000000134e-03
4.895000000000000000e+03 4.896000000000000000e+03 7.998490350400000448e-02 2.829572687249999954e-02
4.896000000000000000e+03 4.897000000000000000e+03 4.559799669870000238e-02 2.721905319130000014e-02
4.897000000000000000e+03 4.898000000000000000e+03 2.168987996400000007e-02 2.453543662700000128e-02
4.898000000000000000e+03 4.899000000000000000e+03 6.336626591999999780e-02 2.124467456279999916e-02
4.899000000000000000e+03 4.900000000000000000e+03 5.820837242800000477e-02 1.829748470740000243e-02
4.900000000000000000e+03 4.901000000000000000e+03 6.066204739999999382e-04 1.622047837700000064e-02
4.901000000000000000e+03 4.902000000000000000e+03 2.780502114800000035e-02 1.520896565720000065e-02
4.902000000000000000e+03 4.903000000000000000e+03 4.748746902200000342e-02 1.392219459560000046e-02
4.903000000000000000e+03 4.904000000000000000e+03 3.545665803899999968e-02 1.219422227789999924e-02
4.904000000000000000e+03 4.905000000000000000e+03 1.616223751500000042e-02 8.802375213599999970e-03
4.905000000000000000e+03 4.906000000000000000e+03 6.589774951099999604e-03 7.370103190500000567e-03
4.906000000000000000e+03 4.907000000000000000e+03 4.649974560589999889e-02 2.824647767739999968e-02
4.907000000000000000e+03 4.908000000000000000e+03 8.669467437000000221e-02 2.531788344499999802e-02
4.908000000000000000e+03 4.909000000000000000e+03 2.697809203210000187e-02 2.465866450709999769e-02
4.909000000000000000e+03 4.910000000000000000e+03 6.627475550399999915e-02 2.145382882809999947e-02
4.910000000000000000e+03 4.911000000000000000e+03 6.810423450299998849e-02 2.316646148099999955e-02
4.911000000000000000e+03 4.912000000000000000e+03 3.381561806419999816e-02 1.582970946300000029e-02
4.912000000000000000e+03 4.913000000000000000e+03 5.137836508600000102e-02 1.377119710219999911e-02
4.913000000000000000e+03 4.914000000000000000e+03 3.101124694199999809e-02 1.437220501200000070e-02
4.914000000000000000e+03 4.915000000000000000e+03 5.943625849200000373e-03 1.215953556270000027e-02
4.915000000000000000e+03 4.916000000000000000e+03 1.787707910600000102e-02 8.376012074799999915e-03
4.916000000000000000e+03 4.917000000000000000e+03 1.861980453299999852e-02 7.812611104900000700e-03
4.917000000000000000e+03 4.918000000000000000e+03 5.832696270600000454e-02 2.570548780239999970e-02
4.918000000000000000e+03 4.919000000000000000e+03 6.425780706969999589e-02 2.312731682270000033e-02
4.919000000000000000e+03 4.920000000000000000e+03 8.172907168899999630e-02 2.465582401490000117e-02
4.920000000000000000e+03 4.921000000000000000e+03 9.377168660300000402e-02 2.233289835300000109e-02
4.921000000000000000e+03 4.922000000000000000e+03 4.395575956699999953e-02 1.785166233700000160e-02
4.922000000000000000e+03 4.923000000000000000e+03 8.094835079199999561e-02 1.808760499099999752e-02
4.923000000000000000e+03 4.924000000000000000e+03 3.948380469499999934e-02 1.414660438240000068e-02
4.924000000000000000e+03 4.925000000000000000e+03 2.657493713599999932e-02 1.183097619800000007e-02
4.925000000000000000e+03 4.926000000000000000e+03 2.397301392600000025e-02 1.120848597789999949e-02
4.926000000000000000e+03 4.927000000000000000e+03 8.974948230399999380e-03 9.962313191400000434e-03
4.927000000000000000e+03 4.928000000000000000e+03 1.787648433600000017e-02 8.823587779599999931e-03
4.928000000000000000e+03 4.929000000000000000e+03 3.120421150860000145e-02 3.353389148699999905e-02
4.929000000000000000e+03 4.930000000000000000e+03 1.357020993820000007e-02 2.302225982689999964e-02
4.930000000000000000e+03 4.931000000000000000e+03 3.569528002199999495e-02 2.191368397539999666e-02
4.931000000000000000e+03 4.932000000000000000e+03 4.157785277400000146e-02 1.972259423120000313e-02
4.932000000000000000e+03 4.933000000000000000e+03 5.821364294899999958e-02 1.727953523639999892e-02
4.933000000000000000e+03 4.934000000000000000e+03 5.488212896200000274e-02 1.628000972499999907e-02
4.934000000000000000e+03 4.935000000000000000e+03 4.046362121499999520e-02 1.796420720900000073e-02
4.935000000000000000e+03 4.936000000000000000e+03 2.867283325000000160e-02 1.338259542850000171e-02
4.936000000000000000e+03 4.937000000000000000e+03 3.898954326399999698e-02 1.118251951429999856e-02
4.937000000000000000e+03 4.938000000000000000e+03 3.052887796700000031e-02 1.049979777710000062e-02
4.938000000000000000e+03 4.939000000000000000e+03 1.088533451190000154e-02 7.260492640999999941e-03
4.939000000000000000e+03 4.940000000000000000e+03 4.200643879690000443e-02 2.945650636840000183e-02
4.940000000000000000e+03 4.941000000000000000e+03 1.061231608949999988e-01 2.418839485099999811e-02
4.941000000000000000e+03 4.942000000000000000e+03 3.691386486600000544e-02 2.216320237799999926e-02
4.942000000000000000e+03 4.943000000000000000e+03 -1.525353736699999914e-02 1.688165353479999936e-02
4.943000000000000000e+03 4.944000000000000000e+03 2.123969875400000262e-02 1.843663267900000000e-02
4.944000000000000000e+03 4.945000000000000000e+03 9.491469821199999268e-03 1.623929212900000058e-02
4.945000000000000000e+03 4.946000000000000000e+03 3.523710619400000077e-02 1.460582333310000112e-02
4.946000000000000000e+03 4.947000000000000000e+03 2.481734936099999969e-02 1.489828686720000121e-02
4.947000000000000000e+03 4.948000000000000000e+03 1.960376221349999920e-02 1.066198868409999959e-02
4.948000000000000000e+03 4.949000000000000000e+03 1.873057950099999910e-02 9.592534782300000604e-03
4.949000000000000000e+03 4.950000000000000000e+03 2.322748954700000132e-02 9.026187095699999760e-03
4.950000000000000000e+03 4.951000000000000000e+03 3.264311137499999876e-02 2.368438098909999776e-02
4.951000000000000000e+03 4.952000000000000000e+03 4.073606360740000126e-02 2.418944236589999977e-02
4.952000000000000000e+03 4.953000000000000000e+03 8.542717756499999815e-02 2.259883004909999868e-02
4.953000000000000000e+03 4.954000000000000000e+03 9.578916457600000767e-02 2.078139606310000151e-02
4.954000000000000000e+03 4.955000000000000000e+03 4.738414410399999915e-02 1.843569073899999772e-02
4.955000000000000000e+03 4.956000000000000000e+03 3.448390011099999874e-02 1.625074835499999704e-02
4.956000000000000000e+03 4.957000000000000000e+03 3.342693162799999923e-02 1.479998867900000036e-02
4.957000000000000000e+03 4.958000000000000000e+03 2.339282088599999726e-02 1.406409803959999920e-02
4.958000000000000000e+03 4.959000000000000000e+03 3.134408975499999861e-02 9.935965145900000142e-03
4.959000000000000000e+03 4.960000000000000000e+03 2.324696790699999974e-02 9.081658790899999403e-03
4.960000000000000000e+03 4.961000000000000000e+03 7.581843773800000207e-03 6.745094670699999968e-03
4.961000000000000000e+03 4.962000000000000000e+03 7.314820260200000090e-02 2.509569754940000133e-02
4.962000000000000000e+03 4.963000000000000000e+03 5.121515425199999610e-02 2.017126498430000039e-02
4.963000000000000000e+03 4.964000000000000000e+03 8.879697356999999291e-02 2.830233459900000081e-02
4.964000000000000000e+03 4.965000000000000000e+03 5.859679591299999518e-02 2.282877302000000178e-02
4.965000000000000000e+03 4.966000000000000000e+03 5.501694815100000024e-02 1.960992727899999941e-02
4.966000000000000000e+03 4.967000000000000000e+03 5.366959955399999704e-02 1.481773836259999907e-02
4.967000000000000000e+03 4.968000000000000000e+03 4.059273218500000086e-02 1.448262997279999888e-02
4.968000000000000000e+03 4.969000000000000000e+03 3.096163030199999833e-02 1.294847135099999949e-02
4.969000000000000000e+03 4.970000000000000000e+03 3.339185723699999997e-02 9.616407565900000898e-03
4.970000000000000000e+03 4.971000000000000000e+03 1.416908546880000022e-02 9.223316831900000776e-03
4.971000000000000000e+03 4.972000000000000000e+03 6.760019043800000009e-03 6.639307197699999274e-03
4.972000000000000000e+03 4.973000000000000000e+03 8.560680497400000033e-02 3.099394597249999911e-02
4.973000000000000000e+03 4.974000000000000000e+03 2.312882848850000145e-02 2.243432673100000108e-02
4.974000000000000000e+03 4.975000000000000000e+03 7.427095470299999169e-02 2.120352346479999900e-02
4.975000000000000000e+03 4.976000000000000000e+03 5.064568571999999991e-02 1.777448175809999767e-02
4.976000000000000000e+03 4.977000000000000000e+03 2.181015774700000021e-02 1.590036373120000054e-02
4.977000000000000000e+03 4.978000000000000000e+03 5.424095484000000106e-02 1.867721573199999929e-02
4.978000000000000000e+03 4.979000000000000000e+03 4.280218805100000079e-02 1.445436687729999975e-02
4.979000000000000000e+03 4.980000000000000000e+03 2.929445330790000218e-02 1.471780834299999882e-02
4.980000000000000000e+03 4.981000000000000000e+03 2.082641400999999878e-02 1.154195700140000017e-02
4.981000000000000000e+03 4.982000000000000000e+03 1.878762729699999870e-02 8.321978343499999986e-03
4.982000000000000000e+03 4.983000000000000000e+03 1.096547737540000053e-02 8.355275642299998459e-03
4.983000000000000000e+03 4.984000000000000000e+03 4.644299991899999980e-02 2.315237006640000206e-02
4.984000000000000000e+03 4.985000000000000000e+03 9.517779011400000211e-02 2.763884466060000100e-02
4.985000000000000000e+03 4.986000000000000000e+03 5.924791330200000067e-02 2.422440711899999724e-02
4.986000000000000000e+03 4.987000000000000000e+03 5.154040566999999740e-02 1.855537825089999954e-02
4.987000000000000000e+03 4.988000000000000000e+03 3.617047099809999472e-02 1.785602848469999837e-02
4.988000000000000000e+03 4.989000000000000000e+03 5.385515299900000413e-02 1.436082987860000035e-02
4.989000000000000000e+03 4.990000000000000000e+03 3.264155293399999963e-02 1.460485637700000006e-02
4.990000000000000000e+03 4.991000000000000000e+03 2.920858333799999929e-02 1.389689074850000011e-02
4.991000000000000000e+03 4.992000000000000000e+03 6.599192335600000299e-03 1.104541408439999907e-02
4.992000000000000000e+03 4.993000000000000000e+03 1.641489362199999996e-02 1.090294867520000092e-02
4.993000000000000000e+03 4.994000000000000000e+03 -6.205747535999999766e-03 8.484367329599999674e-03
4.994000000000000000e+03 4.995000000000000000e+03 -3.320640399600000015e-02 2.422007884710000031e-02
4.995000000000000000e+03 4.996000000000000000e+03 8.980539579500000646e-02 2.146715793050000057e-02
4.996000000000000000e+03 4.997000000000000000e+03 6.132506148599999735e-02 2.259349823580000111e-02
4.997000000000000000e+03 4.998000000000000000e+03 3.713116543299999767e-02 1.967324765060000230e-02
4.998000000000000000e+03 4.999000000000000000e+03 8.933066316100000959e-02 2.178318311099999849e-02
4.999000000000000000e+03 5.000000000000000000e+03 3.432119680000000200e-02 1.618333257199999764e-02
5.000000000000000000e+03 5.001000000000000000e+03 4.449207166700000493e-02 1.486937907300000042e-02
5.001000000000000000e+03 5.002000000000000000e+03 3.863254971999999926e-02 1.458676916349999943e-02
5.002000000000000000e+03 5.003000000000000000e+03 2.055803838900000305e-02 9.716173054200000214e-03
5.003000000000000000e+03 5.004000000000000000e+03 3.391892790099999833e-02 1.041141197330000025e-02
5.004000000000000000e+03 5.005000000000000000e+03 5.120454030999999420e-03 7.416989627700000184e-03
5.005000000000000000e+03 5.006000000000000000e+03 3.135964237450000053e-02 3.022067527010000032e-02
5.006000000000000000e+03 5.007000000000000000e+03 3.475040322780000024e-02 1.980055350569999775e-02
5.007000000000000000e+03 5.008000000000000000e+03 3.185264165900000138e-02 2.197366928359999888e-02
5.008000000000000000e+03 5.009000000000000000e+03 4.830172944299999938e-02 1.843116905179999904e-02
5.009000000000000000e+03 5.010000000000000000e+03 7.458099326200000323e-02 1.859167162199999723e-02
5.010000000000000000e+03 5.011000000000000000e+03 4.185356061300000291e-02 1.618889866299999883e-02
5.011000000000000000e+03 5.012000000000000000e+03 3.445994663500000221e-02 1.390365636160000029e-02
5.012000000000000000e+03 5.013000000000000000e+03 3.489775793100000079e-02 1.237377183909999998e-02
5.013000000000000000e+03 5.014000000000000000e+03 2.965570959000000256e-02 1.201557767229999990e-02
5.014000000000000000e+03 5.015000000000000000e+03 5.839886781599999861e-03 9.212770522499998463e-03
5.015000000000000000e+03 5.016000000000000000e+03 1.354129168829999903e-02 7.341004528800000248e-03
5.016000000000000000e+03 5.017000000000000000e+03 -3.006415764800000369e-03 3.446898285100000181e-02
5.017000000000000000e+03 5.018000000000000000e+03 1.071410257499999935e-01 2.370579008859999975e-02
5.018000000000000000e+03 5.019000000000000000e+03 5.307454105199999744e-02 1.936031387170000090e-02
5.019000000000000000e+03 5.020000000000000000e+03 6.894587783199999931e-02 2.035859394299999875e-02
5.020000000000000000e+03 5.021000000000000000e+03 6.280466636400000580e-02 2.189791725200000011e-02
5.021000000000000000e+03 5.022000000000000000e+03 3.665203460500000149e-02 1.410807873219999987e-02
5.022000000000000000e+03 5.023000000000000000e+03 4.305000819900000469e-02 1.438694119370000080e-02
5.023000000000000000e+03 5.024000000000000000e+03 1.835396198600000237e-02 1.135380059339999997e-02
5.024000000000000000e+03 5.025000000000000000e+03 1.968868024259999919e-02 1.188729516019999995e-02
5.025000000000000000e+03 5.026000000000000000e+03 1.984891771899999907e-02 9.392320839100000429e-03
5.026000000000000000e+03 5.027000000000000000e+03 -3.733723675200000067e-03 6.344688804800000317e-03
5.027000000000000000e+03 5.028000000000000000e+03 6.434148597100000644e-02 2.443261749060000182e-02
5.028000000000000000e+03 5.029000000000000000e+03 9.718293203699999994e-02 2.530361819920000019e-02
5.029000000000000000e+03 5.030000000000000000e+03 5.799701290700000345e-02 2.056324882250000138e-02
5.030000000000000000e+03 5.031000000000000000e+03 5.847745989500000019e-02 2.084427575570000149e-02
5.031000000000000000e+03 5.032000000000000000e+03 2.425250988400000016e-02 1.690781124040000027e-02
5.032000000000000000e+03 5.033000000000000000e+03 2.590261024300000159e-02 1.426114170290000011e-02
5.033000000000000000e+03 5.034000000000000000e+03 5.111271669600000317e-02 1.374327867389999944e-02
5.034000000000000000e+03 5.035000000000000000e+03 3.864550212699999904e-02 1.193440206060000092e-02
5.035000000000000000e+03 5.036000000000000000e+03 8.998812042300000438e-03 9.633637991499998873e-03
5.036000000000000000e+03 5.037000000000000000e+03 5.818021377100000141e-03 8.739404020799999839e-03
5.037000000000000000e+03 5.038000000000000000e+03 -8.294621112199999577e-03 6.600217429099999693e-03
5.038000000000000000e+03 5.039000000000000000e+03 6.720375541000001007e-02 2.355769460080000058e-02
5.039000000000000000e+03 5.040000000000000000e+03 1.293495502659999970e-02 2.556981505190000087e-02
5.040000000000000000e+03 5.041000000000000000e+03 2.905266291880000129e-02 1.924689146860000116e-02
5.041000000000000000e+03 5.042000000000000000e+03 3.979049817840000364e-02 1.985401178319999918e-02
5.042000000000000000e+03 5.043000000000000000e+03 5.276707722500000031e-02 1.796536882000000085e-02
5.043000000000000000e+03 5.044000000000000000e+03 5.186508421899999749e-02 1.298069044970000079e-02
5.044000000000000000e+03 5.045000000000000000e+03 9.794239238299999248e-03 1.640410522799999951e-02
5.045000000000000000e+03 5.046000000000000000e+03 1.556229805400000110e-02 1.216519476709999881e-02
5.046000000000000000e+03 5.047000000000000000e+03 2.654965542800000189e-02 1.128215458530000027e-02
5.047000000000000000e+03 5.048000000000000000e+03 4.210260871699999380e-02 1.070273121319999937e-02
5.048000000000000000e+03 5.049000000000000000e+03 5.732837552400000050e-03 6.229946646300000591e-03
5.049000000000000000e+03 5.050000000000000000e+03 1.533371678899999972e-02 2.525394806849999910e-02
5.050000000000000000e+03 5.051000000000000000e+03 5.049718363300000068e-02 2.410851614780000138e-02
5.051000000000000000e+03 5.052000000000000000e+03 4.751306179599999735e-02 2.228119024920000024e-02
5.052000000000000000e+03 5.053000000000000000e+03 -1.284191542469999975e-03 1.785910107629999979e-02
5.053000000000000000e+03 5.054000000000000000e+03 4.791462446199999670e-02 1.492267878119999877e-02
5.054000000000000000e+03 5.055000000000000000e+03 3.976891283600000188e-02 1.682462510919999904e-02
5.055000000000000000e+03 5.056000000000000000e+03 2.378849571300000257e-02 1.444101488309999966e-02
5.056000000000000000e+03 5.057000000000000000e+03 2.030566815500000136e-02 1.200955850119999994e-02
5.057000000000000000e+03 5.058000000000000000e+03 1.882255701600000011e-02 1.043227678779999959e-02
5.058000000000000000e+03 5.059000000000000000e+03 9.044239804999999743e-03 7.982393741000000029e-03
5.059000000000000000e+03 5.060000000000000000e+03 3.707175346399999884e-03 6.790219495499999654e-03
5.060000000000000000e+03 5.061000000000000000e+03 4.590869826330000458e-02 2.298619693979999865e-02
5.061000000000000000e+03 5.062000000000000000e+03 3.521091011400000192e-02 2.245567835300000051e-02
5.062000000000000000e+03 5.063000000000000000e+03 7.772205349199999558e-02 1.950764052129999940e-02
5.063000000000000000e+03 5.064000000000000000e+03 7.550160325200000466e-02 1.876947901430000079e-02
5.064000000000000000e+03 5.065000000000000000e+03 3.386012205600000269e-02 1.580002561180000181e-02
5.065000000000000000e+03 5.066000000000000000e+03 1.836028378599999927e-02 1.371150541919999993e-02
5.066000000000000000e+03 5.067000000000000000e+03 4.936999332500000004e-02 1.306051937720000000e-02
5.067000000000000000e+03 5.068000000000000000e+03 2.598666970700000065e-02 1.093221128249999979e-02
5.068000000000000000e+03 5.069000000000000000e+03 3.152640234000000236e-02 1.162911722299999999e-02
5.069000000000000000e+03 5.070000000000000000e+03 1.024806739710000004e-02 9.088905040600000346e-03
5.070000000000000000e+03 5.071000000000000000e+03 1.477964020600000018e-03 7.488930815300000668e-03
5.071000000000000000e+03 5.072000000000000000e+03 9.067688461400000288e-02 2.557677219460000040e-02
5.072000000000000000e+03 5.073000000000000000e+03 6.723951313600000368e-02 2.279168136050000251e-02
5.073000000000000000e+03 5.074000000000000000e+03 5.313194614499999746e-02 2.037078978050000169e-02
5.074000000000000000e+03 5.075000000000000000e+03 4.268601341069999666e-02 2.170598576340000002e-02
5.075000000000000000e+03 5.076000000000000000e+03 5.256328606999999958e-02 1.772748937910000044e-02
5.076000000000000000e+03 5.077000000000000000e+03 2.436901554900000252e-02 1.464229663800000088e-02
5.077000000000000000e+03 5.078000000000000000e+03 3.802040889200000023e-02 1.153717963609999890e-02
5.078000000000000000e+03 5.079000000000000000e+03 2.310188197600000076e-02 1.319955818350000004e-02
5.079000000000000000e+03 5.080000000000000000e+03 1.051656918259999927e-02 9.791803169000001458e-03
5.080000000000000000e+03 5.081000000000000000e+03 2.824709712799999828e-02 8.237215711399998794e-03
5.081000000000000000e+03 5.082000000000000000e+03 7.242381140999999863e-03 8.051848235999999395e-03
5.082000000000000000e+03 5.083000000000000000e+03 8.572462077200000696e-02 2.542607432920000049e-02
5.083000000000000000e+03 5.084000000000000000e+03 3.366801800995000010e-02 2.421475039250000141e-02
5.084000000000000000e+03 5.085000000000000000e+03 5.940629245199999936e-02 2.238703625299999847e-02
5.085000000000000000e+03 5.086000000000000000e+03 4.228490294400000238e-02 1.825000406060000094e-02
5.086000000000000000e+03 5.087000000000000000e+03 8.720830633699999668e-02 1.492559473479999899e-02
5.087000000000000000e+03 5.088000000000000000e+03 6.031760451200000178e-02 1.329385776060000059e-02
5.088000000000000000e+03 5.089000000000000000e+03 3.652838423800000567e-02 1.194368016759999977e-02
5.089000000000000000e+03 5.090000000000000000e+03 1.917572441060000007e-02 1.341647263260000063e-02
5.090000000000000000e+03 5.091000000000000000e+03 4.543095481899999538e-02 1.180751943020000132e-02
5.091000000000000000e+03 5.092000000000000000e+03 3.422244024649999990e-03 9.249876055900000532e-03
5.092000000000000000e+03 5.093000000000000000e+03 2.236949289399999853e-03 5.716101054499999473e-03
5.093000000000000000e+03 5.094000000000000000e+03 1.999599197609999712e-02 2.348603456869999967e-02
5.094000000000000000e+03 5.095000000000000000e+03 3.488955325569999960e-02 2.047711624469999991e-02
5.095000000000000000e+03 5.096000000000000000e+03 3.237455860200000313e-02 1.970553847509999915e-02
5.096000000000000000e+03 5.097000000000000000e+03 6.172402066200000093e-02 2.150026306500000053e-02
5.097000000000000000e+03 5.098000000000000000e+03 5.080779610200000102e-02 1.642610546490000031e-02
5.098000000000000000e+03 5.099000000000000000e+03 2.569557973399999931e-02 1.418771127640000053e-02
5.099000000000000000e+03 5.100000000000000000e+03 4.181037989900000112e-02 1.359572830069999926e-02
5.100000000000000000e+03 5.101000000000000000e+03 4.371201921300000431e-02 1.797388864099999997e-02
5.101000000000000000e+03 5.102000000000000000e+03 3.100056492500000149e-02 9.772413977699999713e-03
5.102000000000000000e+03 5.103000000000000000e+03 1.088967825129999976e-02 7.569303501400000828e-03
5.103000000000000000e+03 5.104000000000000000e+03 8.933218832299999468e-03 6.833713931399999601e-03
5.104000000000000000e+03 5.105000000000000000e+03 3.661968519120000626e-02 2.248068375240000125e-02
5.105000000000000000e+03 5.106000000000000000e+03 2.036790663648000224e-02 2.607862609640000315e-02
5.106000000000000000e+03 5.107000000000000000e+03 3.270674489829999976e-02 1.648164759420000028e-02
5.107000000000000000e+03 5.108000000000000000e+03 2.693442606660000072e-02 2.197371326200000044e-02
5.108000000000000000e+03 5.109000000000000000e+03 2.802732620000000091e-02 1.805232065080000087e-02
5.109000000000000000e+03 5.110000000000000000e+03 4.453529417799999973e-02 1.315527567020000066e-02
5.110000000000000000e+03 5.111000000000000000e+03 3.699691986399999966e-02 1.205901224849999925e-02
5.111000000000000000e+03 5.112000000000000000e+03 4.312318793299999703e-02 1.394290097200000071e-02
5.112000000000000000e+03 5.113000000000000000e+03 4.058469733700000026e-02 8.949967110700000894e-03
5.113000000000000000e+03 5.114000000000000000e+03 5.024576721299999979e-03 8.375894232899999681e-03
5.114000000000000000e+03 5.115000000000000000e+03 7.991405512199999464e-03 5.713345744600000463e-03
5.115000000000000000e+03 5.116000000000000000e+03 9.809226360900000219e-02 2.495805321639999949e-02
5.116000000000000000e+03 5.117000000000000000e+03 8.869833388799999718e-02 1.989561932499999894e-02
5.117000000000000000e+03 5.118000000000000000e+03 3.797490010000000027e-02 1.840152276560000008e-02
5.118000000000000000e+03 5.119000000000000000e+03 4.604919412600000372e-02 1.778612213070000087e-02
5.119000000000000000e+03 5.120000000000000000e+03 6.640072228399999943e-02 1.572902965150000179e-02
5.120000000000000000e+03 5.121000000000000000e+03 5.526218861900000084e-02 1.626603592259999800e-02
5.121000000000000000e+03 5.122000000000000000e+03 3.845640928600000275e-03 1.410733459980000049e-02
5.122000000000000000e+03 5.123000000000000000e+03 3.253765760900000081e-02 1.252157551499999931e-02
5.123000000000000000e+03 5.124000000000000000e+03 3.120822606500000054e-02 1.005802094260000064e-02
5.124000000000000000e+03 5.125000000000000000e+03 2.348929343179999990e-02 8.608796160299999126e-03
5.125000000000000000e+03 5.126000000000000000e+03 7.832872101000000302e-04 5.660336736699999802e-03
5.126000000000000000e+03 5.127000000000000000e+03 2.688623341000000275e-04 2.455223068439999975e-02
5.127000000000000000e+03 5.128000000000000000e+03 8.443181955600000121e-02 2.303816768049999839e-02
5.128000000000000000e+03 5.129000000000000000e+03 6.231239051700000059e-02 2.238728240360000205e-02
5.129000000000000000e+03 5.130000000000000000e+03 3.051149998999999960e-02 1.816624639900000018e-02
5.130000000000000000e+03 5.131000000000000000e+03 4.690426903000000092e-02 1.638463393289999945e-02
5.131000000000000000e+03 5.132000000000000000e+03 3.839391542200000507e-02 1.535138832509999954e-02
5.132000000000000000e+03 5.133000000000000000e+03 4.887226988900000152e-02 1.334148638129999988e-02
5.133000000000000000e+03 5.134000000000000000e+03 2.633864778400000009e-02 1.248697337289999924e-02
5.134000000000000000e+03 5.135000000000000000e+03 4.102693610100000172e-03 1.163501276810000040e-02
5.135000000000000000e+03 5.136000000000000000e+03 1.493103761600000044e-02 8.137093956600000358e-03
5.136000000000000000e+03 5.137000000000000000e+03 -1.901361920709999844e-03 7.111922592699999879e-03
5.137000000000000000e+03 5.138000000000000000e+03 7.628099371400000328e-02 2.376587505940000108e-02
5.138000000000000000e+03 5.139000000000000000e+03 5.708614811000000538e-02 2.011844187450000099e-02
5.139000000000000000e+03 5.140000000000000000e+03 4.196926243299999720e-02 1.858164406919999775e-02
5.140000000000000000e+03 5.141000000000000000e+03 8.751008725200000449e-02 1.691697457450000094e-02
5.141000000000000000e+03 5.142000000000000000e+03 1.894153005360000100e-02 2.000890028300000151e-02
5.142000000000000000e+03 5.143000000000000000e+03 2.965262332399999992e-02 1.442954020920000045e-02
5.143000000000000000e+03 5.144000000000000000e+03 2.207083110700000170e-02 1.382420323339999917e-02
5.144000000000000000e+03 5.145000000000000000e+03 2.571434964000000184e-02 1.212413044439999976e-02
5.145000000000000000e+03 5.146000000000000000e+03 1.737072792550000203e-02 1.127867805499999966e-02
5.146000000000000000e+03 5.147000000000000000e+03 1.100015036819999847e-02 7.475828759100000206e-03
5.147000000000000000e+03 5.148000000000000000e+03 1.777814803960999944e-03 6.124350522899999968e-03
5.148000000000000000e+03 5.149000000000000000e+03 1.809634853820999909e-02 2.599102656060000086e-02
5.149000000000000000e+03 5.150000000000000000e+03 1.207083520689999911e-02 2.687099484329999802e-02
5.150000000000000000e+03 5.151000000000000000e+03 3.460242170700000147e-02 1.862397364460000038e-02
5.151000000000000000e+03 5.152000000000000000e+03 3.177811636460000505e-02 2.075320364739999951e-02
5.152000000000000000e+03 5.153000000000000000e+03 2.984019466069999862e-02 1.854497984679999781e-02
5.153000000000000000e+03 5.154000000000000000e+03 2.477196900899999998e-02 1.382712048949999960e-02
5.154000000000000000e+03 5.155000000000000000e+03 1.867080796000000070e-02 1.302428197820000057e-02
5.155000000000000000e+03 5.156000000000000000e+03 1.246199004459999995e-02 1.351090872800000085e-02
5.156000000000000000e+03 5.157000000000000000e+03 6.839339976100000142e-03 1.070052448129999931e-02
5.157000000000000000e+03 5.158000000000000000e+03 1.894232878599999906e-02 7.549981012799999655e-03
5.158000000000000000e+03 5.159000000000000000e+03 6.966380043499999924e-03 5.727299932799999500e-03
5.159000000000000000e+03 5.160000000000000000e+03 4.480847378899999872e-02 2.384466585350000084e-02
5.160000000000000000e+03 5.161000000000000000e+03 1.970730446110000034e-02 2.627900331839999951e-02
5.161000000000000000e+03 5.162000000000000000e+03 7.647325222999999672e-02 2.041663473539999732e-02
5.162000000000000000e+03 5.163000000000000000e+03 4.732062023599999806e-02 2.205985132099999926e-02
5.163000000000000000e+03 5.164000000000000000e+03 7.944679170000000512e-02 1.821170874999999967e-02
5.164000000000000000e+03 5.165000000000000000e+03 2.433498056199999773e-02 1.478727209629999984e-02
5.165000000000000000e+03 5.166000000000000000e+03 2.448361306099999801e-02 1.320091187459999926e-02
5.166000000000000000e+03 5.167000000000000000e+03 -3.414800241999999854e-04 1.229041427860000021e-02
5.167000000000000000e+03 5.168000000000000000e+03 1.640722066700000051e-02 1.038569709359999857e-02
5.168000000000000000e+03 5.169000000000000000e+03 1.150617853669999927e-02 7.636742268999999542e-03
5.169000000000000000e+03 5.170000000000000000e+03 1.423042984350000005e-02 7.507148337099999770e-03
5.170000000000000000e+03 5.171000000000000000e+03 3.951019964500000758e-03 2.702463737870000257e-02
5.171000000000000000e+03 5.172000000000000000e+03 1.380133593429999986e-02 2.053302565850000094e-02
5.172000000000000000e+03 5.173000000000000000e+03 5.901797340840000267e-02 2.527499082380000109e-02
5.173000000000000000e+03 5.174000000000000000e+03 2.764569982600000031e-02 2.032833405840000010e-02
5.174000000000000000e+03 5.175000000000000000e+03 4.381551816249999731e-02 1.575421743489999887e-02
5.175000000000000000e+03 5.176000000000000000e+03 1.101533978520000123e-02 1.240217367329999980e-02
5.176000000000000000e+03 5.177000000000000000e+03 2.671436700200000014e-02 1.404804098970000026e-02
5.177000000000000000e+03 5.178000000000000000e+03 1.911656151899999989e-02 1.274878605529999875e-02
5.178000000000000000e+03 5.179000000000000000e+03 1.759526021790000158e-02 8.961755142299999977e-03
5.179000000000000000e+03 5.180000000000000000e+03 1.232014615599999995e-02 8.622203229700000499e-03
5.180000000000000000e+03 5.181000000000000000e+03 1.527162868999999874e-02 6.542494572300000186e-03
5.181000000000000000e+03 5.182000000000000000e+03 3.708364986560000465e-02 2.570885465689999941e-02
5.182000000000000000e+03 5.183000000000000000e+03 2.641301370399999973e-02 2.083711273140000098e-02
5.183000000000000000e+03 5.184000000000000000e+03 6.029738285800000097e-02 2.038147074740000175e-02
5.184000000000000000e+03 5.185000000000000000e+03 3.469184608599999720e-02 1.864539872719999866e-02
5.185000000000000000e+03 5.186000000000000000e+03 4.397152476499999879e-02 1.601191502150000126e-02
5.186000000000000000e+03 5.187000000000000000e+03 3.034817387999999908e-02 1.378263388759999944e-02
5.187000000000000000e+03 5.188000000000000000e+03 6.755384503200000113e-02 1.503259900999999975e-02
5.188000000000000000e+03 5.189000000000000000e+03 2.813494715400000068e-02 1.292687338410000025e-02
5.189000000000000000e+03 5.190000000000000000e+03 2.777263743100000237e-02 9.237792047999999687e-03
5.190000000000000000e+03 5.191000000000000000e+03 -5.468821624099999557e-03 8.312497055500000717e-03
5.191000000000000000e+03 5.192000000000000000e+03 -1.456551915100000056e-03 6.538242152600000009e-03
5.192000000000000000e+03 5.193000000000000000e+03 2.885016958320000061e-02 2.390088061929999952e-02
5.193000000000000000e+03 5.194000000000000000e+03 2.779847449999999984e-02 1.967551317020000204e-02
5.194000000000000000e+03 5.195000000000000000e+03 4.773008072800000168e-02 2.139149269170000089e-02
5.195000000000000000e+03 5.196000000000000000e+03 3.915426092000000302e-02 1.811646472629999810e-02
5.196000000000000000e+03 5.197000000000000000e+03 3.599242945100000063e-02 1.681430370990000256e-02
5.197000000000000000e+03 5.198000000000000000e+03 5.018783949200000122e-02 1.541760422440000000e-02
5.198000000000000000e+03 5.199000000000000000e+03 4.478689727900000798e-03 1.381549539010000147e-02
5.199000000000000000e+03 5.200000000000000000e+03 2.720861718599999757e-02 1.071280875869999941e-02
5.200000000000000000e+03 5.201000000000000000e+03 2.311597328699999815e-02 9.292611368299999106e-03
5.201000000000000000e+03 5.202000000000000000e+03 1.660573883599999676e-02 7.750303504799999597e-03
5.202000000000000000e+03 5.203000000000000000e+03 1.848050508241000020e-03 7.113268556299999837e-03
5.203000000000000000e+03 5.204000000000000000e+03 3.335144101279999967e-02 2.505974734790000075e-02
5.204000000000000000e+03 5.205000000000000000e+03 5.980209283000000042e-02 2.067154473179999910e-02
5.205000000000000000e+03 5.206000000000000000e+03 2.745575667213000226e-02 1.976363321329999839e-02
5.206000000000000000e+03 5.207000000000000000e+03 4.539768149199999853e-02 1.863176724640000156e-02
5.207000000000000000e+03 5.208000000000000000e+03 4.247749645049999495e-02 1.670938693150000182e-02
5.208000000000000000e+03 5.209000000000000000e+03 2.681510704800000103e-02 1.481740752700000038e-02
5.209000000000000000e+03 5.210000000000000000e+03 6.120719002899999844e-02 1.266394387369999992e-02
5.210000000000000000e+03 5.211000000000000000e+03 3.124686263700000161e-02 1.104527264990000021e-02
5.211000000000000000e+03 5.212000000000000000e+03 1.951821291700000030e-02 1.023981762590000025e-02
5.212000000000000000e+03 5.213000000000000000e+03 1.835940544199999788e-02 7.486892539299999823e-03
5.213000000000000000e+03 5.214000000000000000e+03 1.454368899580000055e-02 5.911940733600000268e-03
5.214000000000000000e+03 5.215000000000000000e+03 3.661888119649999579e-02 2.230864555619999773e-02
5.215000000000000000e+03 5.216000000000000000e+03 3.328316641939999682e-02 1.853394614679999830e-02
5.216000000000000000e+03 5.217000000000000000e+03 4.049791971600000262e-02 1.963126502910000210e-02
5.217000000000000000e+03 5.218000000000000000e+03 5.168497560500000254e-02 1.716084193919999862e-02
5.218000000000000000e+03 5.219000000000000000e+03 3.601999357999999957e-02 1.458223483389999887e-02
5.219000000000000000e+03 5.220000000000000000e+03 4.783954663699999804e-02 1.457655568969999996e-02
5.220000000000000000e+03 5.221000000000000000e+03 1.565539382239999888e-02 1.239292249949999931e-02
5.221000000000000000e+03 5.222000000000000000e+03 2.646451835599999969e-02 1.151735144200000116e-02
5.222000000000000000e+03 5.223000000000000000e+03 2.622407213200000226e-02 9.795324601600000070e-03
5.223000000000000000e+03 5.224000000000000000e+03 2.125518675299999799e-02 8.881522334100000471e-03
5.224000000000000000e+03 5.225000000000000000e+03 3.057371286899999985e-03 4.910331337299999981e-03
5.225000000000000000e+03 5.226000000000000000e+03 5.612122431479999590e-02 2.068570648570000267e-02
5.226000000000000000e+03 5.227000000000000000e+03 4.869708480330000450e-02 2.028705479739999901e-02
5.227000000000000000e+03 5.228000000000000000e+03 4.560798200309999773e-02 2.112391328900000212e-02
5.228000000000000000e+03 5.229000000000000000e+03 8.516438728899999866e-02 1.917939361649999980e-02
5.229000000000000000e+03 5.230000000000000000e+03 5.888933732999999948e-02 1.651913264390000163e-02
5.230000000000000000e+03 5.231000000000000000e+03 2.424948474349999938e-02 1.687522663800000017e-02
5.231000000000000000e+03 5.232000000000000000e+03 1.733932583599999758e-02 1.323844741590000061e-02
5.232000000000000000e+03 5.233000000000000000e+03 3.002139899599999898e-02 1.106963694700000000e-02
5.233000000000000000e+03 5.234000000000000000e+03 1.359956537029999996e-02 8.047509075100000436e-03
5.234000000000000000e+03 5.235000000000000000e+03 1.432851918799999888e-02 6.743146452799999961e-03
5.235000000000000000e+03 5.236000000000000000e+03 -1.788390782500000071e-03 5.030189923800000053e-03
5.236000000000000000e+03 5.237000000000000000e+03 8.020544446600000321e-02 2.374033339210000065e-02
5.237000000000000000e+03 5.238000000000000000e+03 2.593124852400000013e-02 2.290090110160000053e-02
5.238000000000000000e+03 5.239000000000000000e+03 7.269560677600001020e-02 2.190031319699999729e-02
5.239000000000000000e+03 5.240000000000000000e+03 4.387370074000000036e-02 1.821216713590000091e-02
5.240000000000000000e+03 5.241000000000000000e+03 2.280807127349999963e-02 1.655965239240000247e-02
5.241000000000000000e+03 5.242000000000000000e+03 2.981330403399999954e-02 2.026240667899999875e-02
5.242000000000000000e+03 5.243000000000000000e+03 2.729148859439999714e-02 1.286219178150000038e-02
5.243000000000000000e+03 5.244000000000000000e+03 1.667101339049999881e-02 1.128500035370000147e-02
5.244000000000000000e+03 5.245000000000000000e+03 2.612673324999999908e-02 9.060528389699999685e-03
5.245000000000000000e+03 5.246000000000000000e+03 1.237729557909999882e-02 8.112490371799998753e-03
5.246000000000000000e+03 5.247000000000000000e+03 2.195231443739999785e-03 5.585824092300000626e-03
5.247000000000000000e+03 5.248000000000000000e+03 5.905878051699999659e-02 2.149100468599999744e-02
5.248000000000000000e+03 5.249000000000000000e+03 6.026831670000000474e-02 1.858079982230000093e-02
5.249000000000000000e+03 5.250000000000000000e+03 2.220125788300000153e-02 1.679024460569999988e-02
5.250000000000000000e+03 5.251000000000000000e+03 2.851951852319999786e-02 1.748929059890000012e-02
5.251000000000000000e+03 5.252000000000000000e+03 2.941326216930000015e-02 1.741305955410000009e-02
5.252000000000000000e+03 5.253000000000000000e+03 2.995460976300000008e-02 1.763024650020000167e-02
5.253000000000000000e+03 5.254000000000000000e+03 6.258991751900000455e-02 1.317732799350000011e-02
5.254000000000000000e+03 5.255000000000000000e+03 2.382436288810000150e-02 1.139106937919999972e-02
5.255000000000000000e+03 5.256000000000000000e+03 1.486625726649999993e-02 9.181267133400001015e-03
5.256000000000000000e+03 5.257000000000000000e+03 9.118890845500000897e-03 8.555299050300000860e-03
5.257000000000000000e+03 5.258000000000000000e+03 9.082575279200000642e-03 5.628761801500000404e-03
5.258000000000000000e+03 5.259000000000000000e+03 1.510074424398000041e-02 2.376346605219999825e-02
5.259000000000000000e+03 5.260000000000000000e+03 4.692357884599999973e-02 1.947398210090000095e-02
5.260000000000000000e+03 5.261000000000000000e+03 2.668319062689999965e-02 1.744879169490000034e-02
5.261000000000000000e+03 5.262000000000000000e+03 3.900233221100000286e-02 1.906029676290000099e-02
5.262000000000000000e+03 5.263000000000000000e+03 9.218225402999999721e-03 1.665978840979999778e-02
5.263000000000000000e+03 5.264000000000000000e+03 4.784979053400000015e-02 1.513558406979999965e-02
5.264000000000000000e+03 5.265000000000000000e+03 2.258547089700000191e-02 1.475967434700000032e-02
5.265000000000000000e+03 5.266000000000000000e+03 2.536476182499999843e-02 1.077253270419999999e-02
5.266000000000000000e+03 5.267000000000000000e+03 2.865165599000000021e-02 1.006868667390000034e-02
5.267000000000000000e+03 5.268000000000000000e+03 1.227825654448000056e-02 8.957202305399999606e-03
5.268000000000000000e+03 5.269000000000000000e+03 2.703322294100000186e-03 4.844584690499999929e-03
5.269000000000000000e+03 5.270000000000000000e+03 6.048843709400000129e-02 2.350825582849999998e-02
5.270000000000000000e+03 5.271000000000000000e+03 5.430264463520000084e-02 2.105405170819999935e-02
5.271000000000000000e+03 5.272000000000000000e+03 9.723631464799998778e-03 1.863375279289999908e-02
5.272000000000000000e+03 5.273000000000000000e+03 5.348674211200000334e-02 1.728119545630000045e-02
5.273000000000000000e+03 5.274000000000000000e+03 1.718557306389999900e-02 1.704350968759999960e-02
5.274000000000000000e+03 5.275000000000000000e+03 4.111132788299999563e-02 1.421813729819999990e-02
5.275000000000000000e+03 5.276000000000000000e+03 2.254338624399999935e-02 1.541400065330000152e-02
5.276000000000000000e+03 5.277000000000000000e+03 2.239323899510000174e-02 9.939223004000000486e-03
5.277000000000000000e+03 5.278000000000000000e+03 2.067679879899999781e-02 9.645298891500000624e-03
5.278000000000000000e+03 5.279000000000000000e+03 1.091561466370000004e-02 6.203970657699999988e-03
5.279000000000000000e+03 5.280000000000000000e+03 1.086686543490000129e-02 6.150172888699999632e-03
5.280000000000000000e+03 5.281000000000000000e+03 2.637776639320000074e-02 1.980162397040000077e-02
5.281000000000000000e+03 5.282000000000000000e+03 7.133662378399999171e-02 2.108763679579999870e-02
5.282000000000000000e+03 5.283000000000000000e+03 3.001916471219999785e-02 1.578302872129999992e-02
5.283000000000000000e+03 5.284000000000000000e+03 3.664068678699999859e-02 1.559567553689999997e-02
5.284000000000000000e+03 5.285000000000000000e+03 5.918392723300000546e-02 1.623030477169999999e-02
5.285000000000000000e+03 5.286000000000000000e+03 2.468430882300000004e-02 1.379328326979999998e-02
5.286000000000000000e+03 5.287000000000000000e+03 3.083967408880000302e-02 1.349389639510000134e-02
5.287000000000000000e+03 5.288000000000000000e+03 7.850236808299999869e-03 1.074445591970000016e-02
5.288000000000000000e+03 5.289000000000000000e+03 4.711585750599999595e-02 1.181033926309999968e-02
5.289000000000000000e+03 5.290000000000000000e+03 2.273708761100000017e-02 6.326440209000000481e-03
5.290000000000000000e+03 5.291000000000000000e+03 -5.555436301399999978e-03 4.803469112500000082e-03
5.291000000000000000e+03 5.292000000000000000e+03 8.006540139300000192e-02 2.077685433940000201e-02
5.292000000000000000e+03 5.293000000000000000e+03 2.123220199249999801e-02 2.099762710650000114e-02
5.293000000000000000e+03 5.294000000000000000e+03 4.084905125280000049e-02 1.873337009400000142e-02
5.294000000000000000e+03 5.295000000000000000e+03 6.881499141199999559e-02 1.670183646230000152e-02
5.295000000000000000e+03 5.296000000000000000e+03 8.432282507100000157e-03 1.454508535730000135e-02
5.296000000000000000e+03 5.297000000000000000e+03 2.606463301399999932e-02 1.322744181900000100e-02
5.297000000000000000e+03 5.298000000000000000e+03 3.567285114499999660e-02 1.121332353060000044e-02
5.298000000000000000e+03 5.299000000000000000e+03 5.291009410899999953e-03 1.340490304849999842e-02
5.299000000000000000e+03 5.300000000000000000e+03 -5.526503231400000174e-03 1.094855413690000098e-02
5.300000000000000000e+03 5.301000000000000000e+03 7.412306743800000340e-03 7.336874958899999508e-03
5.301000000000000000e+03 5.302000000000000000e+03 1.015329888980000088e-02 4.450416339300000863e-03
5.302000000000000000e+03 5.303000000000000000e+03 5.134722105800000255e-03 2.071114150529999864e-02
5.303000000000000000e+03 5.304000000000000000e+03 2.017281382049999905e-02 2.014861071980000168e-02
5.304000000000000000e+03 5.305000000000000000e+03 4.152429438799999650e-02 1.754094176870000035e-02
5.305000000000000000e+03 5.306000000000000000e+03 3.439906804300000426e-02 1.621759975079999777e-02
5.306000000000000000e+03 5.307000000000000000e+03 2.472603066199999949e-02 1.682901018150000094e-02
5.307000000000000000e+03 5.308000000000000000e+03 1.919303975100000031e-02 1.405994455169999949e-02
5.308000000000000000e+03 5.309000000000000000e+03 2.426570298999999875e-02 1.197817599399999926e-02
5.309000000000000000e+03 5.310000000000000000e+03 3.252428711600000022e-02 1.218386789299999960e-02
5.310000000000000000e+03 5.311000000000000000e+03 2.190493616400000093e-02 9.471406486100000452e-03
5.311000000000000000e+03 5.312000000000000000e+03 9.698936448700000781e-03 8.675697922900000789e-03
5.312000000000000000e+03 5.313000000000000000e+03 9.562537023000000636e-03 5.022657732400000706e-03
5.313000000000000000e+03 5.314000000000000000e+03 5.155739377380000321e-02 1.793599899659999858e-02
5.314000000000000000e+03 5.315000000000000000e+03 5.389771440200000208e-02 2.112695390509999882e-02
5.315000000000000000e+03 5.316000000000000000e+03 6.002896988800000139e-02 2.070060108340000121e-02
5.316000000000000000e+03 5.317000000000000000e+03 2.769091556139999938e-02 1.685661013630000010e-02
5.317000000000000000e+03 5.318000000000000000e+03 5.357142766800000039e-02 1.793294065200000051e-02
5.318000000000000000e+03 5.319000000000000000e+03 2.708506197499999796e-02 1.243538019450000053e-02
5.319000000000000000e+03 5.320000000000000000e+03 4.348291108300000180e-02 1.211694505320000045e-02
5.320000000000000000e+03 5.321000000000000000e+03 1.342559055840000098e-02 1.107449623649999979e-02
5.321000000000000000e+03 5.322000000000000000e+03 -1.071983027600000070e-03 8.109585525799999778e-03
5.322000000000000000e+03 5.323000000000000000e+03 1.294301995000000016e-04 6.705475693400000416e-03
5.323000000000000000e+03 5.324000000000000000e+03 -1.465747045530000009e-03 5.083172606599999782e-03
5.324000000000000000e+03 5.325000000000000000e+03 3.326780326820000244e-02 1.814828409129999945e-02
5.325000000000000000e+03 5.326000000000000000e+03 3.098438508769999974e-02 2.041697961179999785e-02
5.326000000000000000e+03 5.327000000000000000e+03 3.988931540300000300e-02 2.120593685900000122e-02
5.327000000000000000e+03 5.328000000000000000e+03 4.705066850999999745e-02 1.545105536520000045e-02
5.328000000000000000e+03 5.329000000000000000e+03 2.058637877900000232e-02 1.841434444170000212e-02
5.329000000000000000e+03 5.330000000000000000e+03 4.725893176700000226e-02 1.193602015680000038e-02
5.330000000000000000e+03 5.331000000000000000e+03 3.568417092199999835e-02 1.109151138340000106e-02
5.331000000000000000e+03 5.332000000000000000e+03 2.565642253299999995e-02 1.151938729820000014e-02
5.332000000000000000e+03 5.333000000000000000e+03 2.552305779699999902e-02 1.063717234379999918e-02
5.333000000000000000e+03 5.334000000000000000e+03 1.529171651739999992e-02 7.185290481700000627e-03
5.334000000000000000e+03 5.335000000000000000e+03 -3.519281420300000070e-03 5.067837640499999775e-03
5.335000000000000000e+03 5.336000000000000000e+03 5.897532184209999806e-02 2.027522429679999919e-02
5.336000000000000000e+03 5.337000000000000000e+03 1.064881444720000049e-02 2.367068664000000072e-02
5.337000000000000000e+03 5.338000000000000000e+03 5.961049573200000173e-02 1.711615274969999906e-02
5.338000000000000000e+03 5.339000000000000000e+03 2.618619483219999933e-02 1.885439657399999927e-02
5.339000000000000000e+03 5.340000000000000000e+03 1.231135722899999972e-02 1.602629333240000037e-02
5.340000000000000000e+03 5.341000000000000000e+03 4.184928165699999814e-02 1.547313984969999993e-02
5.341000000000000000e+03 5.342000000000000000e+03 5.757721509600000065e-02 1.437367932669999897e-02
5.342000000000000000e+03 5.343000000000000000e+03 3.493258135800000191e-02 1.122694539949999938e-02
5.343000000000000000e+03 5.344000000000000000e+03 8.565111235799999570e-03 8.441197174800000105e-03
5.344000000000000000e+03 5.345000000000000000e+03 1.197456158399999929e-02 6.606896167099999759e-03
5.345000000000000000e+03 5.346000000000000000e+03 2.680532800700000020e-03 4.788074615599999598e-03
5.346000000000000000e+03 5.347000000000000000e+03 2.968429569299999710e-02 1.931563846259999953e-02
5.347000000000000000e+03 5.348000000000000000e+03 -3.781504693999999923e-04 2.142023655940000076e-02
5.348000000000000000e+03 5.349000000000000000e+03 5.179878075600000131e-02 1.618097509840000017e-02
5.349000000000000000e+03 5.350000000000000000e+03 3.542392503800000092e-02 1.772509454689999778e-02
5.350000000000000000e+03 5.351000000000000000e+03 2.982881051899999997e-02 1.484557750090000072e-02
5.351000000000000000e+03 5.352000000000000000e+03 2.528044257400000050e-02 1.340660727479999967e-02
5.352000000000000000e+03 5.353000000000000000e+03 2.053395547939999843e-02 1.387319502450000061e-02
5.353000000000000000e+03 5.354000000000000000e+03 1.381606991040000045e-02 1.055820209550000117e-02
5.354000000000000000e+03 5.355000000000000000e+03 9.881251595500000189e-04 9.581313716600000849e-03
5.355000000000000000e+03 5.356000000000000000e+03 7.880519577400000100e-03 6.413122095100000190e-03
5.356000000000000000e+03 5.357000000000000000e+03 3.732610846800000267e-03 4.932569034100000097e-03
5.357000000000000000e+03 5.358000000000000000e+03 2.314092044489999764e-02 1.924953752059999773e-02
5.358000000000000000e+03 5.359000000000000000e+03 3.933854631680000491e-02 2.133334176339999819e-02
5.359000000000000000e+03 5.360000000000000000e+03 7.078975086699999808e-02 1.764721461019999951e-02
5.360000000000000000e+03 5.361000000000000000e+03 6.091357373100000222e-02 1.658416013689999885e-02
5.361000000000000000e+03 5.362000000000000000e+03 4.118914581999999491e-02 1.497855034170000009e-02
5.362000000000000000e+03 5.363000000000000000e+03 1.669901129499999984e-02 1.475767100539999988e-02
5.363000000000000000e+03 5.364000000000000000e+03 2.725857439050000108e-02 1.221098106939999886e-02
5.364000000000000000e+03 5.365000000000000000e+03 1.513016188300000085e-02 1.030442659780000068e-02
5.365000000000000000e+03 5.366000000000000000e+03 1.247047789749800017e-02 9.425052649300000654e-03
5.366000000000000000e+03 5.367000000000000000e+03 7.791122563500000285e-03 5.939547286300000083e-03
5.367000000000000000e+03 5.368000000000000000e+03 6.748126389300000347e-03 4.418077823999999598e-03
5.368000000000000000e+03 5.369000000000000000e+03 6.015465887399999712e-02 2.014644727580000225e-02
5.369000000000000000e+03 5.370000000000000000e+03 1.542473837829999930e-02 2.462903658089999823e-02
5.370000000000000000e+03 5.371000000000000000e+03 2.219364832719999958e-02 1.776743372489999681e-02
5.371000000000000000e+03 5.372000000000000000e+03 3.942721048600000139e-02 1.775599202159999779e-02
5.372000000000000000e+03 5.373000000000000000e+03 1.947621794510000226e-02 1.339010094889999877e-02
5.373000000000000000e+03 5.374000000000000000e+03 4.818575832900000300e-02 1.292600783899999946e-02
5.374000000000000000e+03 5.375000000000000000e+03 4.216867216199999407e-02 1.081710693739999958e-02
5.375000000000000000e+03 5.376000000000000000e+03 2.313233475500000094e-02 1.130658788440000104e-02
5.376000000000000000e+03 5.377000000000000000e+03 2.314247157200000071e-02 9.457965060899999055e-03
5.377000000000000000e+03 5.378000000000000000e+03 1.012053950150000083e-02 6.979842504300000187e-03
5.378000000000000000e+03 5.379000000000000000e+03 1.160387031600000098e-02 4.793174272200000259e-03
5.379000000000000000e+03 5.380000000000000000e+03 5.564872842730000241e-02 2.236795772599999704e-02
5.380000000000000000e+03 5.381000000000000000e+03 3.077509928360000133e-02 1.837221935660000166e-02
5.381000000000000000e+03 5.382000000000000000e+03 5.444606019400000108e-02 1.783660884069999952e-02
5.382000000000000000e+03 5.383000000000000000e+03 4.356725332200000328e-02 1.550981496770000023e-02
5.383000000000000000e+03 5.384000000000000000e+03 4.005397627829999918e-02 1.778715532880000005e-02
5.384000000000000000e+03 5.385000000000000000e+03 3.400629950600000256e-02 1.354481474180000040e-02
5.385000000000000000e+03 5.386000000000000000e+03 2.712042898300000282e-02 1.103221538479999889e-02
5.386000000000000000e+03 5.387000000000000000e+03 9.549458893999999282e-03 1.128125745000000020e-02
5.387000000000000000e+03 5.388000000000000000e+03 7.962241372972000616e-03 8.945560777100000638e-03
5.388000000000000000e+03 5.389000000000000000e+03 2.284505387200000057e-02 7.295942603200000071e-03
5.389000000000000000e+03 5.390000000000000000e+03 1.199396786809999935e-02 4.337665959100000038e-03
5.390000000000000000e+03 5.391000000000000000e+03 2.151072038690000215e-02 1.781164362710000240e-02
5.391000000000000000e+03 5.392000000000000000e+03 4.651963932659999856e-02 1.856563631719999885e-02
5.392000000000000000e+03 5.393000000000000000e+03 5.700256336300000420e-02 2.099896812810000263e-02
5.393000000000000000e+03 5.394000000000000000e+03 4.741041610459999917e-02 1.505761068019999954e-02
5.394000000000000000e+03 5.395000000000000000e+03 3.556878755600000053e-02 1.587816629319999812e-02
5.395000000000000000e+03 5.396000000000000000e+03 2.643383909199999854e-02 1.444681495989999856e-02
5.396000000000000000e+03 5.397000000000000000e+03 4.564788186299999911e-02 1.277700572549999962e-02
5.397000000000000000e+03 5.398000000000000000e+03 3.559942656800000466e-02 9.093479024199999441e-03
5.398000000000000000e+03 5.399000000000000000e+03 9.027635608000000823e-04 9.140728984600001231e-03
5.399000000000000000e+03 5.400000000000000000e+03 1.676071041200000167e-02 6.454050130299999327e-03
5.400000000000000000e+03 5.401000000000000000e+03 -3.908935322200000721e-03 3.756195289700000033e-03
5.401000000000000000e+03 5.402000000000000000e+03 6.455732405950000141e-02 1.990012741259999940e-02
5.402000000000000000e+03 5.403000000000000000e+03 9.913984557300000236e-03 2.021397105060000060e-02
5.403000000000000000e+03 5.404000000000000000e+03 5.045331516599999705e-02 1.872129888410000234e-02
5.404000000000000000e+03 5.405000000000000000e+03 4.023102065699999536e-02 1.735939913100000009e-02
5.405000000000000000e+03 5.406000000000000000e+03 6.648291458072000219e-03 1.463097404740000031e-02
5.406000000000000000e+03 5.407000000000000000e+03 6.546164639499999979e-03 1.464273208179999938e-02
5.407000000000000000e+03 5.408000000000000000e+03 1.801658504979999909e-02 1.175714676559999963e-02
5.408000000000000000e+03 5.409000000000000000e+03 2.756417198900000184e-02 8.900385852899999131e-03
5.409000000000000000e+03 5.410000000000000000e+03 1.275601103000000014e-02 7.387971232799999885e-03
5.410000000000000000e+03 5.411000000000000000e+03 3.307737068400000337e-03 6.171405753899999319e-03
5.411000000000000000e+03 5.412000000000000000e+03 1.261009336885000149e-03 4.221574096600000207e-03
5.412000000000000000e+03 5.413000000000000000e+03 5.233889950099999966e-02 2.098283688749999834e-02
5.413000000000000000e+03 5.414000000000000000e+03 5.579289752000000241e-02 1.851756349680000122e-02
5.414000000000000000e+03 5.415000000000000000e+03 4.566981368879999975e-02 1.526940566800000058e-02
5.415000000000000000e+03 5.416000000000000000e+03 3.667190425999999892e-02 1.515394539369999995e-02
5.416000000000000000e+03 5.417000000000000000e+03 2.978669806799999834e-02 1.531385784140000018e-02
5.417000000000000000e+03 5.418000000000000000e+03 2.642131785999999802e-02 1.424137064640000096e-02
5.418000000000000000e+03 5.419000000000000000e+03 2.535311365299999786e-02 1.246182111149999987e-02
5.419000000000000000e+03 5.420000000000000000e+03 3.494123503800000002e-02 9.820219303200001387e-03
5.420000000000000000e+03 5.421000000000000000e+03 1.667118924380000047e-02 7.676295899999999520e-03
5.421000000000000000e+03 5.422000000000000000e+03 1.400818378020000053e-02 7.716870128899999855e-03
5.422000000000000000e+03 5.423000000000000000e+03 2.912287366249999895e-03 4.643301962600000429e-03
5.423000000000000000e+03 5.424000000000000000e+03 3.459254645999999844e-04 2.195984557139999890e-02
5.424000000000000000e+03 5.425000000000000000e+03 5.196711389789999969e-02 1.980161574839999980e-02
5.425000000000000000e+03 5.426000000000000000e+03 3.415705040400000142e-02 1.435127250029999933e-02
5.426000000000000000e+03 5.427000000000000000e+03 1.715756974909999830e-02 1.719493677599999784e-02
5.427000000000000000e+03 5.428000000000000000e+03 3.600871663500000014e-02 1.500903891769999991e-02
5.428000000000000000e+03 5.429000000000000000e+03 2.879549248899999914e-02 1.265109936409999913e-02
5.429000000000000000e+03 5.430000000000000000e+03 3.835347831699999904e-02 1.255459692720000027e-02
5.430000000000000000e+03 5.431000000000000000e+03 1.980605603000000145e-02 9.794620754099999868e-03
5.431000000000000000e+03 5.432000000000000000e+03 1.422845955460000020e-02 8.376679535899999446e-03
5.432000000000000000e+03 5.433000000000000000e+03 8.318602773499999756e-03 6.895430664500000299e-03
5.433000000000000000e+03 5.434000000000000000e+03 5.850232383700000073e-03 4.618473879500000281e-03
5.434000000000000000e+03 5.435000000000000000e+03 4.276423038059999626e-02 1.886157894539999824e-02
5.435000000000000000e+03 5.436000000000000000e+03 3.261887377089999623e-02 1.835651764200000105e-02
5.436000000000000000e+03 5.437000000000000000e+03 5.236982167100000252e-02 1.881200311160000083e-02
5.437000000000000000e+03 5.438000000000000000e+03 6.657245779999999835e-02 1.662286393870000129e-02
5.438000000000000000e+03 5.439000000000000000e+03 2.956987210500000227e-02 1.237313965870000081e-02
5.439000000000000000e+03 5.440000000000000000e+03 3.597008764400000391e-02 1.365463309150000137e-02
5.440000000000000000e+03 5.441000000000000000e+03 2.472337661499999714e-02 1.143911129849999909e-02
5.441000000000000000e+03 5.442000000000000000e+03 2.619965058299999951e-03 1.021294591159999966e-02
5.442000000000000000e+03 5.443000000000000000e+03 1.957855565700000050e-02 7.892787833000000641e-03
5.443000000000000000e+03 5.444000000000000000e+03 1.251781735589999923e-02 6.410116809399999706e-03
5.444000000000000000e+03 5.445000000000000000e+03 3.601644494300000002e-03 5.179511254700000164e-03
5.445000000000000000e+03 5.446000000000000000e+03 2.219118397339999924e-02 1.651784250359999984e-02
5.446000000000000000e+03 5.447000000000000000e+03 4.646135177300000224e-02 1.931182762129999772e-02
5.447000000000000000e+03 5.448000000000000000e+03 3.746909776670000192e-02 1.810996320370000107e-02
5.448000000000000000e+03 5.449000000000000000e+03 5.369095423400000594e-02 1.449205592539999990e-02
5.449000000000000000e+03 5.450000000000000000e+03 1.199978887909999847e-02 1.556138870830000090e-02
5.450000000000000000e+03 5.451000000000000000e+03 2.354840038800000077e-02 1.101935411619999958e-02
5.451000000000000000e+03 5.452000000000000000e+03 2.904566675900000297e-02 9.765307153899999495e-03
5.452000000000000000e+03 5.453000000000000000e+03 1.497267929200000146e-02 1.107435297430000090e-02
5.453000000000000000e+03 5.454000000000000000e+03 1.128354789920000059e-02 6.798448889900000382e-03
5.454000000000000000e+03 5.455000000000000000e+03 1.127160464199999934e-03 7.057796918400000008e-03
5.455000000000000000e+03 5.456000000000000000e+03 -2.255926019999999978e-04 4.504958098200000094e-03
5.456000000000000000e+03 5.457000000000000000e+03 7.196032347999999079e-02 1.720556688830000153e-02
5.457000000000000000e+03 5.458000000000000000e+03 4.998093085799999724e-02 1.719400854460000072e-02
5.458000000000000000e+03 5.459000000000000000e+03 4.306001896400000334e-02 1.591676933459999776e-02
5.459000000000000000e+03 5.460000000000000000e+03 1.984971895099999981e-02 1.523235996940000038e-02
5.460000000000000000e+03 5.461000000000000000e+03 4.823814556099999956e-02 1.284553681469999958e-02
5.461000000000000000e+03 5.462000000000000000e+03 3.457287986500000299e-02 1.189225181739999963e-02
5.462000000000000000e+03 5.463000000000000000e+03 2.832754041600000008e-02 1.073879645369999955e-02
5.463000000000000000e+03 5.464000000000000000e+03 6.650590873000000042e-03 8.575345158699999165e-03
5.464000000000000000e+03 5.465000000000000000e+03 8.315446102299998976e-03 7.188789577699999933e-03
5.465000000000000000e+03 5.466000000000000000e+03 2.227465178700000197e-03 6.360100257599999966e-03
5.466000000000000000e+03 5.467000000000000000e+03 5.718762838900000312e-03 4.094693595599999819e-03
5.467000000000000000e+03 5.468000000000000000e+03 5.795935346749999523e-02 1.973709742839999809e-02
5.468000000000000000e+03 5.469000000000000000e+03 4.975220159149999766e-02 1.914694992240000004e-02
5.469000000000000000e+03 5.470000000000000000e+03 7.701807790099999933e-03 1.393920263249999979e-02
5.470000000000000000e+03 5.471000000000000000e+03 1.774665943919999725e-02 2.140757006080000122e-02
5.471000000000000000e+03 5.472000000000000000e+03 3.291277458320000099e-02 1.524242263410000020e-02
5.472000000000000000e+03 5.473000000000000000e+03 2.907956867399999826e-02 1.233515794479999976e-02
5.473000000000000000e+03 5.474000000000000000e+03 2.958199918900000086e-02 1.010097501409999883e-02
5.474000000000000000e+03 5.475000000000000000e+03 2.593995188200000010e-02 8.625949941400000431e-03
5.475000000000000000e+03 5.476000000000000000e+03 1.938855207199999958e-02 8.463321073500000569e-03
5.476000000000000000e+03 5.477000000000000000e+03 1.305237410399999985e-02 6.182297656399999251e-03
5.477000000000000000e+03 5.478000000000000000e+03 4.904981249700000358e-03 4.615644904899999894e-03
5.478000000000000000e+03 5.479000000000000000e+03 5.032019278499999526e-03 1.871462619970000116e-02
5.479000000000000000e+03 5.480000000000000000e+03 3.687237170100000211e-02 1.974906416929999783e-02
5.480000000000000000e+03 5.481000000000000000e+03 3.072013081599999848e-02 1.323765559480000013e-02
5.481000000000000000e+03 5.482000000000000000e+03 7.496821862199999631e-02 1.644770352150000045e-02
5.482000000000000000e+03 5.483000000000000000e+03 3.826295703300000572e-02 1.453438696080000016e-02
5.483000000000000000e+03 5.484000000000000000e+03 1.113371052849999876e-02 1.364451209380000002e-02
5.484000000000000000e+03 5.485000000000000000e+03 4.353024876799999748e-02 8.735887369400001379e-03
5.485000000000000000e+03 5.486000000000000000e+03 8.454776976400001434e-03 8.774108523199999898e-03
5.486000000000000000e+03 5.487000000000000000e+03 2.798564233800000106e-02 8.769544137899999356e-03
5.487000000000000000e+03 5.488000000000000000e+03 1.098958506689999906e-02 5.951669050299999986e-03
5.488000000000000000e+03 5.489000000000000000e+03 7.627170563700000697e-03 4.534676412100000463e-03
5.489000000000000000e+03 5.490000000000000000e+03 1.932416991829999722e-02 2.109286801880000048e-02
5.490000000000000000e+03 5.491000000000000000e+03 1.544327625376999864e-02 1.582960861619999923e-02
5.491000000000000000e+03 5.492000000000000000e+03 2.968434011700000000e-02 1.770842840969999790e-02
5.492000000000000000e+03 5.493000000000000000e+03 1.937148736719999931e-02 1.361763586729999864e-02
5.493000000000000000e+03 5.494000000000000000e+03 2.957178033390000030e-02 1.459757957200000060e-02
5.494000000000000000e+03 5.495000000000000000e+03 3.732947794099999994e-02 1.115186430089999854e-02
5.495000000000000000e+03 5.496000000000000000e+03 2.053531734799999772e-02 1.061798510950000100e-02
5.496000000000000000e+03 5.497000000000000000e+03 1.528218548800000000e-02 1.060150009039999980e-02
5.497000000000000000e+03 5.498000000000000000e+03 -7.822485479000000370e-04 8.448068867899999682e-03
5.498000000000000000e+03 5.499000000000000000e+03 2.553284822600000031e-02 7.553868606499999569e-03
5.499000000000000000e+03 5.500000000000000000e+03 1.033800253399999852e-03 4.544556340700000273e-03
5.500000000000000000e+03 5.501000000000000000e+03 9.017520631399999348e-03 1.793772624279999992e-02
5.501000000000000000e+03 5.502000000000000000e+03 3.353026768700000191e-03 1.666637639990000211e-02
5.502000000000000000e+03 5.503000000000000000e+03 -7.304263814430000078e-03 1.927253501970000241e-02
5.503000000000000000e+03 5.504000000000000000e+03 5.131955158099999609e-02 1.343995785250000005e-02
5.504000000000000000e+03 5.505000000000000000e+03 3.229791713400000097e-02 1.394310147220000073e-02
5.505000000000000000e+03 5.506000000000000000e+03 1.600676699900000291e-02 1.286964206840000152e-02
5.506000000000000000e+03 5.507000000000000000e+03 2.367114771200000065e-02 1.108157317670000093e-02
5.507000000000000000e+03 5.508000000000000000e+03 1.988905044599999922e-02 9.848211680499999177e-03
5.508000000000000000e+03 5.509000000000000000e+03 1.054408497670000083e-02 7.293263146700000588e-03
5.509000000000000000e+03 5.510000000000000000e+03 6.408355043200000128e-03 6.508069655300000034e-03
5.510000000000000000e+03 5.511000000000000000e+03 4.493407365200000059e-03 4.876740420300000600e-03
5.511000000000000000e+03 5.512000000000000000e+03 2.024680305704000191e-02 1.708664083310000234e-02
5.512000000000000000e+03 5.513000000000000000e+03 2.093220610230000014e-02 1.869410003659999903e-02
5.513000000000000000e+03 5.514000000000000000e+03 1.651737773540000107e-02 1.528175529070000156e-02
5.514000000000000000e+03 5.515000000000000000e+03 5.507975273800000404e-02 1.382314564940000101e-02
5.515000000000000000e+03 5.516000000000000000e+03 5.042234838500000288e-02 1.395965948190000007e-02
5.516000000000000000e+03 5.517000000000000000e+03 4.776511152699999818e-02 1.470787795159999960e-02
5.517000000000000000e+03 5.518000000000000000e+03 1.786385413379999731e-02 9.255315753300000572e-03
5.518000000000000000e+03 5.519000000000000000e+03 1.421993642569999855e-02 1.061678792490000113e-02
5.519000000000000000e+03 5.520000000000000000e+03 2.808968395499999993e-02 6.533387291199999752e-03
5.520000000000000000e+03 5.521000000000000000e+03 -1.743680538800000115e-03 6.117049251400000047e-03
5.521000000000000000e+03 5.522000000000000000e+03 2.205987624099999943e-03 4.784951430099999847e-03
5.522000000000000000e+03 5.523000000000000000e+03 -2.756718195799999927e-03 1.749265575320000168e-02
5.523000000000000000e+03 5.524000000000000000e+03 4.607887452899999542e-02 1.768134534320000076e-02
5.524000000000000000e+03 5.525000000000000000e+03 1.565371043820000183e-02 1.358742064140000018e-02
5.525000000000000000e+03 5.526000000000000000e+03 3.102454124360000051e-02 1.726333772980000181e-02
5.526000000000000000e+03 5.527000000000000000e+03 1.754793508879999922e-02 1.589339966199999898e-02
5.527000000000000000e+03 5.528000000000000000e+03 2.506749122399999988e-02 1.301325977260000058e-02
5.528000000000000000e+03 5.529000000000000000e+03 3.636672912999999729e-02 1.122141046689999894e-02
5.529000000000000000e+03 5.530000000000000000e+03 7.058494172300000015e-03 9.056828326899999532e-03
5.530000000000000000e+03 5.531000000000000000e+03 9.399692931300000082e-03 7.785228590600000269e-03
5.531000000000000000e+03 5.532000000000000000e+03 1.721960622800000184e-03 7.323319654400000343e-03
5.532000000000000000e+03 5.533000000000000000e+03 7.877576937899999701e-03 5.000255362299999354e-03
5.533000000000000000e+03 5.534000000000000000e+03 4.558261434179999849e-02 1.669832015719999868e-02
5.534000000000000000e+03 5.535000000000000000e+03 2.883899819957999947e-02 1.691239288460000267e-02
5.535000000000000000e+03 5.536000000000000000e+03 3.387397383009999735e-02 1.460671001379999952e-02
5.536000000000000000e+03 5.537000000000000000e+03 3.026421860200000091e-02 1.717398908689999823e-02
5.537000000000000000e+03 5.538000000000000000e+03 4.780153173900000135e-02 1.411345913660000048e-02
5.538000000000000000e+03 5.539000000000000000e+03 3.767812033799999849e-02 1.377009805009999852e-02
5.539000000000000000e+03 5.540000000000000000e+03 2.183664645430000162e-02 1.150420761830000041e-02
5.540000000000000000e+03 5.541000000000000000e+03 2.103346031600000082e-02 8.414938448799999179e-03
5.541000000000000000e+03 5.542000000000000000e+03 1.653642166699999944e-02 6.420019249800000029e-03
5.542000000000000000e+03 5.543000000000000000e+03 3.863670316800000334e-03 5.800869761600000243e-03
5.543000000000000000e+03 5.544000000000000000e+03 5.134057147000000364e-05 4.368455189100000670e-03
5.544000000000000000e+03 5.545000000000000000e+03 1.534496840410000049e-02 1.797293184780000136e-02
5.545000000000000000e+03 5.546000000000000000e+03 5.108625735600000328e-02 1.416679488149999964e-02
5.546000000000000000e+03 5.547000000000000000e+03 6.528665941299999220e-02 1.920517301770000018e-02
5.547000000000000000e+03 5.548000000000000000e+03 3.291331859199999460e-02 1.470625709079999982e-02
5.548000000000000000e+03 5.549000000000000000e+03 1.914181987110000205e-02 1.389441742450000031e-02
5.549000000000000000e+03 5.550000000000000000e+03 1.283920056100000019e-02 1.345901401369999952e-02
5.550000000000000000e+03 5.551000000000000000e+03 9.009373690979999988e-03 1.046588606690000006e-02
5.551000000000000000e+03 5.552000000000000000e+03 3.985244119899999937e-02 9.254382739100000185e-03
5.552000000000000000e+03 5.553000000000000000e+03 -6.005509790399999812e-03 7.077526682099999529e-03
5.553000000000000000e+03 5.554000000000000000e+03 3.208729531100000358e-03 5.703759346200000177e-03
5.554000000000000000e+03 5.555000000000000000e+03 5.687789369700000167e-03 4.799670432899999506e-03
5.555000000000000000e+03 5.556000000000000000e+03 3.810353847489999363e-02 1.594550660970000047e-02
5.556000000000000000e+03 5.557000000000000000e+03 8.452758449499999174e-03 1.747758128149999937e-02
5.557000000000000000e+03 5.558000000000000000e+03 2.812430804940000209e-02 1.383971623990000108e-02
5.558000000000000000e+03 5.559000000000000000e+03 2.445384730929999959e-02 1.582355400869999915e-02
5.559000000000000000e+03 5.560000000000000000e+03 3.601941603699999883e-02 1.329881357769999856e-02
5.560000000000000000e+03 5.561000000000000000e+03 4.025699033900000112e-02 1.123893391579999963e-02
5.561000000000000000e+03 5.562000000000000000e+03 1.812388531199999805e-02 1.133908562829999932e-02
5.562000000000000000e+03 5.563000000000000000e+03 2.778804942999999958e-02 9.506368428999999870e-03
5.563000000000000000e+03 5.564000000000000000e+03 6.471193801999999915e-04 7.991834277499998418e-03
5.564000000000000000e+03 5.565000000000000000e+03 7.801024993000000088e-03 5.709378856999999807e-03
5.565000000000000000e+03 5.566000000000000000e+03 3.903393867400000144e-03 5.064126547100000243e-03
5.566000000000000000e+03 5.567000000000000000e+03 2.159954890610000025e-02 1.814108091190000036e-02
5.567000000000000000e+03 5.568000000000000000e+03 4.298807555550000076e-02 1.941877912720000113e-02
5.568000000000000000e+03 5.569000000000000000e+03 4.472229551149999732e-02 1.241171646199999874e-02
5.569000000000000000e+03 5.570000000000000000e+03 1.950449532650000081e-02 1.473116137899999935e-02
5.570000000000000000e+03 5.571000000000000000e+03 4.854814884899999461e-02 1.113712667840000003e-02
5.571000000000000000e+03 5.572000000000000000e+03 1.997919566800000074e-02 1.367055494659999947e-02
5.572000000000000000e+03 5.573000000000000000e+03 1.332994873060000009e-02 1.103841193189999959e-02
5.573000000000000000e+03 5.574000000000000000e+03 1.785499545469999838e-02 7.726749769000000601e-03
5.574000000000000000e+03 5.575000000000000000e+03 1.288150175679999947e-02 1.049169318079999982e-02
5.575000000000000000e+03 5.576000000000000000e+03 1.795261486609999943e-02 6.434775489499999779e-03
5.576000000000000000e+03 5.577000000000000000e+03 1.184946254039999890e-02 4.414668973400000425e-03
5.577000000000000000e+03 5.578000000000000000e+03 1.025077361039999913e-02 1.637541708809999927e-02
5.578000000000000000e+03 5.579000000000000000e+03 4.471340610019999828e-02 1.784070022199999925e-02
5.579000000000000000e+03 5.580000000000000000e+03 2.511641851420000002e-02 1.377878555110000069e-02
5.580000000000000000e+03 5.581000000000000000e+03 3.695156141860000271e-02 1.486551387080000015e-02
5.581000000000000000e+03 5.582000000000000000e+03 2.483254662899999840e-02 1.384024343040000070e-02
5.582000000000000000e+03 5.583000000000000000e+03 4.172132381300000525e-02 1.210574166929999883e-02
5.583000000000000000e+03 5.584000000000000000e+03 7.645013864899999692e-03 1.073979410949999977e-02
5.584000000000000000e+03 5.585000000000000000e+03 1.726099054699999774e-02 9.246945595799999085e-03
5.585000000000000000e+03 5.586000000000000000e+03 2.892924687199999872e-02 7.777218748800000109e-03
5.586000000000000000e+03 5.587000000000000000e+03 9.679825617399998722e-03 5.154280647399999728e-03
5.587000000000000000e+03 5.588000000000000000e+03 9.337053804599999146e-03 4.952944350899999952e-03
5.588000000000000000e+03 5.589000000000000000e+03 3.509732869539999855e-02 1.597698733290000075e-02
5.589000000000000000e+03 5.590000000000000000e+03 2.075443543990000000e-02 1.528709621469999912e-02
5.590000000000000000e+03 5.591000000000000000e+03 4.357144774370000362e-02 1.648245475929999843e-02
5.591000000000000000e+03 5.592000000000000000e+03 1.529040679090000118e-02 1.375852257430000038e-02
5.592000000000000000e+03 5.593000000000000000e+03 4.788088055600000364e-02 1.552640249590000153e-02
5.593000000000000000e+03 5.594000000000000000e+03 -5.730807576900000515e-04 1.072648541329999927e-02
5.594000000000000000e+03 5.595000000000000000e+03 1.279452144200000051e-02 1.086858460929999992e-02
5.595000000000000000e+03 5.596000000000000000e+03 1.274701162039999953e-02 7.496717877399999841e-03
5.596000000000000000e+03 5.597000000000000000e+03 7.921997526099998702e-03 7.591541431400000185e-03
5.597000000000000000e+03 5.598000000000000000e+03 1.257767375950000037e-02 5.787157916300000524e-03
5.598000000000000000e+03 5.599000000000000000e+03 1.524677061090000136e-03 3.924227996200000713e-03
5.599000000000000000e+03 5.600000000000000000e+03 3.093289446920000074e-02 1.701373817009999706e-02
5.600000000000000000e+03 5.601000000000000000e+03 3.696562153789999944e-02 1.640910613980000113e-02
5.601000000000000000e+03 5.602000000000000000e+03 3.168496275200000101e-02 1.354540708179999969e-02
5.602000000000000000e+03 5.603000000000000000e+03 2.862970602349999838e-02 1.496918013160000033e-02
5.603000000000000000e+03 5.604000000000000000e+03 4.214331676420000200e-02 1.732268778819999813e-02
5.604000000000000000e+03 5.605000000000000000e+03 2.948045751199999953e-02 1.297182423380000005e-02
5.605000000000000000e+03 5.606000000000000000e+03 2.275213256199999992e-02 1.012794408159999916e-02
5.606000000000000000e+03 5.607000000000000000e+03 2.227985175400000115e-02 9.465367971099999597e-03
5.607000000000000000e+03 5.608000000000000000e+03 2.959104876799999867e-02 6.982493016399999620e-03
5.608000000000000000e+03 5.609000000000000000e+03 1.103362295880000107e-02 4.873193446700000396e-03
5.609000000000000000e+03 5.610000000000000000e+03 2.295362687999999863e-03 3.743072223799999865e-03
5.610000000000000000e+03 5.611000000000000000e+03 5.913308172099999982e-02 1.691570958240000075e-02
5.611000000000000000e+03 5.612000000000000000e+03 3.128006558149999672e-02 1.865656020220000239e-02
5.612000000000000000e+03 5.613000000000000000e+03 3.844094912999999891e-02 1.349372682580000059e-02
5.613000000000000000e+03 5.614000000000000000e+03 4.496410093600000657e-02 1.280182457159999981e-02
5.614000000000000000e+03 5.615000000000000000e+03 2.951026311859999973e-02 1.634749989779999899e-02
5.615000000000000000e+03 5.616000000000000000e+03 8.217565807199999142e-03 1.223523072279999839e-02
5.616000000000000000e+03 5.617000000000000000e+03 2.331830011899999749e-02 1.224215762720000031e-02
5.617000000000000000e+03 5.618000000000000000e+03 1.910210892030000246e-02 7.743688997699999313e-03
5.618000000000000000e+03 5.619000000000000000e+03 2.296118478000000115e-02 6.391200211399999595e-03
5.619000000000000000e+03 5.620000000000000000e+03 4.276460497699999426e-03 5.842391845100000126e-03
5.620000000000000000e+03 5.621000000000000000e+03 -2.468094252399999876e-03 4.126553856500000082e-03
5.621000000000000000e+03 5.622000000000000000e+03 1.678972222270000078e-02 1.725561648640000154e-02
5.622000000000000000e+03 5.623000000000000000e+03 4.905284108029999562e-02 1.561887726110000076e-02
5.623000000000000000e+03 5.624000000000000000e+03 2.113254662269999778e-02 1.859142045039999941e-02
5.624000000000000000e+03 5.625000000000000000e+03 2.508293157259999795e-02 1.184192135099999994e-02
5.625000000000000000e+03 5.626000000000000000e+03 1.887192083460000058e-02 1.296215965639999947e-02
5.626000000000000000e+03 5.627000000000000000e+03 1.912221950199999992e-02 1.053438843159999923e-02
5.627000000000000000e+03 5.628000000000000000e+03 1.070824799002000061e-02 1.123272667890000062e-02
5.628000000000000000e+03 5.629000000000000000e+03 1.099461431430000073e-02 8.007477636799998841e-03
5.629000000000000000e+03 5.630000000000000000e+03 8.977629255600000358e-03 6.424656176700000061e-03
5.630000000000000000e+03 5.631000000000000000e+03 2.711509649100000280e-03 5.240601827700000666e-03
5.631000000000000000e+03 5.632000000000000000e+03 -6.801888245999999742e-03 4.111141665500000174e-03
5.632000000000000000e+03 5.633000000000000000e+03 2.699609819086000104e-02 1.792322449339999943e-02
5.633000000000000000e+03 5.634000000000000000e+03 8.939610895829999335e-03 1.623994863440000186e-02
5.634000000000000000e+03 5.635000000000000000e+03 2.898607349082000031e-02 1.533300559499999917e-02
5.635000000000000000e+03 5.636000000000000000e+03 2.376759574979999887e-02 1.371708884230000113e-02
5.636000000000000000e+03 5.637000000000000000e+03 3.435053226399999854e-02 1.155513463809999981e-02
5.637000000000000000e+03 5.638000000000000000e+03 2.269341479999999883e-02 1.168022307110000088e-02
5.638000000000000000e+03 5.639000000000000000e+03 1.945945110529999703e-02 1.016562997850000045e-02
5.639000000000000000e+03 5.640000000000000000e+03 1.334674141100000017e-02 9.651687853199999306e-03
5.640000000000000000e+03 5.641000000000000000e+03 9.907599370000000696e-03 8.537948467500000582e-03
5.641000000000000000e+03 5.642000000000000000e+03 9.655856069599998495e-03 5.853005370299999531e-03
5.642000000000000000e+03 5.643000000000000000e+03 7.546088205599999973e-03 5.038909600699999561e-03
5.643000000000000000e+03 5.644000000000000000e+03 7.308164164099999194e-02 1.866327756670000185e-02
5.644000000000000000e+03 5.645000000000000000e+03 1.986390849750000170e-03 1.503958645009999956e-02
5.645000000000000000e+03 5.646000000000000000e+03 3.386532244199999542e-02 1.340497217220000016e-02
5.646000000000000000e+03 5.647000000000000000e+03 2.270412718499999899e-02 1.648748479050000243e-02
5.647000000000000000e+03 5.648000000000000000e+03 1.450243203399999986e-02 1.490657796140000026e-02
5.648000000000000000e+03 5.649000000000000000e+03 2.061076727899999878e-02 1.038242104529999918e-02
5.649000000000000000e+03 5.650000000000000000e+03 1.817195475650000211e-02 8.775713761700000906e-03
5.650000000000000000e+03 5.651000000000000000e+03 1.315589912219999880e-02 9.613772334300000472e-03
5.651000000000000000e+03 5.652000000000000000e+03 9.132907881700000341e-03 6.498051489200000301e-03
5.652000000000000000e+03 5.653000000000000000e+03 9.080630656900000666e-03 6.046546815399999990e-03
5.653000000000000000e+03 5.654000000000000000e+03 2.376844456000000102e-04 3.724388759799999744e-03
5.654000000000000000e+03 5.655000000000000000e+03 3.801022148779999860e-02 1.615993773310000006e-02
5.655000000000000000e+03 5.656000000000000000e+03 3.863951746240000540e-02 1.472592453889999889e-02
5.656000000000000000e+03 5.657000000000000000e+03 1.729638858930000050e-02 1.429468593259999865e-02
5.657000000000000000e+03 5.658000000000000000e+03 3.982637359600000454e-02 1.435185826249999949e-02
5.658000000000000000e+03 5.659000000000000000e+03 2.182020960099999990e-02 1.319869857680000015e-02
5.659000000000000000e+03 5.660000000000000000e+03 1.134359805069999963e-02 1.101654635869999885e-02
5.660000000000000000e+03 5.661000000000000000e+03 2.089958361199999864e-03 1.135267522940000030e-02
5.661000000000000000e+03 5.662000000000000000e+03 1.877792586600000174e-02 9.157625955900000614e-03
5.662000000000000000e+03 5.663000000000000000e+03 1.450937366259999993e-02 7.492210171299999374e-03
5.663000000000000000e+03 5.664000000000000000e+03 1.410541510810000079e-02 5.428552854900000300e-03
5.664000000000000000e+03 5.665000000000000000e+03 -2.576709615050000023e-03 4.050011208199999838e-03
5.665000000000000000e+03 5.666000000000000000e+03 2.961873455139999931e-02 1.336665694570000028e-02
5.666000000000000000e+03 5.667000000000000000e+03 1.918800442284000068e-02 1.533940508250000029e-02
5.667000000000000000e+03 5.668000000000000000e+03 6.146215281100000233e-02 1.237000377139999864e-02
5.668000000000000000e+03 5.669000000000000000e+03 3.793989027219999560e-02 1.398994730919999978e-02
5.669000000000000000e+03 5.670000000000000000e+03 4.283630404500000238e-02 1.204925188429999995e-02
5.670000000000000000e+03 5.671000000000000000e+03 2.204847355300000242e-02 1.239028912390000015e-02
5.671000000000000000e+03 5.672000000000000000e+03 3.673360465000000130e-02 1.096117589310000029e-02
5.672000000000000000e+03 5.673000000000000000e+03 1.935110034599999904e-02 9.231806401399998696e-03
5.673000000000000000e+03 5.674000000000000000e+03 1.563992719980000085e-02 7.150097653400000128e-03
5.674000000000000000e+03 5.675000000000000000e+03 2.860123938000000161e-03 5.262293356000000664e-03
5.675000000000000000e+03 5.676000000000000000e+03 2.452612441499999602e-03 3.802739183799999818e-03
5.676000000000000000e+03 5.677000000000000000e+03 4.402466434779999521e-02 1.429477499100000049e-02
5.677000000000000000e+03 5.678000000000000000e+03 4.458508725799999878e-02 1.434203773200000073e-02
5.678000000000000000e+03 5.679000000000000000e+03 2.019214118689999921e-02 1.237939373680000017e-02
5.679000000000000000e+03 5.680000000000000000e+03 3.335813081600000340e-02 1.400210174330000085e-02
5.680000000000000000e+03 5.681000000000000000e+03 3.399663098990000215e-02 1.333084965209999952e-02
5.681000000000000000e+03 5.682000000000000000e+03 9.706818828900001458e-03 9.550152293399999728e-03
5.682000000000000000e+03 5.683000000000000000e+03 2.176878758559999683e-02 8.567623245400000573e-03
5.683000000000000000e+03 5.684000000000000000e+03 2.026808911989999920e-02 9.095155853600000312e-03
5.684000000000000000e+03 5.685000000000000000e+03 1.115804467759999932e-02 6.798008055499999910e-03
5.685000000000000000e+03 5.686000000000000000e+03 2.421013144300000405e-03 5.299689770700000135e-03
5.686000000000000000e+03 5.687000000000000000e+03 1.856751997089999993e-03 3.532341554599999645e-03
5.687000000000000000e+03 5.688000000000000000e+03 2.227552037249999964e-02 1.767368958919999719e-02
5.688000000000000000e+03 5.689000000000000000e+03 2.241240542750000050e-02 1.746999984829999963e-02
5.689000000000000000e+03 5.690000000000000000e+03 4.893996276019999675e-02 1.409808818879999988e-02
5.690000000000000000e+03 5.691000000000000000e+03 9.803976638900001317e-03 1.159245269149999924e-02
5.691000000000000000e+03 5.692000000000000000e+03 2.997048793300000069e-02 1.123037177029999854e-02
5.692000000000000000e+03 5.693000000000000000e+03 2.488798378900000316e-02 1.118102109439999929e-02
5.693000000000000000e+03 5.694000000000000000e+03 6.432577390450000543e-03 8.140047902099999816e-03
5.694000000000000000e+03 5.695000000000000000e+03 7.614338084300000149e-03 7.437131130799999774e-03
5.695000000000000000e+03 5.696000000000000000e+03 2.927618005599999951e-03 6.395132102699999967e-03
5.696000000000000000e+03 5.697000000000000000e+03 4.566547414099999744e-03 5.788962900300000276e-03
5.697000000000000000e+03 5.698000000000000000e+03 5.450772593199999967e-03 3.453545931700000276e-03
5.698000000000000000e+03 5.699000000000000000e+03 5.285115172049999893e-02 1.664277351170000141e-02
5.699000000000000000e+03 5.700000000000000000e+03 1.985963240382999928e-02 1.456369853479999935e-02
5.700000000000000000e+03 5.701000000000000000e+03 4.685201550800000003e-02 1.381368460909999929e-02
5.701000000000000000e+03 5.702000000000000000e+03 2.615776111240000062e-02 1.311162035370000076e-02
5.702000000000000000e+03 5.703000000000000000e+03 2.201102639820000026e-02 1.116744524239999918e-02
5.703000000000000000e+03 5.704000000000000000e+03 3.161098654800000018e-02 1.137133001119999993e-02
5.704000000000000000e+03 5.705000000000000000e+03 1.961445986099999775e-02 8.679658331800000487e-03
5.705000000000000000e+03 5.706000000000000000e+03 7.921719342000000177e-03 7.282652320100000028e-03
5.706000000000000000e+03 5.707000000000000000e+03 9.104229129700000880e-03 8.597182919100001056e-03
5.707000000000000000e+03 5.708000000000000000e+03 6.413301078100000149e-03 5.890157734600000652e-03
5.708000000000000000e+03 5.709000000000000000e+03 2.496927290499999837e-03 3.987301413499999385e-03
5.709000000000000000e+03 5.710000000000000000e+03 3.350773279529999787e-02 1.284239446139999984e-02
5.710000000000000000e+03 5.711000000000000000e+03 4.118430683059999542e-02 1.499773252260000120e-02
5.711000000000000000e+03 5.712000000000000000e+03 -9.460909946100000412e-03 1.403973736000000035e-02
5.712000000000000000e+03 5.713000000000000000e+03 1.204975176330000050e-02 1.277351338589999968e-02
5.713000000000000000e+03 5.714000000000000000e+03 3.433517724699999829e-02 1.163892309359999995e-02
5.714000000000000000e+03 5.715000000000000000e+03 5.611138968599999749e-02 1.101519549160000049e-02
5.715000000000000000e+03 5.716000000000000000e+03 3.840051421099999890e-02 8.278271674100000019e-03
5.716000000000000000e+03 5.717000000000000000e+03 2.397271358100000124e-02 8.156610101900000492e-03
5.717000000000000000e+03 5.718000000000000000e+03 9.730894642800001076e-03 8.260546559700000444e-03
5.718000000000000000e+03 5.719000000000000000e+03 3.340406777099999992e-03 5.241227203900000395e-03
5.719000000000000000e+03 5.720000000000000000e+03 3.856776981900000238e-03 3.666302807599999651e-03
5.720000000000000000e+03 5.721000000000000000e+03 5.933320016500000238e-02 1.730470470819999926e-02
5.721000000000000000e+03 5.722000000000000000e+03 3.405078002100000046e-03 1.508535223230000021e-02
5.722000000000000000e+03 5.723000000000000000e+03 3.861660774399999774e-02 1.632939116729999890e-02
5.723000000000000000e+03 5.724000000000000000e+03 2.838834637000000119e-02 1.235254762290000086e-02
5.724000000000000000e+03 5.725000000000000000e+03 3.108167122509999936e-02 1.135578796059999972e-02
5.725000000000000000e+03 5.726000000000000000e+03 1.238829269100000068e-02 1.021490221749999858e-02
5.726000000000000000e+03 5.727000000000000000e+03 1.551491613499999915e-02 1.076479501459999891e-02
5.727000000000000000e+03 5.728000000000000000e+03 1.529581559060000026e-02 7.327459674200000224e-03
5.728000000000000000e+03 5.729000000000000000e+03 1.857650924899999917e-02 6.859967629399999801e-03
5.729000000000000000e+03 5.730000000000000000e+03 1.612292095050000054e-02 4.882958699699999940e-03
5.730000000000000000e+03 5.731000000000000000e+03 2.345250263270000097e-03 2.996004296400000058e-03
5.731000000000000000e+03 5.732000000000000000e+03 1.220391416990000005e-02 1.312761436330000045e-02
5.732000000000000000e+03 5.733000000000000000e+03 3.031672670800000108e-02 1.680803668190000016e-02
5.733000000000000000e+03 5.734000000000000000e+03 1.680544603925999969e-02 1.747538578449999921e-02
5.734000000000000000e+03 5.735000000000000000e+03 2.794446245835999904e-02 1.548075683740000007e-02
5.735000000000000000e+03 5.736000000000000000e+03 2.070774237099999929e-02 1.392412866150000150e-02
5.736000000000000000e+03 5.737000000000000000e+03 7.816619567800000071e-03 1.488743071829999945e-02
5.737000000000000000e+03 5.738000000000000000e+03 8.922147660999999591e-03 1.200021197999999976e-02
5.738000000000000000e+03 5.739000000000000000e+03 1.919170683900000077e-02 7.315102956700000013e-03
5.739000000000000000e+03 5.740000000000000000e+03 5.199211715699999722e-03 6.470649592499999776e-03
5.740000000000000000e+03 5.741000000000000000e+03 6.071776213699999619e-03 4.730169819400000322e-03
5.741000000000000000e+03 5.742000000000000000e+03 2.288776597859999967e-03 3.336728945100000173e-03
5.742000000000000000e+03 5.743000000000000000e+03 3.847091774059999830e-02 1.511551587720000138e-02
5.743000000000000000e+03 5.744000000000000000e+03 2.367994747469999786e-02 1.385252642179999986e-02
5.744000000000000000e+03 5.745000000000000000e+03 3.076248095369999921e-02 1.383295382220000105e-02
5.745000000000000000e+03 5.746000000000000000e+03 4.880190504000000290e-02 1.365145178440000003e-02
5.746000000000000000e+03 5.747000000000000000e+03 4.587952940699999843e-02 1.208177995289999931e-02
5.747000000000000000e+03 5.748000000000000000e+03 1.476846090790000059e-02 1.115694354319999963e-02
5.748000000000000000e+03 5.749000000000000000e+03 8.064315179600000522e-03 1.112457095190000009e-02
5.749000000000000000e+03 5.750000000000000000e+03 2.383389113400000148e-02 6.523781890099999980e-03
5.750000000000000000e+03 5.751000000000000000e+03 1.503225690509999921e-02 6.058442189399999844e-03
5.751000000000000000e+03 5.752000000000000000e+03 7.270033087499999831e-03 4.529185330299999833e-03
5.752000000000000000e+03 5.753000000000000000e+03 4.350607732699999890e-03 3.738026945000000323e-03
5.753000000000000000e+03 5.754000000000000000e+03 2.060306658999999999e-02 1.641453277479999751e-02
5.754000000000000000e+03 5.755000000000000000e+03 1.882341050820000167e-02 1.177205193779999950e-02
5.755000000000000000e+03 5.756000000000000000e+03 3.860941772800000060e-02 1.408625382500000058e-02
5.756000000000000000e+03 5.757000000000000000e+03 2.050655839289999838e-02 1.300848551700000029e-02
5.757000000000000000e+03 5.758000000000000000e+03 8.879162837599999247e-03 1.270458303219999981e-02
5.758000000000000000e+03 5.759000000000000000e+03 2.115342237000000097e-02 1.029353161790000012e-02
5.759000000000000000e+03 5.760000000000000000e+03 2.022642533249999902e-02 9.027622044300000204e-03
5.760000000000000000e+03 5.761000000000000000e+03 -2.067650631200000123e-03 7.144929943800000342e-03
5.761000000000000000e+03 5.762000000000000000e+03 9.125564233000000441e-03 5.366114612500000325e-03
5.762000000000000000e+03 5.763000000000000000e+03 6.565116326599999830e-03 4.295158833699999970e-03
5.763000000000000000e+03 5.764000000000000000e+03 1.589966950060000021e-03 3.520022754400000189e-03
5.764000000000000000e+03 5.765000000000000000e+03 1.600379045733099984e-02 1.548714663769999896e-02
5.765000000000000000e+03 5.766000000000000000e+03 3.915038937019999638e-02 1.736796143479999929e-02
5.766000000000000000e+03 5.767000000000000000e+03 3.259000465819999939e-03 1.107270547939999926e-02
5.767000000000000000e+03 5.768000000000000000e+03 1.979797230699999883e-02 1.239506884609999950e-02
5.768000000000000000e+03 5.769000000000000000e+03 1.070761728576000160e-02 1.130158549040000127e-02
5.769000000000000000e+03 5.770000000000000000e+03 1.266903033400000080e-02 1.014523517799999913e-02
5.770000000000000000e+03 5.771000000000000000e+03 5.066352443899999752e-03 9.589613427400001111e-03
5.771000000000000000e+03 5.772000000000000000e+03 1.426560621140000006e-02 7.179760185400000348e-03
5.772000000000000000e+03 5.773000000000000000e+03 7.305676560699999765e-04 5.892243445499999871e-03
5.773000000000000000e+03 5.774000000000000000e+03 9.658556424300000082e-03 4.576893309299999955e-03
5.774000000000000000e+03 5.775000000000000000e+03 -4.512415427000000118e-03 4.220127046000000416e-03
5.775000000000000000e+03 5.776000000000000000e+03 4.624973047149999461e-02 1.431337195719999990e-02
5.776000000000000000e+03 5.777000000000000000e+03 2.618164363999999841e-02 1.467752398519999932e-02
5.777000000000000000e+03 5.778000000000000000e+03 2.835144816000000154e-04 1.392364109730000014e-02
5.778000000000000000e+03 5.779000000000000000e+03 1.783215148430000035e-02 1.006961746520000124e-02
5.779000000000000000e+03 5.780000000000000000e+03 3.484843829899999385e-02 1.181828578760000040e-02
5.780000000000000000e+03 5.781000000000000000e+03 6.820414007099999745e-03 1.103968053829999969e-02
5.781000000000000000e+03 5.782000000000000000e+03 1.467499237500000109e-02 7.712600651000000446e-03
5.782000000000000000e+03 5.783000000000000000e+03 1.862046915200000000e-02 7.990036140400001360e-03
5.783000000000000000e+03 5.784000000000000000e+03 8.425290280999999520e-03 6.099861133899999420e-03
5.784000000000000000e+03 5.785000000000000000e+03 1.204203988089999969e-02 5.102047136099999505e-03
5.785000000000000000e+03 5.786000000000000000e+03 6.260694857000000287e-03 3.683349250700000081e-03
5.786000000000000000e+03 5.787000000000000000e+03 4.015533713059999538e-02 1.277820348699999949e-02
5.787000000000000000e+03 5.788000000000000000e+03 3.568160669129000206e-02 1.455188249769999963e-02
5.788000000000000000e+03 5.789000000000000000e+03 2.548128815890000204e-02 1.278978269680000092e-02
5.789000000000000000e+03 5.790000000000000000e+03 4.054636308679999968e-02 1.187228773590000112e-02
5.790000000000000000e+03 5.791000000000000000e+03 3.391705189099999962e-02 1.245084939039999873e-02
5.791000000000000000e+03 5.792000000000000000e+03 1.707217931499999813e-02 1.080121656129999844e-02
5.792000000000000000e+03 5.793000000000000000e+03 9.572932872899999820e-03 8.023848698900000465e-03
5.793000000000000000e+03 5.794000000000000000e+03 7.829278860599999529e-03 7.369679077800000457e-03
5.794000000000000000e+03 5.795000000000000000e+03 9.200546592500000870e-03 6.283080129699999787e-03
5.795000000000000000e+03 5.796000000000000000e+03 1.253802643339999891e-02 4.602894359000000470e-03
5.796000000000000000e+03 5.797000000000000000e+03 3.931465647199999629e-03 4.135470068700000147e-03
5.797000000000000000e+03 5.798000000000000000e+03 2.806238883570000286e-02 1.561272222190000086e-02
5.798000000000000000e+03 5.799000000000000000e+03 -1.272367966599999983e-02 1.238039345940000063e-02
5.799000000000000000e+03 5.800000000000000000e+03 3.449152417200000015e-02 1.533488844109999992e-02
5.800000000000000000e+03 5.801000000000000000e+03 1.441480654780000030e-02 1.456385903009999906e-02
5.801000000000000000e+03 5.802000000000000000e+03 3.462707849399999926e-02 1.054057462309999915e-02
5.802000000000000000e+03 5.803000000000000000e+03 1.986416722240000321e-02 9.962762421899999318e-03
5.803000000000000000e+03 5.804000000000000000e+03 9.250576544999999928e-03 7.876691958599999627e-03
5.804000000000000000e+03 5.805000000000000000e+03 1.371374355180000025e-02 8.263578443299999729e-03
5.805000000000000000e+03 5.806000000000000000e+03 9.469286600199999446e-03 6.836220989100000311e-03
5.806000000000000000e+03 5.807000000000000000e+03 -1.282204754999999915e-03 4.540093179299999580e-03
5.807000000000000000e+03 5.808000000000000000e+03 -9.735810292000000041e-04 3.642537483199999922e-03
5.808000000000000000e+03 5.809000000000000000e+03 2.581666927019999822e-02 1.693681802830000055e-02
5.809000000000000000e+03 5.810000000000000000e+03 4.029902426199999388e-02 1.301816924169999987e-02
5.810000000000000000e+03 5.811000000000000000e+03 2.579604334529999807e-02 1.173355793929999925e-02
5.811000000000000000e+03 5.812000000000000000e+03 -1.449119755000000034e-03 1.154992653229999951e-02
5.812000000000000000e+03 5.813000000000000000e+03 1.366405367979999994e-02 1.026979187060000041e-02
5.813000000000000000e+03 5.814000000000000000e+03 3.394555457500000178e-02 1.081535758000000055e-02
5.814000000000000000e+03 5.815000000000000000e+03 9.113123331999999424e-03 9.061051564299999611e-03
5.815000000000000000e+03 5.816000000000000000e+03 2.046369441599999936e-02 7.250518431599999730e-03
5.816000000000000000e+03 5.817000000000000000e+03 2.323517851899999792e-02 7.873535346800001125e-03
5.817000000000000000e+03 5.818000000000000000e+03 4.353722035200000007e-03 5.435013830300000452e-03
5.818000000000000000e+03 5.819000000000000000e+03 4.701900874499999501e-03 3.411260607399999815e-03
5.819000000000000000e+03 5.820000000000000000e+03 2.436459306572999819e-03 1.343731680610000048e-02
5.820000000000000000e+03 5.821000000000000000e+03 1.089860383859999997e-02 1.498423329950000077e-02
5.821000000000000000e+03 5.822000000000000000e+03 3.541799119280000102e-02 1.423359510970000075e-02
5.822000000000000000e+03 5.823000000000000000e+03 2.821561264100000063e-02 1.151641895909999956e-02
5.823000000000000000e+03 5.824000000000000000e+03 2.940275323699999971e-02 1.015092312459999965e-02
5.824000000000000000e+03 5.825000000000000000e+03 1.292579640500000036e-02 1.010353059370000008e-02
5.825000000000000000e+03 5.826000000000000000e+03 7.472815055700000007e-03 9.021026586700000779e-03
5.826000000000000000e+03 5.827000000000000000e+03 1.003329928430000094e-02 7.209028571199999763e-03
5.827000000000000000e+03 5.828000000000000000e+03 1.412382609620000014e-02 6.302259344099999522e-03
5.828000000000000000e+03 5.829000000000000000e+03 4.652813925999999879e-04 4.845013620000000569e-03
5.829000000000000000e+03 5.830000000000000000e+03 5.063774133399999433e-03 3.291633264300000260e-03
5.830000000000000000e+03 5.831000000000000000e+03 2.392549788339999942e-03 1.379755755760000112e-02
5.831000000000000000e+03 5.832000000000000000e+03 1.949117363800000058e-02 1.306206766369999960e-02
5.832000000000000000e+03 5.833000000000000000e+03 1.760515096220000020e-02 1.547838670930000091e-02
5.833000000000000000e+03 5.834000000000000000e+03 4.000560035700000128e-02 1.440411668860000147e-02
5.834000000000000000e+03 5.835000000000000000e+03 2.724295853190000088e-02 1.197626362099999883e-02
5.835000000000000000e+03 5.836000000000000000e+03 -5.712983733999999706e-04 1.116294525309999980e-02
5.836000000000000000e+03 5.837000000000000000e+03 1.846749457400000127e-02 9.837274240600000011e-03
5.837000000000000000e+03 5.838000000000000000e+03 1.341467040200000106e-02 6.853725311800000497e-03
5.838000000000000000e+03 5.839000000000000000e+03 7.422470197199999842e-03 5.547187433400000214e-03
5.839000000000000000e+03 5.840000000000000000e+03 5.485834997000000116e-03 5.246892718300000605e-03
5.840000000000000000e+03 5.841000000000000000e+03 3.996083353300000467e-03 3.776798777900000105e-03
5.841000000000000000e+03 5.842000000000000000e+03 3.013460237170000056e-02 1.469633849589999965e-02
5.842000000000000000e+03 5.843000000000000000e+03 1.204078759030000056e-02 1.664179699249999922e-02
5.843000000000000000e+03 5.844000000000000000e+03 3.566448915540000597e-02 1.172357102829999984e-02
5.844000000000000000e+03 5.845000000000000000e+03 3.782797183799999768e-02 1.342690573710000022e-02
5.845000000000000000e+03 5.846000000000000000e+03 1.686376780459999947e-02 1.241633379740000008e-02
5.846000000000000000e+03 5.847000000000000000e+03 2.862707715299999886e-02 1.058292334399999965e-02
5.847000000000000000e+03 5.848000000000000000e+03 3.097062641000000033e-02 8.663979119300000906e-03
5.848000000000000000e+03 5.849000000000000000e+03 1.744868500699999977e-02 8.449732422400000123e-03
5.849000000000000000e+03 5.850000000000000000e+03 2.040973445600000047e-02 7.066229141599999347e-03
5.850000000000000000e+03 5.851000000000000000e+03 1.239176909219999977e-02 4.755407309599999841e-03
5.851000000000000000e+03 5.852000000000000000e+03 1.861948270100000080e-03 3.360402559900000242e-03
5.852000000000000000e+03 5.853000000000000000e+03 1.647826694690000121e-02 1.400565200879999930e-02
5.853000000000000000e+03 5.854000000000000000e+03 2.441057239999999857e-03 1.313055541399999956e-02
5.854000000000000000e+03 5.855000000000000000e+03 2.616339582120000284e-02 1.148055238210000072e-02
5.855000000000000000e+03 5.856000000000000000e+03 1.411593609081000095e-02 1.234113670839999920e-02
5.856000000000000000e+03 5.857000000000000000e+03 3.329042104800000040e-02 1.151607346349999873e-02
5.857000000000000000e+03 5.858000000000000000e+03 1.635468644549999823e-02 1.094637633680000006e-02
5.858000000000000000e+03 5.859000000000000000e+03 2.073425158699999937e-02 8.639797321599999511e-03
5.859000000000000000e+03 5.860000000000000000e+03 2.118992538699999983e-02 8.249450593199999723e-03
5.860000000000000000e+03 5.861000000000000000e+03 -5.835981679899999650e-03 6.723769470300000432e-03
5.861000000000000000e+03 5.862000000000000000e+03 5.366526179699999607e-03 5.274548795100000159e-03
5.862000000000000000e+03 5.863000000000000000e+03 -2.676824450499999892e-04 3.898767234699999917e-03
5.863000000000000000e+03 5.864000000000000000e+03 1.659034707079999962e-02 1.381951014730000045e-02
5.864000000000000000e+03 5.865000000000000000e+03 9.135497112789998930e-03 1.379092530080000024e-02
5.865000000000000000e+03 5.866000000000000000e+03 4.216247492999999902e-02 1.376465275279999990e-02
5.866000000000000000e+03 5.867000000000000000e+03 3.717975048580000191e-02 1.015422120710000008e-02
5.867000000000000000e+03 5.868000000000000000e+03 1.554890998190000019e-02 1.040541013229999943e-02
5.868000000000000000e+03 5.869000000000000000e+03 3.715041793299999999e-03 1.207110821529999885e-02
5.869000000000000000e+03 5.870000000000000000e+03 2.101836772300000149e-03 1.035239098050000014e-02
5.870000000000000000e+03 5.871000000000000000e+03 1.555230642019999991e-02 8.174018940600000574e-03
5.871000000000000000e+03 5.872000000000000000e+03 1.872550361100000157e-02 5.873517450100000648e-03
5.872000000000000000e+03 5.873000000000000000e+03 9.988385637200000028e-03 4.819210313099999907e-03
5.873000000000000000e+03 5.874000000000000000e+03 -5.606920791000000355e-03 2.760474989000000125e-03
5.874000000000000000e+03 5.875000000000000000e+03 4.563825257130000104e-03 1.287192313069999983e-02
5.875000000000000000e+03 5.876000000000000000e+03 2.472101050060000055e-02 1.213467311740000151e-02
5.876000000000000000e+03 5.877000000000000000e+03 3.391740429380000338e-02 1.398594896759999991e-02
5.877000000000000000e+03 5.878000000000000000e+03 3.225567456799999927e-02 1.086190621519999948e-02
5.878000000000000000e+03 5.879000000000000000e+03 1.414003729270000079e-02 9.715829800500000099e-03
5.879000000000000000e+03 5.880000000000000000e+03 1.718069078700000182e-02 9.936028649600000054e-03
5.880000000000000000e+03 5.881000000000000000e+03 4.715039450260000153e-03 9.156397159699999899e-03
5.881000000000000000e+03 5.882000000000000000e+03 1.335534671420000007e-02 9.119079730199999845e-03
5.882000000000000000e+03 5.883000000000000000e+03 1.543479762049999870e-02 5.990553229100000279e-03
5.883000000000000000e+03 5.884000000000000000e+03 3.505386072400000150e-03 4.497833495800000574e-03
5.884000000000000000e+03 5.885000000000000000e+03 7.612290189600000052e-04 2.763615743499999930e-03
5.885000000000000000e+03 5.886000000000000000e+03 2.226060155520000194e-02 1.200120777530000113e-02
5.886000000000000000e+03 5.887000000000000000e+03 2.165757264749999800e-02 1.224691434529999977e-02
5.887000000000000000e+03 5.888000000000000000e+03 1.735647115149999836e-02 1.129644785640000065e-02
5.888000000000000000e+03 5.889000000000000000e+03 3.056351416919999772e-02 1.214022981449999934e-02
5.889000000000000000e+03 5.890000000000000000e+03 1.743743115860000095e-02 1.101200524290000052e-02
5.890000000000000000e+03 5.891000000000000000e+03 4.034856318200000062e-03 1.093711540570000036e-02
5.891000000000000000e+03 5.892000000000000000e+03 6.022681778400000054e-03 1.044121296530000145e-02
5.892000000000000000e+03 5.893000000000000000e+03 6.204956413899999530e-03 7.427695646999999367e-03
5.893000000000000000e+03 5.894000000000000000e+03 6.498997423999999454e-03 5.725831416099999745e-03
5.894000000000000000e+03 5.895000000000000000e+03 9.728451362199999966e-03 4.302927814999999573e-03
5.895000000000000000e+03 5.896000000000000000e+03 4.557624994700000022e-03 3.649215330799999730e-03
5.896000000000000000e+03 5.897000000000000000e+03 3.602422422179999556e-02 1.524504760709999990e-02
5.897000000000000000e+03 5.898000000000000000e+03 3.174324847459999988e-02 1.692791884750000087e-02
5.898000000000000000e+03 5.899000000000000000e+03 2.435351859420000278e-02 1.398810550460000135e-02
5.899000000000000000e+03 5.900000000000000000e+03 1.875914403250000112e-02 1.341085272529999976e-02
5.900000000000000000e+03 5.901000000000000000e+03 1.323019668220000097e-02 1.011177705829999912e-02
5.901000000000000000e+03 5.902000000000000000e+03 1.794251975119999856e-02 9.951270833499999829e-03
5.902000000000000000e+03 5.903000000000000000e+03 2.182447400389999834e-02 1.024459221630000076e-02
5.903000000000000000e+03 5.904000000000000000e+03 2.478617320999999818e-02 8.516673187599998682e-03
5.904000000000000000e+03 5.905000000000000000e+03 1.843446814799999927e-03 5.179514470299999979e-03
5.905000000000000000e+03 5.906000000000000000e+03 -1.032876347100000064e-03 4.416791357500000730e-03
5.906000000000000000e+03 5.907000000000000000e+03 -1.717404790699999899e-03 3.148631523799999728e-03
5.907000000000000000e+03 5.908000000000000000e+03 3.122345673070000063e-02 1.466301312039999978e-02
5.908000000000000000e+03 5.909000000000000000e+03 1.637399909670000236e-02 1.404978030109999866e-02
5.909000000000000000e+03 5.910000000000000000e+03 2.489169373969999863e-02 1.243301819189999990e-02
5.910000000000000000e+03 5.911000000000000000e+03 -1.156224754400000118e-03 1.094494840739999864e-02
5.911000000000000000e+03 5.912000000000000000e+03 5.977967002800000512e-03 1.059433873789999980e-02
5.912000000000000000e+03 5.913000000000000000e+03 2.823995732900000041e-02 8.778650912200000253e-03
5.913000000000000000e+03 5.914000000000000000e+03 2.356961852300000146e-02 9.043381341899999273e-03
5.914000000000000000e+03 5.915000000000000000e+03 2.150521389339999853e-02 7.987467536600000376e-03
5.915000000000000000e+03 5.916000000000000000e+03 3.087351671879999884e-03 5.766014516300000010e-03
5.916000000000000000e+03 5.917000000000000000e+03 -2.079669385800000155e-03 4.367531766699999513e-03
5.917000000000000000e+03 5.918000000000000000e+03 1.091771084909999925e-02 3.259391430999999950e-03
5.918000000000000000e+03 5.919000000000000000e+03 3.616345999689999507e-02 1.479658785709999855e-02
5.919000000000000000e+03 5.920000000000000000e+03 3.792479222339999873e-02 1.429842627399999927e-02
5.920000000000000000e+03 5.921000000000000000e+03 4.462839754704999579e-03 1.056393333930000060e-02
5.921000000000000000e+03 5.922000000000000000e+03 2.569039892120000140e-02 1.080731428580000014e-02
5.922000000000000000e+03 5.923000000000000000e+03 2.727093637130000026e-02 1.103860311300000098e-02
5.923000000000000000e+03 5.924000000000000000e+03 2.070226638600000321e-02 8.965997812800000771e-03
5.924000000000000000e+03 5.925000000000000000e+03 2.091517152099999985e-02 8.332530685300000226e-03
5.925000000000000000e+03 5.926000000000000000e+03 2.209974996299999758e-02 7.908955829099999224e-03
5.926000000000000000e+03 5.927000000000000000e+03 4.728496325200000176e-03 5.643855397499999635e-03
5.927000000000000000e+03 5.928000000000000000e+03 3.001983536200000368e-03 5.245822774000000188e-03
5.928000000000000000e+03 5.929000000000000000e+03 -3.669719338300000099e-03 2.583171753499999800e-03
5.929000000000000000e+03 5.930000000000000000e+03 4.164570056950000349e-02 1.453039634320000065e-02
5.930000000000000000e+03 5.931000000000000000e+03 -5.056543124100000390e-03 1.360252128610000069e-02
5.931000000000000000e+03 5.932000000000000000e+03 3.091244365239999986e-02 1.224694010200000002e-02
5.932000000000000000e+03 5.933000000000000000e+03 -1.429571560700000025e-03 1.216187386160000154e-02
5.933000000000000000e+03 5.934000000000000000e+03 2.427949158840000260e-02 1.002838524500000023e-02
5.934000000000000000e+03 5.935000000000000000e+03 1.299984576710000103e-02 9.109212404299999941e-03
5.935000000000000000e+03 5.936000000000000000e+03 2.132254174710000033e-02 1.037002508860000033e-02
5.936000000000000000e+03 5.937000000000000000e+03 5.381900405100000645e-03 8.162815155599998512e-03
5.937000000000000000e+03 5.938000000000000000e+03 1.355758774310000109e-02 6.560611335599999226e-03
5.938000000000000000e+03 5.939000000000000000e+03 5.094406707299999927e-03 4.675795856000000000e-03
5.939000000000000000e+03 5.940000000000000000e+03 -2.315597267599999853e-03 4.077594476599999407e-03
5.940000000000000000e+03 5.941000000000000000e+03 1.570024836760000250e-02 1.654512997580000200e-02
5.941000000000000000e+03 5.942000000000000000e+03 2.985175893429999755e-02 1.174046445159999952e-02
5.942000000000000000e+03 5.943000000000000000e+03 -3.937539510499999795e-04 1.202541303180000055e-02
5.943000000000000000e+03 5.944000000000000000e+03 3.189143346800000361e-02 1.093743619569999964e-02
5.944000000000000000e+03 5.945000000000000000e+03 3.651504215499999650e-02 1.159858288369999997e-02
5.945000000000000000e+03 5.946000000000000000e+03 1.604972122280000010e-02 1.064549017769999932e-02
5.946000000000000000e+03 5.947000000000000000e+03 1.226125525799999895e-03 9.400793512799999682e-03
5.947000000000000000e+03 5.948000000000000000e+03 2.607014435500000157e-02 9.095128516300000215e-03
5.948000000000000000e+03 5.949000000000000000e+03 5.723841770020000365e-03 6.513306091400000372e-03
5.949000000000000000e+03 5.950000000000000000e+03 1.035060283040000091e-02 4.073702884100000032e-03
5.950000000000000000e+03 5.951000000000000000e+03 3.335278553900000199e-03 3.235944443099999981e-03
5.951000000000000000e+03 5.952000000000000000e+03 1.434989746800000021e-02 1.117960309750000089e-02
5.952000000000000000e+03 5.953000000000000000e+03 2.357298421489999879e-02 1.193980004719999953e-02
5.953000000000000000e+03 5.954000000000000000e+03 6.166122111100000303e-02 1.438594093810000030e-02
5.954000000000000000e+03 5.955000000000000000e+03 2.729456566100000106e-02 8.840809826400000335e-03
5.955000000000000000e+03 5.956000000000000000e+03 3.415393914300000194e-02 1.581492723739999842e-02
5.956000000000000000e+03 5.957000000000000000e+03 1.119770782042999943e-02 9.952286114499999184e-03
5.957000000000000000e+03 5.958000000000000000e+03 -7.342662617200000109e-03 8.577425554899998847e-03
5.958000000000000000e+03 5.959000000000000000e+03 2.673207184089999681e-03 6.707095067400000235e-03
5.959000000000000000e+03 5.960000000000000000e+03 7.411303219700000541e-03 5.603992916799999981e-03
5.960000000000000000e+03 5.961000000000000000e+03 5.128876027599999637e-03 4.131880340399999955e-03
5.961000000000000000e+03 5.962000000000000000e+03 9.208767249699999907e-03 3.578409315999999882e-03
5.962000000000000000e+03 5.963000000000000000e+03 -1.165625411269999995e-02 1.169027493099999981e-02
5.963000000000000000e+03 5.964000000000000000e+03 3.167223294799999950e-02 1.141189623200000031e-02
5.964000000000000000e+03 5.965000000000000000e+03 6.333065409869999621e-03 1.278410884899999940e-02
5.965000000000000000e+03 5.966000000000000000e+03 3.916170248300000073e-02 1.034920842879999935e-02
5.966000000000000000e+03 5.967000000000000000e+03 1.467740876389999997e-02 1.021158651940000037e-02
5.967000000000000000e+03 5.968000000000000000e+03 6.098528962699999341e-03 1.009796557450000007e-02
5.968000000000000000e+03 5.969000000000000000e+03 3.327281430600000089e-02 7.338926464199999576e-03
5.969000000000000000e+03 5.970000000000000000e+03 1.313567673530000035e-02 6.036485044799999936e-03
5.970000000000000000e+03 5.971000000000000000e+03 8.711772930399999670e-03 5.920670901899999401e-03
5.971000000000000000e+03 5.972000000000000000e+03 2.968624511499999910e-03 3.806395786200000245e-03
5.972000000000000000e+03 5.973000000000000000e+03 9.196728968199999492e-04 3.048801223299999873e-03
5.973000000000000000e+03 5.974000000000000000e+03 5.077795443699999883e-03 1.144538797000000004e-02
5.974000000000000000e+03 5.975000000000000000e+03 2.652506795029999781e-02 1.214817800230000126e-02
5.975000000000000000e+03 5.976000000000000000e+03 3.937851621700000360e-02 1.270089585589999868e-02
5.976000000000000000e+03 5.977000000000000000e+03 1.404056901889999889e-02 1.176640673069999886e-02
5.977000000000000000e+03 5.978000000000000000e+03 4.116256578000000027e-02 9.584407468100001118e-03
5.978000000000000000e+03 5.979000000000000000e+03 3.382115176400000284e-02 9.067624123499999980e-03
5.979000000000000000e+03 5.980000000000000000e+03 2.845356843899999634e-03 9.022240654000000804e-03
5.980000000000000000e+03 5.981000000000000000e+03 1.385578496229999956e-02 6.546194305600000138e-03
5.981000000000000000e+03 5.982000000000000000e+03 2.360090105300000074e-03 4.840854953499999780e-03
5.982000000000000000e+03 5.983000000000000000e+03 7.031998775600000265e-03 4.185043123199999951e-03
5.983000000000000000e+03 5.984000000000000000e+03 2.049951549600000002e-03 3.242078216199999977e-03
5.984000000000000000e+03 5.985000000000000000e+03 2.511419614100000169e-02 1.228259894370000056e-02
5.985000000000000000e+03 5.986000000000000000e+03 2.754444936550000042e-02 1.037635276070000140e-02
5.986000000000000000e+03 5.987000000000000000e+03 2.853617553349999808e-02 1.329804122040000036e-02
5.987000000000000000e+03 5.988000000000000000e+03 2.920862779099999904e-02 1.085436458560000081e-02
5.988000000000000000e+03 5.989000000000000000e+03 2.014472431619999948e-02 1.006892292699999858e-02
5.989000000000000000e+03 5.990000000000000000e+03 9.590420130400000367e-03 8.493689763699999520e-03
5.990000000000000000e+03 5.991000000000000000e+03 3.644327184599999853e-02 1.004893524560000057e-02
5.991000000000000000e+03 5.992000000000000000e+03 1.936440271199999993e-02 6.371322279400000108e-03
5.992000000000000000e+03 5.993000000000000000e+03 1.482856162929999978e-02 6.095127315599999790e-03
5.993000000000000000e+03 5.994000000000000000e+03 3.017521293530000225e-03 4.130251349499999836e-03
5.994000000000000000e+03 5.995000000000000000e+03 2.078375333839999842e-03 2.763363827199999921e-03
5.995000000000000000e+03 5.996000000000000000e+03 3.809415101679999860e-02 1.263007937309999947e-02
5.996000000000000000e+03 5.997000000000000000e+03 2.276239765270000187e-02 1.159009008859999967e-02
5.997000000000000000e+03 5.998000000000000000e+03 1.955464314500000161e-02 1.097725035800000033e-02
5.998000000000000000e+03 5.999000000000000000e+03 2.407967219939999987e-02 1.054708096439999944e-02
5.999000000000000000e+03 6.000000000000000000e+03 2.258632269604999784e-02 9.752973944099999418e-03
6.000000000000000000e+03 6.001000000000000000e+03 2.972529840099999779e-02 8.708421575800000605e-03
6.001000000000000000e+03 6.002000000000000000e+03 1.302026249520000026e-02 7.655662868699999665e-03
6.002000000000000000e+03 6.003000000000000000e+03 -2.880324508499999998e-03 7.316541879100000451e-03
6.003000000000000000e+03 6.004000000000000000e+03 7.932474163200000511e-03 5.959739859899999652e-03
6.004000000000000000e+03 6.005000000000000000e+03 4.937494404800000548e-03 4.895941335300000447e-03
6.005000000000000000e+03 6.006000000000000000e+03 4.289052037099999951e-03 3.556876159399999758e-03
6.006000000000000000e+03 6.007000000000000000e+03 2.720967024590000005e-02 1.052024347539999918e-02
6.007000000000000000e+03 6.008000000000000000e+03 3.956658196300000263e-02 1.330069632210000019e-02
6.008000000000000000e+03 6.009000000000000000e+03 1.682002938649999890e-02 1.115341556399999934e-02
6.009000000000000000e+03 6.010000000000000000e+03 1.886378707960000012e-02 1.057665746299999918e-02
6.010000000000000000e+03 6.011000000000000000e+03 2.175761839390000230e-02 1.022926889750000110e-02
6.011000000000000000e+03 6.012000000000000000e+03 1.251479951750000125e-02 1.011747913800000072e-02
6.012000000000000000e+03 6.013000000000000000e+03 2.490565245099999898e-03 7.585994621399999582e-03
6.013000000000000000e+03 6.014000000000000000e+03 1.039353868470000060e-02 7.151881522000000206e-03
6.014000000000000000e+03 6.015000000000000000e+03 7.111678033400000397e-03 5.511376335300000560e-03
6.015000000000000000e+03 6.016000000000000000e+03 6.832425081499999935e-03 4.385720527299999741e-03
6.016000000000000000e+03 6.017000000000000000e+03 2.501583475800000025e-03 3.274937905699999707e-03
6.017000000000000000e+03 6.018000000000000000e+03 3.234463852350000224e-02 1.273805994710000035e-02
6.018000000000000000e+03 6.019000000000000000e+03 1.866088213039999999e-02 1.271528041160000129e-02
6.019000000000000000e+03 6.020000000000000000e+03 8.804717730000001519e-03 1.067220208739999912e-02
6.020000000000000000e+03 6.021000000000000000e+03 2.849301429999999760e-02 1.166681937680000107e-02
6.021000000000000000e+03 6.022000000000000000e+03 2.068650461432999799e-02 9.917266095800000847e-03
6.022000000000000000e+03 6.023000000000000000e+03 1.842853774909999909e-02 8.608962969799998505e-03
6.023000000000000000e+03 6.024000000000000000e+03 1.896490412699999850e-02 7.703972413599999639e-03
6.024000000000000000e+03 6.025000000000000000e+03 1.104663732989999946e-02 8.281152110599999602e-03
6.025000000000000000e+03 6.026000000000000000e+03 5.276783154200000159e-03 5.731095216700000244e-03
6.026000000000000000e+03 6.027000000000000000e+03 8.032029771999999943e-03 4.739613097700000159e-03
6.027000000000000000e+03 6.028000000000000000e+03 3.101259260999999698e-03 2.593681430200000214e-03
6.028000000000000000e+03 6.029000000000000000e+03 1.409357237939999966e-02 1.231555618240000143e-02
6.029000000000000000e+03 6.030000000000000000e+03 3.448752456450000087e-02 1.121660470760000097e-02
6.030000000000000000e+03 6.031000000000000000e+03 1.431244018670000014e-02 1.228272392230000086e-02
6.031000000000000000e+03 6.032000000000000000e+03 2.737054331500000243e-02 1.014805505849999956e-02
6.032000000000000000e+03 6.033000000000000000e+03 1.770103486799999917e-02 9.724976856700000630e-03
6.033000000000000000e+03 6.034000000000000000e+03 1.582453551300000080e-02 7.886202053200000103e-03
6.034000000000000000e+03 6.035000000000000000e+03 1.708302916900000020e-03 1.066673077479999947e-02
6.035000000000000000e+03 6.036000000000000000e+03 8.888469583100000113e-03 6.000231037000000253e-03
6.036000000000000000e+03 6.037000000000000000e+03 5.674999606199999935e-03 5.221826679600000132e-03
6.037000000000000000e+03 6.038000000000000000e+03 -1.569310550139999937e-03 3.519501252700000214e-03
6.038000000000000000e+03 6.039000000000000000e+03 5.001216219599999811e-03 2.864040178400000056e-03
6.039000000000000000e+03 6.040000000000000000e+03 1.907351224839999929e-02 1.207436720450000105e-02
6.040000000000000000e+03 6.041000000000000000e+03 1.243643284119999928e-02 1.193393091230000001e-02
6.041000000000000000e+03 6.042000000000000000e+03 1.992652543739999865e-02 1.229533807349999890e-02
6.042000000000000000e+03 6.043000000000000000e+03 1.119029838429999937e-02 1.143059244669999974e-02
6.043000000000000000e+03 6.044000000000000000e+03 2.046802283800000163e-02 9.363340251399999287e-03
6.044000000000000000e+03 6.045000000000000000e+03 2.939304748100000225e-02 9.073519878900000030e-03
6.045000000000000000e+03 6.046000000000000000e+03 9.292337853800000658e-03 8.574873600699998641e-03
6.046000000000000000e+03 6.047000000000000000e+03 1.146801078779999955e-02 6.053022472200000371e-03
6.047000000000000000e+03 6.048000000000000000e+03 2.993475052299999616e-03 5.487953614399999902e-03
6.048000000000000000e+03 6.049000000000000000e+03 9.751174367600000392e-03 4.276047850500000122e-03
6.049000000000000000e+03 6.050000000000000000e+03 1.266254848600000026e-03 3.293775167100000158e-03
6.050000000000000000e+03 6.051000000000000000e+03 1.799885159970000120e-02 1.272945907729999999e-02
6.051000000000000000e+03 6.052000000000000000e+03 2.425199014250000243e-02 1.276288532829999989e-02
6.052000000000000000e+03 6.053000000000000000e+03 1.932912455300000304e-02 1.265836320419999952e-02
6.053000000000000000e+03 6.054000000000000000e+03 2.199609712779999893e-02 1.078540170389999907e-02
6.054000000000000000e+03 6.055000000000000000e+03 3.281968440270000269e-03 8.922613939799999352e-03
6.055000000000000000e+03 6.056000000000000000e+03 2.045435336079999902e-02 8.874268647299999452e-03
6.056000000000000000e+03 6.057000000000000000e+03 2.538286432480000090e-02 1.027869202449999998e-02
6.057000000000000000e+03 6.058000000000000000e+03 2.082481818300000245e-02 6.256220636400000243e-03
6.058000000000000000e+03 6.059000000000000000e+03 1.584043652500000121e-02 4.504093766899999914e-03
6.059000000000000000e+03 6.060000000000000000e+03 7.320327912900000122e-03 3.454772204099999973e-03
6.060000000000000000e+03 6.061000000000000000e+03 8.100626908800000192e-03 3.461404344699999837e-03
6.061000000000000000e+03 6.062000000000000000e+03 2.775287341849999936e-02 1.306364642730000088e-02
6.062000000000000000e+03 6.063000000000000000e+03 1.838047936510000049e-02 1.277529383099999978e-02
6.063000000000000000e+03 6.064000000000000000e+03 4.536617955149999624e-03 1.115762048299999941e-02
6.064000000000000000e+03 6.065000000000000000e+03 2.655658868500000019e-02 1.187870130400000071e-02
6.065000000000000000e+03 6.066000000000000000e+03 2.792673738979999792e-02 9.083558811700000873e-03
6.066000000000000000e+03 6.067000000000000000e+03 2.201738837199999910e-02 8.632773743900000463e-03
6.067000000000000000e+03 6.068000000000000000e+03 4.604706903100000241e-03 7.983814686399999874e-03
6.068000000000000000e+03 6.069000000000000000e+03 7.585149129600000234e-03 5.715754527500000251e-03
6.069000000000000000e+03 6.070000000000000000e+03 -3.784124886499999965e-03 4.240637752200000429e-03
6.070000000000000000e+03 6.071000000000000000e+03 -6.056678944799999756e-03 3.256696229500000064e-03
6.071000000000000000e+03 6.072000000000000000e+03 -1.776621990700000047e-03 2.614905362499999903e-03
6.072000000000000000e+03 6.073000000000000000e+03 1.941537237324000159e-02 1.221524660239999872e-02
6.073000000000000000e+03 6.074000000000000000e+03 5.211828502499999891e-03 1.027926207480000034e-02
6.074000000000000000e+03 6.075000000000000000e+03 4.098426804599999973e-03 1.199974785379999929e-02
6.075000000000000000e+03 6.076000000000000000e+03 3.031946871100000065e-02 1.044104666529999982e-02
6.076000000000000000e+03 6.077000000000000000e+03 1.424817433259999849e-02 9.740211432000000363e-03
6.077000000000000000e+03 6.078000000000000000e+03 1.812988866099999805e-02 7.925728923700000109e-03
6.078000000000000000e+03 6.079000000000000000e+03 1.281420401520000016e-02 6.543665544999999716e-03
6.079000000000000000e+03 6.080000000000000000e+03 6.307189736199999772e-03 6.056160968499999485e-03
6.080000000000000000e+03 6.081000000000000000e+03 1.452546606099999922e-02 5.144752929000000023e-03
6.081000000000000000e+03 6.082000000000000000e+03 -9.223500194499999368e-04 3.650233086700000167e-03
6.082000000000000000e+03 6.083000000000000000e+03 4.788335134999999686e-04 2.691193439899999817e-03
6.083000000000000000e+03 6.084000000000000000e+03 8.611411263600000573e-03 1.194089173459999924e-02
6.084000000000000000e+03 6.085000000000000000e+03 1.466925835699999870e-03 9.940516771900000451e-03
6.085000000000000000e+03 6.086000000000000000e+03 2.177285335000000120e-03 1.183501681259999973e-02
6.086000000000000000e+03 6.087000000000000000e+03 4.201484621789999818e-02 1.113399734099999872e-02
6.087000000000000000e+03 6.088000000000000000e+03 5.327668408699999872e-03 9.563018833000000093e-03
6.088000000000000000e+03 6.089000000000000000e+03 2.080076107819999950e-02 9.947138126699998917e-03
6.089000000000000000e+03 6.090000000000000000e+03 9.084562294000000579e-03 6.028988257299999765e-03
6.090000000000000000e+03 6.091000000000000000e+03 1.383183909119999923e-02 7.530585178399999864e-03
6.091000000000000000e+03 6.092000000000000000e+03 1.522437640399999922e-03 4.698968519799999466e-03
6.092000000000000000e+03 6.093000000000000000e+03 2.919671628099999947e-03 3.979238911400000134e-03
6.093000000000000000e+03 6.094000000000000000e+03 -1.531298679899999963e-03 2.995816792699999929e-03
6.094000000000000000e+03 6.095000000000000000e+03 1.927071329147999820e-02 1.144325035129999980e-02
6.095000000000000000e+03 6.096000000000000000e+03 2.189385429859999968e-02 1.150528545030000092e-02
6.096000000000000000e+03 6.097000000000000000e+03 4.167129598100000054e-02 1.276195473599999949e-02
6.097000000000000000e+03 6.098000000000000000e+03 2.898770417789999984e-02 9.817715554599999034e-03
6.098000000000000000e+03 6.099000000000000000e+03 1.303689957840000087e-02 1.021130418810000003e-02
6.099000000000000000e+03 6.100000000000000000e+03 1.037931936169999951e-02 1.089077036899999996e-02
6.100000000000000000e+03 6.101000000000000000e+03 2.751115422899999899e-02 6.255545783200000022e-03
6.101000000000000000e+03 6.102000000000000000e+03 1.615630153900000227e-02 6.165240961999999408e-03
6.102000000000000000e+03 6.103000000000000000e+03 1.810076655799999898e-03 5.629384259300000172e-03
6.103000000000000000e+03 6.104000000000000000e+03 4.527938560399999424e-03 4.448970850600000165e-03
6.104000000000000000e+03 6.105000000000000000e+03 6.933906445100000357e-03 2.906604416499999986e-03
6.105000000000000000e+03 6.106000000000000000e+03 5.796875858300000461e-03 1.555340064450000045e-02
6.106000000000000000e+03 6.107000000000000000e+03 1.036950745674000002e-02 1.142606385870000019e-02
6.107000000000000000e+03 6.108000000000000000e+03 1.322991922379999907e-02 9.777668492800000236e-03
6.108000000000000000e+03 6.109000000000000000e+03 5.346030342000000681e-04 9.147336459599999386e-03
6.109000000000000000e+03 6.110000000000000000e+03 1.291818772399999996e-02 1.033320912930000071e-02
6.110000000000000000e+03 6.111000000000000000e+03 2.736187907299999708e-02 1.291836119679999964e-02
6.111000000000000000e+03 6.112000000000000000e+03 9.118438836800000363e-03 7.497440472799999853e-03
6.112000000000000000e+03 6.113000000000000000e+03 9.421366267300000305e-03 6.509814807699999817e-03
6.113000000000000000e+03 6.114000000000000000e+03 1.221318542230000019e-02 4.917974423799999738e-03
6.114000000000000000e+03 6.115000000000000000e+03 3.084596897599999749e-03 4.559216516300000632e-03
6.115000000000000000e+03 6.116000000000000000e+03 3.357735426899999655e-04 2.808238676799999951e-03
6.116000000000000000e+03 6.117000000000000000e+03 -1.822807672400000118e-03 1.258832985890000027e-02
6.117000000000000000e+03 6.118000000000000000e+03 2.031999173800000044e-03 1.292058409239999969e-02
6.118000000000000000e+03 6.119000000000000000e+03 2.397846200879999792e-02 1.147625152099999990e-02
6.119000000000000000e+03 6.120000000000000000e+03 2.547340351120000110e-02 1.098988392030000004e-02
6.120000000000000000e+03 6.121000000000000000e+03 1.742236734890000027e-02 8.308079460299998970e-03
6.121000000000000000e+03 6.122000000000000000e+03 1.955571418009999923e-02 1.021140563279999969e-02
6.122000000000000000e+03 6.123000000000000000e+03 1.613190553000000069e-02 7.997688535499999571e-03
6.123000000000000000e+03 6.124000000000000000e+03 2.362418784900000013e-02 8.201651015299999889e-03
6.124000000000000000e+03 6.125000000000000000e+03 7.600341542300000086e-03 4.970679680299999910e-03
6.125000000000000000e+03 6.126000000000000000e+03 2.621440232500000210e-03 3.173684821799999979e-03
6.126000000000000000e+03 6.127000000000000000e+03 2.947268859399999798e-03 3.045210270800000063e-03
6.127000000000000000e+03 6.128000000000000000e+03 -1.085567330829999982e-02 1.324246209709999990e-02
6.128000000000000000e+03 6.129000000000000000e+03 -5.734278590300000492e-03 1.180580167239999971e-02
6.129000000000000000e+03 6.130000000000000000e+03 2.972764028749999912e-02 1.121584672319999969e-02
6.130000000000000000e+03 6.131000000000000000e+03 1.202847665510000004e-02 8.969337609999999267e-03
6.131000000000000000e+03 6.132000000000000000e+03 2.205312645390000020e-02 9.000147168199999076e-03
6.132000000000000000e+03 6.133000000000000000e+03 2.635666337499999873e-02 8.199898666400000022e-03
6.133000000000000000e+03 6.134000000000000000e+03 1.514365779339999982e-02 5.953343980899999943e-03
6.134000000000000000e+03 6.135000000000000000e+03 2.105857907500000015e-02 7.889650106000000232e-03
6.135000000000000000e+03 6.136000000000000000e+03 1.160757475700000159e-02 4.740414415899999422e-03
6.136000000000000000e+03 6.137000000000000000e+03 1.848768532640000014e-03 3.723981430800000179e-03
6.137000000000000000e+03 6.138000000000000000e+03 4.045844960900000023e-03 2.988671112599999673e-03
6.138000000000000000e+03 6.139000000000000000e+03 1.810557876060000029e-02 1.260676034280000003e-02
6.139000000000000000e+03 6.140000000000000000e+03 1.785180154289999974e-02 1.051356799749999897e-02
6.140000000000000000e+03 6.141000000000000000e+03 1.615201890507000221e-02 1.055014076780000018e-02
6.141000000000000000e+03 6.142000000000000000e+03 1.278973639689999844e-02 1.000383284679999887e-02
6.142000000000000000e+03 6.143000000000000000e+03 1.546807171900000007e-02 8.557155820699999596e-03
6.143000000000000000e+03 6.144000000000000000e+03 6.120317436199999850e-03 9.745516694400000249e-03
6.144000000000000000e+03 6.145000000000000000e+03 8.439284095940000757e-03 7.569747054900000278e-03
6.145000000000000000e+03 6.146000000000000000e+03 -2.325137138610000338e-03 5.853836998800000455e-03
6.146000000000000000e+03 6.147000000000000000e+03 5.249228535709999678e-03 5.274496942800000442e-03
6.147000000000000000e+03 6.148000000000000000e+03 -3.453551889100000237e-03 2.726187206400000097e-03
6.148000000000000000e+03 6.149000000000000000e+03 5.213334214199999775e-03 2.558991518300000184e-03
6.149000000000000000e+03 6.150000000000000000e+03 1.064225886990000092e-02 1.080129145590000110e-02
6.150000000000000000e+03 6.151000000000000000e+03 2.296342289040000095e-02 1.231775581710000018e-02
6.151000000000000000e+03 6.152000000000000000e+03 2.052430641429999966e-02 1.360088467249999898e-02
6.152000000000000000e+03 6.153000000000000000e+03 2.041337550499999764e-02 1.059223073050000012e-02
6.153000000000000000e+03 6.154000000000000000e+03 2.509793740209999985e-02 1.006593322569999949e-02
6.154000000000000000e+03 6.155000000000000000e+03 2.209713153209999677e-03 1.076096810599999967e-02
6.155000000000000000e+03 6.156000000000000000e+03 2.459976436799999819e-02 6.401088137099999846e-03
6.156000000000000000e+03 6.157000000000000000e+03 1.352756106019999995e-02 6.225451334399999780e-03
6.157000000000000000e+03 6.158000000000000000e+03 6.435116137500000374e-03 4.403081580800000637e-03
6.158000000000000000e+03 6.159000000000000000e+03 4.039704475199999874e-03 3.880286422099999636e-03
6.159000000000000000e+03 6.160000000000000000e+03 -7.370316134899999828e-04 2.097372595400000261e-03
6.160000000000000000e+03 6.161000000000000000e+03 2.774808169170000019e-02 1.185266314890000110e-02
6.161000000000000000e+03 6.162000000000000000e+03 1.548635425389999903e-02 1.219045631289999987e-02
6.162000000000000000e+03 6.163000000000000000e+03 1.721179323019999749e-02 9.889403656100000453e-03
6.163000000000000000e+03 6.164000000000000000e+03 2.980040727580000187e-02 1.043651216600000042e-02
6.164000000000000000e+03 6.165000000000000000e+03 3.484392168099999850e-03 8.614089755299999748e-03
6.165000000000000000e+03 6.166000000000000000e+03 9.310624913000000238e-03 9.700513782100000232e-03
6.166000000000000000e+03 6.167000000000000000e+03 1.235692178500000064e-02 6.346130417500000023e-03
6.167000000000000000e+03 6.168000000000000000e+03 1.931579623100000004e-02 6.497923313299999726e-03
6.168000000000000000e+03 6.169000000000000000e+03 7.563827041900000360e-03 5.051827832700000152e-03
6.169000000000000000e+03 6.170000000000000000e+03 4.534028432699999805e-03 4.716840220999999472e-03
6.170000000000000000e+03 6.171000000000000000e+03 4.576937412699999715e-03 2.585705401499999688e-03
6.171000000000000000e+03 6.172000000000000000e+03 1.210280367660000050e-02 1.126069548050000028e-02
6.172000000000000000e+03 6.173000000000000000e+03 7.273523077099999616e-03 9.888522396200000175e-03
6.173000000000000000e+03 6.174000000000000000e+03 2.223888414840000105e-02 8.777710470300001400e-03
6.174000000000000000e+03 6.175000000000000000e+03 2.391632562759999844e-02 9.129023680500000099e-03
6.175000000000000000e+03 6.176000000000000000e+03 9.003936006399999165e-03 8.518576617799998585e-03
6.176000000000000000e+03 6.177000000000000000e+03 6.662038293100000334e-03 1.015078504510000083e-02
6.177000000000000000e+03 6.178000000000000000e+03 6.502731500400000392e-03 8.004639507199999907e-03
6.178000000000000000e+03 6.179000000000000000e+03 1.274737402089999930e-02 7.614174570099999789e-03
6.179000000000000000e+03 6.180000000000000000e+03 1.194467707099999918e-03 4.558275904900000071e-03
6.180000000000000000e+03 6.181000000000000000e+03 4.835118557999999733e-03 3.519501001600000047e-03
6.181000000000000000e+03 6.182000000000000000e+03 5.543220224499999932e-03 2.932503748699999933e-03
6.182000000000000000e+03 6.183000000000000000e+03 2.155850379529999916e-02 9.161995201400000011e-03
6.183000000000000000e+03 6.184000000000000000e+03 4.776030892469999498e-03 1.233435090249999921e-02
6.184000000000000000e+03 6.185000000000000000e+03 -1.785756612099999915e-03 1.046771190450000028e-02
6.185000000000000000e+03 6.186000000000000000e+03 2.642171608419999901e-02 9.173818020399999648e-03
6.186000000000000000e+03 6.187000000000000000e+03 1.377362732219999941e-02 8.785226057899999177e-03
6.187000000000000000e+03 6.188000000000000000e+03 1.465385393699999940e-03 9.403472386499999933e-03
6.188000000000000000e+03 6.189000000000000000e+03 1.849578531530000208e-02 6.563440776199999487e-03
6.189000000000000000e+03 6.190000000000000000e+03 9.747961680199999923e-03 6.442432100400000486e-03
6.190000000000000000e+03 6.191000000000000000e+03 7.734414867500000006e-03 4.469118314199999574e-03
6.191000000000000000e+03 6.192000000000000000e+03 -2.822564580690000054e-03 3.761835444400000138e-03
6.192000000000000000e+03 6.193000000000000000e+03 -2.444107047400000208e-03 2.629797226099999958e-03
6.193000000000000000e+03 6.194000000000000000e+03 -8.687037091000000659e-05 1.075991017499999987e-02
6.194000000000000000e+03 6.195000000000000000e+03 5.644729508620000523e-03 9.137037903099999928e-03
6.195000000000000000e+03 6.196000000000000000e+03 -3.422098685299999627e-03 1.196720706620000088e-02
6.196000000000000000e+03 6.197000000000000000e+03 1.850551944000000107e-03 8.133684223300000418e-03
6.197000000000000000e+03 6.198000000000000000e+03 2.241497575690000119e-02 9.376702687299998812e-03
6.198000000000000000e+03 6.199000000000000000e+03 1.349153825719999998e-02 8.225229848400000127e-03
6.199000000000000000e+03 6.200000000000000000e+03 1.341667180999999874e-03 7.614026219100000596e-03
6.200000000000000000e+03 6.201000000000000000e+03 1.532109772590000037e-02 8.273584067900000352e-03
6.201000000000000000e+03 6.202000000000000000e+03 4.857415195499999346e-03 4.824045269000000122e-03
6.202000000000000000e+03 6.203000000000000000e+03 7.495437625200000037e-03 3.696502063499999911e-03
6.203000000000000000e+03 6.204000000000000000e+03 -1.466475861700000053e-03 2.448540492300000163e-03
6.204000000000000000e+03 6.205000000000000000e+03 2.399977068280000070e-02 1.094082388999999961e-02
6.205000000000000000e+03 6.206000000000000000e+03 3.112637056499999860e-02 8.688391676500000285e-03
6.206000000000000000e+03 6.207000000000000000e+03 3.450759311499999871e-02 1.215866600069999935e-02
6.207000000000000000e+03 6.208000000000000000e+03 2.223193295699999947e-02 8.931998173099999633e-03
6.208000000000000000e+03 6.209000000000000000e+03 7.677755765300000104e-03 8.985924908300000485e-03
6.209000000000000000e+03 6.210000000000000000e+03 1.072611218989999969e-02 8.994475832999998879e-03
6.210000000000000000e+03 6.211000000000000000e+03 1.411329026450000058e-02 7.218987893400000307e-03
6.211000000000000000e+03 6.212000000000000000e+03 3.115704123100000202e-03 6.163823225600000184e-03
6.212000000000000000e+03 6.213000000000000000e+03 6.216807370700000619e-03 6.395994632399999887e-03
6.213000000000000000e+03 6.214000000000000000e+03 -1.213340800400000002e-03 3.284984531900000081e-03
6.214000000000000000e+03 6.215000000000000000e+03 4.722632784400000727e-03 2.690570554699999676e-03
6.215000000000000000e+03 6.216000000000000000e+03 2.061600307470000046e-02 1.056301425230000111e-02
6.216000000000000000e+03 6.217000000000000000e+03 1.610110967179999991e-02 9.155350838099998723e-03
6.217000000000000000e+03 6.218000000000000000e+03 5.398746259000000020e-02 1.313584400130000072e-02
6.218000000000000000e+03 6.219000000000000000e+03 1.022051946609999970e-02 8.732791731399999757e-03
6.219000000000000000e+03 6.220000000000000000e+03 1.070035732639999966e-02 8.086662227499999411e-03
6.220000000000000000e+03 6.221000000000000000e+03 1.754197301480000040e-02 7.905284628700000316e-03
6.221000000000000000e+03 6.222000000000000000e+03 1.261828689189999943e-02 7.015354248799999387e-03
6.222000000000000000e+03 6.223000000000000000e+03 1.899095373690000118e-03 7.563311919099999746e-03
6.223000000000000000e+03 6.224000000000000000e+03 6.341942476900000111e-03 4.860430710499999765e-03
6.224000000000000000e+03 6.225000000000000000e+03 8.519963621800000567e-03 3.546551553300000218e-03
6.225000000000000000e+03 6.226000000000000000e+03 -1.388273631399999973e-03 2.455583714000000081e-03
6.226000000000000000e+03 6.227000000000000000e+03 2.199745801990000277e-02 1.076114951439999939e-02
6.227000000000000000e+03 6.228000000000000000e+03 8.730583707599999521e-03 8.449398337800000103e-03
6.228000000000000000e+03 6.229000000000000000e+03 1.980798378456000153e-02 1.229381730420000055e-02
6.229000000000000000e+03 6.230000000000000000e+03 -2.401027077399999626e-03 1.179389894220000089e-02
6.230000000000000000e+03 6.231000000000000000e+03 2.248066887919999979e-02 8.682657424800000606e-03
6.231000000000000000e+03 6.232000000000000000e+03 3.163439263500000126e-03 9.430732352200000765e-03
6.232000000000000000e+03 6.233000000000000000e+03 4.223802085100000422e-03 5.992672206799999970e-03
6.233000000000000000e+03 6.234000000000000000e+03 1.250520427063099918e-03 6.514397328900000013e-03
6.234000000000000000e+03 6.235000000000000000e+03 8.439506441700000625e-03 4.752067740799999912e-03
6.235000000000000000e+03 6.236000000000000000e+03 8.486339165599999720e-03 3.879835599799999913e-03
6.236000000000000000e+03 6.237000000000000000e+03 -6.946429768800000716e-03 2.353194362299999755e-03
6.237000000000000000e+03 6.238000000000000000e+03 1.762403808677000250e-02 9.318549039399999512e-03
6.238000000000000000e+03 6.239000000000000000e+03 1.832125021269999723e-02 1.041328586269999953e-02
6.239000000000000000e+03 6.240000000000000000e+03 2.605283700650000075e-02 1.145517206679999914e-02
6.240000000000000000e+03 6.241000000000000000e+03 2.854341586669999903e-02 9.193980353400001138e-03
6.241000000000000000e+03 6.242000000000000000e+03 1.553684195199999882e-02 9.397947320500000049e-03
6.242000000000000000e+03 6.243000000000000000e+03 -3.794686253199999835e-03 8.066580870600000355e-03
6.243000000000000000e+03 6.244000000000000000e+03 1.208275473930000080e-02 6.546861759600000261e-03
6.244000000000000000e+03 6.245000000000000000e+03 6.968548583300000071e-03 5.903513613000000576e-03
6.245000000000000000e+03 6.246000000000000000e+03 4.085477611999999842e-03 4.732724819300000024e-03
6.246000000000000000e+03 6.247000000000000000e+03 8.788932840700000235e-03 3.442634963000000027e-03
6.247000000000000000e+03 6.248000000000000000e+03 3.811369716099999826e-03 2.486149381800000033e-03
6.248000000000000000e+03 6.249000000000000000e+03 1.684011626499999897e-03 9.306074413099999637e-03
6.249000000000000000e+03 6.250000000000000000e+03 3.280400056659999591e-02 1.308868134240000029e-02
6.250000000000000000e+03 6.251000000000000000e+03 1.972165060990000232e-02 8.878070577900000482e-03
6.251000000000000000e+03 6.252000000000000000e+03 2.292893501980000290e-02 8.145490459499998837e-03
6.252000000000000000e+03 6.253000000000000000e+03 4.796024041000000238e-04 9.518156440600000767e-03
6.253000000000000000e+03 6.254000000000000000e+03 9.303037437000000534e-03 8.407654884800001144e-03
6.254000000000000000e+03 6.255000000000000000e+03 1.251060652840000134e-02 8.222005474599999170e-03
6.255000000000000000e+03 6.256000000000000000e+03 1.252599706989999950e-02 5.792545206099999552e-03
6.256000000000000000e+03 6.257000000000000000e+03 1.103896665769999938e-02 4.928550089000000370e-03
6.257000000000000000e+03 6.258000000000000000e+03 -2.921701653999999736e-04 3.317527417699999825e-03
6.258000000000000000e+03 6.259000000000000000e+03 -2.451196953899999892e-03 2.423114298899999887e-03
6.259000000000000000e+03 6.260000000000000000e+03 4.137284993289999484e-03 9.112995086600000211e-03
6.260000000000000000e+03 6.261000000000000000e+03 -5.115794951000000000e-03 8.625861226100000126e-03
6.261000000000000000e+03 6.262000000000000000e+03 2.279479821129999986e-02 9.353076571699999939e-03
6.262000000000000000e+03 6.263000000000000000e+03 3.266282275099999938e-02 8.446326865700000061e-03
6.263000000000000000e+03 6.264000000000000000e+03 3.112864482299999846e-02 8.887146334399999292e-03
6.264000000000000000e+03 6.265000000000000000e+03 8.976399225699999845e-03 7.187946822199999669e-03
6.265000000000000000e+03 6.266000000000000000e+03 2.715127208699999895e-03 6.935716622999999435e-03
6.266000000000000000e+03 6.267000000000000000e+03 1.084852682040000037e-02 5.057118408299999916e-03
6.267000000000000000e+03 6.268000000000000000e+03 4.577139249499999687e-03 5.024328829699999457e-03
6.268000000000000000e+03 6.269000000000000000e+03 2.831737077000000095e-04 3.210054316900000110e-03
6.269000000000000000e+03 6.270000000000000000e+03 -2.462723563889999794e-03 2.455347580999999932e-03
6.270000000000000000e+03 6.271000000000000000e+03 2.014782916300000143e-02 1.112969480529999930e-02
6.271000000000000000e+03 6.272000000000000000e+03 -2.665283853999999685e-03 9.178552694899999934e-03
6.272000000000000000e+03 6.273000000000000000e+03 1.635856373479999820e-02 9.455002710200000049e-03
6.273000000000000000e+03 6.274000000000000000e+03 2.596230227729999854e-02 9.872996037399999966e-03
6.274000000000000000e+03 6.275000000000000000e+03 2.036428582200000212e-02 8.304392173799999416e-03
6.275000000000000000e+03 6.276000000000000000e+03 1.400711170659999991e-02 8.373020179200000440e-03
6.276000000000000000e+03 6.277000000000000000e+03 1.663737605519999968e-02 6.386711940200000097e-03
6.277000000000000000e+03 6.278000000000000000e+03 9.719988512100000144e-03 7.473757160800000195e-03
6.278000000000000000e+03 6.279000000000000000e+03 1.148442585369999908e-02 5.067325425699999684e-03
6.279000000000000000e+03 6.280000000000000000e+03 3.644865183099999743e-03 3.448380733599999779e-03
6.280000000000000000e+03 6.281000000000000000e+03 3.731012012200000255e-03 2.612533058799999808e-03
6.281000000000000000e+03 6.282000000000000000e+03 6.157854136000000473e-04 8.820236314999998703e-03
6.282000000000000000e+03 6.283000000000000000e+03 1.935067442009999819e-02 1.125735885659999956e-02
6.283000000000000000e+03 6.284000000000000000e+03 2.470910887269999953e-02 9.619556593999999822e-03
6.284000000000000000e+03 6.285000000000000000e+03 1.227358944430000098e-02 9.401336528999999775e-03
6.285000000000000000e+03 6.286000000000000000e+03 1.272703567763990018e-02 8.094139456900000668e-03
6.286000000000000000e+03 6.287000000000000000e+03 2.474596510700000085e-02 8.719783150900000876e-03
6.287000000000000000e+03 6.288000000000000000e+03 1.369379909619999891e-02 6.789913638799999727e-03
6.288000000000000000e+03 6.289000000000000000e+03 1.057136987679999952e-02 7.257729819999999415e-03
6.289000000000000000e+03 6.290000000000000000e+03 2.420980527990000339e-03 4.436831950300000604e-03
6.290000000000000000e+03 6.291000000000000000e+03 -6.339350718899999966e-04 3.182825026899999826e-03
6.291000000000000000e+03 6.292000000000000000e+03 6.076023107199999586e-03 2.683313474399999857e-03
6.292000000000000000e+03 6.293000000000000000e+03 1.638481745360000075e-02 1.068679347279999879e-02
6.293000000000000000e+03 6.294000000000000000e+03 1.422954606377000060e-02 1.221396545640000136e-02
6.294000000000000000e+03 6.295000000000000000e+03 2.078690690829999854e-02 9.807801421599999375e-03
6.295000000000000000e+03 6.296000000000000000e+03 -3.300316196529999926e-03 1.097992999299999932e-02
6.296000000000000000e+03 6.297000000000000000e+03 1.604257599159999992e-02 8.168529647700000298e-03
6.297000000000000000e+03 6.298000000000000000e+03 1.969555634599999897e-02 7.838145750099998962e-03
6.298000000000000000e+03 6.299000000000000000e+03 5.157948134699999292e-03 6.243629407199999953e-03
6.299000000000000000e+03 6.300000000000000000e+03 6.613100899700000493e-03 4.852564533700000175e-03
6.300000000000000000e+03 6.301000000000000000e+03 -2.479000425699999857e-03 3.360538155500000183e-03
6.301000000000000000e+03 6.302000000000000000e+03 3.113236735899999920e-03 3.823739997399999875e-03
6.302000000000000000e+03 6.303000000000000000e+03 1.503739724910000113e-03 2.012167963099999960e-03
6.303000000000000000e+03 6.304000000000000000e+03 1.972333369889999952e-02 1.059897067790000098e-02
6.304000000000000000e+03 6.305000000000000000e+03 7.202791345399999455e-03 9.352277920999999342e-03
6.305000000000000000e+03 6.306000000000000000e+03 2.452950424079999858e-02 1.150203764529999888e-02
6.306000000000000000e+03 6.307000000000000000e+03 1.921927408999999851e-02 8.741862474799999214e-03
6.307000000000000000e+03 6.308000000000000000e+03 2.537483556960000095e-02 8.557637913699999224e-03
6.308000000000000000e+03 6.309000000000000000e+03 2.937402976400000330e-03 9.415212302300000197e-03
6.309000000000000000e+03 6.310000000000000000e+03 7.790881765900000040e-03 5.659043192999999548e-03
6.310000000000000000e+03 6.311000000000000000e+03 1.250489167109999911e-02 6.353810314100000016e-03
6.311000000000000000e+03 6.312000000000000000e+03 6.091542398600000366e-03 4.145006843899999918e-03
6.312000000000000000e+03 6.313000000000000000e+03 1.092059224860000019e-03 2.745345498099999778e-03
6.313000000000000000e+03 6.314000000000000000e+03 1.667339485299999943e-03 2.368345476400000177e-03
6.314000000000000000e+03 6.315000000000000000e+03 7.920382732200000400e-03 8.629452491299999944e-03
6.315000000000000000e+03 6.316000000000000000e+03 1.173474076367999989e-02 1.022619969190000089e-02
6.316000000000000000e+03 6.317000000000000000e+03 9.450437301099999868e-03 8.907850524600000736e-03
6.317000000000000000e+03 6.318000000000000000e+03 1.695068812010000134e-02 8.815351677000000247e-03
6.318000000000000000e+03 6.319000000000000000e+03 1.972086438689999929e-02 7.653352073599999777e-03
6.319000000000000000e+03 6.320000000000000000e+03 1.635319080700000163e-02 7.888350691500000192e-03
6.320000000000000000e+03 6.321000000000000000e+03 1.753775956090000004e-02 6.626334135499999459e-03
6.321000000000000000e+03 6.322000000000000000e+03 -1.966799450999999910e-03 6.456478684499999954e-03
6.322000000000000000e+03 6.323000000000000000e+03 8.310016620499998535e-03 4.146962697199999687e-03
6.323000000000000000e+03 6.324000000000000000e+03 -6.905839423999999812e-04 2.737407267299999704e-03
6.324000000000000000e+03 6.325000000000000000e+03 5.434251154399999915e-03 2.526190858100000117e-03
6.325000000000000000e+03 6.326000000000000000e+03 7.487370554700000479e-03 1.065395250030000060e-02
6.326000000000000000e+03 6.327000000000000000e+03 1.998249662949999964e-02 1.084811841670000124e-02
6.327000000000000000e+03 6.328000000000000000e+03 6.681129024600000049e-03 9.109791589199998582e-03
6.328000000000000000e+03 6.329000000000000000e+03 1.976603708089999870e-02 8.086385048999999992e-03
6.329000000000000000e+03 6.330000000000000000e+03 2.983729893999999966e-02 8.836419053099999962e-03
6.330000000000000000e+03 6.331000000000000000e+03 1.967105460600000050e-02 7.179646660100000299e-03
6.331000000000000000e+03 6.332000000000000000e+03 2.020860993700000080e-02 9.418005458799999854e-03
6.332000000000000000e+03 6.333000000000000000e+03 2.877244966800000022e-03 5.494452966100000710e-03
6.333000000000000000e+03 6.334000000000000000e+03 2.575742854029999720e-03 4.944272263200000413e-03
6.334000000000000000e+03 6.335000000000000000e+03 -3.152082922500000061e-03 3.061910151999999979e-03
6.335000000000000000e+03 6.336000000000000000e+03 -2.675578697800000145e-03 1.780040236899999928e-03
6.336000000000000000e+03 6.337000000000000000e+03 2.318181460819999928e-02 1.164568307509999956e-02
6.337000000000000000e+03 6.338000000000000000e+03 2.644917441489999868e-02 1.076432645719999949e-02
6.338000000000000000e+03 6.339000000000000000e+03 2.734946674270000155e-02 1.094542050360000109e-02
6.339000000000000000e+03 6.340000000000000000e+03 2.416414338239999959e-02 8.591075311100000028e-03
6.340000000000000000e+03 6.341000000000000000e+03 1.659205717379999903e-02 7.298195217999999505e-03
6.341000000000000000e+03 6.342000000000000000e+03 1.278595410220000061e-02 6.455615773399999910e-03
6.342000000000000000e+03 6.343000000000000000e+03 5.942356335199999902e-03 6.218746385300000061e-03
6.343000000000000000e+03 6.344000000000000000e+03 1.313669771139999894e-02 5.180057936599999878e-03
6.344000000000000000e+03 6.345000000000000000e+03 -3.845063201000000191e-03 4.221203448200000312e-03
6.345000000000000000e+03 6.346000000000000000e+03 2.573952325050000382e-03 3.270467058499999975e-03
6.346000000000000000e+03 6.347000000000000000e+03 1.710411475600000035e-04 2.329633487500000228e-03
6.347000000000000000e+03 6.348000000000000000e+03 6.976857776599999957e-03 1.122517587809999939e-02
6.348000000000000000e+03 6.349000000000000000e+03 2.701356708270000184e-02 1.025065220199999905e-02
6.349000000000000000e+03 6.350000000000000000e+03 4.518645515279999525e-02 1.035776067500000092e-02
6.350000000000000000e+03 6.351000000000000000e+03 2.987203159200000138e-02 9.214095213400001066e-03
6.351000000000000000e+03 6.352000000000000000e+03 1.784070849590000188e-02 9.185235009900000885e-03
6.352000000000000000e+03 6.353000000000000000e+03 1.229689290599999922e-02 8.412374961000000304e-03
6.353000000000000000e+03 6.354000000000000000e+03 1.704338927439999832e-02 6.001252274000000095e-03
6.354000000000000000e+03 6.355000000000000000e+03 4.864472085600000072e-03 5.141314448000000072e-03
6.355000000000000000e+03 6.356000000000000000e+03 1.341413954459999905e-02 4.370742682800000077e-03
6.356000000000000000e+03 6.357000000000000000e+03 2.425700710669999663e-03 2.787559454299999746e-03
6.357000000000000000e+03 6.358000000000000000e+03 4.668876745500000029e-03 2.472845139999999865e-03
6.358000000000000000e+03 6.359000000000000000e+03 2.260401764389999985e-02 1.381722469030000067e-02
6.359000000000000000e+03 6.360000000000000000e+03 1.950658085000000000e-02 8.888434307400000164e-03
6.360000000000000000e+03 6.361000000000000000e+03 -8.193081388200001286e-03 1.007791484760000092e-02
6.361000000000000000e+03 6.362000000000000000e+03 2.165900793880000050e-02 9.160657723999999710e-03
6.362000000000000000e+03 6.363000000000000000e+03 1.320664651086999979e-02 9.233225628499999726e-03
6.363000000000000000e+03 6.364000000000000000e+03 9.381363122000000148e-04 7.246713446199999804e-03
6.364000000000000000e+03 6.365000000000000000e+03 1.908821620899999946e-02 6.348683007999999899e-03
6.365000000000000000e+03 6.366000000000000000e+03 1.055775008140000075e-02 5.448577428599999696e-03
6.366000000000000000e+03 6.367000000000000000e+03 8.125163767900000014e-03 4.365587406599999963e-03
6.367000000000000000e+03 6.368000000000000000e+03 4.679927159199999930e-03 3.305002441600000083e-03
6.368000000000000000e+03 6.369000000000000000e+03 -1.695828322399999953e-04 1.889996059599999972e-03
6.369000000000000000e+03 6.370000000000000000e+03 1.957658599169999694e-02 9.285310207799999174e-03
6.370000000000000000e+03 6.371000000000000000e+03 1.972714213149999798e-02 8.344756095299998844e-03
6.371000000000000000e+03 6.372000000000000000e+03 9.055840363799999571e-03 9.292312852300000162e-03
6.372000000000000000e+03 6.373000000000000000e+03 1.542380581459999907e-02 9.019433085000000405e-03
6.373000000000000000e+03 6.374000000000000000e+03 7.772520628199999608e-03 7.363549097400000007e-03
6.374000000000000000e+03 6.375000000000000000e+03 2.461653212400000124e-02 6.887972105199999771e-03
6.375000000000000000e+03 6.376000000000000000e+03 6.217330700299999492e-03 5.766975399399999758e-03
6.376000000000000000e+03 6.377000000000000000e+03 6.556588233000000500e-04 5.708741107099999691e-03
6.377000000000000000e+03 6.378000000000000000e+03 2.025462227699999923e-03 4.693206332300000130e-03
6.378000000000000000e+03 6.379000000000000000e+03 5.767462158500000560e-03 3.123387467800000164e-03
6.379000000000000000e+03 6.380000000000000000e+03 4.480197647999999497e-05 1.948740593899999946e-03
6.380000000000000000e+03 6.381000000000000000e+03 -1.804781476600000011e-03 1.173512579599999932e-02
6.381000000000000000e+03 6.382000000000000000e+03 1.126045111706000003e-02 9.116566378999999345e-03
6.382000000000000000e+03 6.383000000000000000e+03 7.618130400099999873e-03 1.053621357600000030e-02
6.383000000000000000e+03 6.384000000000000000e+03 5.441631021000000075e-03 8.984866028700000049e-03
6.384000000000000000e+03 6.385000000000000000e+03 1.869361952619999837e-02 7.912442578200000465e-03
6.385000000000000000e+03 6.386000000000000000e+03 1.547472667050000042e-02 7.346051524699999738e-03
6.386000000000000000e+03 6.387000000000000000e+03 1.614499798700000030e-02 5.603347342399999688e-03
6.387000000000000000e+03 6.388000000000000000e+03 1.527687157720000050e-02 4.816500015099999844e-03
6.388000000000000000e+03 6.389000000000000000e+03 7.590837903999999225e-04 4.686635270000000415e-03
6.389000000000000000e+03 6.390000000000000000e+03 3.316653415999999775e-03 3.438700635100000198e-03
6.390000000000000000e+03 6.391000000000000000e+03 1.947411900550000043e-03 1.647722298300000054e-03
6.391000000000000000e+03 6.392000000000000000e+03 2.082881645339999810e-02 1.343012452340000031e-02
6.392000000000000000e+03 6.393000000000000000e+03 1.583745074535999886e-02 8.814840615600000664e-03
6.393000000000000000e+03 6.394000000000000000e+03 2.735214639200000269e-02 8.929812624800000445e-03
6.394000000000000000e+03 6.395000000000000000e+03 1.630466481440000226e-02 8.548763154299999015e-03
6.395000000000000000e+03 6.396000000000000000e+03 9.640691567999999309e-03 7.678738057700000216e-03
6.396000000000000000e+03 6.397000000000000000e+03 1.434841284030000108e-02 6.823935653500000365e-03
6.397000000000000000e+03 6.398000000000000000e+03 1.049123169400000000e-02 6.327744300999999828e-03
6.398000000000000000e+03 6.399000000000000000e+03 7.615395735900000289e-03 5.594769914899999814e-03
6.399000000000000000e+03 6.400000000000000000e+03 4.102008547100000589e-03 4.100331475899999557e-03
6.400000000000000000e+03 6.401000000000000000e+03 2.062007004099999669e-03 3.101660353699999852e-03
6.401000000000000000e+03 6.402000000000000000e+03 4.966153899500000803e-04 2.123806883300000201e-03
6.402000000000000000e+03 6.403000000000000000e+03 2.011166026329999981e-02 9.012180211000000302e-03
6.403000000000000000e+03 6.404000000000000000e+03 2.504084864600000099e-02 1.196896575089999998e-02
6.404000000000000000e+03 6.405000000000000000e+03 2.002088667500000196e-02 8.986335293200000546e-03
6.405000000000000000e+03 6.406000000000000000e+03 3.566297348900000080e-02 7.703615341999999963e-03
6.406000000000000000e+03 6.407000000000000000e+03 -6.815268447100000446e-03 7.415652106500000666e-03
6.407000000000000000e+03 6.408000000000000000e+03 1.156331831240000121e-02 6.265014233099999545e-03
6.408000000000000000e+03 6.409000000000000000e+03 1.011613892419999973e-02 6.126787129200000383e-03
6.409000000000000000e+03 6.410000000000000000e+03 1.723001485600000188e-02 4.886699051300000263e-03
6.410000000000000000e+03 6.411000000000000000e+03 3.027620034899999955e-03 3.981490803499999898e-03
6.411000000000000000e+03 6.412000000000000000e+03 3.050540978800000275e-03 3.150665033899999971e-03
6.412000000000000000e+03 6.413000000000000000e+03 5.170311687499999989e-03 1.929307813400000030e-03
6.413000000000000000e+03 6.414000000000000000e+03 8.162252921419999377e-03 9.136691903900000591e-03
6.414000000000000000e+03 6.415000000000000000e+03 1.786706088099999923e-02 9.862573752399999422e-03
6.415000000000000000e+03 6.416000000000000000e+03 7.079993725800000533e-03 9.481535314699999703e-03
6.416000000000000000e+03 6.417000000000000000e+03 2.101320449309999894e-02 7.970131132199999302e-03
6.417000000000000000e+03 6.418000000000000000e+03 3.123697300909999974e-02 8.266845279400001495e-03
6.418000000000000000e+03 6.419000000000000000e+03 1.004908689951999889e-02 7.872022862800000936e-03
6.419000000000000000e+03 6.420000000000000000e+03 4.808277852200000362e-03 4.850295165599999986e-03
6.420000000000000000e+03 6.421000000000000000e+03 5.838919817599999562e-03 5.125652099400000022e-03
6.421000000000000000e+03 6.422000000000000000e+03 1.400267093399999892e-02 4.108960746499999879e-03
6.422000000000000000e+03 6.423000000000000000e+03 7.107743955000000004e-04 3.068888844499999963e-03
6.423000000000000000e+03 6.424000000000000000e+03 3.494394767599999681e-03 2.059669783900000117e-03
6.424000000000000000e+03 6.425000000000000000e+03 4.318377084519999486e-03 9.742309233200000321e-03
6.425000000000000000e+03 6.426000000000000000e+03 2.214676448679999896e-02 1.044579265760000111e-02
6.426000000000000000e+03 6.427000000000000000e+03 -6.825973249499999590e-03 9.624953415599999187e-03
6.427000000000000000e+03 6.428000000000000000e+03 8.115430854999999485e-04 7.934098820100000601e-03
6.428000000000000000e+03 6.429000000000000000e+03 1.701084021150000083e-02 7.242064434999999877e-03
6.429000000000000000e+03 6.430000000000000000e+03 8.440503558710000381e-03 7.245021635099999427e-03
6.430000000000000000e+03 6.431000000000000000e+03 2.721405118800000311e-03 5.454761157200000224e-03
6.431000000000000000e+03 6.432000000000000000e+03 5.940696364300000407e-03 5.297794977499999981e-03
6.432000000000000000e+03 6.433000000000000000e+03 5.889094163500000314e-04 4.425143016800000065e-03
6.433000000000000000e+03 6.434000000000000000e+03 1.553134188880000034e-03 2.923376053299999930e-03
6.434000000000000000e+03 6.435000000000000000e+03 -1.633113865399999981e-03 1.899562612999999974e-03
6.435000000000000000e+03 6.436000000000000000e+03 7.009999461609999621e-03 9.269802832899999567e-03
6.436000000000000000e+03 6.437000000000000000e+03 2.002085313439999972e-02 9.144854504100000461e-03
6.437000000000000000e+03 6.438000000000000000e+03 2.974089139980000060e-02 1.020450475349999990e-02
6.438000000000000000e+03 6.439000000000000000e+03 2.575674616549999962e-02 8.160365399599999944e-03
6.439000000000000000e+03 6.440000000000000000e+03 1.723839632650000023e-02 6.932349057399999660e-03
6.440000000000000000e+03 6.441000000000000000e+03 1.844205759939999967e-02 6.963898048800000115e-03
6.441000000000000000e+03 6.442000000000000000e+03 1.633096473199999871e-02 5.842829595400000041e-03
6.442000000000000000e+03 6.443000000000000000e+03 -6.583265665100000285e-04 4.401557851500000236e-03
6.443000000000000000e+03 6.444000000000000000e+03 9.165136842599999265e-03 3.828210370499999897e-03
6.444000000000000000e+03 6.445000000000000000e+03 4.967994034000000614e-04 3.413356329899999882e-03
6.445000000000000000e+03 6.446000000000000000e+03 6.640574784600000420e-04 1.463646808900000021e-03
6.446000000000000000e+03 6.447000000000000000e+03 1.182065697353000024e-02 7.688010300899999691e-03
6.447000000000000000e+03 6.448000000000000000e+03 1.382644302568999950e-02 1.036296660290000025e-02
6.448000000000000000e+03 6.449000000000000000e+03 4.869302125599999850e-03 9.663902159700000008e-03
6.449000000000000000e+03 6.450000000000000000e+03 8.311697228500000006e-04 8.982980325400000132e-03
6.450000000000000000e+03 6.451000000000000000e+03 1.149673222299999950e-03 6.440412078700000036e-03
6.451000000000000000e+03 6.452000000000000000e+03 1.451726806320000063e-02 7.379823024800000360e-03
6.452000000000000000e+03 6.453000000000000000e+03 -5.875851650999999211e-04 5.451378063599999178e-03
6.453000000000000000e+03 6.454000000000000000e+03 2.186086902540000047e-03 5.220611009300000008e-03
6.454000000000000000e+03 6.455000000000000000e+03 -2.427901635479999889e-03 3.779236460600000035e-03
6.455000000000000000e+03 6.456000000000000000e+03 7.652450931000000060e-03 3.114345980700000075e-03
6.456000000000000000e+03 6.457000000000000000e+03 6.217169212899999534e-03 2.287387180199999988e-03
6.457000000000000000e+03 6.458000000000000000e+03 1.995179620180000113e-02 8.939799610800000865e-03
6.458000000000000000e+03 6.459000000000000000e+03 2.778102943459999970e-03 8.800710302200000917e-03
6.459000000000000000e+03 6.460000000000000000e+03 5.264175164559999585e-03 9.982970225799999223e-03
6.460000000000000000e+03 6.461000000000000000e+03 1.374730157179999968e-02 9.502995494400000298e-03
6.461000000000000000e+03 6.462000000000000000e+03 1.789900956259999829e-02 6.735503732500000215e-03
6.462000000000000000e+03 6.463000000000000000e+03 8.685045900000000485e-03 6.736882967500000714e-03
6.463000000000000000e+03 6.464000000000000000e+03 1.543734661090000009e-02 5.987764761000000449e-03
6.464000000000000000e+03 6.465000000000000000e+03 -8.865361620000000546e-04 4.475263276600000006e-03
6.465000000000000000e+03 6.466000000000000000e+03 4.198096167599999970e-03 3.304751459299999812e-03
6.466000000000000000e+03 6.467000000000000000e+03 3.224560680579999922e-03 2.884079553400000200e-03
6.467000000000000000e+03 6.468000000000000000e+03 7.200248943900000066e-03 2.283921994699999840e-03
6.468000000000000000e+03 6.469000000000000000e+03 2.568762505809999829e-03 9.739204657799999804e-03
6.469000000000000000e+03 6.470000000000000000e+03 2.444378851960000293e-02 8.257908788699998975e-03
6.470000000000000000e+03 6.471000000000000000e+03 1.731481375310000084e-02 7.681404497499999713e-03
6.471000000000000000e+03 6.472000000000000000e+03 7.753268156300000512e-03 8.627383851100000126e-03
6.472000000000000000e+03 6.473000000000000000e+03 2.589836428900000112e-02 8.589145978899998674e-03
6.473000000000000000e+03 6.474000000000000000e+03 2.539486773499999989e-02 7.992710304300000221e-03
6.474000000000000000e+03 6.475000000000000000e+03 5.668983910400000013e-03 4.929976580700000215e-03
6.475000000000000000e+03 6.476000000000000000e+03 1.463466254420000071e-02 4.555609447000000777e-03
6.476000000000000000e+03 6.477000000000000000e+03 7.639777638399999904e-03 4.063020783700000381e-03
6.477000000000000000e+03 6.478000000000000000e+03 -6.491971352200000310e-04 3.228720205200000248e-03
6.478000000000000000e+03 6.479000000000000000e+03 3.166679202400000340e-03 2.297700280600000009e-03
6.479000000000000000e+03 6.480000000000000000e+03 1.847206177979999683e-02 9.308682032899999112e-03
6.480000000000000000e+03 6.481000000000000000e+03 -4.372502434300000809e-03 1.089205776329999972e-02
6.481000000000000000e+03 6.482000000000000000e+03 2.258357304799999896e-02 8.990545620799999041e-03
6.482000000000000000e+03 6.483000000000000000e+03 6.753789794759999625e-03 8.137785666399999229e-03
6.483000000000000000e+03 6.484000000000000000e+03 2.260000461259999843e-02 6.945512227799999390e-03
6.484000000000000000e+03 6.485000000000000000e+03 1.052852322150000033e-02 7.685085603799999936e-03
6.485000000000000000e+03 6.486000000000000000e+03 2.200992616800000103e-03 5.766915688900000475e-03
6.486000000000000000e+03 6.487000000000000000e+03 9.998710302899999416e-03 5.484558387600000327e-03
6.487000000000000000e+03 6.488000000000000000e+03 3.262410233500000027e-03 3.770861786400000158e-03
6.488000000000000000e+03 6.489000000000000000e+03 -7.479194075299999515e-03 3.492169915599999726e-03
6.489000000000000000e+03 6.490000000000000000e+03 -1.088454091650000073e-03 1.550388012499999933e-03
6.490000000000000000e+03 6.491000000000000000e+03 1.280201235499999965e-02 9.420658036600000965e-03
6.491000000000000000e+03 6.492000000000000000e+03 1.230486818832000027e-02 1.034250274239999906e-02
6.492000000000000000e+03 6.493000000000000000e+03 -3.382337517799999943e-03 7.921983717099999669e-03
6.493000000000000000e+03 6.494000000000000000e+03 1.939999237513100050e-02 8.252147183500001260e-03
6.494000000000000000e+03 6.495000000000000000e+03 -4.792582634400000506e-03 7.709285212200000376e-03
6.495000000000000000e+03 6.496000000000000000e+03 2.271950685800000133e-02 7.591031260999999211e-03
6.496000000000000000e+03 6.497000000000000000e+03 2.245233541900000171e-02 5.532129008000000181e-03
6.497000000000000000e+03 6.498000000000000000e+03 5.556340358299999803e-03 4.691988197800000572e-03
6.498000000000000000e+03 6.499000000000000000e+03 4.545487158100000070e-03 3.709058950800000250e-03
6.499000000000000000e+03 6.500000000000000000e+03 3.958686315000000365e-03 3.609813617099999917e-03
6.500000000000000000e+03 6.501000000000000000e+03 -4.313231225900000039e-04 1.573606083000000065e-03
6.501000000000000000e+03 6.502000000000000000e+03 1.257155309599999968e-03 9.054240125299999400e-03
6.502000000000000000e+03 6.503000000000000000e+03 1.882208374539999854e-02 1.096258179169999972e-02
6.503000000000000000e+03 6.504000000000000000e+03 9.284604398899999958e-03 8.155900507300001268e-03
6.504000000000000000e+03 6.505000000000000000e+03 1.176474795730000043e-02 7.357567552100000019e-03
6.505000000000000000e+03 6.506000000000000000e+03 1.322281669900000033e-02 9.184626197500000283e-03
6.506000000000000000e+03 6.507000000000000000e+03 6.071001903609999674e-03 7.152651861399999395e-03
6.507000000000000000e+03 6.508000000000000000e+03 3.763914041000000418e-03 5.883853331999999194e-03
6.508000000000000000e+03 6.509000000000000000e+03 -4.675175548800000400e-03 4.852335230500000318e-03
6.509000000000000000e+03 6.510000000000000000e+03 7.811170538099999547e-03 3.369673172200000032e-03
6.510000000000000000e+03 6.511000000000000000e+03 1.116921418310000023e-03 2.748509018300000079e-03
6.511000000000000000e+03 6.512000000000000000e+03 2.027749766099999976e-03 1.775195112699999968e-03
6.512000000000000000e+03 6.513000000000000000e+03 -6.454873776700000183e-03 8.541629909399999984e-03
6.513000000000000000e+03 6.514000000000000000e+03 1.534012813890000063e-02 8.980949379299999619e-03
6.514000000000000000e+03 6.515000000000000000e+03 1.117711132309999987e-02 8.995506287199998494e-03
6.515000000000000000e+03 6.516000000000000000e+03 1.667346784870000001e-02 7.696169416999999735e-03
6.516000000000000000e+03 6.517000000000000000e+03 6.101292159100000015e-03 7.955317068299999281e-03
6.517000000000000000e+03 6.518000000000000000e+03 1.171186973449999877e-02 6.511962212300000108e-03
6.518000000000000000e+03 6.519000000000000000e+03 1.118950116530000038e-02 4.896307618700000003e-03
6.519000000000000000e+03 6.520000000000000000e+03 8.174432487499999275e-03 5.017543163500000174e-03
6.520000000000000000e+03 6.521000000000000000e+03 6.968601651600000134e-03 3.739285865700000145e-03
6.521000000000000000e+03 6.522000000000000000e+03 -2.682263294099999831e-03 2.638436722000000231e-03
6.522000000000000000e+03 6.523000000000000000e+03 -8.057160766600000119e-04 1.933829150399999936e-03
6.523000000000000000e+03 6.524000000000000000e+03 -9.627532654600000350e-03 7.632464632999999901e-03
6.524000000000000000e+03 6.525000000000000000e+03 1.330600511969999913e-02 8.425030445300000018e-03
6.525000000000000000e+03 6.526000000000000000e+03 8.950067160799999103e-03 8.354504710500001291e-03
6.526000000000000000e+03 6.527000000000000000e+03 1.785684902060000190e-02 7.895728565400000551e-03
6.527000000000000000e+03 6.528000000000000000e+03 9.152375549720001210e-03 6.869279739799999743e-03
6.528000000000000000e+03 6.529000000000000000e+03 -3.366606268599999733e-03 6.737764047500000714e-03
6.529000000000000000e+03 6.530000000000000000e+03 9.362203834899999327e-03 5.621718660299999948e-03
6.530000000000000000e+03 6.531000000000000000e+03 1.161502081080000026e-02 5.270503172999999909e-03
6.531000000000000000e+03 6.532000000000000000e+03 1.562768679200000031e-03 3.188930186799999924e-03
6.532000000000000000e+03 6.533000000000000000e+03 3.086602665000000301e-03 3.461832088200000011e-03
6.533000000000000000e+03 6.534000000000000000e+03 1.728955213600000002e-03 1.895655410400000004e-03
6.534000000000000000e+03 6.535000000000000000e+03 2.629297041119999824e-03 9.521596060399999464e-03
6.535000000000000000e+03 6.536000000000000000e+03 3.102962068209999882e-02 1.079713987650000005e-02
6.536000000000000000e+03 6.537000000000000000e+03 2.496521613410000034e-02 1.018091566360000005e-02
6.537000000000000000e+03 6.538000000000000000e+03 1.707273302289999753e-02 7.916631946299998793e-03
6.538000000000000000e+03 6.539000000000000000e+03 6.804981769599999925e-03 6.521877944200000013e-03
6.539000000000000000e+03 6.540000000000000000e+03 4.867467452800000073e-03 6.757300031199999987e-03
6.540000000000000000e+03 6.541000000000000000e+03 3.333248786400000267e-03 5.929097106099999806e-03
6.541000000000000000e+03 6.542000000000000000e+03 -4.681707237000000041e-04 5.104011941399999933e-03
6.542000000000000000e+03 6.543000000000000000e+03 5.297252255999999535e-03 3.346632691800000090e-03
6.543000000000000000e+03 6.544000000000000000e+03 4.031403974699999775e-03 3.477788564899999928e-03
6.544000000000000000e+03 6.545000000000000000e+03 5.370874778400000146e-03 1.868372033999999952e-03
6.545000000000000000e+03 6.546000000000000000e+03 9.895054880200000041e-03 1.041877445550000100e-02
6.546000000000000000e+03 6.547000000000000000e+03 3.108884429030000021e-03 8.191070348599999509e-03
6.547000000000000000e+03 6.548000000000000000e+03 3.251567962950000640e-02 1.055957598379999966e-02
6.548000000000000000e+03 6.549000000000000000e+03 1.730935906300000091e-02 7.779860944600000203e-03
6.549000000000000000e+03 6.550000000000000000e+03 9.741032202299999831e-03 8.003410489400000424e-03
6.550000000000000000e+03 6.551000000000000000e+03 2.106304259869999987e-02 8.003432386100000490e-03
6.551000000000000000e+03 6.552000000000000000e+03 3.953250836100000165e-03 5.272512734699999655e-03
6.552000000000000000e+03 6.553000000000000000e+03 3.265585718500000050e-03 4.198912582399999711e-03
6.553000000000000000e+03 6.554000000000000000e+03 8.145654422700000438e-03 3.765303655399999689e-03
6.554000000000000000e+03 6.555000000000000000e+03 -1.090227018100000051e-03 3.197959859600000340e-03
6.555000000000000000e+03 6.556000000000000000e+03 2.113444452000000275e-03 2.070207528300000224e-03
6.556000000000000000e+03 6.557000000000000000e+03 1.730637079280000074e-02 8.619852025800000053e-03
6.557000000000000000e+03 6.558000000000000000e+03 2.333756008181999894e-02 8.298847583500001610e-03
6.558000000000000000e+03 6.559000000000000000e+03 1.326762058410000007e-02 8.393178260299999707e-03
6.559000000000000000e+03 6.560000000000000000e+03 7.674431532500000479e-03 7.405140626999999823e-03
6.560000000000000000e+03 6.561000000000000000e+03 2.226830633780000138e-02 8.096672676599999188e-03
6.561000000000000000e+03 6.562000000000000000e+03 3.176954590100000177e-03 6.933685459700000484e-03
6.562000000000000000e+03 6.563000000000000000e+03 1.115175029169999943e-02 5.274118718599999332e-03
6.563000000000000000e+03 6.564000000000000000e+03 1.017173955300000078e-02 4.673030385499999870e-03
6.564000000000000000e+03 6.565000000000000000e+03 6.560651071999999522e-03 4.102061559900000223e-03
6.565000000000000000e+03 6.566000000000000000e+03 -7.851062990000000396e-04 3.084626127699999915e-03
6.566000000000000000e+03 6.567000000000000000e+03 -1.312438103999999991e-03 2.139329581200000163e-03
6.567000000000000000e+03 6.568000000000000000e+03 2.443615234069999864e-02 8.875405131399999661e-03
6.568000000000000000e+03 6.569000000000000000e+03 6.856574154059999829e-03 1.044796794800000039e-02
6.569000000000000000e+03 6.570000000000000000e+03 8.437642147299998993e-03 8.607069529900000793e-03
6.570000000000000000e+03 6.571000000000000000e+03 1.853952039847000036e-02 8.461988248300000501e-03
6.571000000000000000e+03 6.572000000000000000e+03 2.203269776219999795e-02 6.559381680100000167e-03
6.572000000000000000e+03 6.573000000000000000e+03 1.142428148510000151e-02 6.617643368300000183e-03
6.573000000000000000e+03 6.574000000000000000e+03 3.474868864500000112e-03 5.557339039099999829e-03
6.574000000000000000e+03 6.575000000000000000e+03 1.121709948219999989e-02 4.676340364399999942e-03
6.575000000000000000e+03 6.576000000000000000e+03 2.025996643300000035e-03 3.745996694300000006e-03
6.576000000000000000e+03 6.577000000000000000e+03 -2.931581733200000223e-03 3.039476876799999949e-03
6.577000000000000000e+03 6.578000000000000000e+03 1.277579320189999989e-03 2.126891271299999938e-03
6.578000000000000000e+03 6.579000000000000000e+03 -1.812091056130000002e-02 7.931050512800000632e-03
6.579000000000000000e+03 6.580000000000000000e+03 1.345173106389999963e-02 7.748550154999999696e-03
6.580000000000000000e+03 6.581000000000000000e+03 6.658814132700000173e-03 1.148329611739999992e-02
6.581000000000000000e+03 6.582000000000000000e+03 6.297539419449999475e-03 7.869362614300001030e-03
6.582000000000000000e+03 6.583000000000000000e+03 1.377808062830000041e-02 6.641828948799999299e-03
6.583000000000000000e+03 6.584000000000000000e+03 9.942508725549999496e-03 7.299814943600000175e-03
6.584000000000000000e+03 6.585000000000000000e+03 3.403815589200000127e-03 5.221165225999999798e-03
6.585000000000000000e+03 6.586000000000000000e+03 4.806913485599999779e-03 4.028879985399999412e-03
6.586000000000000000e+03 6.587000000000000000e+03 1.822089736420000111e-03 3.945628976500000287e-03
6.587000000000000000e+03 6.588000000000000000e+03 -3.384981458299999961e-03 2.747191257599999881e-03
6.588000000000000000e+03 6.589000000000000000e+03 3.853874061199999684e-03 1.697089377199999900e-03
6.589000000000000000e+03 6.590000000000000000e+03 5.321126601589999845e-03 8.238535468900000380e-03
6.590000000000000000e+03 6.591000000000000000e+03 2.869800916120000128e-02 9.239782946400000238e-03
6.591000000000000000e+03 6.592000000000000000e+03 1.022908945382999986e-02 7.698090912099999142e-03
6.592000000000000000e+03 6.593000000000000000e+03 1.450030327915999978e-02 7.373811087299999775e-03
6.593000000000000000e+03 6.594000000000000000e+03 2.060518250199999939e-03 7.626831980600000220e-03
6.594000000000000000e+03 6.595000000000000000e+03 7.244470176699999500e-03 7.007365462400000009e-03
6.595000000000000000e+03 6.596000000000000000e+03 2.002039926219999905e-02 6.483502382300000179e-03
6.596000000000000000e+03 6.597000000000000000e+03 2.318563159990000028e-03 4.314920260699999649e-03
6.597000000000000000e+03 6.598000000000000000e+03 -1.127559869900000107e-03 3.166998468699999680e-03
6.598000000000000000e+03 6.599000000000000000e+03 5.636822780099999888e-03 2.469129342499999744e-03
6.599000000000000000e+03 6.600000000000000000e+03 -5.994305265600000012e-04 1.709448631800000035e-03
6.600000000000000000e+03 6.601000000000000000e+03 1.555365962625999965e-02 8.023785232200000839e-03
6.601000000000000000e+03 6.602000000000000000e+03 1.716041022479999900e-02 8.405414757799999775e-03
6.602000000000000000e+03 6.603000000000000000e+03 1.371200629429999984e-02 7.672611016299999732e-03
6.603000000000000000e+03 6.604000000000000000e+03 9.427685058499999868e-03 7.976702983600000504e-03
6.604000000000000000e+03 6.605000000000000000e+03 1.924266155384999830e-02 7.813345482299999603e-03
6.605000000000000000e+03 6.606000000000000000e+03 9.717668194899999404e-03 7.260425804099999297e-03
6.606000000000000000e+03 6.607000000000000000e+03 1.557907649600000048e-02 5.083242791299999452e-03
6.607000000000000000e+03 6.608000000000000000e+03 1.014270124670000120e-02 4.320634759099999285e-03
6.608000000000000000e+03 6.609000000000000000e+03 8.178335617780000018e-04 4.057275170999999694e-03
6.609000000000000000e+03 6.610000000000000000e+03 3.719754100000000063e-03 2.720510034199999806e-03
6.610000000000000000e+03 6.611000000000000000e+03 3.865296035099999999e-03 2.000100043100000013e-03
6.611000000000000000e+03 6.612000000000000000e+03 4.901272148800000020e-03 8.482034723100001158e-03
6.612000000000000000e+03 6.613000000000000000e+03 2.408491690919999789e-02 8.158560838099999588e-03
6.613000000000000000e+03 6.614000000000000000e+03 6.319229299299999707e-03 7.806247263099999785e-03
6.614000000000000000e+03 6.615000000000000000e+03 3.293551685439999929e-03 7.756781955500000221e-03
6.615000000000000000e+03 6.616000000000000000e+03 1.252697614929999988e-02 7.057496370500000379e-03
6.616000000000000000e+03 6.617000000000000000e+03 6.187168279819999471e-03 5.792368080300000152e-03
6.617000000000000000e+03 6.618000000000000000e+03 1.323872425829999977e-02 6.060446828199999615e-03
6.618000000000000000e+03 6.619000000000000000e+03 2.527145884900000236e-03 4.746162931599999350e-03
6.619000000000000000e+03 6.620000000000000000e+03 6.282221428299999792e-03 3.648472035099999990e-03
6.620000000000000000e+03 6.621000000000000000e+03 3.711461702800000154e-03 2.476552490400000042e-03
6.621000000000000000e+03 6.622000000000000000e+03 1.472273264700000054e-03 1.738374856600000129e-03
6.622000000000000000e+03 6.623000000000000000e+03 6.160793558134999501e-03 7.413380590300000517e-03
6.623000000000000000e+03 6.624000000000000000e+03 2.077098951800000239e-03 7.589621648100000270e-03
6.624000000000000000e+03 6.625000000000000000e+03 1.815724177629999755e-02 8.583269672299999667e-03
6.625000000000000000e+03 6.626000000000000000e+03 1.657909636940000167e-02 7.252947428000000064e-03
6.626000000000000000e+03 6.627000000000000000e+03 2.302032503489999729e-02 8.936738214299999247e-03
6.627000000000000000e+03 6.628000000000000000e+03 3.860591376899999948e-03 6.319930316000000117e-03
6.628000000000000000e+03 6.629000000000000000e+03 -2.671277667500000048e-04 6.634254703999999808e-03
6.629000000000000000e+03 6.630000000000000000e+03 1.356048240449999991e-02 5.444650045900000478e-03
6.630000000000000000e+03 6.631000000000000000e+03 5.758545017300000304e-03 2.876965655999999972e-03
6.631000000000000000e+03 6.632000000000000000e+03 2.095106919599999673e-03 2.843371983599999979e-03
6.632000000000000000e+03 6.633000000000000000e+03 -3.133288234300000107e-03 1.448661713199999885e-03
6.633000000000000000e+03 6.634000000000000000e+03 1.647405558150000227e-02 6.994324078299999844e-03
6.634000000000000000e+03 6.635000000000000000e+03 9.309045603109999609e-03 7.657390779999999515e-03
6.635000000000000000e+03 6.636000000000000000e+03 1.234886349650000069e-02 8.157374237999998404e-03
6.636000000000000000e+03 6.637000000000000000e+03 2.042772705490000090e-02 7.449427024199999428e-03
6.637000000000000000e+03 6.638000000000000000e+03 2.135377208929999798e-02 5.578553479100000108e-03
6.638000000000000000e+03 6.639000000000000000e+03 1.509640414079999916e-02 5.390903428300000341e-03
6.639000000000000000e+03 6.640000000000000000e+03 1.623270110370000213e-02 4.904009511099999968e-03
6.640000000000000000e+03 6.641000000000000000e+03 1.340281547560000057e-02 4.645358350400000287e-03
6.641000000000000000e+03 6.642000000000000000e+03 2.386864905400000025e-03 4.270888225800000687e-03
6.642000000000000000e+03 6.643000000000000000e+03 -1.822292097389999915e-04 2.700062160200000002e-03
6.643000000000000000e+03 6.644000000000000000e+03 1.609041974459999962e-03 2.189592318199999957e-03
6.644000000000000000e+03 6.645000000000000000e+03 8.811375786510000988e-03 7.222340077600000047e-03
6.645000000000000000e+03 6.646000000000000000e+03 8.929229305300000891e-03 8.182161235500000004e-03
6.646000000000000000e+03 6.647000000000000000e+03 1.046571884030000031e-02 7.655473236199999976e-03
6.647000000000000000e+03 6.648000000000000000e+03 1.581246589579999792e-02 6.191127042499999442e-03
6.648000000000000000e+03 6.649000000000000000e+03 1.806949229350000158e-02 6.094550772000000179e-03
6.649000000000000000e+03 6.650000000000000000e+03 7.620596964799999755e-03 6.751653176199999724e-03
6.650000000000000000e+03 6.651000000000000000e+03 9.523910708599999872e-03 4.826559372199999351e-03
6.651000000000000000e+03 6.652000000000000000e+03 4.358172284700000121e-03 3.999015684499999945e-03
6.652000000000000000e+03 6.653000000000000000e+03 9.298080318800000087e-04 3.433006440400000053e-03
6.653000000000000000e+03 6.654000000000000000e+03 2.153945557200000107e-03 2.718818657999999989e-03
6.654000000000000000e+03 6.655000000000000000e+03 -1.154936127499999994e-03 1.670108777600000025e-03
6.655000000000000000e+03 6.656000000000000000e+03 6.190108523099999670e-03 7.676301872999999505e-03
6.656000000000000000e+03 6.657000000000000000e+03 2.088566820930000054e-02 8.563939725100000455e-03
6.657000000000000000e+03 6.658000000000000000e+03 7.161221940430000099e-03 9.036457498099999958e-03
6.658000000000000000e+03 6.659000000000000000e+03 2.877986027309999834e-02 7.297073541999999843e-03
6.659000000000000000e+03 6.660000000000000000e+03 2.555322665700000134e-02 8.311418310900001161e-03
6.660000000000000000e+03 6.661000000000000000e+03 7.923453225199999714e-03 5.830824718100000546e-03
6.661000000000000000e+03 6.662000000000000000e+03 2.333721249910000219e-03 6.430212561399999659e-03
6.662000000000000000e+03 6.663000000000000000e+03 5.005914106400000119e-03 4.421653754700000626e-03
6.663000000000000000e+03 6.664000000000000000e+03 7.293904213699999896e-03 3.258777091099999967e-03
6.664000000000000000e+03 6.665000000000000000e+03 3.452542821200000212e-03 3.035788065100000245e-03
6.665000000000000000e+03 6.666000000000000000e+03 3.116612687199999971e-03 1.809697238000000001e-03
6.666000000000000000e+03 6.667000000000000000e+03 1.516088585296000019e-02 8.094603133499999811e-03
6.667000000000000000e+03 6.668000000000000000e+03 1.537680401990000091e-02 8.148598292000000520e-03
6.668000000000000000e+03 6.669000000000000000e+03 -7.099136993000000184e-04 7.578148896800000409e-03
6.669000000000000000e+03 6.670000000000000000e+03 1.377915744400000017e-02 7.401916205300000662e-03
6.670000000000000000e+03 6.671000000000000000e+03 5.012495266850000054e-03 7.080375947500000197e-03
6.671000000000000000e+03 6.672000000000000000e+03 1.695994343799999901e-02 6.377509665299999943e-03
6.672000000000000000e+03 6.673000000000000000e+03 7.780075282000000619e-03 5.206485567600000267e-03
6.673000000000000000e+03 6.674000000000000000e+03 3.863469626199999857e-03 4.054125079400000033e-03
6.674000000000000000e+03 6.675000000000000000e+03 6.562808952300000194e-04 2.899668093000000273e-03
6.675000000000000000e+03 6.676000000000000000e+03 7.199276024999999579e-04 2.752789652900000401e-03
6.676000000000000000e+03 6.677000000000000000e+03 4.249286624599999773e-04 1.851751487199999966e-03
6.677000000000000000e+03 6.678000000000000000e+03 1.445427344490000064e-02 7.507718078499999934e-03
6.678000000000000000e+03 6.679000000000000000e+03 9.085828909600000142e-03 1.054376037869999942e-02
6.679000000000000000e+03 6.680000000000000000e+03 1.798049170940000177e-02 9.295355997900000417e-03
6.680000000000000000e+03 6.681000000000000000e+03 2.469891934069999833e-03 6.793590603999999714e-03
6.681000000000000000e+03 6.682000000000000000e+03 1.121382027999999866e-03 5.268254662199999688e-03
6.682000000000000000e+03 6.683000000000000000e+03 8.749046651100000210e-03 5.708601236200000310e-03
6.683000000000000000e+03 6.684000000000000000e+03 1.255352157049999945e-02 4.912810737100000054e-03
6.684000000000000000e+03 6.685000000000000000e+03 5.869665331000000451e-03 3.838809096399999846e-03
6.685000000000000000e+03 6.686000000000000000e+03 8.419446119000001394e-03 4.688548329599999918e-03
6.686000000000000000e+03 6.687000000000000000e+03 3.982523008500000149e-03 2.919492084199999931e-03
6.687000000000000000e+03 6.688000000000000000e+03 3.583256900100000118e-03 1.965789253100000064e-03
6.688000000000000000e+03 6.689000000000000000e+03 1.772613586529999882e-02 6.955381694400000238e-03
6.689000000000000000e+03 6.690000000000000000e+03 3.658561615068000282e-03 7.070947578499999810e-03
6.690000000000000000e+03 6.691000000000000000e+03 1.647592653449999819e-02 7.204324838699999872e-03
6.691000000000000000e+03 6.692000000000000000e+03 2.052148358190000049e-02 7.014830167699999397e-03
6.692000000000000000e+03 6.693000000000000000e+03 1.345232666259999973e-02 5.165072227899999806e-03
6.693000000000000000e+03 6.694000000000000000e+03 1.286309143370000137e-02 5.317859419600000012e-03
6.694000000000000000e+03 6.695000000000000000e+03 7.310715251740000122e-03 5.938056942299999898e-03
6.695000000000000000e+03 6.696000000000000000e+03 1.271003862599999826e-03 5.472398498199999330e-03
6.696000000000000000e+03 6.697000000000000000e+03 -4.701118384200000380e-04 4.122526096799999928e-03
6.697000000000000000e+03 6.698000000000000000e+03 1.155356751510000024e-03 2.317430082499999985e-03
6.698000000000000000e+03 6.699000000000000000e+03 1.820561375910000014e-03 1.858618887199999913e-03
6.699000000000000000e+03 6.700000000000000000e+03 2.291813721560000128e-02 9.253882366500000220e-03
6.700000000000000000e+03 6.701000000000000000e+03 2.318318895799999918e-02 7.509319180000000558e-03
6.701000000000000000e+03 6.702000000000000000e+03 2.315300138300000095e-03 6.680391883099999310e-03
6.702000000000000000e+03 6.703000000000000000e+03 1.399582842887000037e-02 6.221056789699999819e-03
6.703000000000000000e+03 6.704000000000000000e+03 1.087313433721999976e-02 6.526883280699999519e-03
6.704000000000000000e+03 6.705000000000000000e+03 1.171510519509999862e-02 5.404675033400000057e-03
6.705000000000000000e+03 6.706000000000000000e+03 1.181833446599999879e-02 5.629024452600000714e-03
6.706000000000000000e+03 6.707000000000000000e+03 9.835846171500000484e-03 4.861884614300000101e-03
6.707000000000000000e+03 6.708000000000000000e+03 6.842806588700000095e-03 3.293412158700000092e-03
6.708000000000000000e+03 6.709000000000000000e+03 -6.641076118000000276e-04 2.656748879900000092e-03
6.709000000000000000e+03 6.710000000000000000e+03 2.741970634799999716e-03 1.691144450700000001e-03
6.710000000000000000e+03 6.711000000000000000e+03 6.960859387740000494e-03 8.179662505400000366e-03
6.711000000000000000e+03 6.712000000000000000e+03 9.232950781000000967e-03 7.341670374299999642e-03
6.712000000000000000e+03 6.713000000000000000e+03 1.928873749140000080e-02 8.694176177500000449e-03
6.713000000000000000e+03 6.714000000000000000e+03 8.941862911869999722e-03 6.757388193299999728e-03
6.714000000000000000e+03 6.715000000000000000e+03 1.583976477779999986e-03 6.727059207500000332e-03
6.715000000000000000e+03 6.716000000000000000e+03 6.277271830899999912e-03 5.329184317299999474e-03
6.716000000000000000e+03 6.717000000000000000e+03 1.870790160920000195e-02 4.805423954600000248e-03
6.717000000000000000e+03 6.718000000000000000e+03 5.864388874099999739e-03 3.940334908500000254e-03
6.718000000000000000e+03 6.719000000000000000e+03 6.546551465899999415e-03 3.544254197699999755e-03
6.719000000000000000e+03 6.720000000000000000e+03 4.434992252700000262e-03 2.512170914600000103e-03
6.720000000000000000e+03 6.721000000000000000e+03 -1.177263478189999974e-03 1.572412560200000132e-03
6.721000000000000000e+03 6.722000000000000000e+03 4.787361442699999449e-03 8.531558474300000167e-03
6.722000000000000000e+03 6.723000000000000000e+03 1.565224581349999866e-02 7.401161131499999976e-03
6.723000000000000000e+03 6.724000000000000000e+03 5.930212672190000520e-03 7.004674292299999973e-03
6.724000000000000000e+03 6.725000000000000000e+03 7.734175887000000610e-03 5.771411607800000163e-03
6.725000000000000000e+03 6.726000000000000000e+03 2.580524696299999702e-03 7.423557816000000108e-03
6.726000000000000000e+03 6.727000000000000000e+03 7.394937739700000769e-03 5.258579883300000188e-03
6.727000000000000000e+03 6.728000000000000000e+03 1.687666890380000104e-02 4.936871164699999960e-03
6.728000000000000000e+03 6.729000000000000000e+03 1.351185126500000118e-03 3.339133977499999986e-03
6.729000000000000000e+03 6.730000000000000000e+03 6.471583356999999377e-03 3.054278929399999783e-03
6.730000000000000000e+03 6.731000000000000000e+03 -9.770958094299998960e-04 1.938547268999999892e-03
6.731000000000000000e+03 6.732000000000000000e+03 2.005670147170000341e-03 1.364775006700000076e-03
6.732000000000000000e+03 6.733000000000000000e+03 1.262649867934999975e-02 7.679503381600000581e-03
6.733000000000000000e+03 6.734000000000000000e+03 7.262999300200000292e-03 8.007008420700000365e-03
6.734000000000000000e+03 6.735000000000000000e+03 9.156977501899999164e-03 6.321731563900000184e-03
6.735000000000000000e+03 6.736000000000000000e+03 7.951026405999999172e-03 5.698442567599999731e-03
6.736000000000000000e+03 6.737000000000000000e+03 1.861174636190000148e-02 6.059251620400000343e-03
6.737000000000000000e+03 6.738000000000000000e+03 1.053751128729999917e-02 5.966225237799999657e-03
6.738000000000000000e+03 6.739000000000000000e+03 -3.904525191800000197e-03 4.660183463500000567e-03
6.739000000000000000e+03 6.740000000000000000e+03 4.377879812900000236e-03 4.729938321200000129e-03
6.740000000000000000e+03 6.741000000000000000e+03 9.059147987000000860e-03 3.035202885999999795e-03
6.741000000000000000e+03 6.742000000000000000e+03 6.565527041299999700e-03 2.679676012400000057e-03
6.742000000000000000e+03 6.743000000000000000e+03 3.650562569500000101e-03 2.067382365600000348e-03
6.743000000000000000e+03 6.744000000000000000e+03 1.871315667300000110e-03 7.348072554300000628e-03
6.744000000000000000e+03 6.745000000000000000e+03 1.716913843340000037e-02 9.207272565000000630e-03
6.745000000000000000e+03 6.746000000000000000e+03 9.063649015799998473e-03 6.498838372700000039e-03
6.746000000000000000e+03 6.747000000000000000e+03 1.650614875310000076e-02 5.557415083099999549e-03
6.747000000000000000e+03 6.748000000000000000e+03 1.180587763799999940e-02 6.203335973600000025e-03
6.748000000000000000e+03 6.749000000000000000e+03 7.292643237099999919e-03 7.662350770599999673e-03
6.749000000000000000e+03 6.750000000000000000e+03 6.981208504799999576e-03 4.176128671799999616e-03
6.750000000000000000e+03 6.751000000000000000e+03 4.244067345600000679e-03 4.526019886599999195e-03
6.751000000000000000e+03 6.752000000000000000e+03 3.812225950299999964e-03 3.313483922199999838e-03
6.752000000000000000e+03 6.753000000000000000e+03 -1.332637452399999855e-03 2.029481934000000251e-03
6.753000000000000000e+03 6.754000000000000000e+03 5.841523060200000308e-04 1.525453395699999859e-03
6.754000000000000000e+03 6.755000000000000000e+03 1.432370351739999971e-02 8.036818477599998872e-03
6.755000000000000000e+03 6.756000000000000000e+03 8.585481927000000041e-03 8.295496050199999832e-03
6.756000000000000000e+03 6.757000000000000000e+03 3.758711353830000105e-03 8.152140794400001070e-03
6.757000000000000000e+03 6.758000000000000000e+03 1.459583959100000002e-02 6.725415833399999398e-03
6.758000000000000000e+03 6.759000000000000000e+03 5.156739073200000342e-03 5.662052861399999824e-03
6.759000000000000000e+03 6.760000000000000000e+03 7.808213837600000255e-03 5.689025306200000583e-03
6.760000000000000000e+03 6.761000000000000000e+03 8.956351135200000049e-03 5.005429548300000496e-03
6.761000000000000000e+03 6.762000000000000000e+03 1.245202524320000032e-02 5.423811889999999650e-03
6.762000000000000000e+03 6.763000000000000000e+03 6.198586465799999987e-03 3.753367087299999769e-03
6.763000000000000000e+03 6.764000000000000000e+03 8.266526669600000182e-03 2.370549224999999975e-03
6.764000000000000000e+03 6.765000000000000000e+03 8.675745992599999921e-04 1.945404881900000046e-03
6.765000000000000000e+03 6.766000000000000000e+03 3.322091103519999970e-03 8.589595333399998797e-03
6.766000000000000000e+03 6.767000000000000000e+03 1.806216355170000079e-02 7.470419336700000190e-03
6.767000000000000000e+03 6.768000000000000000e+03 2.486765358959999728e-02 8.019626617800000579e-03
6.768000000000000000e+03 6.769000000000000000e+03 8.820341236800000387e-03 6.775285398400000304e-03
6.769000000000000000e+03 6.770000000000000000e+03 1.452168058519999992e-02 6.249431365699999533e-03
6.770000000000000000e+03 6.771000000000000000e+03 9.427161909199999884e-03 5.470406788999999589e-03
6.771000000000000000e+03 6.772000000000000000e+03 1.246581120350000009e-02 5.962055873100000243e-03
6.772000000000000000e+03 6.773000000000000000e+03 1.148988657840000101e-02 4.238096292400000270e-03
6.773000000000000000e+03 6.774000000000000000e+03 8.086430453200000451e-03 3.214883194499999850e-03
6.774000000000000000e+03 6.775000000000000000e+03 -1.313710001659999988e-04 2.276705057799999991e-03
6.775000000000000000e+03 6.776000000000000000e+03 -8.474243694999999835e-04 1.765535685199999972e-03
6.776000000000000000e+03 6.777000000000000000e+03 1.137942578649999911e-02 7.963653484400000371e-03
6.777000000000000000e+03 6.778000000000000000e+03 5.028076228980000138e-03 7.237874454400000310e-03
6.778000000000000000e+03 6.779000000000000000e+03 2.636210678030000143e-03 7.645335007000000037e-03
6.779000000000000000e+03 6.780000000000000000e+03 1.204765842860000026e-02 5.773983168899999782e-03
6.780000000000000000e+03 6.781000000000000000e+03 1.908516400759999870e-02 6.051826018900000222e-03
6.781000000000000000e+03 6.782000000000000000e+03 6.695815526300000035e-03 5.471274607800000363e-03
6.782000000000000000e+03 6.783000000000000000e+03 7.230976823699999771e-03 5.007763729999999830e-03
6.783000000000000000e+03 6.784000000000000000e+03 2.243855856200000116e-03 5.408505349699999944e-03
6.784000000000000000e+03 6.785000000000000000e+03 3.334274647730000197e-03 3.197657917699999776e-03
6.785000000000000000e+03 6.786000000000000000e+03 6.170869042300000142e-03 2.681484145599999976e-03
6.786000000000000000e+03 6.787000000000000000e+03 1.620192650713999944e-03 1.953066762099999907e-03
6.787000000000000000e+03 6.788000000000000000e+03 2.626091688160000007e-02 8.190072331800000299e-03
6.788000000000000000e+03 6.789000000000000000e+03 6.782162796879999921e-03 8.089472183199998903e-03
6.789000000000000000e+03 6.790000000000000000e+03 -1.946012119800000001e-03 7.859220590299999948e-03
6.790000000000000000e+03 6.791000000000000000e+03 1.798239187929999774e-02 6.198585159000000178e-03
6.791000000000000000e+03 6.792000000000000000e+03 8.167101908400000582e-03 7.883552820300000069e-03
6.792000000000000000e+03 6.793000000000000000e+03 5.240295829599999657e-03 5.228624955900000072e-03
6.793000000000000000e+03 6.794000000000000000e+03 7.949125016600000482e-03 4.154173827399999797e-03
6.794000000000000000e+03 6.795000000000000000e+03 8.504354266699999318e-03 4.100438237699999960e-03
6.795000000000000000e+03 6.796000000000000000e+03 2.696655682900000062e-03 3.121103484499999654e-03
6.796000000000000000e+03 6.797000000000000000e+03 -3.213873360799999589e-03 2.234386649400000018e-03
6.797000000000000000e+03 6.798000000000000000e+03 4.961259578700000228e-03 2.005012139599999989e-03
6.798000000000000000e+03 6.799000000000000000e+03 1.809395771820000026e-02 7.473146677100000156e-03
6.799000000000000000e+03 6.800000000000000000e+03 6.059487595999999907e-03 7.051764067900000155e-03
6.800000000000000000e+03 6.801000000000000000e+03 4.363750817589999616e-03 7.061675981699999834e-03
6.801000000000000000e+03 6.802000000000000000e+03 1.345063477820000047e-02 6.695547319099999506e-03
6.802000000000000000e+03 6.803000000000000000e+03 7.018997032800000473e-03 5.636873926900000040e-03
6.803000000000000000e+03 6.804000000000000000e+03 1.203683683640000002e-02 5.152104923399999925e-03
6.804000000000000000e+03 6.805000000000000000e+03 9.334314141099999546e-03 4.784621970799999603e-03
6.805000000000000000e+03 6.806000000000000000e+03 1.247919801700000117e-03 4.369270069499999257e-03
6.806000000000000000e+03 6.807000000000000000e+03 2.696416234699999977e-03 2.933710779699999840e-03
6.807000000000000000e+03 6.808000000000000000e+03 6.128767339199999928e-03 2.385948079099999702e-03
6.808000000000000000e+03 6.809000000000000000e+03 -1.183572357800000054e-03 1.152059416299999880e-03
6.809000000000000000e+03 6.810000000000000000e+03 1.900637234249999766e-02 7.090985264300000458e-03
6.810000000000000000e+03 6.811000000000000000e+03 8.036870285600000025e-03 7.400897400999999730e-03
6.811000000000000000e+03 6.812000000000000000e+03 -3.111403022200000083e-03 6.707940551199999615e-03
6.812000000000000000e+03 6.813000000000000000e+03 -7.739397458500000410e-03 6.607206313500000282e-03
6.813000000000000000e+03 6.814000000000000000e+03 1.067573835085000068e-02 6.400097907899999529e-03
6.814000000000000000e+03 6.815000000000000000e+03 2.225015667870000255e-02 5.863809568499999889e-03
6.815000000000000000e+03 6.816000000000000000e+03 3.120635886699999959e-03 4.886786859600000289e-03
6.816000000000000000e+03 6.817000000000000000e+03 8.786570893799999782e-03 4.294949848000000243e-03
6.817000000000000000e+03 6.818000000000000000e+03 2.189400008070999798e-03 3.543950394200000038e-03
6.818000000000000000e+03 6.819000000000000000e+03 3.702799208399999622e-03 1.867070292099999975e-03
6.819000000000000000e+03 6.820000000000000000e+03 1.342907449000000112e-03 1.896053156600000086e-03
6.820000000000000000e+03 6.821000000000000000e+03 1.019452793163999962e-02 5.752583633999999550e-03
6.821000000000000000e+03 6.822000000000000000e+03 1.476577190510000061e-02 7.446452611399999311e-03
6.822000000000000000e+03 6.823000000000000000e+03 2.837092443099999660e-03 6.859920321000000272e-03
6.823000000000000000e+03 6.824000000000000000e+03 1.788563385400000066e-03 6.491583861099999887e-03
6.824000000000000000e+03 6.825000000000000000e+03 1.802586588559999901e-03 4.709477496100000597e-03
6.825000000000000000e+03 6.826000000000000000e+03 1.037981169940000066e-02 5.468389801399999896e-03
6.826000000000000000e+03 6.827000000000000000e+03 8.761378955500000523e-03 5.028555742500000376e-03
6.827000000000000000e+03 6.828000000000000000e+03 8.802562293699999971e-03 5.182254693599999337e-03
6.828000000000000000e+03 6.829000000000000000e+03 4.507884974700000595e-03 3.037420181499999802e-03
6.829000000000000000e+03 6.830000000000000000e+03 3.629272798499999855e-03 2.413835581299999915e-03
6.830000000000000000e+03 6.831000000000000000e+03 1.047259177629999939e-03 1.590945943999999990e-03
6.831000000000000000e+03 6.832000000000000000e+03 6.988749535399999338e-03 5.356590730400000513e-03
6.832000000000000000e+03 6.833000000000000000e+03 9.817262678400001316e-03 8.306163445300000087e-03
6.833000000000000000e+03 6.834000000000000000e+03 9.823181167299998781e-03 6.866097264299999246e-03
6.834000000000000000e+03 6.835000000000000000e+03 1.894471620269999948e-02 5.497211914100000665e-03
6.835000000000000000e+03 6.836000000000000000e+03 1.702606688350000175e-02 5.149898537699999952e-03
6.836000000000000000e+03 6.837000000000000000e+03 6.892604903800000210e-03 6.037290136799999991e-03
6.837000000000000000e+03 6.838000000000000000e+03 1.684747908499999950e-03 5.830471177799999814e-03
6.838000000000000000e+03 6.839000000000000000e+03 8.600567655399999831e-03 3.897482579799999968e-03
6.839000000000000000e+03 6.840000000000000000e+03 1.192093956909999995e-03 2.935517512799999847e-03
6.840000000000000000e+03 6.841000000000000000e+03 -2.088624514899999887e-04 1.876539942899999817e-03
6.841000000000000000e+03 6.842000000000000000e+03 -1.799364580300000021e-03 1.115887485900000009e-03
6.842000000000000000e+03 6.843000000000000000e+03 -8.584324026600000795e-03 6.544573704699999453e-03
6.843000000000000000e+03 6.844000000000000000e+03 1.262912547020000019e-02 7.863849375900001243e-03
6.844000000000000000e+03 6.845000000000000000e+03 1.701538408002999797e-02 8.357834158299999594e-03
6.845000000000000000e+03 6.846000000000000000e+03 1.143589309060000052e-02 5.355130762599999254e-03
6.846000000000000000e+03 6.847000000000000000e+03 3.098757756199999915e-03 5.539165261500000013e-03
6.847000000000000000e+03 6.848000000000000000e+03 5.633989704200000233e-03 5.102920295999999190e-03
6.848000000000000000e+03 6.849000000000000000e+03 8.027917150899999826e-03 4.286881384000000399e-03
6.849000000000000000e+03 6.850000000000000000e+03 4.540623292450000556e-03 3.718934929800000143e-03
6.850000000000000000e+03 6.851000000000000000e+03 5.723920113999999941e-03 3.250929535400000001e-03
6.851000000000000000e+03 6.852000000000000000e+03 1.862505139640000060e-03 2.447945761699999931e-03
6.852000000000000000e+03 6.853000000000000000e+03 -1.034504273500000101e-03 1.399183700100000132e-03
6.853000000000000000e+03 6.854000000000000000e+03 1.246952057630000034e-02 8.034133420800001341e-03
6.854000000000000000e+03 6.855000000000000000e+03 2.415681529999999869e-02 7.796180260800000296e-03
6.855000000000000000e+03 6.856000000000000000e+03 4.511571961459999967e-03 6.521710309600000158e-03
6.856000000000000000e+03 6.857000000000000000e+03 1.401445953349999933e-02 7.025029176999999202e-03
6.857000000000000000e+03 6.858000000000000000e+03 1.468737454590000012e-02 5.167529144600000075e-03
6.858000000000000000e+03 6.859000000000000000e+03 2.755559261270999934e-03 5.427378083899999858e-03
6.859000000000000000e+03 6.860000000000000000e+03 1.152285836509999925e-02 3.709136351000000362e-03
6.860000000000000000e+03 6.861000000000000000e+03 8.292635353000000348e-03 4.121068311299999967e-03
6.861000000000000000e+03 6.862000000000000000e+03 -4.877397219999999884e-04 3.192940298199999864e-03
6.862000000000000000e+03 6.863000000000000000e+03 -1.171182041819999933e-03 2.059004879499999868e-03
6.863000000000000000e+03 6.864000000000000000e+03 7.717445082999999529e-04 1.603795875300000106e-03
6.864000000000000000e+03 6.865000000000000000e+03 1.423959544339999973e-02 6.930859978200000319e-03
6.865000000000000000e+03 6.866000000000000000e+03 1.116771603531000086e-02 6.496477067400000145e-03
6.866000000000000000e+03 6.867000000000000000e+03 2.869516353489999852e-02 8.674455774100000433e-03
6.867000000000000000e+03 6.868000000000000000e+03 -8.416691584699998938e-03 5.875296722399999533e-03
6.868000000000000000e+03 6.869000000000000000e+03 1.035195331849999949e-02 5.076070547899999910e-03
6.869000000000000000e+03 6.870000000000000000e+03 2.131209033360000060e-02 5.420638672299999718e-03
6.870000000000000000e+03 6.871000000000000000e+03 7.314075926999999942e-03 4.093786723599999663e-03
6.871000000000000000e+03 6.872000000000000000e+03 5.434617845000000620e-03 3.559992999699999969e-03
6.872000000000000000e+03 6.873000000000000000e+03 3.735831412200000048e-03 2.828625525399999958e-03
6.873000000000000000e+03 6.874000000000000000e+03 -1.996697293560000062e-03 2.452987182100000232e-03
6.874000000000000000e+03 6.875000000000000000e+03 -9.928900802499999664e-04 1.343214547900000019e-03
6.875000000000000000e+03 6.876000000000000000e+03 2.763072508580000086e-02 7.727678707100000058e-03
6.876000000000000000e+03 6.877000000000000000e+03 7.584520805699999750e-03 7.770548067899999377e-03
6.877000000000000000e+03 6.878000000000000000e+03 1.161946247929999954e-02 6.768257384099999815e-03
6.878000000000000000e+03 6.879000000000000000e+03 2.726816130910000250e-03 5.658282877000000120e-03
6.879000000000000000e+03 6.880000000000000000e+03 5.823020025200000005e-03 6.387086992100000395e-03
6.880000000000000000e+03 6.881000000000000000e+03 1.220708305429999904e-02 5.174484559999999525e-03
6.881000000000000000e+03 6.882000000000000000e+03 1.170256467079999925e-02 3.768656581599999934e-03
6.882000000000000000e+03 6.883000000000000000e+03 1.282468156190000102e-03 3.170989810899999851e-03
6.883000000000000000e+03 6.884000000000000000e+03 1.204743099053999901e-03 2.478940135900000244e-03
6.884000000000000000e+03 6.885000000000000000e+03 3.510926038999999995e-03 2.152705925399999668e-03
6.885000000000000000e+03 6.886000000000000000e+03 -1.799109385699999841e-03 1.302018610299999829e-03
6.886000000000000000e+03 6.887000000000000000e+03 -4.900777711599999670e-03 5.489375781800000069e-03
6.887000000000000000e+03 6.888000000000000000e+03 1.313509107977000115e-02 6.744668432100000416e-03
6.888000000000000000e+03 6.889000000000000000e+03 1.442105479039999978e-02 6.828420943499999458e-03
6.889000000000000000e+03 6.890000000000000000e+03 6.165401110020000096e-03 5.369706823300000355e-03
6.890000000000000000e+03 6.891000000000000000e+03 9.884059970900001615e-03 5.112785414699999934e-03
6.891000000000000000e+03 6.892000000000000000e+03 5.566655786899999368e-03 5.093387527499999845e-03
6.892000000000000000e+03 6.893000000000000000e+03 1.325115000719999901e-02 5.065808044099999463e-03
6.893000000000000000e+03 6.894000000000000000e+03 1.865314142100000031e-03 4.138505511199999654e-03
6.894000000000000000e+03 6.895000000000000000e+03 5.462955769299999759e-05 3.317206632299999746e-03
6.895000000000000000e+03 6.896000000000000000e+03 3.740869727300000138e-03 2.211694512800000106e-03
6.896000000000000000e+03 6.897000000000000000e+03 1.353589263550000060e-03 1.206575370299999960e-03
6.897000000000000000e+03 6.898000000000000000e+03 4.932319273739999531e-03 5.651501382700000777e-03
6.898000000000000000e+03 6.899000000000000000e+03 1.225987324612999932e-02 7.196410220000000295e-03
6.899000000000000000e+03 6.900000000000000000e+03 -2.028225967400000204e-03 6.195050270400000690e-03
6.900000000000000000e+03 6.901000000000000000e+03 1.014577127139999931e-02 6.404642795800000003e-03
6.901000000000000000e+03 6.902000000000000000e+03 3.871614942390000022e-03 4.886969014599999717e-03
6.902000000000000000e+03 6.903000000000000000e+03 9.906315247600000137e-03 5.341695704800000083e-03
6.903000000000000000e+03 6.904000000000000000e+03 9.005528023900000525e-03 3.902254965599999664e-03
6.904000000000000000e+03 6.905000000000000000e+03 1.109461499610000026e-02 3.802964137799999967e-03
6.905000000000000000e+03 6.906000000000000000e+03 2.333638829609999913e-03 3.054643830899999961e-03
6.906000000000000000e+03 6.907000000000000000e+03 -3.636362196500000053e-03 2.607223042299999967e-03
6.907000000000000000e+03 6.908000000000000000e+03 1.211725981199999807e-03 1.461907452000000066e-03
6.908000000000000000e+03 6.909000000000000000e+03 3.600945370240000044e-03 7.208973854399999999e-03
6.909000000000000000e+03 6.910000000000000000e+03 7.560863185099999696e-03 6.254631851499999930e-03
6.910000000000000000e+03 6.911000000000000000e+03 1.640339469160000119e-02 6.428972293200000548e-03
6.911000000000000000e+03 6.912000000000000000e+03 9.669236915200000310e-03 5.553804443199999996e-03
6.912000000000000000e+03 6.913000000000000000e+03 1.721906090410000104e-02 6.302030575699999956e-03
6.913000000000000000e+03 6.914000000000000000e+03 5.176780984800000845e-03 5.580147884100000386e-03
6.914000000000000000e+03 6.915000000000000000e+03 1.019512836649999997e-02 4.634366038500000069e-03
6.915000000000000000e+03 6.916000000000000000e+03 2.378442006000000119e-04 3.286015086800000116e-03
6.916000000000000000e+03 6.917000000000000000e+03 1.655446289000000017e-03 2.858996331599999996e-03
6.917000000000000000e+03 6.918000000000000000e+03 2.073777550199999882e-03 1.868010944000000157e-03
6.918000000000000000e+03 6.919000000000000000e+03 -2.542653504399999820e-04 9.963720509600000347e-04
6.919000000000000000e+03 6.920000000000000000e+03 9.120078640040000378e-03 6.447428125799999597e-03
6.920000000000000000e+03 6.921000000000000000e+03 1.290565337550719956e-02 5.604347000499999322e-03
6.921000000000000000e+03 6.922000000000000000e+03 -3.933380311499999615e-03 6.933166744200000391e-03
6.922000000000000000e+03 6.923000000000000000e+03 9.760965418500000199e-03 7.033367189999999679e-03
6.923000000000000000e+03 6.924000000000000000e+03 1.063060935409999852e-02 5.858317361399999375e-03
6.924000000000000000e+03 6.925000000000000000e+03 7.024314639900000427e-03 4.727024920699999556e-03
6.925000000000000000e+03 6.926000000000000000e+03 5.941861724600000332e-03 4.551980904200000205e-03
6.926000000000000000e+03 6.927000000000000000e+03 3.831989684299999966e-03 3.898726786199999995e-03
6.927000000000000000e+03 6.928000000000000000e+03 8.198603333299999199e-03 2.545025745899999990e-03
6.928000000000000000e+03 6.929000000000000000e+03 2.540309339099999959e-03 2.160113965799999834e-03
6.929000000000000000e+03 6.930000000000000000e+03 -2.829637719000000352e-04 1.627386137200000039e-03
6.930000000000000000e+03 6.931000000000000000e+03 4.734810035054000388e-03 5.851046503700000484e-03
6.931000000000000000e+03 6.932000000000000000e+03 -1.689055422800000159e-03 7.501700038400000228e-03
6.932000000000000000e+03 6.933000000000000000e+03 -6.958281647199999510e-03 9.563006387299999994e-03
6.933000000000000000e+03 6.934000000000000000e+03 6.207415944900000239e-03 5.789117844500000186e-03
6.934000000000000000e+03 6.935000000000000000e+03 1.657221771479999847e-03 6.557877965499999545e-03
6.935000000000000000e+03 6.936000000000000000e+03 1.103988855969999933e-02 4.686924372699999633e-03
6.936000000000000000e+03 6.937000000000000000e+03 7.310590566600000048e-03 4.105226358000000318e-03
6.937000000000000000e+03 6.938000000000000000e+03 1.210841810459999980e-02 4.750854438399999997e-03
6.938000000000000000e+03 6.939000000000000000e+03 2.069260148999999688e-03 3.081285244699999860e-03
6.939000000000000000e+03 6.940000000000000000e+03 1.910284699490000151e-03 1.847782971500000091e-03
6.940000000000000000e+03 6.941000000000000000e+03 2.320493603499999835e-03 1.232998241000000028e-03
6.941000000000000000e+03 6.942000000000000000e+03 -1.882655434799999829e-03 6.427803966699999726e-03
6.942000000000000000e+03 6.943000000000000000e+03 1.083975201222000043e-02 7.665311645400000110e-03
6.943000000000000000e+03 6.944000000000000000e+03 1.681316149169999677e-02 7.256737999600000079e-03
6.944000000000000000e+03 6.945000000000000000e+03 1.432059413039999882e-02 6.584529389700000124e-03
6.945000000000000000e+03 6.946000000000000000e+03 6.221473583400000118e-03 6.308852081700000274e-03
6.946000000000000000e+03 6.947000000000000000e+03 4.819108049700000090e-03 5.230157115199999748e-03
6.947000000000000000e+03 6.948000000000000000e+03 5.522794577400000349e-03 4.222208109699999816e-03
6.948000000000000000e+03 6.949000000000000000e+03 1.667547928129999848e-03 3.050641126300000176e-03
6.949000000000000000e+03 6.950000000000000000e+03 -3.134514781499999833e-03 2.829795435399999875e-03
6.950000000000000000e+03 6.951000000000000000e+03 -1.993796120000000107e-05 2.021469821699999839e-03
6.951000000000000000e+03 6.952000000000000000e+03 1.998843460599999695e-03 1.638357965099999924e-03
6.952000000000000000e+03 6.953000000000000000e+03 7.503819157499999268e-03 7.351048233899999847e-03
6.953000000000000000e+03 6.954000000000000000e+03 8.670831989549999605e-03 6.401974437600000019e-03
6.954000000000000000e+03 6.955000000000000000e+03 7.537743274389999831e-03 6.286841680299999971e-03
6.955000000000000000e+03 6.956000000000000000e+03 6.358909455299999354e-03 6.492718411899999972e-03
6.956000000000000000e+03 6.957000000000000000e+03 3.118015642409999785e-03 6.327514138499999892e-03
6.957000000000000000e+03 6.958000000000000000e+03 3.791077244680000121e-03 5.427985135000000516e-03
6.958000000000000000e+03 6.959000000000000000e+03 3.427375055199999819e-03 5.379984030500000076e-03
6.959000000000000000e+03 6.960000000000000000e+03 1.032454902879999942e-02 3.252487755899999798e-03
6.960000000000000000e+03 6.961000000000000000e+03 7.103721067899999332e-03 3.091891141400000039e-03
6.961000000000000000e+03 6.962000000000000000e+03 2.737758139300000212e-03 1.871086138800000026e-03
6.962000000000000000e+03 6.963000000000000000e+03 -8.413749908000000806e-04 1.328902271499999860e-03
6.963000000000000000e+03 6.964000000000000000e+03 1.821154165199999906e-03 6.085985033300000263e-03
6.964000000000000000e+03 6.965000000000000000e+03 2.643937213760000002e-02 7.843020256399999349e-03
6.965000000000000000e+03 6.966000000000000000e+03 8.088115581800000425e-03 6.131297956599999696e-03
6.966000000000000000e+03 6.967000000000000000e+03 1.275472644079999988e-02 5.592165626100000474e-03
6.967000000000000000e+03 6.968000000000000000e+03 1.928394697160000157e-02 5.594272679799999239e-03
6.968000000000000000e+03 6.969000000000000000e+03 1.537236744199999873e-02 4.581960714999999684e-03
6.969000000000000000e+03 6.970000000000000000e+03 8.329327231999999808e-04 4.025440176399999563e-03
6.970000000000000000e+03 6.971000000000000000e+03 4.738256891099999930e-03 3.372633012400000178e-03
6.971000000000000000e+03 6.972000000000000000e+03 3.344945183999999908e-03 2.616776402599999690e-03
6.972000000000000000e+03 6.973000000000000000e+03 3.638633194100000020e-03 2.079291399599999830e-03
6.973000000000000000e+03 6.974000000000000000e+03 -5.661284300999999382e-04 1.004676887759999981e-03
6.974000000000000000e+03 6.975000000000000000e+03 -5.023687858000000462e-04 7.834988627600000810e-03
6.975000000000000000e+03 6.976000000000000000e+03 8.177143186490000090e-03 6.544754839800000223e-03
6.976000000000000000e+03 6.977000000000000000e+03 1.086592236189999963e-02 5.465862428500000390e-03
6.977000000000000000e+03 6.978000000000000000e+03 1.558656146099999997e-03 5.400621482999999785e-03
6.978000000000000000e+03 6.979000000000000000e+03 1.341419003260000027e-02 5.361763218999999851e-03
6.979000000000000000e+03 6.980000000000000000e+03 3.359398527399999959e-03 5.054059986899999725e-03
6.980000000000000000e+03 6.981000000000000000e+03 9.456917795499999654e-03 3.836469384300000146e-03
6.981000000000000000e+03 6.982000000000000000e+03 6.418493488199999465e-03 3.399561249900000161e-03
6.982000000000000000e+03 6.983000000000000000e+03 1.271584275799999891e-03 3.103047183999999969e-03
6.983000000000000000e+03 6.984000000000000000e+03 2.916055218199999598e-03 2.107155393300000085e-03
6.984000000000000000e+03 6.985000000000000000e+03 4.220656837100000250e-04 1.634975397399999943e-03
6.985000000000000000e+03 6.986000000000000000e+03 1.043176620299999906e-02 5.856190495399999502e-03
6.986000000000000000e+03 6.987000000000000000e+03 1.902997341365000178e-02 7.274100082399999508e-03
6.987000000000000000e+03 6.988000000000000000e+03 -2.982062484160000020e-03 5.521759124200000327e-03
6.988000000000000000e+03 6.989000000000000000e+03 8.078243521200000402e-03 6.235872522800000282e-03
6.989000000000000000e+03 6.990000000000000000e+03 1.222065042249999983e-02 5.033044531800000276e-03
6.990000000000000000e+03 6.991000000000000000e+03 6.999335755700000598e-03 5.561429451000000045e-03
6.991000000000000000e+03 6.992000000000000000e+03 8.839875471700000750e-03 3.975265374499999983e-03
6.992000000000000000e+03 6.993000000000000000e+03 7.521789625300000877e-04 3.890856715300000050e-03
6.993000000000000000e+03 6.994000000000000000e+03 3.674508097300000029e-03 3.345032763500000155e-03
6.994000000000000000e+03 6.995000000000000000e+03 2.401876528920000083e-03 1.778679293499999935e-03
6.995000000000000000e+03 6.996000000000000000e+03 3.252417222700000003e-03 1.717230871699999871e-03
6.996000000000000000e+03 6.997000000000000000e+03 2.425550709850000236e-03 5.648622714800000284e-03
6.997000000000000000e+03 6.998000000000000000e+03 1.232090976086999863e-02 7.336019104699999585e-03
6.998000000000000000e+03 6.999000000000000000e+03 2.187720031699999859e-02 5.998365844599999608e-03
6.999000000000000000e+03 7.000000000000000000e+03 9.502281064109999870e-03 6.240906192999999720e-03
7.000000000000000000e+03 7.001000000000000000e+03 1.587376819320000017e-03 6.538265025600000120e-03
7.001000000000000000e+03 7.002000000000000000e+03 1.619101140360000232e-02 5.219467818099999407e-03
7.002000000000000000e+03 7.003000000000000000e+03 6.745738577899999810e-03 3.582767013400000016e-03
7.003000000000000000e+03 7.004000000000000000e+03 8.340451811900000817e-03 4.008351936599999221e-03
7.004000000000000000e+03 7.005000000000000000e+03 1.731217289999999881e-03 2.663755668199999961e-03
7.005000000000000000e+03 7.006000000000000000e+03 2.916341371000000064e-04 2.317002727100000298e-03
7.006000000000000000e+03 7.007000000000000000e+03 2.651704935700000074e-03 1.632214152499999928e-03
7.007000000000000000e+03 7.008000000000000000e+03 -3.011778092199999916e-03 5.914763109799999787e-03
7.008000000000000000e+03 7.009000000000000000e+03 5.458824924590000190e-03 5.944551619899999563e-03
7.009000000000000000e+03 7.010000000000000000e+03 6.683980291700000048e-03 7.396402432799999670e-03
7.010000000000000000e+03 7.011000000000000000e+03 1.305410653890000036e-02 5.605897723200000196e-03
7.011000000000000000e+03 7.012000000000000000e+03 7.854350807700000159e-03 5.007177850699999835e-03
7.012000000000000000e+03 7.013000000000000000e+03 3.369532319219999995e-03 4.457440140999999884e-03
7.013000000000000000e+03 7.014000000000000000e+03 6.612763524800000133e-03 4.118409521199999784e-03
7.014000000000000000e+03 7.015000000000000000e+03 -3.206129380000000053e-04 4.124489071800000253e-03
7.015000000000000000e+03 7.016000000000000000e+03 1.532206922678999977e-03 2.531708543499999915e-03
7.016000000000000000e+03 7.017000000000000000e+03 -1.910006460699999967e-03 2.123864798099999764e-03
7.017000000000000000e+03 7.018000000000000000e+03 -2.176922063999999987e-04 1.487267189399999823e-03
7.018000000000000000e+03 7.019000000000000000e+03 1.289867773580000068e-03 5.774799725500000085e-03
7.019000000000000000e+03 7.020000000000000000e+03 -6.547848134700000496e-03 6.292958463900000417e-03
7.020000000000000000e+03 7.021000000000000000e+03 1.598877807442000004e-02 6.781189765400000291e-03
7.021000000000000000e+03 7.022000000000000000e+03 -9.493176962000000798e-04 5.382243857200000314e-03
7.022000000000000000e+03 7.023000000000000000e+03 2.916921369200000270e-03 5.587489904999999590e-03
7.023000000000000000e+03 7.024000000000000000e+03 5.936391954300000197e-03 5.532636894399999873e-03
7.024000000000000000e+03 7.025000000000000000e+03 1.441086729509999907e-02 4.329918938500000244e-03
7.025000000000000000e+03 7.026000000000000000e+03 5.840015231400000340e-03 3.792083835799999868e-03
7.026000000000000000e+03 7.027000000000000000e+03 8.420853592399999560e-03 2.797834032399999695e-03
7.027000000000000000e+03 7.028000000000000000e+03 4.991683581199999817e-03 1.865325920600000020e-03
7.028000000000000000e+03 7.029000000000000000e+03 6.577927593900000265e-04 1.669072502400000034e-03
7.029000000000000000e+03 7.030000000000000000e+03 1.298278799890000001e-02 6.557726710800000289e-03
7.030000000000000000e+03 7.031000000000000000e+03 1.323758719169999994e-02 6.109841811400000544e-03
7.031000000000000000e+03 7.032000000000000000e+03 1.290336220926000151e-03 5.129414358299999588e-03
7.032000000000000000e+03 7.033000000000000000e+03 6.957404205999999543e-04 5.696269500600000153e-03
7.033000000000000000e+03 7.034000000000000000e+03 1.193876802349999947e-02 4.809887569000000432e-03
7.034000000000000000e+03 7.035000000000000000e+03 2.277488258909999772e-02 6.337613086800000101e-03
7.035000000000000000e+03 7.036000000000000000e+03 7.376290450000000723e-05 3.861769214300000194e-03
7.036000000000000000e+03 7.037000000000000000e+03 -1.141039117760000044e-03 3.401969592000000150e-03
7.037000000000000000e+03 7.038000000000000000e+03 8.059872321099999931e-03 2.488945780199999878e-03
7.038000000000000000e+03 7.039000000000000000e+03 1.256686085299999834e-03 1.552120017599999948e-03
7.039000000000000000e+03 7.040000000000000000e+03 3.439045572299999874e-03 1.491461581300000021e-03
7.040000000000000000e+03 7.041000000000000000e+03 1.205847985785999874e-02 6.619413282199999686e-03
7.041000000000000000e+03 7.042000000000000000e+03 1.083015286398000127e-02 6.339616914399999470e-03
7.042000000000000000e+03 7.043000000000000000e+03 5.007274178059999831e-03 5.529148072099999804e-03
7.043000000000000000e+03 7.044000000000000000e+03 1.662307917960000048e-02 6.646451703799999451e-03
7.044000000000000000e+03 7.045000000000000000e+03 -5.434562114299999573e-03 5.094434973400000476e-03
7.045000000000000000e+03 7.046000000000000000e+03 1.027868272720000066e-02 4.424846617600000295e-03
7.046000000000000000e+03 7.047000000000000000e+03 1.827056991700000193e-03 4.148761850000000015e-03
7.047000000000000000e+03 7.048000000000000000e+03 1.026303271320000085e-02 3.518799187700000046e-03
7.048000000000000000e+03 7.049000000000000000e+03 4.973695954600000808e-03 2.559124010600000339e-03
7.049000000000000000e+03 7.050000000000000000e+03 -9.544123904000000568e-04 1.649139114300000007e-03
7.050000000000000000e+03 7.051000000000000000e+03 -8.047407302000000439e-04 1.230951248899999880e-03
7.051000000000000000e+03 7.052000000000000000e+03 -3.621087373000000074e-04 5.771197391800000041e-03
7.052000000000000000e+03 7.053000000000000000e+03 -5.156671083699999880e-03 5.377335135500000557e-03
7.053000000000000000e+03 7.054000000000000000e+03 1.102967469860000049e-02 6.829943480599999679e-03
7.054000000000000000e+03 7.055000000000000000e+03 7.382583670000000646e-03 5.615249960900000302e-03
7.055000000000000000e+03 7.056000000000000000e+03 2.075561831500000176e-02 5.482958076700000100e-03
7.056000000000000000e+03 7.057000000000000000e+03 8.742729611260000163e-04 4.004133416600000155e-03
7.057000000000000000e+03 7.058000000000000000e+03 8.003161969399999465e-03 4.721346850699999556e-03
7.058000000000000000e+03 7.059000000000000000e+03 4.871762795799999650e-03 3.301743368699999997e-03
7.059000000000000000e+03 7.060000000000000000e+03 -1.296085639099999907e-03 3.068671146199999835e-03
7.060000000000000000e+03 7.061000000000000000e+03 4.277147890299999762e-03 1.842186102199999979e-03
7.061000000000000000e+03 7.062000000000000000e+03 2.570257247200000324e-03 1.577633858800000025e-03
7.062000000000000000e+03 7.063000000000000000e+03 7.284335918050000025e-03 7.244494068299999964e-03
7.063000000000000000e+03 7.064000000000000000e+03 2.134314109080000244e-02 5.648936029499999900e-03
7.064000000000000000e+03 7.065000000000000000e+03 1.558940962280000106e-02 6.880421086500000151e-03
7.065000000000000000e+03 7.066000000000000000e+03 -1.084115233500000013e-03 4.965156667399999932e-03
7.066000000000000000e+03 7.067000000000000000e+03 4.099125860779999700e-03 4.516609451700000742e-03
7.067000000000000000e+03 7.068000000000000000e+03 1.822138628540000051e-03 3.835581606399999892e-03
7.068000000000000000e+03 7.069000000000000000e+03 7.177062856699999681e-03 3.562145622699999705e-03
7.069000000000000000e+03 7.070000000000000000e+03 2.192664767099999825e-03 3.100224404000000069e-03
7.070000000000000000e+03 7.071000000000000000e+03 3.853992406499999988e-03 2.516792969800000189e-03
7.071000000000000000e+03 7.072000000000000000e+03 1.338593184670000113e-03 1.641035138600000073e-03
7.072000000000000000e+03 7.073000000000000000e+03 -2.761537847199999822e-04 1.138535957800000100e-03
7.073000000000000000e+03 7.074000000000000000e+03 -1.777289921699999999e-03 6.205705080000000276e-03
7.074000000000000000e+03 7.075000000000000000e+03 1.073600194870000073e-02 6.175686111400000011e-03
7.075000000000000000e+03 7.076000000000000000e+03 9.962608194210000045e-03 5.896674797600000122e-03
7.076000000000000000e+03 7.077000000000000000e+03 -2.435030900950000288e-03 4.685611689100000268e-03
7.077000000000000000e+03 7.078000000000000000e+03 1.003842997739999923e-02 5.311839198799999523e-03
7.078000000000000000e+03 7.079000000000000000e+03 1.375411034109999889e-02 4.800215068699999720e-03
7.079000000000000000e+03 7.080000000000000000e+03 1.826010673520000061e-03 3.678856606000000060e-03
7.080000000000000000e+03 7.081000000000000000e+03 8.963245075099999029e-03 4.586458632400000276e-03
7.081000000000000000e+03 7.082000000000000000e+03 1.536329442249999983e-03 2.568836460599999670e-03
7.082000000000000000e+03 7.083000000000000000e+03 1.750872626409999931e-03 1.624660261500000032e-03
7.083000000000000000e+03 7.084000000000000000e+03 -1.043504394609999844e-03 1.312020947299999841e-03
7.084000000000000000e+03 7.085000000000000000e+03 1.000190703710300034e-02 5.559138522300000052e-03
7.085000000000000000e+03 7.086000000000000000e+03 -1.438871919699999955e-03 5.843493857600000514e-03
7.086000000000000000e+03 7.087000000000000000e+03 1.634247917849999954e-02 5.814977930000000440e-03
7.087000000000000000e+03 7.088000000000000000e+03 7.639285663999999948e-03 5.025699077799999741e-03
7.088000000000000000e+03 7.089000000000000000e+03 1.234080054249999878e-02 5.782712921099999841e-03
7.089000000000000000e+03 7.090000000000000000e+03 8.026651043200000099e-03 4.777337827100000024e-03
7.090000000000000000e+03 7.091000000000000000e+03 4.888987138299999728e-04 4.041902276900000320e-03
7.091000000000000000e+03 7.092000000000000000e+03 9.143174935400000952e-03 3.586516279100000152e-03
7.092000000000000000e+03 7.093000000000000000e+03 -1.832112495649999883e-03 2.424198622999999917e-03
7.093000000000000000e+03 7.094000000000000000e+03 4.868542636700000023e-03 2.279719975999999933e-03
7.094000000000000000e+03 7.095000000000000000e+03 1.973210932470000067e-03 1.293844264100000056e-03
7.095000000000000000e+03 7.096000000000000000e+03 6.619219265700000167e-03 5.938350233699999682e-03
7.096000000000000000e+03 7.097000000000000000e+03 9.193493757000001376e-03 4.886132908499999684e-03
7.097000000000000000e+03 7.098000000000000000e+03 -3.053267921000000357e-04 6.291168047999999569e-03
7.098000000000000000e+03 7.099000000000000000e+03 5.602258641999999971e-04 5.348951229400000090e-03
7.099000000000000000e+03 7.100000000000000000e+03 6.014780764499999717e-03 6.433516965300000758e-03
7.100000000000000000e+03 7.101000000000000000e+03 6.533100826199999926e-03 3.585533450599999710e-03
7.101000000000000000e+03 7.102000000000000000e+03 5.799577550200000348e-03 3.804736539999999979e-03
7.102000000000000000e+03 7.103000000000000000e+03 5.139260012900000608e-04 3.928651149399999334e-03
7.103000000000000000e+03 7.104000000000000000e+03 4.425561970900000752e-03 2.699549029899999883e-03
7.104000000000000000e+03 7.105000000000000000e+03 4.740020816299999988e-03 2.016007145600000154e-03
7.105000000000000000e+03 7.106000000000000000e+03 1.529753279300000027e-03 1.282732874000000163e-03
7.106000000000000000e+03 7.107000000000000000e+03 1.876438441639999982e-03 5.047528925399999596e-03
7.107000000000000000e+03 7.108000000000000000e+03 -2.674835599100000051e-03 6.049302296099999879e-03
7.108000000000000000e+03 7.109000000000000000e+03 1.192344152790000139e-02 5.682939775199999377e-03
7.109000000000000000e+03 7.110000000000000000e+03 1.025344214720000022e-02 6.125878535700000384e-03
7.110000000000000000e+03 7.111000000000000000e+03 4.868147300700000242e-03 5.880047337999999742e-03
7.111000000000000000e+03 7.112000000000000000e+03 1.262030470310000069e-02 5.398272784000000303e-03
7.112000000000000000e+03 7.113000000000000000e+03 1.623047298449999815e-02 3.789919353199999730e-03
7.113000000000000000e+03 7.114000000000000000e+03 1.197456909939999953e-02 3.368247165699999723e-03
7.114000000000000000e+03 7.115000000000000000e+03 2.242010079900000254e-03 2.675187355900000320e-03
7.115000000000000000e+03 7.116000000000000000e+03 -1.129109145599999824e-03 2.241895386399999929e-03
7.116000000000000000e+03 7.117000000000000000e+03 -2.911116570199999681e-04 1.080169586300000050e-03
7.117000000000000000e+03 7.118000000000000000e+03 2.170523180050000240e-03 5.719399162399999709e-03
7.118000000000000000e+03 7.119000000000000000e+03 1.798694942900000036e-03 5.968364756999999451e-03
7.119000000000000000e+03 7.120000000000000000e+03 -7.761647105799999828e-04 5.062189874899999595e-03
7.120000000000000000e+03 7.121000000000000000e+03 1.024503159590000115e-02 5.483736106400000261e-03
7.121000000000000000e+03 7.122000000000000000e+03 9.448193462400000797e-03 5.659367272600000082e-03
7.122000000000000000e+03 7.123000000000000000e+03 1.898991102270000024e-03 3.903967869100000241e-03
7.123000000000000000e+03 7.124000000000000000e+03 4.289052524499999651e-03 4.047278270499999643e-03
7.124000000000000000e+03 7.125000000000000000e+03 1.458270394500000167e-03 2.319433906399999846e-03
7.125000000000000000e+03 7.126000000000000000e+03 -7.285230965600000309e-04 2.350708030400000190e-03
7.126000000000000000e+03 7.127000000000000000e+03 1.035392555409999889e-03 1.602472293099999967e-03
7.127000000000000000e+03 7.128000000000000000e+03 -2.775697203000000095e-04 1.458424809399999980e-03
7.128000000000000000e+03 7.129000000000000000e+03 8.058210278680000629e-03 6.235826257400000489e-03
7.129000000000000000e+03 7.130000000000000000e+03 -2.814306864999999939e-03 6.414708188500000199e-03
7.130000000000000000e+03 7.131000000000000000e+03 9.475873527100000041e-03 5.957942475599999413e-03
7.131000000000000000e+03 7.132000000000000000e+03 1.479523451929999969e-02 5.456619240899999827e-03
7.132000000000000000e+03 7.133000000000000000e+03 2.728012368550000125e-03 4.554558497500000615e-03
7.133000000000000000e+03 7.134000000000000000e+03 1.766489067089999998e-03 4.351432969699999681e-03
7.134000000000000000e+03 7.135000000000000000e+03 -1.753203848600000002e-03 3.774692588100000187e-03
7.135000000000000000e+03 7.136000000000000000e+03 2.970112355057000306e-03 3.141869776600000278e-03
7.136000000000000000e+03 7.137000000000000000e+03 3.237029594799999827e-03 2.479655319699999860e-03
7.137000000000000000e+03 7.138000000000000000e+03 5.138643289700000130e-03 1.896644410499999942e-03
7.138000000000000000e+03 7.139000000000000000e+03 -5.869510778999999798e-04 1.223330745899999872e-03
7.139000000000000000e+03 7.140000000000000000e+03 1.876024449540000111e-02 7.335518765899999745e-03
7.140000000000000000e+03 7.141000000000000000e+03 -4.259724478100000017e-03 5.647544046599999902e-03
7.141000000000000000e+03 7.142000000000000000e+03 6.528419253920000193e-03 5.427606269799999800e-03
7.142000000000000000e+03 7.143000000000000000e+03 3.079774867220000205e-03 7.589150006399999690e-03
7.143000000000000000e+03 7.144000000000000000e+03 7.035454252900000434e-03 4.841192738099999761e-03
7.144000000000000000e+03 7.145000000000000000e+03 1.473280481640000007e-02 4.304637149700000706e-03
7.145000000000000000e+03 7.146000000000000000e+03 5.566365329899999881e-03 4.173259125200000016e-03
7.146000000000000000e+03 7.147000000000000000e+03 4.406670498000000297e-03 3.551556351000000316e-03
7.147000000000000000e+03 7.148000000000000000e+03 4.650174685000000273e-03 2.826614417099999801e-03
7.148000000000000000e+03 7.149000000000000000e+03 2.262209092949999962e-03 1.803214145599999971e-03
7.149000000000000000e+03 7.150000000000000000e+03 1.726563827299999960e-03 1.274513791400000125e-03
7.150000000000000000e+03 7.151000000000000000e+03 -2.715004971799999875e-03 5.393917241299999756e-03
7.151000000000000000e+03 7.152000000000000000e+03 1.016947920590000054e-02 5.762517916100000533e-03
7.152000000000000000e+03 7.153000000000000000e+03 9.352183138000000340e-03 5.808146418199999945e-03
7.153000000000000000e+03 7.154000000000000000e+03 4.811936671499999867e-03 6.077544116299999841e-03
7.154000000000000000e+03 7.155000000000000000e+03 9.333904288899999915e-03 4.852852343600000395e-03
7.155000000000000000e+03 7.156000000000000000e+03 8.970195367599999303e-03 4.885966453299999367e-03
7.156000000000000000e+03 7.157000000000000000e+03 6.835356371800000407e-03 3.882400427699999809e-03
7.157000000000000000e+03 7.158000000000000000e+03 9.136420086200001262e-03 2.873242925899999710e-03
7.158000000000000000e+03 7.159000000000000000e+03 1.899928734509999861e-03 2.525173504099999938e-03
7.159000000000000000e+03 7.160000000000000000e+03 -5.206958755199999787e-04 1.732955709500000200e-03
7.160000000000000000e+03 7.161000000000000000e+03 1.167722196899999938e-03 1.300501836199999999e-03
7.161000000000000000e+03 7.162000000000000000e+03 -2.795887919400000081e-03 5.843314005000000040e-03
7.162000000000000000e+03 7.163000000000000000e+03 3.993139265490000360e-03 5.880790185099999887e-03
7.163000000000000000e+03 7.164000000000000000e+03 3.093636123649999830e-03 5.185141431200000067e-03
7.164000000000000000e+03 7.165000000000000000e+03 6.827445204569999523e-03 4.967849764099999295e-03
7.165000000000000000e+03 7.166000000000000000e+03 9.594340975500000035e-03 4.712943009700000171e-03
7.166000000000000000e+03 7.167000000000000000e+03 8.774698524400000033e-03 4.059240736499999426e-03
7.167000000000000000e+03 7.168000000000000000e+03 1.084038085050000044e-02 4.195010467600000272e-03
7.168000000000000000e+03 7.169000000000000000e+03 6.843483548099999446e-03 3.047033088000000289e-03
7.169000000000000000e+03 7.170000000000000000e+03 3.924536415900000373e-03 2.461564720499999793e-03
7.170000000000000000e+03 7.171000000000000000e+03 -3.948792435840000280e-04 1.687857968799999931e-03
7.171000000000000000e+03 7.172000000000000000e+03 -1.348686746000000037e-03 1.335716190900000048e-03
7.172000000000000000e+03 7.173000000000000000e+03 3.211421093160000007e-03 5.537784658699999515e-03
7.173000000000000000e+03 7.174000000000000000e+03 1.305883729539999982e-02 6.189170423300000001e-03
7.174000000000000000e+03 7.175000000000000000e+03 5.223531989099999828e-03 5.804973212900000311e-03
7.175000000000000000e+03 7.176000000000000000e+03 1.300742561559999934e-02 4.853456919799999970e-03
7.176000000000000000e+03 7.177000000000000000e+03 -3.006933174399999912e-03 6.344391081100000419e-03
7.177000000000000000e+03 7.178000000000000000e+03 4.907888169100000503e-03 4.426998922599999567e-03
7.178000000000000000e+03 7.179000000000000000e+03 -1.815876189099999887e-03 3.379771828799999715e-03
7.179000000000000000e+03 7.180000000000000000e+03 5.129535926699999894e-03 2.922709943099999902e-03
7.180000000000000000e+03 7.181000000000000000e+03 5.956569350620000147e-04 2.386071956199999847e-03
7.181000000000000000e+03 7.182000000000000000e+03 2.132758465460000193e-03 2.190408501400000103e-03
7.182000000000000000e+03 7.183000000000000000e+03 -3.487814154499999705e-04 1.073351710760000067e-03
7.183000000000000000e+03 7.184000000000000000e+03 1.453333659320000040e-02 5.669128080299999997e-03
7.184000000000000000e+03 7.185000000000000000e+03 8.371702356499999623e-03 6.210713761700000467e-03
7.185000000000000000e+03 7.186000000000000000e+03 1.527178764950000087e-02 6.502809888500000156e-03
7.186000000000000000e+03 7.187000000000000000e+03 1.037614053200000032e-02 5.051367747199999973e-03
7.187000000000000000e+03 7.188000000000000000e+03 2.212277265889999942e-02 5.255096680800000475e-03
7.188000000000000000e+03 7.189000000000000000e+03 8.901026299300000832e-03 4.736094527899999476e-03
7.189000000000000000e+03 7.190000000000000000e+03 5.464052535599999740e-03 3.321425305200000067e-03
7.190000000000000000e+03 7.191000000000000000e+03 2.469106721000000147e-03 3.410387688099999690e-03
7.191000000000000000e+03 7.192000000000000000e+03 2.096514258299999722e-03 2.305313604699999949e-03
7.192000000000000000e+03 7.193000000000000000e+03 2.991241348990000045e-03 2.038576048899999778e-03
7.193000000000000000e+03 7.194000000000000000e+03 -4.681601634099999854e-05 1.039863314700000029e-03
7.194000000000000000e+03 7.195000000000000000e+03 4.281861069900000372e-03 5.024428900399999405e-03
7.195000000000000000e+03 7.196000000000000000e+03 4.331869281099999525e-03 6.648429015500000559e-03
7.196000000000000000e+03 7.197000000000000000e+03 7.953822578589999845e-03 4.636460702399999509e-03
7.197000000000000000e+03 7.198000000000000000e+03 1.519583254180000009e-02 5.700061279500000591e-03
7.198000000000000000e+03 7.199000000000000000e+03 5.158763494999999777e-04 5.082731726499999970e-03
7.199000000000000000e+03 7.200000000000000000e+03 1.994916444950000159e-02 6.238155498299999789e-03
7.200000000000000000e+03 7.201000000000000000e+03 3.532240290999999997e-03 4.028994146399999914e-03
7.201000000000000000e+03 7.202000000000000000e+03 2.132820668300000090e-03 2.708390967199999968e-03
7.202000000000000000e+03 7.203000000000000000e+03 7.229220611000000338e-03 2.471455180799999977e-03
7.203000000000000000e+03 7.204000000000000000e+03 -3.694054760100000303e-04 1.873534139999999924e-03
7.204000000000000000e+03 7.205000000000000000e+03 1.775316709000000076e-03 1.354958079400000103e-03
7.205000000000000000e+03 7.206000000000000000e+03 1.093971669342999956e-02 4.729676725720000086e-03
7.206000000000000000e+03 7.207000000000000000e+03 1.071312585830000094e-02 6.314768718099999720e-03
7.207000000000000000e+03 7.208000000000000000e+03 6.350285306669999942e-03 5.501842622899999653e-03
7.208000000000000000e+03 7.209000000000000000e+03 9.746071904320001075e-03 4.604432397500000246e-03
7.209000000000000000e+03 7.210000000000000000e+03 -4.463953272200000058e-03 5.586586343199999825e-03
7.210000000000000000e+03 7.211000000000000000e+03 -2.911318544710000174e-03 4.613691274399999744e-03
7.211000000000000000e+03 7.212000000000000000e+03 6.433523879899999236e-03 4.105335145400000087e-03
7.212000000000000000e+03 7.213000000000000000e+03 -6.136969411099999893e-04 2.591527642899999883e-03
7.213000000000000000e+03 7.214000000000000000e+03 4.429731155399999412e-03 2.190637529799999931e-03
7.214000000000000000e+03 7.215000000000000000e+03 2.422451998400000205e-03 2.031067801600000035e-03
7.215000000000000000e+03 7.216000000000000000e+03 3.169451146799999886e-04 1.296689779500000096e-03
7.216000000000000000e+03 7.217000000000000000e+03 4.538498854968999428e-03 6.757284680199999310e-03
7.217000000000000000e+03 7.218000000000000000e+03 2.245052847411000210e-02 5.839491177899999892e-03
7.218000000000000000e+03 7.219000000000000000e+03 8.307804256459999301e-03 4.019301118799999649e-03
7.219000000000000000e+03 7.220000000000000000e+03 1.558632723569999996e-02 5.609318646999999873e-03
7.220000000000000000e+03 7.221000000000000000e+03 -7.510461486999999911e-05 4.887381611200000003e-03
7.221000000000000000e+03 7.222000000000000000e+03 5.409776193599999568e-03 4.113979681100000431e-03
7.222000000000000000e+03 7.223000000000000000e+03 1.405249934399999991e-02 4.661300993200000707e-03
7.223000000000000000e+03 7.224000000000000000e+03 6.509569580500000271e-03 3.037457200799999809e-03
7.224000000000000000e+03 7.225000000000000000e+03 3.149069573499999660e-03 2.526490477699999942e-03
7.225000000000000000e+03 7.226000000000000000e+03 8.677375799000000252e-04 1.679606126799999908e-03
7.226000000000000000e+03 7.227000000000000000e+03 1.502594653800000141e-03 9.844836862200000670e-04
7.227000000000000000e+03 7.228000000000000000e+03 1.035655216599999998e-02 5.571030228899999902e-03
7.228000000000000000e+03 7.229000000000000000e+03 6.088285268700000322e-03 5.025664669499999709e-03
7.229000000000000000e+03 7.230000000000000000e+03 1.128487276490000059e-02 4.352155251700000164e-03
7.230000000000000000e+03 7.231000000000000000e+03 8.522703906299999854e-03 4.933211203499999684e-03
7.231000000000000000e+03 7.232000000000000000e+03 5.430914172290000203e-03 5.014284609100000401e-03
7.232000000000000000e+03 7.233000000000000000e+03 1.356055453660000125e-02 4.090510977399999804e-03
7.233000000000000000e+03 7.234000000000000000e+03 9.469629708599999014e-04 3.227217296400000136e-03
7.234000000000000000e+03 7.235000000000000000e+03 4.425461767100000166e-03 2.847760714600000229e-03
7.235000000000000000e+03 7.236000000000000000e+03 1.679377122500000071e-03 2.223238397999999921e-03
7.236000000000000000e+03 7.237000000000000000e+03 1.703098324499999899e-04 1.932348762799999996e-03
7.237000000000000000e+03 7.238000000000000000e+03 -2.083617207099999757e-03 1.505578964299999914e-03
7.238000000000000000e+03 7.239000000000000000e+03 3.303100014299999989e-04 6.728578242599999801e-03
7.239000000000000000e+03 7.240000000000000000e+03 1.900853869980000110e-02 6.441727425299999601e-03
7.240000000000000000e+03 7.241000000000000000e+03 1.292112414270000023e-02 6.068655660199999760e-03
7.241000000000000000e+03 7.242000000000000000e+03 5.750429360289999701e-03 4.875891497000000435e-03
7.242000000000000000e+03 7.243000000000000000e+03 8.847673172600000607e-03 4.478978042199999350e-03
7.243000000000000000e+03 7.244000000000000000e+03 9.839250516799999402e-03 4.102658331800000148e-03
7.244000000000000000e+03 7.245000000000000000e+03 9.280571276600001196e-03 3.656267791899999939e-03
7.245000000000000000e+03 7.246000000000000000e+03 4.391601786799999470e-03 2.722284021400000423e-03
7.246000000000000000e+03 7.247000000000000000e+03 4.256373534900000088e-03 2.281929944600000031e-03
7.247000000000000000e+03 7.248000000000000000e+03 1.426534120850000064e-03 1.241927683800000005e-03
7.248000000000000000e+03 7.249000000000000000e+03 -2.829813558200000036e-04 9.533373085500000677e-04
7.249000000000000000e+03 7.250000000000000000e+03 6.342307516130000003e-03 5.666737353899999399e-03
7.250000000000000000e+03 7.251000000000000000e+03 -7.082755529400000007e-03 6.413200621400000009e-03
7.251000000000000000e+03 7.252000000000000000e+03 -1.479427190030000155e-03 4.529943946800000197e-03
7.252000000000000000e+03 7.253000000000000000e+03 7.630666893400000171e-03 4.295357586200000514e-03
7.253000000000000000e+03 7.254000000000000000e+03 1.162978284599999919e-02 5.095504525599999987e-03
7.254000000000000000e+03 7.255000000000000000e+03 2.935385939299999967e-04 4.376915584600000672e-03
7.255000000000000000e+03 7.256000000000000000e+03 9.448568320000001394e-03 3.105531932799999919e-03
7.256000000000000000e+03 7.257000000000000000e+03 2.977512570099999627e-03 2.520145840800000047e-03
7.257000000000000000e+03 7.258000000000000000e+03 6.765368842000000008e-03 2.179196227399999870e-03
7.258000000000000000e+03 7.259000000000000000e+03 1.348841901670000095e-03 1.453374429900000046e-03
7.259000000000000000e+03 7.260000000000000000e+03 -3.000075400599999513e-04 1.043146402359999923e-03
7.260000000000000000e+03 7.261000000000000000e+03 8.173230498350000234e-03 6.081423651700000252e-03
7.261000000000000000e+03 7.262000000000000000e+03 2.644333477899999969e-03 4.000128589189999237e-03
7.262000000000000000e+03 7.263000000000000000e+03 1.987130083999999811e-04 4.490816693199999911e-03
7.263000000000000000e+03 7.264000000000000000e+03 6.613503892799999472e-03 4.215293067900000024e-03
7.264000000000000000e+03 7.265000000000000000e+03 7.034939169100000098e-03 5.186329427700000355e-03
7.265000000000000000e+03 7.266000000000000000e+03 5.803944595400000253e-03 4.009765792399999987e-03
7.266000000000000000e+03 7.267000000000000000e+03 -3.222973206000000332e-04 2.896471403900000106e-03
7.267000000000000000e+03 7.268000000000000000e+03 -9.594662328400000665e-04 2.502976204199999864e-03
7.268000000000000000e+03 7.269000000000000000e+03 -1.276608231099999853e-03 2.337026908899999828e-03
7.269000000000000000e+03 7.270000000000000000e+03 -1.291466498099999843e-03 1.258357791800000011e-03
7.270000000000000000e+03 7.271000000000000000e+03 6.383358394999999724e-04 1.179268517799999952e-03
7.271000000000000000e+03 7.272000000000000000e+03 1.190066816639999935e-02 6.199427117400000721e-03
7.272000000000000000e+03 7.273000000000000000e+03 1.097704484080000084e-02 4.798929997299999917e-03
7.273000000000000000e+03 7.274000000000000000e+03 1.929690583900000103e-02 5.977714753800000141e-03
7.274000000000000000e+03 7.275000000000000000e+03 -1.772491938099999978e-03 3.368129408299999801e-03
7.275000000000000000e+03 7.276000000000000000e+03 1.049028371740000007e-02 4.217025826100000152e-03
7.276000000000000000e+03 7.277000000000000000e+03 3.749392015529999858e-03 4.100328046199999861e-03
7.277000000000000000e+03 7.278000000000000000e+03 1.040115654119999969e-02 3.095196657000000122e-03
7.278000000000000000e+03 7.279000000000000000e+03 -1.747948616770000126e-03 3.126091174100000154e-03
7.279000000000000000e+03 7.280000000000000000e+03 1.904109842889999951e-03 2.606375400700000275e-03
7.280000000000000000e+03 7.281000000000000000e+03 2.000529550530000082e-03 1.478589045699999979e-03
7.281000000000000000e+03 7.282000000000000000e+03 -1.914418470000000053e-03 1.068726086400000096e-03
7.282000000000000000e+03 7.283000000000000000e+03 8.932126548600000798e-03 6.229183067599999499e-03
7.283000000000000000e+03 7.284000000000000000e+03 2.654278010819999777e-03 4.306603949300000581e-03
7.284000000000000000e+03 7.285000000000000000e+03 9.493519208700000600e-03 4.790735835900000218e-03
7.285000000000000000e+03 7.286000000000000000e+03 7.699816341200000497e-03 5.242905613700000501e-03
7.286000000000000000e+03 7.287000000000000000e+03 1.741222184530000217e-02 4.627284421100000093e-03
7.287000000000000000e+03 7.288000000000000000e+03 4.917254263300000101e-03 3.838866902400000017e-03
7.288000000000000000e+03 7.289000000000000000e+03 3.814987385599999999e-03 3.473624766800000041e-03
7.289000000000000000e+03 7.290000000000000000e+03 5.133417383600000217e-03 2.657939461099999984e-03
7.290000000000000000e+03 7.291000000000000000e+03 -1.827591605379999973e-03 2.515414935200000011e-03
7.291000000000000000e+03 7.292000000000000000e+03 2.397892210069999907e-04 1.722438461700000027e-03
7.292000000000000000e+03 7.293000000000000000e+03 1.028963110430000140e-03 1.202038747900000069e-03
7.293000000000000000e+03 7.294000000000000000e+03 1.053062034089999929e-03 5.308260072000000121e-03
7.294000000000000000e+03 7.295000000000000000e+03 1.733504597199999817e-02 4.845902205100000373e-03
7.295000000000000000e+03 7.296000000000000000e+03 3.381410521700000098e-03 4.246126709200000182e-03
7.296000000000000000e+03 7.297000000000000000e+03 5.996171757599999888e-03 4.906434662100000142e-03
7.297000000000000000e+03 7.298000000000000000e+03 8.988331391400000096e-04 4.210023526599999955e-03
7.298000000000000000e+03 7.299000000000000000e+03 8.881932867599999157e-03 3.493208898899999824e-03
7.299000000000000000e+03 7.300000000000000000e+03 7.514887084299999749e-03 3.494823494100000264e-03
7.300000000000000000e+03 7.301000000000000000e+03 2.076922691700000372e-03 2.501216968299999760e-03
7.301000000000000000e+03 7.302000000000000000e+03 -2.433971445900000134e-03 2.631532926600000082e-03
7.302000000000000000e+03 7.303000000000000000e+03 -1.723901939399999968e-03 1.687918064500000016e-03
7.303000000000000000e+03 7.304000000000000000e+03 -6.353102862000000470e-04 9.062193849500000363e-04
7.304000000000000000e+03 7.305000000000000000e+03 -1.277659385700000150e-03 5.636381928899999658e-03
7.305000000000000000e+03 7.306000000000000000e+03 8.799940987199999934e-04 5.641370870299999320e-03
7.306000000000000000e+03 7.307000000000000000e+03 -1.048489462299999900e-04 4.607089600100000050e-03
7.307000000000000000e+03 7.308000000000000000e+03 6.287254339359999236e-03 5.039102085699999345e-03
7.308000000000000000e+03 7.309000000000000000e+03 6.623799185100000091e-03 3.956340556500000626e-03
7.309000000000000000e+03 7.310000000000000000e+03 -3.675187457840000185e-03 4.650300585899999964e-03
7.310000000000000000e+03 7.311000000000000000e+03 5.742053002939999373e-03 3.811539625199999917e-03
7.311000000000000000e+03 7.312000000000000000e+03 5.569443326199999614e-03 2.753376492200000029e-03
7.312000000000000000e+03 7.313000000000000000e+03 4.542927760699999780e-05 3.205103638099999867e-03
7.313000000000000000e+03 7.314000000000000000e+03 -1.359425572399999838e-03 1.487088513800000067e-03
7.314000000000000000e+03 7.315000000000000000e+03 1.829832379700000160e-03 1.175369011500000064e-03
7.315000000000000000e+03 7.316000000000000000e+03 5.015050004180000159e-03 5.613231950799999273e-03
7.316000000000000000e+03 7.317000000000000000e+03 4.818178119660000008e-03 4.160610934000000087e-03
7.317000000000000000e+03 7.318000000000000000e+03 4.778889388139999882e-03 5.223530238099999452e-03
7.318000000000000000e+03 7.319000000000000000e+03 1.488191279060000101e-02 4.823509640599999392e-03
7.319000000000000000e+03 7.320000000000000000e+03 9.402373287999999177e-03 4.758073901299999728e-03
7.320000000000000000e+03 7.321000000000000000e+03 1.480940987270000161e-02 4.601131593899999983e-03
7.321000000000000000e+03 7.322000000000000000e+03 4.863908555500000286e-03 3.370167714099999920e-03
7.322000000000000000e+03 7.323000000000000000e+03 2.452189241699999876e-03 3.063757889000000203e-03
7.323000000000000000e+03 7.324000000000000000e+03 2.507172732200000070e-03 2.166829536600000002e-03
7.324000000000000000e+03 7.325000000000000000e+03 2.180294417500000005e-03 1.704609050999999955e-03
7.325000000000000000e+03 7.326000000000000000e+03 -1.616343792900000118e-03 1.350482476900000030e-03
7.326000000000000000e+03 7.327000000000000000e+03 4.367393842369999939e-03 5.694991589400000102e-03
7.327000000000000000e+03 7.328000000000000000e+03 -2.790403531999999936e-04 5.074668777199999731e-03
7.328000000000000000e+03 7.329000000000000000e+03 6.866012151399999638e-03 4.340166446999999851e-03
7.329000000000000000e+03 7.330000000000000000e+03 1.406334405829999870e-02 5.717604577000000125e-03
7.330000000000000000e+03 7.331000000000000000e+03 5.505283434499999920e-03 4.223522937999999241e-03
7.331000000000000000e+03 7.332000000000000000e+03 3.695203858230000291e-03 3.677152231500000097e-03
7.332000000000000000e+03 7.333000000000000000e+03 8.622625659000000484e-03 3.119942176100000148e-03
7.333000000000000000e+03 7.334000000000000000e+03 6.814970489000000270e-03 2.679388678399999800e-03
7.334000000000000000e+03 7.335000000000000000e+03 -1.375708411330000018e-03 2.118327788099999900e-03
7.335000000000000000e+03 7.336000000000000000e+03 2.660686905499999848e-03 1.696920104800000040e-03
7.336000000000000000e+03 7.337000000000000000e+03 2.716787480999999943e-05 9.906443001300000058e-04
7.337000000000000000e+03 7.338000000000000000e+03 2.351555338960000224e-03 6.001167086900000176e-03
7.338000000000000000e+03 7.339000000000000000e+03 3.079819079199999990e-03 5.261634805499999443e-03
7.339000000000000000e+03 7.340000000000000000e+03 5.181740560400000493e-03 5.994023741100000177e-03
7.340000000000000000e+03 7.341000000000000000e+03 7.259038486130000613e-03 4.219910242000000228e-03
7.341000000000000000e+03 7.342000000000000000e+03 8.338647776200001221e-03 3.370106421900000062e-03
7.342000000000000000e+03 7.343000000000000000e+03 1.076844808699999956e-03 3.534726218100000053e-03
7.343000000000000000e+03 7.344000000000000000e+03 4.844614299699999752e-03 3.346256767499999896e-03
7.344000000000000000e+03 7.345000000000000000e+03 2.494354754200000038e-03 2.367201132400000019e-03
7.345000000000000000e+03 7.346000000000000000e+03 1.337866841849999922e-03 2.440904005899999923e-03
7.346000000000000000e+03 7.347000000000000000e+03 2.570132901799999838e-03 1.321959468300000062e-03
7.347000000000000000e+03 7.348000000000000000e+03 2.121505425700000028e-04 1.175291481499999994e-03
7.348000000000000000e+03 7.349000000000000000e+03 6.792912142750000097e-03 5.302561522000000423e-03
7.349000000000000000e+03 7.350000000000000000e+03 6.609855592549999936e-03 5.061228177399999285e-03
7.350000000000000000e+03 7.351000000000000000e+03 5.968653451269999646e-03 5.134368813499999400e-03
7.351000000000000000e+03 7.352000000000000000e+03 5.843940808099999835e-03 4.213731406999999748e-03
7.352000000000000000e+03 7.353000000000000000e+03 5.903584291199999792e-03 4.472200630500000260e-03
7.353000000000000000e+03 7.354000000000000000e+03 7.698240231199999541e-03 3.902643746100000269e-03
7.354000000000000000e+03 7.355000000000000000e+03 9.262932803499998938e-03 3.959393634599999573e-03
7.355000000000000000e+03 7.356000000000000000e+03 1.099009172129999891e-03 2.225998895199999932e-03
7.356000000000000000e+03 7.357000000000000000e+03 2.297638553099999679e-03 2.183660706100000112e-03
7.357000000000000000e+03 7.358000000000000000e+03 2.312428983399999940e-03 1.597645581100000118e-03
7.358000000000000000e+03 7.359000000000000000e+03 -7.303892612999999916e-04 9.089107778400000621e-04
7.359000000000000000e+03 7.360000000000000000e+03 4.505581255600000189e-03 5.518014714700000475e-03
7.360000000000000000e+03 7.361000000000000000e+03 1.167968810093999998e-02 5.770608927999999749e-03
7.361000000000000000e+03 7.362000000000000000e+03 3.538632666800000087e-03 4.762352801199999652e-03
7.362000000000000000e+03 7.363000000000000000e+03 2.805562647350000154e-03 4.849685494300000517e-03
7.363000000000000000e+03 7.364000000000000000e+03 1.017850079940000110e-02 4.169560884699999997e-03
7.364000000000000000e+03 7.365000000000000000e+03 7.525888149600000465e-03 3.657049367399999636e-03
7.365000000000000000e+03 7.366000000000000000e+03 2.493965186040000143e-03 3.724523093099999915e-03
7.366000000000000000e+03 7.367000000000000000e+03 4.347314293929999823e-03 2.768346200299999765e-03
7.367000000000000000e+03 7.368000000000000000e+03 -3.919441802000000092e-05 1.715146586799999942e-03
7.368000000000000000e+03 7.369000000000000000e+03 1.663178087000000051e-03 1.385863739000000065e-03
7.369000000000000000e+03 7.370000000000000000e+03 1.801441292290000126e-03 9.771503487499999963e-04
7.370000000000000000e+03 7.371000000000000000e+03 1.116040203490000025e-03 4.812622494480000256e-03
7.371000000000000000e+03 7.372000000000000000e+03 2.031318061630000074e-02 5.817522675900000349e-03
7.372000000000000000e+03 7.373000000000000000e+03 -1.411119633880000097e-03 4.987207598799999614e-03
7.373000000000000000e+03 7.374000000000000000e+03 3.652144414310000333e-03 4.139612657599999607e-03
7.374000000000000000e+03 7.375000000000000000e+03 8.522253568399999410e-03 3.799408521999999861e-03
7.375000000000000000e+03 7.376000000000000000e+03 5.892171343400000143e-03 4.186548415200000255e-03
7.376000000000000000e+03 7.377000000000000000e+03 3.256910245299999944e-03 2.994663279299999634e-03
7.377000000000000000e+03 7.378000000000000000e+03 6.197669229200000393e-03 2.382010636399999916e-03
7.378000000000000000e+03 7.379000000000000000e+03 -2.081931895999999862e-03 1.984370366500000111e-03
7.379000000000000000e+03 7.380000000000000000e+03 6.223714259800000072e-03 1.593381270700000010e-03
7.380000000000000000e+03 7.381000000000000000e+03 1.935359600199999938e-03 1.147722578300000009e-03
7.381000000000000000e+03 7.382000000000000000e+03 3.392985828399999911e-03 4.609666263650000380e-03
7.382000000000000000e+03 7.383000000000000000e+03 1.118064077261999960e-02 4.879325078000000017e-03
7.383000000000000000e+03 7.384000000000000000e+03 1.186588857529999839e-02 5.788002213800000698e-03
7.384000000000000000e+03 7.385000000000000000e+03 2.107058237299999724e-03 4.208984331600000746e-03
7.385000000000000000e+03 7.386000000000000000e+03 3.726623326620000232e-03 3.598059626900000033e-03
7.386000000000000000e+03 7.387000000000000000e+03 7.848498499999998629e-03 3.422220006499999880e-03
7.387000000000000000e+03 7.388000000000000000e+03 7.279595331900000355e-03 3.575547528700000113e-03
7.388000000000000000e+03 7.389000000000000000e+03 3.884627550799999666e-03 2.877100021700000360e-03
7.389000000000000000e+03 7.390000000000000000e+03 2.296436157900000156e-03 1.967298160799999755e-03
7.390000000000000000e+03 7.391000000000000000e+03 -2.181687730999999950e-05 1.553441474899999990e-03
7.391000000000000000e+03 7.392000000000000000e+03 5.513484209479999889e-04 1.051445233499999962e-03
7.392000000000000000e+03 7.393000000000000000e+03 3.034168552360000035e-03 4.288978399859999860e-03
7.393000000000000000e+03 7.394000000000000000e+03 -1.128103838090000095e-02 6.167618731599999911e-03
7.394000000000000000e+03 7.395000000000000000e+03 6.540926998000000207e-03 5.418028807699999845e-03
7.395000000000000000e+03 7.396000000000000000e+03 1.081652155090000005e-02 4.341324527400000112e-03
7.396000000000000000e+03 7.397000000000000000e+03 8.485601794099999901e-03 3.574885483599999757e-03
7.397000000000000000e+03 7.398000000000000000e+03 1.568284187519999873e-02 3.882864698599999657e-03
7.398000000000000000e+03 7.399000000000000000e+03 5.429128420500000350e-03 3.134622911400000277e-03
7.399000000000000000e+03 7.400000000000000000e+03 4.524313484199999832e-03 2.620490922299999886e-03
7.400000000000000000e+03 7.401000000000000000e+03 5.934571597999999809e-03 1.995303592100000026e-03
7.401000000000000000e+03 7.402000000000000000e+03 1.556369894764000027e-03 1.688155444600000039e-03
7.402000000000000000e+03 7.403000000000000000e+03 -8.470159178799999871e-04 1.059060157999999925e-03
7.403000000000000000e+03 7.404000000000000000e+03 3.732960054999999899e-04 3.936130781759999975e-03
7.404000000000000000e+03 7.405000000000000000e+03 1.524589475550000052e-02 5.642662629899999893e-03
7.405000000000000000e+03 7.406000000000000000e+03 3.040885269560000305e-03 5.200479576200000079e-03
7.406000000000000000e+03 7.407000000000000000e+03 1.693450984010000035e-02 5.340926239900000219e-03
7.407000000000000000e+03 7.408000000000000000e+03 -1.737526543000000032e-04 4.231269765199999894e-03
7.408000000000000000e+03 7.409000000000000000e+03 3.081109076600000059e-03 3.013596932599999726e-03
7.409000000000000000e+03 7.410000000000000000e+03 1.214015487289999947e-03 3.043536107699999858e-03
7.410000000000000000e+03 7.411000000000000000e+03 -1.911126954600000146e-03 3.199983410600000175e-03
7.411000000000000000e+03 7.412000000000000000e+03 4.318026074499999901e-03 2.132235984000000091e-03
7.412000000000000000e+03 7.413000000000000000e+03 1.519188151970000044e-03 1.735139756399999835e-03
7.413000000000000000e+03 7.414000000000000000e+03 -1.056165552900000058e-03 1.326386099300000008e-03
7.414000000000000000e+03 7.415000000000000000e+03 2.917527518470000060e-03 4.024767463100000463e-03
7.415000000000000000e+03 7.416000000000000000e+03 4.407871025199999911e-03 4.686334355820000533e-03
7.416000000000000000e+03 7.417000000000000000e+03 1.498928494150000065e-03 5.855623058599999757e-03
7.417000000000000000e+03 7.418000000000000000e+03 1.113638734809999954e-02 4.750062718699999895e-03
7.418000000000000000e+03 7.419000000000000000e+03 6.068032005569999436e-03 4.083056055600000137e-03
7.419000000000000000e+03 7.420000000000000000e+03 4.655177651299999969e-03 3.253090232099999958e-03
7.420000000000000000e+03 7.421000000000000000e+03 4.809962849199999474e-03 3.182601586799999830e-03
7.421000000000000000e+03 7.422000000000000000e+03 6.041554227800000412e-03 2.206869789300000117e-03
7.422000000000000000e+03 7.423000000000000000e+03 -1.411368759299999913e-03 1.615734056799999997e-03
7.423000000000000000e+03 7.424000000000000000e+03 2.061542702199999999e-04 1.445857125999999975e-03
7.424000000000000000e+03 7.425000000000000000e+03 1.101845615149999900e-03 1.022769152699999975e-03
7.425000000000000000e+03 7.426000000000000000e+03 3.247033759430000086e-03 5.293216622000000010e-03
7.426000000000000000e+03 7.427000000000000000e+03 1.067611658230000100e-02 4.729795614599999545e-03
7.427000000000000000e+03 7.428000000000000000e+03 1.710002419760000072e-02 6.535076174000000078e-03
7.428000000000000000e+03 7.429000000000000000e+03 -4.553445880119999815e-04 3.841506317899999901e-03
7.429000000000000000e+03 7.430000000000000000e+03 2.614681539800000048e-03 3.684426050200000167e-03
7.430000000000000000e+03 7.431000000000000000e+03 4.539152753399999796e-03 3.407537851099999918e-03
7.431000000000000000e+03 7.432000000000000000e+03 7.847608458599998962e-03 3.383741759099999878e-03
7.432000000000000000e+03 7.433000000000000000e+03 6.490705916300000544e-03 2.469207877199999877e-03
7.433000000000000000e+03 7.434000000000000000e+03 2.253015602699999856e-03 2.031498206299999724e-03
7.434000000000000000e+03 7.435000000000000000e+03 3.633630642199999882e-03 1.674480216799999937e-03
7.435000000000000000e+03 7.436000000000000000e+03 1.929599327400000064e-03 9.276613062400000274e-04
7.436000000000000000e+03 7.437000000000000000e+03 7.241406017449999490e-03 6.166619534399999866e-03
7.437000000000000000e+03 7.438000000000000000e+03 -1.043706361399999918e-03 4.571167215800000377e-03
7.438000000000000000e+03 7.439000000000000000e+03 5.309160433739999914e-03 4.548234832300000578e-03
7.439000000000000000e+03 7.440000000000000000e+03 9.949366250099999157e-03 5.103255002400000455e-03
7.440000000000000000e+03 7.441000000000000000e+03 5.854066350000000120e-03 4.630408015799999250e-03
7.441000000000000000e+03 7.442000000000000000e+03 5.144506193900000302e-03 3.504764690800000158e-03
7.442000000000000000e+03 7.443000000000000000e+03 5.109270064099999571e-03 3.491583965799999797e-03
7.443000000000000000e+03 7.444000000000000000e+03 -3.141743495500000198e-04 2.532783028299999753e-03
7.444000000000000000e+03 7.445000000000000000e+03 2.265437813499999922e-03 2.112139950599999615e-03
7.445000000000000000e+03 7.446000000000000000e+03 -2.411768938900000180e-03 1.499158939199999891e-03
7.446000000000000000e+03 7.447000000000000000e+03 -9.261206984999999768e-05 8.924410807099999923e-04
7.447000000000000000e+03 7.448000000000000000e+03 1.100235539749999875e-03 3.545026050079999776e-03
7.448000000000000000e+03 7.449000000000000000e+03 1.438009049099999966e-03 4.561589179600000245e-03
7.449000000000000000e+03 7.450000000000000000e+03 -3.373844537819999882e-03 5.653723231599999850e-03
7.450000000000000000e+03 7.451000000000000000e+03 1.459918434860000159e-03 3.788354293499999765e-03
7.451000000000000000e+03 7.452000000000000000e+03 1.127986998030000056e-02 3.770413560200000340e-03
7.452000000000000000e+03 7.453000000000000000e+03 -1.241385237109999835e-03 3.968339659500000165e-03
7.453000000000000000e+03 7.454000000000000000e+03 3.769509535799999735e-03 3.347049504499999880e-03
7.454000000000000000e+03 7.455000000000000000e+03 4.254628482900000251e-03 3.069222071500000287e-03
7.455000000000000000e+03 7.456000000000000000e+03 3.946215356699999711e-03 1.724592090400000038e-03
7.456000000000000000e+03 7.457000000000000000e+03 5.471517940299999066e-04 1.431087726700000029e-03
7.457000000000000000e+03 7.458000000000000000e+03 1.779164792200000006e-03 1.095258555700000117e-03
7.458000000000000000e+03 7.459000000000000000e+03 -1.511345011899999959e-03 4.474218297169999838e-03
7.459000000000000000e+03 7.460000000000000000e+03 8.165256435699999593e-03 4.875491671499999728e-03
7.460000000000000000e+03 7.461000000000000000e+03 4.245468317000000540e-03 4.998396908200000016e-03
7.461000000000000000e+03 7.462000000000000000e+03 -2.813003730700000191e-03 4.148568434100000785e-03
7.462000000000000000e+03 7.463000000000000000e+03 5.638098440499999565e-03 5.134594263100000257e-03
7.463000000000000000e+03 7.464000000000000000e+03 2.341780439539999786e-03 4.676397101300000178e-03
7.464000000000000000e+03 7.465000000000000000e+03 4.670155288100000072e-03 2.593369148400000070e-03
7.465000000000000000e+03 7.466000000000000000e+03 5.074297487199999276e-03 2.430955588600000172e-03
7.466000000000000000e+03 7.467000000000000000e+03 6.004990454999999247e-04 3.077431315500000087e-03
7.467000000000000000e+03 7.468000000000000000e+03 -8.020415903999999130e-04 1.632422929599999968e-03
7.468000000000000000e+03 7.469000000000000000e+03 -9.569850309000000471e-04 8.223245075400000817e-04
7.469000000000000000e+03 7.470000000000000000e+03 5.469124995530000137e-03 5.029514825599999510e-03
7.470000000000000000e+03 7.471000000000000000e+03 1.459908191100000099e-02 5.181727817800000149e-03
7.471000000000000000e+03 7.472000000000000000e+03 1.136635842509999862e-02 6.158167705800000023e-03
7.472000000000000000e+03 7.473000000000000000e+03 8.169774560000000671e-03 4.150401893600000162e-03
7.473000000000000000e+03 7.474000000000000000e+03 1.397734238530000048e-02 4.344118476999999506e-03
7.474000000000000000e+03 7.475000000000000000e+03 6.893125255299999837e-03 3.735139299800000097e-03
7.475000000000000000e+03 7.476000000000000000e+03 9.065824066500000056e-03 3.493424229199999873e-03
7.476000000000000000e+03 7.477000000000000000e+03 4.834869344400000157e-03 2.494305173099999658e-03
7.477000000000000000e+03 7.478000000000000000e+03 3.152539521000000296e-03 2.104648905800000306e-03
7.478000000000000000e+03 7.479000000000000000e+03 1.315191100239999954e-03 1.447867131499999942e-03
7.479000000000000000e+03 7.480000000000000000e+03 1.384181357800000085e-03 9.097219421100000928e-04
7.480000000000000000e+03 7.481000000000000000e+03 4.016518187519999700e-03 3.546521850520000310e-03
7.481000000000000000e+03 7.482000000000000000e+03 8.034614427000000281e-04 3.557248828790000005e-03
7.482000000000000000e+03 7.483000000000000000e+03 5.594310380099999994e-03 4.210850354199999548e-03
7.483000000000000000e+03 7.484000000000000000e+03 4.236059956980000804e-03 4.045074008099999903e-03
7.484000000000000000e+03 7.485000000000000000e+03 8.185914311400000268e-03 3.370345711500000261e-03
7.485000000000000000e+03 7.486000000000000000e+03 8.623481800399998565e-03 3.586717096899999860e-03
7.486000000000000000e+03 7.487000000000000000e+03 5.224416722400000018e-03 2.802586529400000106e-03
7.487000000000000000e+03 7.488000000000000000e+03 1.149497846189999990e-03 2.761535918700000047e-03
7.488000000000000000e+03 7.489000000000000000e+03 3.947594448599999611e-03 1.997867818199999899e-03
7.489000000000000000e+03 7.490000000000000000e+03 -1.174159268719999951e-03 1.275484823899999997e-03
7.490000000000000000e+03 7.491000000000000000e+03 4.826657361400000460e-04 8.859334500800000603e-04
7.491000000000000000e+03 7.492000000000000000e+03 1.006611576002000054e-02 5.339190266869999792e-03
7.492000000000000000e+03 7.493000000000000000e+03 1.848425280860000082e-03 4.905173294700000165e-03
7.493000000000000000e+03 7.494000000000000000e+03 -8.672054086999999656e-04 5.035546921999999904e-03
7.494000000000000000e+03 7.495000000000000000e+03 8.036329811299999445e-03 3.874493269699999867e-03
7.495000000000000000e+03 7.496000000000000000e+03 8.940865445900000180e-03 3.323690904799999919e-03
7.496000000000000000e+03 7.497000000000000000e+03 -2.840640848000000260e-04 3.896667704399999627e-03
7.497000000000000000e+03 7.498000000000000000e+03 8.074824936799999964e-03 3.189204040099999880e-03
7.498000000000000000e+03 7.499000000000000000e+03 1.422637045360000078e-03 2.330081354200000399e-03
7.499000000000000000e+03 7.500000000000000000e+03 4.463692418399999658e-04 1.637434804100000021e-03
7.500000000000000000e+03 7.501000000000000000e+03 2.156218017799999866e-03 1.500091580499999903e-03
7.501000000000000000e+03 7.502000000000000000e+03 1.207018187119999857e-03 1.287894523299999835e-03
7.502000000000000000e+03 7.503000000000000000e+03 -2.135241444800000180e-03 4.163277471500000451e-03
7.503000000000000000e+03 7.504000000000000000e+03 3.829787945800000246e-03 3.757828598149999966e-03
7.504000000000000000e+03 7.505000000000000000e+03 8.918903024739998839e-03 4.583984290100000594e-03
7.505000000000000000e+03 7.506000000000000000e+03 -4.558363357099999916e-03 4.929741109300000111e-03
7.506000000000000000e+03 7.507000000000000000e+03 5.922034699299999483e-03 3.170426812700000239e-03
7.507000000000000000e+03 7.508000000000000000e+03 8.346115111699999381e-03 3.167573874800000151e-03
7.508000000000000000e+03 7.509000000000000000e+03 1.910253256700000010e-03 2.799894878499999996e-03
7.509000000000000000e+03 7.510000000000000000e+03 1.007362273610000122e-02 2.488162383500000345e-03
7.510000000000000000e+03 7.511000000000000000e+03 5.195442407200000050e-03 2.673357076000000034e-03
7.511000000000000000e+03 7.512000000000000000e+03 -1.325438169199999894e-03 1.170392514719999829e-03
7.512000000000000000e+03 7.513000000000000000e+03 6.997966136499999884e-04 1.103222932300000061e-03
7.513000000000000000e+03 7.514000000000000000e+03 1.670404952660000048e-03 5.324842512999999888e-03
7.514000000000000000e+03 7.515000000000000000e+03 8.950464009299999996e-03 4.092579240200000350e-03
7.515000000000000000e+03 7.516000000000000000e+03 3.338867981499999901e-03 6.841395735899999907e-03
7.516000000000000000e+03 7.517000000000000000e+03 5.980826996500000423e-03 3.884246000299999661e-03
7.517000000000000000e+03 7.518000000000000000e+03 5.777392872799999926e-03 2.972116282099999951e-03
7.518000000000000000e+03 7.519000000000000000e+03 4.914991745599999774e-03 3.503059436299999808e-03
7.519000000000000000e+03 7.520000000000000000e+03 1.419608256300000041e-03 2.745866635199999822e-03
7.520000000000000000e+03 7.521000000000000000e+03 2.569944067900000080e-03 3.330132659000000373e-03
7.521000000000000000e+03 7.522000000000000000e+03 2.481619776000000002e-05 2.002408471800000336e-03
7.522000000000000000e+03 7.523000000000000000e+03 9.361234912899999696e-04 1.212600483100000201e-03
7.523000000000000000e+03 7.524000000000000000e+03 3.358104786643999716e-04 1.115011529899999918e-03
