0.000000000000000000e+00 1.000000000000000000e+00 7.043843422000000487e+01 1.642261275999999937e+00
1.000000000000000000e+00 2.000000000000000000e+00 7.414259672000000023e+01 1.635388699599999995e+00
2.000000000000000000e+00 3.000000000000000000e+00 7.427371260000001030e+01 1.621804544600000009e+00
3.000000000000000000e+00 4.000000000000000000e+00 7.516644258000000889e+01 1.692802231699999993e+00
4.000000000000000000e+00 5.000000000000000000e+00 8.073708295999999507e+01 1.676260432399999889e+00
5.000000000000000000e+00 6.000000000000000000e+00 8.246091520999999602e+01 1.684783683799999876e+00
6.000000000000000000e+00 7.000000000000000000e+00 8.186426228000000549e+01 1.809983992600000091e+00
7.000000000000000000e+00 8.000000000000000000e+00 8.676339289999999949e+01 1.625249512900000193e+00
8.000000000000000000e+00 9.000000000000000000e+00 8.337641222999999968e+01 1.620960454100000003e+00
9.000000000000000000e+00 1.000000000000000000e+01 8.543891478999999833e+01 1.718172841299999920e+00
1.000000000000000000e+01 1.100000000000000000e+01 8.213922804999999983e+01 1.551150394000000210e+00
1.100000000000000000e+01 1.200000000000000000e+01 6.918960411999999849e+01 1.644091644999999824e+00
1.200000000000000000e+01 1.300000000000000000e+01 7.089219477999999697e+01 1.554877448100000059e+00
1.300000000000000000e+01 1.400000000000000000e+01 7.247361130000000173e+01 1.649382767999999944e+00
1.400000000000000000e+01 1.500000000000000000e+01 7.612895955000000470e+01 1.549457903999999830e+00
1.500000000000000000e+01 1.600000000000000000e+01 7.582531242999999677e+01 1.587297466999999962e+00
1.600000000000000000e+01 1.700000000000000000e+01 7.889924270999999578e+01 1.636811565999999996e+00
1.700000000000000000e+01 1.800000000000000000e+01 8.089270903999999973e+01 1.647814297899999891e+00
1.800000000000000000e+01 1.900000000000000000e+01 8.021222221000000729e+01 1.586726563899999887e+00
1.900000000000000000e+01 2.000000000000000000e+01 8.174702901999999938e+01 1.629989198699999919e+00
2.000000000000000000e+01 2.100000000000000000e+01 7.616805232000000103e+01 1.638205626799999814e+00
2.100000000000000000e+01 2.200000000000000000e+01 7.723419626000000449e+01 1.467904046399999940e+00
2.200000000000000000e+01 2.300000000000000000e+01 6.698692925999999659e+01 1.607778237600000049e+00
2.300000000000000000e+01 2.400000000000000000e+01 6.791157022999999526e+01 1.535587138999999990e+00
2.400000000000000000e+01 2.500000000000000000e+01 7.011187576000000377e+01 1.698815226000000012e+00
2.500000000000000000e+01 2.600000000000000000e+01 7.317178834999999992e+01 1.593789477700000123e+00
2.600000000000000000e+01 2.700000000000000000e+01 7.280234215000000120e+01 1.624290825899999957e+00
2.700000000000000000e+01 2.800000000000000000e+01 7.607672587999999791e+01 1.623963352500000124e+00
2.800000000000000000e+01 2.900000000000000000e+01 7.485687284000000830e+01 1.525546727699999883e+00
2.900000000000000000e+01 3.000000000000000000e+01 7.549561097000000132e+01 1.597123910300000116e+00
3.000000000000000000e+01 3.100000000000000000e+01 7.741390554000000179e+01 1.604143803100000154e+00
3.100000000000000000e+01 3.200000000000000000e+01 7.701153956999999650e+01 1.587735829400000132e+00
3.200000000000000000e+01 3.300000000000000000e+01 7.610598385000000121e+01 1.524222381099999968e+00
3.300000000000000000e+01 3.400000000000000000e+01 6.538555376000000763e+01 1.658230998699999903e+00
3.400000000000000000e+01 3.500000000000000000e+01 6.697345018999999411e+01 1.600625452099999846e+00
3.500000000000000000e+01 3.600000000000000000e+01 6.535016241000001003e+01 1.633794794300000186e+00
3.600000000000000000e+01 3.700000000000000000e+01 6.854821751000000063e+01 1.473626430399999965e+00
3.700000000000000000e+01 3.800000000000000000e+01 7.041142175999999608e+01 1.589137258999999913e+00
3.800000000000000000e+01 3.900000000000000000e+01 7.002083432999999957e+01 1.698479599000000118e+00
3.900000000000000000e+01 4.000000000000000000e+01 7.400933346000000768e+01 1.522941879600000048e+00
4.000000000000000000e+01 4.100000000000000000e+01 7.136028249000000301e+01 1.516617061500000085e+00
4.100000000000000000e+01 4.200000000000000000e+01 7.076721776000000830e+01 1.564340946199999971e+00
4.200000000000000000e+01 4.300000000000000000e+01 7.257057303000000559e+01 1.520116865699999931e+00
4.300000000000000000e+01 4.400000000000000000e+01 6.679411269000000573e+01 1.567220680200000160e+00
4.400000000000000000e+01 4.500000000000000000e+01 6.433399755000000653e+01 1.696531176899999993e+00
4.500000000000000000e+01 4.600000000000000000e+01 6.703911915000000477e+01 1.724681240799999848e+00
4.600000000000000000e+01 4.700000000000000000e+01 6.965965409999999736e+01 1.758941956399999951e+00
4.700000000000000000e+01 4.800000000000000000e+01 6.638538649999999564e+01 1.501931021500000130e+00
4.800000000000000000e+01 4.900000000000000000e+01 6.507958827999999585e+01 1.544806451300000161e+00
4.900000000000000000e+01 5.000000000000000000e+01 6.810182969000000242e+01 1.742825529499999915e+00
5.000000000000000000e+01 5.100000000000000000e+01 6.916038090000000693e+01 1.537421365600000200e+00
5.100000000000000000e+01 5.200000000000000000e+01 7.094335614000000589e+01 1.508618776000000050e+00
5.200000000000000000e+01 5.300000000000000000e+01 6.795168236000000661e+01 1.677274505600000021e+00
5.300000000000000000e+01 5.400000000000000000e+01 6.432724956999999222e+01 1.471355585800000032e+00
5.400000000000000000e+01 5.500000000000000000e+01 6.311423094999999961e+01 1.494344992599999866e+00
5.500000000000000000e+01 5.600000000000000000e+01 6.553722734000000116e+01 1.615262857700000110e+00
5.600000000000000000e+01 5.700000000000000000e+01 6.184809321000000182e+01 1.683005582199999850e+00
5.700000000000000000e+01 5.800000000000000000e+01 6.279161006000000356e+01 1.613382779000000156e+00
5.800000000000000000e+01 5.900000000000000000e+01 6.330937289999999962e+01 1.520726698399999854e+00
5.900000000000000000e+01 6.000000000000000000e+01 6.970726273999999023e+01 1.618640798599999986e+00
6.000000000000000000e+01 6.100000000000000000e+01 6.581924990000000264e+01 1.608315739999999883e+00
6.100000000000000000e+01 6.200000000000000000e+01 6.810994626000000096e+01 1.458953774699999872e+00
6.200000000000000000e+01 6.300000000000000000e+01 6.679705792000000031e+01 1.541717356799999994e+00
6.300000000000000000e+01 6.400000000000000000e+01 6.633659522000000663e+01 1.609038048099999951e+00
6.400000000000000000e+01 6.500000000000000000e+01 6.322970015999999305e+01 1.405505736700000119e+00
6.500000000000000000e+01 6.600000000000000000e+01 5.869686046999999718e+01 1.385690067899999933e+00
6.600000000000000000e+01 6.700000000000000000e+01 5.772208074999999639e+01 1.687592230799999982e+00
6.700000000000000000e+01 6.800000000000000000e+01 6.125205436000000248e+01 1.651456670500000001e+00
6.800000000000000000e+01 6.900000000000000000e+01 6.256273948999999845e+01 1.580160746500000046e+00
6.900000000000000000e+01 7.000000000000000000e+01 6.501183915000000013e+01 1.471050486200000007e+00
7.000000000000000000e+01 7.100000000000000000e+01 6.422073713000000339e+01 1.562271576999999967e+00
7.100000000000000000e+01 7.200000000000000000e+01 6.379502772000000732e+01 1.547661506699999912e+00
7.200000000000000000e+01 7.300000000000000000e+01 6.626519384000000912e+01 1.589778517599999885e+00
7.300000000000000000e+01 7.400000000000000000e+01 6.362105678999999725e+01 1.593674431899999799e+00
7.400000000000000000e+01 7.500000000000000000e+01 6.543894274999999539e+01 1.563554222800000115e+00
7.500000000000000000e+01 7.600000000000000000e+01 5.911844827000000180e+01 1.493757081700000100e+00
7.600000000000000000e+01 7.700000000000000000e+01 5.839948953000000387e+01 1.372082662700000011e+00
7.700000000000000000e+01 7.800000000000000000e+01 6.034366401999999852e+01 1.574912274599999940e+00
7.800000000000000000e+01 7.900000000000000000e+01 5.961207874000000118e+01 1.480047373699999946e+00
7.900000000000000000e+01 8.000000000000000000e+01 6.048590509999999654e+01 1.562888088300000033e+00
8.000000000000000000e+01 8.100000000000000000e+01 5.956532966999999701e+01 1.461207955799999958e+00
8.100000000000000000e+01 8.200000000000000000e+01 5.896588625000000405e+01 1.538658138499999994e+00
8.200000000000000000e+01 8.300000000000000000e+01 6.239746181999999664e+01 1.462269521600000122e+00
8.300000000000000000e+01 8.400000000000000000e+01 6.009742208000000119e+01 1.592898592700000115e+00
8.400000000000000000e+01 8.500000000000000000e+01 6.006037057000000345e+01 1.572069688800000087e+00
8.500000000000000000e+01 8.600000000000000000e+01 5.975891495000000475e+01 1.450971412699999963e+00
8.600000000000000000e+01 8.700000000000000000e+01 5.824198558999999875e+01 1.461844381099999923e+00
8.700000000000000000e+01 8.800000000000000000e+01 5.468994625999999926e+01 1.406830816600000089e+00
8.800000000000000000e+01 8.900000000000000000e+01 5.526722936999999547e+01 1.538266501000000064e+00
8.900000000000000000e+01 9.000000000000000000e+01 5.927085212000000070e+01 1.536039765700000004e+00
9.000000000000000000e+01 9.100000000000000000e+01 6.053243960999999729e+01 1.549268237200000176e+00
9.100000000000000000e+01 9.200000000000000000e+01 6.167128815000000230e+01 1.548743707999999941e+00
9.200000000000000000e+01 9.300000000000000000e+01 5.929665454999999952e+01 1.471059535099999982e+00
9.300000000000000000e+01 9.400000000000000000e+01 5.974925998000000504e+01 1.463283145599999946e+00
9.400000000000000000e+01 9.500000000000000000e+01 6.056659882999999667e+01 1.495534227399999860e+00
9.500000000000000000e+01 9.600000000000000000e+01 5.868802758999999725e+01 1.457943780999999994e+00
9.600000000000000000e+01 9.700000000000000000e+01 5.662653619999999677e+01 1.432010197200000112e+00
9.700000000000000000e+01 9.800000000000000000e+01 5.552416823000000079e+01 1.377462139599999968e+00
9.800000000000000000e+01 9.900000000000000000e+01 5.004729832999999672e+01 1.425621919999999987e+00
9.900000000000000000e+01 1.000000000000000000e+02 5.515249862999999664e+01 1.598122822800000176e+00
1.000000000000000000e+02 1.010000000000000000e+02 5.658747035000000380e+01 1.551812404100000098e+00
1.010000000000000000e+02 1.020000000000000000e+02 5.768368130999999721e+01 1.605921309500000005e+00
1.020000000000000000e+02 1.030000000000000000e+02 5.489128038000000487e+01 1.541119393799999848e+00
1.030000000000000000e+02 1.040000000000000000e+02 5.665408201000000332e+01 1.574234747200000006e+00
1.040000000000000000e+02 1.050000000000000000e+02 5.840158489000000230e+01 1.517242761700000164e+00
1.050000000000000000e+02 1.060000000000000000e+02 5.615449285000000401e+01 1.458459428900000132e+00
1.060000000000000000e+02 1.070000000000000000e+02 5.656356264999999439e+01 1.374758674200000197e+00
1.070000000000000000e+02 1.080000000000000000e+02 5.296687097999999594e+01 1.401096546200000015e+00
1.080000000000000000e+02 1.090000000000000000e+02 4.831042357999999837e+01 1.338935999799999887e+00
1.090000000000000000e+02 1.100000000000000000e+02 4.870079597999999521e+01 1.395548083899999847e+00
1.100000000000000000e+02 1.110000000000000000e+02 5.427867688999999984e+01 1.671947982300000080e+00
1.110000000000000000e+02 1.120000000000000000e+02 5.364857426999999745e+01 1.603975867700000002e+00
1.120000000000000000e+02 1.130000000000000000e+02 5.246023150999999984e+01 1.487873252999999840e+00
1.130000000000000000e+02 1.140000000000000000e+02 5.382366504000000162e+01 1.503020336599999895e+00
1.140000000000000000e+02 1.150000000000000000e+02 5.441226596999999998e+01 1.625099886799999949e+00
1.150000000000000000e+02 1.160000000000000000e+02 5.262935003999999850e+01 1.546231619100000065e+00
1.160000000000000000e+02 1.170000000000000000e+02 5.550291294000000164e+01 1.471374412900000150e+00
1.170000000000000000e+02 1.180000000000000000e+02 5.279541341999999560e+01 1.444805713599999875e+00
1.180000000000000000e+02 1.190000000000000000e+02 5.233090188999999981e+01 1.432316618600000035e+00
1.190000000000000000e+02 1.200000000000000000e+02 5.038501672000000298e+01 1.369907202800000112e+00
1.200000000000000000e+02 1.210000000000000000e+02 4.812792121000000378e+01 1.397312385699999826e+00
1.210000000000000000e+02 1.220000000000000000e+02 5.184971828999999843e+01 1.574570699000000129e+00
1.220000000000000000e+02 1.230000000000000000e+02 5.451233566999999880e+01 1.606960327799999977e+00
1.230000000000000000e+02 1.240000000000000000e+02 5.623811637999999391e+01 1.534865451299999961e+00
1.240000000000000000e+02 1.250000000000000000e+02 5.334021076000000505e+01 1.538018143399999982e+00
1.250000000000000000e+02 1.260000000000000000e+02 5.444597164000000333e+01 1.521212625900000059e+00
1.260000000000000000e+02 1.270000000000000000e+02 5.147429303999999917e+01 1.515796611600000121e+00
1.270000000000000000e+02 1.280000000000000000e+02 5.181886423000000264e+01 1.465723944799999900e+00
1.280000000000000000e+02 1.290000000000000000e+02 5.357177130999999548e+01 1.569212172600000121e+00
1.290000000000000000e+02 1.300000000000000000e+02 4.893000251999999506e+01 1.431257815900000008e+00
1.300000000000000000e+02 1.310000000000000000e+02 4.721966069000000488e+01 1.411245338699999907e+00
1.310000000000000000e+02 1.320000000000000000e+02 4.370819313000000506e+01 1.418049201300000117e+00
1.320000000000000000e+02 1.330000000000000000e+02 5.148202928999999983e+01 1.555764348800000141e+00
1.330000000000000000e+02 1.340000000000000000e+02 5.332339197999999669e+01 1.745392740399999809e+00
1.340000000000000000e+02 1.350000000000000000e+02 5.326246027000000538e+01 1.553953095400000040e+00
1.350000000000000000e+02 1.360000000000000000e+02 5.385274792999999960e+01 1.593235331799999877e+00
1.360000000000000000e+02 1.370000000000000000e+02 5.374356009000000256e+01 1.589955675699999960e+00
1.370000000000000000e+02 1.380000000000000000e+02 5.335498459000000082e+01 1.526345220899999910e+00
1.380000000000000000e+02 1.390000000000000000e+02 5.091338160000000101e+01 1.457937769100000169e+00
1.390000000000000000e+02 1.400000000000000000e+02 4.852386703999999895e+01 1.486304325999999953e+00
1.400000000000000000e+02 1.410000000000000000e+02 4.834272539999999907e+01 1.393510970899999979e+00
1.410000000000000000e+02 1.420000000000000000e+02 4.647956254000000342e+01 1.476052031699999878e+00
1.420000000000000000e+02 1.430000000000000000e+02 3.963003961999999802e+01 1.271431597200000096e+00
1.430000000000000000e+02 1.440000000000000000e+02 5.171549948000000541e+01 1.553514728099999909e+00
1.440000000000000000e+02 1.450000000000000000e+02 4.929942218999999426e+01 1.689266313400000108e+00
1.450000000000000000e+02 1.460000000000000000e+02 5.042806539000000043e+01 1.537793532999999879e+00
1.460000000000000000e+02 1.470000000000000000e+02 5.165023923999999766e+01 1.566245246799999880e+00
1.470000000000000000e+02 1.480000000000000000e+02 5.048097942999999788e+01 1.500440920700000014e+00
1.480000000000000000e+02 1.490000000000000000e+02 5.002870268999999581e+01 1.486600206499999910e+00
1.490000000000000000e+02 1.500000000000000000e+02 4.840177416000000221e+01 1.635550885900000084e+00
1.500000000000000000e+02 1.510000000000000000e+02 4.419559294999999821e+01 1.460505061999999965e+00
1.510000000000000000e+02 1.520000000000000000e+02 4.398703376000000276e+01 1.305586869100000103e+00
1.520000000000000000e+02 1.530000000000000000e+02 3.997295014999999552e+01 1.395051938099999944e+00
1.530000000000000000e+02 1.540000000000000000e+02 4.146318914000000433e+01 1.234540360800000069e+00
1.540000000000000000e+02 1.550000000000000000e+02 4.842204912999999777e+01 1.574671914300000086e+00
1.550000000000000000e+02 1.560000000000000000e+02 4.907544478999999882e+01 1.644253238599999944e+00
1.560000000000000000e+02 1.570000000000000000e+02 4.814977275999999762e+01 1.566608293300000065e+00
1.570000000000000000e+02 1.580000000000000000e+02 4.691122233000000108e+01 1.546796230700000052e+00
1.580000000000000000e+02 1.590000000000000000e+02 4.797679476999999792e+01 1.460126413899999864e+00
1.590000000000000000e+02 1.600000000000000000e+02 4.554434334999999834e+01 1.436244914999999844e+00
1.600000000000000000e+02 1.610000000000000000e+02 4.731086195000000316e+01 1.588126057699999816e+00
1.610000000000000000e+02 1.620000000000000000e+02 4.414936128000000082e+01 1.425123488899999957e+00
1.620000000000000000e+02 1.630000000000000000e+02 4.288186091000000033e+01 1.303410525799999942e+00
1.630000000000000000e+02 1.640000000000000000e+02 3.962697179999999975e+01 1.310015311399999938e+00
1.640000000000000000e+02 1.650000000000000000e+02 3.814859505999999811e+01 1.293324270799999898e+00
1.650000000000000000e+02 1.660000000000000000e+02 4.807428482000000258e+01 1.549576899999999924e+00
1.660000000000000000e+02 1.670000000000000000e+02 4.832992604999999742e+01 1.532300392600000061e+00
1.670000000000000000e+02 1.680000000000000000e+02 4.816294828000000194e+01 1.600221413100000101e+00
1.680000000000000000e+02 1.690000000000000000e+02 4.814527185000000031e+01 1.521252292799999850e+00
1.690000000000000000e+02 1.700000000000000000e+02 4.793813596999999760e+01 1.509687238099999940e+00
1.700000000000000000e+02 1.710000000000000000e+02 4.705991377000000142e+01 1.506398000599999953e+00
1.710000000000000000e+02 1.720000000000000000e+02 4.520715636999999987e+01 1.530092128400000195e+00
1.720000000000000000e+02 1.730000000000000000e+02 4.712993941000000575e+01 1.411157487100000107e+00
1.730000000000000000e+02 1.740000000000000000e+02 4.099366297000000259e+01 1.320261094199999929e+00
1.740000000000000000e+02 1.750000000000000000e+02 4.204398485999999480e+01 1.411001256200000054e+00
1.750000000000000000e+02 1.760000000000000000e+02 3.588570428999999962e+01 1.234841444600000004e+00
1.760000000000000000e+02 1.770000000000000000e+02 4.573822636999999958e+01 1.553648966500000173e+00
1.770000000000000000e+02 1.780000000000000000e+02 4.583031822000000233e+01 1.525644164600000074e+00
1.780000000000000000e+02 1.790000000000000000e+02 4.595106071000000014e+01 1.546266286700000103e+00
1.790000000000000000e+02 1.800000000000000000e+02 4.638597641999999865e+01 1.551277385500000161e+00
1.800000000000000000e+02 1.810000000000000000e+02 4.409822128000000419e+01 1.615931000500000048e+00
1.810000000000000000e+02 1.820000000000000000e+02 4.597615549000000357e+01 1.483270540299999940e+00
1.820000000000000000e+02 1.830000000000000000e+02 4.511404947999999848e+01 1.450361291999999969e+00
1.830000000000000000e+02 1.840000000000000000e+02 4.328159727999999973e+01 1.374844515599999983e+00
1.840000000000000000e+02 1.850000000000000000e+02 4.088535192000000507e+01 1.330449747099999858e+00
1.850000000000000000e+02 1.860000000000000000e+02 3.622538517999999641e+01 1.394296995300000175e+00
1.860000000000000000e+02 1.870000000000000000e+02 3.687797527999999403e+01 1.319555187199999979e+00
1.870000000000000000e+02 1.880000000000000000e+02 4.670164651000000333e+01 1.501320614900000017e+00
1.880000000000000000e+02 1.890000000000000000e+02 4.494623703999999975e+01 1.549179023700000046e+00
1.890000000000000000e+02 1.900000000000000000e+02 4.353593168999999818e+01 1.540862451500000008e+00
1.900000000000000000e+02 1.910000000000000000e+02 4.593346549999999695e+01 1.572232751500000081e+00
1.910000000000000000e+02 1.920000000000000000e+02 4.448714525999999836e+01 1.546543885700000009e+00
1.920000000000000000e+02 1.930000000000000000e+02 4.293326460000000111e+01 1.499047162000000100e+00
1.930000000000000000e+02 1.940000000000000000e+02 4.064463692000000350e+01 1.479642670000000049e+00
1.940000000000000000e+02 1.950000000000000000e+02 4.017218872999999491e+01 1.378966234499999999e+00
1.950000000000000000e+02 1.960000000000000000e+02 3.923658833999999729e+01 1.350111243700000019e+00
1.960000000000000000e+02 1.970000000000000000e+02 3.798413948000000318e+01 1.376684554000000116e+00
1.970000000000000000e+02 1.980000000000000000e+02 3.254336172000000005e+01 1.276516021800000011e+00
1.980000000000000000e+02 1.990000000000000000e+02 4.564521604999999482e+01 1.627821553700000035e+00
1.990000000000000000e+02 2.000000000000000000e+02 4.679513155000000069e+01 1.673759995299999970e+00
2.000000000000000000e+02 2.010000000000000000e+02 4.428248890999999787e+01 1.588464799500000080e+00
2.010000000000000000e+02 2.020000000000000000e+02 4.333024247000000173e+01 1.625116203900000000e+00
2.020000000000000000e+02 2.030000000000000000e+02 4.469124504000000542e+01 1.643652236400000133e+00
2.030000000000000000e+02 2.040000000000000000e+02 4.332324381000000102e+01 1.610953254500000043e+00
2.040000000000000000e+02 2.050000000000000000e+02 4.060160493000000059e+01 1.435822471799999889e+00
2.050000000000000000e+02 2.060000000000000000e+02 4.049193954000000417e+01 1.396395679100000065e+00
2.060000000000000000e+02 2.070000000000000000e+02 3.779144952000000046e+01 1.481135601799999924e+00
2.070000000000000000e+02 2.080000000000000000e+02 3.376688645000000122e+01 1.273549728599999931e+00
2.080000000000000000e+02 2.090000000000000000e+02 3.262784188000000540e+01 1.224024950899999853e+00
2.090000000000000000e+02 2.100000000000000000e+02 4.227963137000000415e+01 1.635043463099999927e+00
2.100000000000000000e+02 2.110000000000000000e+02 4.178632444000000135e+01 1.619461629400000158e+00
2.110000000000000000e+02 2.120000000000000000e+02 4.239713572000000141e+01 1.528174395099999971e+00
2.120000000000000000e+02 2.130000000000000000e+02 4.468555608000000490e+01 1.645692021399999927e+00
2.130000000000000000e+02 2.140000000000000000e+02 3.960799330999999768e+01 1.542918889100000079e+00
2.140000000000000000e+02 2.150000000000000000e+02 4.087708294000000109e+01 1.510838852700000068e+00
2.150000000000000000e+02 2.160000000000000000e+02 4.125631743000000284e+01 1.362108711499999902e+00
2.160000000000000000e+02 2.170000000000000000e+02 3.830623951000000460e+01 1.344648194499999949e+00
2.170000000000000000e+02 2.180000000000000000e+02 3.528780809999999946e+01 1.359410360000000040e+00
2.180000000000000000e+02 2.190000000000000000e+02 3.472979006999999996e+01 1.223432489899999975e+00
2.190000000000000000e+02 2.200000000000000000e+02 3.055637185000000144e+01 1.249289069900000104e+00
2.200000000000000000e+02 2.210000000000000000e+02 3.997687614000000167e+01 1.693909801200000009e+00
2.210000000000000000e+02 2.220000000000000000e+02 4.281105637000000286e+01 1.516572584200000184e+00
2.220000000000000000e+02 2.230000000000000000e+02 4.590522039000000376e+01 1.622047767400000007e+00
2.230000000000000000e+02 2.240000000000000000e+02 3.957470118999999897e+01 1.576044897599999883e+00
2.240000000000000000e+02 2.250000000000000000e+02 3.918149384999999540e+01 1.408736563900000016e+00
2.250000000000000000e+02 2.260000000000000000e+02 4.094158726999999942e+01 1.506603454399999986e+00
2.260000000000000000e+02 2.270000000000000000e+02 3.851426049999999890e+01 1.371797789800000000e+00
2.270000000000000000e+02 2.280000000000000000e+02 3.597501828999999418e+01 1.392906235400000137e+00
2.280000000000000000e+02 2.290000000000000000e+02 3.453231846999999988e+01 1.344651933299999991e+00
2.290000000000000000e+02 2.300000000000000000e+02 3.115985484000000127e+01 1.236711509100000050e+00
2.300000000000000000e+02 2.310000000000000000e+02 2.978655394999999828e+01 1.205844611700000124e+00
2.310000000000000000e+02 2.320000000000000000e+02 4.048145153999999479e+01 1.694295697899999897e+00
2.320000000000000000e+02 2.330000000000000000e+02 3.882746851000000277e+01 1.592247196099999984e+00
2.330000000000000000e+02 2.340000000000000000e+02 3.795899600999999990e+01 1.560016439699999813e+00
2.340000000000000000e+02 2.350000000000000000e+02 4.295738783000000183e+01 1.633157055500000121e+00
2.350000000000000000e+02 2.360000000000000000e+02 4.068653090999999478e+01 1.402067756499999929e+00
2.360000000000000000e+02 2.370000000000000000e+02 3.922124244000000459e+01 1.498220431400000052e+00
2.370000000000000000e+02 2.380000000000000000e+02 3.898407807000000247e+01 1.520336368399999971e+00
2.380000000000000000e+02 2.390000000000000000e+02 3.590246720999999752e+01 1.384776098099999908e+00
2.390000000000000000e+02 2.400000000000000000e+02 3.461453851999999642e+01 1.447795168099999863e+00
2.400000000000000000e+02 2.410000000000000000e+02 2.978459110000000010e+01 1.198662170800000037e+00
2.410000000000000000e+02 2.420000000000000000e+02 2.570445232000000146e+01 1.147510969700000105e+00
2.420000000000000000e+02 2.430000000000000000e+02 4.066317460000000494e+01 1.819241701099999942e+00
2.430000000000000000e+02 2.440000000000000000e+02 3.988019497000000513e+01 1.633274260599999916e+00
2.440000000000000000e+02 2.450000000000000000e+02 4.034535585000000424e+01 1.677984343999999961e+00
2.450000000000000000e+02 2.460000000000000000e+02 3.740227551999999633e+01 1.580301412699999908e+00
2.460000000000000000e+02 2.470000000000000000e+02 3.851724039999999860e+01 1.518773942999999793e+00
2.470000000000000000e+02 2.480000000000000000e+02 3.733032015999999942e+01 1.533840902099999903e+00
2.480000000000000000e+02 2.490000000000000000e+02 3.249065552999999795e+01 1.432515317300000035e+00
2.490000000000000000e+02 2.500000000000000000e+02 3.190071865999999545e+01 1.411553849499999957e+00
2.500000000000000000e+02 2.510000000000000000e+02 3.302912129999999991e+01 1.305602855900000137e+00
2.510000000000000000e+02 2.520000000000000000e+02 3.083391286999999892e+01 1.326351243900000032e+00
2.520000000000000000e+02 2.530000000000000000e+02 2.879744897999999864e+01 1.112910993899999923e+00
2.530000000000000000e+02 2.540000000000000000e+02 3.647205212000000074e+01 1.600996517300000033e+00
2.540000000000000000e+02 2.550000000000000000e+02 3.814984831999999670e+01 1.598180189699999865e+00
2.550000000000000000e+02 2.560000000000000000e+02 3.951108706000000126e+01 1.645209667500000084e+00
2.560000000000000000e+02 2.570000000000000000e+02 3.710529240000000328e+01 1.452537799200000146e+00
2.570000000000000000e+02 2.580000000000000000e+02 3.701323987999999332e+01 1.524073128599999993e+00
2.580000000000000000e+02 2.590000000000000000e+02 3.606440400999999696e+01 1.462913145300000162e+00
2.590000000000000000e+02 2.600000000000000000e+02 3.606719352999999728e+01 1.295587167799999939e+00
2.600000000000000000e+02 2.610000000000000000e+02 3.290331099999999509e+01 1.332263709500000060e+00
2.610000000000000000e+02 2.620000000000000000e+02 2.955748042999999825e+01 1.328074387500000064e+00
2.620000000000000000e+02 2.630000000000000000e+02 2.958332823000000289e+01 1.329333918199999909e+00
2.630000000000000000e+02 2.640000000000000000e+02 2.465893525999999980e+01 1.103636039600000007e+00
2.640000000000000000e+02 2.650000000000000000e+02 3.849876542999999884e+01 1.593114864299999933e+00
2.650000000000000000e+02 2.660000000000000000e+02 4.152227397999999425e+01 1.556714591899999833e+00
2.660000000000000000e+02 2.670000000000000000e+02 3.725689804000000294e+01 1.590318855799999875e+00
2.670000000000000000e+02 2.680000000000000000e+02 3.807212773999999911e+01 1.532825404300000027e+00
2.680000000000000000e+02 2.690000000000000000e+02 3.694916225999999426e+01 1.502606283899999839e+00
2.690000000000000000e+02 2.700000000000000000e+02 3.808434623000000130e+01 1.457772623799999945e+00
2.700000000000000000e+02 2.710000000000000000e+02 3.403960940999999707e+01 1.409336983699999823e+00
2.710000000000000000e+02 2.720000000000000000e+02 3.186002956000000097e+01 1.380060892499999969e+00
2.720000000000000000e+02 2.730000000000000000e+02 3.154103848000000099e+01 1.351632521199999992e+00
2.730000000000000000e+02 2.740000000000000000e+02 2.563702972000000102e+01 1.192947217599999998e+00
2.740000000000000000e+02 2.750000000000000000e+02 2.667619329999999778e+01 1.062914229200000005e+00
2.750000000000000000e+02 2.760000000000000000e+02 3.849930686999999807e+01 1.765017282600000126e+00
2.760000000000000000e+02 2.770000000000000000e+02 3.705869849000000471e+01 1.549268175699999972e+00
2.770000000000000000e+02 2.780000000000000000e+02 3.717417132000000635e+01 1.593097632200000113e+00
2.780000000000000000e+02 2.790000000000000000e+02 3.563126388000000588e+01 1.512490017399999997e+00
2.790000000000000000e+02 2.800000000000000000e+02 3.399968956000000020e+01 1.542077466199999858e+00
2.800000000000000000e+02 2.810000000000000000e+02 3.360052902999999702e+01 1.503296213100000056e+00
2.810000000000000000e+02 2.820000000000000000e+02 3.225896683999999937e+01 1.456255895400000000e+00
2.820000000000000000e+02 2.830000000000000000e+02 3.007292044999999803e+01 1.587518203399999939e+00
2.830000000000000000e+02 2.840000000000000000e+02 2.822649475000000052e+01 1.273485088399999965e+00
2.840000000000000000e+02 2.850000000000000000e+02 2.821799114999999958e+01 1.299988658199999980e+00
2.850000000000000000e+02 2.860000000000000000e+02 2.324936399000000264e+01 1.077843035800000182e+00
2.860000000000000000e+02 2.870000000000000000e+02 3.386641191000000362e+01 1.697032374199999971e+00
2.870000000000000000e+02 2.880000000000000000e+02 3.631675936999999976e+01 1.625875944799999973e+00
2.880000000000000000e+02 2.890000000000000000e+02 3.801824166999999477e+01 1.689677830599999986e+00
2.890000000000000000e+02 2.900000000000000000e+02 3.536737712000000045e+01 1.503718730499999934e+00
2.900000000000000000e+02 2.910000000000000000e+02 3.469537841999999728e+01 1.464447726199999966e+00
2.910000000000000000e+02 2.920000000000000000e+02 3.360851241000000300e+01 1.574004849600000089e+00
2.920000000000000000e+02 2.930000000000000000e+02 3.063189651000000069e+01 1.431585064899999926e+00
2.930000000000000000e+02 2.940000000000000000e+02 2.922914775000000276e+01 1.458069808400000111e+00
2.940000000000000000e+02 2.950000000000000000e+02 2.882330663999999842e+01 1.215179101900000003e+00
2.950000000000000000e+02 2.960000000000000000e+02 2.456223964000000137e+01 1.308378567699999939e+00
2.960000000000000000e+02 2.970000000000000000e+02 2.225832841000000073e+01 1.050914335200000105e+00
2.970000000000000000e+02 2.980000000000000000e+02 3.928838219000000009e+01 1.595234513000000076e+00
2.980000000000000000e+02 2.990000000000000000e+02 3.611738260999999994e+01 1.741417481000000045e+00
2.990000000000000000e+02 3.000000000000000000e+02 3.303653757000000013e+01 1.702344996799999954e+00
3.000000000000000000e+02 3.010000000000000000e+02 3.523690008000000518e+01 1.505773070200000063e+00
3.010000000000000000e+02 3.020000000000000000e+02 3.295608086000000014e+01 1.631740687299999992e+00
3.020000000000000000e+02 3.030000000000000000e+02 3.251572527000000434e+01 1.534155433300000038e+00
3.030000000000000000e+02 3.040000000000000000e+02 3.068904556999999755e+01 1.382433878899999913e+00
3.040000000000000000e+02 3.050000000000000000e+02 2.898040431000000083e+01 1.327677045599999994e+00
3.050000000000000000e+02 3.060000000000000000e+02 2.681513069999999743e+01 1.321568172100000105e+00
3.060000000000000000e+02 3.070000000000000000e+02 2.292407509999999959e+01 1.094565214600000003e+00
3.070000000000000000e+02 3.080000000000000000e+02 2.271289144999999721e+01 1.020227888299999996e+00
3.080000000000000000e+02 3.090000000000000000e+02 3.243918522000000593e+01 1.632283126199999934e+00
3.090000000000000000e+02 3.100000000000000000e+02 3.447412326999999976e+01 1.743369908000000024e+00
3.100000000000000000e+02 3.110000000000000000e+02 3.465847753999999981e+01 1.572356689700000087e+00
3.110000000000000000e+02 3.120000000000000000e+02 3.337124492999999603e+01 1.487459433800000008e+00
3.120000000000000000e+02 3.130000000000000000e+02 3.406506892999999536e+01 1.479372908600000036e+00
3.130000000000000000e+02 3.140000000000000000e+02 2.814646726999999871e+01 1.610806756599999945e+00
3.140000000000000000e+02 3.150000000000000000e+02 3.118310999000000194e+01 1.408335505599999982e+00
3.150000000000000000e+02 3.160000000000000000e+02 2.963807687000000257e+01 1.326776755499999849e+00
3.160000000000000000e+02 3.170000000000000000e+02 2.447876176000000115e+01 1.330549081799999867e+00
3.170000000000000000e+02 3.180000000000000000e+02 2.529024466000000260e+01 1.148131654499999987e+00
3.180000000000000000e+02 3.190000000000000000e+02 1.972160451999999964e+01 1.018440054100000047e+00
3.190000000000000000e+02 3.200000000000000000e+02 3.326642297000000070e+01 1.590172759899999955e+00
3.200000000000000000e+02 3.210000000000000000e+02 3.352064860000000124e+01 1.668432823899999917e+00
3.210000000000000000e+02 3.220000000000000000e+02 3.470777187000000197e+01 1.788471855200000071e+00
3.220000000000000000e+02 3.230000000000000000e+02 3.176262218999999831e+01 1.586174215700000056e+00
3.230000000000000000e+02 3.240000000000000000e+02 3.183475275000000337e+01 1.408067849899999890e+00
3.240000000000000000e+02 3.250000000000000000e+02 3.250131080999999966e+01 1.387797796899999936e+00
3.250000000000000000e+02 3.260000000000000000e+02 2.905804706999999709e+01 1.579482494899999923e+00
3.260000000000000000e+02 3.270000000000000000e+02 2.710665995999999822e+01 1.237014968300000017e+00
3.270000000000000000e+02 3.280000000000000000e+02 2.611905585999999957e+01 1.191914220099999921e+00
3.280000000000000000e+02 3.290000000000000000e+02 2.091056511999999756e+01 1.195904332700000072e+00
3.290000000000000000e+02 3.300000000000000000e+02 2.316199911000000000e+01 1.020118324200000037e+00
3.300000000000000000e+02 3.310000000000000000e+02 3.733542795000000325e+01 1.593963652400000042e+00
3.310000000000000000e+02 3.320000000000000000e+02 3.335134023999999897e+01 1.615134291700000002e+00
3.320000000000000000e+02 3.330000000000000000e+02 3.071267754000000139e+01 1.704214386000000081e+00
3.330000000000000000e+02 3.340000000000000000e+02 3.236248160000000240e+01 1.570397636400000074e+00
3.340000000000000000e+02 3.350000000000000000e+02 3.080486578999999736e+01 1.575164157199999915e+00
3.350000000000000000e+02 3.360000000000000000e+02 3.082479013999999751e+01 1.360260478999999911e+00
3.360000000000000000e+02 3.370000000000000000e+02 3.201292019000000266e+01 1.518218819999999969e+00
3.370000000000000000e+02 3.380000000000000000e+02 2.714271719999999988e+01 1.315290711900000131e+00
3.380000000000000000e+02 3.390000000000000000e+02 2.574799754000000007e+01 1.358839740800000140e+00
3.390000000000000000e+02 3.400000000000000000e+02 2.236733012999999914e+01 1.131854022500000001e+00
3.400000000000000000e+02 3.410000000000000000e+02 2.151278916000000052e+01 9.889871971999999456e-01
3.410000000000000000e+02 3.420000000000000000e+02 3.223016501000000034e+01 1.627118105199999887e+00
3.420000000000000000e+02 3.430000000000000000e+02 3.722780556000000018e+01 1.709178851499999929e+00
3.430000000000000000e+02 3.440000000000000000e+02 3.103004707999999923e+01 1.496799462100000033e+00
3.440000000000000000e+02 3.450000000000000000e+02 2.992335489999999965e+01 1.451392650199999856e+00
3.450000000000000000e+02 3.460000000000000000e+02 2.919251941000000272e+01 1.581610479000000069e+00
3.460000000000000000e+02 3.470000000000000000e+02 3.024604919999999808e+01 1.436457203799999860e+00
3.470000000000000000e+02 3.480000000000000000e+02 2.646131769999999861e+01 1.303504538099999888e+00
3.480000000000000000e+02 3.490000000000000000e+02 2.494015158999999926e+01 1.380011933099999810e+00
3.490000000000000000e+02 3.500000000000000000e+02 2.361166182999999918e+01 1.229215600000000075e+00
3.500000000000000000e+02 3.510000000000000000e+02 2.334350261999999887e+01 1.118850749000000144e+00
3.510000000000000000e+02 3.520000000000000000e+02 1.848643758999999775e+01 9.860940692000000896e-01
3.520000000000000000e+02 3.530000000000000000e+02 3.294277686999999588e+01 1.647690682699999964e+00
3.530000000000000000e+02 3.540000000000000000e+02 3.053911168000000131e+01 1.816997125100000110e+00
3.540000000000000000e+02 3.550000000000000000e+02 3.003555616999999955e+01 1.503620811800000068e+00
3.550000000000000000e+02 3.560000000000000000e+02 2.963034852999999913e+01 1.604470718500000004e+00
3.560000000000000000e+02 3.570000000000000000e+02 2.978882132000000027e+01 1.638392934999999939e+00
3.570000000000000000e+02 3.580000000000000000e+02 2.742311294999999660e+01 1.487519487299999943e+00
3.580000000000000000e+02 3.590000000000000000e+02 2.761369402000000051e+01 1.407916325999999829e+00
3.590000000000000000e+02 3.600000000000000000e+02 2.500331343999999945e+01 1.284045611700000089e+00
3.600000000000000000e+02 3.610000000000000000e+02 2.230392512999999965e+01 1.308605850199999976e+00
3.610000000000000000e+02 3.620000000000000000e+02 1.889815392999999943e+01 1.061219487299999820e+00
3.620000000000000000e+02 3.630000000000000000e+02 1.817617934200000107e+01 1.047208830600000029e+00
3.630000000000000000e+02 3.640000000000000000e+02 3.287848403999999647e+01 1.606385167100000011e+00
3.640000000000000000e+02 3.650000000000000000e+02 3.291900681999999989e+01 1.601868644400000097e+00
3.650000000000000000e+02 3.660000000000000000e+02 3.018965579000000332e+01 1.613408579299999923e+00
3.660000000000000000e+02 3.670000000000000000e+02 3.250572025999999681e+01 1.600506310800000165e+00
3.670000000000000000e+02 3.680000000000000000e+02 3.010221897999999996e+01 1.498991012699999903e+00
3.680000000000000000e+02 3.690000000000000000e+02 2.869764771999999908e+01 1.437642360799999963e+00
3.690000000000000000e+02 3.700000000000000000e+02 2.580215563000000145e+01 1.377649200100000026e+00
3.700000000000000000e+02 3.710000000000000000e+02 2.429386573000000027e+01 1.347218846699999917e+00
3.710000000000000000e+02 3.720000000000000000e+02 2.134292139000000077e+01 1.261457329299999985e+00
3.720000000000000000e+02 3.730000000000000000e+02 2.267211804000000086e+01 1.112354975999999995e+00
3.730000000000000000e+02 3.740000000000000000e+02 1.707533468399999776e+01 9.391031827999999360e-01
3.740000000000000000e+02 3.750000000000000000e+02 3.077552310999999818e+01 1.708553757800000072e+00
3.750000000000000000e+02 3.760000000000000000e+02 2.836630159000000262e+01 1.660105455599999891e+00
3.760000000000000000e+02 3.770000000000000000e+02 3.147312338000000054e+01 1.608049277899999963e+00
3.770000000000000000e+02 3.780000000000000000e+02 2.842205943000000090e+01 1.693950513899999955e+00
3.780000000000000000e+02 3.790000000000000000e+02 2.710564843999999951e+01 1.670979016700000042e+00
3.790000000000000000e+02 3.800000000000000000e+02 2.495943564999999964e+01 1.307200402199999889e+00
3.800000000000000000e+02 3.810000000000000000e+02 2.686253884999999997e+01 1.410982282600000026e+00
3.810000000000000000e+02 3.820000000000000000e+02 2.304912184000000153e+01 1.351023443800000168e+00
3.820000000000000000e+02 3.830000000000000000e+02 2.237057921999999976e+01 1.294175422500000172e+00
3.830000000000000000e+02 3.840000000000000000e+02 1.876991356999999994e+01 1.010580760399999889e+00
3.840000000000000000e+02 3.850000000000000000e+02 1.743032740299999972e+01 1.002643397800000002e+00
3.850000000000000000e+02 3.860000000000000000e+02 3.121328980000000186e+01 1.553555381100000021e+00
3.860000000000000000e+02 3.870000000000000000e+02 3.135246744999999891e+01 1.594310671000000124e+00
3.870000000000000000e+02 3.880000000000000000e+02 3.079445480000000046e+01 1.692222689999999918e+00
3.880000000000000000e+02 3.890000000000000000e+02 2.980878298000000015e+01 1.662592409399999971e+00
3.890000000000000000e+02 3.900000000000000000e+02 2.958925201999999999e+01 1.520479354499999936e+00
3.900000000000000000e+02 3.910000000000000000e+02 2.483488557999999813e+01 1.376252721900000031e+00
3.910000000000000000e+02 3.920000000000000000e+02 2.380377097999999947e+01 1.473849324600000177e+00
3.920000000000000000e+02 3.930000000000000000e+02 2.501321332999999925e+01 1.309026076599999922e+00
3.930000000000000000e+02 3.940000000000000000e+02 1.954121620000000092e+01 1.284520918100000131e+00
3.940000000000000000e+02 3.950000000000000000e+02 2.078439937999999998e+01 1.025094999999999867e+00
3.950000000000000000e+02 3.960000000000000000e+02 1.714505857999999705e+01 1.058716708299999976e+00
3.960000000000000000e+02 3.970000000000000000e+02 2.761933701999999968e+01 1.573210266000000024e+00
3.970000000000000000e+02 3.980000000000000000e+02 2.773240936999999917e+01 1.560695438400000024e+00
3.980000000000000000e+02 3.990000000000000000e+02 2.665600391999999985e+01 1.816087465099999854e+00
3.990000000000000000e+02 4.000000000000000000e+02 2.935114403000000038e+01 1.545300095500000026e+00
4.000000000000000000e+02 4.010000000000000000e+02 2.631695664999999806e+01 1.467739438499999993e+00
4.010000000000000000e+02 4.020000000000000000e+02 2.731330552000000012e+01 1.307979930999999985e+00
4.020000000000000000e+02 4.030000000000000000e+02 2.438599602000000033e+01 1.375516865999999894e+00
4.030000000000000000e+02 4.040000000000000000e+02 2.404076471000000126e+01 1.239933478099999986e+00
4.040000000000000000e+02 4.050000000000000000e+02 2.126116017000000014e+01 1.245205287799999949e+00
4.050000000000000000e+02 4.060000000000000000e+02 1.756613948200000053e+01 1.150645044500000047e+00
4.060000000000000000e+02 4.070000000000000000e+02 1.796126641499999721e+01 9.830956693999999274e-01
4.070000000000000000e+02 4.080000000000000000e+02 3.121095653999999797e+01 1.665459794800000060e+00
4.080000000000000000e+02 4.090000000000000000e+02 2.957265188000000222e+01 1.820631093400000067e+00
4.090000000000000000e+02 4.100000000000000000e+02 2.895929210999999981e+01 1.626672195199999837e+00
4.100000000000000000e+02 4.110000000000000000e+02 2.806921621000000044e+01 1.390771119300000080e+00
4.110000000000000000e+02 4.120000000000000000e+02 2.640935176999999712e+01 1.430015527499999939e+00
4.120000000000000000e+02 4.130000000000000000e+02 2.603249130000000022e+01 1.310058223900000041e+00
4.130000000000000000e+02 4.140000000000000000e+02 2.454691868000000099e+01 1.286495038199999996e+00
4.140000000000000000e+02 4.150000000000000000e+02 2.289185939000000047e+01 1.201549220600000023e+00
4.150000000000000000e+02 4.160000000000000000e+02 1.777389038900000173e+01 1.230963687999999889e+00
4.160000000000000000e+02 4.170000000000000000e+02 1.775931647599999863e+01 1.027836452300000092e+00
4.170000000000000000e+02 4.180000000000000000e+02 1.721234125999999875e+01 9.301610878000000637e-01
4.180000000000000000e+02 4.190000000000000000e+02 2.698150830000000155e+01 1.706537376399999806e+00
4.190000000000000000e+02 4.200000000000000000e+02 2.710755859000000001e+01 1.532735649400000177e+00
4.200000000000000000e+02 4.210000000000000000e+02 2.740931928999999911e+01 1.671885727700000102e+00
4.210000000000000000e+02 4.220000000000000000e+02 2.579771124000000171e+01 1.579256197000000084e+00
4.220000000000000000e+02 4.230000000000000000e+02 2.606377250999999973e+01 1.299606765899999905e+00
4.230000000000000000e+02 4.240000000000000000e+02 2.449953360000000302e+01 1.474430131399999899e+00
4.240000000000000000e+02 4.250000000000000000e+02 2.295634760999999813e+01 1.333465039100000027e+00
4.250000000000000000e+02 4.260000000000000000e+02 2.131709329999999980e+01 1.166498363899999946e+00
4.260000000000000000e+02 4.270000000000000000e+02 2.152682408999999808e+01 1.161660298399999958e+00
4.270000000000000000e+02 4.280000000000000000e+02 1.701670237100000094e+01 9.622823956000000623e-01
4.280000000000000000e+02 4.290000000000000000e+02 1.436287193099999904e+01 8.978375009000000295e-01
4.290000000000000000e+02 4.300000000000000000e+02 2.733378586999999982e+01 1.710258843299999887e+00
4.300000000000000000e+02 4.310000000000000000e+02 2.735989614999999731e+01 1.521745613800000063e+00
4.310000000000000000e+02 4.320000000000000000e+02 2.693559515000000104e+01 1.602818714699999925e+00
4.320000000000000000e+02 4.330000000000000000e+02 2.488858798999999777e+01 1.526800753499999885e+00
4.330000000000000000e+02 4.340000000000000000e+02 2.878873328999999970e+01 1.460125134300000127e+00
4.340000000000000000e+02 4.350000000000000000e+02 2.279584752999999964e+01 1.304754357699999812e+00
4.350000000000000000e+02 4.360000000000000000e+02 2.092256669000000002e+01 1.436403906300000033e+00
4.360000000000000000e+02 4.370000000000000000e+02 2.259783850999999899e+01 1.109796604999999881e+00
4.370000000000000000e+02 4.380000000000000000e+02 1.875258764999999883e+01 1.188593471899999976e+00
4.380000000000000000e+02 4.390000000000000000e+02 1.805166089500000126e+01 9.766871498999999401e-01
4.390000000000000000e+02 4.400000000000000000e+02 1.422490017199999990e+01 9.602972882000000432e-01
4.400000000000000000e+02 4.410000000000000000e+02 2.642564507999999890e+01 1.773518783599999926e+00
4.410000000000000000e+02 4.420000000000000000e+02 2.560974570999999855e+01 1.680615686599999936e+00
4.420000000000000000e+02 4.430000000000000000e+02 2.813425308999999785e+01 1.623319196099999973e+00
4.430000000000000000e+02 4.440000000000000000e+02 2.827735987999999878e+01 1.426963922299999910e+00
4.440000000000000000e+02 4.450000000000000000e+02 2.604267929999999964e+01 1.671927850300000129e+00
4.450000000000000000e+02 4.460000000000000000e+02 2.464670539000000105e+01 1.266794522300000114e+00
4.460000000000000000e+02 4.470000000000000000e+02 2.064855578999999963e+01 1.421615279800000131e+00
4.470000000000000000e+02 4.480000000000000000e+02 1.810012239599999972e+01 1.227605092000000120e+00
4.480000000000000000e+02 4.490000000000000000e+02 1.664803597200000240e+01 1.022004775099999874e+00
4.490000000000000000e+02 4.500000000000000000e+02 1.667425202500000125e+01 1.069229906299999922e+00
4.500000000000000000e+02 4.510000000000000000e+02 1.443660952699999989e+01 8.472519912999999514e-01
4.510000000000000000e+02 4.520000000000000000e+02 2.854138818000000200e+01 1.673426413600000107e+00
4.520000000000000000e+02 4.530000000000000000e+02 2.865084125000000270e+01 1.619054592699999962e+00
4.530000000000000000e+02 4.540000000000000000e+02 2.718464180000000141e+01 1.691766176999999871e+00
4.540000000000000000e+02 4.550000000000000000e+02 2.310022597999999761e+01 1.453210476299999998e+00
4.550000000000000000e+02 4.560000000000000000e+02 2.144205561000000060e+01 1.556028708099999935e+00
4.560000000000000000e+02 4.570000000000000000e+02 2.383642558000000022e+01 1.373756995900000000e+00
4.570000000000000000e+02 4.580000000000000000e+02 2.322018315999999771e+01 1.280776438199999978e+00
4.580000000000000000e+02 4.590000000000000000e+02 2.165755980000000136e+01 1.226702556200000016e+00
4.590000000000000000e+02 4.600000000000000000e+02 1.744326889599999930e+01 1.114154331700000000e+00
4.600000000000000000e+02 4.610000000000000000e+02 1.610095299199999985e+01 1.058051976999999866e+00
4.610000000000000000e+02 4.620000000000000000e+02 1.463591155199999960e+01 9.034981762999999555e-01
4.620000000000000000e+02 4.630000000000000000e+02 2.605476018999999965e+01 1.619583601800000050e+00
4.630000000000000000e+02 4.640000000000000000e+02 2.302708854999999843e+01 1.602246837100000043e+00
4.640000000000000000e+02 4.650000000000000000e+02 2.369483393999999876e+01 1.564048406599999996e+00
4.650000000000000000e+02 4.660000000000000000e+02 2.319447004999999962e+01 1.454596033699999902e+00
4.660000000000000000e+02 4.670000000000000000e+02 2.255718015999999793e+01 1.441696009900000019e+00
4.670000000000000000e+02 4.680000000000000000e+02 2.199908804000000018e+01 1.371457530299999839e+00
4.680000000000000000e+02 4.690000000000000000e+02 2.341221782000000218e+01 1.338933121299999973e+00
4.690000000000000000e+02 4.700000000000000000e+02 1.765379860499999864e+01 1.246829194300000054e+00
4.700000000000000000e+02 4.710000000000000000e+02 1.916654409499999900e+01 1.048595260699999976e+00
4.710000000000000000e+02 4.720000000000000000e+02 1.396141700500000127e+01 8.930812514999999507e-01
4.720000000000000000e+02 4.730000000000000000e+02 1.345290911999999928e+01 9.878239694999999543e-01
4.730000000000000000e+02 4.740000000000000000e+02 2.520057058999999811e+01 1.550722253599999823e+00
4.740000000000000000e+02 4.750000000000000000e+02 2.625442301000000000e+01 1.619738367699999904e+00
4.750000000000000000e+02 4.760000000000000000e+02 2.595672361000000095e+01 1.613557891699999969e+00
4.760000000000000000e+02 4.770000000000000000e+02 2.424397905000000009e+01 1.467523341599999975e+00
4.770000000000000000e+02 4.780000000000000000e+02 2.393881522999999945e+01 1.598338200900000006e+00
4.780000000000000000e+02 4.790000000000000000e+02 2.188979572000000218e+01 1.358070848199999903e+00
4.790000000000000000e+02 4.800000000000000000e+02 2.070655612000000190e+01 1.351572041200000074e+00
4.800000000000000000e+02 4.810000000000000000e+02 2.115497222000000122e+01 1.205586433299999927e+00
4.810000000000000000e+02 4.820000000000000000e+02 1.849555838100000216e+01 1.085355307899999788e+00
4.820000000000000000e+02 4.830000000000000000e+02 1.607704918399999983e+01 9.246957679000000763e-01
4.830000000000000000e+02 4.840000000000000000e+02 1.292751740700000163e+01 8.255169673000000152e-01
4.840000000000000000e+02 4.850000000000000000e+02 2.530016406000000018e+01 1.552161959099999988e+00
4.850000000000000000e+02 4.860000000000000000e+02 2.648288090999999866e+01 1.727619335100000209e+00
4.860000000000000000e+02 4.870000000000000000e+02 2.388382278000000269e+01 1.458566681199999993e+00
4.870000000000000000e+02 4.880000000000000000e+02 2.392700655000000154e+01 1.491958834399999878e+00
4.880000000000000000e+02 4.890000000000000000e+02 2.088464405999999940e+01 1.317203089499999979e+00
4.890000000000000000e+02 4.900000000000000000e+02 2.107907991000000081e+01 1.430213928600000184e+00
4.900000000000000000e+02 4.910000000000000000e+02 2.113610276999999726e+01 1.427246312200000089e+00
4.910000000000000000e+02 4.920000000000000000e+02 1.735768130499999984e+01 1.242050186800000011e+00
4.920000000000000000e+02 4.930000000000000000e+02 1.621496750100000028e+01 1.152274904899999841e+00
4.930000000000000000e+02 4.940000000000000000e+02 1.518987115000000010e+01 9.027415371999999438e-01
4.940000000000000000e+02 4.950000000000000000e+02 1.241446437399999958e+01 8.604356279999999524e-01
4.950000000000000000e+02 4.960000000000000000e+02 2.447673913000000212e+01 1.661296356500000071e+00
4.960000000000000000e+02 4.970000000000000000e+02 2.409081487000000266e+01 1.608836433100000018e+00
4.970000000000000000e+02 4.980000000000000000e+02 2.496742105000000223e+01 1.434406239699999919e+00
4.980000000000000000e+02 4.990000000000000000e+02 2.399210631999999777e+01 1.466151222599999970e+00
4.990000000000000000e+02 5.000000000000000000e+02 2.235605653999999731e+01 1.418895064700000042e+00
5.000000000000000000e+02 5.010000000000000000e+02 2.026418329000000185e+01 1.235654946599999970e+00
5.010000000000000000e+02 5.020000000000000000e+02 1.923889460999999912e+01 1.336217256999999936e+00
5.020000000000000000e+02 5.030000000000000000e+02 1.963865850000000179e+01 1.323795801400000194e+00
5.030000000000000000e+02 5.040000000000000000e+02 1.728786913800000136e+01 1.097665041299999977e+00
5.040000000000000000e+02 5.050000000000000000e+02 1.359399471299999895e+01 9.445938043999999589e-01
5.050000000000000000e+02 5.060000000000000000e+02 1.156146467199999961e+01 8.054831645000000151e-01
5.060000000000000000e+02 5.070000000000000000e+02 2.521873977999999994e+01 1.806641482999999937e+00
5.070000000000000000e+02 5.080000000000000000e+02 2.282091929999999991e+01 1.505235812900000081e+00
5.080000000000000000e+02 5.090000000000000000e+02 2.379334160999999881e+01 1.452183620799999852e+00
5.090000000000000000e+02 5.100000000000000000e+02 2.141671140000000051e+01 1.414003279999999974e+00
5.100000000000000000e+02 5.110000000000000000e+02 2.215208735000000217e+01 1.541474207100000049e+00
5.110000000000000000e+02 5.120000000000000000e+02 2.186869103999999808e+01 1.305190087900000018e+00
5.120000000000000000e+02 5.130000000000000000e+02 1.812549525300000042e+01 1.236815473400000087e+00
5.130000000000000000e+02 5.140000000000000000e+02 1.786948075800000169e+01 1.211472019199999917e+00
5.140000000000000000e+02 5.150000000000000000e+02 1.554208875199999973e+01 1.063413239700000013e+00
5.150000000000000000e+02 5.160000000000000000e+02 1.255713401300000065e+01 8.375160258999999607e-01
5.160000000000000000e+02 5.170000000000000000e+02 1.162275422499999955e+01 9.008960699999999377e-01
5.170000000000000000e+02 5.180000000000000000e+02 2.213350057999999976e+01 1.889051799500000017e+00
5.180000000000000000e+02 5.190000000000000000e+02 2.150901065000000045e+01 1.414628606700000013e+00
5.190000000000000000e+02 5.200000000000000000e+02 2.322726822999999996e+01 1.519241298599999901e+00
5.200000000000000000e+02 5.210000000000000000e+02 2.331286247999999972e+01 1.568134487400000054e+00
5.210000000000000000e+02 5.220000000000000000e+02 1.917388522999999978e+01 1.494582035900000161e+00
5.220000000000000000e+02 5.230000000000000000e+02 2.033047098000000119e+01 1.263717448800000032e+00
5.230000000000000000e+02 5.240000000000000000e+02 1.957223662000000175e+01 1.316998963599999906e+00
5.240000000000000000e+02 5.250000000000000000e+02 1.728418621300000169e+01 1.149862283900000115e+00
5.250000000000000000e+02 5.260000000000000000e+02 1.496027641299999900e+01 8.917763448000000093e-01
5.260000000000000000e+02 5.270000000000000000e+02 1.427293702900000127e+01 1.026841165700000058e+00
5.270000000000000000e+02 5.280000000000000000e+02 1.123521843699999856e+01 8.585998732000000855e-01
5.280000000000000000e+02 5.290000000000000000e+02 2.267523525999999734e+01 1.819158427999999939e+00
5.290000000000000000e+02 5.300000000000000000e+02 2.456971963999999886e+01 1.437631529100000138e+00
5.300000000000000000e+02 5.310000000000000000e+02 2.083824953999999963e+01 1.647379099999999985e+00
5.310000000000000000e+02 5.320000000000000000e+02 2.260017978000000127e+01 1.733639422200000002e+00
5.320000000000000000e+02 5.330000000000000000e+02 2.071955773999999906e+01 1.428955921899999870e+00
5.330000000000000000e+02 5.340000000000000000e+02 1.855718681000000103e+01 1.354881485900000015e+00
5.340000000000000000e+02 5.350000000000000000e+02 1.858879524299999986e+01 1.341575759399999956e+00
5.350000000000000000e+02 5.360000000000000000e+02 1.552968892700000048e+01 1.063185972899999943e+00
5.360000000000000000e+02 5.370000000000000000e+02 1.458315863400000012e+01 9.302359531000000681e-01
5.370000000000000000e+02 5.380000000000000000e+02 1.255293787599999966e+01 8.777059175000000435e-01
5.380000000000000000e+02 5.390000000000000000e+02 1.098014655499999925e+01 7.687877938000000633e-01
5.390000000000000000e+02 5.400000000000000000e+02 2.190003795999999880e+01 1.698612601900000074e+00
5.400000000000000000e+02 5.410000000000000000e+02 1.956472641999999951e+01 1.572374489099999995e+00
5.410000000000000000e+02 5.420000000000000000e+02 2.184818058000000107e+01 1.661284692900000026e+00
5.420000000000000000e+02 5.430000000000000000e+02 1.811931273400000109e+01 1.547923776000000196e+00
5.430000000000000000e+02 5.440000000000000000e+02 1.993518966999999975e+01 1.414201328699999927e+00
5.440000000000000000e+02 5.450000000000000000e+02 1.836897291500000051e+01 1.358554819599999908e+00
5.450000000000000000e+02 5.460000000000000000e+02 1.669613897900000055e+01 1.274567113399999840e+00
5.460000000000000000e+02 5.470000000000000000e+02 1.491394993499999977e+01 1.026524877800000013e+00
5.470000000000000000e+02 5.480000000000000000e+02 1.197693911799999889e+01 9.145019977999999661e-01
5.480000000000000000e+02 5.490000000000000000e+02 1.243318369799999878e+01 9.227730436000000092e-01
5.490000000000000000e+02 5.500000000000000000e+02 1.055357970899999920e+01 8.095118636000000478e-01
5.500000000000000000e+02 5.510000000000000000e+02 2.487378668999999931e+01 1.806508445299999988e+00
5.510000000000000000e+02 5.520000000000000000e+02 2.274714978999999815e+01 1.537764311899999958e+00
5.520000000000000000e+02 5.530000000000000000e+02 2.222182284000000152e+01 1.666679848800000086e+00
5.530000000000000000e+02 5.540000000000000000e+02 2.195709116999999821e+01 1.551984621299999922e+00
5.540000000000000000e+02 5.550000000000000000e+02 2.011793428000000006e+01 1.419245618900000006e+00
5.550000000000000000e+02 5.560000000000000000e+02 1.798594350100000128e+01 1.277213403600000019e+00
5.560000000000000000e+02 5.570000000000000000e+02 1.909008499999999842e+01 1.397144172100000192e+00
5.570000000000000000e+02 5.580000000000000000e+02 1.681114860199999939e+01 1.057931984000000103e+00
5.580000000000000000e+02 5.590000000000000000e+02 1.523151698899999928e+01 1.033973658499999893e+00
5.590000000000000000e+02 5.600000000000000000e+02 1.211030490599999965e+01 9.625521406000000502e-01
5.600000000000000000e+02 5.610000000000000000e+02 9.727926037999999664e+00 8.067440488000000576e-01
5.610000000000000000e+02 5.620000000000000000e+02 2.445680959999999970e+01 1.683826909400000016e+00
5.620000000000000000e+02 5.630000000000000000e+02 2.210593354999999960e+01 1.553616287399999907e+00
5.630000000000000000e+02 5.640000000000000000e+02 2.211040744000000302e+01 1.594687498099999878e+00
5.640000000000000000e+02 5.650000000000000000e+02 1.928989402999999925e+01 1.420422807700000067e+00
5.650000000000000000e+02 5.660000000000000000e+02 1.872345209000000210e+01 1.413971229299999965e+00
5.660000000000000000e+02 5.670000000000000000e+02 1.819012173200000149e+01 1.223991590500000060e+00
5.670000000000000000e+02 5.680000000000000000e+02 1.654497938800000156e+01 1.230748390800000092e+00
5.680000000000000000e+02 5.690000000000000000e+02 1.410525685899999893e+01 1.124474040399999986e+00
5.690000000000000000e+02 5.700000000000000000e+02 1.393320773399999979e+01 1.122383939499999927e+00
5.700000000000000000e+02 5.710000000000000000e+02 1.318536445099999987e+01 8.006971734999999146e-01
5.710000000000000000e+02 5.720000000000000000e+02 1.080037240400000087e+01 7.944427429000000540e-01
5.720000000000000000e+02 5.730000000000000000e+02 2.103881276999999983e+01 1.656456981599999878e+00
5.730000000000000000e+02 5.740000000000000000e+02 2.162190771000000211e+01 1.564256539699999893e+00
5.740000000000000000e+02 5.750000000000000000e+02 1.971132834000000145e+01 1.595901431900000000e+00
5.750000000000000000e+02 5.760000000000000000e+02 2.069045960999999778e+01 1.518484265200000127e+00
5.760000000000000000e+02 5.770000000000000000e+02 1.971988895000000142e+01 1.308956689399999984e+00
5.770000000000000000e+02 5.780000000000000000e+02 1.814578163999999916e+01 1.260400874099999902e+00
5.780000000000000000e+02 5.790000000000000000e+02 1.675771452400000072e+01 1.126915025500000000e+00
5.790000000000000000e+02 5.800000000000000000e+02 1.618797774300000114e+01 1.156767792999999989e+00
5.800000000000000000e+02 5.810000000000000000e+02 1.381561535900000059e+01 9.535760576999999794e-01
5.810000000000000000e+02 5.820000000000000000e+02 1.134232617400000009e+01 9.025711692999999203e-01
5.820000000000000000e+02 5.830000000000000000e+02 1.081555257099999956e+01 9.367968732999999437e-01
5.830000000000000000e+02 5.840000000000000000e+02 2.078680323999999757e+01 1.631417756599999880e+00
5.840000000000000000e+02 5.850000000000000000e+02 2.040352955999999907e+01 1.451601285099999972e+00
5.850000000000000000e+02 5.860000000000000000e+02 2.084428065000000174e+01 1.508823175000000072e+00
5.860000000000000000e+02 5.870000000000000000e+02 1.893867644000000183e+01 1.372322889500000143e+00
5.870000000000000000e+02 5.880000000000000000e+02 1.922522920000000113e+01 1.335609724300000023e+00
5.880000000000000000e+02 5.890000000000000000e+02 1.594502780700000066e+01 1.309620097500000080e+00
5.890000000000000000e+02 5.900000000000000000e+02 1.760595862299999936e+01 1.242494052400000104e+00
5.900000000000000000e+02 5.910000000000000000e+02 1.443265019000000038e+01 1.177178972200000118e+00
5.910000000000000000e+02 5.920000000000000000e+02 1.293846365899999995e+01 8.122147216000000780e-01
5.920000000000000000e+02 5.930000000000000000e+02 1.168318373900000040e+01 8.758110156000000757e-01
5.930000000000000000e+02 5.940000000000000000e+02 8.439977526999999924e+00 8.305535782999999839e-01
5.940000000000000000e+02 5.950000000000000000e+02 1.955073458999999758e+01 1.548132347599999958e+00
5.950000000000000000e+02 5.960000000000000000e+02 1.982055164999999874e+01 1.412572653600000061e+00
5.960000000000000000e+02 5.970000000000000000e+02 1.944381591000000142e+01 1.507295415299999997e+00
5.970000000000000000e+02 5.980000000000000000e+02 2.097300270999999938e+01 1.492128937899999785e+00
5.980000000000000000e+02 5.990000000000000000e+02 1.744379132600000304e+01 1.378495440500000058e+00
5.990000000000000000e+02 6.000000000000000000e+02 2.029596632999999883e+01 1.240367971099999966e+00
6.000000000000000000e+02 6.010000000000000000e+02 1.471193740300000030e+01 1.191071384500000052e+00
6.010000000000000000e+02 6.020000000000000000e+02 1.478954077799999922e+01 1.160324396100000044e+00
6.020000000000000000e+02 6.030000000000000000e+02 1.216702079399999903e+01 1.024434475700000124e+00
6.030000000000000000e+02 6.040000000000000000e+02 1.048342191800000123e+01 8.965807823000000454e-01
6.040000000000000000e+02 6.050000000000000000e+02 9.265254180999999534e+00 7.545662958000000087e-01
6.050000000000000000e+02 6.060000000000000000e+02 2.002416289999999677e+01 1.436137445499999998e+00
6.060000000000000000e+02 6.070000000000000000e+02 2.114124113000000094e+01 1.463791961199999880e+00
6.070000000000000000e+02 6.080000000000000000e+02 2.018265079000000028e+01 1.562041948799999913e+00
6.080000000000000000e+02 6.090000000000000000e+02 1.827350185999999965e+01 1.353291203299999967e+00
6.090000000000000000e+02 6.100000000000000000e+02 1.726146625299999826e+01 1.361431403000000095e+00
6.100000000000000000e+02 6.110000000000000000e+02 1.574088750599999997e+01 1.303758743200000181e+00
6.110000000000000000e+02 6.120000000000000000e+02 1.302796979799999910e+01 1.163054666900000145e+00
6.120000000000000000e+02 6.130000000000000000e+02 1.321819207600000112e+01 9.751968202999999891e-01
6.130000000000000000e+02 6.140000000000000000e+02 1.303374683400000045e+01 8.842652826000000355e-01
6.140000000000000000e+02 6.150000000000000000e+02 1.006671360100000001e+01 8.070174896999999792e-01
6.150000000000000000e+02 6.160000000000000000e+02 7.896589171000000462e+00 7.569817037999999609e-01
6.160000000000000000e+02 6.170000000000000000e+02 2.068045478000000159e+01 1.801316143800000047e+00
6.170000000000000000e+02 6.180000000000000000e+02 1.896522911000000278e+01 1.616654311400000044e+00
6.180000000000000000e+02 6.190000000000000000e+02 2.006421645999999726e+01 1.719650372400000071e+00
6.190000000000000000e+02 6.200000000000000000e+02 1.925753861000000100e+01 1.411893519900000005e+00
6.200000000000000000e+02 6.210000000000000000e+02 1.738303447100000199e+01 1.249605102199999873e+00
6.210000000000000000e+02 6.220000000000000000e+02 1.655822288100000250e+01 1.233949817099999846e+00
6.220000000000000000e+02 6.230000000000000000e+02 1.636526614499999965e+01 1.175401004400000060e+00
6.230000000000000000e+02 6.240000000000000000e+02 1.361461417599999990e+01 9.551131736999999289e-01
6.240000000000000000e+02 6.250000000000000000e+02 1.219766969099999976e+01 9.690149314999999541e-01
6.250000000000000000e+02 6.260000000000000000e+02 1.128991791700000036e+01 8.806075748000000702e-01
6.260000000000000000e+02 6.270000000000000000e+02 8.912234669000000054e+00 7.348325930000000339e-01
6.270000000000000000e+02 6.280000000000000000e+02 1.966687796000000077e+01 1.768529000900000092e+00
6.280000000000000000e+02 6.290000000000000000e+02 1.841653388000000291e+01 1.754396990799999889e+00
6.290000000000000000e+02 6.300000000000000000e+02 1.880394347999999738e+01 1.729436387300000044e+00
6.300000000000000000e+02 6.310000000000000000e+02 1.989810767999999896e+01 1.476806642899999966e+00
6.310000000000000000e+02 6.320000000000000000e+02 1.907001786000000010e+01 1.167197770400000056e+00
6.320000000000000000e+02 6.330000000000000000e+02 1.789800479900000241e+01 1.230553886500000083e+00
6.330000000000000000e+02 6.340000000000000000e+02 1.360378683899999963e+01 1.099149692699999958e+00
6.340000000000000000e+02 6.350000000000000000e+02 1.360085123600000045e+01 1.058624895100000129e+00
6.350000000000000000e+02 6.360000000000000000e+02 1.180984325900000087e+01 9.387633927999999850e-01
6.360000000000000000e+02 6.370000000000000000e+02 1.140784153699999948e+01 8.830174516999999001e-01
6.370000000000000000e+02 6.380000000000000000e+02 9.242011262000000116e+00 8.179457962999999721e-01
6.380000000000000000e+02 6.390000000000000000e+02 1.633868159500000061e+01 1.449091230499999883e+00
6.390000000000000000e+02 6.400000000000000000e+02 1.865165921000000182e+01 1.474765389199999888e+00
6.400000000000000000e+02 6.410000000000000000e+02 1.703136909499999874e+01 1.456943170800000020e+00
6.410000000000000000e+02 6.420000000000000000e+02 1.696740012899999783e+01 1.575055508800000004e+00
6.420000000000000000e+02 6.430000000000000000e+02 1.854046296000000282e+01 1.348763610799999846e+00
6.430000000000000000e+02 6.440000000000000000e+02 1.521289992500000032e+01 1.199659224699999971e+00
6.440000000000000000e+02 6.450000000000000000e+02 1.460470776700000073e+01 1.027432646400000094e+00
6.450000000000000000e+02 6.460000000000000000e+02 1.285438387700000007e+01 8.986957573999999616e-01
6.460000000000000000e+02 6.470000000000000000e+02 1.007585330299999882e+01 8.945124696000000819e-01
6.470000000000000000e+02 6.480000000000000000e+02 1.092917297999999882e+01 8.302052974000000418e-01
6.480000000000000000e+02 6.490000000000000000e+02 7.805809299999999951e+00 7.560823989000000633e-01
6.490000000000000000e+02 6.500000000000000000e+02 2.276742200999999710e+01 1.533005514400000102e+00
6.500000000000000000e+02 6.510000000000000000e+02 1.898865608000000194e+01 1.455391457599999994e+00
6.510000000000000000e+02 6.520000000000000000e+02 1.703836486699999853e+01 1.669281636000000013e+00
6.520000000000000000e+02 6.530000000000000000e+02 1.902415386999999924e+01 1.372780585800000175e+00
6.530000000000000000e+02 6.540000000000000000e+02 1.456866478699999945e+01 1.238525457199999957e+00
6.540000000000000000e+02 6.550000000000000000e+02 1.449443105400000142e+01 1.417165229399999893e+00
6.550000000000000000e+02 6.560000000000000000e+02 1.369695343300000090e+01 1.088447587899999958e+00
6.560000000000000000e+02 6.570000000000000000e+02 1.218840990699999871e+01 1.069833264299999920e+00
6.570000000000000000e+02 6.580000000000000000e+02 1.152667038500000096e+01 8.579210395999999905e-01
6.580000000000000000e+02 6.590000000000000000e+02 9.251273818999999676e+00 8.232373376000000631e-01
6.590000000000000000e+02 6.600000000000000000e+02 9.735381052999999341e+00 6.510220727999999069e-01
6.600000000000000000e+02 6.610000000000000000e+02 1.665519381900000084e+01 1.563164445900000032e+00
6.610000000000000000e+02 6.620000000000000000e+02 1.851503183999999891e+01 1.570587192000000076e+00
6.620000000000000000e+02 6.630000000000000000e+02 1.822097819000000030e+01 1.550555352599999992e+00
6.630000000000000000e+02 6.640000000000000000e+02 1.755163007199999825e+01 1.347213102500000037e+00
6.640000000000000000e+02 6.650000000000000000e+02 1.623748456899999937e+01 1.275884842600000013e+00
6.650000000000000000e+02 6.660000000000000000e+02 1.394980848099999982e+01 1.325700993499999925e+00
6.660000000000000000e+02 6.670000000000000000e+02 1.332835407999999866e+01 1.131038427400000046e+00
6.670000000000000000e+02 6.680000000000000000e+02 1.228064677600000110e+01 9.676077081999999718e-01
6.680000000000000000e+02 6.690000000000000000e+02 1.009229270600000028e+01 8.775225351000000007e-01
6.690000000000000000e+02 6.700000000000000000e+02 1.027384024700000076e+01 8.102071107999999633e-01
6.700000000000000000e+02 6.710000000000000000e+02 6.608214699999999553e+00 6.480532077999999752e-01
6.710000000000000000e+02 6.720000000000000000e+02 1.612707370700000098e+01 1.608706293400000042e+00
6.720000000000000000e+02 6.730000000000000000e+02 1.667196840700000138e+01 1.588407780999999908e+00
6.730000000000000000e+02 6.740000000000000000e+02 1.329552456500000091e+01 1.356469144599999899e+00
6.740000000000000000e+02 6.750000000000000000e+02 1.703787473299999888e+01 1.201028777000000103e+00
6.750000000000000000e+02 6.760000000000000000e+02 1.572922733400000084e+01 1.373639070599999901e+00
6.760000000000000000e+02 6.770000000000000000e+02 1.449148859099999953e+01 1.146801618499999842e+00
6.770000000000000000e+02 6.780000000000000000e+02 1.299482726299999946e+01 1.141732135199999831e+00
6.780000000000000000e+02 6.790000000000000000e+02 1.293354385600000001e+01 8.738751212999998907e-01
6.790000000000000000e+02 6.800000000000000000e+02 1.097409121699999979e+01 7.803262313000000061e-01
6.800000000000000000e+02 6.810000000000000000e+02 8.346371017000000947e+00 8.135236124999999374e-01
6.810000000000000000e+02 6.820000000000000000e+02 8.597348861000000397e+00 6.619142285999999320e-01
6.820000000000000000e+02 6.830000000000000000e+02 1.924229446000000010e+01 1.660832768300000151e+00
6.830000000000000000e+02 6.840000000000000000e+02 1.842667820999999861e+01 1.338309805099999972e+00
6.840000000000000000e+02 6.850000000000000000e+02 2.041091416000000081e+01 1.401389737299999938e+00
6.850000000000000000e+02 6.860000000000000000e+02 1.670627140800000276e+01 1.417512878399999954e+00
6.860000000000000000e+02 6.870000000000000000e+02 1.542049620899999951e+01 1.403872632699999956e+00
6.870000000000000000e+02 6.880000000000000000e+02 1.499977221700000030e+01 1.042069993999999999e+00
6.880000000000000000e+02 6.890000000000000000e+02 1.319513190500000022e+01 1.201161537099999954e+00
6.890000000000000000e+02 6.900000000000000000e+02 1.217224960699999947e+01 1.043681171500000060e+00
6.900000000000000000e+02 6.910000000000000000e+02 1.128331039000000047e+01 8.616600371000000536e-01
6.910000000000000000e+02 6.920000000000000000e+02 8.632998760999999632e+00 8.061910850000000295e-01
6.920000000000000000e+02 6.930000000000000000e+02 8.029227542000000994e+00 6.437225092000000704e-01
6.930000000000000000e+02 6.940000000000000000e+02 1.826102681999999788e+01 1.506738205500000038e+00
6.940000000000000000e+02 6.950000000000000000e+02 1.637474332100000041e+01 1.604217724600000006e+00
6.950000000000000000e+02 6.960000000000000000e+02 1.444430668000000040e+01 1.327322119299999992e+00
6.960000000000000000e+02 6.970000000000000000e+02 1.500838813999999921e+01 1.252794900700000102e+00
6.970000000000000000e+02 6.980000000000000000e+02 1.363571081699999965e+01 1.267437138799999863e+00
6.980000000000000000e+02 6.990000000000000000e+02 1.410674093399999940e+01 1.080336686499999921e+00
6.990000000000000000e+02 7.000000000000000000e+02 1.367134836299999989e+01 1.041289692500000141e+00
7.000000000000000000e+02 7.010000000000000000e+02 1.203357129800000003e+01 1.095444800099999894e+00
7.010000000000000000e+02 7.020000000000000000e+02 8.976155202999999361e+00 8.302652544999999940e-01
7.020000000000000000e+02 7.030000000000000000e+02 7.707524840999999682e+00 6.516658198999999430e-01
7.030000000000000000e+02 7.040000000000000000e+02 6.483165427000000314e+00 6.353687712000000154e-01
7.040000000000000000e+02 7.050000000000000000e+02 1.503212132300000015e+01 1.599156697600000010e+00
7.050000000000000000e+02 7.060000000000000000e+02 1.961495569999999944e+01 1.567332261800000071e+00
7.060000000000000000e+02 7.070000000000000000e+02 1.820357375000000033e+01 1.340379333299999809e+00
7.070000000000000000e+02 7.080000000000000000e+02 1.547211851399999993e+01 1.320321133300000005e+00
7.080000000000000000e+02 7.090000000000000000e+02 1.457344020700000087e+01 1.165713356100000153e+00
7.090000000000000000e+02 7.100000000000000000e+02 1.309865483899999994e+01 1.147213483899999886e+00
7.100000000000000000e+02 7.110000000000000000e+02 1.201246136099999973e+01 1.038976920799999926e+00
7.110000000000000000e+02 7.120000000000000000e+02 1.075967923599999843e+01 1.054309556700000039e+00
7.120000000000000000e+02 7.130000000000000000e+02 9.146985924000000878e+00 8.143380182999999661e-01
7.130000000000000000e+02 7.140000000000000000e+02 8.872977616000000012e+00 6.617975362999999334e-01
7.140000000000000000e+02 7.150000000000000000e+02 6.871441362999999747e+00 6.351116898999999982e-01
7.150000000000000000e+02 7.160000000000000000e+02 1.718606010699999942e+01 1.304829217500000027e+00
7.160000000000000000e+02 7.170000000000000000e+02 1.442403415000000066e+01 1.325544041899999970e+00
7.170000000000000000e+02 7.180000000000000000e+02 1.670896574100000009e+01 1.289549289500000029e+00
7.180000000000000000e+02 7.190000000000000000e+02 1.507683481699999994e+01 1.211346551200000121e+00
7.190000000000000000e+02 7.200000000000000000e+02 1.340542486000000011e+01 1.089735044900000061e+00
7.200000000000000000e+02 7.210000000000000000e+02 1.309562415400000113e+01 1.188349869799999903e+00
7.210000000000000000e+02 7.220000000000000000e+02 1.218249337199999971e+01 9.572870707999999729e-01
7.220000000000000000e+02 7.230000000000000000e+02 1.116466562699999976e+01 1.012719848499999964e+00
7.230000000000000000e+02 7.240000000000000000e+02 1.109993366099999967e+01 9.235068585000000274e-01
7.240000000000000000e+02 7.250000000000000000e+02 8.299144903000000184e+00 6.521703806999999964e-01
7.250000000000000000e+02 7.260000000000000000e+02 7.121074864000000559e+00 5.644219534000000094e-01
7.260000000000000000e+02 7.270000000000000000e+02 1.823822079999999701e+01 1.636848358099999956e+00
7.270000000000000000e+02 7.280000000000000000e+02 1.584129137400000076e+01 1.254716873500000052e+00
7.280000000000000000e+02 7.290000000000000000e+02 1.685197171700000141e+01 1.321894395099999953e+00
7.290000000000000000e+02 7.300000000000000000e+02 1.598876678000000240e+01 1.211945512000000003e+00
7.300000000000000000e+02 7.310000000000000000e+02 1.362145016000000020e+01 1.194378794899999985e+00
7.310000000000000000e+02 7.320000000000000000e+02 1.404393330999999989e+01 1.256697134299999963e+00
7.320000000000000000e+02 7.330000000000000000e+02 1.147818628899999993e+01 8.860588219999999682e-01
7.330000000000000000e+02 7.340000000000000000e+02 1.015866659399999961e+01 9.354806146000000933e-01
7.340000000000000000e+02 7.350000000000000000e+02 8.936991247999999999e+00 9.287933867000000010e-01
7.350000000000000000e+02 7.360000000000000000e+02 7.879618434000000171e+00 7.217252625000000199e-01
7.360000000000000000e+02 7.370000000000000000e+02 6.794389444000000111e+00 6.437396821999999963e-01
7.370000000000000000e+02 7.380000000000000000e+02 1.542205674799999926e+01 1.559739725599999849e+00
7.380000000000000000e+02 7.390000000000000000e+02 1.711103520099999997e+01 1.369068815599999933e+00
7.390000000000000000e+02 7.400000000000000000e+02 1.611612285600000050e+01 1.320443437400000031e+00
7.400000000000000000e+02 7.410000000000000000e+02 1.467356648700000044e+01 1.208814755399999941e+00
7.410000000000000000e+02 7.420000000000000000e+02 1.225146904899999889e+01 1.173052025500000095e+00
7.420000000000000000e+02 7.430000000000000000e+02 1.316555020100000029e+01 1.294621712200000108e+00
7.430000000000000000e+02 7.440000000000000000e+02 1.248399653700000123e+01 9.107353094999999232e-01
7.440000000000000000e+02 7.450000000000000000e+02 1.095294250400000102e+01 9.376802928999999898e-01
7.450000000000000000e+02 7.460000000000000000e+02 9.183749654999999734e+00 7.936535378999999280e-01
7.460000000000000000e+02 7.470000000000000000e+02 7.617847969999999691e+00 7.068784785000000737e-01
7.470000000000000000e+02 7.480000000000000000e+02 6.465649374999999921e+00 6.524938740000000292e-01
7.480000000000000000e+02 7.490000000000000000e+02 1.664476144099999999e+01 1.451682128500000113e+00
7.490000000000000000e+02 7.500000000000000000e+02 1.582209798000000056e+01 1.499900044099999885e+00
7.500000000000000000e+02 7.510000000000000000e+02 1.702718853000000010e+01 1.442462006399999996e+00
7.510000000000000000e+02 7.520000000000000000e+02 1.593941538900000054e+01 1.369565460100000021e+00
7.520000000000000000e+02 7.530000000000000000e+02 1.494705046699999862e+01 1.078338638000000183e+00
7.530000000000000000e+02 7.540000000000000000e+02 1.119028739300000019e+01 1.081793036099999883e+00
7.540000000000000000e+02 7.550000000000000000e+02 1.218142154399999910e+01 9.123023118999999959e-01
7.550000000000000000e+02 7.560000000000000000e+02 9.445130244999999647e+00 1.030363103999999863e+00
7.560000000000000000e+02 7.570000000000000000e+02 9.245999985000000976e+00 7.730347110999999938e-01
7.570000000000000000e+02 7.580000000000000000e+02 7.904644764999999573e+00 7.118071873000000327e-01
7.580000000000000000e+02 7.590000000000000000e+02 5.777544386999999837e+00 7.107059654999999809e-01
7.590000000000000000e+02 7.600000000000000000e+02 1.832001080200000231e+01 1.473117763100000088e+00
7.600000000000000000e+02 7.610000000000000000e+02 1.452119684200000016e+01 1.406221894800000038e+00
7.610000000000000000e+02 7.620000000000000000e+02 1.478749063400000097e+01 1.342095060999999978e+00
7.620000000000000000e+02 7.630000000000000000e+02 1.461596755100000067e+01 1.213074131499999986e+00
7.630000000000000000e+02 7.640000000000000000e+02 1.396823947700000090e+01 9.812503077999999990e-01
7.640000000000000000e+02 7.650000000000000000e+02 1.241967015799999885e+01 1.075197177599999998e+00
7.650000000000000000e+02 7.660000000000000000e+02 8.936223746999999662e+00 9.635759757999999842e-01
7.660000000000000000e+02 7.670000000000000000e+02 9.328399117000000018e+00 9.244886928000000115e-01
7.670000000000000000e+02 7.680000000000000000e+02 9.235991710999998716e+00 8.108272093999999708e-01
7.680000000000000000e+02 7.690000000000000000e+02 7.047111447999999889e+00 7.314530042999999315e-01
7.690000000000000000e+02 7.700000000000000000e+02 5.078366975999999866e+00 5.814402363999999768e-01
7.700000000000000000e+02 7.710000000000000000e+02 1.555785348999999940e+01 1.542909044799999796e+00
7.710000000000000000e+02 7.720000000000000000e+02 1.382054444299999929e+01 1.431486097600000118e+00
7.720000000000000000e+02 7.730000000000000000e+02 1.524626685700000017e+01 1.277884136599999998e+00
7.730000000000000000e+02 7.740000000000000000e+02 1.365608504700000125e+01 1.177773328200000025e+00
7.740000000000000000e+02 7.750000000000000000e+02 1.516827122299999964e+01 1.256757908500000021e+00
7.750000000000000000e+02 7.760000000000000000e+02 1.209407375400000006e+01 1.106794318199999960e+00
7.760000000000000000e+02 7.770000000000000000e+02 1.135617654200000004e+01 9.490505220999999603e-01
7.770000000000000000e+02 7.780000000000000000e+02 1.074658668800000072e+01 9.152194345000000952e-01
7.780000000000000000e+02 7.790000000000000000e+02 8.545362695999999758e+00 8.344872221000000367e-01
7.790000000000000000e+02 7.800000000000000000e+02 7.858934794000000501e+00 6.648835980999999729e-01
7.800000000000000000e+02 7.810000000000000000e+02 7.689413249000000228e+00 7.184179565999999628e-01
7.810000000000000000e+02 7.820000000000000000e+02 1.654188436100000104e+01 1.728758931200000015e+00
7.820000000000000000e+02 7.830000000000000000e+02 1.549492258699999958e+01 1.368872264499999991e+00
7.830000000000000000e+02 7.840000000000000000e+02 1.459360937599999986e+01 1.332495102500000028e+00
7.840000000000000000e+02 7.850000000000000000e+02 1.419811472499999994e+01 1.171912333900000158e+00
7.850000000000000000e+02 7.860000000000000000e+02 1.301308635000000002e+01 1.135464657900000063e+00
7.860000000000000000e+02 7.870000000000000000e+02 1.225409344100000020e+01 1.044789319000000161e+00
7.870000000000000000e+02 7.880000000000000000e+02 1.066651398499999992e+01 9.049525230999999614e-01
7.880000000000000000e+02 7.890000000000000000e+02 9.928341228000000740e+00 1.040347141900000105e+00
7.890000000000000000e+02 7.900000000000000000e+02 6.667465082999999737e+00 8.499013465000000433e-01
7.900000000000000000e+02 7.910000000000000000e+02 6.875325625999999524e+00 7.124286396000000243e-01
7.910000000000000000e+02 7.920000000000000000e+02 6.007818829999999721e+00 6.925131775999999739e-01
7.920000000000000000e+02 7.930000000000000000e+02 1.136426421599999870e+01 1.802636470400000190e+00
7.930000000000000000e+02 7.940000000000000000e+02 1.200342600799999992e+01 1.352782671999999797e+00
7.940000000000000000e+02 7.950000000000000000e+02 1.186831081999999959e+01 1.329108477799999966e+00
7.950000000000000000e+02 7.960000000000000000e+02 1.281735156499999917e+01 1.197182841900000128e+00
7.960000000000000000e+02 7.970000000000000000e+02 1.405327161000000125e+01 1.144265152300000032e+00
7.970000000000000000e+02 7.980000000000000000e+02 1.195901560100000083e+01 1.102458334799999884e+00
7.980000000000000000e+02 7.990000000000000000e+02 1.026409261899999947e+01 9.221635084000000537e-01
7.990000000000000000e+02 8.000000000000000000e+02 9.030052326999999934e+00 8.520904819000000296e-01
8.000000000000000000e+02 8.010000000000000000e+02 1.020007795600000122e+01 8.171826024999999660e-01
8.010000000000000000e+02 8.020000000000000000e+02 6.000202148000000513e+00 7.005910283999999821e-01
8.020000000000000000e+02 8.030000000000000000e+02 6.006473509000000099e+00 6.495928411000000402e-01
8.030000000000000000e+02 8.040000000000000000e+02 1.497931868199999883e+01 1.362689834000000211e+00
8.040000000000000000e+02 8.050000000000000000e+02 1.483977044099999887e+01 1.322553912099999840e+00
8.050000000000000000e+02 8.060000000000000000e+02 1.416767671699999909e+01 1.321738503900000028e+00
8.060000000000000000e+02 8.070000000000000000e+02 1.295949223699999919e+01 1.174953494499999973e+00
8.070000000000000000e+02 8.080000000000000000e+02 1.308732913899999950e+01 1.096019854399999938e+00
8.080000000000000000e+02 8.090000000000000000e+02 1.209557335200000061e+01 1.035620474099999910e+00
8.090000000000000000e+02 8.100000000000000000e+02 1.138330415300000098e+01 1.031478259900000083e+00
8.100000000000000000e+02 8.110000000000000000e+02 9.260525168000000917e+00 8.667992227999999910e-01
8.110000000000000000e+02 8.120000000000000000e+02 5.726604025000000320e+00 7.312680764000000222e-01
8.120000000000000000e+02 8.130000000000000000e+02 6.701817254999999918e+00 6.789695468999999983e-01
8.130000000000000000e+02 8.140000000000000000e+02 4.839321016999999614e+00 6.557680913000000222e-01
8.140000000000000000e+02 8.150000000000000000e+02 1.307276975399999941e+01 1.320066991000000023e+00
8.150000000000000000e+02 8.160000000000000000e+02 1.581904961700000101e+01 1.369661590099999993e+00
8.160000000000000000e+02 8.170000000000000000e+02 1.375411445700000002e+01 1.213313477300000054e+00
8.170000000000000000e+02 8.180000000000000000e+02 1.129310439800000054e+01 1.057617517399999985e+00
8.180000000000000000e+02 8.190000000000000000e+02 1.157762442599999986e+01 1.020717061500000078e+00
8.190000000000000000e+02 8.200000000000000000e+02 1.219310240299999926e+01 1.106864627600000039e+00
8.200000000000000000e+02 8.210000000000000000e+02 1.053915773800000011e+01 1.218300349599999999e+00
8.210000000000000000e+02 8.220000000000000000e+02 7.887509321999999656e+00 7.221083402999999290e-01
8.220000000000000000e+02 8.230000000000000000e+02 8.739108940000001269e+00 7.228222754999999999e-01
8.230000000000000000e+02 8.240000000000000000e+02 7.695965181000000044e+00 6.451758626000000385e-01
8.240000000000000000e+02 8.250000000000000000e+02 6.258527357000000180e+00 6.535699405999999545e-01
8.250000000000000000e+02 8.260000000000000000e+02 1.540396549599999965e+01 1.475539799999999957e+00
8.260000000000000000e+02 8.270000000000000000e+02 1.444483233200000072e+01 1.189394067600000104e+00
8.270000000000000000e+02 8.280000000000000000e+02 1.173538423100000117e+01 1.288695472599999947e+00
8.280000000000000000e+02 8.290000000000000000e+02 1.354931759900000010e+01 1.214239936400000053e+00
8.290000000000000000e+02 8.300000000000000000e+02 1.118611904099999954e+01 1.090441155900000014e+00
8.300000000000000000e+02 8.310000000000000000e+02 1.107777109399999915e+01 1.074574062399999974e+00
8.310000000000000000e+02 8.320000000000000000e+02 1.012978379800000006e+01 9.761230542000000066e-01
8.320000000000000000e+02 8.330000000000000000e+02 9.540903676000000999e+00 8.962164471000000354e-01
8.330000000000000000e+02 8.340000000000000000e+02 7.513987138999999260e+00 7.875981278000000474e-01
8.340000000000000000e+02 8.350000000000000000e+02 5.717132979000000503e+00 8.199498131000000356e-01
8.350000000000000000e+02 8.360000000000000000e+02 5.773807440000000568e+00 6.284595709999999391e-01
8.360000000000000000e+02 8.370000000000000000e+02 1.146737090300000084e+01 1.358618315900000040e+00
8.370000000000000000e+02 8.380000000000000000e+02 1.467404661599999827e+01 1.177650011699999943e+00
8.380000000000000000e+02 8.390000000000000000e+02 1.383525565199999896e+01 1.145637324800000023e+00
8.390000000000000000e+02 8.400000000000000000e+02 1.327228192799999995e+01 1.067728341500000067e+00
8.400000000000000000e+02 8.410000000000000000e+02 1.166904166399999987e+01 9.734056366000000127e-01
8.410000000000000000e+02 8.420000000000000000e+02 1.046831215499999956e+01 9.443591245999999328e-01
8.420000000000000000e+02 8.430000000000000000e+02 8.030863999999999336e+00 9.650396420000000308e-01
8.430000000000000000e+02 8.440000000000000000e+02 8.352715521000000365e+00 8.574510557000000199e-01
8.440000000000000000e+02 8.450000000000000000e+02 7.354955844000000020e+00 7.653298850999999958e-01
8.450000000000000000e+02 8.460000000000000000e+02 4.739970870999999697e+00 6.894700507000000034e-01
8.460000000000000000e+02 8.470000000000000000e+02 4.787540984999999694e+00 5.912664926999999793e-01
8.470000000000000000e+02 8.480000000000000000e+02 1.519392363599999918e+01 1.208406766900000040e+00
8.480000000000000000e+02 8.490000000000000000e+02 1.466917943300000005e+01 1.353019981999999954e+00
8.490000000000000000e+02 8.500000000000000000e+02 1.395985031400000054e+01 1.228422819200000182e+00
8.500000000000000000e+02 8.510000000000000000e+02 1.308090008199999943e+01 1.234168896599999954e+00
8.510000000000000000e+02 8.520000000000000000e+02 1.104688582400000030e+01 1.159507522299999982e+00
8.520000000000000000e+02 8.530000000000000000e+02 1.045843692700000105e+01 9.440082439000000436e-01
8.530000000000000000e+02 8.540000000000000000e+02 8.803638791999999214e+00 9.972124683999999961e-01
8.540000000000000000e+02 8.550000000000000000e+02 7.629167810999999411e+00 8.452020423999999643e-01
8.550000000000000000e+02 8.560000000000000000e+02 6.483402759999999709e+00 7.274276106000000519e-01
8.560000000000000000e+02 8.570000000000000000e+02 6.359206874999999926e+00 6.583271528999999900e-01
8.570000000000000000e+02 8.580000000000000000e+02 4.634161828999999955e+00 5.920791640999999439e-01
8.580000000000000000e+02 8.590000000000000000e+02 1.474936763999999911e+01 1.310995975099999988e+00
8.590000000000000000e+02 8.600000000000000000e+02 1.201120943199999935e+01 1.311345287500000012e+00
8.600000000000000000e+02 8.610000000000000000e+02 1.179755840799999866e+01 1.156548051599999960e+00
8.610000000000000000e+02 8.620000000000000000e+02 1.408765225399999999e+01 1.255320671499999818e+00
8.620000000000000000e+02 8.630000000000000000e+02 1.205195613000000066e+01 1.148777181100000044e+00
8.630000000000000000e+02 8.640000000000000000e+02 9.542868368000000601e+00 1.095502236500000004e+00
8.640000000000000000e+02 8.650000000000000000e+02 9.186521907999999570e+00 8.289767703999999515e-01
8.650000000000000000e+02 8.660000000000000000e+02 9.107346027000000177e+00 7.019363967000000759e-01
8.660000000000000000e+02 8.670000000000000000e+02 6.864371293999999679e+00 7.329209530999999389e-01
8.670000000000000000e+02 8.680000000000000000e+02 5.924483080999999984e+00 6.015963349000000848e-01
8.680000000000000000e+02 8.690000000000000000e+02 4.584796775999999241e+00 5.730424588000000430e-01
8.690000000000000000e+02 8.700000000000000000e+02 1.234019019100000136e+01 1.284065466299999958e+00
8.700000000000000000e+02 8.710000000000000000e+02 1.286045575200000002e+01 1.137625138199999997e+00
8.710000000000000000e+02 8.720000000000000000e+02 1.148332970799999941e+01 1.075770494000000133e+00
8.720000000000000000e+02 8.730000000000000000e+02 1.177983353800000010e+01 1.189045909500000109e+00
8.730000000000000000e+02 8.740000000000000000e+02 1.143823319600000055e+01 9.880766141999999252e-01
8.740000000000000000e+02 8.750000000000000000e+02 1.001549478799999982e+01 9.059568274999999504e-01
8.750000000000000000e+02 8.760000000000000000e+02 8.626566550000001499e+00 8.956988238999999963e-01
8.760000000000000000e+02 8.770000000000000000e+02 8.101251622999999569e+00 8.851546925000000066e-01
8.770000000000000000e+02 8.780000000000000000e+02 5.737932723000000124e+00 8.117346020000000273e-01
8.780000000000000000e+02 8.790000000000000000e+02 6.867148670999999815e+00 6.671267617000000705e-01
8.790000000000000000e+02 8.800000000000000000e+02 3.922428271000000244e+00 5.736124149000000338e-01
8.800000000000000000e+02 8.810000000000000000e+02 1.193177790400000049e+01 1.248961997299999904e+00
8.810000000000000000e+02 8.820000000000000000e+02 1.313964657799999891e+01 1.329498367900000089e+00
8.820000000000000000e+02 8.830000000000000000e+02 1.356936549999999997e+01 1.126624352500000148e+00
8.830000000000000000e+02 8.840000000000000000e+02 1.191455900999999962e+01 1.106044655300000068e+00
8.840000000000000000e+02 8.850000000000000000e+02 1.138416258400000025e+01 1.040027237000000104e+00
8.850000000000000000e+02 8.860000000000000000e+02 8.914804055999999477e+00 9.326213963999999690e-01
8.860000000000000000e+02 8.870000000000000000e+02 7.618672784000000142e+00 9.321568502000000533e-01
8.870000000000000000e+02 8.880000000000000000e+02 7.201601312000000199e+00 9.704854964000000361e-01
8.880000000000000000e+02 8.890000000000000000e+02 6.894385696999999702e+00 6.771308637000000852e-01
8.890000000000000000e+02 8.900000000000000000e+02 4.399998647999999513e+00 7.033142350000000098e-01
8.900000000000000000e+02 8.910000000000000000e+02 4.498767951999999681e+00 4.786803914999999687e-01
8.910000000000000000e+02 8.920000000000000000e+02 1.301172024599999943e+01 1.387201209699999938e+00
8.920000000000000000e+02 8.930000000000000000e+02 1.155844397199999918e+01 1.310972286599999981e+00
8.930000000000000000e+02 8.940000000000000000e+02 1.215181193000000093e+01 1.156152948999999985e+00
8.940000000000000000e+02 8.950000000000000000e+02 1.226241983199999908e+01 1.087620994099999905e+00
8.950000000000000000e+02 8.960000000000000000e+02 1.012533277300000023e+01 1.016868257599999881e+00
8.960000000000000000e+02 8.970000000000000000e+02 8.344653549000000226e+00 1.000655013100000046e+00
8.970000000000000000e+02 8.980000000000000000e+02 8.417224678000000182e+00 8.412245069000000575e-01
8.980000000000000000e+02 8.990000000000000000e+02 8.154876537000001591e+00 7.543642144999999077e-01
8.990000000000000000e+02 9.000000000000000000e+02 7.242432606000000384e+00 8.060212433000000232e-01
9.000000000000000000e+02 9.010000000000000000e+02 5.756563390000000169e+00 5.808444669000000227e-01
9.010000000000000000e+02 9.020000000000000000e+02 3.551619742000000191e+00 5.726922925000000886e-01
9.020000000000000000e+02 9.030000000000000000e+02 1.325116862800000028e+01 1.158293596400000069e+00
9.030000000000000000e+02 9.040000000000000000e+02 1.070960220399999940e+01 1.105465315500000045e+00
9.040000000000000000e+02 9.050000000000000000e+02 1.374059234600000146e+01 1.119079581800000112e+00
9.050000000000000000e+02 9.060000000000000000e+02 1.237438766400000034e+01 9.544115977999999556e-01
9.060000000000000000e+02 9.070000000000000000e+02 1.004880760800000061e+01 1.019969126500000156e+00
9.070000000000000000e+02 9.080000000000000000e+02 9.997020171999999150e+00 1.063432734299999849e+00
9.080000000000000000e+02 9.090000000000000000e+02 1.044935437599999872e+01 8.626665453999999844e-01
9.090000000000000000e+02 9.100000000000000000e+02 7.055931917000000553e+00 7.278041194000000047e-01
9.100000000000000000e+02 9.110000000000000000e+02 5.976193516999999567e+00 6.317940563999999704e-01
9.110000000000000000e+02 9.120000000000000000e+02 4.877509144999999435e+00 5.443050971999999765e-01
9.120000000000000000e+02 9.130000000000000000e+02 3.746263819000000161e+00 5.052975405999999836e-01
9.130000000000000000e+02 9.140000000000000000e+02 1.192549191700000044e+01 1.347536803699999952e+00
9.140000000000000000e+02 9.150000000000000000e+02 1.556843040099999875e+01 9.930601261999999485e-01
9.150000000000000000e+02 9.160000000000000000e+02 1.065275173799999919e+01 1.135939653499999924e+00
9.160000000000000000e+02 9.170000000000000000e+02 9.095936126999999871e+00 1.100514639899999869e+00
9.170000000000000000e+02 9.180000000000000000e+02 1.102931565899999988e+01 1.034930085499999874e+00
9.180000000000000000e+02 9.190000000000000000e+02 9.801995705000001280e+00 8.800201565999999920e-01
9.190000000000000000e+02 9.200000000000000000e+02 5.146007041999999920e+00 9.082858460000000633e-01
9.200000000000000000e+02 9.210000000000000000e+02 7.193779515000000124e+00 7.551684986000000155e-01
9.210000000000000000e+02 9.220000000000000000e+02 6.221096332000000118e+00 6.752131662000000478e-01
9.220000000000000000e+02 9.230000000000000000e+02 5.213874075999999747e+00 5.831658326999999975e-01
9.230000000000000000e+02 9.240000000000000000e+02 3.636907794999999943e+00 4.996434524999999738e-01
9.240000000000000000e+02 9.250000000000000000e+02 1.281217669099999945e+01 1.139418537899999917e+00
9.250000000000000000e+02 9.260000000000000000e+02 1.082284656100000042e+01 1.088693946800000090e+00
9.260000000000000000e+02 9.270000000000000000e+02 1.339309542999999891e+01 1.166733859799999884e+00
9.270000000000000000e+02 9.280000000000000000e+02 1.081370401199999876e+01 1.118342101699999924e+00
9.280000000000000000e+02 9.290000000000000000e+02 8.518410209000000677e+00 1.005961085400000066e+00
9.290000000000000000e+02 9.300000000000000000e+02 9.483938250000001347e+00 9.754989117000000265e-01
9.300000000000000000e+02 9.310000000000000000e+02 9.644656196999999764e+00 1.066454462299999850e+00
9.310000000000000000e+02 9.320000000000000000e+02 6.758300911000000077e+00 8.337958500000000051e-01
9.320000000000000000e+02 9.330000000000000000e+02 5.234535426999999963e+00 6.644714371999999036e-01
9.330000000000000000e+02 9.340000000000000000e+02 4.277235104999999926e+00 5.402325678000000631e-01
9.340000000000000000e+02 9.350000000000000000e+02 3.643644017000000179e+00 5.558267638999999649e-01
9.350000000000000000e+02 9.360000000000000000e+02 1.144435762200000006e+01 1.241157842500000053e+00
9.360000000000000000e+02 9.370000000000000000e+02 1.352713244999999986e+01 1.397211521399999823e+00
9.370000000000000000e+02 9.380000000000000000e+02 1.118032909200000091e+01 9.672564847999999271e-01
9.380000000000000000e+02 9.390000000000000000e+02 1.017133850699999975e+01 1.321532402799999950e+00
9.390000000000000000e+02 9.400000000000000000e+02 8.843333300000001174e+00 9.963892362999999808e-01
9.400000000000000000e+02 9.410000000000000000e+02 9.794254867000001141e+00 1.082805916099999877e+00
9.410000000000000000e+02 9.420000000000000000e+02 8.279954010000000864e+00 9.223122532999999956e-01
9.420000000000000000e+02 9.430000000000000000e+02 6.706382204999999708e+00 7.081671011000000293e-01
9.430000000000000000e+02 9.440000000000000000e+02 5.871180877999999659e+00 7.251584021000000435e-01
9.440000000000000000e+02 9.450000000000000000e+02 5.482377512999999425e+00 5.407632626000000720e-01
9.450000000000000000e+02 9.460000000000000000e+02 3.478359352000000015e+00 5.353691501999999769e-01
9.460000000000000000e+02 9.470000000000000000e+02 1.174889696299999997e+01 1.209639098900000098e+00
9.470000000000000000e+02 9.480000000000000000e+02 1.020304942699999984e+01 1.218188301199999879e+00
9.480000000000000000e+02 9.490000000000000000e+02 1.036810137899999873e+01 1.083154864800000006e+00
9.490000000000000000e+02 9.500000000000000000e+02 1.303582164300000024e+01 1.190066020200000185e+00
9.500000000000000000e+02 9.510000000000000000e+02 9.409636056000000082e+00 8.250038776000000462e-01
9.510000000000000000e+02 9.520000000000000000e+02 7.878554927999999791e+00 1.029593274800000069e+00
9.520000000000000000e+02 9.530000000000000000e+02 7.120757494000000243e+00 7.482878189000000679e-01
9.530000000000000000e+02 9.540000000000000000e+02 6.026201463000000480e+00 7.230079943999999648e-01
9.540000000000000000e+02 9.550000000000000000e+02 6.061527241000000288e+00 6.920875224999999409e-01
9.550000000000000000e+02 9.560000000000000000e+02 4.734796695000000000e+00 6.700870034000000475e-01
9.560000000000000000e+02 9.570000000000000000e+02 3.529035277999999831e+00 4.816369220999999756e-01
9.570000000000000000e+02 9.580000000000000000e+02 9.432926035999999570e+00 1.159455105300000177e+00
9.580000000000000000e+02 9.590000000000000000e+02 1.107049198200000006e+01 1.063945762599999956e+00
9.590000000000000000e+02 9.600000000000000000e+02 1.005599192100000039e+01 1.009922277700000093e+00
9.600000000000000000e+02 9.610000000000000000e+02 8.108464574000000979e+00 1.052990991799999998e+00
9.610000000000000000e+02 9.620000000000000000e+02 1.136420544099999930e+01 9.135103576999999975e-01
9.620000000000000000e+02 9.630000000000000000e+02 8.717894098000000369e+00 8.999501465999999450e-01
9.630000000000000000e+02 9.640000000000000000e+02 8.049743991999999793e+00 7.669018946999999198e-01
9.640000000000000000e+02 9.650000000000000000e+02 6.137456182000000204e+00 6.942155919000000397e-01
9.650000000000000000e+02 9.660000000000000000e+02 4.662403728000000136e+00 6.917352978999999902e-01
9.660000000000000000e+02 9.670000000000000000e+02 4.942667286999999909e+00 6.402446824000000980e-01
9.670000000000000000e+02 9.680000000000000000e+02 4.284175407000000213e+00 4.988971591999999955e-01
9.680000000000000000e+02 9.690000000000000000e+02 1.237743639800000039e+01 1.174906058599999970e+00
9.690000000000000000e+02 9.700000000000000000e+02 1.248243442699999939e+01 1.094655682299999988e+00
9.700000000000000000e+02 9.710000000000000000e+02 1.190185142200000001e+01 1.001968411200000020e+00
9.710000000000000000e+02 9.720000000000000000e+02 1.041714656300000108e+01 9.175699005999999880e-01
9.720000000000000000e+02 9.730000000000000000e+02 8.481256978999999419e+00 9.503746799999999162e-01
9.730000000000000000e+02 9.740000000000000000e+02 7.771603005000000230e+00 9.217146770999999905e-01
9.740000000000000000e+02 9.750000000000000000e+02 7.872376217000000231e+00 7.674453553999999178e-01
9.750000000000000000e+02 9.760000000000000000e+02 6.576108077999999857e+00 7.005262902999999097e-01
9.760000000000000000e+02 9.770000000000000000e+02 6.098703178000000058e+00 6.376820106000000710e-01
9.770000000000000000e+02 9.780000000000000000e+02 3.853788301000000249e+00 5.873774368999999940e-01
9.780000000000000000e+02 9.790000000000000000e+02 4.483453794999999964e+00 5.814244909999999322e-01
9.790000000000000000e+02 9.800000000000000000e+02 9.470119989000000515e+00 1.038758816400000118e+00
9.800000000000000000e+02 9.810000000000000000e+02 9.982683173999999937e+00 1.077670476900000063e+00
9.810000000000000000e+02 9.820000000000000000e+02 1.068808870400000011e+01 9.144151928999999512e-01
9.820000000000000000e+02 9.830000000000000000e+02 9.184533225000000911e+00 9.507192196999999512e-01
9.830000000000000000e+02 9.840000000000000000e+02 9.845680031000000554e+00 8.790647332000000036e-01
9.840000000000000000e+02 9.850000000000000000e+02 6.903543812000000557e+00 9.123065220999999614e-01
9.850000000000000000e+02 9.860000000000000000e+02 8.541309397999999220e+00 8.683479253999999425e-01
9.860000000000000000e+02 9.870000000000000000e+02 6.737542117000000275e+00 6.845862655000000130e-01
9.870000000000000000e+02 9.880000000000000000e+02 4.955739968999999689e+00 6.692796061000000352e-01
9.880000000000000000e+02 9.890000000000000000e+02 4.143710129999999658e+00 5.757428202000000050e-01
9.890000000000000000e+02 9.900000000000000000e+02 2.854231627999999965e+00 5.335242840999999681e-01
9.900000000000000000e+02 9.910000000000000000e+02 1.020918153500000081e+01 9.374237072000000115e-01
9.910000000000000000e+02 9.920000000000000000e+02 9.651396389000000298e+00 1.110343543299999958e+00
9.920000000000000000e+02 9.930000000000000000e+02 1.078510150000000145e+01 1.019205109399999865e+00
9.930000000000000000e+02 9.940000000000000000e+02 1.026783691900000051e+01 1.020400342999999932e+00
9.940000000000000000e+02 9.950000000000000000e+02 7.896969324999999706e+00 9.277115340000000598e-01
9.950000000000000000e+02 9.960000000000000000e+02 9.301766105000000451e+00 8.200508007999999238e-01
9.960000000000000000e+02 9.970000000000000000e+02 7.135891170999999922e+00 1.022763918700000163e+00
9.970000000000000000e+02 9.980000000000000000e+02 7.034121327000000257e+00 7.080063473000000052e-01
9.980000000000000000e+02 9.990000000000000000e+02 4.879972728000000259e+00 6.198995791000000422e-01
9.990000000000000000e+02 1.000000000000000000e+03 5.389474600999999865e+00 5.304810167999999271e-01
1.000000000000000000e+03 1.001000000000000000e+03 3.536970817999999905e+00 4.548066143000000228e-01
1.001000000000000000e+03 1.002000000000000000e+03 1.177902421599999983e+01 1.058754658700000073e+00
1.002000000000000000e+03 1.003000000000000000e+03 1.143354227400000056e+01 1.143054581699999961e+00
1.003000000000000000e+03 1.004000000000000000e+03 1.042661013800000092e+01 8.811630829000000054e-01
1.004000000000000000e+03 1.005000000000000000e+03 8.594941221000000908e+00 8.268716206999999763e-01
1.005000000000000000e+03 1.006000000000000000e+03 9.236241619000001180e+00 8.319797098000000224e-01
1.006000000000000000e+03 1.007000000000000000e+03 6.769412882000000131e+00 8.746410716000000418e-01
1.007000000000000000e+03 1.008000000000000000e+03 8.067805402999999487e+00 8.992488283999999776e-01
1.008000000000000000e+03 1.009000000000000000e+03 5.697486279000000486e+00 7.454605005000000117e-01
1.009000000000000000e+03 1.010000000000000000e+03 5.915939643999999831e+00 5.591005640999999748e-01
1.010000000000000000e+03 1.011000000000000000e+03 4.438294943999999909e+00 5.870974850000000300e-01
1.011000000000000000e+03 1.012000000000000000e+03 3.058671784999999588e+00 4.024054350000000335e-01
1.012000000000000000e+03 1.013000000000000000e+03 8.752101515000001442e+00 9.717349896999999403e-01
1.013000000000000000e+03 1.014000000000000000e+03 1.014728015900000102e+01 9.707829512000000216e-01
1.014000000000000000e+03 1.015000000000000000e+03 1.005826293900000046e+01 8.997898979999999769e-01
1.015000000000000000e+03 1.016000000000000000e+03 7.926084619999999248e+00 9.272146234999999459e-01
1.016000000000000000e+03 1.017000000000000000e+03 8.462348854000000031e+00 9.270275604000000058e-01
1.017000000000000000e+03 1.018000000000000000e+03 7.008673982999999552e+00 8.625921273000000111e-01
1.018000000000000000e+03 1.019000000000000000e+03 7.075115429000000233e+00 6.954917324999999595e-01
1.019000000000000000e+03 1.020000000000000000e+03 5.249211763000000808e+00 8.222004313000000897e-01
1.020000000000000000e+03 1.021000000000000000e+03 4.015254075999999728e+00 5.975562294999999802e-01
1.021000000000000000e+03 1.022000000000000000e+03 3.489593637000000026e+00 5.464089723999999704e-01
1.022000000000000000e+03 1.023000000000000000e+03 3.463627321999999786e+00 4.375289052999999928e-01
1.023000000000000000e+03 1.024000000000000000e+03 9.781982059000000618e+00 9.279816850000000006e-01
1.024000000000000000e+03 1.025000000000000000e+03 1.104186527899999959e+01 1.005104396499999941e+00
1.025000000000000000e+03 1.026000000000000000e+03 1.032424062599999992e+01 9.846795881999999001e-01
1.026000000000000000e+03 1.027000000000000000e+03 9.826492310000000785e+00 8.564177278999999254e-01
1.027000000000000000e+03 1.028000000000000000e+03 7.787864062999999781e+00 9.298832321000000123e-01
1.028000000000000000e+03 1.029000000000000000e+03 7.048110419000000348e+00 8.392204733999999444e-01
1.029000000000000000e+03 1.030000000000000000e+03 6.156974164999999388e+00 7.430119907999999107e-01
1.030000000000000000e+03 1.031000000000000000e+03 5.282955390999999779e+00 7.174345157999999500e-01
1.031000000000000000e+03 1.032000000000000000e+03 5.056644013000000548e+00 5.761340622999999717e-01
1.032000000000000000e+03 1.033000000000000000e+03 4.279421174000000327e+00 4.993847559999999852e-01
1.033000000000000000e+03 1.034000000000000000e+03 2.688427601999999972e+00 4.271182474000000395e-01
1.034000000000000000e+03 1.035000000000000000e+03 8.659287545999999836e+00 8.147008325000000273e-01
1.035000000000000000e+03 1.036000000000000000e+03 8.948200528999999293e+00 8.617651737000000534e-01
1.036000000000000000e+03 1.037000000000000000e+03 1.069343075899999995e+01 6.600633609999999596e-01
1.037000000000000000e+03 1.038000000000000000e+03 8.471410232999998513e+00 6.269816041000000340e-01
1.038000000000000000e+03 1.039000000000000000e+03 8.182189478999999821e+00 6.961781287999999623e-01
1.039000000000000000e+03 1.040000000000000000e+03 7.091207598999999639e+00 6.351699791000000594e-01
1.040000000000000000e+03 1.041000000000000000e+03 6.956342000999999442e+00 5.604739402000000759e-01
1.041000000000000000e+03 1.042000000000000000e+03 6.301808588000000100e+00 5.597173494999999610e-01
1.042000000000000000e+03 1.043000000000000000e+03 4.235955032000000564e+00 4.486986405000000233e-01
1.043000000000000000e+03 1.044000000000000000e+03 4.450551405999999766e+00 4.440241403999999892e-01
1.044000000000000000e+03 1.045000000000000000e+03 2.976390558999999936e+00 3.372287082999999575e-01
1.045000000000000000e+03 1.046000000000000000e+03 1.013345801300000026e+01 7.326405114000000829e-01
1.046000000000000000e+03 1.047000000000000000e+03 9.658677710999999277e+00 7.156848767999999250e-01
1.047000000000000000e+03 1.048000000000000000e+03 8.881335005000000393e+00 7.211220603999999312e-01
1.048000000000000000e+03 1.049000000000000000e+03 8.567771892999999750e+00 6.187368793999999950e-01
1.049000000000000000e+03 1.050000000000000000e+03 7.307363521000000084e+00 6.037386164999999361e-01
1.050000000000000000e+03 1.051000000000000000e+03 7.254480350999999771e+00 5.934533851000000082e-01
1.051000000000000000e+03 1.052000000000000000e+03 6.271521090999999437e+00 5.571413299999999902e-01
1.052000000000000000e+03 1.053000000000000000e+03 5.053504636000000438e+00 5.040915389999999219e-01
1.053000000000000000e+03 1.054000000000000000e+03 4.762193362000000540e+00 4.898449407000000089e-01
1.054000000000000000e+03 1.055000000000000000e+03 4.250657360000000828e+00 4.245342349000000293e-01
1.055000000000000000e+03 1.056000000000000000e+03 3.766066844000000025e+00 3.606101297000000039e-01
1.056000000000000000e+03 1.057000000000000000e+03 9.065666614000001289e+00 7.345742025000000508e-01
1.057000000000000000e+03 1.058000000000000000e+03 9.945326611000000483e+00 7.168605834000000288e-01
1.058000000000000000e+03 1.059000000000000000e+03 8.605036233999999951e+00 6.897268501000000107e-01
1.059000000000000000e+03 1.060000000000000000e+03 8.795096372999999801e+00 7.000190870999999371e-01
1.060000000000000000e+03 1.061000000000000000e+03 8.375876643999999871e+00 6.239537159000000388e-01
1.061000000000000000e+03 1.062000000000000000e+03 6.862504052999999438e+00 5.846628407999999721e-01
1.062000000000000000e+03 1.063000000000000000e+03 6.632399594999999870e+00 5.580849756000000328e-01
1.063000000000000000e+03 1.064000000000000000e+03 5.659355369000000024e+00 5.004703255999999323e-01
1.064000000000000000e+03 1.065000000000000000e+03 5.110372593000000130e+00 5.177718068000000118e-01
1.065000000000000000e+03 1.066000000000000000e+03 3.817405483000000377e+00 4.063549499999999925e-01
1.066000000000000000e+03 1.067000000000000000e+03 3.698225010000000257e+00 3.515106991999999986e-01
1.067000000000000000e+03 1.068000000000000000e+03 9.697365049000000070e+00 7.372329429999999739e-01
1.068000000000000000e+03 1.069000000000000000e+03 9.156891182999999046e+00 7.896315153999999836e-01
1.069000000000000000e+03 1.070000000000000000e+03 9.256858529999998808e+00 6.568215446999999818e-01
1.070000000000000000e+03 1.071000000000000000e+03 8.354913948000000090e+00 7.240596634999999504e-01
1.071000000000000000e+03 1.072000000000000000e+03 7.800982497999999765e+00 5.997889218999999938e-01
1.072000000000000000e+03 1.073000000000000000e+03 7.592244931000000641e+00 5.784841640999999202e-01
1.073000000000000000e+03 1.074000000000000000e+03 6.648902681000000037e+00 5.839187221999999622e-01
1.074000000000000000e+03 1.075000000000000000e+03 5.919499687000000065e+00 5.092125411000000268e-01
1.075000000000000000e+03 1.076000000000000000e+03 4.809583265000000551e+00 4.395085101000000272e-01
1.076000000000000000e+03 1.077000000000000000e+03 2.994156119999999976e+00 3.913925864000000199e-01
1.077000000000000000e+03 1.078000000000000000e+03 2.931187372000000124e+00 3.177203859999999658e-01
1.078000000000000000e+03 1.079000000000000000e+03 9.182028830000000141e+00 8.010257164999999846e-01
1.079000000000000000e+03 1.080000000000000000e+03 8.352978281999998700e+00 7.699141580000000706e-01
1.080000000000000000e+03 1.081000000000000000e+03 8.670937011000001249e+00 6.489102283000000027e-01
1.081000000000000000e+03 1.082000000000000000e+03 8.500465439999999262e+00 6.748364625000000672e-01
1.082000000000000000e+03 1.083000000000000000e+03 7.033884199000000059e+00 6.295687827999999486e-01
1.083000000000000000e+03 1.084000000000000000e+03 6.393158061000000281e+00 5.864118524000000443e-01
1.084000000000000000e+03 1.085000000000000000e+03 5.857058064999999480e+00 5.969826041999999333e-01
1.085000000000000000e+03 1.086000000000000000e+03 4.714780153000000418e+00 4.941239895999999798e-01
1.086000000000000000e+03 1.087000000000000000e+03 4.480468832999999762e+00 4.350310718000000021e-01
1.087000000000000000e+03 1.088000000000000000e+03 2.850566979000000334e+00 4.275601804999999977e-01
1.088000000000000000e+03 1.089000000000000000e+03 3.191859492999999937e+00 3.468129369999999878e-01
1.089000000000000000e+03 1.090000000000000000e+03 8.987999040000000051e+00 7.221882536999999491e-01
1.090000000000000000e+03 1.091000000000000000e+03 8.589599247999998965e+00 7.162204996000000046e-01
1.091000000000000000e+03 1.092000000000000000e+03 8.446920664000000301e+00 6.814551537999999908e-01
1.092000000000000000e+03 1.093000000000000000e+03 8.199587235000000973e+00 6.535657833999999333e-01
1.093000000000000000e+03 1.094000000000000000e+03 7.941748858999999605e+00 6.443004440999999805e-01
1.094000000000000000e+03 1.095000000000000000e+03 6.806331974999999979e+00 5.386281913999999560e-01
1.095000000000000000e+03 1.096000000000000000e+03 4.798835903999999708e+00 5.781996863999999681e-01
1.096000000000000000e+03 1.097000000000000000e+03 4.732269838000000561e+00 5.489191160999999930e-01
1.097000000000000000e+03 1.098000000000000000e+03 4.539238355000000169e+00 3.741193369999999963e-01
1.098000000000000000e+03 1.099000000000000000e+03 3.588828541000000261e+00 4.460512563999999847e-01
1.099000000000000000e+03 1.100000000000000000e+03 2.806519992000000130e+00 3.257974872999999660e-01
1.100000000000000000e+03 1.101000000000000000e+03 9.040551298000000457e+00 7.115454825000000483e-01
1.101000000000000000e+03 1.102000000000000000e+03 7.711081887999999829e+00 6.716001837000000751e-01
1.102000000000000000e+03 1.103000000000000000e+03 9.594318725000000825e+00 7.772867826000000591e-01
1.103000000000000000e+03 1.104000000000000000e+03 7.655119151000000066e+00 7.584343959999999552e-01
1.104000000000000000e+03 1.105000000000000000e+03 7.519318197999999676e+00 6.149311922000000319e-01
1.105000000000000000e+03 1.106000000000000000e+03 6.336897019999999436e+00 6.296956178999999487e-01
1.106000000000000000e+03 1.107000000000000000e+03 5.481439553000000409e+00 5.161262493999999590e-01
1.107000000000000000e+03 1.108000000000000000e+03 4.301952567999999921e+00 5.497066671999999432e-01
1.108000000000000000e+03 1.109000000000000000e+03 4.953610135999999997e+00 4.167801178999999689e-01
1.109000000000000000e+03 1.110000000000000000e+03 2.884536865999999922e+00 3.510497327000000056e-01
1.110000000000000000e+03 1.111000000000000000e+03 2.838543768999999717e+00 3.967752974000000044e-01
1.111000000000000000e+03 1.112000000000000000e+03 9.485225980000000945e+00 7.169718476999999979e-01
1.112000000000000000e+03 1.113000000000000000e+03 9.043490316000001528e+00 7.212720518999999886e-01
1.113000000000000000e+03 1.114000000000000000e+03 8.465970738000001106e+00 7.065794773000000362e-01
1.114000000000000000e+03 1.115000000000000000e+03 8.501847607000000195e+00 6.221115636000000837e-01
1.115000000000000000e+03 1.116000000000000000e+03 7.262694331999999697e+00 6.038989543000000682e-01
1.116000000000000000e+03 1.117000000000000000e+03 6.859096012999999381e+00 6.369811086000000122e-01
1.117000000000000000e+03 1.118000000000000000e+03 5.554178499000000713e+00 4.988887558999999805e-01
1.118000000000000000e+03 1.119000000000000000e+03 3.939022322000000020e+00 4.817449786999999928e-01
1.119000000000000000e+03 1.120000000000000000e+03 3.524808084000000008e+00 4.342880232999999923e-01
1.120000000000000000e+03 1.121000000000000000e+03 3.167889495999999916e+00 3.599498640000000083e-01
1.121000000000000000e+03 1.122000000000000000e+03 3.137973827999999799e+00 3.332356449000000165e-01
1.122000000000000000e+03 1.123000000000000000e+03 8.546244247000000627e+00 7.353789332000000289e-01
1.123000000000000000e+03 1.124000000000000000e+03 8.702987093999999146e+00 6.893722583000000403e-01
1.124000000000000000e+03 1.125000000000000000e+03 7.035173072000000083e+00 6.302135446000000085e-01
1.125000000000000000e+03 1.126000000000000000e+03 7.767882805999999363e+00 6.094036214999999368e-01
1.126000000000000000e+03 1.127000000000000000e+03 6.218667036000000259e+00 5.842239866999999753e-01
1.127000000000000000e+03 1.128000000000000000e+03 4.882637181999999854e+00 6.427739503999999604e-01
1.128000000000000000e+03 1.129000000000000000e+03 6.112003085999999641e+00 5.385965857000000190e-01
1.129000000000000000e+03 1.130000000000000000e+03 4.525349121999999724e+00 4.850489298999999810e-01
1.130000000000000000e+03 1.131000000000000000e+03 4.045361750999999728e+00 3.794624979000000287e-01
1.131000000000000000e+03 1.132000000000000000e+03 3.335309371999999772e+00 3.425671216999999769e-01
1.132000000000000000e+03 1.133000000000000000e+03 2.990683912999999805e+00 3.945683319999999661e-01
1.133000000000000000e+03 1.134000000000000000e+03 8.935822431000000066e+00 6.907899591999999700e-01
1.134000000000000000e+03 1.135000000000000000e+03 7.964054263000000411e+00 7.029630598999999647e-01
1.135000000000000000e+03 1.136000000000000000e+03 7.173952508999999367e+00 7.406982685999999871e-01
1.136000000000000000e+03 1.137000000000000000e+03 6.705919308000000356e+00 5.591969504000000590e-01
1.137000000000000000e+03 1.138000000000000000e+03 6.584519082999999995e+00 5.992384775000000330e-01
1.138000000000000000e+03 1.139000000000000000e+03 5.657965940000000415e+00 5.788305962999999998e-01
1.139000000000000000e+03 1.140000000000000000e+03 5.897677787999999310e+00 4.962341110999999860e-01
1.140000000000000000e+03 1.141000000000000000e+03 4.521332956999999375e+00 4.877516977999999948e-01
1.141000000000000000e+03 1.142000000000000000e+03 4.222383353999999756e+00 3.761436717000000152e-01
1.142000000000000000e+03 1.143000000000000000e+03 3.948092839000000076e+00 3.971013320999999818e-01
1.143000000000000000e+03 1.144000000000000000e+03 2.180013986000000070e+00 3.158696820999999932e-01
1.144000000000000000e+03 1.145000000000000000e+03 7.449365558000000220e+00 7.865317922000000239e-01
1.145000000000000000e+03 1.146000000000000000e+03 9.947667274000000504e+00 7.682742318999999931e-01
1.146000000000000000e+03 1.147000000000000000e+03 7.517218276999999560e+00 6.457146353999999588e-01
1.147000000000000000e+03 1.148000000000000000e+03 6.960199094000000031e+00 5.849114665000000324e-01
1.148000000000000000e+03 1.149000000000000000e+03 7.886290136000000395e+00 6.752549325999999130e-01
1.149000000000000000e+03 1.150000000000000000e+03 6.808684898000000096e+00 5.375142809999999827e-01
1.150000000000000000e+03 1.151000000000000000e+03 5.539276335000000273e+00 5.013737842000000056e-01
1.151000000000000000e+03 1.152000000000000000e+03 4.500670889999999424e+00 4.486598253999999897e-01
1.152000000000000000e+03 1.153000000000000000e+03 4.216479753999999858e+00 3.879172079000000051e-01
1.153000000000000000e+03 1.154000000000000000e+03 2.587636165000000155e+00 3.788643292000000162e-01
1.154000000000000000e+03 1.155000000000000000e+03 2.622512965999999945e+00 2.855890920999999971e-01
1.155000000000000000e+03 1.156000000000000000e+03 8.008587030999999357e+00 7.190514085000000444e-01
1.156000000000000000e+03 1.157000000000000000e+03 6.489406717999999685e+00 6.667946026000000082e-01
1.157000000000000000e+03 1.158000000000000000e+03 8.870612148000001085e+00 6.100905415999999803e-01
1.158000000000000000e+03 1.159000000000000000e+03 7.630022459000000090e+00 6.573034975000000557e-01
1.159000000000000000e+03 1.160000000000000000e+03 6.039988157999999885e+00 5.782315284000000277e-01
1.160000000000000000e+03 1.161000000000000000e+03 6.497046945999999323e+00 6.126581677999999309e-01
1.161000000000000000e+03 1.162000000000000000e+03 5.697140177000000527e+00 5.131856163999999332e-01
1.162000000000000000e+03 1.163000000000000000e+03 4.110335649999999674e+00 4.393738005000000224e-01
1.163000000000000000e+03 1.164000000000000000e+03 3.833819716999999905e+00 3.939859360999999893e-01
1.164000000000000000e+03 1.165000000000000000e+03 3.202199526000000240e+00 3.641530144000000302e-01
1.165000000000000000e+03 1.166000000000000000e+03 2.471744130000000261e+00 2.738469436000000035e-01
1.166000000000000000e+03 1.167000000000000000e+03 8.786099465999999580e+00 8.174776120000000201e-01
1.167000000000000000e+03 1.168000000000000000e+03 7.685433834999999547e+00 6.549550734000000318e-01
1.168000000000000000e+03 1.169000000000000000e+03 8.163857796000000278e+00 6.568551792999999250e-01
1.169000000000000000e+03 1.170000000000000000e+03 6.053230321000000025e+00 6.568368376999998981e-01
1.170000000000000000e+03 1.171000000000000000e+03 7.181273347000000307e+00 5.738211887999999927e-01
1.171000000000000000e+03 1.172000000000000000e+03 6.111554119000000007e+00 5.334647516000000644e-01
1.172000000000000000e+03 1.173000000000000000e+03 4.686966715999999700e+00 5.316261057999999151e-01
1.173000000000000000e+03 1.174000000000000000e+03 4.769242000000000203e+00 4.622423927999999571e-01
1.174000000000000000e+03 1.175000000000000000e+03 3.695368961999999868e+00 4.175276736999999905e-01
1.175000000000000000e+03 1.176000000000000000e+03 3.234678117000000075e+00 3.410780848999999670e-01
1.176000000000000000e+03 1.177000000000000000e+03 2.645068831000000120e+00 2.912887113000000028e-01
1.177000000000000000e+03 1.178000000000000000e+03 6.862054778000000077e+00 6.458378618000000237e-01
1.178000000000000000e+03 1.179000000000000000e+03 7.078778298999999663e+00 6.234345235999999568e-01
1.179000000000000000e+03 1.180000000000000000e+03 8.517526178999998976e+00 6.254514231000000146e-01
1.180000000000000000e+03 1.181000000000000000e+03 7.461029649000000319e+00 6.543869055000000046e-01
1.181000000000000000e+03 1.182000000000000000e+03 6.466415728999999502e+00 6.416534616000000302e-01
1.182000000000000000e+03 1.183000000000000000e+03 6.004410234999999929e+00 5.399481430999999443e-01
1.183000000000000000e+03 1.184000000000000000e+03 5.013816077999999621e+00 4.889565661000000452e-01
1.184000000000000000e+03 1.185000000000000000e+03 4.540301469000000090e+00 4.431826989000000050e-01
1.185000000000000000e+03 1.186000000000000000e+03 3.609401872000000289e+00 3.584497544000000424e-01
1.186000000000000000e+03 1.187000000000000000e+03 3.490989182000000302e+00 3.176485785000000006e-01
1.187000000000000000e+03 1.188000000000000000e+03 2.326743355000000069e+00 2.994696165000000354e-01
1.188000000000000000e+03 1.189000000000000000e+03 8.663732772999999554e+00 6.664098437000000041e-01
1.189000000000000000e+03 1.190000000000000000e+03 8.596058460000000068e+00 6.139268906999999498e-01
1.190000000000000000e+03 1.191000000000000000e+03 6.987750537000000151e+00 6.066152322000000208e-01
1.191000000000000000e+03 1.192000000000000000e+03 6.944233521000000131e+00 5.819862601999999940e-01
1.192000000000000000e+03 1.193000000000000000e+03 4.738349355000000429e+00 6.071266495999999568e-01
1.193000000000000000e+03 1.194000000000000000e+03 5.271935447000000607e+00 5.585830172000000315e-01
1.194000000000000000e+03 1.195000000000000000e+03 4.611866017999999734e+00 5.075911726999999818e-01
1.195000000000000000e+03 1.196000000000000000e+03 4.226298748999999688e+00 4.444875459000000029e-01
1.196000000000000000e+03 1.197000000000000000e+03 3.292149540000000041e+00 3.556717214000000293e-01
1.197000000000000000e+03 1.198000000000000000e+03 3.082017013999999833e+00 3.286621950999999986e-01
1.198000000000000000e+03 1.199000000000000000e+03 1.990720760000000089e+00 3.060172277999999579e-01
1.199000000000000000e+03 1.200000000000000000e+03 7.266992004000000449e+00 6.866496036000000469e-01
1.200000000000000000e+03 1.201000000000000000e+03 6.687583915000000268e+00 6.576399467999999304e-01
1.201000000000000000e+03 1.202000000000000000e+03 8.490178721999999567e+00 6.775395369000000168e-01
1.202000000000000000e+03 1.203000000000000000e+03 5.461792615000000239e+00 5.678972259000000244e-01
1.203000000000000000e+03 1.204000000000000000e+03 5.720018802999999430e+00 5.161045043999999971e-01
1.204000000000000000e+03 1.205000000000000000e+03 5.127936158999999883e+00 5.585921617000000339e-01
1.205000000000000000e+03 1.206000000000000000e+03 4.408332098999999893e+00 4.922981495999999568e-01
1.206000000000000000e+03 1.207000000000000000e+03 4.120936544000000090e+00 4.495348958000000006e-01
1.207000000000000000e+03 1.208000000000000000e+03 3.752483515000000214e+00 3.649912727000000356e-01
1.208000000000000000e+03 1.209000000000000000e+03 2.333924156999999777e+00 3.931504304999999810e-01
1.209000000000000000e+03 1.210000000000000000e+03 2.643538465999999865e+00 2.714586041000000005e-01
1.210000000000000000e+03 1.211000000000000000e+03 5.789247441000000549e+00 6.977390143999999683e-01
1.211000000000000000e+03 1.212000000000000000e+03 7.696962474000000221e+00 6.366537979999999930e-01
1.212000000000000000e+03 1.213000000000000000e+03 7.272403927000000046e+00 7.152087183999999986e-01
1.213000000000000000e+03 1.214000000000000000e+03 6.857713345000000515e+00 5.899450626000000142e-01
1.214000000000000000e+03 1.215000000000000000e+03 6.688586012000000025e+00 5.486684050000000257e-01
1.215000000000000000e+03 1.216000000000000000e+03 6.078629928999999876e+00 4.847994157000000137e-01
1.216000000000000000e+03 1.217000000000000000e+03 4.623895370000000504e+00 4.939630119999999791e-01
1.217000000000000000e+03 1.218000000000000000e+03 3.235525942999999849e+00 4.184066197999999903e-01
1.218000000000000000e+03 1.219000000000000000e+03 3.315013098000000102e+00 3.422652400999999789e-01
1.219000000000000000e+03 1.220000000000000000e+03 2.503727705999999831e+00 3.223581334000000242e-01
1.220000000000000000e+03 1.221000000000000000e+03 1.924520423000000147e+00 3.061161193999999974e-01
1.221000000000000000e+03 1.222000000000000000e+03 8.083516068999999860e+00 5.780372878999999742e-01
1.222000000000000000e+03 1.223000000000000000e+03 7.663999408999999652e+00 6.252959760999999839e-01
1.223000000000000000e+03 1.224000000000000000e+03 7.128772015000000017e+00 6.823855841000000533e-01
1.224000000000000000e+03 1.225000000000000000e+03 6.429479133000000068e+00 5.186997492999999571e-01
1.225000000000000000e+03 1.226000000000000000e+03 6.310740459999999885e+00 5.279291386000000141e-01
1.226000000000000000e+03 1.227000000000000000e+03 5.066188393000000012e+00 5.080523334000000002e-01
1.227000000000000000e+03 1.228000000000000000e+03 4.218946370999999473e+00 4.742191427000000403e-01
1.228000000000000000e+03 1.229000000000000000e+03 4.751147490000000140e+00 4.298157989999999984e-01
1.229000000000000000e+03 1.230000000000000000e+03 3.309706859999999917e+00 3.402426397000000158e-01
1.230000000000000000e+03 1.231000000000000000e+03 2.608491948999999810e+00 3.562943590000000049e-01
1.231000000000000000e+03 1.232000000000000000e+03 2.066262668999999885e+00 2.774710421000000093e-01
1.232000000000000000e+03 1.233000000000000000e+03 5.285028449000000350e+00 6.332029930999999445e-01
1.233000000000000000e+03 1.234000000000000000e+03 6.990018816000000079e+00 5.716794060000000011e-01
1.234000000000000000e+03 1.235000000000000000e+03 6.335937541999999922e+00 6.534955417000000155e-01
1.235000000000000000e+03 1.236000000000000000e+03 7.444837242000000188e+00 6.400785028000000043e-01
1.236000000000000000e+03 1.237000000000000000e+03 4.714485194999999962e+00 4.818007534000000036e-01
1.237000000000000000e+03 1.238000000000000000e+03 4.820423424000000345e+00 4.824575838999999866e-01
1.238000000000000000e+03 1.239000000000000000e+03 4.918379690000000082e+00 3.993192495999999814e-01
1.239000000000000000e+03 1.240000000000000000e+03 3.262739054999999944e+00 4.626731848999999785e-01
1.240000000000000000e+03 1.241000000000000000e+03 2.936208375999999731e+00 3.545662761999999746e-01
1.241000000000000000e+03 1.242000000000000000e+03 2.418564667000000057e+00 3.208071664999999628e-01
1.242000000000000000e+03 1.243000000000000000e+03 2.722468629000000195e+00 2.582073750000000167e-01
1.243000000000000000e+03 1.244000000000000000e+03 6.464434986000000549e+00 6.165494763000000100e-01
1.244000000000000000e+03 1.245000000000000000e+03 7.293348958999999354e+00 6.084694321999999378e-01
1.245000000000000000e+03 1.246000000000000000e+03 6.992354044999999907e+00 6.407341881000000461e-01
1.246000000000000000e+03 1.247000000000000000e+03 6.208483242999999874e+00 6.083634304999999687e-01
1.247000000000000000e+03 1.248000000000000000e+03 5.946385655000000270e+00 5.315711312999999993e-01
1.248000000000000000e+03 1.249000000000000000e+03 4.764303679000000180e+00 4.793787691000000462e-01
1.249000000000000000e+03 1.250000000000000000e+03 4.746688496000000868e+00 4.566437852000000408e-01
1.250000000000000000e+03 1.251000000000000000e+03 3.462975876000000230e+00 4.177332948999999962e-01
1.251000000000000000e+03 1.252000000000000000e+03 3.421864435000000260e+00 3.672413797999999896e-01
1.252000000000000000e+03 1.253000000000000000e+03 2.905372191999999743e+00 2.943905589000000433e-01
1.253000000000000000e+03 1.254000000000000000e+03 2.106511339999999954e+00 2.515853267000000004e-01
1.254000000000000000e+03 1.255000000000000000e+03 8.702609899000000482e+00 7.141465082999999270e-01
1.255000000000000000e+03 1.256000000000000000e+03 7.767683138999999848e+00 6.056485541999999667e-01
1.256000000000000000e+03 1.257000000000000000e+03 7.184105560000000779e+00 5.944152440000000093e-01
1.257000000000000000e+03 1.258000000000000000e+03 5.695416017000000330e+00 5.224500443999999799e-01
1.258000000000000000e+03 1.259000000000000000e+03 6.155879684999999490e+00 5.421026889999999154e-01
1.259000000000000000e+03 1.260000000000000000e+03 5.959231185999999347e+00 4.806237343999999467e-01
1.260000000000000000e+03 1.261000000000000000e+03 4.554637654000000424e+00 4.931559158000000109e-01
1.261000000000000000e+03 1.262000000000000000e+03 3.999067971000000110e+00 3.730619001000000101e-01
1.262000000000000000e+03 1.263000000000000000e+03 3.002980786000000180e+00 3.321730031999999833e-01
1.263000000000000000e+03 1.264000000000000000e+03 2.164218765000000211e+00 3.121494345999999975e-01
1.264000000000000000e+03 1.265000000000000000e+03 2.243032912000000323e+00 2.929441848000000070e-01
1.265000000000000000e+03 1.266000000000000000e+03 7.062302508000000145e+00 7.062644357999999789e-01
1.266000000000000000e+03 1.267000000000000000e+03 6.032420117000000026e+00 6.353292503999999896e-01
1.267000000000000000e+03 1.268000000000000000e+03 6.347957094999999939e+00 6.121926098999999066e-01
1.268000000000000000e+03 1.269000000000000000e+03 6.054110580000000574e+00 6.188478192999999905e-01
1.269000000000000000e+03 1.270000000000000000e+03 5.348787154000000044e+00 4.890334139999999996e-01
1.270000000000000000e+03 1.271000000000000000e+03 4.945026632000000255e+00 5.163179800000000652e-01
1.271000000000000000e+03 1.272000000000000000e+03 4.752541539000000093e+00 4.642703094999999780e-01
1.272000000000000000e+03 1.273000000000000000e+03 3.274740927999999940e+00 3.955356116000000033e-01
1.273000000000000000e+03 1.274000000000000000e+03 3.128273651000000211e+00 3.329179023999999654e-01
1.274000000000000000e+03 1.275000000000000000e+03 2.857322299999999871e+00 3.044840887999999968e-01
1.275000000000000000e+03 1.276000000000000000e+03 2.511380489999999632e+00 3.148501750999999627e-01
1.276000000000000000e+03 1.277000000000000000e+03 7.392401726000000117e+00 6.771997994999999770e-01
1.277000000000000000e+03 1.278000000000000000e+03 6.503136798999999968e+00 6.952543367000000307e-01
1.278000000000000000e+03 1.279000000000000000e+03 6.803889483999999932e+00 6.206710855999999499e-01
1.279000000000000000e+03 1.280000000000000000e+03 5.071230375999999929e+00 6.492295880999999769e-01
1.280000000000000000e+03 1.281000000000000000e+03 4.748818281000000141e+00 5.394334803999999428e-01
1.281000000000000000e+03 1.282000000000000000e+03 4.970641810000000049e+00 4.534333950999999696e-01
1.282000000000000000e+03 1.283000000000000000e+03 4.288742184999999374e+00 4.932345034000000239e-01
1.283000000000000000e+03 1.284000000000000000e+03 4.038624452999999725e+00 3.854866392999999891e-01
1.284000000000000000e+03 1.285000000000000000e+03 2.826905157000000113e+00 3.160567253000000076e-01
1.285000000000000000e+03 1.286000000000000000e+03 2.408149268999999926e+00 3.162621292999999723e-01
1.286000000000000000e+03 1.287000000000000000e+03 1.464308699300000072e+00 2.527197889000000197e-01
1.287000000000000000e+03 1.288000000000000000e+03 5.621054462000000029e+00 6.668930495000000569e-01
1.288000000000000000e+03 1.289000000000000000e+03 5.819671183999999720e+00 7.027030035000000341e-01
1.289000000000000000e+03 1.290000000000000000e+03 4.471196115999999776e+00 5.711630589999999730e-01
1.290000000000000000e+03 1.291000000000000000e+03 6.487714143999999905e+00 5.182015393000000136e-01
1.291000000000000000e+03 1.292000000000000000e+03 6.307310859000000214e+00 6.271906266000000230e-01
1.292000000000000000e+03 1.293000000000000000e+03 4.915597813999999843e+00 5.385338063000000286e-01
1.293000000000000000e+03 1.294000000000000000e+03 3.990457761999999686e+00 3.788174697999999729e-01
1.294000000000000000e+03 1.295000000000000000e+03 3.273425684999999863e+00 4.232320712999999568e-01
1.295000000000000000e+03 1.296000000000000000e+03 2.479317023000000120e+00 3.236232099000000417e-01
1.296000000000000000e+03 1.297000000000000000e+03 2.484506212000000325e+00 2.774966544000000424e-01
1.297000000000000000e+03 1.298000000000000000e+03 2.120507421000000114e+00 2.664403768999999977e-01
1.298000000000000000e+03 1.299000000000000000e+03 8.381785225000001560e+00 7.147197791999999605e-01
1.299000000000000000e+03 1.300000000000000000e+03 6.430158757000000058e+00 5.736922058000000213e-01
1.300000000000000000e+03 1.301000000000000000e+03 7.330312024000000370e+00 5.770794917999999551e-01
1.301000000000000000e+03 1.302000000000000000e+03 6.968339348999999849e+00 5.843509383000000668e-01
1.302000000000000000e+03 1.303000000000000000e+03 4.992467265999999348e+00 6.064416510999999232e-01
1.303000000000000000e+03 1.304000000000000000e+03 4.495312674000000008e+00 5.079778374000000207e-01
1.304000000000000000e+03 1.305000000000000000e+03 4.526775895000000105e+00 4.172809184000000338e-01
1.305000000000000000e+03 1.306000000000000000e+03 3.237151810999999935e+00 3.964909663999999778e-01
1.306000000000000000e+03 1.307000000000000000e+03 3.029200450999999905e+00 3.032643212999999727e-01
1.307000000000000000e+03 1.308000000000000000e+03 2.410763381000000205e+00 2.790230577000000212e-01
1.308000000000000000e+03 1.309000000000000000e+03 2.149930993000000345e+00 2.701379247999999844e-01
1.309000000000000000e+03 1.310000000000000000e+03 5.737184319999999893e+00 6.854823037000000729e-01
1.310000000000000000e+03 1.311000000000000000e+03 6.485350290999999601e+00 5.436814277999999501e-01
1.311000000000000000e+03 1.312000000000000000e+03 6.457293866999999743e+00 5.637590490999999648e-01
1.312000000000000000e+03 1.313000000000000000e+03 5.674882405000000851e+00 5.869822827999999770e-01
1.313000000000000000e+03 1.314000000000000000e+03 5.213347262000000093e+00 5.910609904000000414e-01
1.314000000000000000e+03 1.315000000000000000e+03 4.204203485000000740e+00 4.867586732999999999e-01
1.315000000000000000e+03 1.316000000000000000e+03 3.364754551999999954e+00 4.404869981999999795e-01
1.316000000000000000e+03 1.317000000000000000e+03 3.116382839999999987e+00 3.776867892999999921e-01
1.317000000000000000e+03 1.318000000000000000e+03 3.019536390999999931e+00 3.198360981999999741e-01
1.318000000000000000e+03 1.319000000000000000e+03 2.021381063999999839e+00 2.774118329999999966e-01
1.319000000000000000e+03 1.320000000000000000e+03 1.481850650099999944e+00 2.552920008000000296e-01
1.320000000000000000e+03 1.321000000000000000e+03 5.979912117999999666e+00 6.328148425000000854e-01
1.321000000000000000e+03 1.322000000000000000e+03 6.312315577999999761e+00 7.355775562999999906e-01
1.322000000000000000e+03 1.323000000000000000e+03 5.884864653999999362e+00 5.459936561999999549e-01
1.323000000000000000e+03 1.324000000000000000e+03 6.111850406000000291e+00 4.877593747999999785e-01
1.324000000000000000e+03 1.325000000000000000e+03 4.437973549000000517e+00 4.929193696999999985e-01
1.325000000000000000e+03 1.326000000000000000e+03 4.114313200000000670e+00 4.503564929000000161e-01
1.326000000000000000e+03 1.327000000000000000e+03 4.317143707999999691e+00 4.116618609000000095e-01
1.327000000000000000e+03 1.328000000000000000e+03 3.554267919000000386e+00 3.496707217000000201e-01
1.328000000000000000e+03 1.329000000000000000e+03 2.217110513999999810e+00 2.956052898000000040e-01
1.329000000000000000e+03 1.330000000000000000e+03 2.553750200000000081e+00 2.403557166999999994e-01
1.330000000000000000e+03 1.331000000000000000e+03 1.535164886900000081e+00 2.465741676999999854e-01
1.331000000000000000e+03 1.332000000000000000e+03 6.057553280000000484e+00 5.960866101000000805e-01
1.332000000000000000e+03 1.333000000000000000e+03 5.296127822999999957e+00 5.973989637000000075e-01
1.333000000000000000e+03 1.334000000000000000e+03 5.128429511000000218e+00 5.543637367999999510e-01
1.334000000000000000e+03 1.335000000000000000e+03 5.711829137999999695e+00 5.937962272999999236e-01
1.335000000000000000e+03 1.336000000000000000e+03 5.239492540000000531e+00 4.669178031999999812e-01
1.336000000000000000e+03 1.337000000000000000e+03 4.594863070000000604e+00 4.034351039000000361e-01
1.337000000000000000e+03 1.338000000000000000e+03 4.104374974000000620e+00 3.779494467000000246e-01
1.338000000000000000e+03 1.339000000000000000e+03 3.297418920000000142e+00 3.263423663999999724e-01
1.339000000000000000e+03 1.340000000000000000e+03 3.347177508000000135e+00 3.342187032999999752e-01
1.340000000000000000e+03 1.341000000000000000e+03 2.039253417000000290e+00 2.742092549999999851e-01
1.341000000000000000e+03 1.342000000000000000e+03 1.723996135200000168e+00 2.299250163999999874e-01
1.342000000000000000e+03 1.343000000000000000e+03 6.134704707000000035e+00 6.189259288999999775e-01
1.343000000000000000e+03 1.344000000000000000e+03 6.920212868000000128e+00 6.716627861000000754e-01
1.344000000000000000e+03 1.345000000000000000e+03 5.952211654000000074e+00 4.825951996999999771e-01
1.345000000000000000e+03 1.346000000000000000e+03 4.953342512000000752e+00 5.851656644000000629e-01
1.346000000000000000e+03 1.347000000000000000e+03 4.094542281000000727e+00 4.890606022000000275e-01
1.347000000000000000e+03 1.348000000000000000e+03 4.345053872999999456e+00 4.687930034000000190e-01
1.348000000000000000e+03 1.349000000000000000e+03 3.818427126000000005e+00 3.819954874000000000e-01
1.349000000000000000e+03 1.350000000000000000e+03 2.776428426999999921e+00 3.292375690000000077e-01
1.350000000000000000e+03 1.351000000000000000e+03 2.458755253000000085e+00 3.244958942000000235e-01
1.351000000000000000e+03 1.352000000000000000e+03 1.726113920099999977e+00 2.699752150999999989e-01
1.352000000000000000e+03 1.353000000000000000e+03 1.463929887599999979e+00 2.382389550000000022e-01
1.353000000000000000e+03 1.354000000000000000e+03 6.309151822000000465e+00 6.281845904999999730e-01
1.354000000000000000e+03 1.355000000000000000e+03 4.835573650000000612e+00 5.532895416999999982e-01
1.355000000000000000e+03 1.356000000000000000e+03 5.859032712000000309e+00 6.223129298000000809e-01
1.356000000000000000e+03 1.357000000000000000e+03 5.661576378999999548e+00 6.351117844999999429e-01
1.357000000000000000e+03 1.358000000000000000e+03 5.860616795999999518e+00 5.893117800999999600e-01
1.358000000000000000e+03 1.359000000000000000e+03 4.448282304999999326e+00 5.085591019999999851e-01
1.359000000000000000e+03 1.360000000000000000e+03 3.481392634000000097e+00 3.880827045000000419e-01
1.360000000000000000e+03 1.361000000000000000e+03 3.508675492999999701e+00 3.473716189000000121e-01
1.361000000000000000e+03 1.362000000000000000e+03 3.005342095000000047e+00 3.261086390000000335e-01
1.362000000000000000e+03 1.363000000000000000e+03 1.802675321299999966e+00 2.467076371999999962e-01
1.363000000000000000e+03 1.364000000000000000e+03 1.866696326100000025e+00 2.254841781000000156e-01
1.364000000000000000e+03 1.365000000000000000e+03 6.502623250999999271e+00 6.208092288000000014e-01
1.365000000000000000e+03 1.366000000000000000e+03 6.525750180999999372e+00 5.243841066000000106e-01
1.366000000000000000e+03 1.367000000000000000e+03 6.082150301999999620e+00 5.826462146999999980e-01
1.367000000000000000e+03 1.368000000000000000e+03 4.802032706999999512e+00 5.458753549000000538e-01
1.368000000000000000e+03 1.369000000000000000e+03 4.814892549000000521e+00 6.075285346000000031e-01
1.369000000000000000e+03 1.370000000000000000e+03 3.657097741999999929e+00 5.228878500000000429e-01
1.370000000000000000e+03 1.371000000000000000e+03 3.714669666999999897e+00 4.088826488999999786e-01
1.371000000000000000e+03 1.372000000000000000e+03 2.978924593999999981e+00 3.897026101000000131e-01
1.372000000000000000e+03 1.373000000000000000e+03 2.513649254999999805e+00 3.103330606999999963e-01
1.373000000000000000e+03 1.374000000000000000e+03 2.342452750000000083e+00 2.620834149999999863e-01
1.374000000000000000e+03 1.375000000000000000e+03 1.502012342500000042e+00 2.313552208000000110e-01
1.375000000000000000e+03 1.376000000000000000e+03 6.248361498000000402e+00 6.371820076999999971e-01
1.376000000000000000e+03 1.377000000000000000e+03 5.887412304000000596e+00 5.638762743999999882e-01
1.377000000000000000e+03 1.378000000000000000e+03 5.404182600000000392e+00 6.346336157000000977e-01
1.378000000000000000e+03 1.379000000000000000e+03 4.414593589999999956e+00 5.658159609999999784e-01
1.379000000000000000e+03 1.380000000000000000e+03 3.722751447000000269e+00 5.867441888000000105e-01
1.380000000000000000e+03 1.381000000000000000e+03 3.780309805999999995e+00 5.864634591999999813e-01
1.381000000000000000e+03 1.382000000000000000e+03 3.058777313999999858e+00 4.331119573999999695e-01
1.382000000000000000e+03 1.383000000000000000e+03 2.833367734999999943e+00 3.512020402000000097e-01
1.383000000000000000e+03 1.384000000000000000e+03 2.410722618000000317e+00 2.921272672999999931e-01
1.384000000000000000e+03 1.385000000000000000e+03 1.746564895399999928e+00 2.726161136999999957e-01
1.385000000000000000e+03 1.386000000000000000e+03 1.717849607000000001e+00 2.213306754999999904e-01
1.386000000000000000e+03 1.387000000000000000e+03 4.438999319999999749e+00 6.176364822000000032e-01
1.387000000000000000e+03 1.388000000000000000e+03 5.412479401000000578e+00 5.993959570000000348e-01
1.388000000000000000e+03 1.389000000000000000e+03 4.932637285000000205e+00 5.612194498999999448e-01
1.389000000000000000e+03 1.390000000000000000e+03 4.063064874000000160e+00 4.859900000999999858e-01
1.390000000000000000e+03 1.391000000000000000e+03 4.670931797999999802e+00 5.401716854000000456e-01
1.391000000000000000e+03 1.392000000000000000e+03 4.006101995999999943e+00 4.336450444000000126e-01
1.392000000000000000e+03 1.393000000000000000e+03 3.659850803999999957e+00 3.853423272000000011e-01
1.393000000000000000e+03 1.394000000000000000e+03 2.643831472000000016e+00 3.241530021999999844e-01
1.394000000000000000e+03 1.395000000000000000e+03 2.582292612999999903e+00 2.754803517999999674e-01
1.395000000000000000e+03 1.396000000000000000e+03 1.991186942999999765e+00 3.020239410000000180e-01
1.396000000000000000e+03 1.397000000000000000e+03 1.635002128199999794e+00 2.095051360000000085e-01
1.397000000000000000e+03 1.398000000000000000e+03 3.999942744999999800e+00 6.606663901000000561e-01
1.398000000000000000e+03 1.399000000000000000e+03 5.637960829999999923e+00 6.152279448999999900e-01
1.399000000000000000e+03 1.400000000000000000e+03 4.860941923999999581e+00 6.120416458999999865e-01
1.400000000000000000e+03 1.401000000000000000e+03 4.510378797000000439e+00 4.999282639000000028e-01
1.401000000000000000e+03 1.402000000000000000e+03 4.355927587000000045e+00 4.745753078999999652e-01
1.402000000000000000e+03 1.403000000000000000e+03 4.041486847999999910e+00 4.169880341999999684e-01
1.403000000000000000e+03 1.404000000000000000e+03 4.844908273999999793e+00 4.526440680000000105e-01
1.404000000000000000e+03 1.405000000000000000e+03 3.426260978999999818e+00 3.474276733000000172e-01
1.405000000000000000e+03 1.406000000000000000e+03 2.673796416000000065e+00 2.763713619000000010e-01
1.406000000000000000e+03 1.407000000000000000e+03 1.974730182000000056e+00 2.411495164000000135e-01
1.407000000000000000e+03 1.408000000000000000e+03 1.104316732700000081e+00 2.166305726999999959e-01
1.408000000000000000e+03 1.409000000000000000e+03 5.279850468000000241e+00 6.154996476999999855e-01
1.409000000000000000e+03 1.410000000000000000e+03 6.088840479999999999e+00 5.886415008000001059e-01
1.410000000000000000e+03 1.411000000000000000e+03 4.840693794999999966e+00 4.976656045000000250e-01
1.411000000000000000e+03 1.412000000000000000e+03 4.903299343000000476e+00 4.332058327999999681e-01
1.412000000000000000e+03 1.413000000000000000e+03 4.640982496999999540e+00 4.506702270999999871e-01
1.413000000000000000e+03 1.414000000000000000e+03 3.473833796999999723e+00 4.739777916999999841e-01
1.414000000000000000e+03 1.415000000000000000e+03 3.038182327999999988e+00 4.207454749000000271e-01
1.415000000000000000e+03 1.416000000000000000e+03 2.609863586000000346e+00 3.388720893000000123e-01
1.416000000000000000e+03 1.417000000000000000e+03 2.178832903999999626e+00 2.929824386000000058e-01
1.417000000000000000e+03 1.418000000000000000e+03 2.117574944000000237e+00 2.064222551000000072e-01
1.418000000000000000e+03 1.419000000000000000e+03 1.446566147800000035e+00 2.273996122999999980e-01
1.419000000000000000e+03 1.420000000000000000e+03 5.329424409999999668e+00 5.721334090999999900e-01
1.420000000000000000e+03 1.421000000000000000e+03 5.159774314999999945e+00 5.772832911999999927e-01
1.421000000000000000e+03 1.422000000000000000e+03 5.506846844000000019e+00 4.979140421000000094e-01
1.422000000000000000e+03 1.423000000000000000e+03 4.945156590999999935e+00 4.619991031999999831e-01
1.423000000000000000e+03 1.424000000000000000e+03 4.359170469000000381e+00 5.249027232999999848e-01
1.424000000000000000e+03 1.425000000000000000e+03 3.743939961999999788e+00 3.967510564000000239e-01
1.425000000000000000e+03 1.426000000000000000e+03 3.257481411999999743e+00 3.868081925000000365e-01
1.426000000000000000e+03 1.427000000000000000e+03 2.776560134999999985e+00 3.665477817999999721e-01
1.427000000000000000e+03 1.428000000000000000e+03 2.222889309999999785e+00 2.609055003999999900e-01
1.428000000000000000e+03 1.429000000000000000e+03 1.655681998599999982e+00 2.371371245999999988e-01
1.429000000000000000e+03 1.430000000000000000e+03 1.473092561999999939e+00 1.848723397300000015e-01
1.430000000000000000e+03 1.431000000000000000e+03 5.528454970000000301e+00 5.455162786000000708e-01
1.431000000000000000e+03 1.432000000000000000e+03 4.936807907999999578e+00 6.174576640000000172e-01
1.432000000000000000e+03 1.433000000000000000e+03 5.083604043999999433e+00 6.390852007999999751e-01
1.433000000000000000e+03 1.434000000000000000e+03 4.904478967000000189e+00 4.498713681000000020e-01
1.434000000000000000e+03 1.435000000000000000e+03 3.993184633000000261e+00 5.580988322000000057e-01
1.435000000000000000e+03 1.436000000000000000e+03 3.569352373000000078e+00 4.201770781999999982e-01
1.436000000000000000e+03 1.437000000000000000e+03 3.137853224000000107e+00 3.839865835999999866e-01
1.437000000000000000e+03 1.438000000000000000e+03 2.566273793000000136e+00 2.967845092999999990e-01
1.438000000000000000e+03 1.439000000000000000e+03 2.365742416999999875e+00 2.865246240999999583e-01
1.439000000000000000e+03 1.440000000000000000e+03 1.713556565300000001e+00 2.409892309999999982e-01
1.440000000000000000e+03 1.441000000000000000e+03 1.335197836000000082e+00 2.071476995999999848e-01
1.441000000000000000e+03 1.442000000000000000e+03 5.458737518000000399e+00 6.005667135999999129e-01
1.442000000000000000e+03 1.443000000000000000e+03 5.660326728000000251e+00 5.172165882999999464e-01
1.443000000000000000e+03 1.444000000000000000e+03 5.356240268999999721e+00 5.350938721000000342e-01
1.444000000000000000e+03 1.445000000000000000e+03 4.230699491999999395e+00 5.128118367999999760e-01
1.445000000000000000e+03 1.446000000000000000e+03 3.923597118999999633e+00 4.848532897999999758e-01
1.446000000000000000e+03 1.447000000000000000e+03 3.971844179999999724e+00 4.373346841999999901e-01
1.447000000000000000e+03 1.448000000000000000e+03 3.331673067000000099e+00 3.921103733999999896e-01
1.448000000000000000e+03 1.449000000000000000e+03 2.624489249999999885e+00 3.530996844000000023e-01
1.449000000000000000e+03 1.450000000000000000e+03 2.200890565999999993e+00 3.085992186000000026e-01
1.450000000000000000e+03 1.451000000000000000e+03 1.718014339799999846e+00 2.023465842000000126e-01
1.451000000000000000e+03 1.452000000000000000e+03 1.474660532100000143e+00 1.952217814200000179e-01
1.452000000000000000e+03 1.453000000000000000e+03 4.235369356999999724e+00 5.804829152000000603e-01
1.453000000000000000e+03 1.454000000000000000e+03 4.990991940999999876e+00 5.828753020000000395e-01
1.454000000000000000e+03 1.455000000000000000e+03 5.510203472999999796e+00 5.618662907999999456e-01
1.455000000000000000e+03 1.456000000000000000e+03 4.515253042000000328e+00 4.709653005000000170e-01
1.456000000000000000e+03 1.457000000000000000e+03 4.282106309000000444e+00 5.240687016000000753e-01
1.457000000000000000e+03 1.458000000000000000e+03 2.688396216999999755e+00 4.241809073999999735e-01
1.458000000000000000e+03 1.459000000000000000e+03 2.958366739000000134e+00 3.847311802999999752e-01
1.459000000000000000e+03 1.460000000000000000e+03 3.246016835999999905e+00 3.359764423000000111e-01
1.460000000000000000e+03 1.461000000000000000e+03 1.970544069200000026e+00 2.572315074000000035e-01
1.461000000000000000e+03 1.462000000000000000e+03 1.632411554399999964e+00 2.142755286999999953e-01
1.462000000000000000e+03 1.463000000000000000e+03 1.311646187200000035e+00 1.999456768299999743e-01
1.463000000000000000e+03 1.464000000000000000e+03 5.626985809999999866e+00 6.008008471000000350e-01
1.464000000000000000e+03 1.465000000000000000e+03 4.209749666000000445e+00 5.352687720000000038e-01
1.465000000000000000e+03 1.466000000000000000e+03 4.216039788999999871e+00 6.047022710000000689e-01
1.466000000000000000e+03 1.467000000000000000e+03 3.987614170999999708e+00 4.849900505000000472e-01
1.467000000000000000e+03 1.468000000000000000e+03 4.039102015999999296e+00 4.537068011000000012e-01
1.468000000000000000e+03 1.469000000000000000e+03 3.471215563999999976e+00 4.539207672000000193e-01
1.469000000000000000e+03 1.470000000000000000e+03 3.168153301999999893e+00 3.263835481000000316e-01
1.470000000000000000e+03 1.471000000000000000e+03 2.608890387000000199e+00 3.168374082000000036e-01
1.471000000000000000e+03 1.472000000000000000e+03 1.957944930999999888e+00 2.752134528999999885e-01
1.472000000000000000e+03 1.473000000000000000e+03 1.937432372999999819e+00 2.281904532000000041e-01
1.473000000000000000e+03 1.474000000000000000e+03 1.397185835000000154e+00 1.820413000600000220e-01
1.474000000000000000e+03 1.475000000000000000e+03 4.917811318000000043e+00 5.290639051000000093e-01
1.475000000000000000e+03 1.476000000000000000e+03 4.641080941000000237e+00 5.350052210000000308e-01
1.476000000000000000e+03 1.477000000000000000e+03 4.691162873999999761e+00 5.141232452999999758e-01
1.477000000000000000e+03 1.478000000000000000e+03 5.406749914000000601e+00 5.067586758000000025e-01
1.478000000000000000e+03 1.479000000000000000e+03 3.712835018000000264e+00 4.785153771999999806e-01
1.479000000000000000e+03 1.480000000000000000e+03 3.380276140000000318e+00 4.207657126999999608e-01
1.480000000000000000e+03 1.481000000000000000e+03 2.126346929999999968e+00 3.526711287000000028e-01
1.481000000000000000e+03 1.482000000000000000e+03 2.633653795000000297e+00 3.404962921999999947e-01
1.482000000000000000e+03 1.483000000000000000e+03 1.672266556899999923e+00 2.731207200999999918e-01
1.483000000000000000e+03 1.484000000000000000e+03 1.733996521000000124e+00 2.272189363000000073e-01
1.484000000000000000e+03 1.485000000000000000e+03 1.249807150500000130e+00 1.870720901900000122e-01
1.485000000000000000e+03 1.486000000000000000e+03 5.746705758000000053e+00 5.653732170999999918e-01
1.486000000000000000e+03 1.487000000000000000e+03 4.701766378000000302e+00 5.154166313000000388e-01
1.487000000000000000e+03 1.488000000000000000e+03 4.778911122000000233e+00 4.730080807999999526e-01
1.488000000000000000e+03 1.489000000000000000e+03 4.492316794999999807e+00 4.564694331999999966e-01
1.489000000000000000e+03 1.490000000000000000e+03 4.667191239999999297e+00 4.720048257000000191e-01
1.490000000000000000e+03 1.491000000000000000e+03 2.706605264999999871e+00 3.929029412000000221e-01
1.491000000000000000e+03 1.492000000000000000e+03 3.367870651999999687e+00 3.320053946000000034e-01
1.492000000000000000e+03 1.493000000000000000e+03 2.091923902000000002e+00 3.200755526000000351e-01
1.493000000000000000e+03 1.494000000000000000e+03 2.024978718999999927e+00 2.377645786999999789e-01
1.494000000000000000e+03 1.495000000000000000e+03 1.801688096699999964e+00 2.263810058000000069e-01
1.495000000000000000e+03 1.496000000000000000e+03 1.496290277299999971e+00 2.005544793699999828e-01
1.496000000000000000e+03 1.497000000000000000e+03 4.476950519999999933e+00 5.327906196999999677e-01
1.497000000000000000e+03 1.498000000000000000e+03 4.513956208999999831e+00 5.131540090999999748e-01
1.498000000000000000e+03 1.499000000000000000e+03 5.417646782000000272e+00 5.206081475999999597e-01
1.499000000000000000e+03 1.500000000000000000e+03 4.042499655000000303e+00 3.979571304000000254e-01
1.500000000000000000e+03 1.501000000000000000e+03 3.797843237999999566e+00 4.324315246000000057e-01
1.501000000000000000e+03 1.502000000000000000e+03 3.582807756999999871e+00 3.841428818000000023e-01
1.502000000000000000e+03 1.503000000000000000e+03 2.966125573999999876e+00 3.482545532999999915e-01
1.503000000000000000e+03 1.504000000000000000e+03 2.236361758000000144e+00 2.963285770999999902e-01
1.504000000000000000e+03 1.505000000000000000e+03 1.750959971600000165e+00 2.601839442999999696e-01
1.505000000000000000e+03 1.506000000000000000e+03 1.425305567599999934e+00 2.393166245999999997e-01
1.506000000000000000e+03 1.507000000000000000e+03 1.087465425900000060e+00 1.993026715300000029e-01
1.507000000000000000e+03 1.508000000000000000e+03 4.233283804000000039e+00 5.626516827999999970e-01
1.508000000000000000e+03 1.509000000000000000e+03 4.850436578000000054e+00 5.126517104000000158e-01
1.509000000000000000e+03 1.510000000000000000e+03 3.747521073000000147e+00 5.488731131999999846e-01
1.510000000000000000e+03 1.511000000000000000e+03 3.587363523000000054e+00 5.148250618000000944e-01
1.511000000000000000e+03 1.512000000000000000e+03 3.303615713999999759e+00 4.629707681000000408e-01
1.512000000000000000e+03 1.513000000000000000e+03 3.494103200000000076e+00 3.855202926000000363e-01
1.513000000000000000e+03 1.514000000000000000e+03 3.464948861999999963e+00 3.306126417999999956e-01
1.514000000000000000e+03 1.515000000000000000e+03 2.164203275999999843e+00 2.869049914999999840e-01
1.515000000000000000e+03 1.516000000000000000e+03 1.681278023299999980e+00 2.679186407999999964e-01
1.516000000000000000e+03 1.517000000000000000e+03 1.715847714700000193e+00 2.045495505000000103e-01
1.517000000000000000e+03 1.518000000000000000e+03 1.392059941899999931e+00 2.154900844000000038e-01
1.518000000000000000e+03 1.519000000000000000e+03 5.035819955000000014e+00 5.378480459999999130e-01
1.519000000000000000e+03 1.520000000000000000e+03 4.703592371999999244e+00 4.991725220999999602e-01
1.520000000000000000e+03 1.521000000000000000e+03 3.794307920000000056e+00 4.401625340999999469e-01
1.521000000000000000e+03 1.522000000000000000e+03 4.388516957000000218e+00 4.370435695999999592e-01
1.522000000000000000e+03 1.523000000000000000e+03 4.024608822999999447e+00 4.841836724999999952e-01
1.523000000000000000e+03 1.524000000000000000e+03 3.999491259000000021e+00 3.908923695000000031e-01
1.524000000000000000e+03 1.525000000000000000e+03 2.348859592999999801e+00 3.296036904000000378e-01
1.525000000000000000e+03 1.526000000000000000e+03 2.792940413000000177e+00 2.583843456999999622e-01
1.526000000000000000e+03 1.527000000000000000e+03 2.442984972999999727e+00 2.334815946999999892e-01
1.527000000000000000e+03 1.528000000000000000e+03 1.464510354900000033e+00 2.234601452000000155e-01
1.528000000000000000e+03 1.529000000000000000e+03 1.134016060600000042e+00 1.678460272600000025e-01
1.529000000000000000e+03 1.530000000000000000e+03 4.417702699000000344e+00 5.271214544000000224e-01
1.530000000000000000e+03 1.531000000000000000e+03 4.526692864999999344e+00 5.098281242999999074e-01
1.531000000000000000e+03 1.532000000000000000e+03 3.541493983000000068e+00 4.794149077000000037e-01
1.532000000000000000e+03 1.533000000000000000e+03 4.201990845000000085e+00 4.264213436000000024e-01
1.533000000000000000e+03 1.534000000000000000e+03 3.455989737999999978e+00 5.113935197000000210e-01
1.534000000000000000e+03 1.535000000000000000e+03 2.897939962999999786e+00 3.166263743000000130e-01
1.535000000000000000e+03 1.536000000000000000e+03 2.652952339000000048e+00 3.384178277000000068e-01
1.536000000000000000e+03 1.537000000000000000e+03 2.420423530999999961e+00 2.653215727000000079e-01
1.537000000000000000e+03 1.538000000000000000e+03 1.811789140699999967e+00 2.534583229999999854e-01
1.538000000000000000e+03 1.539000000000000000e+03 1.328528662400000115e+00 2.204334025999999946e-01
1.539000000000000000e+03 1.540000000000000000e+03 9.235894903000000378e-01 1.684823477599999841e-01
1.540000000000000000e+03 1.541000000000000000e+03 4.341412800000000516e+00 5.210292729000000067e-01
1.541000000000000000e+03 1.542000000000000000e+03 3.772596993999999704e+00 6.136993353999999901e-01
1.542000000000000000e+03 1.543000000000000000e+03 4.362993764999999691e+00 4.712405807000000224e-01
1.543000000000000000e+03 1.544000000000000000e+03 3.989434872999999993e+00 4.539699137000000051e-01
1.544000000000000000e+03 1.545000000000000000e+03 3.897647315999999584e+00 4.611625222999999885e-01
1.545000000000000000e+03 1.546000000000000000e+03 2.676119901999999939e+00 3.890985976999999929e-01
1.546000000000000000e+03 1.547000000000000000e+03 2.969047477000000157e+00 3.688663559999999508e-01
1.547000000000000000e+03 1.548000000000000000e+03 2.440222569999999980e+00 3.128814668999999604e-01
1.548000000000000000e+03 1.549000000000000000e+03 2.116971815000000312e+00 2.433854897000000128e-01
1.549000000000000000e+03 1.550000000000000000e+03 1.545848202599999999e+00 2.069120609000000000e-01
1.550000000000000000e+03 1.551000000000000000e+03 1.168166174300000026e+00 1.779575568799999785e-01
1.551000000000000000e+03 1.552000000000000000e+03 3.700948925999999695e+00 5.542393718999999441e-01
1.552000000000000000e+03 1.553000000000000000e+03 4.597093360999999767e+00 4.953550271999999643e-01
1.553000000000000000e+03 1.554000000000000000e+03 5.378611036999999762e+00 4.409571689999999822e-01
1.554000000000000000e+03 1.555000000000000000e+03 3.768392481999999877e+00 4.808188538000000012e-01
1.555000000000000000e+03 1.556000000000000000e+03 3.010873802999999960e+00 4.856154481999999661e-01
1.556000000000000000e+03 1.557000000000000000e+03 2.587441093999999886e+00 3.349035221000000173e-01
1.557000000000000000e+03 1.558000000000000000e+03 2.850982073000000394e+00 3.106441224000000001e-01
1.558000000000000000e+03 1.559000000000000000e+03 2.211951357999999868e+00 3.199231656000000035e-01
1.559000000000000000e+03 1.560000000000000000e+03 1.442143408099999968e+00 2.212367926999999901e-01
1.560000000000000000e+03 1.561000000000000000e+03 1.237842647200000146e+00 1.690819850599999952e-01
1.561000000000000000e+03 1.562000000000000000e+03 8.214578018000000537e-01 1.458288335800000113e-01
1.562000000000000000e+03 1.563000000000000000e+03 5.497760932999999461e+00 5.315939090000000311e-01
1.563000000000000000e+03 1.564000000000000000e+03 4.930724483999999741e+00 5.163297787999999722e-01
1.564000000000000000e+03 1.565000000000000000e+03 3.300771977000000135e+00 4.845222529000000056e-01
1.565000000000000000e+03 1.566000000000000000e+03 3.855282950999999958e+00 4.708002924999999950e-01
1.566000000000000000e+03 1.567000000000000000e+03 3.898783252000000310e+00 4.248053465000000140e-01
1.567000000000000000e+03 1.568000000000000000e+03 2.875922217000000281e+00 3.756927137999999666e-01
1.568000000000000000e+03 1.569000000000000000e+03 2.682584572000000112e+00 3.658741346000000116e-01
1.569000000000000000e+03 1.570000000000000000e+03 2.800934760999999718e+00 3.230229323000000097e-01
1.570000000000000000e+03 1.571000000000000000e+03 1.802408294899999985e+00 2.653006941999999646e-01
1.571000000000000000e+03 1.572000000000000000e+03 1.615404168500000015e+00 2.102723204999999984e-01
1.572000000000000000e+03 1.573000000000000000e+03 1.400154469200000085e+00 1.490472717600000163e-01
1.573000000000000000e+03 1.574000000000000000e+03 4.044923844999999574e+00 6.238213083000000436e-01
1.574000000000000000e+03 1.575000000000000000e+03 4.496143468999999726e+00 5.484444072999999920e-01
1.575000000000000000e+03 1.576000000000000000e+03 4.296884516000000431e+00 4.349073782999999804e-01
1.576000000000000000e+03 1.577000000000000000e+03 3.768528537999999983e+00 4.387519766999999904e-01
1.577000000000000000e+03 1.578000000000000000e+03 3.047158989000000151e+00 3.958082506999999750e-01
1.578000000000000000e+03 1.579000000000000000e+03 2.750103229000000038e+00 3.522331289000000254e-01
1.579000000000000000e+03 1.580000000000000000e+03 2.297556998000000128e+00 3.130381076000000040e-01
1.580000000000000000e+03 1.581000000000000000e+03 1.920898746300000015e+00 3.160776773000000262e-01
1.581000000000000000e+03 1.582000000000000000e+03 1.718114014500000009e+00 2.445938517000000034e-01
1.582000000000000000e+03 1.583000000000000000e+03 9.778126146000000185e-01 2.026820847600000197e-01
1.583000000000000000e+03 1.584000000000000000e+03 7.750384851000000630e-01 1.686408766699999950e-01
1.584000000000000000e+03 1.585000000000000000e+03 5.303769632999999928e+00 6.621245657000000007e-01
1.585000000000000000e+03 1.586000000000000000e+03 4.178981202000000117e+00 5.801183447999999077e-01
1.586000000000000000e+03 1.587000000000000000e+03 4.129006055000000508e+00 4.667331663000000019e-01
1.587000000000000000e+03 1.588000000000000000e+03 3.092954760000000025e+00 4.983463444999999825e-01
1.588000000000000000e+03 1.589000000000000000e+03 3.061822405000000025e+00 4.192860318000000142e-01
1.589000000000000000e+03 1.590000000000000000e+03 3.218379227000000231e+00 3.471014852000000039e-01
1.590000000000000000e+03 1.591000000000000000e+03 1.875301005999999937e+00 3.394627064999999888e-01
1.591000000000000000e+03 1.592000000000000000e+03 1.977443053000000006e+00 2.887476720000000108e-01
1.592000000000000000e+03 1.593000000000000000e+03 1.923267414000000120e+00 2.164031741999999925e-01
1.593000000000000000e+03 1.594000000000000000e+03 1.404079296899999996e+00 1.842308782100000042e-01
1.594000000000000000e+03 1.595000000000000000e+03 8.376252423999999142e-01 1.638216032500000030e-01
1.595000000000000000e+03 1.596000000000000000e+03 4.145561157999999580e+00 4.566177377000000259e-01
1.596000000000000000e+03 1.597000000000000000e+03 4.209087900999999299e+00 5.416154968999999930e-01
1.597000000000000000e+03 1.598000000000000000e+03 3.867563566000000286e+00 5.083307582999999630e-01
1.598000000000000000e+03 1.599000000000000000e+03 3.084420274999999823e+00 5.242652731999999371e-01
1.599000000000000000e+03 1.600000000000000000e+03 2.853031783000000043e+00 3.598724684999999868e-01
1.600000000000000000e+03 1.601000000000000000e+03 3.164087904000000062e+00 3.855402906000000018e-01
1.601000000000000000e+03 1.602000000000000000e+03 1.991852795000000009e+00 3.073509488000000234e-01
1.602000000000000000e+03 1.603000000000000000e+03 1.918756448999999975e+00 2.918707209999999996e-01
1.603000000000000000e+03 1.604000000000000000e+03 1.753188105900000071e+00 2.372021883000000053e-01
1.604000000000000000e+03 1.605000000000000000e+03 1.416295870999999984e+00 1.947602159300000080e-01
1.605000000000000000e+03 1.606000000000000000e+03 7.053277733999999688e-01 1.501462996200000066e-01
1.606000000000000000e+03 1.607000000000000000e+03 4.655464376999999487e+00 6.251568215999999678e-01
1.607000000000000000e+03 1.608000000000000000e+03 3.491660757000000004e+00 5.166166032000000241e-01
1.608000000000000000e+03 1.609000000000000000e+03 3.841890602999999960e+00 4.138213072999999964e-01
1.609000000000000000e+03 1.610000000000000000e+03 3.663839079999999804e+00 5.078259079999999370e-01
1.610000000000000000e+03 1.611000000000000000e+03 3.991472332999999928e+00 4.218150099999999902e-01
1.611000000000000000e+03 1.612000000000000000e+03 3.109046441999999910e+00 3.575846976000000010e-01
1.612000000000000000e+03 1.613000000000000000e+03 2.287348968999999954e+00 2.938811297999999739e-01
1.613000000000000000e+03 1.614000000000000000e+03 2.398174970999999989e+00 2.774404857000000169e-01
1.614000000000000000e+03 1.615000000000000000e+03 1.739184337600000019e+00 2.320962322000000022e-01
1.615000000000000000e+03 1.616000000000000000e+03 1.340056852799999865e+00 1.997511576000000066e-01
1.616000000000000000e+03 1.617000000000000000e+03 8.066858408999999508e-01 1.501035947799999881e-01
1.617000000000000000e+03 1.618000000000000000e+03 3.147107498000000003e+00 5.520813838000000473e-01
1.618000000000000000e+03 1.619000000000000000e+03 3.632393783000000376e+00 5.006709888999999469e-01
1.619000000000000000e+03 1.620000000000000000e+03 3.456669967999999926e+00 4.594338977999999907e-01
1.620000000000000000e+03 1.621000000000000000e+03 4.216156762999999863e+00 4.851643052999999872e-01
1.621000000000000000e+03 1.622000000000000000e+03 3.398260898999999835e+00 3.794135037999999960e-01
1.622000000000000000e+03 1.623000000000000000e+03 3.514923650999999705e+00 4.081579747999999896e-01
1.623000000000000000e+03 1.624000000000000000e+03 2.714874349000000020e+00 2.932684141999999938e-01
1.624000000000000000e+03 1.625000000000000000e+03 2.086090301000000036e+00 2.689347059000000151e-01
1.625000000000000000e+03 1.626000000000000000e+03 1.443776823599999926e+00 1.993115930000000091e-01
1.626000000000000000e+03 1.627000000000000000e+03 1.464752664599999976e+00 1.750927772900000012e-01
1.627000000000000000e+03 1.628000000000000000e+03 1.142714736400000097e+00 1.549534257100000090e-01
1.628000000000000000e+03 1.629000000000000000e+03 3.032166635000000277e+00 4.893156770000000044e-01
1.629000000000000000e+03 1.630000000000000000e+03 4.344877216999999625e+00 4.936221950999999941e-01
1.630000000000000000e+03 1.631000000000000000e+03 4.292425853000000124e+00 4.068643129999999775e-01
1.631000000000000000e+03 1.632000000000000000e+03 4.034088729000000484e+00 4.369184280000000253e-01
1.632000000000000000e+03 1.633000000000000000e+03 3.121252371000000192e+00 4.094617182999999994e-01
1.633000000000000000e+03 1.634000000000000000e+03 3.517207720000000037e+00 3.424951707000000178e-01
1.634000000000000000e+03 1.635000000000000000e+03 1.987025191999999940e+00 2.752726684000000312e-01
1.635000000000000000e+03 1.636000000000000000e+03 2.075377891000000030e+00 2.532832698999999965e-01
1.636000000000000000e+03 1.637000000000000000e+03 1.700062536099999910e+00 1.975189764299999928e-01
1.637000000000000000e+03 1.638000000000000000e+03 9.361232405000000645e-01 1.791474444300000246e-01
1.638000000000000000e+03 1.639000000000000000e+03 9.340519670000000385e-01 1.527404698000000005e-01
1.639000000000000000e+03 1.640000000000000000e+03 4.519637024000000558e+00 4.457347112000000222e-01
1.640000000000000000e+03 1.641000000000000000e+03 4.239866047999999665e+00 5.089290710000000661e-01
1.641000000000000000e+03 1.642000000000000000e+03 3.068143871999999828e+00 3.941682510999999778e-01
1.642000000000000000e+03 1.643000000000000000e+03 3.202267003999999861e+00 4.139764040999999728e-01
1.643000000000000000e+03 1.644000000000000000e+03 3.260503841999999874e+00 3.802738143000000126e-01
1.644000000000000000e+03 1.645000000000000000e+03 2.804346864000000217e+00 3.516694584999999762e-01
1.645000000000000000e+03 1.646000000000000000e+03 2.317853345000000065e+00 2.837114210000000192e-01
1.646000000000000000e+03 1.647000000000000000e+03 1.548904418000000005e+00 2.771404506000000323e-01
1.647000000000000000e+03 1.648000000000000000e+03 1.642979123299999955e+00 2.020949972999999955e-01
1.648000000000000000e+03 1.649000000000000000e+03 1.220562157900000111e+00 1.867363148600000022e-01
1.649000000000000000e+03 1.650000000000000000e+03 9.100492517999999587e-01 1.685832072000000015e-01
1.650000000000000000e+03 1.651000000000000000e+03 3.522803116000000401e+00 4.478306136999999909e-01
1.651000000000000000e+03 1.652000000000000000e+03 4.223935109999999327e+00 5.497227486000000329e-01
1.652000000000000000e+03 1.653000000000000000e+03 3.404236751000000005e+00 4.054808716000000146e-01
1.653000000000000000e+03 1.654000000000000000e+03 2.881144099999999764e+00 4.301224123999999871e-01
1.654000000000000000e+03 1.655000000000000000e+03 3.139781726999999911e+00 3.500717925000000341e-01
1.655000000000000000e+03 1.656000000000000000e+03 2.356249600999999583e+00 3.463129494000000141e-01
1.656000000000000000e+03 1.657000000000000000e+03 2.280172005999999918e+00 2.902009343999999991e-01
1.657000000000000000e+03 1.658000000000000000e+03 1.654904200200000064e+00 2.329816455000000008e-01
1.658000000000000000e+03 1.659000000000000000e+03 1.593726373800000040e+00 2.154809883999999898e-01
1.659000000000000000e+03 1.660000000000000000e+03 1.112895678200000127e+00 1.805300609299999859e-01
1.660000000000000000e+03 1.661000000000000000e+03 7.351476919999999637e-01 1.589385788000000077e-01
1.661000000000000000e+03 1.662000000000000000e+03 3.898418165999999907e+00 5.080990219000000030e-01
1.662000000000000000e+03 1.663000000000000000e+03 2.834878166999999838e+00 5.066582565999999677e-01
1.663000000000000000e+03 1.664000000000000000e+03 3.502141115000000138e+00 4.538945215999999894e-01
1.664000000000000000e+03 1.665000000000000000e+03 3.507574630000000138e+00 4.246170327999999605e-01
1.665000000000000000e+03 1.666000000000000000e+03 2.879665412000000035e+00 3.832998725999999801e-01
1.666000000000000000e+03 1.667000000000000000e+03 2.512360902999999812e+00 3.261310389000000032e-01
1.667000000000000000e+03 1.668000000000000000e+03 2.542581875000000213e+00 3.024347105999999896e-01
1.668000000000000000e+03 1.669000000000000000e+03 1.848622534700000042e+00 2.493785532000000194e-01
1.669000000000000000e+03 1.670000000000000000e+03 1.664543410000000057e+00 2.583565069000000047e-01
1.670000000000000000e+03 1.671000000000000000e+03 1.172165083500000149e+00 1.828000310200000034e-01
1.671000000000000000e+03 1.672000000000000000e+03 7.440350260000000437e-01 1.380653029899999995e-01
1.672000000000000000e+03 1.673000000000000000e+03 3.851619209999999960e+00 4.344752384000000189e-01
1.673000000000000000e+03 1.674000000000000000e+03 4.197629935000000145e+00 4.706152509999999567e-01
1.674000000000000000e+03 1.675000000000000000e+03 4.731298621999999732e+00 4.115448902000000131e-01
1.675000000000000000e+03 1.676000000000000000e+03 3.967581901999999605e+00 3.978368049000000073e-01
1.676000000000000000e+03 1.677000000000000000e+03 3.049918457999999610e+00 3.989949609000000286e-01
1.677000000000000000e+03 1.678000000000000000e+03 3.092470459999999921e+00 3.629210929000000196e-01
1.678000000000000000e+03 1.679000000000000000e+03 2.079185671000000291e+00 2.803436413000000016e-01
1.679000000000000000e+03 1.680000000000000000e+03 1.784412236500000137e+00 2.583032629000000524e-01
1.680000000000000000e+03 1.681000000000000000e+03 1.433331272099999998e+00 2.136995952000000087e-01
1.681000000000000000e+03 1.682000000000000000e+03 1.229742411799999990e+00 1.814106662899999944e-01
1.682000000000000000e+03 1.683000000000000000e+03 1.002741827699999977e+00 1.330196665900000019e-01
1.683000000000000000e+03 1.684000000000000000e+03 3.789021737000000112e+00 4.609966404999999989e-01
1.684000000000000000e+03 1.685000000000000000e+03 3.203820995999999699e+00 4.889574049000000033e-01
1.685000000000000000e+03 1.686000000000000000e+03 3.263319148999999975e+00 4.310557073999999878e-01
1.686000000000000000e+03 1.687000000000000000e+03 3.868550587000000096e+00 3.808322493999999891e-01
1.687000000000000000e+03 1.688000000000000000e+03 2.796925653000000178e+00 4.088000468999999915e-01
1.688000000000000000e+03 1.689000000000000000e+03 1.481086684000000098e+00 3.442918245000000099e-01
1.689000000000000000e+03 1.690000000000000000e+03 2.110956982999999898e+00 2.553772604999999807e-01
1.690000000000000000e+03 1.691000000000000000e+03 1.470066975200000181e+00 2.295882082999999851e-01
1.691000000000000000e+03 1.692000000000000000e+03 1.048649470299999997e+00 2.270668703999999816e-01
1.692000000000000000e+03 1.693000000000000000e+03 1.065936138700000146e+00 1.653183555799999926e-01
1.693000000000000000e+03 1.694000000000000000e+03 8.830410656999999608e-01 1.403990063399999932e-01
1.694000000000000000e+03 1.695000000000000000e+03 3.711625686000000091e+00 5.155359380000000824e-01
1.695000000000000000e+03 1.696000000000000000e+03 3.763804701999999835e+00 4.186771034999999808e-01
1.696000000000000000e+03 1.697000000000000000e+03 3.366078608000000028e+00 3.984876500999999793e-01
1.697000000000000000e+03 1.698000000000000000e+03 2.516937548999999663e+00 3.534144533999999949e-01
1.698000000000000000e+03 1.699000000000000000e+03 2.576914642000000200e+00 4.080159939999999930e-01
1.699000000000000000e+03 1.700000000000000000e+03 2.317597736000000186e+00 3.019238087000000181e-01
1.700000000000000000e+03 1.701000000000000000e+03 1.909767384500000054e+00 2.662250507000000210e-01
1.701000000000000000e+03 1.702000000000000000e+03 1.790454519199999872e+00 2.379178037000000134e-01
1.702000000000000000e+03 1.703000000000000000e+03 1.333293890000000204e+00 2.029697062999999968e-01
1.703000000000000000e+03 1.704000000000000000e+03 1.229617644499999995e+00 1.706216050299999842e-01
1.704000000000000000e+03 1.705000000000000000e+03 1.103237191999999922e+00 1.524612915999999929e-01
1.705000000000000000e+03 1.706000000000000000e+03 3.796940167000000255e+00 4.188949960000000194e-01
1.706000000000000000e+03 1.707000000000000000e+03 3.786471807000000300e+00 4.050877900000000031e-01
1.707000000000000000e+03 1.708000000000000000e+03 3.291854461999999870e+00 3.805592737999999864e-01
1.708000000000000000e+03 1.709000000000000000e+03 3.731269063000000052e+00 3.755779745999999752e-01
1.709000000000000000e+03 1.710000000000000000e+03 2.369360440999999984e+00 3.878373156000000099e-01
1.710000000000000000e+03 1.711000000000000000e+03 2.513781314000000044e+00 2.777587322000000247e-01
1.711000000000000000e+03 1.712000000000000000e+03 2.352253909999999948e+00 2.528314176999999496e-01
1.712000000000000000e+03 1.713000000000000000e+03 1.620921072799999862e+00 2.562204965000000056e-01
1.713000000000000000e+03 1.714000000000000000e+03 1.269786847500000038e+00 2.173657439000000191e-01
1.714000000000000000e+03 1.715000000000000000e+03 1.035164539699999997e+00 1.625736469799999862e-01
1.715000000000000000e+03 1.716000000000000000e+03 6.474774721999999594e-01 1.390049616699999824e-01
1.716000000000000000e+03 1.717000000000000000e+03 3.806297323999999982e+00 5.031467083000000784e-01
1.717000000000000000e+03 1.718000000000000000e+03 3.119227575000000030e+00 4.537090288999999776e-01
1.718000000000000000e+03 1.719000000000000000e+03 3.337934053000000123e+00 4.187492413999999719e-01
1.719000000000000000e+03 1.720000000000000000e+03 3.332599929000000127e+00 3.143252698999999817e-01
1.720000000000000000e+03 1.721000000000000000e+03 2.360529662999999889e+00 3.316981729000000323e-01
1.721000000000000000e+03 1.722000000000000000e+03 2.246779605000000402e+00 2.735673128000000176e-01
1.722000000000000000e+03 1.723000000000000000e+03 2.044467650000000081e+00 2.521717759000000059e-01
1.723000000000000000e+03 1.724000000000000000e+03 1.895689194999999883e+00 2.478707508000000115e-01
1.724000000000000000e+03 1.725000000000000000e+03 1.526401242800000002e+00 2.365316180999999796e-01
1.725000000000000000e+03 1.726000000000000000e+03 9.958979019999999460e-01 1.448601060799999951e-01
1.726000000000000000e+03 1.727000000000000000e+03 5.974970161999999529e-01 1.347903597099999740e-01
1.727000000000000000e+03 1.728000000000000000e+03 3.297384118000000086e+00 3.679974245000000033e-01
1.728000000000000000e+03 1.729000000000000000e+03 3.545791965999999906e+00 4.562571783000000103e-01
1.729000000000000000e+03 1.730000000000000000e+03 3.567229762999999831e+00 4.818417434000000221e-01
1.730000000000000000e+03 1.731000000000000000e+03 3.101619973000000030e+00 4.160210440000000065e-01
1.731000000000000000e+03 1.732000000000000000e+03 3.295901685000000025e+00 3.374456129999999776e-01
1.732000000000000000e+03 1.733000000000000000e+03 2.471155582999999822e+00 2.989384412000000157e-01
1.733000000000000000e+03 1.734000000000000000e+03 1.829395299099999983e+00 2.817531933999999905e-01
1.734000000000000000e+03 1.735000000000000000e+03 1.232920054800000109e+00 2.453019263999999811e-01
1.735000000000000000e+03 1.736000000000000000e+03 1.402854272600000174e+00 1.889573171800000007e-01
1.736000000000000000e+03 1.737000000000000000e+03 1.011658199800000046e+00 1.595441081200000000e-01
1.737000000000000000e+03 1.738000000000000000e+03 8.811180328999999034e-01 1.230780038499999923e-01
1.738000000000000000e+03 1.739000000000000000e+03 3.756005313999999817e+00 4.627460871000000364e-01
1.739000000000000000e+03 1.740000000000000000e+03 2.877027174999999826e+00 4.614685206999999956e-01
1.740000000000000000e+03 1.741000000000000000e+03 3.761958883000000142e+00 4.223182031999999642e-01
1.741000000000000000e+03 1.742000000000000000e+03 2.741180343000000352e+00 3.455041219999999691e-01
1.742000000000000000e+03 1.743000000000000000e+03 3.148277095000000081e+00 3.286315236999999834e-01
1.743000000000000000e+03 1.744000000000000000e+03 2.415849318000000245e+00 2.763922307999999717e-01
1.744000000000000000e+03 1.745000000000000000e+03 1.896654635999999838e+00 2.784623404000000080e-01
1.745000000000000000e+03 1.746000000000000000e+03 2.047303251999999851e+00 2.218939851000000241e-01
1.746000000000000000e+03 1.747000000000000000e+03 1.308469013199999864e+00 1.980759160999999990e-01
1.747000000000000000e+03 1.748000000000000000e+03 1.029456579300000119e+00 1.833099301099999912e-01
1.748000000000000000e+03 1.749000000000000000e+03 6.534693883000000092e-01 1.351677231800000045e-01
1.749000000000000000e+03 1.750000000000000000e+03 3.484133048999999982e+00 4.515329976999999939e-01
1.750000000000000000e+03 1.751000000000000000e+03 3.094419797000000028e+00 4.812955933999999991e-01
1.751000000000000000e+03 1.752000000000000000e+03 2.965498481000000019e+00 3.787264043000000413e-01
1.752000000000000000e+03 1.753000000000000000e+03 2.546054455999999799e+00 3.722391742999999753e-01
1.753000000000000000e+03 1.754000000000000000e+03 2.492401102000000090e+00 2.967671872000000044e-01
1.754000000000000000e+03 1.755000000000000000e+03 2.369097975999999939e+00 2.333511691999999860e-01
1.755000000000000000e+03 1.756000000000000000e+03 1.587134172800000131e+00 2.540171613999999689e-01
1.756000000000000000e+03 1.757000000000000000e+03 1.250835486000000163e+00 2.625559356000000122e-01
1.757000000000000000e+03 1.758000000000000000e+03 1.645065552799999997e+00 2.042214560999999762e-01
1.758000000000000000e+03 1.759000000000000000e+03 1.127391201899999862e+00 1.742795342300000050e-01
1.759000000000000000e+03 1.760000000000000000e+03 4.915617847999999568e-01 1.249717420500000009e-01
1.760000000000000000e+03 1.761000000000000000e+03 3.403733343000000300e+00 3.632928252000000025e-01
1.761000000000000000e+03 1.762000000000000000e+03 2.491733825000000291e+00 4.397065211000000251e-01
1.762000000000000000e+03 1.763000000000000000e+03 2.864528638999999988e+00 3.894518063999999891e-01
1.763000000000000000e+03 1.764000000000000000e+03 3.083137253999999938e+00 3.550331852999999982e-01
1.764000000000000000e+03 1.765000000000000000e+03 2.398665674000000081e+00 3.051772583000000316e-01
1.765000000000000000e+03 1.766000000000000000e+03 2.160751411999999760e+00 2.758706323999999821e-01
1.766000000000000000e+03 1.767000000000000000e+03 2.188823799000000125e+00 2.782119700000000306e-01
1.767000000000000000e+03 1.768000000000000000e+03 1.442140096199999943e+00 2.241151117999999887e-01
1.768000000000000000e+03 1.769000000000000000e+03 1.225897062400000070e+00 2.210569622999999928e-01
1.769000000000000000e+03 1.770000000000000000e+03 9.574503364999999988e-01 1.645136558799999982e-01
1.770000000000000000e+03 1.771000000000000000e+03 5.165300158999999169e-01 1.523230330600000015e-01
1.771000000000000000e+03 1.772000000000000000e+03 4.437034059000000141e+00 4.093798376999999711e-01
1.772000000000000000e+03 1.773000000000000000e+03 2.219818062999999952e+00 4.336107576000000075e-01
1.773000000000000000e+03 1.774000000000000000e+03 2.913231361999999880e+00 3.307885708000000147e-01
1.774000000000000000e+03 1.775000000000000000e+03 2.831592375999999689e+00 3.174512875000000123e-01
1.775000000000000000e+03 1.776000000000000000e+03 2.228922127999999780e+00 3.290696441999999555e-01
1.776000000000000000e+03 1.777000000000000000e+03 2.004544192000000002e+00 2.789295514000000309e-01
1.777000000000000000e+03 1.778000000000000000e+03 1.927624324900000019e+00 2.446022046999999922e-01
1.778000000000000000e+03 1.779000000000000000e+03 1.796241045699999983e+00 2.289100097000000000e-01
1.779000000000000000e+03 1.780000000000000000e+03 1.046720509999999882e+00 2.168941687000000007e-01
1.780000000000000000e+03 1.781000000000000000e+03 9.216006602999999853e-01 1.608254681100000083e-01
1.781000000000000000e+03 1.782000000000000000e+03 6.088501920000000123e-01 1.424088819000000061e-01
1.782000000000000000e+03 1.783000000000000000e+03 2.526527060999999907e+00 4.328618610000000144e-01
1.783000000000000000e+03 1.784000000000000000e+03 3.384817269000000017e+00 4.040004287000000249e-01
1.784000000000000000e+03 1.785000000000000000e+03 3.272158247000000131e+00 4.241857887000000105e-01
1.785000000000000000e+03 1.786000000000000000e+03 2.371108092999999695e+00 3.628407382000000125e-01
1.786000000000000000e+03 1.787000000000000000e+03 2.641034627999999884e+00 3.045510072000000013e-01
1.787000000000000000e+03 1.788000000000000000e+03 2.349545471999999968e+00 3.038048228999999933e-01
1.788000000000000000e+03 1.789000000000000000e+03 1.516160563600000177e+00 2.365599744999999920e-01
1.789000000000000000e+03 1.790000000000000000e+03 2.058973583000000218e+00 2.205934911000000109e-01
1.790000000000000000e+03 1.791000000000000000e+03 1.243369218100000007e+00 1.933000721199999994e-01
1.791000000000000000e+03 1.792000000000000000e+03 1.212506442200000034e+00 1.502259573599999953e-01
1.792000000000000000e+03 1.793000000000000000e+03 8.906813081999999104e-01 1.359130026900000066e-01
1.793000000000000000e+03 1.794000000000000000e+03 2.957665300000000386e+00 4.450182681000000029e-01
1.794000000000000000e+03 1.795000000000000000e+03 3.122971015000000072e+00 4.101287464000000216e-01
1.795000000000000000e+03 1.796000000000000000e+03 2.618661428000000235e+00 3.778977814000000213e-01
1.796000000000000000e+03 1.797000000000000000e+03 2.765144483999999903e+00 3.401636410000000166e-01
1.797000000000000000e+03 1.798000000000000000e+03 2.162914261000000060e+00 3.313474237000000322e-01
1.798000000000000000e+03 1.799000000000000000e+03 2.282635345000000093e+00 2.965952152999999925e-01
1.799000000000000000e+03 1.800000000000000000e+03 1.924027515999999993e+00 2.323154722999999922e-01
1.800000000000000000e+03 1.801000000000000000e+03 1.193954843500000029e+00 2.157055945999999946e-01
1.801000000000000000e+03 1.802000000000000000e+03 1.102657284299999985e+00 1.824494102700000009e-01
1.802000000000000000e+03 1.803000000000000000e+03 1.015116972299999976e+00 1.477543444699999931e-01
1.803000000000000000e+03 1.804000000000000000e+03 6.913161608000000236e-01 1.409962138399999954e-01
1.804000000000000000e+03 1.805000000000000000e+03 2.236198801999999652e+00 3.943526998999999922e-01
1.805000000000000000e+03 1.806000000000000000e+03 2.888225776000000078e+00 3.885192315000000063e-01
1.806000000000000000e+03 1.807000000000000000e+03 2.703809757999999785e+00 3.449642658000000028e-01
1.807000000000000000e+03 1.808000000000000000e+03 2.414965208000000363e+00 3.342765437999999922e-01
1.808000000000000000e+03 1.809000000000000000e+03 2.186316892000000234e+00 3.504685191999999949e-01
1.809000000000000000e+03 1.810000000000000000e+03 2.321393148999999934e+00 2.558825349999999665e-01
1.810000000000000000e+03 1.811000000000000000e+03 1.712169248400000177e+00 2.371295284999999919e-01
1.811000000000000000e+03 1.812000000000000000e+03 1.218931047200000117e+00 2.092969245999999894e-01
1.812000000000000000e+03 1.813000000000000000e+03 1.220551186200000027e+00 1.788768422299999994e-01
1.813000000000000000e+03 1.814000000000000000e+03 7.723299712000000206e-01 1.529950312099999932e-01
1.814000000000000000e+03 1.815000000000000000e+03 5.083972602999999868e-01 1.407919853100000063e-01
1.815000000000000000e+03 1.816000000000000000e+03 3.541058101999999597e+00 3.784392409999999818e-01
1.816000000000000000e+03 1.817000000000000000e+03 2.910925369000000096e+00 4.068350269000000075e-01
1.817000000000000000e+03 1.818000000000000000e+03 2.574355712000000018e+00 3.834158849000000036e-01
1.818000000000000000e+03 1.819000000000000000e+03 3.309070155999999763e+00 3.631909205000000140e-01
1.819000000000000000e+03 1.820000000000000000e+03 2.098233778999999632e+00 2.865597507000000044e-01
1.820000000000000000e+03 1.821000000000000000e+03 2.396173219000000021e+00 2.678383106999999708e-01
1.821000000000000000e+03 1.822000000000000000e+03 1.670545046199999994e+00 2.251644866000000189e-01
1.822000000000000000e+03 1.823000000000000000e+03 1.369453567399999905e+00 2.232562489999999900e-01
1.823000000000000000e+03 1.824000000000000000e+03 9.520945163999999794e-01 1.670122084800000073e-01
1.824000000000000000e+03 1.825000000000000000e+03 8.505358790000000502e-01 1.471226135300000015e-01
1.825000000000000000e+03 1.826000000000000000e+03 6.388853004000000224e-01 1.173782217000000072e-01
1.826000000000000000e+03 1.827000000000000000e+03 2.709223582999999991e+00 4.389562377999999820e-01
1.827000000000000000e+03 1.828000000000000000e+03 2.817907851999999824e+00 3.803548612999999579e-01
1.828000000000000000e+03 1.829000000000000000e+03 2.950095123999999736e+00 3.452786005999999852e-01
1.829000000000000000e+03 1.830000000000000000e+03 2.428555017000000316e+00 3.424238396000000018e-01
1.830000000000000000e+03 1.831000000000000000e+03 2.394518464999999985e+00 3.076951197000000193e-01
1.831000000000000000e+03 1.832000000000000000e+03 2.694368695999999730e+00 3.220374058000000095e-01
1.832000000000000000e+03 1.833000000000000000e+03 1.684287028099999972e+00 2.594616959000000112e-01
1.833000000000000000e+03 1.834000000000000000e+03 1.355775995399999934e+00 2.127537969999999945e-01
1.834000000000000000e+03 1.835000000000000000e+03 1.198768537799999923e+00 1.520231880200000052e-01
1.835000000000000000e+03 1.836000000000000000e+03 1.110975585200000060e+00 1.476621422700000186e-01
1.836000000000000000e+03 1.837000000000000000e+03 5.341455285999999747e-01 1.204466981500000033e-01
1.837000000000000000e+03 1.838000000000000000e+03 3.395234545000000104e+00 4.805488383000000030e-01
1.838000000000000000e+03 1.839000000000000000e+03 3.255777927000000016e+00 3.643371504999999844e-01
1.839000000000000000e+03 1.840000000000000000e+03 2.664749689000000199e+00 3.555009238999999877e-01
1.840000000000000000e+03 1.841000000000000000e+03 2.654551069000000041e+00 3.379282819000000160e-01
1.841000000000000000e+03 1.842000000000000000e+03 2.403631389000000063e+00 3.103178782999999608e-01
1.842000000000000000e+03 1.843000000000000000e+03 1.598442250900000028e+00 2.306191798999999987e-01
1.843000000000000000e+03 1.844000000000000000e+03 1.541578083499999918e+00 2.336232896999999864e-01
1.844000000000000000e+03 1.845000000000000000e+03 1.391453177200000058e+00 2.005574383000000016e-01
1.845000000000000000e+03 1.846000000000000000e+03 1.013687220400000033e+00 1.756345315299999987e-01
1.846000000000000000e+03 1.847000000000000000e+03 9.394815215999999802e-01 1.568148531899999920e-01
1.847000000000000000e+03 1.848000000000000000e+03 5.591421076999999462e-01 1.308809635499999791e-01
1.848000000000000000e+03 1.849000000000000000e+03 3.194757942999999933e+00 4.058262307999999652e-01
1.849000000000000000e+03 1.850000000000000000e+03 2.772908826000000104e+00 3.579486852000000052e-01
1.850000000000000000e+03 1.851000000000000000e+03 3.075467707999999689e+00 3.338377872999999663e-01
1.851000000000000000e+03 1.852000000000000000e+03 2.892823095999999872e+00 3.167380618000000259e-01
1.852000000000000000e+03 1.853000000000000000e+03 2.247550739999999880e+00 2.902101680999999989e-01
1.853000000000000000e+03 1.854000000000000000e+03 2.088989774999999938e+00 2.821944118999999973e-01
1.854000000000000000e+03 1.855000000000000000e+03 1.560915452900000000e+00 2.185386314000000163e-01
1.855000000000000000e+03 1.856000000000000000e+03 1.138489237300000179e+00 1.869994268200000087e-01
1.856000000000000000e+03 1.857000000000000000e+03 9.277773645999999319e-01 1.635679946899999959e-01
1.857000000000000000e+03 1.858000000000000000e+03 6.610266774000000956e-01 1.456873693799999869e-01
1.858000000000000000e+03 1.859000000000000000e+03 7.065174289999999191e-01 1.326823741900000075e-01
1.859000000000000000e+03 1.860000000000000000e+03 2.857893934999999885e+00 3.869092753999999745e-01
1.860000000000000000e+03 1.861000000000000000e+03 2.897588115000000020e+00 3.753537994000000211e-01
1.861000000000000000e+03 1.862000000000000000e+03 2.246864806000000048e+00 3.854934609999999817e-01
1.862000000000000000e+03 1.863000000000000000e+03 2.524214240000000053e+00 3.349270771999999785e-01
1.863000000000000000e+03 1.864000000000000000e+03 1.960010935000000121e+00 3.011088249000000161e-01
1.864000000000000000e+03 1.865000000000000000e+03 1.683982986700000017e+00 2.611156860000000135e-01
1.865000000000000000e+03 1.866000000000000000e+03 1.793646603199999801e+00 2.183851823000000081e-01
1.866000000000000000e+03 1.867000000000000000e+03 1.384072590299999961e+00 1.760521830800000076e-01
1.867000000000000000e+03 1.868000000000000000e+03 7.301636276000000869e-01 1.747962325400000128e-01
1.868000000000000000e+03 1.869000000000000000e+03 9.261355292999999822e-01 1.347850581800000003e-01
1.869000000000000000e+03 1.870000000000000000e+03 5.670962478999999057e-01 1.014411843299999894e-01
1.870000000000000000e+03 1.871000000000000000e+03 2.992656446999999886e+00 3.924543856000000108e-01
1.871000000000000000e+03 1.872000000000000000e+03 3.208205305999999979e+00 4.170758316999999549e-01
1.872000000000000000e+03 1.873000000000000000e+03 2.620381147000000244e+00 3.642364673999999858e-01
1.873000000000000000e+03 1.874000000000000000e+03 2.244149547999999772e+00 3.175458520000000173e-01
1.874000000000000000e+03 1.875000000000000000e+03 1.837884732199999815e+00 2.872945150000000281e-01
1.875000000000000000e+03 1.876000000000000000e+03 1.911208185000000004e+00 2.212677453999999932e-01
1.876000000000000000e+03 1.877000000000000000e+03 1.698972840600000200e+00 2.282361746000000080e-01
1.877000000000000000e+03 1.878000000000000000e+03 1.425381807800000011e+00 1.719775681600000106e-01
1.878000000000000000e+03 1.879000000000000000e+03 1.152801856500000000e+00 1.520090700900000036e-01
1.879000000000000000e+03 1.880000000000000000e+03 1.068394476100000157e+00 1.678599550800000118e-01
1.880000000000000000e+03 1.881000000000000000e+03 7.163084305999999346e-01 1.254094772600000129e-01
1.881000000000000000e+03 1.882000000000000000e+03 2.579772429000000145e+00 3.951676020000000067e-01
1.882000000000000000e+03 1.883000000000000000e+03 2.006441499000000128e+00 3.443614721000000101e-01
1.883000000000000000e+03 1.884000000000000000e+03 2.064749702999999936e+00 3.652002467999999613e-01
1.884000000000000000e+03 1.885000000000000000e+03 2.488775682999999628e+00 3.590503344000000041e-01
1.885000000000000000e+03 1.886000000000000000e+03 1.907662003300000020e+00 2.991665625000000106e-01
1.886000000000000000e+03 1.887000000000000000e+03 2.306433086999999826e+00 2.534573956999999766e-01
1.887000000000000000e+03 1.888000000000000000e+03 1.745690249700000196e+00 2.226377375999999964e-01
1.888000000000000000e+03 1.889000000000000000e+03 1.326041745699999996e+00 1.919866983300000107e-01
1.889000000000000000e+03 1.890000000000000000e+03 9.315756120999999501e-01 1.715101028700000141e-01
1.890000000000000000e+03 1.891000000000000000e+03 7.200485924000000759e-01 1.310379504700000253e-01
1.891000000000000000e+03 1.892000000000000000e+03 5.676660474999999373e-01 9.885271028000000570e-02
1.892000000000000000e+03 1.893000000000000000e+03 2.466813898999999921e+00 4.252258623999999876e-01
1.893000000000000000e+03 1.894000000000000000e+03 2.763349943999999780e+00 3.258594083999999946e-01
1.894000000000000000e+03 1.895000000000000000e+03 2.781121635999999953e+00 3.509780163999999814e-01
1.895000000000000000e+03 1.896000000000000000e+03 2.062073752999999954e+00 3.460614258999999970e-01
1.896000000000000000e+03 1.897000000000000000e+03 1.867973726100000009e+00 3.142625795999999805e-01
1.897000000000000000e+03 1.898000000000000000e+03 1.870697755799999973e+00 2.657395270000000309e-01
1.898000000000000000e+03 1.899000000000000000e+03 1.494597864299999967e+00 2.214166261999999941e-01
1.899000000000000000e+03 1.900000000000000000e+03 1.390161137400000024e+00 1.683334282800000026e-01
1.900000000000000000e+03 1.901000000000000000e+03 9.423213365999999480e-01 1.771994370000000152e-01
1.901000000000000000e+03 1.902000000000000000e+03 7.966642762000000211e-01 1.331575747200000048e-01
1.902000000000000000e+03 1.903000000000000000e+03 2.222545608000000006e-01 1.135918094100000081e-01
1.903000000000000000e+03 1.904000000000000000e+03 3.169907804000000162e+00 3.889420496000000060e-01
1.904000000000000000e+03 1.905000000000000000e+03 2.718511513000000157e+00 3.743460004000000452e-01
1.905000000000000000e+03 1.906000000000000000e+03 2.789592161999999931e+00 3.051408260999999844e-01
1.906000000000000000e+03 1.907000000000000000e+03 2.146973899000000241e+00 3.548625110999999999e-01
1.907000000000000000e+03 1.908000000000000000e+03 1.913111156999999896e+00 2.438331725000000005e-01
1.908000000000000000e+03 1.909000000000000000e+03 2.080742834000000041e+00 2.627558729000000204e-01
1.909000000000000000e+03 1.910000000000000000e+03 1.522010736300000167e+00 2.474761060000000013e-01
1.910000000000000000e+03 1.911000000000000000e+03 1.257671821099999976e+00 2.088886543000000040e-01
1.911000000000000000e+03 1.912000000000000000e+03 8.057556675999999474e-01 1.717237935600000043e-01
1.912000000000000000e+03 1.913000000000000000e+03 6.020599963999999638e-01 1.317249040000000038e-01
1.913000000000000000e+03 1.914000000000000000e+03 4.704562106999999882e-01 9.815320145000000496e-02
1.914000000000000000e+03 1.915000000000000000e+03 3.083647989999999783e+00 3.825409679999999812e-01
1.915000000000000000e+03 1.916000000000000000e+03 3.117716016999999784e+00 3.247830603999999899e-01
1.916000000000000000e+03 1.917000000000000000e+03 2.737239396000000102e+00 2.941205630000000015e-01
1.917000000000000000e+03 1.918000000000000000e+03 2.364762000999999891e+00 3.417979036000000082e-01
1.918000000000000000e+03 1.919000000000000000e+03 2.480615778000000216e+00 2.579704963999999712e-01
1.919000000000000000e+03 1.920000000000000000e+03 1.321178859900000058e+00 2.482547316000000004e-01
1.920000000000000000e+03 1.921000000000000000e+03 1.366097380199999822e+00 2.237196724000000136e-01
1.921000000000000000e+03 1.922000000000000000e+03 1.185618652300000075e+00 1.857241239599999871e-01
1.922000000000000000e+03 1.923000000000000000e+03 1.009158703599999818e+00 1.487049025000000135e-01
1.923000000000000000e+03 1.924000000000000000e+03 6.698257829000000552e-01 1.526376118499999934e-01
1.924000000000000000e+03 1.925000000000000000e+03 6.761015623999999669e-01 1.222197044199999916e-01
1.925000000000000000e+03 1.926000000000000000e+03 2.353264588000000046e+00 3.855677694999999905e-01
1.926000000000000000e+03 1.927000000000000000e+03 2.475837869999999885e+00 3.281838966999999774e-01
1.927000000000000000e+03 1.928000000000000000e+03 2.351157914999999932e+00 3.444598798000000350e-01
1.928000000000000000e+03 1.929000000000000000e+03 1.860202680200000014e+00 2.918202823999999640e-01
1.929000000000000000e+03 1.930000000000000000e+03 2.086169962000000044e+00 2.857456742999999744e-01
1.930000000000000000e+03 1.931000000000000000e+03 1.679603986199999843e+00 2.045638310000000015e-01
1.931000000000000000e+03 1.932000000000000000e+03 1.714941817799999990e+00 2.412805617000000069e-01
1.932000000000000000e+03 1.933000000000000000e+03 8.504258451999999746e-01 1.703264715099999937e-01
1.933000000000000000e+03 1.934000000000000000e+03 1.045712959299999856e+00 1.494514362399999852e-01
1.934000000000000000e+03 1.935000000000000000e+03 6.334095688000001001e-01 1.331021796200000107e-01
1.935000000000000000e+03 1.936000000000000000e+03 4.841836743999999859e-01 9.306190100999998938e-02
1.936000000000000000e+03 1.937000000000000000e+03 2.359980595999999764e+00 3.612182686000000031e-01
1.937000000000000000e+03 1.938000000000000000e+03 2.987479258000000026e+00 3.008361813000000051e-01
1.938000000000000000e+03 1.939000000000000000e+03 2.617021586999999982e+00 3.072674244999999971e-01
1.939000000000000000e+03 1.940000000000000000e+03 2.349127612999999837e+00 3.135596102000000052e-01
1.940000000000000000e+03 1.941000000000000000e+03 1.965354822000000112e+00 2.663395516000000018e-01
1.941000000000000000e+03 1.942000000000000000e+03 1.772425730299999946e+00 2.390785779000000055e-01
1.942000000000000000e+03 1.943000000000000000e+03 1.477299959800000062e+00 2.139937243000000211e-01
1.943000000000000000e+03 1.944000000000000000e+03 1.165803445799999949e+00 1.961936834999999935e-01
1.944000000000000000e+03 1.945000000000000000e+03 9.101983177000000369e-01 1.532380248299999859e-01
1.945000000000000000e+03 1.946000000000000000e+03 7.711753533999999854e-01 1.494165909699999850e-01
1.946000000000000000e+03 1.947000000000000000e+03 5.874926293000000133e-01 1.048131184000000021e-01
1.947000000000000000e+03 1.948000000000000000e+03 2.542914560999999907e+00 3.306827323000000041e-01
1.948000000000000000e+03 1.949000000000000000e+03 2.117985242000000046e+00 3.845983101000000071e-01
1.949000000000000000e+03 1.950000000000000000e+03 2.588208971000000247e+00 3.144215338999999942e-01
1.950000000000000000e+03 1.951000000000000000e+03 2.066344106999999930e+00 2.884430673000000223e-01
1.951000000000000000e+03 1.952000000000000000e+03 1.567616569399999937e+00 2.684637371999999966e-01
1.952000000000000000e+03 1.953000000000000000e+03 1.414634286600000124e+00 2.306423540000000216e-01
1.953000000000000000e+03 1.954000000000000000e+03 1.629731117499999993e+00 1.994171572000000003e-01
1.954000000000000000e+03 1.955000000000000000e+03 1.003087849799999987e+00 2.124972640999999995e-01
1.955000000000000000e+03 1.956000000000000000e+03 5.646243937000000601e-01 1.652616269999999943e-01
1.956000000000000000e+03 1.957000000000000000e+03 8.014943316000000539e-01 1.140099409099999961e-01
1.957000000000000000e+03 1.958000000000000000e+03 5.108945534000000066e-01 9.750344779000000295e-02
1.958000000000000000e+03 1.959000000000000000e+03 3.303704731999999922e+00 3.647074421000000011e-01
1.959000000000000000e+03 1.960000000000000000e+03 2.387185346999999958e+00 3.147103564000000020e-01
1.960000000000000000e+03 1.961000000000000000e+03 2.350207541999999705e+00 3.253256924999999855e-01
1.961000000000000000e+03 1.962000000000000000e+03 2.699851663000000013e+00 3.113492963999999752e-01
1.962000000000000000e+03 1.963000000000000000e+03 2.024832917999999982e+00 2.391133561999999879e-01
1.963000000000000000e+03 1.964000000000000000e+03 1.423417847700000127e+00 2.417995959999999778e-01
1.964000000000000000e+03 1.965000000000000000e+03 1.191661045299999833e+00 2.377300186000000093e-01
1.965000000000000000e+03 1.966000000000000000e+03 1.010174039300000048e+00 1.724902003999999878e-01
1.966000000000000000e+03 1.967000000000000000e+03 1.012518396199999948e+00 1.659417323900000130e-01
1.967000000000000000e+03 1.968000000000000000e+03 4.319280417999999955e-01 1.255866254100000134e-01
1.968000000000000000e+03 1.969000000000000000e+03 2.355613619000000158e-01 1.116190632099999941e-01
1.969000000000000000e+03 1.970000000000000000e+03 2.212418266999999883e+00 3.575202207000000021e-01
1.970000000000000000e+03 1.971000000000000000e+03 2.259952633999999794e+00 3.103389307999999680e-01
1.971000000000000000e+03 1.972000000000000000e+03 2.422907385999999885e+00 3.111769465999999484e-01
1.972000000000000000e+03 1.973000000000000000e+03 2.046145238999999894e+00 2.716156653999999837e-01
1.973000000000000000e+03 1.974000000000000000e+03 2.058543703999999863e+00 2.877498762000000321e-01
1.974000000000000000e+03 1.975000000000000000e+03 1.881767226500000056e+00 2.431585873000000064e-01
1.975000000000000000e+03 1.976000000000000000e+03 1.716716723900000074e+00 2.077341379000000043e-01
1.976000000000000000e+03 1.977000000000000000e+03 1.197419278000000142e+00 2.076078280000000220e-01
1.977000000000000000e+03 1.978000000000000000e+03 7.792564973000000172e-01 1.549015761399999969e-01
1.978000000000000000e+03 1.979000000000000000e+03 7.276711706000000834e-01 9.345628961999999373e-02
1.979000000000000000e+03 1.980000000000000000e+03 1.969901612600000185e-01 1.034518964699999988e-01
1.980000000000000000e+03 1.981000000000000000e+03 2.432655212000000233e+00 2.873952218999999975e-01
1.981000000000000000e+03 1.982000000000000000e+03 2.651579306999999996e+00 3.532240650999999843e-01
1.982000000000000000e+03 1.983000000000000000e+03 1.878160037999999865e+00 3.069429289000000227e-01
1.983000000000000000e+03 1.984000000000000000e+03 1.895394096400000006e+00 2.728970562999999960e-01
1.984000000000000000e+03 1.985000000000000000e+03 1.474937825800000102e+00 2.696861985999999822e-01
1.985000000000000000e+03 1.986000000000000000e+03 1.533229488299999943e+00 2.681882062999999539e-01
1.986000000000000000e+03 1.987000000000000000e+03 1.059523645999999930e+00 1.941431057999999932e-01
1.987000000000000000e+03 1.988000000000000000e+03 1.059353607699999866e+00 1.650872680700000150e-01
1.988000000000000000e+03 1.989000000000000000e+03 7.183769861000000034e-01 2.111981155999999860e-01
1.989000000000000000e+03 1.990000000000000000e+03 5.708059816999999647e-01 1.134420148299999931e-01
1.990000000000000000e+03 1.991000000000000000e+03 5.614589926999999925e-01 9.533199944000000925e-02
1.991000000000000000e+03 1.992000000000000000e+03 2.614352541000000141e+00 2.972564575999999681e-01
1.992000000000000000e+03 1.993000000000000000e+03 1.931321222000000004e+00 3.320097228000000178e-01
1.993000000000000000e+03 1.994000000000000000e+03 2.208231522000000169e+00 3.733830401000000077e-01
1.994000000000000000e+03 1.995000000000000000e+03 1.859590148600000159e+00 2.569979433999999840e-01
1.995000000000000000e+03 1.996000000000000000e+03 2.080238424999999669e+00 2.383870753000000009e-01
1.996000000000000000e+03 1.997000000000000000e+03 1.464169102899999908e+00 2.371665882000000003e-01
1.997000000000000000e+03 1.998000000000000000e+03 1.437239097299999990e+00 2.197703832000000024e-01
1.998000000000000000e+03 1.999000000000000000e+03 9.021646118000000714e-01 1.748469353499999823e-01
1.999000000000000000e+03 2.000000000000000000e+03 8.475165376000000084e-01 1.457234374499999929e-01
2.000000000000000000e+03 2.001000000000000000e+03 5.585474973000000842e-01 1.080653151899999970e-01
2.001000000000000000e+03 2.002000000000000000e+03 4.984508496000000233e-01 6.554277503000000005e-02
2.002000000000000000e+03 2.003000000000000000e+03 2.476308995000000124e+00 3.541356401999999903e-01
2.003000000000000000e+03 2.004000000000000000e+03 2.543225431000000203e+00 3.070528314000000036e-01
2.004000000000000000e+03 2.005000000000000000e+03 1.829625040599999863e+00 3.206059434999999902e-01
2.005000000000000000e+03 2.006000000000000000e+03 2.196825120999999825e+00 2.598445303999999956e-01
2.006000000000000000e+03 2.007000000000000000e+03 1.716201827099999910e+00 2.407235313999999959e-01
2.007000000000000000e+03 2.008000000000000000e+03 1.609559193500000207e+00 2.495578489000000177e-01
2.008000000000000000e+03 2.009000000000000000e+03 1.215995397799999989e+00 1.734929319300000106e-01
2.009000000000000000e+03 2.010000000000000000e+03 8.400016193000000575e-01 1.577317173399999939e-01
2.010000000000000000e+03 2.011000000000000000e+03 6.142262659999999652e-01 1.735486680899999967e-01
2.011000000000000000e+03 2.012000000000000000e+03 6.819443917000000965e-01 1.332135276299999949e-01
2.012000000000000000e+03 2.013000000000000000e+03 4.460015286999999828e-01 9.419935637000000084e-02
2.013000000000000000e+03 2.014000000000000000e+03 2.480545373999999637e+00 3.414402454000000087e-01
2.014000000000000000e+03 2.015000000000000000e+03 2.357072839999999836e+00 3.302146679000000362e-01
2.015000000000000000e+03 2.016000000000000000e+03 1.747338522900000024e+00 2.924974029999999892e-01
2.016000000000000000e+03 2.017000000000000000e+03 1.897857353700000083e+00 2.359556368000000071e-01
2.017000000000000000e+03 2.018000000000000000e+03 1.828068078499999860e+00 2.690056309999999673e-01
2.018000000000000000e+03 2.019000000000000000e+03 1.503571512900000018e+00 1.986048435000000167e-01
2.019000000000000000e+03 2.020000000000000000e+03 1.217186119999999816e+00 1.948118035999999997e-01
2.020000000000000000e+03 2.021000000000000000e+03 9.040033957000001008e-01 1.377532886299999981e-01
2.021000000000000000e+03 2.022000000000000000e+03 7.037530758000000164e-01 1.032482477600000087e-01
2.022000000000000000e+03 2.023000000000000000e+03 7.477639698000000390e-01 1.329195819899999798e-01
2.023000000000000000e+03 2.024000000000000000e+03 4.402144212999999917e-01 9.765112220000000953e-02
2.024000000000000000e+03 2.025000000000000000e+03 1.770181667399999936e+00 2.582730024000000069e-01
2.025000000000000000e+03 2.026000000000000000e+03 2.130273240999999818e+00 2.500786747000000032e-01
2.026000000000000000e+03 2.027000000000000000e+03 1.846644919600000101e+00 2.432321109999999731e-01
2.027000000000000000e+03 2.028000000000000000e+03 2.367061172000000102e+00 9.064539809999999642e-02
2.028000000000000000e+03 2.029000000000000000e+03 1.855801014000000082e+00 9.811323568999999467e-02
2.029000000000000000e+03 2.030000000000000000e+03 1.874849838300000071e+00 5.772255163000000050e-02
2.030000000000000000e+03 2.031000000000000000e+03 1.443973840299999978e+00 9.113314800999999798e-02
2.031000000000000000e+03 2.032000000000000000e+03 1.275577840700000021e+00 3.924701769000000368e-02
2.032000000000000000e+03 2.033000000000000000e+03 1.017282129300000060e+00 9.106747274000000225e-02
2.033000000000000000e+03 2.034000000000000000e+03 7.902370231999999994e-01 2.807554125999999969e-02
2.034000000000000000e+03 2.035000000000000000e+03 5.810141120000000825e-01 2.377891430999999958e-02
2.035000000000000000e+03 2.036000000000000000e+03 2.275298026000000196e+00 1.689306778200000136e-01
2.036000000000000000e+03 2.037000000000000000e+03 2.108242791999999977e+00 2.503671934999999737e-01
2.037000000000000000e+03 2.038000000000000000e+03 2.154588262999999948e+00 1.834833111199999922e-01
2.038000000000000000e+03 2.039000000000000000e+03 2.242743695000000148e+00 8.478780741999999981e-02
2.039000000000000000e+03 2.040000000000000000e+03 1.573592350800000039e+00 2.105338291999999945e-01
2.040000000000000000e+03 2.041000000000000000e+03 1.825311673200000095e+00 5.633561999000000209e-02
2.041000000000000000e+03 2.042000000000000000e+03 1.501357597199999949e+00 4.426234051999999863e-02
2.042000000000000000e+03 2.043000000000000000e+03 1.304041358799999939e+00 3.845016810999999507e-02
2.043000000000000000e+03 2.044000000000000000e+03 1.066660711799999994e+00 3.308419478000000635e-02
2.044000000000000000e+03 2.045000000000000000e+03 7.473719149999999978e-01 2.782029259999999754e-02
2.045000000000000000e+03 2.046000000000000000e+03 6.010431452000000174e-01 2.361240460999999846e-02
2.046000000000000000e+03 2.047000000000000000e+03 6.213579209999999797e-01 2.630774272999999996e-01
2.047000000000000000e+03 2.048000000000000000e+03 1.805245912700000011e+00 2.760228111000000428e-01
2.048000000000000000e+03 2.049000000000000000e+03 2.310679453000000105e+00 8.751211473999999380e-02
2.049000000000000000e+03 2.050000000000000000e+03 2.106244586999999946e+00 1.471905711000000005e-01
2.050000000000000000e+03 2.051000000000000000e+03 2.039207992999999774e+00 1.085111243900000050e-01
2.051000000000000000e+03 2.052000000000000000e+03 1.655217182299999923e+00 1.218389504099999937e-01
2.052000000000000000e+03 2.053000000000000000e+03 1.540954778099999922e+00 4.448212527999999971e-02
2.053000000000000000e+03 2.054000000000000000e+03 1.242589906300000102e+00 3.742807623000000278e-02
2.054000000000000000e+03 2.055000000000000000e+03 1.001495372199999956e+00 3.171423955999999600e-02
2.055000000000000000e+03 2.056000000000000000e+03 7.889190171000000085e-01 2.723419030999999976e-02
2.056000000000000000e+03 2.057000000000000000e+03 5.532376384999999619e-01 2.287612303000000069e-02
2.057000000000000000e+03 2.058000000000000000e+03 2.584164625000000104e+00 9.787253182999999801e-02
2.058000000000000000e+03 2.059000000000000000e+03 2.537846830999999970e+00 9.483753338999999227e-02
2.059000000000000000e+03 2.060000000000000000e+03 2.167944553999999968e+00 2.131874768999999781e-01
2.060000000000000000e+03 2.061000000000000000e+03 2.132184832000000085e+00 2.265983659999999955e-01
2.061000000000000000e+03 2.062000000000000000e+03 1.754554071700000106e+00 1.316770951399999778e-01
2.062000000000000000e+03 2.063000000000000000e+03 1.826121556399999957e+00 5.058645405000000012e-02
2.063000000000000000e+03 2.064000000000000000e+03 1.504290317199999949e+00 4.400711260000000208e-02
2.064000000000000000e+03 2.065000000000000000e+03 1.264070252599999833e+00 3.801419432999999376e-02
2.065000000000000000e+03 2.066000000000000000e+03 9.745028669999999948e-01 3.177539195000000233e-02
2.066000000000000000e+03 2.067000000000000000e+03 7.605602276999999800e-01 2.907583169999999884e-02
2.067000000000000000e+03 2.068000000000000000e+03 5.373561700000000219e-01 2.280621449000000064e-02
2.068000000000000000e+03 2.069000000000000000e+03 2.264839539999999651e+00 1.752149029700000027e-01
2.069000000000000000e+03 2.070000000000000000e+03 2.451996986999999795e+00 1.213827333799999963e-01
2.070000000000000000e+03 2.071000000000000000e+03 2.131036530999999901e+00 1.848134810800000083e-01
2.071000000000000000e+03 2.072000000000000000e+03 2.230139607999999996e+00 6.592568356999999046e-02
2.072000000000000000e+03 2.073000000000000000e+03 1.952351227000000078e+00 1.104442900800000071e-01
2.073000000000000000e+03 2.074000000000000000e+03 1.660285724299999988e+00 5.818789540000000177e-02
2.074000000000000000e+03 2.075000000000000000e+03 1.450262112100000111e+00 5.472819317000000156e-02
2.075000000000000000e+03 2.076000000000000000e+03 1.278673321699999921e+00 4.167036377000000319e-02
2.076000000000000000e+03 2.077000000000000000e+03 9.491588189999999869e-01 3.159794098999999662e-02
2.077000000000000000e+03 2.078000000000000000e+03 7.243634962000000677e-01 2.638114320000000193e-02
2.078000000000000000e+03 2.079000000000000000e+03 5.775316535000000195e-01 2.281216821000000075e-02
2.079000000000000000e+03 2.080000000000000000e+03 2.792718763999999965e+00 7.831023311000000209e-02
2.080000000000000000e+03 2.081000000000000000e+03 2.475655219000000073e+00 7.643063365999999692e-02
2.081000000000000000e+03 2.082000000000000000e+03 2.366970680000000105e+00 6.493750246000000448e-02
2.082000000000000000e+03 2.083000000000000000e+03 1.967003293999999958e+00 1.214885332300000009e-01
2.083000000000000000e+03 2.084000000000000000e+03 1.806982877799999887e+00 1.724472660200000174e-01
2.084000000000000000e+03 2.085000000000000000e+03 1.755504236599999990e+00 4.748406440000000478e-02
2.085000000000000000e+03 2.086000000000000000e+03 1.465485792099999962e+00 4.203117972999999979e-02
2.086000000000000000e+03 2.087000000000000000e+03 1.159308795699999894e+00 3.714736406000000019e-02
2.087000000000000000e+03 2.088000000000000000e+03 9.264108125999999110e-01 3.108781823000000138e-02
2.088000000000000000e+03 2.089000000000000000e+03 7.145202004999999801e-01 2.716127747999999911e-02
2.089000000000000000e+03 2.090000000000000000e+03 5.007272013000000355e-01 2.270026484000000136e-02
2.090000000000000000e+03 2.091000000000000000e+03 1.984216800000000003e+00 2.495889270999999965e-01
2.091000000000000000e+03 2.092000000000000000e+03 1.606041310199999961e+00 2.578759979999999952e-01
2.092000000000000000e+03 2.093000000000000000e+03 1.882171814999999970e+00 2.478516503000000037e-01
2.093000000000000000e+03 2.094000000000000000e+03 2.183980337999999577e+00 7.347176002999999955e-02
2.094000000000000000e+03 2.095000000000000000e+03 1.993789450000000185e+00 5.363650826000000010e-02
2.095000000000000000e+03 2.096000000000000000e+03 1.705960664500000057e+00 4.873517756000000228e-02
2.096000000000000000e+03 2.097000000000000000e+03 1.407688377699999993e+00 4.155817442000000334e-02
2.097000000000000000e+03 2.098000000000000000e+03 1.136816775699999837e+00 3.551761070000000048e-02
2.098000000000000000e+03 2.099000000000000000e+03 9.126342979999999550e-01 3.081800217999999814e-02
2.099000000000000000e+03 2.100000000000000000e+03 7.332169038000000416e-01 2.638693869000000025e-02
2.100000000000000000e+03 2.101000000000000000e+03 5.435297234999999505e-01 2.232023445999999772e-02
2.101000000000000000e+03 2.102000000000000000e+03 2.644773861000000004e+00 6.809429904000000033e-02
2.102000000000000000e+03 2.103000000000000000e+03 2.022877326999999781e+00 2.109039920999999929e-01
2.103000000000000000e+03 2.104000000000000000e+03 1.838679907499999988e+00 1.720509188000000078e-01
2.104000000000000000e+03 2.105000000000000000e+03 1.895471923000000114e+00 2.093715712000000229e-01
2.105000000000000000e+03 2.106000000000000000e+03 1.871560579100000066e+00 5.460631834999999518e-02
2.106000000000000000e+03 2.107000000000000000e+03 1.677396637400000001e+00 5.050350911000000415e-02
2.107000000000000000e+03 2.108000000000000000e+03 1.387267753099999945e+00 4.207426377000000189e-02
2.108000000000000000e+03 2.109000000000000000e+03 1.115132850299999978e+00 4.902454946000000396e-02
2.109000000000000000e+03 2.110000000000000000e+03 9.211435132999999942e-01 3.048874412999999853e-02
2.110000000000000000e+03 2.111000000000000000e+03 7.211802528999999851e-01 2.632901346000000170e-02
2.111000000000000000e+03 2.112000000000000000e+03 5.147524789999999850e-01 2.208295137400000108e-02
2.112000000000000000e+03 2.113000000000000000e+03 2.537131138999999980e+00 6.573883211000000615e-02
2.113000000000000000e+03 2.114000000000000000e+03 2.370796305999999909e+00 7.723196356999999235e-02
2.114000000000000000e+03 2.115000000000000000e+03 2.307428643999999807e+00 7.301303230000000255e-02
2.115000000000000000e+03 2.116000000000000000e+03 2.254587418999999926e+00 7.351767898000000079e-02
2.116000000000000000e+03 2.117000000000000000e+03 1.226860523199999831e+00 1.918282880000000135e-01
2.117000000000000000e+03 2.118000000000000000e+03 1.402256356799999937e+00 1.118616930899999917e-01
2.118000000000000000e+03 2.119000000000000000e+03 1.385491480799999842e+00 4.171979141999999918e-02
2.119000000000000000e+03 2.120000000000000000e+03 9.488651289000000766e-01 6.834295469999999983e-02
2.120000000000000000e+03 2.121000000000000000e+03 8.484012263999999304e-01 3.020291112999999930e-02
2.121000000000000000e+03 2.122000000000000000e+03 6.953930753000000520e-01 2.599621618000000009e-02
2.122000000000000000e+03 2.123000000000000000e+03 4.578531069999999814e-01 2.161192736300000111e-02
2.123000000000000000e+03 2.124000000000000000e+03 2.520840676000000169e+00 6.526478746000000108e-02
2.124000000000000000e+03 2.125000000000000000e+03 2.318052257000000171e+00 8.171099675000000062e-02
2.125000000000000000e+03 2.126000000000000000e+03 2.357996840000000205e+00 5.929812111000000441e-02
2.126000000000000000e+03 2.127000000000000000e+03 2.119561825999999982e+00 5.708352083000000493e-02
2.127000000000000000e+03 2.128000000000000000e+03 1.841853233499999964e+00 5.038581219999999777e-02
2.128000000000000000e+03 2.129000000000000000e+03 1.634025911299999967e+00 4.523936249999999798e-02
2.129000000000000000e+03 2.130000000000000000e+03 1.432501052000000108e+00 4.026562909999999856e-02
2.130000000000000000e+03 2.131000000000000000e+03 1.137984172500000168e+00 3.482435829000000288e-02
2.131000000000000000e+03 2.132000000000000000e+03 9.156248790000000026e-01 3.008941899000000184e-02
2.132000000000000000e+03 2.133000000000000000e+03 6.005446801999999584e-01 7.135317937000000554e-02
2.133000000000000000e+03 2.134000000000000000e+03 4.698077305999999731e-01 2.154213584899999923e-02
2.134000000000000000e+03 2.135000000000000000e+03 2.180942058000000294e+00 1.188329471300000051e-01
2.135000000000000000e+03 2.136000000000000000e+03 2.430649412000000176e+00 6.647406379000000975e-02
2.136000000000000000e+03 2.137000000000000000e+03 2.343011841000000040e+00 5.811972426999999913e-02
2.137000000000000000e+03 2.138000000000000000e+03 1.995188528999999988e+00 6.627151945999999738e-02
2.138000000000000000e+03 2.139000000000000000e+03 1.876336672100000103e+00 5.125611496000000156e-02
2.139000000000000000e+03 2.140000000000000000e+03 1.468423775900000061e+00 7.616314425999999582e-02
2.140000000000000000e+03 2.141000000000000000e+03 1.328458112000000080e+00 3.995381289000000252e-02
2.141000000000000000e+03 2.142000000000000000e+03 1.076102922100000026e+00 3.422312484000000071e-02
2.142000000000000000e+03 2.143000000000000000e+03 8.408254080000000519e-01 2.908885219000000022e-02
2.143000000000000000e+03 2.144000000000000000e+03 6.318575162999999772e-01 2.500297841000000132e-02
2.144000000000000000e+03 2.145000000000000000e+03 5.081973753999999843e-01 2.209847969000000231e-02
2.145000000000000000e+03 2.146000000000000000e+03 2.518754420000000049e+00 2.118025194000000000e-01
2.146000000000000000e+03 2.147000000000000000e+03 2.177947003999999964e+00 1.233055884700000049e-01
2.147000000000000000e+03 2.148000000000000000e+03 2.262281191000000025e+00 6.358298125000000356e-02
2.148000000000000000e+03 2.149000000000000000e+03 2.006733008999999957e+00 5.402469523999999662e-02
2.149000000000000000e+03 2.150000000000000000e+03 1.101618776800000088e+00 2.032069733999999905e-01
2.150000000000000000e+03 2.151000000000000000e+03 1.588962312499999863e+00 4.493726222999999687e-02
2.151000000000000000e+03 2.152000000000000000e+03 1.372986529800000133e+00 3.837959563999999990e-02
2.152000000000000000e+03 2.153000000000000000e+03 1.124778251399999984e+00 3.460034707999999626e-02
2.153000000000000000e+03 2.154000000000000000e+03 8.704972305999999493e-01 2.965551884999999971e-02
2.154000000000000000e+03 2.155000000000000000e+03 6.125092225999999584e-01 2.437930525000000029e-02
2.155000000000000000e+03 2.156000000000000000e+03 4.960957136999999961e-01 2.141718381300000001e-02
2.156000000000000000e+03 2.157000000000000000e+03 2.419574072000000076e+00 6.940721511999999038e-02
2.157000000000000000e+03 2.158000000000000000e+03 2.133887239000000324e+00 1.510393768799999925e-01
2.158000000000000000e+03 2.159000000000000000e+03 1.873238830999999882e+00 1.463481634499999851e-01
2.159000000000000000e+03 2.160000000000000000e+03 2.004668992000000038e+00 5.969447774999999540e-02
2.160000000000000000e+03 2.161000000000000000e+03 1.677293550499999952e+00 1.256727503099999976e-01
2.161000000000000000e+03 2.162000000000000000e+03 1.606037050699999913e+00 4.336182613000000297e-02
2.162000000000000000e+03 2.163000000000000000e+03 1.301513997000000034e+00 3.830462726999999540e-02
2.163000000000000000e+03 2.164000000000000000e+03 9.946627594000000405e-01 3.951162283000000247e-02
2.164000000000000000e+03 2.165000000000000000e+03 8.369590049999999781e-01 2.919927651000000027e-02
2.165000000000000000e+03 2.166000000000000000e+03 6.522653537999999473e-01 2.458431176000000148e-02
2.166000000000000000e+03 2.167000000000000000e+03 4.746904002000000289e-01 2.088275320099999832e-02
2.167000000000000000e+03 2.168000000000000000e+03 2.357655990000000035e+00 1.694018056100000114e-01
2.168000000000000000e+03 2.169000000000000000e+03 2.353086449000000080e+00 6.497790796999999841e-02
2.169000000000000000e+03 2.170000000000000000e+03 2.196575764000000319e+00 5.624872747000000256e-02
2.170000000000000000e+03 2.171000000000000000e+03 2.001494477999999688e+00 5.174177358999999810e-02
2.171000000000000000e+03 2.172000000000000000e+03 1.814297098699999999e+00 6.176037569000000088e-02
2.172000000000000000e+03 2.173000000000000000e+03 1.536609857800000034e+00 4.336686517000000463e-02
2.173000000000000000e+03 2.174000000000000000e+03 9.160123564000000052e-01 9.236150261999999389e-02
2.174000000000000000e+03 2.175000000000000000e+03 1.069045791099999976e+00 3.665441492000000301e-02
2.175000000000000000e+03 2.176000000000000000e+03 7.790184212999999858e-01 2.848535116999999922e-02
2.176000000000000000e+03 2.177000000000000000e+03 5.704181917999999740e-01 2.432431913000000084e-02
2.177000000000000000e+03 2.178000000000000000e+03 4.668079269000000031e-01 2.061011573400000144e-02
2.178000000000000000e+03 2.179000000000000000e+03 2.246217455000000029e+00 5.947929672999999889e-02
2.179000000000000000e+03 2.180000000000000000e+03 2.008176935000000274e+00 1.135782092599999932e-01
2.180000000000000000e+03 2.181000000000000000e+03 2.157224773999999901e+00 5.505426054000000374e-02
2.181000000000000000e+03 2.182000000000000000e+03 1.896538356999999841e+00 5.804641255000000249e-02
2.182000000000000000e+03 2.183000000000000000e+03 1.708495829100000085e+00 4.729226585999999483e-02
2.183000000000000000e+03 2.184000000000000000e+03 1.438211879800000093e+00 4.945283379000000451e-02
2.184000000000000000e+03 2.185000000000000000e+03 1.250242920799999879e+00 3.789210670000000419e-02
2.185000000000000000e+03 2.186000000000000000e+03 1.029376237199999933e+00 5.351503898999999953e-02
2.186000000000000000e+03 2.187000000000000000e+03 8.227609314000000618e-01 2.884926500000000241e-02
2.187000000000000000e+03 2.188000000000000000e+03 6.177850682000000093e-01 2.436961081000000098e-02
2.188000000000000000e+03 2.189000000000000000e+03 4.638819569000000032e-01 2.032022807799999803e-02
2.189000000000000000e+03 2.190000000000000000e+03 2.297449797000000071e+00 6.010201054000000043e-02
2.190000000000000000e+03 2.191000000000000000e+03 2.220897183000000386e+00 7.153152903999999979e-02
2.191000000000000000e+03 2.192000000000000000e+03 2.158349005999999903e+00 5.718751613000000456e-02
2.192000000000000000e+03 2.193000000000000000e+03 1.493589667299999979e+00 2.056387098999999941e-01
2.193000000000000000e+03 2.194000000000000000e+03 1.721816085299999965e+00 4.644236778000000038e-02
2.194000000000000000e+03 2.195000000000000000e+03 1.466211485100000100e+00 4.212690229999999786e-02
2.195000000000000000e+03 2.196000000000000000e+03 1.091504478000000056e+00 9.928582702999999565e-02
2.196000000000000000e+03 2.197000000000000000e+03 1.030500414600000081e+00 4.116301301999999995e-02
2.197000000000000000e+03 2.198000000000000000e+03 8.206695323999999570e-01 2.814376817999999711e-02
2.198000000000000000e+03 2.199000000000000000e+03 5.860767057999999308e-01 2.450342999999999966e-02
2.199000000000000000e+03 2.200000000000000000e+03 4.377713710000000202e-01 2.050990544199999752e-02
2.200000000000000000e+03 2.201000000000000000e+03 2.295235405000000117e+00 5.854752981000000550e-02
2.201000000000000000e+03 2.202000000000000000e+03 2.247307049000000223e+00 1.156651635300000036e-01
2.202000000000000000e+03 2.203000000000000000e+03 1.976522459000000120e+00 7.515648033999999811e-02
2.203000000000000000e+03 2.204000000000000000e+03 1.939885974000000068e+00 9.277778394999999789e-02
2.204000000000000000e+03 2.205000000000000000e+03 1.661922575399999991e+00 7.624142825000000678e-02
2.205000000000000000e+03 2.206000000000000000e+03 1.450815187299999920e+00 4.424805106000000154e-02
2.206000000000000000e+03 2.207000000000000000e+03 1.094328990399999979e+00 7.274113362999999610e-02
2.207000000000000000e+03 2.208000000000000000e+03 9.517606073000000055e-01 3.183058852000000133e-02
2.208000000000000000e+03 2.209000000000000000e+03 7.748149712999999883e-01 2.834556540000000152e-02
2.209000000000000000e+03 2.210000000000000000e+03 5.649470588999999654e-01 2.353915107999999742e-02
2.210000000000000000e+03 2.211000000000000000e+03 4.242388402000000225e-01 2.030184790499999989e-02
2.211000000000000000e+03 2.212000000000000000e+03 1.901120447000000047e+00 1.495943612900000053e-01
2.212000000000000000e+03 2.213000000000000000e+03 2.218190134000000313e+00 7.480609370999999341e-02
2.213000000000000000e+03 2.214000000000000000e+03 1.951682880999999981e+00 7.452116508999999389e-02
2.214000000000000000e+03 2.215000000000000000e+03 1.534488145399999892e+00 1.506918603299999826e-01
2.215000000000000000e+03 2.216000000000000000e+03 1.635329124599999906e+00 4.920335751999999757e-02
2.216000000000000000e+03 2.217000000000000000e+03 1.332465120100000178e+00 6.533213942000000440e-02
2.217000000000000000e+03 2.218000000000000000e+03 1.219654478899999894e+00 3.642124155000000391e-02
2.218000000000000000e+03 2.219000000000000000e+03 9.503273435000000324e-01 3.187499615000000119e-02
2.219000000000000000e+03 2.220000000000000000e+03 7.735673189000000782e-01 2.906097135999999997e-02
2.220000000000000000e+03 2.221000000000000000e+03 6.105484325000000156e-01 2.377568144999999897e-02
2.221000000000000000e+03 2.222000000000000000e+03 4.273447924999999592e-01 2.014555800099999960e-02
2.222000000000000000e+03 2.223000000000000000e+03 2.315517704999999982e+00 1.783772614199999884e-01
2.223000000000000000e+03 2.224000000000000000e+03 2.114176506000000177e+00 5.382927587999999930e-02
2.224000000000000000e+03 2.225000000000000000e+03 2.016785652999999900e+00 6.977813739999999543e-02
2.225000000000000000e+03 2.226000000000000000e+03 1.757825404999999952e+00 4.851459721000000308e-02
2.226000000000000000e+03 2.227000000000000000e+03 1.640673367200000010e+00 5.035947181000000050e-02
2.227000000000000000e+03 2.228000000000000000e+03 1.373211065100000017e+00 4.148290817999999991e-02
2.228000000000000000e+03 2.229000000000000000e+03 1.194534944099999940e+00 3.716668283999999961e-02
2.229000000000000000e+03 2.230000000000000000e+03 9.952959413000000977e-01 3.196553955999999891e-02
2.230000000000000000e+03 2.231000000000000000e+03 7.345559754999999580e-01 2.716223604999999999e-02
2.231000000000000000e+03 2.232000000000000000e+03 5.349892858000000473e-01 2.315078180000000249e-02
2.232000000000000000e+03 2.233000000000000000e+03 3.969782917999999938e-01 1.935245349199999840e-02
2.233000000000000000e+03 2.234000000000000000e+03 2.114669145000000139e+00 5.570232462999999412e-02
2.234000000000000000e+03 2.235000000000000000e+03 2.092024302000000002e+00 5.412818299000000249e-02
2.235000000000000000e+03 2.236000000000000000e+03 2.021233311999999671e+00 5.080102090000000042e-02
2.236000000000000000e+03 2.237000000000000000e+03 1.754218390599999955e+00 1.129885954400000059e-01
2.237000000000000000e+03 2.238000000000000000e+03 1.675530240499999879e+00 4.499083657000000486e-02
2.238000000000000000e+03 2.239000000000000000e+03 1.521420866799999994e+00 4.252483722000000022e-02
2.239000000000000000e+03 2.240000000000000000e+03 1.168361296900000124e+00 3.597356841000000360e-02
2.240000000000000000e+03 2.241000000000000000e+03 8.741838750999999519e-01 3.277495080000000088e-02
2.241000000000000000e+03 2.242000000000000000e+03 7.192480537000000007e-01 3.871965880000000082e-02
2.242000000000000000e+03 2.243000000000000000e+03 5.170937428999999863e-01 2.103208901799999767e-02
2.243000000000000000e+03 2.244000000000000000e+03 4.148305119999999846e-01 2.003801404799999963e-02
2.244000000000000000e+03 2.245000000000000000e+03 1.586685627599999870e+00 2.004685599999999901e-01
2.245000000000000000e+03 2.246000000000000000e+03 1.698143478600000034e+00 1.688601073200000080e-01
2.246000000000000000e+03 2.247000000000000000e+03 1.868374192000000100e+00 5.130090435000000254e-02
2.247000000000000000e+03 2.248000000000000000e+03 1.720803367600000078e+00 1.007950737299999899e-01
2.248000000000000000e+03 2.249000000000000000e+03 1.059031982999999899e+00 1.568444752600000047e-01
2.249000000000000000e+03 2.250000000000000000e+03 1.314354317999999910e+00 4.505440327000000134e-02
2.250000000000000000e+03 2.251000000000000000e+03 1.189177596599999998e+00 3.557542932999999824e-02
2.251000000000000000e+03 2.252000000000000000e+03 9.172231384999999237e-01 3.125735424000000012e-02
2.252000000000000000e+03 2.253000000000000000e+03 7.375606039999998975e-01 2.635033563999999995e-02
2.253000000000000000e+03 2.254000000000000000e+03 5.751032203999999481e-01 2.289910075999999906e-02
2.254000000000000000e+03 2.255000000000000000e+03 3.921895725000000277e-01 1.889925041499999903e-02
2.255000000000000000e+03 2.256000000000000000e+03 2.001319464999999909e+00 1.948758654000000146e-01
2.256000000000000000e+03 2.257000000000000000e+03 1.652556419900000018e+00 1.859206775299999947e-01
2.257000000000000000e+03 2.258000000000000000e+03 1.550392368099999807e+00 1.844936158699999884e-01
2.258000000000000000e+03 2.259000000000000000e+03 1.750822767799999902e+00 4.644998619000000051e-02
2.259000000000000000e+03 2.260000000000000000e+03 1.339258701699999943e+00 1.454168434199999971e-01
2.260000000000000000e+03 2.261000000000000000e+03 1.327759175099999966e+00 3.939270872999999645e-02
2.261000000000000000e+03 2.262000000000000000e+03 7.912562261999999125e-01 1.366049743699999930e-01
2.262000000000000000e+03 2.263000000000000000e+03 9.365280809000000595e-01 3.051711577999999953e-02
2.263000000000000000e+03 2.264000000000000000e+03 4.092399380000000253e-01 9.066995220000000077e-02
2.264000000000000000e+03 2.265000000000000000e+03 5.463863284000000098e-01 2.357399135000000021e-02
2.265000000000000000e+03 2.266000000000000000e+03 3.968413755999999903e-01 1.948502204300000054e-02
2.266000000000000000e+03 2.267000000000000000e+03 2.133717386999999910e+00 5.423052933999999992e-02
2.267000000000000000e+03 2.268000000000000000e+03 2.061760329999999808e+00 5.197578043000000009e-02
2.268000000000000000e+03 2.269000000000000000e+03 1.881360530000000031e+00 6.810743009000000403e-02
2.269000000000000000e+03 2.270000000000000000e+03 1.749410606200000107e+00 4.616229783000000420e-02
2.270000000000000000e+03 2.271000000000000000e+03 1.541437543200000038e+00 4.264158423000000142e-02
2.271000000000000000e+03 2.272000000000000000e+03 1.252796462299999858e+00 4.099888046999999869e-02
2.272000000000000000e+03 2.273000000000000000e+03 6.540506542000000811e-01 1.172931454799999995e-01
2.273000000000000000e+03 2.274000000000000000e+03 8.574175685999999574e-01 3.053109621000000065e-02
2.274000000000000000e+03 2.275000000000000000e+03 7.070400304999999719e-01 2.665410915999999811e-02
2.275000000000000000e+03 2.276000000000000000e+03 5.246590944000000256e-01 2.273714922999999985e-02
2.276000000000000000e+03 2.277000000000000000e+03 3.882676674000000161e-01 1.909643700100000299e-02
2.277000000000000000e+03 2.278000000000000000e+03 1.851177830999999996e+00 1.426509189600000116e-01
2.278000000000000000e+03 2.279000000000000000e+03 1.947185991000000005e+00 1.079185781900000030e-01
2.279000000000000000e+03 2.280000000000000000e+03 1.811453730099999992e+00 5.892343743999999689e-02
2.280000000000000000e+03 2.281000000000000000e+03 1.654212871599999968e+00 1.615750616299999887e-01
2.281000000000000000e+03 2.282000000000000000e+03 1.518440329699999980e+00 4.265267980999999653e-02
2.282000000000000000e+03 2.283000000000000000e+03 1.314346699499999938e+00 4.361875501000000294e-02
2.283000000000000000e+03 2.284000000000000000e+03 1.100973862799999869e+00 3.891474299999999470e-02
2.284000000000000000e+03 2.285000000000000000e+03 8.597584681000000062e-01 3.017880699000000111e-02
2.285000000000000000e+03 2.286000000000000000e+03 6.757473951000000367e-01 2.627733854000000036e-02
2.286000000000000000e+03 2.287000000000000000e+03 4.968620858999999723e-01 3.310737752999999561e-02
2.287000000000000000e+03 2.288000000000000000e+03 3.445667887000000151e-01 1.827225144199999887e-02
2.288000000000000000e+03 2.289000000000000000e+03 2.036823669999999975e+00 5.233811819999999865e-02
2.289000000000000000e+03 2.290000000000000000e+03 2.000235792999999873e+00 5.219620025999999885e-02
2.290000000000000000e+03 2.291000000000000000e+03 1.892104234999999912e+00 9.252917737000000697e-02
2.291000000000000000e+03 2.292000000000000000e+03 1.316574807499999888e+00 1.670825390999999827e-01
2.292000000000000000e+03 2.293000000000000000e+03 1.461083011999999792e+00 4.176917245000000278e-02
2.293000000000000000e+03 2.294000000000000000e+03 1.220099627299999989e+00 5.401020858999999730e-02
2.294000000000000000e+03 2.295000000000000000e+03 1.103990419200000073e+00 3.382903620000000250e-02
2.295000000000000000e+03 2.296000000000000000e+03 7.126282592000000582e-01 9.960379980999999050e-02
2.296000000000000000e+03 2.297000000000000000e+03 6.096573839000000161e-01 2.676846411000000092e-02
2.297000000000000000e+03 2.298000000000000000e+03 5.132051884000000674e-01 2.214632852999999860e-02
2.298000000000000000e+03 2.299000000000000000e+03 3.762119103000000075e-01 1.851359487899999906e-02
2.299000000000000000e+03 2.300000000000000000e+03 1.955073226999999969e+00 5.291135462000000345e-02
2.300000000000000000e+03 2.301000000000000000e+03 1.912968566999999842e+00 5.000517234000000089e-02
2.301000000000000000e+03 2.302000000000000000e+03 1.808161332600000115e+00 4.687691994999999834e-02
2.302000000000000000e+03 2.303000000000000000e+03 1.632917731300000064e+00 4.531818565000000215e-02
2.303000000000000000e+03 2.304000000000000000e+03 1.498635645400000049e+00 4.203890706999999921e-02
2.304000000000000000e+03 2.305000000000000000e+03 1.164736455999999976e+00 7.881118866999999029e-02
2.305000000000000000e+03 2.306000000000000000e+03 1.028113578399999950e+00 3.357599207999999863e-02
2.306000000000000000e+03 2.307000000000000000e+03 8.229699496000000281e-01 3.441457499000000197e-02
2.307000000000000000e+03 2.308000000000000000e+03 6.891168466000000548e-01 2.559577441000000092e-02
2.308000000000000000e+03 2.309000000000000000e+03 5.048150064999999964e-01 3.703025578000000012e-02
2.309000000000000000e+03 2.310000000000000000e+03 3.718142098999999701e-01 1.906213068399999905e-02
2.310000000000000000e+03 2.311000000000000000e+03 2.014001076999999640e+00 5.139779549999999586e-02
2.311000000000000000e+03 2.312000000000000000e+03 1.883865502999999997e+00 4.912781914000000083e-02
2.312000000000000000e+03 2.313000000000000000e+03 1.795515604700000045e+00 4.752922895000000203e-02
2.313000000000000000e+03 2.314000000000000000e+03 1.597004952199999828e+00 4.595095729000000379e-02
2.314000000000000000e+03 2.315000000000000000e+03 1.407746500799999856e+00 6.210137799999999875e-02
2.315000000000000000e+03 2.316000000000000000e+03 1.174594993199999937e+00 3.947079606000000046e-02
2.316000000000000000e+03 2.317000000000000000e+03 1.060824521099999806e+00 3.397209495000000357e-02
2.317000000000000000e+03 2.318000000000000000e+03 7.574129367999999918e-01 4.680540231999999468e-02
2.318000000000000000e+03 2.319000000000000000e+03 6.149160980000000221e-01 3.112947757000000121e-02
2.319000000000000000e+03 2.320000000000000000e+03 4.989280006999999850e-01 2.158072479000000196e-02
2.320000000000000000e+03 2.321000000000000000e+03 3.645066277999999826e-01 1.837541145200000114e-02
2.321000000000000000e+03 2.322000000000000000e+03 1.912458388000000120e+00 2.003378276099999911e-01
2.322000000000000000e+03 2.323000000000000000e+03 1.457879434400000118e+00 1.925867635999999883e-01
2.323000000000000000e+03 2.324000000000000000e+03 1.650319096400000074e+00 1.534897968100000232e-01
2.324000000000000000e+03 2.325000000000000000e+03 1.208817180600000096e+00 1.878846903000000179e-01
2.325000000000000000e+03 2.326000000000000000e+03 1.418842306099999950e+00 4.099165283000000271e-02
2.326000000000000000e+03 2.327000000000000000e+03 1.244544083699999915e+00 3.687753500000000295e-02
2.327000000000000000e+03 2.328000000000000000e+03 1.002916362899999969e+00 3.305293653000000026e-02
2.328000000000000000e+03 2.329000000000000000e+03 8.243707194999999599e-01 2.907464338000000093e-02
2.329000000000000000e+03 2.330000000000000000e+03 6.112666467999999798e-01 2.492308667000000047e-02
2.330000000000000000e+03 2.331000000000000000e+03 4.648023693000000178e-01 2.136002710999999887e-02
2.331000000000000000e+03 2.332000000000000000e+03 3.436469323999999936e-01 1.782228108100000069e-02
2.332000000000000000e+03 2.333000000000000000e+03 1.982303706000000165e+00 4.914371992000000217e-02
2.333000000000000000e+03 2.334000000000000000e+03 1.775865997399999952e+00 4.814652101999999934e-02
2.334000000000000000e+03 2.335000000000000000e+03 1.738738595200000070e+00 4.769522810999999446e-02
2.335000000000000000e+03 2.336000000000000000e+03 1.567044505299999946e+00 4.349878206999999858e-02
2.336000000000000000e+03 2.337000000000000000e+03 1.374917552799999942e+00 4.030163171000000072e-02
2.337000000000000000e+03 2.338000000000000000e+03 1.213812497699999993e+00 3.744874614999999657e-02
2.338000000000000000e+03 2.339000000000000000e+03 8.956822039000000846e-01 1.361862663400000006e-01
2.339000000000000000e+03 2.340000000000000000e+03 8.270324635000000368e-01 2.902345851000000254e-02
2.340000000000000000e+03 2.341000000000000000e+03 6.491580432000000345e-01 2.567682145000000152e-02
2.341000000000000000e+03 2.342000000000000000e+03 4.903191077000000342e-01 2.188448647999999969e-02
2.342000000000000000e+03 2.343000000000000000e+03 3.413990618999999671e-01 1.800256567100000024e-02
2.343000000000000000e+03 2.344000000000000000e+03 1.785701096900000007e+00 1.340411527200000008e-01
2.344000000000000000e+03 2.345000000000000000e+03 1.098071272399999909e+00 1.964000959999999962e-01
2.345000000000000000e+03 2.346000000000000000e+03 1.664500337700000054e+00 5.652092188999999905e-02
2.346000000000000000e+03 2.347000000000000000e+03 1.044338160599999954e+00 2.007616970999999972e-01
2.347000000000000000e+03 2.348000000000000000e+03 1.370863035099999960e+00 4.071499214999999700e-02
2.348000000000000000e+03 2.349000000000000000e+03 1.167795648500000061e+00 3.789808828999999962e-02
2.349000000000000000e+03 2.350000000000000000e+03 1.020627425400000066e+00 3.267978037999999530e-02
2.350000000000000000e+03 2.351000000000000000e+03 8.125237669999999524e-01 2.904310008999999929e-02
2.351000000000000000e+03 2.352000000000000000e+03 5.603484896000000548e-01 3.343771831000000305e-02
2.352000000000000000e+03 2.353000000000000000e+03 4.923553782999999795e-01 2.242596960000000153e-02
2.353000000000000000e+03 2.354000000000000000e+03 3.162720864999999937e-01 1.767706739199999960e-02
2.354000000000000000e+03 2.355000000000000000e+03 1.508969817699999938e+00 1.443390064699999753e-01
2.355000000000000000e+03 2.356000000000000000e+03 1.758552515099999880e+00 4.867366101999999473e-02
2.356000000000000000e+03 2.357000000000000000e+03 1.658131904099999998e+00 4.489235400999999626e-02
2.357000000000000000e+03 2.358000000000000000e+03 1.578361925300000079e+00 4.288294682000000357e-02
2.358000000000000000e+03 2.359000000000000000e+03 1.360496748100000097e+00 3.940613350000000265e-02
2.359000000000000000e+03 2.360000000000000000e+03 1.160537320400000016e+00 3.719108690000000328e-02
2.360000000000000000e+03 2.361000000000000000e+03 9.422817613999999731e-01 3.211288629999999727e-02
2.361000000000000000e+03 2.362000000000000000e+03 7.499647550999999357e-01 2.828155430999999831e-02
2.362000000000000000e+03 2.363000000000000000e+03 6.328995280000000445e-01 2.637473686999999845e-02
2.363000000000000000e+03 2.364000000000000000e+03 4.510491830999999729e-01 2.054358456100000008e-02
2.364000000000000000e+03 2.365000000000000000e+03 2.859679985000000424e-01 1.609191791700000096e-02
2.365000000000000000e+03 2.366000000000000000e+03 1.821472978300000101e+00 5.029645074999999910e-02
2.366000000000000000e+03 2.367000000000000000e+03 1.874503312000000088e+00 2.017690806999999920e-01
2.367000000000000000e+03 2.368000000000000000e+03 1.617494762400000008e+00 5.073491058000000054e-02
2.368000000000000000e+03 2.369000000000000000e+03 1.466746428200000008e+00 4.198197934999999686e-02
2.369000000000000000e+03 2.370000000000000000e+03 1.154165137699999955e+00 1.523018576300000093e-01
2.370000000000000000e+03 2.371000000000000000e+03 1.170052853800000126e+00 3.572180129000000065e-02
2.371000000000000000e+03 2.372000000000000000e+03 9.789190414999999756e-01 3.204734676000000476e-02
2.372000000000000000e+03 2.373000000000000000e+03 7.748669982999999428e-01 2.839078203000000231e-02
2.373000000000000000e+03 2.374000000000000000e+03 5.884641773000000020e-01 2.439823540999999998e-02
2.374000000000000000e+03 2.375000000000000000e+03 4.411037513000000132e-01 2.078174758599999825e-02
2.375000000000000000e+03 2.376000000000000000e+03 3.656592767000000355e-01 1.832905546599999935e-02
2.376000000000000000e+03 2.377000000000000000e+03 1.262871693499999948e+00 2.079578886000000015e-01
2.377000000000000000e+03 2.378000000000000000e+03 1.803035129299999983e+00 4.649285926000000513e-02
2.378000000000000000e+03 2.379000000000000000e+03 1.661616539799999792e+00 5.429521772999999774e-02
2.379000000000000000e+03 2.380000000000000000e+03 1.485524666799999949e+00 4.241255038999999782e-02
2.380000000000000000e+03 2.381000000000000000e+03 1.402696251600000110e+00 4.323629396999999902e-02
2.381000000000000000e+03 2.382000000000000000e+03 1.153351324499999997e+00 3.558396081999999627e-02
2.382000000000000000e+03 2.383000000000000000e+03 7.904717706000000677e-01 5.995878119999999839e-02
2.383000000000000000e+03 2.384000000000000000e+03 7.591635905000000406e-01 2.753667804999999913e-02
2.384000000000000000e+03 2.385000000000000000e+03 6.090930265999999760e-01 2.478997922999999839e-02
2.385000000000000000e+03 2.386000000000000000e+03 4.280029630999999668e-01 2.015574889700000316e-02
2.386000000000000000e+03 2.387000000000000000e+03 3.055367937999999839e-01 1.762395140699999849e-02
2.387000000000000000e+03 2.388000000000000000e+03 1.768336196899999990e+00 6.816365720999999211e-02
2.388000000000000000e+03 2.389000000000000000e+03 1.663933613700000036e+00 7.991775011000000484e-02
2.389000000000000000e+03 2.390000000000000000e+03 1.594085856900000042e+00 4.337445602000000039e-02
2.390000000000000000e+03 2.391000000000000000e+03 1.498570556500000039e+00 4.814994337999999735e-02
2.391000000000000000e+03 2.392000000000000000e+03 1.307454468300000006e+00 3.840758594000000248e-02
2.392000000000000000e+03 2.393000000000000000e+03 8.810283977999999738e-01 1.658863580599999887e-01
2.393000000000000000e+03 2.394000000000000000e+03 8.940895131999999634e-01 3.145267439000000442e-02
2.394000000000000000e+03 2.395000000000000000e+03 7.807445470999999637e-01 2.795151428999999993e-02
2.395000000000000000e+03 2.396000000000000000e+03 6.127506738000000341e-01 2.414877301000000268e-02
2.396000000000000000e+03 2.397000000000000000e+03 4.153566912000000166e-01 2.090036549200000038e-02
2.397000000000000000e+03 2.398000000000000000e+03 3.119397235999999962e-01 1.745446001699999666e-02
2.398000000000000000e+03 2.399000000000000000e+03 1.777088555900000033e+00 6.843976663000000960e-02
2.399000000000000000e+03 2.400000000000000000e+03 1.693801890200000049e+00 4.546312621000000304e-02
2.400000000000000000e+03 2.401000000000000000e+03 1.451313985400000117e+00 9.790720601999999828e-02
2.401000000000000000e+03 2.402000000000000000e+03 1.416598662299999978e+00 4.698749107999999897e-02
2.402000000000000000e+03 2.403000000000000000e+03 1.242078727300000018e+00 4.192011744999999540e-02
2.403000000000000000e+03 2.404000000000000000e+03 1.009859602299999937e+00 9.676973425000000295e-02
2.404000000000000000e+03 2.405000000000000000e+03 9.359365238000000309e-01 3.172375275000000050e-02
2.405000000000000000e+03 2.406000000000000000e+03 7.486715068999999501e-01 3.108534329999999846e-02
2.406000000000000000e+03 2.407000000000000000e+03 5.560942184999999593e-01 2.411296616999999975e-02
2.407000000000000000e+03 2.408000000000000000e+03 4.170822042000000285e-01 2.035932719699999963e-02
2.408000000000000000e+03 2.409000000000000000e+03 2.901570253999999904e-01 1.714544673200000049e-02
2.409000000000000000e+03 2.410000000000000000e+03 1.584316296499999943e+00 1.214212060399999932e-01
2.410000000000000000e+03 2.411000000000000000e+03 1.654171648100000169e+00 4.669681057999999774e-02
2.411000000000000000e+03 2.412000000000000000e+03 1.330676091599999999e+00 1.360352571500000052e-01
2.412000000000000000e+03 2.413000000000000000e+03 1.383917348600000041e+00 5.557205946999999729e-02
2.413000000000000000e+03 2.414000000000000000e+03 1.242617937599999944e+00 3.785192354999999953e-02
2.414000000000000000e+03 2.415000000000000000e+03 1.092564018599999853e+00 3.695764325999999905e-02
2.415000000000000000e+03 2.416000000000000000e+03 6.260258813999999283e-01 1.146714485199999967e-01
2.416000000000000000e+03 2.417000000000000000e+03 7.157945220999999414e-01 2.739420366999999884e-02
2.417000000000000000e+03 2.418000000000000000e+03 4.998389148000000337e-01 2.368274941999999952e-02
2.418000000000000000e+03 2.419000000000000000e+03 4.070985767000000477e-01 2.000522878699999979e-02
2.419000000000000000e+03 2.420000000000000000e+03 2.711506809999999490e-01 1.571513301200000087e-02
2.420000000000000000e+03 2.421000000000000000e+03 1.655577722900000159e+00 7.886279781000000988e-02
2.421000000000000000e+03 2.422000000000000000e+03 1.669876419199999962e+00 4.405729279000000082e-02
2.422000000000000000e+03 2.423000000000000000e+03 1.072122752599999895e+00 1.759302942100000045e-01
2.423000000000000000e+03 2.424000000000000000e+03 1.345989676999999940e+00 1.579811407900000020e-01
2.424000000000000000e+03 2.425000000000000000e+03 1.299211896600000138e+00 3.770418408000000138e-02
2.425000000000000000e+03 2.426000000000000000e+03 1.078499848800000160e+00 3.662808757999999609e-02
2.426000000000000000e+03 2.427000000000000000e+03 8.833486372999999059e-01 3.195747989000000122e-02
2.427000000000000000e+03 2.428000000000000000e+03 7.080974050999999658e-01 2.705903461999999843e-02
2.428000000000000000e+03 2.429000000000000000e+03 5.151787601000000771e-01 2.294089807999999744e-02
2.429000000000000000e+03 2.430000000000000000e+03 4.162126590999999931e-01 2.013295740200000267e-02
2.430000000000000000e+03 2.431000000000000000e+03 2.968155051999999960e-01 1.725184782899999783e-02
2.431000000000000000e+03 2.432000000000000000e+03 1.672839122600000117e+00 4.577491211999999698e-02
2.432000000000000000e+03 2.433000000000000000e+03 1.029390612000000038e+00 1.823106322599999940e-01
2.433000000000000000e+03 2.434000000000000000e+03 1.538446870300000047e+00 5.919163141999999461e-02
2.434000000000000000e+03 2.435000000000000000e+03 1.413384095299999865e+00 5.539450846999999928e-02
2.435000000000000000e+03 2.436000000000000000e+03 1.246235617799999806e+00 3.716398683000000230e-02
2.436000000000000000e+03 2.437000000000000000e+03 1.059906595199999968e+00 3.408436349999999920e-02
2.437000000000000000e+03 2.438000000000000000e+03 8.487098329000000163e-01 3.034437094999999779e-02
2.438000000000000000e+03 2.439000000000000000e+03 7.038309072000000777e-01 2.645934548999999761e-02
2.439000000000000000e+03 2.440000000000000000e+03 5.724649526999999738e-01 2.328319702000000019e-02
2.440000000000000000e+03 2.441000000000000000e+03 3.751415464000000255e-01 1.958395465700000018e-02
2.441000000000000000e+03 2.442000000000000000e+03 2.690838581000000174e-01 1.651133169100000089e-02
2.442000000000000000e+03 2.443000000000000000e+03 1.675796420899999806e+00 4.446070928999999727e-02
2.443000000000000000e+03 2.444000000000000000e+03 1.822768210900000074e+00 1.346776563000000038e-01
2.444000000000000000e+03 2.445000000000000000e+03 1.575352914300000018e+00 4.196552524000000256e-02
2.445000000000000000e+03 2.446000000000000000e+03 1.390803785500000167e+00 3.925305784000000103e-02
2.446000000000000000e+03 2.447000000000000000e+03 9.004601561999999726e-01 1.652597916699999891e-01
2.447000000000000000e+03 2.448000000000000000e+03 1.015537662899999916e+00 5.040137382999999860e-02
2.448000000000000000e+03 2.449000000000000000e+03 8.459404916999999635e-01 2.991590048000000029e-02
2.449000000000000000e+03 2.450000000000000000e+03 6.620094847999999921e-01 2.651250591999999850e-02
2.450000000000000000e+03 2.451000000000000000e+03 5.473694309000000091e-01 2.396094977000000001e-02
2.451000000000000000e+03 2.452000000000000000e+03 3.827967963999999723e-01 1.970132906700000283e-02
2.452000000000000000e+03 2.453000000000000000e+03 3.182679078000000272e-01 1.637524212300000073e-02
2.453000000000000000e+03 2.454000000000000000e+03 1.556571018000000084e+00 5.993604940999999742e-02
2.454000000000000000e+03 2.455000000000000000e+03 1.554117293300000036e+00 4.361669410999999968e-02
2.455000000000000000e+03 2.456000000000000000e+03 1.473455821399999977e+00 4.546736793999999610e-02
2.456000000000000000e+03 2.457000000000000000e+03 1.295917932000000050e+00 6.289583109000000671e-02
2.457000000000000000e+03 2.458000000000000000e+03 1.148520233199999963e+00 3.566125325000000373e-02
2.458000000000000000e+03 2.459000000000000000e+03 9.757494265000000722e-01 3.974278183999999797e-02
2.459000000000000000e+03 2.460000000000000000e+03 7.707456363000000366e-01 2.992920435000000212e-02
2.460000000000000000e+03 2.461000000000000000e+03 6.789068236999999950e-01 2.603618773000000025e-02
2.461000000000000000e+03 2.462000000000000000e+03 5.325806458000000854e-01 2.335584102999999773e-02
2.462000000000000000e+03 2.463000000000000000e+03 3.713775619999999944e-01 1.967628063400000266e-02
2.463000000000000000e+03 2.464000000000000000e+03 2.766801821000000050e-01 1.603713312199999894e-02
2.464000000000000000e+03 2.465000000000000000e+03 1.594329296299999976e+00 4.443027289999999796e-02
2.465000000000000000e+03 2.466000000000000000e+03 1.580243118899999910e+00 4.269372793000000138e-02
2.466000000000000000e+03 2.467000000000000000e+03 1.476163362500000131e+00 4.143238644999999720e-02
2.467000000000000000e+03 2.468000000000000000e+03 1.273544924899999931e+00 3.843121718999999853e-02
2.468000000000000000e+03 2.469000000000000000e+03 1.179777900499999976e+00 3.699014997999999776e-02
2.469000000000000000e+03 2.470000000000000000e+03 9.976597315000000910e-01 3.320391649999999972e-02
2.470000000000000000e+03 2.471000000000000000e+03 7.839174867000000546e-01 2.996284623000000299e-02
2.471000000000000000e+03 2.472000000000000000e+03 6.643916310999999908e-01 2.607875934000000034e-02
2.472000000000000000e+03 2.473000000000000000e+03 4.864873831000000037e-01 2.322572722999999978e-02
2.473000000000000000e+03 2.474000000000000000e+03 3.991998791000000435e-01 1.884946552999999803e-02
2.474000000000000000e+03 2.475000000000000000e+03 2.788762627999999966e-01 1.646326804499999991e-02
2.475000000000000000e+03 2.476000000000000000e+03 1.649497812899999971e+00 4.402449429999999442e-02
2.476000000000000000e+03 2.477000000000000000e+03 1.514907269500000098e+00 4.163066455999999554e-02
2.477000000000000000e+03 2.478000000000000000e+03 1.438271527699999996e+00 4.066484872000000056e-02
2.478000000000000000e+03 2.479000000000000000e+03 1.045258071999999983e+00 1.733336101400000107e-01
2.479000000000000000e+03 2.480000000000000000e+03 1.148517124199999850e+00 3.572121832999999858e-02
2.480000000000000000e+03 2.481000000000000000e+03 7.675773393000000500e-01 1.050717578200000002e-01
2.481000000000000000e+03 2.482000000000000000e+03 8.399048100999999544e-01 2.914067457000000042e-02
2.482000000000000000e+03 2.483000000000000000e+03 6.398754794000000024e-01 2.545163838999999970e-02
2.483000000000000000e+03 2.484000000000000000e+03 4.839523188000000031e-01 2.168218728000000095e-02
2.484000000000000000e+03 2.485000000000000000e+03 3.684749580999999719e-01 1.939647238900000029e-02
2.485000000000000000e+03 2.486000000000000000e+03 2.696042476000000132e-01 1.622741273900000017e-02
2.486000000000000000e+03 2.487000000000000000e+03 1.570146403100000088e+00 4.298991207000000397e-02
2.487000000000000000e+03 2.488000000000000000e+03 1.543921600799999849e+00 4.417630041999999480e-02
2.488000000000000000e+03 2.489000000000000000e+03 1.346653503099999982e+00 4.318961181000000038e-02
2.489000000000000000e+03 2.490000000000000000e+03 1.305167228199999974e+00 3.785971163999999473e-02
2.490000000000000000e+03 2.491000000000000000e+03 1.121705092000000015e+00 3.521129412000000014e-02
2.491000000000000000e+03 2.492000000000000000e+03 9.391352893000000090e-01 3.300658660999999938e-02
2.492000000000000000e+03 2.493000000000000000e+03 8.760863655000000749e-01 2.920376373999999942e-02
2.493000000000000000e+03 2.494000000000000000e+03 5.994337658000000735e-01 3.950605514999999679e-02
2.494000000000000000e+03 2.495000000000000000e+03 4.815005354999999931e-01 2.267711795000000238e-02
2.495000000000000000e+03 2.496000000000000000e+03 3.906264978999999804e-01 1.902742245399999949e-02
2.496000000000000000e+03 2.497000000000000000e+03 2.622086056999999859e-01 1.580182687399999883e-02
2.497000000000000000e+03 2.498000000000000000e+03 1.514811319000000100e+00 4.352984692000000377e-02
2.498000000000000000e+03 2.499000000000000000e+03 1.401455812700000081e+00 9.005455917999999338e-02
2.499000000000000000e+03 2.500000000000000000e+03 1.383242088800000102e+00 3.993760824999999931e-02
2.500000000000000000e+03 2.501000000000000000e+03 1.325557493699999867e+00 3.936012872000000523e-02
2.501000000000000000e+03 2.502000000000000000e+03 1.186121924099999836e+00 3.473082071999999965e-02
2.502000000000000000e+03 2.503000000000000000e+03 9.332852930000000713e-01 3.472010601000000141e-02
2.503000000000000000e+03 2.504000000000000000e+03 7.880113853000000335e-01 2.873125253000000101e-02
2.504000000000000000e+03 2.505000000000000000e+03 6.203683045000000229e-01 2.566728698000000225e-02
2.505000000000000000e+03 2.506000000000000000e+03 4.627264427999999707e-01 2.231015815000000208e-02
2.506000000000000000e+03 2.507000000000000000e+03 3.688596566999999826e-01 1.843426589099999777e-02
2.507000000000000000e+03 2.508000000000000000e+03 2.420272596000000165e-01 1.539542458800000069e-02
2.508000000000000000e+03 2.509000000000000000e+03 1.512296002200000045e+00 6.429645868000000153e-02
2.509000000000000000e+03 2.510000000000000000e+03 1.390010140400000038e+00 5.663611159999999700e-02
2.510000000000000000e+03 2.511000000000000000e+03 1.431468262400000135e+00 3.954942448000000471e-02
2.511000000000000000e+03 2.512000000000000000e+03 1.285775427699999973e+00 4.466100440999999643e-02
2.512000000000000000e+03 2.513000000000000000e+03 9.924420391999999591e-01 4.536552107000000472e-02
2.513000000000000000e+03 2.514000000000000000e+03 9.551528932999999721e-01 3.217730536000000530e-02
2.514000000000000000e+03 2.515000000000000000e+03 6.713272161000000127e-01 6.424742237000000133e-02
2.515000000000000000e+03 2.516000000000000000e+03 5.897699767999999843e-01 2.485736126999999948e-02
2.516000000000000000e+03 2.517000000000000000e+03 4.591724498000000487e-01 2.669347294000000079e-02
2.517000000000000000e+03 2.518000000000000000e+03 2.742150874000000016e-01 1.599519882900000273e-02
2.518000000000000000e+03 2.519000000000000000e+03 2.484208783000000087e-01 1.527312280599999947e-02
2.519000000000000000e+03 2.520000000000000000e+03 1.572549953900000075e+00 4.240524941000000519e-02
2.520000000000000000e+03 2.521000000000000000e+03 1.435116060199999932e+00 4.008801430000000221e-02
2.521000000000000000e+03 2.522000000000000000e+03 1.378870562899999985e+00 3.864340892999999777e-02
2.522000000000000000e+03 2.523000000000000000e+03 1.222974586899999938e+00 3.709899423000000140e-02
2.523000000000000000e+03 2.524000000000000000e+03 1.153685084599999966e+00 3.507138592999999721e-02
2.524000000000000000e+03 2.525000000000000000e+03 9.745603146000000327e-01 3.159871187999999803e-02
2.525000000000000000e+03 2.526000000000000000e+03 7.556371128999999076e-01 2.827026420999999984e-02
2.526000000000000000e+03 2.527000000000000000e+03 6.338437346999999944e-01 2.567015597000000052e-02
2.527000000000000000e+03 2.528000000000000000e+03 2.487846792999999779e-01 1.512753694499999885e-02
2.528000000000000000e+03 2.529000000000000000e+03 3.335504837000000111e-01 1.866762885899999821e-02
2.529000000000000000e+03 2.530000000000000000e+03 1.723037482700000012e-01 1.160734931199999993e-02
2.530000000000000000e+03 2.531000000000000000e+03 1.493658539399999929e+00 4.112979624999999612e-02
2.531000000000000000e+03 2.532000000000000000e+03 1.475073896400000084e+00 4.027370135000000323e-02
2.532000000000000000e+03 2.533000000000000000e+03 1.317924369599999812e+00 3.895056557999999891e-02
2.533000000000000000e+03 2.534000000000000000e+03 1.197343639000000071e+00 5.402750492000000376e-02
2.534000000000000000e+03 2.535000000000000000e+03 9.823646405999999498e-01 7.947729466999998993e-02
2.535000000000000000e+03 2.536000000000000000e+03 9.051034152999999360e-01 3.145532997000000108e-02
2.536000000000000000e+03 2.537000000000000000e+03 7.638039676000000222e-01 2.821926622999999801e-02
2.537000000000000000e+03 2.538000000000000000e+03 6.099915364000000340e-01 2.490611841999999798e-02
2.538000000000000000e+03 2.539000000000000000e+03 3.543824409999999925e-01 3.714341455999999736e-02
2.539000000000000000e+03 2.540000000000000000e+03 3.661082815000000212e-01 1.896354611299999951e-02
2.540000000000000000e+03 2.541000000000000000e+03 2.405429008999999951e-01 1.590982177399999711e-02
2.541000000000000000e+03 2.542000000000000000e+03 1.398723606699999955e+00 4.141447126000000201e-02
2.542000000000000000e+03 2.543000000000000000e+03 1.424890251399999919e+00 3.970187996999999941e-02
2.543000000000000000e+03 2.544000000000000000e+03 1.312160269999999906e+00 3.782811708999999495e-02
2.544000000000000000e+03 2.545000000000000000e+03 1.157871304900000009e+00 3.718353977999999671e-02
2.545000000000000000e+03 2.546000000000000000e+03 1.120197972900000005e+00 3.400541162999999589e-02
2.546000000000000000e+03 2.547000000000000000e+03 9.078638287000000417e-01 3.054438405999999884e-02
2.547000000000000000e+03 2.548000000000000000e+03 7.548785248000000614e-01 4.354121207000000160e-02
2.548000000000000000e+03 2.549000000000000000e+03 5.938034046000000288e-01 2.458690619999999785e-02
2.549000000000000000e+03 2.550000000000000000e+03 4.444904185999999924e-01 2.176254971999999968e-02
2.550000000000000000e+03 2.551000000000000000e+03 3.347913800000000273e-01 1.812902389400000008e-02
2.551000000000000000e+03 2.552000000000000000e+03 2.423937104999999981e-01 1.489672855800000008e-02
2.552000000000000000e+03 2.553000000000000000e+03 1.440557918499999923e+00 4.352715221999999690e-02
2.553000000000000000e+03 2.554000000000000000e+03 1.400810929299999952e+00 4.006883945000000447e-02
2.554000000000000000e+03 2.555000000000000000e+03 1.327186762500000006e+00 3.812285207999999842e-02
2.555000000000000000e+03 2.556000000000000000e+03 1.149959891600000006e+00 3.599418834999999761e-02
2.556000000000000000e+03 2.557000000000000000e+03 1.006835020500000066e+00 3.347006954999999506e-02
2.557000000000000000e+03 2.558000000000000000e+03 9.013787013999999820e-01 3.088809344000000012e-02
2.558000000000000000e+03 2.559000000000000000e+03 7.496851588999999816e-01 9.543631505000001181e-02
2.559000000000000000e+03 2.560000000000000000e+03 5.913645644999999673e-01 2.462554457000000127e-02
2.560000000000000000e+03 2.561000000000000000e+03 5.006097299999999750e-01 2.190845626000000046e-02
2.561000000000000000e+03 2.562000000000000000e+03 3.286075774999999699e-01 1.784269773299999862e-02
2.562000000000000000e+03 2.563000000000000000e+03 2.573936909000000273e-01 1.500924432499999885e-02
2.563000000000000000e+03 2.564000000000000000e+03 1.328279948900000118e+00 6.531978253999999595e-02
2.564000000000000000e+03 2.565000000000000000e+03 1.372608595600000037e+00 4.395822363999999510e-02
2.565000000000000000e+03 2.566000000000000000e+03 1.284794199699999862e+00 4.571891407999999907e-02
2.566000000000000000e+03 2.567000000000000000e+03 1.217736150899999981e+00 5.433281130999999958e-02
2.567000000000000000e+03 2.568000000000000000e+03 9.876156201000000356e-01 3.315991001000000160e-02
2.568000000000000000e+03 2.569000000000000000e+03 8.202312762999999229e-01 6.346641057999999336e-02
2.569000000000000000e+03 2.570000000000000000e+03 7.009869953999999792e-01 2.954272475999999981e-02
2.570000000000000000e+03 2.571000000000000000e+03 5.182503685000000582e-01 2.357046865000000241e-02
2.571000000000000000e+03 2.572000000000000000e+03 4.455447953000000183e-01 2.081202648800000235e-02
2.572000000000000000e+03 2.573000000000000000e+03 3.441154397000000253e-01 1.821585970099999854e-02
2.573000000000000000e+03 2.574000000000000000e+03 1.774462243100000114e-01 1.366631915600000080e-02
2.574000000000000000e+03 2.575000000000000000e+03 1.354036201300000020e+00 3.989236134000000156e-02
2.575000000000000000e+03 2.576000000000000000e+03 1.390945464599999903e+00 3.847580612999999816e-02
2.576000000000000000e+03 2.577000000000000000e+03 1.311978369300000002e+00 3.735670450999999809e-02
2.577000000000000000e+03 2.578000000000000000e+03 1.156379682899999928e+00 6.354856898999999837e-02
2.578000000000000000e+03 2.579000000000000000e+03 1.027452129699999883e+00 3.353460794000000245e-02
2.579000000000000000e+03 2.580000000000000000e+03 8.512963107000000029e-01 4.680390644000000100e-02
2.580000000000000000e+03 2.581000000000000000e+03 7.106671142000000607e-01 2.764525542000000058e-02
2.581000000000000000e+03 2.582000000000000000e+03 5.357159061999999805e-01 2.518616972999999926e-02
2.582000000000000000e+03 2.583000000000000000e+03 4.011709485000000130e-01 4.103720149000000122e-02
2.583000000000000000e+03 2.584000000000000000e+03 2.853525793999999727e-01 1.705940581799999731e-02
2.584000000000000000e+03 2.585000000000000000e+03 2.159106151400000118e-01 1.472758756600000066e-02
2.585000000000000000e+03 2.586000000000000000e+03 1.439437763099999934e+00 3.899884010000000123e-02
2.586000000000000000e+03 2.587000000000000000e+03 1.328319898800000010e+00 3.859699361999999884e-02
2.587000000000000000e+03 2.588000000000000000e+03 1.099713073300000010e+00 1.609644131599999861e-01
2.588000000000000000e+03 2.589000000000000000e+03 1.169901650300000151e+00 3.544493462000000011e-02
2.589000000000000000e+03 2.590000000000000000e+03 1.000347488400000096e+00 3.255014511999999860e-02
2.590000000000000000e+03 2.591000000000000000e+03 8.034864455000000349e-01 4.992195480000000130e-02
2.591000000000000000e+03 2.592000000000000000e+03 6.879272664000000148e-01 2.711088714000000136e-02
2.592000000000000000e+03 2.593000000000000000e+03 5.770314852000000272e-01 2.412472910000000234e-02
2.593000000000000000e+03 2.594000000000000000e+03 3.967686265999999518e-01 2.097405624999999774e-02
2.594000000000000000e+03 2.595000000000000000e+03 3.033557914000000189e-01 1.737337803400000255e-02
2.595000000000000000e+03 2.596000000000000000e+03 2.293797115900000072e-01 1.465458557399999980e-02
2.596000000000000000e+03 2.597000000000000000e+03 1.016308859600000059e+00 1.337114292099999824e-01
2.597000000000000000e+03 2.598000000000000000e+03 1.292492992799999962e+00 3.765173832000000276e-02
2.598000000000000000e+03 2.599000000000000000e+03 1.318498445300000155e+00 3.645022802000000284e-02
2.599000000000000000e+03 2.600000000000000000e+03 9.611804889000000740e-01 7.155113084000000456e-02
2.600000000000000000e+03 2.601000000000000000e+03 9.723753506000000213e-01 3.286396166000000313e-02
2.601000000000000000e+03 2.602000000000000000e+03 8.449065635000000407e-01 3.006559806000000043e-02
2.602000000000000000e+03 2.603000000000000000e+03 6.890803674000000045e-01 2.719519431000000029e-02
2.603000000000000000e+03 2.604000000000000000e+03 5.698319820000000702e-01 2.421446739999999834e-02
2.604000000000000000e+03 2.605000000000000000e+03 3.735443747000000148e-01 2.090506257000000062e-02
2.605000000000000000e+03 2.606000000000000000e+03 3.365665841999999630e-01 1.762317829899999813e-02
2.606000000000000000e+03 2.607000000000000000e+03 2.068770693500000257e-01 1.396538844299999998e-02
2.607000000000000000e+03 2.608000000000000000e+03 1.310019001300000152e+00 1.132833538400000034e-01
2.608000000000000000e+03 2.609000000000000000e+03 1.147072014699999976e+00 9.499836306000000730e-02
2.609000000000000000e+03 2.610000000000000000e+03 1.142534274700000019e+00 3.602760635999999878e-02
2.610000000000000000e+03 2.611000000000000000e+03 1.093993871399999929e+00 3.544487095999999948e-02
2.611000000000000000e+03 2.612000000000000000e+03 9.920796069999999744e-01 3.291302915000000190e-02
2.612000000000000000e+03 2.613000000000000000e+03 7.851037216000000818e-01 2.950312536000000013e-02
2.613000000000000000e+03 2.614000000000000000e+03 6.447541588000000878e-01 2.537346395999999851e-02
2.614000000000000000e+03 2.615000000000000000e+03 4.686922217999999751e-01 2.217857498999999816e-02
2.615000000000000000e+03 2.616000000000000000e+03 4.292929328999999794e-01 2.066865740799999837e-02
2.616000000000000000e+03 2.617000000000000000e+03 2.964465660999999752e-01 1.712004342499999845e-02
2.617000000000000000e+03 2.618000000000000000e+03 1.979457567300000054e-01 1.352284486499999959e-02
2.618000000000000000e+03 2.619000000000000000e+03 1.365029360199999875e+00 3.860286802000000017e-02
2.619000000000000000e+03 2.620000000000000000e+03 1.327472110500000024e+00 3.712746262000000269e-02
2.620000000000000000e+03 2.621000000000000000e+03 1.169914245399999997e+00 3.742845679000000175e-02
2.621000000000000000e+03 2.622000000000000000e+03 1.070599494799999940e+00 3.427299800999999979e-02
2.622000000000000000e+03 2.623000000000000000e+03 9.511306342000001024e-01 3.235869742999999965e-02
2.623000000000000000e+03 2.624000000000000000e+03 8.583041962999999885e-01 2.944153233000000244e-02
2.624000000000000000e+03 2.625000000000000000e+03 6.255101262000000162e-01 2.644068014999999966e-02
2.625000000000000000e+03 2.626000000000000000e+03 5.198619479999999626e-01 2.368342639999999888e-02
2.626000000000000000e+03 2.627000000000000000e+03 4.590269677000000104e-01 2.010461503299999786e-02
2.627000000000000000e+03 2.628000000000000000e+03 2.979799250999999871e-01 1.692763937199999805e-02
2.628000000000000000e+03 2.629000000000000000e+03 9.604521257999999728e-02 9.489780575000000482e-03
2.629000000000000000e+03 2.630000000000000000e+03 9.495795523000000182e-01 1.340716046600000100e-01
2.630000000000000000e+03 2.631000000000000000e+03 1.298382602200000013e+00 1.354413060999999918e-01
2.631000000000000000e+03 2.632000000000000000e+03 1.167186514499999994e+00 3.587501945999999747e-02
2.632000000000000000e+03 2.633000000000000000e+03 1.013186790800000070e+00 3.487210033999999653e-02
2.633000000000000000e+03 2.634000000000000000e+03 9.814024408000000532e-01 3.177529873999999921e-02
2.634000000000000000e+03 2.635000000000000000e+03 7.782057007000000581e-01 2.903694500999999886e-02
2.635000000000000000e+03 2.636000000000000000e+03 6.411221987999999872e-01 2.637508937000000026e-02
2.636000000000000000e+03 2.637000000000000000e+03 5.150303741000000768e-01 2.379924145999999865e-02
2.637000000000000000e+03 2.638000000000000000e+03 4.090496297000000281e-01 2.009049969499999977e-02
2.638000000000000000e+03 2.639000000000000000e+03 2.864927765999999987e-01 1.738689213199999875e-02
2.639000000000000000e+03 2.640000000000000000e+03 1.646029059099999858e-01 1.224163259900000120e-02
2.640000000000000000e+03 2.641000000000000000e+03 1.309397233400000138e+00 3.818391499999999883e-02
2.641000000000000000e+03 2.642000000000000000e+03 1.236240291499999921e+00 3.665024727000000537e-02
2.642000000000000000e+03 2.643000000000000000e+03 1.207913331499999909e+00 3.523667308000000276e-02
2.643000000000000000e+03 2.644000000000000000e+03 1.082659240500000175e+00 3.699218020000000218e-02
2.644000000000000000e+03 2.645000000000000000e+03 9.354493492000000021e-01 3.201714418999999923e-02
2.645000000000000000e+03 2.646000000000000000e+03 7.701375262999999860e-01 3.222000233999999796e-02
2.646000000000000000e+03 2.647000000000000000e+03 6.487372241000000095e-01 2.587496057000000099e-02
2.647000000000000000e+03 2.648000000000000000e+03 5.507172969999999390e-01 2.304719893000000200e-02
2.648000000000000000e+03 2.649000000000000000e+03 3.700650912000000292e-01 2.213810692999999830e-02
2.649000000000000000e+03 2.650000000000000000e+03 2.929837782999999973e-01 2.512286671200000127e-02
2.650000000000000000e+03 2.651000000000000000e+03 1.871191234799999825e-01 1.291729608500000008e-02
2.651000000000000000e+03 2.652000000000000000e+03 1.223829088999999870e+00 3.910856531999999663e-02
2.652000000000000000e+03 2.653000000000000000e+03 1.240500546600000087e+00 8.145030912000000844e-02
2.653000000000000000e+03 2.654000000000000000e+03 1.195433248100000068e+00 3.503435017999999984e-02
2.654000000000000000e+03 2.655000000000000000e+03 1.081900073100000137e+00 3.867817693999999612e-02
2.655000000000000000e+03 2.656000000000000000e+03 9.038782371999999343e-01 3.127395463999999708e-02
2.656000000000000000e+03 2.657000000000000000e+03 7.736743192999999685e-01 2.851187793999999942e-02
2.657000000000000000e+03 2.658000000000000000e+03 6.470450240000000797e-01 2.596292387000000146e-02
2.658000000000000000e+03 2.659000000000000000e+03 4.817671855999999808e-01 2.256906780000000196e-02
2.659000000000000000e+03 2.660000000000000000e+03 3.493241040000000242e-01 1.977978848199999848e-02
2.660000000000000000e+03 2.661000000000000000e+03 3.101967542999999883e-01 1.682213838800000055e-02
2.661000000000000000e+03 2.662000000000000000e+03 2.147257103800000178e-01 1.408852517899999990e-02
2.662000000000000000e+03 2.663000000000000000e+03 1.382077184699999961e+00 3.784296770000000060e-02
2.663000000000000000e+03 2.664000000000000000e+03 1.284519165499999893e+00 3.572854874999999847e-02
2.664000000000000000e+03 2.665000000000000000e+03 1.158672470000000176e+00 3.490907668999999880e-02
2.665000000000000000e+03 2.666000000000000000e+03 1.027055918100000076e+00 3.289795731000000334e-02
2.666000000000000000e+03 2.667000000000000000e+03 8.804765569999999375e-01 3.048030356999999885e-02
2.667000000000000000e+03 2.668000000000000000e+03 7.215456541999999418e-01 2.869224818000000107e-02
2.668000000000000000e+03 2.669000000000000000e+03 5.673584986999999913e-01 2.579721087000000010e-02
2.669000000000000000e+03 2.670000000000000000e+03 5.102990139999999952e-01 2.281829460000000045e-02
2.670000000000000000e+03 2.671000000000000000e+03 3.796560731999999994e-01 1.938360223900000012e-02
2.671000000000000000e+03 2.672000000000000000e+03 2.594110500999999847e-01 1.622515862200000006e-02
2.672000000000000000e+03 2.673000000000000000e+03 2.101792699199999948e-01 1.385334910400000050e-02
2.673000000000000000e+03 2.674000000000000000e+03 1.213187983600000130e+00 3.651400863999999802e-02
2.674000000000000000e+03 2.675000000000000000e+03 1.208858868200000103e+00 3.565271418000000303e-02
2.675000000000000000e+03 2.676000000000000000e+03 1.100097931200000101e+00 3.410792221000000235e-02
2.676000000000000000e+03 2.677000000000000000e+03 1.011698899700000043e+00 3.271980373999999747e-02
2.677000000000000000e+03 2.678000000000000000e+03 9.154802566999999947e-01 3.165328029000000210e-02
2.678000000000000000e+03 2.679000000000000000e+03 7.818611316000000366e-01 2.856525391000000122e-02
2.679000000000000000e+03 2.680000000000000000e+03 5.848151726000000439e-01 2.851617531999999997e-02
2.680000000000000000e+03 2.681000000000000000e+03 4.939078053999999551e-01 2.315174190000000159e-02
2.681000000000000000e+03 2.682000000000000000e+03 3.613160939000000238e-01 1.979875441699999877e-02
2.682000000000000000e+03 2.683000000000000000e+03 2.859008276999999709e-01 1.633194956099999831e-02
2.683000000000000000e+03 2.684000000000000000e+03 1.743754522899999826e-01 2.174784703299999927e-02
2.684000000000000000e+03 2.685000000000000000e+03 1.257202922900000130e+00 4.345991876000000059e-02
2.685000000000000000e+03 2.686000000000000000e+03 1.175513044999999979e+00 3.483358552000000163e-02
2.686000000000000000e+03 2.687000000000000000e+03 1.118220528099999944e+00 6.766230445000000204e-02
2.687000000000000000e+03 2.688000000000000000e+03 9.343014393999999889e-01 3.442612358000000233e-02
2.688000000000000000e+03 2.689000000000000000e+03 8.886371214000000629e-01 3.096271777999999933e-02
2.689000000000000000e+03 2.690000000000000000e+03 7.741314065000000078e-01 2.814303397000000179e-02
2.690000000000000000e+03 2.691000000000000000e+03 6.536782116999999559e-01 2.586326377000000218e-02
2.691000000000000000e+03 2.692000000000000000e+03 4.633540064999999708e-01 2.194495517000000229e-02
2.692000000000000000e+03 2.693000000000000000e+03 3.392410497000000191e-01 1.866516759000000011e-02
2.693000000000000000e+03 2.694000000000000000e+03 2.664458212999999964e-01 1.635261697800000080e-02
2.694000000000000000e+03 2.695000000000000000e+03 1.806526134900000025e-01 1.307101586999999919e-02
2.695000000000000000e+03 2.696000000000000000e+03 1.205066153300000220e+00 3.584641087999999864e-02
2.696000000000000000e+03 2.697000000000000000e+03 1.162229954599999893e+00 5.974652954000000266e-02
2.697000000000000000e+03 2.698000000000000000e+03 1.132129242500000021e+00 3.334185107999999842e-02
2.698000000000000000e+03 2.699000000000000000e+03 1.004499863399999970e+00 3.221031372000000143e-02
2.699000000000000000e+03 2.700000000000000000e+03 8.732740747999999664e-01 2.978344991999999983e-02
2.700000000000000000e+03 2.701000000000000000e+03 6.920597396000000012e-01 2.988218840999999973e-02
2.701000000000000000e+03 2.702000000000000000e+03 5.814714249000000335e-01 2.495429272000000004e-02
2.702000000000000000e+03 2.703000000000000000e+03 4.582394597999999708e-01 2.199029355999999880e-02
2.703000000000000000e+03 2.704000000000000000e+03 3.829965049999999871e-01 1.902478223400000043e-02
2.704000000000000000e+03 2.705000000000000000e+03 1.938679352400000111e-01 1.456690086499999939e-02
2.705000000000000000e+03 2.706000000000000000e+03 1.736694513600000045e-01 4.184027868999999622e-02
2.706000000000000000e+03 2.707000000000000000e+03 1.212552886999999968e+00 3.623948151000000450e-02
2.707000000000000000e+03 2.708000000000000000e+03 1.151940396299999891e+00 3.631377499999999953e-02
2.708000000000000000e+03 2.709000000000000000e+03 1.076139453000000135e+00 3.377389522999999644e-02
2.709000000000000000e+03 2.710000000000000000e+03 9.511169111999999703e-01 4.597596818000000002e-02
2.710000000000000000e+03 2.711000000000000000e+03 8.427212874999999714e-01 3.055918796000000118e-02
2.711000000000000000e+03 2.712000000000000000e+03 6.578244169000000419e-01 3.051624336000000048e-02
2.712000000000000000e+03 2.713000000000000000e+03 5.974297141000000089e-01 3.018237152000000090e-02
2.713000000000000000e+03 2.714000000000000000e+03 4.226979907999999786e-01 2.280306226000000311e-02
2.714000000000000000e+03 2.715000000000000000e+03 3.345587519000000065e-01 1.852121082200000254e-02
2.715000000000000000e+03 2.716000000000000000e+03 2.822811069000000228e-01 1.601180655200000122e-02
2.716000000000000000e+03 2.717000000000000000e+03 2.040476863800000096e-01 1.342790968399999903e-02
2.717000000000000000e+03 2.718000000000000000e+03 1.114334051399999970e+00 3.571595682999999938e-02
2.718000000000000000e+03 2.719000000000000000e+03 1.160838534300000058e+00 6.359294956000000054e-02
2.719000000000000000e+03 2.720000000000000000e+03 1.086489273400000011e+00 3.332674006999999938e-02
2.720000000000000000e+03 2.721000000000000000e+03 9.789556708999999080e-01 3.215995790000000104e-02
2.721000000000000000e+03 2.722000000000000000e+03 8.771298791000000650e-01 4.202720313999999679e-02
2.722000000000000000e+03 2.723000000000000000e+03 6.666831693000000447e-01 2.740188281000000003e-02
2.723000000000000000e+03 2.724000000000000000e+03 5.828738314999999393e-01 2.440248146999999743e-02
2.724000000000000000e+03 2.725000000000000000e+03 5.063686872999999533e-01 2.226910596000000048e-02
2.725000000000000000e+03 2.726000000000000000e+03 3.504018369000000410e-01 1.930530795799999949e-02
2.726000000000000000e+03 2.727000000000000000e+03 1.771609258899999872e-01 1.375103139900000007e-02
2.727000000000000000e+03 2.728000000000000000e+03 1.569681834799999953e-01 1.230804254700000079e-02
2.728000000000000000e+03 2.729000000000000000e+03 1.144503056600000068e+00 3.554887982000000390e-02
2.729000000000000000e+03 2.730000000000000000e+03 1.151154162999999953e+00 3.662668463000000318e-02
2.730000000000000000e+03 2.731000000000000000e+03 9.982825422000000115e-01 3.320817850999999848e-02
2.731000000000000000e+03 2.732000000000000000e+03 8.852580292999999712e-01 4.762897376999999932e-02
2.732000000000000000e+03 2.733000000000000000e+03 8.607215051000000061e-01 3.058134019000000037e-02
2.733000000000000000e+03 2.734000000000000000e+03 7.008086019999999472e-01 2.933235877000000061e-02
2.734000000000000000e+03 2.735000000000000000e+03 5.828369612999999561e-01 2.461110155999999757e-02
2.735000000000000000e+03 2.736000000000000000e+03 4.443134894999999918e-01 2.200566500000000064e-02
2.736000000000000000e+03 2.737000000000000000e+03 3.587472207999999885e-01 1.957467023999999792e-02
2.737000000000000000e+03 2.738000000000000000e+03 2.400213835000000184e-01 1.703450429999999946e-02
2.738000000000000000e+03 2.739000000000000000e+03 2.044419409400000109e-01 1.321848293599999988e-02
2.739000000000000000e+03 2.740000000000000000e+03 1.132508030799999954e+00 3.518493287999999858e-02
2.740000000000000000e+03 2.741000000000000000e+03 8.952029362000000212e-01 9.396853226000000114e-02
2.741000000000000000e+03 2.742000000000000000e+03 1.079838463800000037e+00 3.334943539000000123e-02
2.742000000000000000e+03 2.743000000000000000e+03 9.737478716999999895e-01 3.206754047999999663e-02
2.743000000000000000e+03 2.744000000000000000e+03 7.931511750000000971e-01 2.953997589000000035e-02
2.744000000000000000e+03 2.745000000000000000e+03 4.426124398999999876e-01 2.324540769000000076e-02
2.745000000000000000e+03 2.746000000000000000e+03 4.569642416999999956e-01 4.292088961999999952e-02
2.746000000000000000e+03 2.747000000000000000e+03 4.143218484999999784e-01 2.160472240999999904e-02
2.747000000000000000e+03 2.748000000000000000e+03 3.343288105000000177e-01 2.148644323999999994e-02
2.748000000000000000e+03 2.749000000000000000e+03 2.006037086299999883e-01 1.435370866399999883e-02
2.749000000000000000e+03 2.750000000000000000e+03 9.990242893999999596e-02 9.621721023999999650e-03
2.750000000000000000e+03 2.751000000000000000e+03 1.093858483000000215e+00 3.501359334000000295e-02
2.751000000000000000e+03 2.752000000000000000e+03 1.094022074900000030e+00 3.660052844000000194e-02
2.752000000000000000e+03 2.753000000000000000e+03 1.000233127000000000e+00 3.234545440999999494e-02
2.753000000000000000e+03 2.754000000000000000e+03 8.946255256999999794e-01 3.075320679000000113e-02
2.754000000000000000e+03 2.755000000000000000e+03 8.210396058999999136e-01 2.948721639000000116e-02
2.755000000000000000e+03 2.756000000000000000e+03 6.862789594000000548e-01 2.691078103000000069e-02
2.756000000000000000e+03 2.757000000000000000e+03 5.799795129000000493e-01 2.473164066000000175e-02
2.757000000000000000e+03 2.758000000000000000e+03 4.404455327999999836e-01 2.141936575999999967e-02
2.758000000000000000e+03 2.759000000000000000e+03 3.242053034000000333e-01 2.635876145000000045e-02
2.759000000000000000e+03 2.760000000000000000e+03 2.771328268999999622e-01 1.606632254899999918e-02
2.760000000000000000e+03 2.761000000000000000e+03 1.750508372799999823e-01 1.301322993199999917e-02
2.761000000000000000e+03 2.762000000000000000e+03 1.134140482299999864e+00 3.453457652999999961e-02
2.762000000000000000e+03 2.763000000000000000e+03 1.067634522999999946e+00 3.328107580999999787e-02
2.763000000000000000e+03 2.764000000000000000e+03 9.768666140000000775e-01 9.826123639999999326e-02
2.764000000000000000e+03 2.765000000000000000e+03 9.092167862000000156e-01 4.010606477999999891e-02
2.765000000000000000e+03 2.766000000000000000e+03 7.835906537999999255e-01 2.871547022000000074e-02
2.766000000000000000e+03 2.767000000000000000e+03 6.602615198999999269e-01 2.643653715000000154e-02
2.767000000000000000e+03 2.768000000000000000e+03 5.114628804999999945e-01 2.327920710999999837e-02
2.768000000000000000e+03 2.769000000000000000e+03 3.631130853999999797e-01 6.587791858000000000e-02
2.769000000000000000e+03 2.770000000000000000e+03 3.304907897000000094e-01 1.834348454500000017e-02
2.770000000000000000e+03 2.771000000000000000e+03 2.424900345999999873e-01 1.574476407400000194e-02
2.771000000000000000e+03 2.772000000000000000e+03 1.756685457899999914e-01 1.237407633100000119e-02
2.772000000000000000e+03 2.773000000000000000e+03 1.120449099900000078e+00 3.518337702000000344e-02
2.773000000000000000e+03 2.774000000000000000e+03 1.071983571899999932e+00 3.302734605999999712e-02
2.774000000000000000e+03 2.775000000000000000e+03 9.705634563999999687e-01 3.250999995000000004e-02
2.775000000000000000e+03 2.776000000000000000e+03 8.503420068999999470e-01 3.051520098999999792e-02
2.776000000000000000e+03 2.777000000000000000e+03 8.103998941000000178e-01 2.890176109999999937e-02
2.777000000000000000e+03 2.778000000000000000e+03 6.621161079999999810e-01 2.621008685999999879e-02
2.778000000000000000e+03 2.779000000000000000e+03 5.444234054000000045e-01 2.329198568999999927e-02
2.779000000000000000e+03 2.780000000000000000e+03 4.325850866000000017e-01 2.139641093999999910e-02
2.780000000000000000e+03 2.781000000000000000e+03 3.435360981999999730e-01 6.095834118000000024e-02
2.781000000000000000e+03 2.782000000000000000e+03 2.224802225200000205e-01 1.506743536099999954e-02
2.782000000000000000e+03 2.783000000000000000e+03 1.592856310899999905e-01 1.225882944999999967e-02
2.783000000000000000e+03 2.784000000000000000e+03 1.077032906999999984e+00 3.419784618999999887e-02
2.784000000000000000e+03 2.785000000000000000e+03 1.018526778700000079e+00 3.329974584999999959e-02
2.785000000000000000e+03 2.786000000000000000e+03 1.011477398400000061e+00 3.137595244000000033e-02
2.786000000000000000e+03 2.787000000000000000e+03 8.239365452000000367e-01 3.143161491999999640e-02
2.787000000000000000e+03 2.788000000000000000e+03 8.190309320999999976e-01 2.849020396999999913e-02
2.788000000000000000e+03 2.789000000000000000e+03 6.872050612000000225e-01 2.682726960999999924e-02
2.789000000000000000e+03 2.790000000000000000e+03 5.360563375999999325e-01 2.445120430999999858e-02
2.790000000000000000e+03 2.791000000000000000e+03 4.245616654999999628e-01 3.363484175999999909e-02
2.791000000000000000e+03 2.792000000000000000e+03 3.246241668000000025e-01 1.783605880400000038e-02
2.792000000000000000e+03 2.793000000000000000e+03 2.240613213700000106e-01 1.506451534300000047e-02
2.793000000000000000e+03 2.794000000000000000e+03 1.539647800800000021e-01 1.226688111799999897e-02
2.794000000000000000e+03 2.795000000000000000e+03 1.063324224999999901e+00 3.317180631000000296e-02
2.795000000000000000e+03 2.796000000000000000e+03 9.785903383000000844e-01 3.719764302999999800e-02
2.796000000000000000e+03 2.797000000000000000e+03 9.634858031999999906e-01 3.143348320999999473e-02
2.797000000000000000e+03 2.798000000000000000e+03 8.955427152999999585e-01 3.026391628000000070e-02
2.798000000000000000e+03 2.799000000000000000e+03 5.089423041000000758e-01 9.892010994000000057e-02
2.799000000000000000e+03 2.800000000000000000e+03 6.483274804000001001e-01 2.662372493999999937e-02
2.800000000000000000e+03 2.801000000000000000e+03 5.186399217000000617e-01 2.374735286000000112e-02
2.801000000000000000e+03 2.802000000000000000e+03 4.372112103000000416e-01 2.104949734000000072e-02
2.802000000000000000e+03 2.803000000000000000e+03 2.758143150999999849e-01 1.730695614299999907e-02
2.803000000000000000e+03 2.804000000000000000e+03 2.437113682999999809e-01 1.555278947500000029e-02
2.804000000000000000e+03 2.805000000000000000e+03 1.462456018200000152e-01 1.180679863800000035e-02
2.805000000000000000e+03 2.806000000000000000e+03 1.093852012300000176e+00 3.383660226000000104e-02
2.806000000000000000e+03 2.807000000000000000e+03 1.048224786999999880e+00 3.215745644000000264e-02
2.807000000000000000e+03 2.808000000000000000e+03 9.674688157999999927e-01 3.107269090999999900e-02
2.808000000000000000e+03 2.809000000000000000e+03 8.907020396000000506e-01 2.953727540000000013e-02
2.809000000000000000e+03 2.810000000000000000e+03 7.913356191999999512e-01 2.827501055000000013e-02
2.810000000000000000e+03 2.811000000000000000e+03 6.450952079999999755e-01 2.617615952000000232e-02
2.811000000000000000e+03 2.812000000000000000e+03 5.164233654000000007e-01 2.382504519999999876e-02
2.812000000000000000e+03 2.813000000000000000e+03 3.834568986999999929e-01 2.067716074000000223e-02
2.813000000000000000e+03 2.814000000000000000e+03 3.177749994999999883e-01 1.740113919599999698e-02
2.814000000000000000e+03 2.815000000000000000e+03 2.229152439899999838e-01 1.576057858400000192e-02
2.815000000000000000e+03 2.816000000000000000e+03 1.303911254000000020e-01 1.069207269999999932e-02
2.816000000000000000e+03 2.817000000000000000e+03 1.025119680600000027e+00 3.315946198999999983e-02
2.817000000000000000e+03 2.818000000000000000e+03 9.672640429000000095e-01 3.241284512999999950e-02
2.818000000000000000e+03 2.819000000000000000e+03 9.394128913000000525e-01 3.067991747000000172e-02
2.819000000000000000e+03 2.820000000000000000e+03 7.972763991000000328e-01 3.562864903999999472e-02
2.820000000000000000e+03 2.821000000000000000e+03 7.155718915000000013e-01 2.769368724000000059e-02
2.821000000000000000e+03 2.822000000000000000e+03 6.465520545000000840e-01 2.566834189999999891e-02
2.822000000000000000e+03 2.823000000000000000e+03 5.084048889000000182e-01 2.366958241000000074e-02
2.823000000000000000e+03 2.824000000000000000e+03 3.967997370000000412e-01 2.046706204100000315e-02
2.824000000000000000e+03 2.825000000000000000e+03 2.905311273999999777e-01 1.761442788699999970e-02
2.825000000000000000e+03 2.826000000000000000e+03 2.475024279000000160e-01 1.534894558399999866e-02
2.826000000000000000e+03 2.827000000000000000e+03 1.475827534999999968e-01 1.046057544600000055e-02
2.827000000000000000e+03 2.828000000000000000e+03 9.516872821999999843e-01 3.297463674000000039e-02
2.828000000000000000e+03 2.829000000000000000e+03 1.012695131700000140e+00 3.405685364999999631e-02
2.829000000000000000e+03 2.830000000000000000e+03 8.694373308000000744e-01 3.904366718000000513e-02
2.830000000000000000e+03 2.831000000000000000e+03 7.989373613000000374e-01 3.369722607999999647e-02
2.831000000000000000e+03 2.832000000000000000e+03 7.400589897000000583e-01 2.765174752000000222e-02
2.832000000000000000e+03 2.833000000000000000e+03 5.751556502000000348e-01 6.550069224999999218e-02
2.833000000000000000e+03 2.834000000000000000e+03 5.224062762999999165e-01 2.524954105000000101e-02
2.834000000000000000e+03 2.835000000000000000e+03 4.118597682999999843e-01 2.083307080999999977e-02
2.835000000000000000e+03 2.836000000000000000e+03 2.841407702000000035e-01 1.780193029699999804e-02
2.836000000000000000e+03 2.837000000000000000e+03 2.055548372400000101e-01 1.441596570200000087e-02
2.837000000000000000e+03 2.838000000000000000e+03 1.244594973200000010e-01 1.110984409500000158e-02
2.838000000000000000e+03 2.839000000000000000e+03 1.018609798700000013e+00 3.287737436000000291e-02
2.839000000000000000e+03 2.840000000000000000e+03 9.967853116999999541e-01 3.173683285999999437e-02
2.840000000000000000e+03 2.841000000000000000e+03 8.907665581000000499e-01 3.362504649999999845e-02
2.841000000000000000e+03 2.842000000000000000e+03 8.112700803999999266e-01 2.922557087999999928e-02
2.842000000000000000e+03 2.843000000000000000e+03 6.895445544999999621e-01 2.801448836000000261e-02
2.843000000000000000e+03 2.844000000000000000e+03 5.785692044999999339e-01 4.187882150999999720e-02
2.844000000000000000e+03 2.845000000000000000e+03 4.751370206999999679e-01 2.378231316999999956e-02
2.845000000000000000e+03 2.846000000000000000e+03 3.927751744999999906e-01 2.043751964000000212e-02
2.846000000000000000e+03 2.847000000000000000e+03 1.738446941500000065e-01 1.323731314500000041e-02
2.847000000000000000e+03 2.848000000000000000e+03 2.073406930500000245e-01 1.467202697100000036e-02
2.848000000000000000e+03 2.849000000000000000e+03 1.372825041700000137e-01 1.177772268399999989e-02
2.849000000000000000e+03 2.850000000000000000e+03 1.040228281899999940e+00 3.274614170000000185e-02
2.850000000000000000e+03 2.851000000000000000e+03 9.099099339000000786e-01 8.163776156999999478e-02
2.851000000000000000e+03 2.852000000000000000e+03 9.306048250999999771e-01 3.069520019000000072e-02
2.852000000000000000e+03 2.853000000000000000e+03 8.262960236999999930e-01 2.957018865999999982e-02
2.853000000000000000e+03 2.854000000000000000e+03 6.928345685000000254e-01 2.860584648999999965e-02
2.854000000000000000e+03 2.855000000000000000e+03 5.880935937000000280e-01 2.513525028999999758e-02
2.855000000000000000e+03 2.856000000000000000e+03 4.848435510999999920e-01 2.279471702999999808e-02
2.856000000000000000e+03 2.857000000000000000e+03 3.913749592999999916e-01 1.981809775799999937e-02
2.857000000000000000e+03 2.858000000000000000e+03 3.052325352000000436e-01 1.745221296800000127e-02
2.858000000000000000e+03 2.859000000000000000e+03 1.914472108999999977e-01 1.458700082499999988e-02
2.859000000000000000e+03 2.860000000000000000e+03 1.065120033500000091e-01 1.068895459999999985e-02
2.860000000000000000e+03 2.861000000000000000e+03 9.751624896000000708e-01 3.200703497000000064e-02
2.861000000000000000e+03 2.862000000000000000e+03 9.880629843999999551e-01 3.099259601999999891e-02
2.862000000000000000e+03 2.863000000000000000e+03 8.227613682000000095e-01 3.480730740999999490e-02
2.863000000000000000e+03 2.864000000000000000e+03 8.484710496999999796e-01 2.927447835000000081e-02
2.864000000000000000e+03 2.865000000000000000e+03 6.861388939999999437e-01 2.751337335999999925e-02
2.865000000000000000e+03 2.866000000000000000e+03 5.784154975999999948e-01 2.492435473999999804e-02
2.866000000000000000e+03 2.867000000000000000e+03 4.837646237000000071e-01 2.238412038000000062e-02
2.867000000000000000e+03 2.868000000000000000e+03 3.032245315000000052e-01 4.489792303000000179e-02
2.868000000000000000e+03 2.869000000000000000e+03 2.672715460000000265e-01 1.616825115299999963e-02
2.869000000000000000e+03 2.870000000000000000e+03 3.737175748999999741e-03 1.509080521899999880e-03
2.870000000000000000e+03 2.871000000000000000e+03 1.619024821199999964e-01 1.193679710499999901e-02
2.871000000000000000e+03 2.872000000000000000e+03 9.521955622999999092e-01 3.189443634999999944e-02
2.872000000000000000e+03 2.873000000000000000e+03 9.199424366999999769e-01 3.079708834000000062e-02
2.873000000000000000e+03 2.874000000000000000e+03 9.192210620000000887e-01 4.906038956000000062e-02
2.874000000000000000e+03 2.875000000000000000e+03 7.967867610000000100e-01 2.870903483000000062e-02
2.875000000000000000e+03 2.876000000000000000e+03 6.969755513999998930e-01 2.695208162000000199e-02
2.876000000000000000e+03 2.877000000000000000e+03 5.786664490999999799e-01 2.499846487000000061e-02
2.877000000000000000e+03 2.878000000000000000e+03 4.686626353000000189e-01 2.272032299000000324e-02
2.878000000000000000e+03 2.879000000000000000e+03 3.805587544000000322e-01 1.994712250600000000e-02
2.879000000000000000e+03 2.880000000000000000e+03 2.514999061000000036e-01 1.680126224700000115e-02
2.880000000000000000e+03 2.881000000000000000e+03 1.968755351099999995e-01 1.473584869999999998e-02
2.881000000000000000e+03 2.882000000000000000e+03 1.509324210300000135e-01 1.180869359000000056e-02
2.882000000000000000e+03 2.883000000000000000e+03 9.768786101999999971e-01 3.178863158999999800e-02
2.883000000000000000e+03 2.884000000000000000e+03 8.819639833000000317e-01 3.043207427000000145e-02
2.884000000000000000e+03 2.885000000000000000e+03 8.760877714000000482e-01 2.959194297000000001e-02
2.885000000000000000e+03 2.886000000000000000e+03 7.259334703000001054e-01 2.869312603999999919e-02
2.886000000000000000e+03 2.887000000000000000e+03 6.459738078000000217e-01 2.676854968999999723e-02
2.887000000000000000e+03 2.888000000000000000e+03 5.522856422999999904e-01 2.461947498000000012e-02
2.888000000000000000e+03 2.889000000000000000e+03 4.590831175999999791e-01 2.248116237999999920e-02
2.889000000000000000e+03 2.890000000000000000e+03 3.446717809000000021e-01 1.887734545900000144e-02
2.890000000000000000e+03 2.891000000000000000e+03 2.699226693000000288e-01 1.615518480400000151e-02
2.891000000000000000e+03 2.892000000000000000e+03 2.300254848999999935e-01 1.453857177699999920e-02
2.892000000000000000e+03 2.893000000000000000e+03 1.269926149399999982e-01 1.101572618699999881e-02
2.893000000000000000e+03 2.894000000000000000e+03 9.551130335000000970e-01 3.146609006000000014e-02
2.894000000000000000e+03 2.895000000000000000e+03 9.672635160999999426e-01 3.053100888000000179e-02
2.895000000000000000e+03 2.896000000000000000e+03 8.847132137000000007e-01 3.004517551000000092e-02
2.896000000000000000e+03 2.897000000000000000e+03 7.686008639000000420e-01 2.858550670999999987e-02
2.897000000000000000e+03 2.898000000000000000e+03 6.225266122000000513e-01 3.337807936000000003e-02
2.898000000000000000e+03 2.899000000000000000e+03 5.636584621999999323e-01 2.983857888000000097e-02
2.899000000000000000e+03 2.900000000000000000e+03 4.149076043000000102e-01 2.110054157999999985e-02
2.900000000000000000e+03 2.901000000000000000e+03 3.218631873000000199e-01 1.810019118499999954e-02
2.901000000000000000e+03 2.902000000000000000e+03 2.567035166000000146e-01 1.741659277700000064e-02
2.902000000000000000e+03 2.903000000000000000e+03 1.828694131799999956e-01 1.354000571899999922e-02
2.903000000000000000e+03 2.904000000000000000e+03 9.365137328000000538e-02 9.103014145999999834e-03
2.904000000000000000e+03 2.905000000000000000e+03 9.488921082000000284e-01 3.087213713000000123e-02
2.905000000000000000e+03 2.906000000000000000e+03 9.355686591999999857e-01 3.067542000000000185e-02
2.906000000000000000e+03 2.907000000000000000e+03 7.625376427000000179e-01 9.248962192000000082e-02
2.907000000000000000e+03 2.908000000000000000e+03 7.007368225000000228e-01 2.878047561000000171e-02
2.908000000000000000e+03 2.909000000000000000e+03 6.636297925000000930e-01 2.643047685000000230e-02
2.909000000000000000e+03 2.910000000000000000e+03 5.370513051000000981e-01 2.503261332000000089e-02
2.910000000000000000e+03 2.911000000000000000e+03 4.377952875000000188e-01 2.278328743000000017e-02
2.911000000000000000e+03 2.912000000000000000e+03 3.229240726000000006e-01 2.203296077000000200e-02
2.912000000000000000e+03 2.913000000000000000e+03 2.786690971999999933e-01 1.660674277300000154e-02
2.913000000000000000e+03 2.914000000000000000e+03 2.200506754900000139e-01 1.427300423300000010e-02
2.914000000000000000e+03 2.915000000000000000e+03 1.111505215199999896e-01 1.049904788600000000e-02
2.915000000000000000e+03 2.916000000000000000e+03 9.250941892999999805e-01 3.165202507999999998e-02
2.916000000000000000e+03 2.917000000000000000e+03 9.188011493000000085e-01 2.993283623999999990e-02
2.917000000000000000e+03 2.918000000000000000e+03 8.114826235000001109e-01 5.414475808000000084e-02
2.918000000000000000e+03 2.919000000000000000e+03 8.079878407000000706e-01 2.838616260000000058e-02
2.919000000000000000e+03 2.920000000000000000e+03 6.831852807999999611e-01 2.696048103999999779e-02
2.920000000000000000e+03 2.921000000000000000e+03 4.832002885999999720e-01 6.590371964999999777e-02
2.921000000000000000e+03 2.922000000000000000e+03 4.490849096000000262e-01 2.507092677000000158e-02
2.922000000000000000e+03 2.923000000000000000e+03 3.077367596000000205e-01 1.910824178000000012e-02
2.923000000000000000e+03 2.924000000000000000e+03 2.553202840000000085e-01 1.671264441699999923e-02
2.924000000000000000e+03 2.925000000000000000e+03 1.940246488899999844e-01 1.416168818799999965e-02
2.925000000000000000e+03 2.926000000000000000e+03 1.292275304700000182e-01 1.147875359799999974e-02
2.926000000000000000e+03 2.927000000000000000e+03 9.192815006000000233e-01 3.112859051000000168e-02
2.927000000000000000e+03 2.928000000000000000e+03 8.279237337000000529e-01 3.036111014999999871e-02
2.928000000000000000e+03 2.929000000000000000e+03 8.624152177000000696e-01 3.378196069000000135e-02
2.929000000000000000e+03 2.930000000000000000e+03 7.294110241000000272e-01 2.774054043000000191e-02
2.930000000000000000e+03 2.931000000000000000e+03 6.556860516999999389e-01 2.593868699999999847e-02
2.931000000000000000e+03 2.932000000000000000e+03 5.462929943999998983e-01 2.788926520999999992e-02
2.932000000000000000e+03 2.933000000000000000e+03 3.592118478000000392e-01 6.237884515000000074e-02
2.933000000000000000e+03 2.934000000000000000e+03 3.537221553000000074e-01 1.953964860000000081e-02
2.934000000000000000e+03 2.935000000000000000e+03 2.576610540000000005e-01 1.653660902199999977e-02
2.935000000000000000e+03 2.936000000000000000e+03 1.758624153899999987e-01 1.367573464499999975e-02
2.936000000000000000e+03 2.937000000000000000e+03 1.317510200600000014e-01 1.073980788799999871e-02
2.937000000000000000e+03 2.938000000000000000e+03 9.050850906999999834e-01 3.067730943999999807e-02
2.938000000000000000e+03 2.939000000000000000e+03 8.392537456000001006e-01 2.915984338999999884e-02
2.939000000000000000e+03 2.940000000000000000e+03 8.086438051000000016e-01 2.889983869000000219e-02
2.940000000000000000e+03 2.941000000000000000e+03 7.155603812999999924e-01 2.828882154999999912e-02
2.941000000000000000e+03 2.942000000000000000e+03 6.266670194000000249e-01 2.689418852000000082e-02
2.942000000000000000e+03 2.943000000000000000e+03 5.319944358999999512e-01 2.458561335000000042e-02
2.943000000000000000e+03 2.944000000000000000e+03 4.373991277999999538e-01 2.145098141000000014e-02
2.944000000000000000e+03 2.945000000000000000e+03 3.729751721000000297e-01 1.966338386699999913e-02
2.945000000000000000e+03 2.946000000000000000e+03 2.407482129999999887e-01 1.568557034400000147e-02
2.946000000000000000e+03 2.947000000000000000e+03 1.783541351999999858e-01 1.342759268399999935e-02
2.947000000000000000e+03 2.948000000000000000e+03 1.546337158799999945e-01 1.177076076199999946e-02
2.948000000000000000e+03 2.949000000000000000e+03 9.558418941999999863e-01 3.045615819999999974e-02
2.949000000000000000e+03 2.950000000000000000e+03 8.299332353999999690e-01 2.962898489999999871e-02
2.950000000000000000e+03 2.951000000000000000e+03 7.638818962000000212e-01 2.899490162000000273e-02
2.951000000000000000e+03 2.952000000000000000e+03 7.291721781000000124e-01 2.698879684999999987e-02
2.952000000000000000e+03 2.953000000000000000e+03 6.018437608000000161e-01 2.711323285000000194e-02
2.953000000000000000e+03 2.954000000000000000e+03 5.477704820000000030e-01 2.443484816000000143e-02
2.954000000000000000e+03 2.955000000000000000e+03 4.290058044000000237e-01 2.197175250000000038e-02
2.955000000000000000e+03 2.956000000000000000e+03 2.972768922999999841e-01 4.255819453000000280e-02
2.956000000000000000e+03 2.957000000000000000e+03 2.530380776999999748e-01 1.622946617000000161e-02
2.957000000000000000e+03 2.958000000000000000e+03 1.785495119200000147e-01 1.363610089099999943e-02
2.958000000000000000e+03 2.959000000000000000e+03 1.259266618099999790e-01 1.074656678900000155e-02
2.959000000000000000e+03 2.960000000000000000e+03 8.035840596000000113e-01 3.000942629999999930e-02
2.960000000000000000e+03 2.961000000000000000e+03 8.921735387000000461e-01 3.641546310999999730e-02
2.961000000000000000e+03 2.962000000000000000e+03 7.517306695000000039e-01 2.894277115000000108e-02
2.962000000000000000e+03 2.963000000000000000e+03 6.926044034000000682e-01 2.705045518999999940e-02
2.963000000000000000e+03 2.964000000000000000e+03 6.389377578000000613e-01 2.802345721000000164e-02
2.964000000000000000e+03 2.965000000000000000e+03 5.340793684999999291e-01 2.416354982000000137e-02
2.965000000000000000e+03 2.966000000000000000e+03 4.338143900000000497e-01 3.644807162000000128e-02
2.966000000000000000e+03 2.967000000000000000e+03 3.388702581999999963e-01 1.916939028199999770e-02
2.967000000000000000e+03 2.968000000000000000e+03 1.400687481400000045e-01 1.144320443899999977e-02
2.968000000000000000e+03 2.969000000000000000e+03 1.585987220099999984e-01 1.234586426499999917e-02
2.969000000000000000e+03 2.970000000000000000e+03 1.218199956599999995e-01 1.059868830199999987e-02
2.970000000000000000e+03 2.971000000000000000e+03 8.997846344000000052e-01 2.996077234000000047e-02
2.971000000000000000e+03 2.972000000000000000e+03 7.746688409000000997e-01 2.889359825999999673e-02
2.972000000000000000e+03 2.973000000000000000e+03 7.726755965000000614e-01 2.768414191000000135e-02
2.973000000000000000e+03 2.974000000000000000e+03 7.084963137999999994e-01 2.785699234999999829e-02
2.974000000000000000e+03 2.975000000000000000e+03 6.006880583000000495e-01 3.663747135999999988e-02
2.975000000000000000e+03 2.976000000000000000e+03 5.189198573000000092e-01 2.735028562000000121e-02
2.976000000000000000e+03 2.977000000000000000e+03 4.224936499999999984e-01 2.254144845999999855e-02
2.977000000000000000e+03 2.978000000000000000e+03 3.376697670000000095e-01 1.876146673199999976e-02
2.978000000000000000e+03 2.979000000000000000e+03 2.464968572000000024e-01 1.544760663499999964e-02
2.979000000000000000e+03 2.980000000000000000e+03 1.460243543100000208e-01 1.250571249299999889e-02
2.980000000000000000e+03 2.981000000000000000e+03 2.024243934999999848e-05 1.057504469399999899e-03
2.981000000000000000e+03 2.982000000000000000e+03 8.437456533000000647e-01 2.969595112999999856e-02
2.982000000000000000e+03 2.983000000000000000e+03 8.145306208000000492e-01 2.858834022000000114e-02
2.983000000000000000e+03 2.984000000000000000e+03 7.748290896999999733e-01 2.763365352000000247e-02
2.984000000000000000e+03 2.985000000000000000e+03 6.722584409999999844e-01 2.674476557000000226e-02
2.985000000000000000e+03 2.986000000000000000e+03 4.582718814999999779e-01 7.379052626000000281e-02
2.986000000000000000e+03 2.987000000000000000e+03 5.220907482000000099e-01 2.369275977999999935e-02
2.987000000000000000e+03 2.988000000000000000e+03 2.694015519999999886e-01 1.683332535899999954e-02
2.988000000000000000e+03 2.989000000000000000e+03 3.305630990000000269e-01 1.908551430100000057e-02
2.989000000000000000e+03 2.990000000000000000e+03 2.335257658999999875e-01 1.576383778600000049e-02
2.990000000000000000e+03 2.991000000000000000e+03 1.671769721599999925e-01 1.357970167399999949e-02
2.991000000000000000e+03 2.992000000000000000e+03 2.021667992799999758e-02 4.133353027000000526e-03
2.992000000000000000e+03 2.993000000000000000e+03 8.394804382999999648e-01 2.889968539999999975e-02
2.993000000000000000e+03 2.994000000000000000e+03 8.398380456999999799e-01 2.907370902000000132e-02
2.994000000000000000e+03 2.995000000000000000e+03 7.813605341999999565e-01 2.793915754999999959e-02
2.995000000000000000e+03 2.996000000000000000e+03 7.017804839000000294e-01 8.664927521000000132e-02
2.996000000000000000e+03 2.997000000000000000e+03 5.798119619999999586e-01 2.580558106999999990e-02
2.997000000000000000e+03 2.998000000000000000e+03 4.801482275000000244e-01 2.310222382000000005e-02
2.998000000000000000e+03 2.999000000000000000e+03 4.236201195000000030e-01 2.379682280999999983e-02
2.999000000000000000e+03 3.000000000000000000e+03 3.147163906999999594e-01 1.806176202100000239e-02
3.000000000000000000e+03 3.001000000000000000e+03 2.028318063300000029e-01 1.587351056100000032e-02
3.001000000000000000e+03 3.002000000000000000e+03 1.830905648599999991e-01 1.375956581300000030e-02
3.002000000000000000e+03 3.003000000000000000e+03 1.321872371699999993e-01 1.040640854099999894e-02
3.003000000000000000e+03 3.004000000000000000e+03 8.410394201999999986e-01 4.561902718000000051e-02
3.004000000000000000e+03 3.005000000000000000e+03 7.344776035000000203e-01 1.206994793600000004e-01
3.005000000000000000e+03 3.006000000000000000e+03 7.607619563999999945e-01 2.770171336999999873e-02
3.006000000000000000e+03 3.007000000000000000e+03 6.170768582000000224e-01 5.245528677000000500e-02
3.007000000000000000e+03 3.008000000000000000e+03 5.643820425000000141e-01 2.532862430000000151e-02
3.008000000000000000e+03 3.009000000000000000e+03 4.806903162000000229e-01 2.375395918999999995e-02
3.009000000000000000e+03 3.010000000000000000e+03 3.970754629999999619e-01 2.120880487999999772e-02
3.010000000000000000e+03 3.011000000000000000e+03 2.456300385000000086e-01 1.621886000499999855e-02
3.011000000000000000e+03 3.012000000000000000e+03 2.246045213999999790e-01 1.579994622399999785e-02
3.012000000000000000e+03 3.013000000000000000e+03 1.566467112599999878e-01 1.229505150499999970e-02
3.013000000000000000e+03 3.014000000000000000e+03 1.094457649599999971e-01 9.846117508999999851e-03
3.014000000000000000e+03 3.015000000000000000e+03 7.972254907000000390e-01 2.957480370000000261e-02
3.015000000000000000e+03 3.016000000000000000e+03 7.916676270999999376e-01 3.343100351000000137e-02
3.016000000000000000e+03 3.017000000000000000e+03 7.044414705000000554e-01 2.741545080999999856e-02
3.017000000000000000e+03 3.018000000000000000e+03 6.077163799999999449e-01 2.660095914999999894e-02
3.018000000000000000e+03 3.019000000000000000e+03 5.953524185999999885e-01 2.542216509999999791e-02
3.019000000000000000e+03 3.020000000000000000e+03 4.579931628999999726e-01 2.304211115999999990e-02
3.020000000000000000e+03 3.021000000000000000e+03 4.013894900999999682e-01 2.067820198000000151e-02
3.021000000000000000e+03 3.022000000000000000e+03 2.792144351000000468e-01 1.701787063399999925e-02
3.022000000000000000e+03 3.023000000000000000e+03 2.275618620000000036e-01 1.500233544099999899e-02
3.023000000000000000e+03 3.024000000000000000e+03 1.580414056399999934e-01 1.205046200500000005e-02
3.024000000000000000e+03 3.025000000000000000e+03 6.519850245000000100e-02 7.730545775999999626e-03
3.025000000000000000e+03 3.026000000000000000e+03 7.783519158999999688e-01 2.893122915999999864e-02
3.026000000000000000e+03 3.027000000000000000e+03 8.242370848000000194e-01 2.846617302999999988e-02
3.027000000000000000e+03 3.028000000000000000e+03 7.569247573999999812e-01 2.794641331000000117e-02
3.028000000000000000e+03 3.029000000000000000e+03 6.292708492999999903e-01 2.811461545999999895e-02
3.029000000000000000e+03 3.030000000000000000e+03 5.825630400000000320e-01 2.506125048000000174e-02
3.030000000000000000e+03 3.031000000000000000e+03 4.659984227999999784e-01 2.313829738999999969e-02
3.031000000000000000e+03 3.032000000000000000e+03 3.911597015999999649e-01 1.997823298700000111e-02
3.032000000000000000e+03 3.033000000000000000e+03 2.777466584999999655e-01 1.767219050300000011e-02
3.033000000000000000e+03 3.034000000000000000e+03 2.201471707000000055e-01 2.924281322099999900e-02
3.034000000000000000e+03 3.035000000000000000e+03 1.196397541600000003e-01 1.127840449700000074e-02
3.035000000000000000e+03 3.036000000000000000e+03 1.031573258299999934e-01 9.220823541999999956e-03
3.036000000000000000e+03 3.037000000000000000e+03 7.860113653000000422e-01 2.840864341000000001e-02
3.037000000000000000e+03 3.038000000000000000e+03 7.745739167999999841e-01 2.775788698000000027e-02
3.038000000000000000e+03 3.039000000000000000e+03 7.515378708999999047e-01 2.685834850000000038e-02
3.039000000000000000e+03 3.040000000000000000e+03 6.498615626000000534e-01 2.918377304999999686e-02
3.040000000000000000e+03 3.041000000000000000e+03 5.601256669999999938e-01 2.803553975999999864e-02
3.041000000000000000e+03 3.042000000000000000e+03 4.951226491000000340e-01 2.310628617000000037e-02
3.042000000000000000e+03 3.043000000000000000e+03 2.088623985799999971e-01 5.587642730000000335e-02
3.043000000000000000e+03 3.044000000000000000e+03 2.736586171000000012e-01 2.053322668500000281e-02
3.044000000000000000e+03 3.045000000000000000e+03 2.191212033299999862e-01 1.493006755599999950e-02
3.045000000000000000e+03 3.046000000000000000e+03 1.744699459900000138e-01 1.261195361800000053e-02
3.046000000000000000e+03 3.047000000000000000e+03 3.552122828999999728e-03 1.868361812300000074e-03
3.047000000000000000e+03 3.048000000000000000e+03 7.662079470999999531e-01 2.874422969999999855e-02
3.048000000000000000e+03 3.049000000000000000e+03 7.265672523999999743e-01 2.781424748999999919e-02
3.049000000000000000e+03 3.050000000000000000e+03 7.092248286000000235e-01 2.741813653999999878e-02
3.050000000000000000e+03 3.051000000000000000e+03 6.509673476999999764e-01 2.636812342000000031e-02
3.051000000000000000e+03 3.052000000000000000e+03 5.369180078999999939e-01 2.476894331000000296e-02
3.052000000000000000e+03 3.053000000000000000e+03 4.490058225000000403e-01 2.259842656999999991e-02
3.053000000000000000e+03 3.054000000000000000e+03 3.530812394000000243e-01 2.293345062000000031e-02
3.054000000000000000e+03 3.055000000000000000e+03 3.004167383999999941e-01 1.820817947299999823e-02
3.055000000000000000e+03 3.056000000000000000e+03 2.105110897500000189e-01 1.516342951100000010e-02
3.056000000000000000e+03 3.057000000000000000e+03 1.580444313500000142e-01 1.242323124999999973e-02
3.057000000000000000e+03 3.058000000000000000e+03 9.320505055000000150e-02 9.054552028000000322e-03
3.058000000000000000e+03 3.059000000000000000e+03 7.591957462999999739e-01 2.832113292999999948e-02
3.059000000000000000e+03 3.060000000000000000e+03 7.901544516999999823e-01 2.846285014999999988e-02
3.060000000000000000e+03 3.061000000000000000e+03 7.127181710000000114e-01 2.743910332999999896e-02
3.061000000000000000e+03 3.062000000000000000e+03 5.819618188999999830e-01 3.016587730000000120e-02
3.062000000000000000e+03 3.063000000000000000e+03 4.765344208999999776e-01 8.804111875000000809e-02
3.063000000000000000e+03 3.064000000000000000e+03 4.452043971999999905e-01 2.242311664000000079e-02
3.064000000000000000e+03 3.065000000000000000e+03 1.762827579700000091e-01 1.291273108199999901e-02
3.065000000000000000e+03 3.066000000000000000e+03 2.920592221000000155e-01 1.744749200200000280e-02
3.066000000000000000e+03 3.067000000000000000e+03 2.347913531000000165e-01 1.520516645699999947e-02
3.067000000000000000e+03 3.068000000000000000e+03 1.464194038899999939e-01 1.238120005700000040e-02
3.068000000000000000e+03 3.069000000000000000e+03 1.196700527200000030e-01 1.051557614799999985e-02
3.069000000000000000e+03 3.070000000000000000e+03 7.970975476999999643e-01 2.857460671000000216e-02
3.070000000000000000e+03 3.071000000000000000e+03 7.623101961000000593e-01 2.729297584000000068e-02
3.071000000000000000e+03 3.072000000000000000e+03 7.004468065000000188e-01 2.692438964000000087e-02
3.072000000000000000e+03 3.073000000000000000e+03 6.108427750999999573e-01 2.699225380000000105e-02
3.073000000000000000e+03 3.074000000000000000e+03 5.517294665000000986e-01 2.505844659999999918e-02
3.074000000000000000e+03 3.075000000000000000e+03 4.528854766999999559e-01 2.324093163000000295e-02
3.075000000000000000e+03 3.076000000000000000e+03 3.680020181000000501e-01 1.993960246500000102e-02
3.076000000000000000e+03 3.077000000000000000e+03 2.491632954999999927e-01 4.335447316999999773e-02
3.077000000000000000e+03 3.078000000000000000e+03 1.888763078600000089e-01 1.717071095200000189e-02
3.078000000000000000e+03 3.079000000000000000e+03 1.614294744800000014e-01 1.239778097899999973e-02
3.079000000000000000e+03 3.080000000000000000e+03 1.127011623400000079e-01 1.071609788699999857e-02
3.080000000000000000e+03 3.081000000000000000e+03 7.523495788000000850e-01 2.785233819999999999e-02
3.081000000000000000e+03 3.082000000000000000e+03 7.818786534999999649e-01 2.715902522999999805e-02
3.082000000000000000e+03 3.083000000000000000e+03 7.016018740000000697e-01 2.849294901999999824e-02
3.083000000000000000e+03 3.084000000000000000e+03 5.729256510999999330e-01 2.734307549000000032e-02
3.084000000000000000e+03 3.085000000000000000e+03 4.759944485000000003e-01 8.686888522000001112e-02
3.085000000000000000e+03 3.086000000000000000e+03 4.659562426999999674e-01 2.244459036999999976e-02
3.086000000000000000e+03 3.087000000000000000e+03 3.482782481000000208e-01 2.022103044000000266e-02
3.087000000000000000e+03 3.088000000000000000e+03 2.877419402000000459e-01 1.762449078700000296e-02
3.088000000000000000e+03 3.089000000000000000e+03 2.070707943300000020e-01 1.568746009899999946e-02
3.089000000000000000e+03 3.090000000000000000e+03 7.920742335000000023e-02 8.771117908999998686e-03
3.090000000000000000e+03 3.091000000000000000e+03 7.340593955999999420e-02 7.601228600000000009e-03
3.091000000000000000e+03 3.092000000000000000e+03 7.714542478000000481e-01 2.765365989999999871e-02
3.092000000000000000e+03 3.093000000000000000e+03 7.410612542999999164e-01 2.764194010000000160e-02
3.093000000000000000e+03 3.094000000000000000e+03 6.654361554000000067e-01 2.679555694000000307e-02
3.094000000000000000e+03 3.095000000000000000e+03 6.125414784000000612e-01 2.561207893000000055e-02
3.095000000000000000e+03 3.096000000000000000e+03 4.888384875000000296e-01 2.405643575000000062e-02
3.096000000000000000e+03 3.097000000000000000e+03 4.449459926999999593e-01 2.230832361999999722e-02
3.097000000000000000e+03 3.098000000000000000e+03 3.477627365000000026e-01 1.976237554300000129e-02
3.098000000000000000e+03 3.099000000000000000e+03 3.082266209000000257e-01 1.776224800199999870e-02
3.099000000000000000e+03 3.100000000000000000e+03 2.007852594300000015e-01 1.447494290000000093e-02
3.100000000000000000e+03 3.101000000000000000e+03 1.467026830000000004e-01 1.260750773199999925e-02
3.101000000000000000e+03 3.102000000000000000e+03 8.898575685000000013e-02 9.834040201999998815e-03
3.102000000000000000e+03 3.103000000000000000e+03 7.459228360999999863e-01 2.840373238000000120e-02
3.103000000000000000e+03 3.104000000000000000e+03 6.637017170000000243e-01 5.602702614000000525e-02
3.104000000000000000e+03 3.105000000000000000e+03 6.339073033000000024e-01 2.662645924000000067e-02
3.105000000000000000e+03 3.106000000000000000e+03 5.612576395999999690e-01 6.241524119999999898e-02
3.106000000000000000e+03 3.107000000000000000e+03 2.520968771000000053e-01 1.595007048299999786e-02
3.107000000000000000e+03 3.108000000000000000e+03 4.124494280000000068e-01 2.278648042000000137e-02
3.108000000000000000e+03 3.109000000000000000e+03 3.559064992999999566e-01 1.972814166899999888e-02
3.109000000000000000e+03 3.110000000000000000e+03 2.937519359999999913e-01 1.721409661399999833e-02
3.110000000000000000e+03 3.111000000000000000e+03 1.834721709199999828e-01 1.450168504800000008e-02
3.111000000000000000e+03 3.112000000000000000e+03 1.307238607900000071e-01 1.161992877199999850e-02
3.112000000000000000e+03 3.113000000000000000e+03 1.022330205000000075e-01 9.967227199999999579e-03
3.113000000000000000e+03 3.114000000000000000e+03 6.939629111999999767e-01 1.155193085100000017e-01
3.114000000000000000e+03 3.115000000000000000e+03 6.334047468000000292e-01 3.763284453000000085e-02
3.115000000000000000e+03 3.116000000000000000e+03 6.396342636999999831e-01 2.598815100999999836e-02
3.116000000000000000e+03 3.117000000000000000e+03 5.745500648000000377e-01 2.538602795000000079e-02
3.117000000000000000e+03 3.118000000000000000e+03 5.283081837000001002e-01 2.358249513999999963e-02
3.118000000000000000e+03 3.119000000000000000e+03 4.129499381999999774e-01 2.261785705999999965e-02
3.119000000000000000e+03 3.120000000000000000e+03 3.420820471000000085e-01 2.250548499000000133e-02
3.120000000000000000e+03 3.121000000000000000e+03 5.831502076999999645e-02 7.374713976000000192e-03
3.121000000000000000e+03 3.122000000000000000e+03 1.733697396599999940e-01 1.744801828600000063e-02
3.122000000000000000e+03 3.123000000000000000e+03 1.508778940599999896e-01 1.164735545899999933e-02
3.123000000000000000e+03 3.124000000000000000e+03 9.932632864000000283e-02 9.121557161999999108e-03
3.124000000000000000e+03 3.125000000000000000e+03 1.206087524299999936e-01 1.152760014599999994e-01
3.125000000000000000e+03 3.126000000000000000e+03 2.044193217799999962e-01 1.209316319899999964e-01
3.126000000000000000e+03 3.127000000000000000e+03 2.668081052999999869e-01 1.044766643599999989e-01
3.127000000000000000e+03 3.128000000000000000e+03 4.352927764000000255e-01 7.773832635999999852e-02
3.128000000000000000e+03 3.129000000000000000e+03 3.904762253999999877e-01 7.652045429000001175e-02
3.129000000000000000e+03 3.130000000000000000e+03 3.562657422000000129e-01 7.228551318999999753e-02
3.130000000000000000e+03 3.131000000000000000e+03 2.363555028500000099e-01 7.143282323999999850e-02
3.131000000000000000e+03 3.132000000000000000e+03 1.300080613100000060e-01 5.938182209999999517e-02
3.132000000000000000e+03 3.133000000000000000e+03 1.257645405800000005e-01 4.087393903000000051e-02
3.133000000000000000e+03 3.134000000000000000e+03 1.416415562699999964e-01 3.474337627000000095e-02
3.134000000000000000e+03 3.135000000000000000e+03 7.566254676000000456e-02 2.575835623999999865e-02
3.135000000000000000e+03 3.136000000000000000e+03 3.285410624000000279e-01 1.187589714000000102e-01
3.136000000000000000e+03 3.137000000000000000e+03 3.292677147999999998e-01 1.006560811999999971e-01
3.137000000000000000e+03 3.138000000000000000e+03 3.609836386999999980e-01 1.103067054299999988e-01
3.138000000000000000e+03 3.139000000000000000e+03 4.371005406000000315e-01 8.224370087999999246e-02
3.139000000000000000e+03 3.140000000000000000e+03 3.558520067999999537e-01 7.689834930999998874e-02
3.140000000000000000e+03 3.141000000000000000e+03 3.772089534939999933e-02 7.360845427999999913e-02
3.141000000000000000e+03 3.142000000000000000e+03 2.303467465300000072e-01 5.561694449000000040e-02
3.142000000000000000e+03 3.143000000000000000e+03 2.080926259299999970e-01 5.521432869000000160e-02
3.143000000000000000e+03 3.144000000000000000e+03 1.340699318599999912e-01 3.927826803000000061e-02
3.144000000000000000e+03 3.145000000000000000e+03 1.611071966799999811e-01 3.505342078000000389e-02
3.145000000000000000e+03 3.146000000000000000e+03 3.612472906499999969e-02 2.558620634999999796e-02
3.146000000000000000e+03 3.147000000000000000e+03 4.570473728000000180e-01 1.132078323200000070e-01
3.147000000000000000e+03 3.148000000000000000e+03 3.758127296999999589e-01 1.043370448100000014e-01
3.148000000000000000e+03 3.149000000000000000e+03 5.166831774000000266e-01 1.053214268200000081e-01
3.149000000000000000e+03 3.150000000000000000e+03 4.273897186999999764e-01 9.725885298999999151e-02
3.150000000000000000e+03 3.151000000000000000e+03 3.443938289000000319e-01 7.554822508000000325e-02
3.151000000000000000e+03 3.152000000000000000e+03 3.087600944000000180e-01 7.420517154000000337e-02
3.152000000000000000e+03 3.153000000000000000e+03 2.920438791999999673e-01 5.505227088999999768e-02
3.153000000000000000e+03 3.154000000000000000e+03 2.599556829999999930e-01 5.124672882000000373e-02
3.154000000000000000e+03 3.155000000000000000e+03 -5.273746135000000057e-02 3.758988886999999751e-02
3.155000000000000000e+03 3.156000000000000000e+03 1.012504035200000041e-01 3.016591231000000095e-02
3.156000000000000000e+03 3.157000000000000000e+03 6.728401935000000167e-02 2.485390324999999997e-02
3.157000000000000000e+03 3.158000000000000000e+03 2.094168096399999790e-01 1.104417515200000061e-01
3.158000000000000000e+03 3.159000000000000000e+03 4.617919038000000143e-01 1.024957765800000031e-01
3.159000000000000000e+03 3.160000000000000000e+03 5.840176726000000373e-01 9.794009856999999486e-02
3.160000000000000000e+03 3.161000000000000000e+03 3.326940526000000120e-01 9.607134187000000713e-02
3.161000000000000000e+03 3.162000000000000000e+03 4.716247304999999779e-01 7.395508752000000408e-02
3.162000000000000000e+03 3.163000000000000000e+03 3.127471356000000036e-01 5.889469611999999937e-02
3.163000000000000000e+03 3.164000000000000000e+03 2.848285218000000119e-01 6.207777285000000422e-02
3.164000000000000000e+03 3.165000000000000000e+03 1.088980735700000035e-01 4.671638057999999427e-02
3.165000000000000000e+03 3.166000000000000000e+03 8.021315719999999594e-02 3.554243203000000129e-02
3.166000000000000000e+03 3.167000000000000000e+03 -5.044898777999999584e-02 2.933357491000000011e-02
3.167000000000000000e+03 3.168000000000000000e+03 -9.176788079999999639e-03 2.347201128700000111e-02
3.168000000000000000e+03 3.169000000000000000e+03 5.243283859999999796e-01 9.133486670000000307e-02
3.169000000000000000e+03 3.170000000000000000e+03 4.419303283000000082e-01 1.094909850799999917e-01
3.170000000000000000e+03 3.171000000000000000e+03 6.107658469000000201e-01 8.577748662000000968e-02
3.171000000000000000e+03 3.172000000000000000e+03 3.005966935999999645e-01 8.222707012999999621e-02
3.172000000000000000e+03 3.173000000000000000e+03 2.928908620999999823e-01 1.022238372100000015e-01
3.173000000000000000e+03 3.174000000000000000e+03 2.994612099999999777e-01 6.289178319999999545e-02
3.174000000000000000e+03 3.175000000000000000e+03 3.241037305999999729e-01 6.287018596000000514e-02
3.175000000000000000e+03 3.176000000000000000e+03 2.762777723000000019e-01 4.860929692000000302e-02
3.176000000000000000e+03 3.177000000000000000e+03 1.784612579000000032e-01 3.961343674000000065e-02
3.177000000000000000e+03 3.178000000000000000e+03 9.315336150000000370e-02 2.736095989000000145e-02
3.178000000000000000e+03 3.179000000000000000e+03 7.032064027000001216e-02 2.409879993699999903e-02
3.179000000000000000e+03 3.180000000000000000e+03 5.037396167999999008e-01 9.925683392999999632e-02
3.180000000000000000e+03 3.181000000000000000e+03 5.260255406999999606e-01 8.941573079000000868e-02
3.181000000000000000e+03 3.182000000000000000e+03 5.464113362000000418e-01 9.753521822999999813e-02
3.182000000000000000e+03 3.183000000000000000e+03 5.300256742999999160e-01 1.010823905800000005e-01
3.183000000000000000e+03 3.184000000000000000e+03 4.778745624999999886e-01 8.486128897000000393e-02
3.184000000000000000e+03 3.185000000000000000e+03 3.993638440000000234e-01 6.968874904000001147e-02
3.185000000000000000e+03 3.186000000000000000e+03 2.326886682500000081e-01 5.654484750000000198e-02
3.186000000000000000e+03 3.187000000000000000e+03 1.129360438400000000e-01 3.748676568999999986e-02
3.187000000000000000e+03 3.188000000000000000e+03 1.176149618799999935e-01 3.761086205999999987e-02
3.188000000000000000e+03 3.189000000000000000e+03 8.951842109000000824e-02 3.686977829000000206e-02
3.189000000000000000e+03 3.190000000000000000e+03 9.208426499999999848e-02 2.569812697000000215e-02
3.190000000000000000e+03 3.191000000000000000e+03 4.858085728000000048e-01 1.015077090300000040e-01
3.191000000000000000e+03 3.192000000000000000e+03 4.518851896000000146e-01 9.014265127999999960e-02
3.192000000000000000e+03 3.193000000000000000e+03 -7.702232822999999229e-02 1.049835961699999987e-01
3.193000000000000000e+03 3.194000000000000000e+03 3.921361121999999977e-01 9.403930853000000423e-02
3.194000000000000000e+03 3.195000000000000000e+03 5.460732606999999517e-01 9.249881261000000854e-02
3.195000000000000000e+03 3.196000000000000000e+03 3.764815282999999790e-01 5.665692664000000073e-02
3.196000000000000000e+03 3.197000000000000000e+03 2.082294279599999909e-01 5.852513431999999821e-02
3.197000000000000000e+03 3.198000000000000000e+03 2.580412058000000064e-01 4.459153935000000069e-02
3.198000000000000000e+03 3.199000000000000000e+03 7.997452289000001047e-02 3.948053367999999896e-02
3.199000000000000000e+03 3.200000000000000000e+03 1.134232179500000021e-01 2.989065738000000125e-02
3.200000000000000000e+03 3.201000000000000000e+03 1.067164949799999929e-01 2.290266987200000048e-02
3.201000000000000000e+03 3.202000000000000000e+03 5.721631417000000441e-01 9.051514764000000157e-02
3.202000000000000000e+03 3.203000000000000000e+03 5.855218262000000395e-01 1.051746689200000057e-01
3.203000000000000000e+03 3.204000000000000000e+03 5.150633520000000853e-01 9.205596972999999239e-02
3.204000000000000000e+03 3.205000000000000000e+03 2.204784482599999873e-01 8.967755977999999906e-02
3.205000000000000000e+03 3.206000000000000000e+03 3.462064628000000033e-01 8.844261380000000006e-02
3.206000000000000000e+03 3.207000000000000000e+03 1.041341934999999996e-01 5.957081585000000012e-02
3.207000000000000000e+03 3.208000000000000000e+03 3.383972848999999838e-01 5.008394699000000283e-02
3.208000000000000000e+03 3.209000000000000000e+03 2.055295624300000068e-01 4.614551539000000258e-02
3.209000000000000000e+03 3.210000000000000000e+03 1.391229762699999761e-01 4.523948942000000084e-02
3.210000000000000000e+03 3.211000000000000000e+03 5.156447978000000543e-02 3.023832509000000043e-02
3.211000000000000000e+03 3.212000000000000000e+03 2.126723653599999972e-02 2.445048577000000223e-02
3.212000000000000000e+03 3.213000000000000000e+03 6.298732297000000369e-01 9.795272623000000900e-02
3.213000000000000000e+03 3.214000000000000000e+03 1.238812610300000089e-01 1.308481155100000015e-01
3.214000000000000000e+03 3.215000000000000000e+03 5.021405503999999409e-01 7.380208214000000266e-02
3.215000000000000000e+03 3.216000000000000000e+03 3.836750355999999917e-01 8.293972577000000013e-02
3.216000000000000000e+03 3.217000000000000000e+03 2.653507390999999549e-01 7.457975362999999525e-02
3.217000000000000000e+03 3.218000000000000000e+03 2.534822050000000160e-01 7.528956533000000229e-02
3.218000000000000000e+03 3.219000000000000000e+03 1.493176727799999937e-01 5.244072402000000271e-02
3.219000000000000000e+03 3.220000000000000000e+03 1.397399678100000042e-01 5.653231747999999668e-02
3.220000000000000000e+03 3.221000000000000000e+03 1.563263882300000018e-01 5.154337316999999669e-02
3.221000000000000000e+03 3.222000000000000000e+03 1.333138570700000136e-01 3.421152997000000140e-02
3.222000000000000000e+03 3.223000000000000000e+03 3.782147936000000016e-02 2.555990329999999894e-02
3.223000000000000000e+03 3.224000000000000000e+03 4.696820100999999914e-01 1.078317897400000031e-01
3.224000000000000000e+03 3.225000000000000000e+03 5.198722644000000059e-01 8.712091896000000169e-02
3.225000000000000000e+03 3.226000000000000000e+03 4.551807426999999739e-01 9.414800882999999065e-02
3.226000000000000000e+03 3.227000000000000000e+03 4.098147255000000322e-01 8.980397219999999847e-02
3.227000000000000000e+03 3.228000000000000000e+03 3.282809244000000071e-01 6.715171634000000056e-02
3.228000000000000000e+03 3.229000000000000000e+03 2.777646943999999563e-01 6.550220435999999646e-02
3.229000000000000000e+03 3.230000000000000000e+03 2.661571786000000439e-01 5.034232461000000269e-02
3.230000000000000000e+03 3.231000000000000000e+03 2.302419735600000072e-01 4.512761183999999814e-02
3.231000000000000000e+03 3.232000000000000000e+03 -1.725407588999999797e-02 4.218441418999999831e-02
3.232000000000000000e+03 3.233000000000000000e+03 1.242263678699999929e-01 3.083656547999999789e-02
3.233000000000000000e+03 3.234000000000000000e+03 7.655218171000000016e-02 2.220563757100000105e-02
3.234000000000000000e+03 3.235000000000000000e+03 3.000810124999999662e-01 9.380262619000000190e-02
3.235000000000000000e+03 3.236000000000000000e+03 5.156777120000000103e-01 8.700912014999999389e-02
3.236000000000000000e+03 3.237000000000000000e+03 5.297696143999999219e-01 8.856038161999998937e-02
3.237000000000000000e+03 3.238000000000000000e+03 4.537352446000000317e-01 9.010157643999999744e-02
3.238000000000000000e+03 3.239000000000000000e+03 3.653882773000000084e-01 9.676407423999999757e-02
3.239000000000000000e+03 3.240000000000000000e+03 1.901376043900000201e-01 6.344857008000000242e-02
3.240000000000000000e+03 3.241000000000000000e+03 2.910347623999999800e-01 5.262564081999999976e-02
3.241000000000000000e+03 3.242000000000000000e+03 1.242469526800000085e-01 4.242094702000000217e-02
3.242000000000000000e+03 3.243000000000000000e+03 -1.665542755999999819e-02 4.432156890999999765e-02
3.243000000000000000e+03 3.244000000000000000e+03 9.816720917000000546e-02 3.017984803999999854e-02
3.244000000000000000e+03 3.245000000000000000e+03 9.403254437999999937e-02 1.860933385899999834e-02
3.245000000000000000e+03 3.246000000000000000e+03 6.390872054000000801e-01 1.091778923700000015e-01
3.246000000000000000e+03 3.247000000000000000e+03 5.242380894000000513e-01 1.033451281299999913e-01
3.247000000000000000e+03 3.248000000000000000e+03 4.012053986000000405e-01 8.398943006000000877e-02
3.248000000000000000e+03 3.249000000000000000e+03 3.914208342000000118e-01 9.125005037000000208e-02
3.249000000000000000e+03 3.250000000000000000e+03 4.104606181999999603e-01 6.385289930000000169e-02
3.250000000000000000e+03 3.251000000000000000e+03 3.122844128999999747e-01 5.190444844000000058e-02
3.251000000000000000e+03 3.252000000000000000e+03 2.481534654000000228e-01 4.935381314000000103e-02
3.252000000000000000e+03 3.253000000000000000e+03 2.135060870100000119e-01 4.183723203999999835e-02
3.253000000000000000e+03 3.254000000000000000e+03 1.773611726599999827e-01 3.720781391999999910e-02
3.254000000000000000e+03 3.255000000000000000e+03 9.939767805000000733e-02 2.758052313000000297e-02
3.255000000000000000e+03 3.256000000000000000e+03 1.834401088000000126e-03 2.330525327099999822e-02
3.256000000000000000e+03 3.257000000000000000e+03 4.314241222000000375e-01 1.009581502800000058e-01
3.257000000000000000e+03 3.258000000000000000e+03 5.027410627999999715e-01 1.044847699299999988e-01
3.258000000000000000e+03 3.259000000000000000e+03 5.386417759000000638e-01 8.453865489000000899e-02
3.259000000000000000e+03 3.260000000000000000e+03 3.304721699000000013e-01 8.242338391000000875e-02
3.260000000000000000e+03 3.261000000000000000e+03 4.237811803000000044e-01 7.654088967000000077e-02
3.261000000000000000e+03 3.262000000000000000e+03 3.968608120999999600e-01 5.758862890000000095e-02
3.262000000000000000e+03 3.263000000000000000e+03 3.488084424999999822e-01 5.294281766999999611e-02
3.263000000000000000e+03 3.264000000000000000e+03 2.510035126999999866e-01 4.085349989999999959e-02
3.264000000000000000e+03 3.265000000000000000e+03 2.066928615499999955e-01 4.050300728999999683e-02
3.265000000000000000e+03 3.266000000000000000e+03 1.217937213899999982e-01 2.821242719000000010e-02
3.266000000000000000e+03 3.267000000000000000e+03 1.056115889999999918e-01 2.258199015999999906e-02
3.267000000000000000e+03 3.268000000000000000e+03 6.956801321000000149e-01 1.069402314500000062e-01
3.268000000000000000e+03 3.269000000000000000e+03 5.426206822000000374e-01 8.340451214000001168e-02
3.269000000000000000e+03 3.270000000000000000e+03 4.439659794999999964e-01 8.996991293000000667e-02
3.270000000000000000e+03 3.271000000000000000e+03 3.388112924999999720e-01 7.135788872999999921e-02
3.271000000000000000e+03 3.272000000000000000e+03 3.466780931000000288e-01 7.354211968000000377e-02
3.272000000000000000e+03 3.273000000000000000e+03 3.074151665999999561e-01 5.883715216999999692e-02
3.273000000000000000e+03 3.274000000000000000e+03 8.558063743999999584e-02 5.866756265999999859e-02
3.274000000000000000e+03 3.275000000000000000e+03 1.396365968699999904e-01 4.573012962000000403e-02
3.275000000000000000e+03 3.276000000000000000e+03 1.707889767099999845e-01 3.980698246000000107e-02
3.276000000000000000e+03 3.277000000000000000e+03 1.153028996799999872e-02 3.153743409999999747e-02
3.277000000000000000e+03 3.278000000000000000e+03 5.404970380999999519e-02 2.158147415500000221e-02
3.278000000000000000e+03 3.279000000000000000e+03 2.556794298999999770e-01 9.147352163999999952e-02
3.279000000000000000e+03 3.280000000000000000e+03 4.832462611999999713e-01 1.013516083300000092e-01
3.280000000000000000e+03 3.281000000000000000e+03 3.954257300999999836e-01 8.246126244000000216e-02
3.281000000000000000e+03 3.282000000000000000e+03 3.069275070999999966e-01 6.526072310000000098e-02
3.282000000000000000e+03 3.283000000000000000e+03 3.919753420000000044e-01 6.530880019000000203e-02
3.283000000000000000e+03 3.284000000000000000e+03 3.360721164000000094e-01 5.717422667000000153e-02
3.284000000000000000e+03 3.285000000000000000e+03 2.480890075000000139e-01 4.748938294999999893e-02
3.285000000000000000e+03 3.286000000000000000e+03 1.512485626400000005e-01 4.426289634999999723e-02
3.286000000000000000e+03 3.287000000000000000e+03 4.340484050699999763e-02 4.335151981999999654e-02
3.287000000000000000e+03 3.288000000000000000e+03 8.294811699000000094e-02 2.372787191000000004e-02
3.288000000000000000e+03 3.289000000000000000e+03 5.279928889000000403e-02 2.420249242400000084e-02
3.289000000000000000e+03 3.290000000000000000e+03 5.586278236999999702e-01 8.956431771000000763e-02
3.290000000000000000e+03 3.291000000000000000e+03 5.116350324000000782e-01 9.896195939999999358e-02
3.291000000000000000e+03 3.292000000000000000e+03 5.013761264000000661e-01 9.541794141999999923e-02
3.292000000000000000e+03 3.293000000000000000e+03 5.303766101000000344e-01 9.046354677000000011e-02
3.293000000000000000e+03 3.294000000000000000e+03 2.754509490999999533e-01 7.579177568999999337e-02
3.294000000000000000e+03 3.295000000000000000e+03 2.265408109000000003e-01 7.217922388000000411e-02
3.295000000000000000e+03 3.296000000000000000e+03 3.084101575000000039e-01 5.248976827000000067e-02
3.296000000000000000e+03 3.297000000000000000e+03 1.602609433300000163e-01 3.787781711999999718e-02
3.297000000000000000e+03 3.298000000000000000e+03 8.182741353000000384e-02 3.309222155000000193e-02
3.298000000000000000e+03 3.299000000000000000e+03 5.195863527999999842e-02 2.799658023000000176e-02
3.299000000000000000e+03 3.300000000000000000e+03 1.414409413299999932e-02 2.562662164000000312e-02
3.300000000000000000e+03 3.301000000000000000e+03 6.188465662000000034e-01 1.308581486000000016e-01
3.301000000000000000e+03 3.302000000000000000e+03 4.996577555999999753e-01 9.161287439000000143e-02
3.302000000000000000e+03 3.303000000000000000e+03 4.205479346000000063e-01 9.561367394999999159e-02
3.303000000000000000e+03 3.304000000000000000e+03 2.952279472000000071e-01 8.979227910999999784e-02
3.304000000000000000e+03 3.305000000000000000e+03 3.020855177000000280e-01 6.509607242999999877e-02
3.305000000000000000e+03 3.306000000000000000e+03 2.971855927000000008e-01 5.918644143000000024e-02
3.306000000000000000e+03 3.307000000000000000e+03 2.003418893499999964e-01 5.266614527000000601e-02
3.307000000000000000e+03 3.308000000000000000e+03 2.149564565500000080e-01 3.741506338000000209e-02
3.308000000000000000e+03 3.309000000000000000e+03 1.282793575199999980e-01 3.151190900999999850e-02
3.309000000000000000e+03 3.310000000000000000e+03 4.795123726999999531e-02 2.888000427000000231e-02
3.310000000000000000e+03 3.311000000000000000e+03 5.888391260999999849e-02 2.221351488299999968e-02
3.311000000000000000e+03 3.312000000000000000e+03 6.418068239999999980e-01 8.135031041000000129e-02
3.312000000000000000e+03 3.313000000000000000e+03 6.516478396999999534e-01 8.530907725999999081e-02
3.313000000000000000e+03 3.314000000000000000e+03 5.517282691000000572e-01 8.103121204000000855e-02
3.314000000000000000e+03 3.315000000000000000e+03 3.567185090000000169e-01 7.231691557000000103e-02
3.315000000000000000e+03 3.316000000000000000e+03 3.534205762000000028e-01 6.412026659000000239e-02
3.316000000000000000e+03 3.317000000000000000e+03 2.865792957000000141e-01 5.237908158000000036e-02
3.317000000000000000e+03 3.318000000000000000e+03 2.074791919700000042e-01 4.875794674000000217e-02
3.318000000000000000e+03 3.319000000000000000e+03 3.164562414350000075e-02 4.212722811999999872e-02
3.319000000000000000e+03 3.320000000000000000e+03 1.040621161899999980e-01 3.420883712000000187e-02
3.320000000000000000e+03 3.321000000000000000e+03 1.015742462999999901e-01 2.881009765000000153e-02
3.321000000000000000e+03 3.322000000000000000e+03 -1.803920760999999998e-02 2.067030686000000117e-02
3.322000000000000000e+03 3.323000000000000000e+03 4.828137460999999964e-01 1.016622668699999898e-01
3.323000000000000000e+03 3.324000000000000000e+03 3.314933161999999989e-01 1.079522726400000132e-01
3.324000000000000000e+03 3.325000000000000000e+03 4.100104873000000039e-01 1.008254184999999997e-01
3.325000000000000000e+03 3.326000000000000000e+03 3.587930139000000129e-01 8.826996032999999409e-02
3.326000000000000000e+03 3.327000000000000000e+03 3.063709121000000035e-01 7.040785003999999736e-02
3.327000000000000000e+03 3.328000000000000000e+03 3.100994482000000163e-01 5.954398137999999951e-02
3.328000000000000000e+03 3.329000000000000000e+03 2.712805777000000251e-01 4.284986769999999529e-02
3.329000000000000000e+03 3.330000000000000000e+03 1.994731440899999986e-01 3.633797844000000166e-02
3.330000000000000000e+03 3.331000000000000000e+03 1.145335510500000015e-01 2.772888621999999859e-02
3.331000000000000000e+03 3.332000000000000000e+03 1.010782693899999890e-01 2.678410479999999982e-02
3.332000000000000000e+03 3.333000000000000000e+03 6.851372430999999597e-02 2.009276251899999935e-02
3.333000000000000000e+03 3.334000000000000000e+03 5.645629206000000178e-01 9.094184226000000260e-02
3.334000000000000000e+03 3.335000000000000000e+03 4.686388548999999570e-01 1.065266472100000056e-01
3.335000000000000000e+03 3.336000000000000000e+03 3.418447430000000065e-01 8.972305895000000364e-02
3.336000000000000000e+03 3.337000000000000000e+03 3.965436139999999887e-01 9.583459756999999912e-02
3.337000000000000000e+03 3.338000000000000000e+03 2.380045574999999913e-01 6.404497156999999774e-02
3.338000000000000000e+03 3.339000000000000000e+03 2.669100806999999964e-01 5.668558577999999876e-02
3.339000000000000000e+03 3.340000000000000000e+03 1.859104100099999990e-01 5.918373122000000069e-02
3.340000000000000000e+03 3.341000000000000000e+03 1.598661866699999934e-01 4.558478477999999834e-02
3.341000000000000000e+03 3.342000000000000000e+03 1.346816987400000221e-01 3.038271455999999940e-02
3.342000000000000000e+03 3.343000000000000000e+03 9.600569461999999832e-02 2.920190936000000015e-02
3.343000000000000000e+03 3.344000000000000000e+03 3.458725992000000107e-03 1.919481725600000188e-02
3.344000000000000000e+03 3.345000000000000000e+03 4.137100078000000014e-01 7.790375748000000211e-02
3.345000000000000000e+03 3.346000000000000000e+03 3.149489325000000006e-01 8.806286426999999917e-02
3.346000000000000000e+03 3.347000000000000000e+03 4.397572902999999922e-01 8.215592135999999490e-02
3.347000000000000000e+03 3.348000000000000000e+03 3.853703740999999683e-01 7.358590814000000313e-02
3.348000000000000000e+03 3.349000000000000000e+03 3.834365737000000052e-01 6.316873024999999919e-02
3.349000000000000000e+03 3.350000000000000000e+03 3.039869966999999562e-01 5.622438064000000180e-02
3.350000000000000000e+03 3.351000000000000000e+03 1.607322808200000175e-01 5.322414286999999772e-02
3.351000000000000000e+03 3.352000000000000000e+03 1.548570439699999968e-01 4.633210550999999899e-02
3.352000000000000000e+03 3.353000000000000000e+03 1.000525248600000056e-01 3.309427545999999581e-02
3.353000000000000000e+03 3.354000000000000000e+03 7.858952824000001169e-02 2.446112240000000021e-02
3.354000000000000000e+03 3.355000000000000000e+03 3.295228591999999762e-02 2.248564082900000177e-02
3.355000000000000000e+03 3.356000000000000000e+03 4.919594905999999934e-01 8.438129802000000901e-02
3.356000000000000000e+03 3.357000000000000000e+03 3.884788104999999936e-01 8.312079107000000522e-02
3.357000000000000000e+03 3.358000000000000000e+03 3.210652021000000023e-01 8.709934407000000101e-02
3.358000000000000000e+03 3.359000000000000000e+03 3.161603781000000279e-01 6.813664824000000009e-02
3.359000000000000000e+03 3.360000000000000000e+03 2.469665174999999824e-01 6.719775214000001107e-02
3.360000000000000000e+03 3.361000000000000000e+03 2.556588428000000079e-01 6.573732089000000611e-02
3.361000000000000000e+03 3.362000000000000000e+03 2.469972594999999826e-01 5.553468532999999985e-02
3.362000000000000000e+03 3.363000000000000000e+03 1.978601334600000039e-01 4.448320261000000136e-02
3.363000000000000000e+03 3.364000000000000000e+03 3.611272453299999713e-02 2.837670890000000209e-02
3.364000000000000000e+03 3.365000000000000000e+03 1.457544017500000122e-01 2.429843553999999975e-02
3.365000000000000000e+03 3.366000000000000000e+03 4.638992779000000038e-02 1.793752118700000023e-02
3.366000000000000000e+03 3.367000000000000000e+03 4.518320093999999565e-01 8.459588896999999108e-02
3.367000000000000000e+03 3.368000000000000000e+03 5.872384569999999915e-01 7.776397205000000479e-02
3.368000000000000000e+03 3.369000000000000000e+03 4.205021090000000128e-01 7.949779660000000359e-02
3.369000000000000000e+03 3.370000000000000000e+03 3.899170793000000246e-01 7.399286522999999616e-02
3.370000000000000000e+03 3.371000000000000000e+03 3.483964695000000278e-01 7.774331104999999964e-02
3.371000000000000000e+03 3.372000000000000000e+03 3.138261635999999855e-01 7.305104571999999907e-02
3.372000000000000000e+03 3.373000000000000000e+03 1.046476051500000032e-01 4.407591718000000020e-02
3.373000000000000000e+03 3.374000000000000000e+03 1.602185426599999907e-01 4.352241667000000119e-02
3.374000000000000000e+03 3.375000000000000000e+03 1.210537750499999926e-01 2.576141196000000105e-02
3.375000000000000000e+03 3.376000000000000000e+03 7.873191676000000638e-02 2.248683200399999998e-02
3.376000000000000000e+03 3.377000000000000000e+03 5.787611388999999718e-02 1.885357110699999866e-02
3.377000000000000000e+03 3.378000000000000000e+03 4.364782065999999738e-01 7.708299952000000066e-02
3.378000000000000000e+03 3.379000000000000000e+03 2.504580448000000015e-01 8.132850779000000419e-02
3.379000000000000000e+03 3.380000000000000000e+03 4.137367734999999880e-01 9.323742753999998689e-02
3.380000000000000000e+03 3.381000000000000000e+03 4.667462605999999625e-01 6.755985282000000203e-02
3.381000000000000000e+03 3.382000000000000000e+03 3.175364722999999834e-01 8.307995031999999835e-02
3.382000000000000000e+03 3.383000000000000000e+03 2.526295228000000059e-01 5.550932613000000154e-02
3.383000000000000000e+03 3.384000000000000000e+03 2.655712379999999873e-01 4.600606029999999846e-02
3.384000000000000000e+03 3.385000000000000000e+03 5.524416692999999795e-02 4.506913725999999593e-02
3.385000000000000000e+03 3.386000000000000000e+03 1.315006915999999970e-01 3.068603505000000106e-02
3.386000000000000000e+03 3.387000000000000000e+03 7.190377791000000796e-02 2.203968207699999807e-02
3.387000000000000000e+03 3.388000000000000000e+03 -8.136325712000000432e-03 2.035065364400000243e-02
3.388000000000000000e+03 3.389000000000000000e+03 6.869940572999999606e-01 9.578041986999999424e-02
3.389000000000000000e+03 3.390000000000000000e+03 4.205092488000000128e-01 7.297144073000000342e-02
3.390000000000000000e+03 3.391000000000000000e+03 3.003863225000000248e-01 8.545244547999999996e-02
3.391000000000000000e+03 3.392000000000000000e+03 3.995151124999999914e-01 7.327455104000001052e-02
3.392000000000000000e+03 3.393000000000000000e+03 3.975292586999999989e-01 6.569164770999999514e-02
3.393000000000000000e+03 3.394000000000000000e+03 3.046834075000000031e-01 5.839901146000000404e-02
3.394000000000000000e+03 3.395000000000000000e+03 2.465677122999999915e-01 4.761374134000000147e-02
3.395000000000000000e+03 3.396000000000000000e+03 1.077510906000000018e-01 3.891300369000000314e-02
3.396000000000000000e+03 3.397000000000000000e+03 1.243368041799999962e-01 3.100952393000000126e-02
3.397000000000000000e+03 3.398000000000000000e+03 -7.665817995999999607e-03 2.092819087599999753e-02
3.398000000000000000e+03 3.399000000000000000e+03 2.545718180100000130e-02 1.917248627300000008e-02
3.399000000000000000e+03 3.400000000000000000e+03 5.041274022000000743e-01 9.023555011000000681e-02
3.400000000000000000e+03 3.401000000000000000e+03 4.753889097999999813e-01 8.351041261000000104e-02
3.401000000000000000e+03 3.402000000000000000e+03 3.918026653000000192e-01 9.889619579000000216e-02
3.402000000000000000e+03 3.403000000000000000e+03 3.370256147999999841e-01 7.937997751999999185e-02
3.403000000000000000e+03 3.404000000000000000e+03 3.355203263999999574e-01 6.870956040999999515e-02
3.404000000000000000e+03 3.405000000000000000e+03 2.428097594999999997e-01 6.008753790000000150e-02
3.405000000000000000e+03 3.406000000000000000e+03 1.753166311799999877e-01 5.806692488000000235e-02
3.406000000000000000e+03 3.407000000000000000e+03 2.525023968000000285e-01 3.852282588999999396e-02
3.407000000000000000e+03 3.408000000000000000e+03 1.292402596000000181e-01 3.108555979999999899e-02
3.408000000000000000e+03 3.409000000000000000e+03 8.312343976000000079e-02 2.501831884999999867e-02
3.409000000000000000e+03 3.410000000000000000e+03 -2.638631973600000236e-02 1.728179388200000097e-02
3.410000000000000000e+03 3.411000000000000000e+03 2.470380068000000151e-01 1.059670417400000036e-01
3.411000000000000000e+03 3.412000000000000000e+03 5.157552585999999328e-01 8.791416635000000313e-02
3.412000000000000000e+03 3.413000000000000000e+03 2.402180943999999985e-01 9.714287754000000552e-02
3.413000000000000000e+03 3.414000000000000000e+03 2.416626076800000023e-01 8.484164951999999260e-02
3.414000000000000000e+03 3.415000000000000000e+03 3.072013604000000120e-01 6.601655185999999453e-02
3.415000000000000000e+03 3.416000000000000000e+03 7.305925270999999444e-02 5.862180783999999811e-02
3.416000000000000000e+03 3.417000000000000000e+03 9.465670915000000407e-02 4.475888689000000198e-02
3.417000000000000000e+03 3.418000000000000000e+03 1.815393970799999979e-01 3.805272204999999436e-02
3.418000000000000000e+03 3.419000000000000000e+03 1.040034834100000000e-01 2.523949586999999981e-02
3.419000000000000000e+03 3.420000000000000000e+03 7.073835143999999964e-02 2.438529476999999959e-02
3.420000000000000000e+03 3.421000000000000000e+03 1.990653153399999861e-02 1.677442771399999949e-02
3.421000000000000000e+03 3.422000000000000000e+03 5.100173380999999395e-01 1.008698125999999973e-01
3.422000000000000000e+03 3.423000000000000000e+03 3.370229906000000164e-01 8.661491215999998772e-02
3.423000000000000000e+03 3.424000000000000000e+03 4.912339553999999775e-01 9.336306274000000238e-02
3.424000000000000000e+03 3.425000000000000000e+03 4.807907194000000106e-01 8.579179267999999248e-02
3.425000000000000000e+03 3.426000000000000000e+03 2.178687450200000042e-01 6.547887832000000297e-02
3.426000000000000000e+03 3.427000000000000000e+03 2.279830460599999997e-01 5.589414298999999947e-02
3.427000000000000000e+03 3.428000000000000000e+03 1.623749201599999914e-01 5.499941239000000204e-02
3.428000000000000000e+03 3.429000000000000000e+03 2.074409674600000142e-01 3.678392285999999844e-02
3.429000000000000000e+03 3.430000000000000000e+03 2.742275145500000164e-02 2.707613689999999879e-02
3.430000000000000000e+03 3.431000000000000000e+03 4.788513516999999553e-02 2.602497745999999765e-02
3.431000000000000000e+03 3.432000000000000000e+03 2.457813965200000145e-02 1.873059639799999967e-02
3.432000000000000000e+03 3.433000000000000000e+03 4.792783294999999888e-01 8.420900648000000099e-02
3.433000000000000000e+03 3.434000000000000000e+03 3.481592721999999807e-01 9.238100244000001238e-02
3.434000000000000000e+03 3.435000000000000000e+03 2.226339458999999910e-01 9.054364789999999608e-02
3.435000000000000000e+03 3.436000000000000000e+03 2.308403555499999871e-01 9.439127430999999513e-02
3.436000000000000000e+03 3.437000000000000000e+03 2.818812135000000052e-01 6.630577435999999991e-02
3.437000000000000000e+03 3.438000000000000000e+03 1.724977212799999882e-01 6.279281382000000133e-02
3.438000000000000000e+03 3.439000000000000000e+03 2.410736764000000198e-01 4.343777451999999983e-02
3.439000000000000000e+03 3.440000000000000000e+03 1.486120840899999851e-01 3.758266398000000008e-02
3.440000000000000000e+03 3.441000000000000000e+03 1.273836932800000155e-01 3.332597598999999938e-02
3.441000000000000000e+03 3.442000000000000000e+03 9.768507675999998918e-02 2.516070904000000316e-02
3.442000000000000000e+03 3.443000000000000000e+03 6.970714314999999772e-02 1.810761898999999758e-02
3.443000000000000000e+03 3.444000000000000000e+03 3.778373312999999678e-01 8.667786935000000581e-02
3.444000000000000000e+03 3.445000000000000000e+03 4.114102507999999880e-01 8.420318228000001071e-02
3.445000000000000000e+03 3.446000000000000000e+03 5.646990924999999439e-01 8.215770911999999149e-02
3.446000000000000000e+03 3.447000000000000000e+03 3.120218576000000077e-01 6.512542994000000696e-02
3.447000000000000000e+03 3.448000000000000000e+03 2.232868803500000221e-01 6.306750112999999491e-02
3.448000000000000000e+03 3.449000000000000000e+03 2.491782756999999793e-01 5.771600380999999946e-02
3.449000000000000000e+03 3.450000000000000000e+03 1.367479874399999962e-01 4.420982681999999914e-02
3.450000000000000000e+03 3.451000000000000000e+03 5.483860307300000153e-02 3.806252487999999684e-02
3.451000000000000000e+03 3.452000000000000000e+03 8.380638216999999890e-02 3.001596511000000078e-02
3.452000000000000000e+03 3.453000000000000000e+03 2.897946064450000053e-02 2.386729569800000172e-02
3.453000000000000000e+03 3.454000000000000000e+03 4.030201429999999765e-03 1.573300202700000233e-02
3.454000000000000000e+03 3.455000000000000000e+03 3.868453990999999870e-01 8.051460321999999448e-02
3.455000000000000000e+03 3.456000000000000000e+03 3.523513913000000386e-01 8.275879162000000788e-02
3.456000000000000000e+03 3.457000000000000000e+03 2.987143039000000333e-01 7.100434270000000048e-02
3.457000000000000000e+03 3.458000000000000000e+03 4.866698038999999754e-01 6.955190539000000172e-02
3.458000000000000000e+03 3.459000000000000000e+03 2.731633930999999849e-01 6.667337576000000043e-02
3.459000000000000000e+03 3.460000000000000000e+03 2.077303545099999926e-01 5.567617882999999906e-02
3.460000000000000000e+03 3.461000000000000000e+03 2.262238806999999907e-01 4.116543674999999930e-02
3.461000000000000000e+03 3.462000000000000000e+03 1.325264649000000017e-01 3.951791089000000062e-02
3.462000000000000000e+03 3.463000000000000000e+03 1.254971980399999798e-01 2.725138962000000012e-02
3.463000000000000000e+03 3.464000000000000000e+03 9.682836455000000397e-02 2.653132044999999967e-02
3.464000000000000000e+03 3.465000000000000000e+03 4.334506124000000321e-02 2.006547368300000064e-02
3.465000000000000000e+03 3.466000000000000000e+03 4.524007247999999870e-01 7.383468431000000942e-02
3.466000000000000000e+03 3.467000000000000000e+03 4.916637942000000039e-01 6.338159696999999537e-02
3.467000000000000000e+03 3.468000000000000000e+03 3.247669611999999817e-01 7.540602230000000017e-02
3.468000000000000000e+03 3.469000000000000000e+03 3.068224887000000067e-01 6.415002817999999885e-02
3.469000000000000000e+03 3.470000000000000000e+03 1.746194252200000130e-01 5.661047075999999650e-02
3.470000000000000000e+03 3.471000000000000000e+03 2.965601307000000353e-01 5.474305497999999714e-02
3.471000000000000000e+03 3.472000000000000000e+03 1.927351019500000151e-01 4.309846871999999801e-02
3.472000000000000000e+03 3.473000000000000000e+03 2.066967004199999902e-01 3.751653299999999774e-02
3.473000000000000000e+03 3.474000000000000000e+03 5.296259982000000449e-02 2.986863186000000142e-02
3.474000000000000000e+03 3.475000000000000000e+03 9.189368973000000551e-02 2.269323506999999795e-02
3.475000000000000000e+03 3.476000000000000000e+03 9.101094883000000052e-03 1.689922611799999849e-02
3.476000000000000000e+03 3.477000000000000000e+03 4.494682670999999852e-01 8.369465870000000751e-02
3.477000000000000000e+03 3.478000000000000000e+03 3.816385820000000040e-01 6.820820447000000564e-02
3.478000000000000000e+03 3.479000000000000000e+03 4.042497671999999986e-01 6.685411870999999340e-02
3.479000000000000000e+03 3.480000000000000000e+03 3.270589604000000428e-01 8.297136249999999269e-02
3.480000000000000000e+03 3.481000000000000000e+03 1.628817117300000172e-01 6.723958696000000013e-02
3.481000000000000000e+03 3.482000000000000000e+03 1.459103507500000008e-01 4.932621746000000196e-02
3.482000000000000000e+03 3.483000000000000000e+03 8.269851143999999710e-02 4.402359984000000365e-02
3.483000000000000000e+03 3.484000000000000000e+03 2.229588020600000164e-01 3.908813869000000302e-02
3.484000000000000000e+03 3.485000000000000000e+03 7.945779994999999096e-02 3.092333196999999881e-02
3.485000000000000000e+03 3.486000000000000000e+03 9.096671383000000388e-02 2.527412068000000137e-02
3.486000000000000000e+03 3.487000000000000000e+03 2.467130371610000081e-02 1.764382575900000014e-02
3.487000000000000000e+03 3.488000000000000000e+03 3.815004506999999934e-01 7.872837793999999667e-02
3.488000000000000000e+03 3.489000000000000000e+03 3.959127923999999910e-01 7.302204466999999422e-02
3.489000000000000000e+03 3.490000000000000000e+03 3.196103124999999934e-01 6.906581558000000898e-02
3.490000000000000000e+03 3.491000000000000000e+03 2.550716974999999720e-01 6.434615069999999326e-02
3.491000000000000000e+03 3.492000000000000000e+03 3.317958838999999771e-01 5.481326480000000417e-02
3.492000000000000000e+03 3.493000000000000000e+03 2.698811841000000045e-01 5.056660297999999998e-02
3.493000000000000000e+03 3.494000000000000000e+03 2.162705234900000051e-01 4.434034734000000255e-02
3.494000000000000000e+03 3.495000000000000000e+03 9.062044498000000614e-02 3.889123737999999886e-02
3.495000000000000000e+03 3.496000000000000000e+03 1.324831021100000006e-01 2.926560555000000050e-02
3.496000000000000000e+03 3.497000000000000000e+03 3.622185980999999971e-02 2.113263220000000109e-02
3.497000000000000000e+03 3.498000000000000000e+03 5.422822782999999792e-03 1.811780458999999802e-02
3.498000000000000000e+03 3.499000000000000000e+03 3.312702334000000026e-01 7.638231736000000716e-02
3.499000000000000000e+03 3.500000000000000000e+03 3.563911223000000295e-01 8.607252224000000451e-02
3.500000000000000000e+03 3.501000000000000000e+03 4.735141088999999526e-01 7.997242068000000315e-02
3.501000000000000000e+03 3.502000000000000000e+03 3.145128118000000139e-01 6.752429185999998806e-02
3.502000000000000000e+03 3.503000000000000000e+03 2.971686228000000041e-01 6.084498907000000095e-02
3.503000000000000000e+03 3.504000000000000000e+03 2.417773288000000242e-01 5.729870398999999809e-02
3.504000000000000000e+03 3.505000000000000000e+03 1.486035929400000011e-01 4.303255921999999539e-02
3.505000000000000000e+03 3.506000000000000000e+03 1.616005417599999938e-01 3.190421959000000474e-02
3.506000000000000000e+03 3.507000000000000000e+03 1.737967715399999988e-02 2.538807891000000039e-02
3.507000000000000000e+03 3.508000000000000000e+03 1.044637778699999964e-01 2.300772005699999734e-02
3.508000000000000000e+03 3.509000000000000000e+03 5.810926554999999716e-02 1.685035004100000205e-02
3.509000000000000000e+03 3.510000000000000000e+03 4.473675370999999901e-01 8.057204238000000018e-02
3.510000000000000000e+03 3.511000000000000000e+03 5.148695186000000756e-01 6.538379776000000088e-02
3.511000000000000000e+03 3.512000000000000000e+03 3.450448506000000082e-01 6.412222223999999859e-02
3.512000000000000000e+03 3.513000000000000000e+03 3.317403847000000017e-01 6.608158966000000911e-02
3.513000000000000000e+03 3.514000000000000000e+03 2.373070632999999818e-01 5.734410302000000209e-02
3.514000000000000000e+03 3.515000000000000000e+03 1.898367109199999847e-01 4.591615265999999390e-02
3.515000000000000000e+03 3.516000000000000000e+03 1.908360042399999956e-01 4.247954163999999311e-02
3.516000000000000000e+03 3.517000000000000000e+03 9.544110397000000329e-03 4.021606452000000415e-02
3.517000000000000000e+03 3.518000000000000000e+03 1.181050536900000031e-01 2.742900222999999915e-02
3.518000000000000000e+03 3.519000000000000000e+03 8.780203925000000520e-02 2.263021670699999835e-02
3.519000000000000000e+03 3.520000000000000000e+03 4.501690950300000355e-02 1.929310852600000029e-02
3.520000000000000000e+03 3.521000000000000000e+03 3.648117967999999767e-01 9.921165794999999010e-02
3.521000000000000000e+03 3.522000000000000000e+03 9.508513629999999772e-02 7.862362053999999434e-02
3.522000000000000000e+03 3.523000000000000000e+03 3.587728721999999815e-01 7.433083036999998949e-02
3.523000000000000000e+03 3.524000000000000000e+03 3.517791677000000061e-01 6.830043629000000227e-02
3.524000000000000000e+03 3.525000000000000000e+03 3.605285235000000310e-01 5.752625565999999746e-02
3.525000000000000000e+03 3.526000000000000000e+03 2.485045568999999788e-01 4.668194358999999682e-02
3.526000000000000000e+03 3.527000000000000000e+03 1.742265265499999827e-01 3.989733687000000112e-02
3.527000000000000000e+03 3.528000000000000000e+03 6.396223714000000282e-02 4.148507961999999688e-02
3.528000000000000000e+03 3.529000000000000000e+03 6.688736987000000467e-02 3.240657912000000085e-02
3.529000000000000000e+03 3.530000000000000000e+03 7.437843716999999188e-02 2.277337211799999872e-02
3.530000000000000000e+03 3.531000000000000000e+03 2.993976470500000001e-02 1.632669081100000114e-02
3.531000000000000000e+03 3.532000000000000000e+03 5.273053276999999373e-01 8.484546394000000435e-02
3.532000000000000000e+03 3.533000000000000000e+03 3.327349512999999703e-01 7.238884047000000710e-02
3.533000000000000000e+03 3.534000000000000000e+03 5.271309401000000561e-01 8.584873437999999968e-02
3.534000000000000000e+03 3.535000000000000000e+03 4.784995915999999960e-01 7.819989808999999736e-02
3.535000000000000000e+03 3.536000000000000000e+03 2.567948084999999714e-01 6.202162269000000006e-02
3.536000000000000000e+03 3.537000000000000000e+03 2.129917464099999880e-01 4.938667215000000499e-02
3.537000000000000000e+03 3.538000000000000000e+03 1.588267996299999874e-01 4.723020284999999985e-02
3.538000000000000000e+03 3.539000000000000000e+03 1.518570718799999997e-01 2.982792553000000041e-02
3.539000000000000000e+03 3.540000000000000000e+03 8.995197895000001109e-03 2.427322040000000000e-02
3.540000000000000000e+03 3.541000000000000000e+03 8.081640097999999439e-02 2.298120173600000024e-02
3.541000000000000000e+03 3.542000000000000000e+03 1.047908622499999984e-02 1.952317788900000128e-02
3.542000000000000000e+03 3.543000000000000000e+03 2.810690771000000088e-01 8.754270205999999110e-02
3.543000000000000000e+03 3.544000000000000000e+03 3.700853311999999784e-01 8.481456867999999372e-02
3.544000000000000000e+03 3.545000000000000000e+03 1.915407343299999898e-01 6.809375162000000370e-02
3.545000000000000000e+03 3.546000000000000000e+03 3.202297699999999692e-01 6.075690757999999830e-02
3.546000000000000000e+03 3.547000000000000000e+03 3.392550024000000053e-01 5.421145540999999790e-02
3.547000000000000000e+03 3.548000000000000000e+03 2.380454679799999806e-01 5.108290632999999692e-02
3.548000000000000000e+03 3.549000000000000000e+03 1.797508367400000029e-01 4.239328963000000422e-02
3.549000000000000000e+03 3.550000000000000000e+03 1.647540621300000174e-01 3.140274839999999956e-02
3.550000000000000000e+03 3.551000000000000000e+03 4.613889184999999532e-02 2.715309788000000099e-02
3.551000000000000000e+03 3.552000000000000000e+03 2.780645357290000008e-02 2.332534701900000271e-02
3.552000000000000000e+03 3.553000000000000000e+03 2.836170422199999971e-02 1.487769978799999976e-02
3.553000000000000000e+03 3.554000000000000000e+03 2.788469796999999972e-01 8.474595494000000673e-02
3.554000000000000000e+03 3.555000000000000000e+03 2.877762825999999885e-01 8.305567633999999533e-02
3.555000000000000000e+03 3.556000000000000000e+03 4.416616922000000112e-01 6.767511415000000696e-02
3.556000000000000000e+03 3.557000000000000000e+03 2.651373254999999651e-01 7.227211833999999668e-02
3.557000000000000000e+03 3.558000000000000000e+03 2.359171018100000017e-01 5.290041135000000255e-02
3.558000000000000000e+03 3.559000000000000000e+03 2.219696295500000194e-01 4.974921632999999843e-02
3.559000000000000000e+03 3.560000000000000000e+03 1.415289286299999949e-01 3.839233816000000438e-02
3.560000000000000000e+03 3.561000000000000000e+03 1.383180130999999979e-01 3.981750887999999794e-02
3.561000000000000000e+03 3.562000000000000000e+03 6.223820740999999601e-02 2.757994038999999828e-02
3.562000000000000000e+03 3.563000000000000000e+03 7.769660009999999895e-02 1.944725535399999955e-02
3.563000000000000000e+03 3.564000000000000000e+03 8.308388825399999969e-03 1.706262399899999976e-02
3.564000000000000000e+03 3.565000000000000000e+03 4.478506874000000026e-01 8.507838306999999933e-02
3.565000000000000000e+03 3.566000000000000000e+03 3.102190454000000042e-01 7.293535335000000952e-02
3.566000000000000000e+03 3.567000000000000000e+03 1.943955360000000077e-01 6.863215133000000190e-02
3.567000000000000000e+03 3.568000000000000000e+03 2.279056914200000006e-01 7.053891064999999461e-02
3.568000000000000000e+03 3.569000000000000000e+03 3.296676315000000024e-01 6.353971260999999315e-02
3.569000000000000000e+03 3.570000000000000000e+03 2.151330784599999879e-01 5.083251555000000560e-02
3.570000000000000000e+03 3.571000000000000000e+03 1.647198857799999916e-01 4.628063653000000222e-02
3.571000000000000000e+03 3.572000000000000000e+03 1.526405507999999966e-01 3.477096338000000564e-02
3.572000000000000000e+03 3.573000000000000000e+03 1.022267927699999912e-01 2.514985297000000078e-02
3.573000000000000000e+03 3.574000000000000000e+03 8.355963236999999766e-02 2.276660949600000164e-02
3.574000000000000000e+03 3.575000000000000000e+03 5.482766613000000094e-02 1.557459168899999989e-02
3.575000000000000000e+03 3.576000000000000000e+03 3.609723818999999723e-01 8.757663007000000832e-02
3.576000000000000000e+03 3.577000000000000000e+03 3.367682739999999786e-01 6.866727866999999819e-02
3.577000000000000000e+03 3.578000000000000000e+03 3.177864347000000089e-01 6.303533041000000670e-02
3.578000000000000000e+03 3.579000000000000000e+03 2.263275812699999945e-01 8.004818123000000119e-02
3.579000000000000000e+03 3.580000000000000000e+03 2.456895989000000002e-01 7.035816064000000036e-02
3.580000000000000000e+03 3.581000000000000000e+03 1.997280595800000058e-01 4.291960666999999896e-02
3.581000000000000000e+03 3.582000000000000000e+03 1.946401611599999915e-01 4.235086278999999898e-02
3.582000000000000000e+03 3.583000000000000000e+03 6.814129545000000010e-02 3.491143288999999650e-02
3.583000000000000000e+03 3.584000000000000000e+03 5.529352879999999831e-02 2.294643204999999991e-02
3.584000000000000000e+03 3.585000000000000000e+03 -2.938205934999999977e-02 1.981866268300000108e-02
3.585000000000000000e+03 3.586000000000000000e+03 2.405843236700000096e-02 1.416888674900000124e-02
3.586000000000000000e+03 3.587000000000000000e+03 3.748512370000000038e-01 7.566477246000000156e-02
3.587000000000000000e+03 3.588000000000000000e+03 3.512056470000000097e-01 7.423902869000000015e-02
3.588000000000000000e+03 3.589000000000000000e+03 3.977572714000000009e-01 7.065264762000000864e-02
3.589000000000000000e+03 3.590000000000000000e+03 3.239723686000000047e-01 5.759557912999999779e-02
3.590000000000000000e+03 3.591000000000000000e+03 2.283610976999999875e-01 6.044718061999999892e-02
3.591000000000000000e+03 3.592000000000000000e+03 2.046190521499999804e-01 5.064507559999999881e-02
3.592000000000000000e+03 3.593000000000000000e+03 2.176266053199999995e-01 3.843113717000000429e-02
3.593000000000000000e+03 3.594000000000000000e+03 1.382231500199999907e-01 3.141377956000000055e-02
3.594000000000000000e+03 3.595000000000000000e+03 6.434120382999999888e-02 2.658045038999999957e-02
3.595000000000000000e+03 3.596000000000000000e+03 1.103554723300000096e-01 2.479587949900000088e-02
3.596000000000000000e+03 3.597000000000000000e+03 9.744076950800000317e-03 1.436654575900000140e-02
3.597000000000000000e+03 3.598000000000000000e+03 3.198952525000000047e-01 8.487318695999999940e-02
3.598000000000000000e+03 3.599000000000000000e+03 3.954459250999999842e-01 7.029019595999999592e-02
3.599000000000000000e+03 3.600000000000000000e+03 3.565818043000000270e-01 6.897701592999999631e-02
3.600000000000000000e+03 3.601000000000000000e+03 2.450337165500000025e-01 6.156116108000000281e-02
3.601000000000000000e+03 3.602000000000000000e+03 2.042841035300000108e-01 5.853394845000000485e-02
3.602000000000000000e+03 3.603000000000000000e+03 1.570712910300000043e-01 5.390937977000000159e-02
3.603000000000000000e+03 3.604000000000000000e+03 1.353959201399999868e-01 4.076357771999999935e-02
3.604000000000000000e+03 3.605000000000000000e+03 1.776065599700000011e-02 3.428711442000000054e-02
3.605000000000000000e+03 3.606000000000000000e+03 1.610458340400000021e-01 2.640943322000000038e-02
3.606000000000000000e+03 3.607000000000000000e+03 6.664321463000000278e-02 2.029000932799999990e-02
3.607000000000000000e+03 3.608000000000000000e+03 4.036745169999999411e-02 1.762631685899999912e-02
3.608000000000000000e+03 3.609000000000000000e+03 3.422735086999999510e-01 7.335633931000000441e-02
3.609000000000000000e+03 3.610000000000000000e+03 3.311192337999999680e-01 6.740890159000000048e-02
3.610000000000000000e+03 3.611000000000000000e+03 3.124271418000000300e-01 6.365290362000000646e-02
3.611000000000000000e+03 3.612000000000000000e+03 3.364592365999999890e-01 5.379258721000000631e-02
3.612000000000000000e+03 3.613000000000000000e+03 2.318596539699999959e-01 6.907274126000000070e-02
3.613000000000000000e+03 3.614000000000000000e+03 2.558884925000000088e-01 6.171567810999999820e-02
3.614000000000000000e+03 3.615000000000000000e+03 2.140287800900000093e-01 5.137989006999999636e-02
3.615000000000000000e+03 3.616000000000000000e+03 1.450729622200000180e-01 3.317570727999999414e-02
3.616000000000000000e+03 3.617000000000000000e+03 6.122598023999999833e-02 2.552375513999999984e-02
3.617000000000000000e+03 3.618000000000000000e+03 6.412004149000000153e-02 2.185242718799999817e-02
3.618000000000000000e+03 3.619000000000000000e+03 5.302714510000000603e-03 1.675898003199999958e-02
3.619000000000000000e+03 3.620000000000000000e+03 3.078051712000000051e-01 7.782046435999999401e-02
3.620000000000000000e+03 3.621000000000000000e+03 2.996662416000000495e-01 7.286620077000000029e-02
3.621000000000000000e+03 3.622000000000000000e+03 3.699473597000000336e-01 7.397406180000000442e-02
3.622000000000000000e+03 3.623000000000000000e+03 3.196989819000000121e-01 5.733567674000000086e-02
3.623000000000000000e+03 3.624000000000000000e+03 3.204016424999999724e-01 5.738418437000000066e-02
3.624000000000000000e+03 3.625000000000000000e+03 2.831332845000000265e-01 5.199584623999999738e-02
3.625000000000000000e+03 3.626000000000000000e+03 1.671113254799999892e-01 4.247541043999999988e-02
3.626000000000000000e+03 3.627000000000000000e+03 1.194475509500000088e-01 3.189873241999999914e-02
3.627000000000000000e+03 3.628000000000000000e+03 1.343198768100000162e-01 2.913356561999999941e-02
3.628000000000000000e+03 3.629000000000000000e+03 3.074257577000000241e-02 2.430687489299999948e-02
3.629000000000000000e+03 3.630000000000000000e+03 3.990230369000000166e-02 1.508503328999999914e-02
3.630000000000000000e+03 3.631000000000000000e+03 3.980791757000000097e-01 8.799267697000000277e-02
3.631000000000000000e+03 3.632000000000000000e+03 3.825456857000000266e-01 6.089933508999999939e-02
3.632000000000000000e+03 3.633000000000000000e+03 3.195288391000000172e-01 6.737236919000000324e-02
3.633000000000000000e+03 3.634000000000000000e+03 3.813449647000000109e-01 6.527094237000000132e-02
3.634000000000000000e+03 3.635000000000000000e+03 2.568379204000000304e-01 6.340959969999999946e-02
3.635000000000000000e+03 3.636000000000000000e+03 1.796424711599999835e-01 4.465217366999999632e-02
3.636000000000000000e+03 3.637000000000000000e+03 8.823780809000000835e-02 3.690766545000000176e-02
3.637000000000000000e+03 3.638000000000000000e+03 1.140354867599999988e-01 3.006725946999999968e-02
3.638000000000000000e+03 3.639000000000000000e+03 3.540352395999999541e-02 2.484577930000000240e-02
3.639000000000000000e+03 3.640000000000000000e+03 4.543606777999999874e-02 2.087027386499999693e-02
3.640000000000000000e+03 3.641000000000000000e+03 2.856622581990000270e-02 1.647873800900000185e-02
3.641000000000000000e+03 3.642000000000000000e+03 4.218825043000000163e-01 6.501767069000000121e-02
3.642000000000000000e+03 3.643000000000000000e+03 2.233963402899999950e-01 7.269501333000000232e-02
3.643000000000000000e+03 3.644000000000000000e+03 2.744722277000000155e-01 6.516698967000000842e-02
3.644000000000000000e+03 3.645000000000000000e+03 2.769456774999999871e-01 6.388546168000000525e-02
3.645000000000000000e+03 3.646000000000000000e+03 1.723760481299999869e-01 5.013446527999999847e-02
3.646000000000000000e+03 3.647000000000000000e+03 2.075721216199999941e-01 4.531759057000000340e-02
3.647000000000000000e+03 3.648000000000000000e+03 5.605301529000000088e-02 3.998975948999999863e-02
3.648000000000000000e+03 3.649000000000000000e+03 2.396157488399999758e-02 2.495578422999999990e-02
3.649000000000000000e+03 3.650000000000000000e+03 7.552245794000000956e-02 2.948526234999999940e-02
3.650000000000000000e+03 3.651000000000000000e+03 -1.996697990999999825e-02 2.171238295600000021e-02
3.651000000000000000e+03 3.652000000000000000e+03 2.399394235900000061e-02 1.519242801500000038e-02
3.652000000000000000e+03 3.653000000000000000e+03 4.369650471999999564e-01 7.724414625999999340e-02
3.653000000000000000e+03 3.654000000000000000e+03 4.693734975000000142e-01 6.750641646000000995e-02
3.654000000000000000e+03 3.655000000000000000e+03 2.927172294000000008e-01 6.142683342000000019e-02
3.655000000000000000e+03 3.656000000000000000e+03 2.785539505999999887e-01 5.665786377999999790e-02
3.656000000000000000e+03 3.657000000000000000e+03 2.237774180900000132e-01 5.041873130999999925e-02
3.657000000000000000e+03 3.658000000000000000e+03 1.941285753199999964e-01 4.808197530000000303e-02
3.658000000000000000e+03 3.659000000000000000e+03 1.133833631800000019e-01 3.640133907999999752e-02
3.659000000000000000e+03 3.660000000000000000e+03 6.766882880999999794e-02 2.976424491000000117e-02
3.660000000000000000e+03 3.661000000000000000e+03 1.023170856099999970e-01 2.902554439000000139e-02
3.661000000000000000e+03 3.662000000000000000e+03 6.068989593000000127e-02 1.761021203499999951e-02
3.662000000000000000e+03 3.663000000000000000e+03 -1.185347466200000095e-02 1.489174231300000040e-02
3.663000000000000000e+03 3.664000000000000000e+03 4.227540206000000023e-01 6.583096519000000701e-02
3.664000000000000000e+03 3.665000000000000000e+03 3.021338378999999796e-01 7.700180779000000142e-02
3.665000000000000000e+03 3.666000000000000000e+03 4.351580335999999938e-01 5.674480770999999757e-02
3.666000000000000000e+03 3.667000000000000000e+03 3.427193510000000054e-01 5.741460068999999777e-02
3.667000000000000000e+03 3.668000000000000000e+03 3.141775392000000222e-01 5.785934641999999906e-02
3.668000000000000000e+03 3.669000000000000000e+03 1.763232497399999932e-01 5.655489760000000088e-02
3.669000000000000000e+03 3.670000000000000000e+03 4.780509933000000322e-02 4.246228547999999353e-02
3.670000000000000000e+03 3.671000000000000000e+03 9.203200215000000017e-02 2.993448334000000169e-02
3.671000000000000000e+03 3.672000000000000000e+03 1.210199795100000003e-01 2.542447269999999898e-02
3.672000000000000000e+03 3.673000000000000000e+03 5.788698887000000293e-02 1.974874709899999969e-02
3.673000000000000000e+03 3.674000000000000000e+03 3.903433220000000065e-02 1.519150864900000071e-02
3.674000000000000000e+03 3.675000000000000000e+03 2.091986439200000103e-01 7.795568119000000074e-02
3.675000000000000000e+03 3.676000000000000000e+03 3.091834359999999782e-01 7.122855473000000437e-02
3.676000000000000000e+03 3.677000000000000000e+03 2.298288686999999941e-01 5.767278678999999963e-02
3.677000000000000000e+03 3.678000000000000000e+03 2.116171635400000139e-01 5.700831778999999877e-02
3.678000000000000000e+03 3.679000000000000000e+03 2.132170013499999905e-01 5.889243247999999958e-02
3.679000000000000000e+03 3.680000000000000000e+03 2.127060588999999946e-01 3.921794958000000136e-02
3.680000000000000000e+03 3.681000000000000000e+03 2.227629813700000017e-01 3.286019461999999808e-02
3.681000000000000000e+03 3.682000000000000000e+03 6.637565809999999844e-02 2.807315766999999782e-02
3.682000000000000000e+03 3.683000000000000000e+03 7.980344025999999702e-02 2.308853520000000298e-02
3.683000000000000000e+03 3.684000000000000000e+03 5.117501006999999880e-02 1.918476326499999815e-02
3.684000000000000000e+03 3.685000000000000000e+03 5.913554766999999657e-02 1.592348623800000224e-02
3.685000000000000000e+03 3.686000000000000000e+03 3.855007000999999822e-01 6.854466288999999657e-02
3.686000000000000000e+03 3.687000000000000000e+03 4.257624080999999894e-01 7.056129271000000092e-02
3.687000000000000000e+03 3.688000000000000000e+03 3.029180210000000373e-01 5.894937454999999576e-02
3.688000000000000000e+03 3.689000000000000000e+03 3.032672598000000219e-01 5.508622414000000078e-02
3.689000000000000000e+03 3.690000000000000000e+03 2.770518967000000221e-01 4.445934686999999941e-02
3.690000000000000000e+03 3.691000000000000000e+03 1.356588820200000101e-01 3.735745530999999564e-02
3.691000000000000000e+03 3.692000000000000000e+03 1.627946404799999747e-01 3.907545717999999502e-02
3.692000000000000000e+03 3.693000000000000000e+03 1.237092842499999956e-01 3.059696624999999962e-02
3.693000000000000000e+03 3.694000000000000000e+03 8.945630831999999699e-02 2.568215328999999894e-02
3.694000000000000000e+03 3.695000000000000000e+03 4.246908827000000358e-02 1.741047774399999762e-02
3.695000000000000000e+03 3.696000000000000000e+03 1.885654981699999913e-02 1.367389136999999991e-02
3.696000000000000000e+03 3.697000000000000000e+03 4.577588127000000173e-01 7.136941390999999857e-02
3.697000000000000000e+03 3.698000000000000000e+03 2.754498337999999880e-01 7.591762561000001130e-02
3.698000000000000000e+03 3.699000000000000000e+03 3.006443991999999676e-01 6.814226600999999384e-02
3.699000000000000000e+03 3.700000000000000000e+03 1.309465700400000154e-01 5.505379567999999640e-02
3.700000000000000000e+03 3.701000000000000000e+03 2.222897940900000202e-01 4.117449876999999814e-02
3.701000000000000000e+03 3.702000000000000000e+03 1.846561428800000126e-01 5.442711606999999646e-02
3.702000000000000000e+03 3.703000000000000000e+03 9.616831805000000677e-02 3.629659442999999541e-02
3.703000000000000000e+03 3.704000000000000000e+03 9.670287255999999998e-02 3.169929011000000019e-02
3.704000000000000000e+03 3.705000000000000000e+03 1.426056091000000095e-02 2.324752672800000156e-02
3.705000000000000000e+03 3.706000000000000000e+03 5.580540083999999817e-02 1.921499603000000056e-02
3.706000000000000000e+03 3.707000000000000000e+03 2.523923063799999797e-02 1.485319045299999911e-02
3.707000000000000000e+03 3.708000000000000000e+03 1.225105863100000025e-01 7.025266721999999520e-02
3.708000000000000000e+03 3.709000000000000000e+03 3.271386588000000373e-01 6.819538540000000260e-02
3.709000000000000000e+03 3.710000000000000000e+03 2.929962983000000132e-01 5.769544397999999685e-02
3.710000000000000000e+03 3.711000000000000000e+03 2.902244344999999615e-01 6.054647536999999829e-02
3.711000000000000000e+03 3.712000000000000000e+03 3.164704922000000087e-01 4.907525264000000415e-02
3.712000000000000000e+03 3.713000000000000000e+03 1.641810229699999790e-01 4.613393562999999753e-02
3.713000000000000000e+03 3.714000000000000000e+03 1.820970927499999947e-01 3.399343303999999982e-02
3.714000000000000000e+03 3.715000000000000000e+03 8.910001820999999267e-02 2.491214032999999883e-02
3.715000000000000000e+03 3.716000000000000000e+03 1.081806385899999889e-01 2.613427410999999770e-02
3.716000000000000000e+03 3.717000000000000000e+03 5.922338641000000209e-02 2.146162636799999954e-02
3.717000000000000000e+03 3.718000000000000000e+03 4.249302768099999517e-02 1.361459365800000119e-02
3.718000000000000000e+03 3.719000000000000000e+03 4.120374685000000037e-01 9.107786848000000435e-02
3.719000000000000000e+03 3.720000000000000000e+03 2.388388212000000232e-01 6.908026022999999571e-02
3.720000000000000000e+03 3.721000000000000000e+03 2.883972048999999815e-01 7.071187628000000225e-02
3.721000000000000000e+03 3.722000000000000000e+03 2.829937747999999864e-01 5.204323582999999948e-02
3.722000000000000000e+03 3.723000000000000000e+03 1.234581623499999975e-01 5.345525472999999861e-02
3.723000000000000000e+03 3.724000000000000000e+03 2.304295388600000050e-01 4.317322557000000116e-02
3.724000000000000000e+03 3.725000000000000000e+03 8.837994210999999822e-02 3.248774041000000029e-02
3.725000000000000000e+03 3.726000000000000000e+03 1.169122842699999998e-01 2.592264940000000087e-02
3.726000000000000000e+03 3.727000000000000000e+03 7.038086394999999718e-02 2.557892320000000261e-02
3.727000000000000000e+03 3.728000000000000000e+03 5.808766672000000020e-02 1.760528297200000120e-02
3.728000000000000000e+03 3.729000000000000000e+03 2.302718338500000031e-02 1.353786041599999886e-02
3.729000000000000000e+03 3.730000000000000000e+03 4.561459659000000055e-01 8.021463202000000958e-02
3.730000000000000000e+03 3.731000000000000000e+03 3.056974298999999839e-01 6.303192212000000016e-02
3.731000000000000000e+03 3.732000000000000000e+03 2.856620087000000252e-01 6.408428774000000938e-02
3.732000000000000000e+03 3.733000000000000000e+03 2.853659061999999635e-01 5.024402087999999683e-02
3.733000000000000000e+03 3.734000000000000000e+03 2.723497255000000283e-01 6.273250226000000318e-02
3.734000000000000000e+03 3.735000000000000000e+03 1.690357922199999807e-01 4.415282665999999828e-02
3.735000000000000000e+03 3.736000000000000000e+03 1.258171661499999927e-01 3.679606770999999804e-02
3.736000000000000000e+03 3.737000000000000000e+03 1.773582978899999885e-01 2.869614833000000073e-02
3.737000000000000000e+03 3.738000000000000000e+03 8.915932897999999385e-02 2.425129373000000158e-02
3.738000000000000000e+03 3.739000000000000000e+03 6.092717112000000518e-02 2.239174060799999783e-02
3.739000000000000000e+03 3.740000000000000000e+03 5.223062217000000104e-03 1.313297353999999875e-02
3.740000000000000000e+03 3.741000000000000000e+03 2.682384295000000418e-01 7.345939540000000212e-02
3.741000000000000000e+03 3.742000000000000000e+03 2.654636803000000045e-01 5.335174996000000003e-02
3.742000000000000000e+03 3.743000000000000000e+03 2.990957431999999860e-01 6.053610289999999949e-02
3.743000000000000000e+03 3.744000000000000000e+03 2.027931044200000088e-01 5.144844587999999885e-02
3.744000000000000000e+03 3.745000000000000000e+03 2.579692281999999559e-01 4.898293899000000229e-02
3.745000000000000000e+03 3.746000000000000000e+03 2.666457527000000161e-01 4.362189253000000461e-02
3.746000000000000000e+03 3.747000000000000000e+03 1.421439961999999835e-01 3.270168300000000222e-02
3.747000000000000000e+03 3.748000000000000000e+03 9.253662976999998957e-02 2.769801479000000288e-02
3.748000000000000000e+03 3.749000000000000000e+03 5.052390971000000203e-02 2.542400666999999892e-02
3.749000000000000000e+03 3.750000000000000000e+03 2.967437725900000031e-02 1.914626381499999822e-02
3.750000000000000000e+03 3.751000000000000000e+03 4.643977643000000294e-02 1.374558592499999961e-02
3.751000000000000000e+03 3.752000000000000000e+03 3.036114250000000458e-01 7.894841366999999499e-02
3.752000000000000000e+03 3.753000000000000000e+03 3.852865533000000009e-01 5.145124639999999749e-02
3.753000000000000000e+03 3.754000000000000000e+03 1.956058042299999855e-01 8.563453189000000410e-02
3.754000000000000000e+03 3.755000000000000000e+03 2.963367566999999814e-01 6.434416912000000266e-02
3.755000000000000000e+03 3.756000000000000000e+03 2.351026753600000130e-01 4.722348957000000597e-02
3.756000000000000000e+03 3.757000000000000000e+03 -1.497842342599999821e-01 4.145329798999999871e-02
3.757000000000000000e+03 3.758000000000000000e+03 1.521978672599999804e-01 3.310901597000000252e-02
3.758000000000000000e+03 3.759000000000000000e+03 1.367741673300000016e-01 2.814848681999999880e-02
3.759000000000000000e+03 3.760000000000000000e+03 7.512016520000000530e-02 2.187828383999999848e-02
3.760000000000000000e+03 3.761000000000000000e+03 7.145156930000000350e-02 2.120371616600000286e-02
3.761000000000000000e+03 3.762000000000000000e+03 2.430817766749999997e-02 1.599528406000000000e-02
3.762000000000000000e+03 3.763000000000000000e+03 2.825004227999999840e-01 7.012762573999999083e-02
3.763000000000000000e+03 3.764000000000000000e+03 3.715893955999999831e-01 5.590574905000000178e-02
3.764000000000000000e+03 3.765000000000000000e+03 3.084408225999999975e-01 6.701458290999999512e-02
3.765000000000000000e+03 3.766000000000000000e+03 2.578472954999999622e-01 6.060005249000000038e-02
3.766000000000000000e+03 3.767000000000000000e+03 1.695088547299999915e-01 3.989037643999999994e-02
3.767000000000000000e+03 3.768000000000000000e+03 2.162025293799999803e-01 3.627036393000000053e-02
3.768000000000000000e+03 3.769000000000000000e+03 7.372771456000000445e-02 3.909146179999999776e-02
3.769000000000000000e+03 3.770000000000000000e+03 9.582024688000000123e-02 2.858779343999999847e-02
3.770000000000000000e+03 3.771000000000000000e+03 3.654857170600000343e-02 2.348898195999999869e-02
3.771000000000000000e+03 3.772000000000000000e+03 -1.713642862999999834e-03 1.978734025099999905e-02
3.772000000000000000e+03 3.773000000000000000e+03 4.494510677300000284e-02 1.313419152600000042e-02
3.773000000000000000e+03 3.774000000000000000e+03 2.891157792000000337e-01 6.915431301999999669e-02
3.774000000000000000e+03 3.775000000000000000e+03 1.724102592999999795e-01 5.613947067000000374e-02
3.775000000000000000e+03 3.776000000000000000e+03 3.112034063999999933e-01 5.585479001000000221e-02
3.776000000000000000e+03 3.777000000000000000e+03 2.628724687999999809e-01 5.737103674999999986e-02
3.777000000000000000e+03 3.778000000000000000e+03 2.482512275000000046e-01 4.753422531999999812e-02
3.778000000000000000e+03 3.779000000000000000e+03 6.832399294999999539e-02 3.483258466999999969e-02
3.779000000000000000e+03 3.780000000000000000e+03 1.307305105799999867e-01 3.463511709000000049e-02
3.780000000000000000e+03 3.781000000000000000e+03 7.840782932999999788e-02 3.329750061000000261e-02
3.781000000000000000e+03 3.782000000000000000e+03 5.552986354000000180e-02 2.528849471999999876e-02
3.782000000000000000e+03 3.783000000000000000e+03 2.878461946300000032e-02 2.068487770900000189e-02
3.783000000000000000e+03 3.784000000000000000e+03 -2.975861879000000175e-03 1.135931597799999873e-02
3.784000000000000000e+03 3.785000000000000000e+03 2.832335605999999895e-01 6.948980240999999558e-02
3.785000000000000000e+03 3.786000000000000000e+03 3.526257253999999786e-01 6.194083779000000151e-02
3.786000000000000000e+03 3.787000000000000000e+03 4.147823800000000061e-01 5.558839411000000147e-02
3.787000000000000000e+03 3.788000000000000000e+03 1.635984447699999900e-01 4.969759616000000296e-02
3.788000000000000000e+03 3.789000000000000000e+03 1.890123234300000177e-01 4.527447257999999558e-02
3.789000000000000000e+03 3.790000000000000000e+03 1.501144449599999819e-01 4.591173266999999669e-02
3.790000000000000000e+03 3.791000000000000000e+03 9.631511382999999316e-02 3.087909020000000060e-02
3.791000000000000000e+03 3.792000000000000000e+03 7.890827219999999032e-02 2.805853759999999905e-02
3.792000000000000000e+03 3.793000000000000000e+03 1.240027961799999995e-01 2.300569319999999987e-02
3.793000000000000000e+03 3.794000000000000000e+03 7.049272286999999637e-02 1.847651595399999944e-02
3.794000000000000000e+03 3.795000000000000000e+03 3.742631482000000065e-02 1.353768857400000115e-02
3.795000000000000000e+03 3.796000000000000000e+03 2.756681182000000341e-01 8.602342101000000352e-02
3.796000000000000000e+03 3.797000000000000000e+03 2.422768342000000130e-01 6.859733288000000040e-02
3.797000000000000000e+03 3.798000000000000000e+03 3.237433113000000029e-01 6.043437561999999430e-02
3.798000000000000000e+03 3.799000000000000000e+03 2.564718260000000138e-01 4.899699024999999708e-02
3.799000000000000000e+03 3.800000000000000000e+03 1.598210464100000006e-01 4.583916780999999774e-02
3.800000000000000000e+03 3.801000000000000000e+03 1.736821371700000005e-01 4.447004474999999984e-02
3.801000000000000000e+03 3.802000000000000000e+03 1.247527038800000099e-01 3.395054865999999616e-02
3.802000000000000000e+03 3.803000000000000000e+03 8.216921530000000085e-02 2.667851355000000133e-02
3.803000000000000000e+03 3.804000000000000000e+03 -1.529191717000000054e-02 2.247263062699999744e-02
3.804000000000000000e+03 3.805000000000000000e+03 4.474314604200000517e-02 1.547804314299999935e-02
3.805000000000000000e+03 3.806000000000000000e+03 2.866007756700000159e-02 1.404671529700000053e-02
3.806000000000000000e+03 3.807000000000000000e+03 2.158173380899999771e-01 7.052344253000000784e-02
3.807000000000000000e+03 3.808000000000000000e+03 3.121447391000000127e-01 6.388228440000000286e-02
3.808000000000000000e+03 3.809000000000000000e+03 3.064522541999999961e-01 5.394193568000000411e-02
3.809000000000000000e+03 3.810000000000000000e+03 2.559618757000000078e-01 5.633045046999999445e-02
3.810000000000000000e+03 3.811000000000000000e+03 2.212575516299999934e-01 4.716948129999999628e-02
3.811000000000000000e+03 3.812000000000000000e+03 1.468381083499999962e-01 4.658247079999999762e-02
3.812000000000000000e+03 3.813000000000000000e+03 1.174374818100000079e-01 3.323684135999999817e-02
3.813000000000000000e+03 3.814000000000000000e+03 7.408709525999999934e-02 2.666736760000000192e-02
3.814000000000000000e+03 3.815000000000000000e+03 1.495734679299999884e-02 2.077768804500000274e-02
3.815000000000000000e+03 3.816000000000000000e+03 4.278832637499999786e-02 1.676119946999999819e-02
3.816000000000000000e+03 3.817000000000000000e+03 1.424326966707000104e-02 1.515168809599999958e-02
3.817000000000000000e+03 3.818000000000000000e+03 1.312166591199999954e-01 5.781002709999999434e-02
3.818000000000000000e+03 3.819000000000000000e+03 3.316662944000000057e-01 5.503270774999999976e-02
3.819000000000000000e+03 3.820000000000000000e+03 3.048689923000000301e-01 5.807897629000000062e-02
3.820000000000000000e+03 3.821000000000000000e+03 2.069001206999999953e-01 4.992772068999999646e-02
3.821000000000000000e+03 3.822000000000000000e+03 2.219778963500000091e-01 4.547337972999999922e-02
3.822000000000000000e+03 3.823000000000000000e+03 1.319545974899999918e-01 3.843631344000000144e-02
3.823000000000000000e+03 3.824000000000000000e+03 4.474303816999999905e-02 2.728790134000000020e-02
3.824000000000000000e+03 3.825000000000000000e+03 1.102094996099999974e-01 2.558892637999999817e-02
3.825000000000000000e+03 3.826000000000000000e+03 1.244021936999999967e-01 2.736530117999999914e-02
3.826000000000000000e+03 3.827000000000000000e+03 1.564318199800000114e-02 1.599491434599999845e-02
3.827000000000000000e+03 3.828000000000000000e+03 2.764001227399999830e-02 1.302008346600000074e-02
3.828000000000000000e+03 3.829000000000000000e+03 3.911106102999999945e-01 6.431329365999999270e-02
3.829000000000000000e+03 3.830000000000000000e+03 2.363183699999999998e-01 6.997053681000001135e-02
3.830000000000000000e+03 3.831000000000000000e+03 2.991412973999999503e-01 6.501705967999998892e-02
3.831000000000000000e+03 3.832000000000000000e+03 2.363558250999999999e-01 5.145779644000000180e-02
3.832000000000000000e+03 3.833000000000000000e+03 1.776002834699999811e-01 4.386084730000000542e-02
3.833000000000000000e+03 3.834000000000000000e+03 2.498602615999999943e-01 3.372958554000000247e-02
3.834000000000000000e+03 3.835000000000000000e+03 6.995641576000000139e-02 2.757188663000000040e-02
3.835000000000000000e+03 3.836000000000000000e+03 6.929904451000000465e-02 2.467279961999999799e-02
3.836000000000000000e+03 3.837000000000000000e+03 4.708563756000000433e-02 1.978123591599999925e-02
3.837000000000000000e+03 3.838000000000000000e+03 3.085939318099999856e-02 1.706014520199999884e-02
3.838000000000000000e+03 3.839000000000000000e+03 -3.201926837000000029e-03 1.400403879499999976e-02
3.839000000000000000e+03 3.840000000000000000e+03 3.215194042999999779e-01 6.876568385999999589e-02
3.840000000000000000e+03 3.841000000000000000e+03 3.535243534999999993e-01 6.515669232000000088e-02
3.841000000000000000e+03 3.842000000000000000e+03 1.390991144900000087e-01 5.962059601999999958e-02
3.842000000000000000e+03 3.843000000000000000e+03 1.660590468200000003e-01 4.643619121999999905e-02
3.843000000000000000e+03 3.844000000000000000e+03 8.362103745000000476e-02 4.017470906000000092e-02
3.844000000000000000e+03 3.845000000000000000e+03 1.645261943699999896e-01 3.980398921000000145e-02
3.845000000000000000e+03 3.846000000000000000e+03 1.609796024300000072e-01 3.672342011000000184e-02
3.846000000000000000e+03 3.847000000000000000e+03 7.910677179000000225e-02 3.096047906000000058e-02
3.847000000000000000e+03 3.848000000000000000e+03 5.067004115999999836e-02 1.985097669600000003e-02
3.848000000000000000e+03 3.849000000000000000e+03 6.799535014999999460e-02 1.761186823900000309e-02
3.849000000000000000e+03 3.850000000000000000e+03 1.181149092199999980e-02 1.290562506200000105e-02
3.850000000000000000e+03 3.851000000000000000e+03 3.413635091999999704e-01 6.814986470000000685e-02
3.851000000000000000e+03 3.852000000000000000e+03 2.369366632999999889e-01 6.769878185000000048e-02
3.852000000000000000e+03 3.853000000000000000e+03 3.557438406999999803e-01 6.525418265000000606e-02
3.853000000000000000e+03 3.854000000000000000e+03 1.568952722199999927e-01 5.104787311000000272e-02
3.854000000000000000e+03 3.855000000000000000e+03 1.991335113100000109e-01 4.306494375000000097e-02
3.855000000000000000e+03 3.856000000000000000e+03 1.772232838899999996e-01 3.615013244000000320e-02
3.856000000000000000e+03 3.857000000000000000e+03 1.253675985099999834e-01 3.113023015000000032e-02
3.857000000000000000e+03 3.858000000000000000e+03 2.085519530800000049e-02 2.603372445000000021e-02
3.858000000000000000e+03 3.859000000000000000e+03 -8.503999419999999990e-03 2.424294460999999734e-02
3.859000000000000000e+03 3.860000000000000000e+03 5.538225173000000529e-02 1.721238836499999758e-02
3.860000000000000000e+03 3.861000000000000000e+03 5.410923765300000229e-03 1.256441593600000038e-02
3.861000000000000000e+03 3.862000000000000000e+03 2.162941657500000170e-01 5.754612943000000230e-02
3.862000000000000000e+03 3.863000000000000000e+03 2.274148035600000173e-01 6.133643827000000159e-02
3.863000000000000000e+03 3.864000000000000000e+03 3.025347481999999810e-01 5.324475480000000205e-02
3.864000000000000000e+03 3.865000000000000000e+03 3.396216049999999931e-01 5.547616001000000435e-02
3.865000000000000000e+03 3.866000000000000000e+03 2.074411073999999910e-01 3.787171489999999890e-02
3.866000000000000000e+03 3.867000000000000000e+03 1.611348584600000022e-01 4.411365220999999975e-02
3.867000000000000000e+03 3.868000000000000000e+03 1.492940927899999992e-01 3.015728061000000002e-02
3.868000000000000000e+03 3.869000000000000000e+03 -2.475464056999999996e-02 2.615587194000000212e-02
3.869000000000000000e+03 3.870000000000000000e+03 2.606372500000000286e-02 2.062075265899999954e-02
3.870000000000000000e+03 3.871000000000000000e+03 2.994181515160000001e-02 1.448169505200000082e-02
3.871000000000000000e+03 3.872000000000000000e+03 5.406812100999999586e-03 1.195570438099999994e-02
3.872000000000000000e+03 3.873000000000000000e+03 2.728202915999999867e-01 7.588954020000000800e-02
3.873000000000000000e+03 3.874000000000000000e+03 3.671700806000000039e-01 5.545650648000000071e-02
3.874000000000000000e+03 3.875000000000000000e+03 2.800632209000000206e-01 5.336862238999999508e-02
3.875000000000000000e+03 3.876000000000000000e+03 2.150394030099999909e-01 5.661398441999999920e-02
3.876000000000000000e+03 3.877000000000000000e+03 1.756654839899999820e-01 4.110630124999999774e-02
3.877000000000000000e+03 3.878000000000000000e+03 1.814839740099999932e-01 3.821721177000000219e-02
3.878000000000000000e+03 3.879000000000000000e+03 8.244148612000000431e-02 3.047969273999999798e-02
3.879000000000000000e+03 3.880000000000000000e+03 1.003575359400000061e-01 2.614514135999999878e-02
3.880000000000000000e+03 3.881000000000000000e+03 8.505625724000000221e-02 1.882802457000000082e-02
3.881000000000000000e+03 3.882000000000000000e+03 2.977052016899999973e-02 1.825422477199999810e-02
3.882000000000000000e+03 3.883000000000000000e+03 5.423736771999999873e-02 1.276903079200000096e-02
3.883000000000000000e+03 3.884000000000000000e+03 2.301865037000000169e-01 6.707957931999999901e-02
3.884000000000000000e+03 3.885000000000000000e+03 2.938081906000000187e-01 6.203352490000000469e-02
3.885000000000000000e+03 3.886000000000000000e+03 1.456181889799999796e-01 5.014896637999999990e-02
3.886000000000000000e+03 3.887000000000000000e+03 2.355028068000000196e-01 4.476730961000000009e-02
3.887000000000000000e+03 3.888000000000000000e+03 2.186485670000000159e-01 3.579545950999999532e-02
3.888000000000000000e+03 3.889000000000000000e+03 1.532245928799999823e-01 3.292163948000000062e-02
3.889000000000000000e+03 3.890000000000000000e+03 5.083080792900000061e-02 4.188219484999999853e-02
3.890000000000000000e+03 3.891000000000000000e+03 6.482109467999999652e-02 2.178160529899999739e-02
3.891000000000000000e+03 3.892000000000000000e+03 6.062488119000000036e-02 1.884448096099999859e-02
3.892000000000000000e+03 3.893000000000000000e+03 2.548079287899999990e-02 1.738784407600000095e-02
3.893000000000000000e+03 3.894000000000000000e+03 1.044649135799999989e-02 1.180386424100000019e-02
3.894000000000000000e+03 3.895000000000000000e+03 3.467653276000000062e-01 6.007301753000000161e-02
3.895000000000000000e+03 3.896000000000000000e+03 2.167094448499999881e-01 6.081591525999999887e-02
3.896000000000000000e+03 3.897000000000000000e+03 2.159461244299999971e-01 5.071575198999999506e-02
3.897000000000000000e+03 3.898000000000000000e+03 1.658621405800000115e-01 4.326978693999999903e-02
3.898000000000000000e+03 3.899000000000000000e+03 1.356138804600000025e-01 4.441228296000000048e-02
3.899000000000000000e+03 3.900000000000000000e+03 1.334047230599999800e-01 3.641255864000000203e-02
3.900000000000000000e+03 3.901000000000000000e+03 1.303877037500000002e-01 3.462676794999999808e-02
3.901000000000000000e+03 3.902000000000000000e+03 6.405785728000000512e-02 2.273919985000000255e-02
3.902000000000000000e+03 3.903000000000000000e+03 6.247562877000000653e-02 1.866798826099999933e-02
3.903000000000000000e+03 3.904000000000000000e+03 3.125835884900000222e-02 1.505223077200000016e-02
3.904000000000000000e+03 3.905000000000000000e+03 3.095351381120000148e-02 1.330125673099999926e-02
3.905000000000000000e+03 3.906000000000000000e+03 2.724819708999999812e-01 6.065019878999999836e-02
3.906000000000000000e+03 3.907000000000000000e+03 1.915586714799999979e-01 5.569556479999999976e-02
3.907000000000000000e+03 3.908000000000000000e+03 2.550554977000000223e-01 4.820564480000000263e-02
3.908000000000000000e+03 3.909000000000000000e+03 2.342928498000000082e-01 4.360136151999999959e-02
3.909000000000000000e+03 3.910000000000000000e+03 1.680603719800000118e-01 3.972085663000000239e-02
3.910000000000000000e+03 3.911000000000000000e+03 2.215574666300000051e-01 3.845589415000000288e-02
3.911000000000000000e+03 3.912000000000000000e+03 1.027497460000000029e-01 2.952405901000000263e-02
3.912000000000000000e+03 3.913000000000000000e+03 -1.823493727999999856e-02 2.213631637999999985e-02
3.913000000000000000e+03 3.914000000000000000e+03 4.827387517000000100e-02 2.202253376799999732e-02
3.914000000000000000e+03 3.915000000000000000e+03 2.693048347800000228e-02 1.407208660499999903e-02
3.915000000000000000e+03 3.916000000000000000e+03 9.543834475000000442e-03 1.295700569400000043e-02
3.916000000000000000e+03 3.917000000000000000e+03 2.707474052000000131e-01 5.977265296999999949e-02
3.917000000000000000e+03 3.918000000000000000e+03 2.945152628000000106e-01 5.050436338000000025e-02
3.918000000000000000e+03 3.919000000000000000e+03 2.417367582000000126e-01 5.233169380000000231e-02
3.919000000000000000e+03 3.920000000000000000e+03 1.237235513699999900e-01 4.672559507000000056e-02
3.920000000000000000e+03 3.921000000000000000e+03 2.201012887999999890e-01 4.248267240000000444e-02
3.921000000000000000e+03 3.922000000000000000e+03 1.557295775099999946e-01 3.307814924000000018e-02
3.922000000000000000e+03 3.923000000000000000e+03 8.018542022999999852e-02 2.998495420000000036e-02
3.923000000000000000e+03 3.924000000000000000e+03 8.356268319000000055e-02 2.768860211999999918e-02
3.924000000000000000e+03 3.925000000000000000e+03 8.135899117000000569e-02 1.937718231699999891e-02
3.925000000000000000e+03 3.926000000000000000e+03 7.330619382000000406e-02 1.739680986000000096e-02
3.926000000000000000e+03 3.927000000000000000e+03 8.415815340000000477e-03 1.333688499100000105e-02
3.927000000000000000e+03 3.928000000000000000e+03 2.652494961000000373e-01 6.463499878999999504e-02
3.928000000000000000e+03 3.929000000000000000e+03 2.778022767000000171e-01 4.997253673000000285e-02
3.929000000000000000e+03 3.930000000000000000e+03 2.716719831000000140e-01 4.842146175999999941e-02
3.930000000000000000e+03 3.931000000000000000e+03 1.871686167700000181e-01 4.393323613999999822e-02
3.931000000000000000e+03 3.932000000000000000e+03 1.449791602299999871e-01 5.485153081999999403e-02
3.932000000000000000e+03 3.933000000000000000e+03 1.475407499399999933e-01 3.581048230000000165e-02
3.933000000000000000e+03 3.934000000000000000e+03 1.351871186200000186e-01 3.170262419000000054e-02
3.934000000000000000e+03 3.935000000000000000e+03 4.821785269000000013e-02 2.111033542999999832e-02
3.935000000000000000e+03 3.936000000000000000e+03 1.495001905000000082e-02 2.047483006399999916e-02
3.936000000000000000e+03 3.937000000000000000e+03 1.375265947199999853e-02 1.645734482599999979e-02
3.937000000000000000e+03 3.938000000000000000e+03 2.114706038999999982e-02 1.047231943999999901e-02
3.938000000000000000e+03 3.939000000000000000e+03 2.047835945899999788e-01 5.875476998999999700e-02
3.939000000000000000e+03 3.940000000000000000e+03 2.201288483799999918e-01 5.401938550999999672e-02
3.940000000000000000e+03 3.941000000000000000e+03 5.723976407200000172e-02 4.665951446999999641e-02
3.941000000000000000e+03 3.942000000000000000e+03 2.700978666000000139e-01 5.501357754000000405e-02
3.942000000000000000e+03 3.943000000000000000e+03 1.811002525700000088e-01 4.376685777000000055e-02
3.943000000000000000e+03 3.944000000000000000e+03 1.409103122799999774e-01 3.188791143999999966e-02
3.944000000000000000e+03 3.945000000000000000e+03 1.126751262500000073e-01 2.864326489000000239e-02
3.945000000000000000e+03 3.946000000000000000e+03 3.478283747799999770e-02 2.206960802000000263e-02
3.946000000000000000e+03 3.947000000000000000e+03 8.421102862000000647e-03 2.025717807299999909e-02
3.947000000000000000e+03 3.948000000000000000e+03 4.260308448000000442e-02 1.502019305000000006e-02
3.948000000000000000e+03 3.949000000000000000e+03 2.897069610900000064e-02 1.226942091500000075e-02
3.949000000000000000e+03 3.950000000000000000e+03 3.581772015999999947e-01 6.741817724000000178e-02
3.950000000000000000e+03 3.951000000000000000e+03 2.217741054100000053e-01 5.313350867999999672e-02
3.951000000000000000e+03 3.952000000000000000e+03 1.673131526699999927e-01 5.051469591999999814e-02
3.952000000000000000e+03 3.953000000000000000e+03 2.311703116999999919e-01 3.853371785999999688e-02
3.953000000000000000e+03 3.954000000000000000e+03 1.584755866199999974e-01 3.759076394000000071e-02
3.954000000000000000e+03 3.955000000000000000e+03 1.035314413299999875e-01 2.943681547999999967e-02
3.955000000000000000e+03 3.956000000000000000e+03 8.940109177999999712e-02 2.931566186000000157e-02
3.956000000000000000e+03 3.957000000000000000e+03 1.013986581600000020e-01 2.400527285000000205e-02
3.957000000000000000e+03 3.958000000000000000e+03 5.329112957000000511e-02 2.248037480999999851e-02
3.958000000000000000e+03 3.959000000000000000e+03 5.593089512000000429e-02 1.834112132899999928e-02
3.959000000000000000e+03 3.960000000000000000e+03 -6.353025840000000105e-03 1.145609298999999970e-02
3.960000000000000000e+03 3.961000000000000000e+03 2.292479871000000224e-01 5.776320855000000032e-02
3.961000000000000000e+03 3.962000000000000000e+03 1.608992901599999858e-01 5.480615981999999858e-02
3.962000000000000000e+03 3.963000000000000000e+03 3.210490623000000210e-01 4.947518247999999758e-02
3.963000000000000000e+03 3.964000000000000000e+03 2.710450546000000016e-01 4.476766294000000118e-02
3.964000000000000000e+03 3.965000000000000000e+03 1.488465963800000014e-01 4.566986077999999477e-02
3.965000000000000000e+03 3.966000000000000000e+03 9.323777530000000591e-02 4.005693770000000320e-02
3.966000000000000000e+03 3.967000000000000000e+03 7.718416010999999688e-02 2.962595227999999942e-02
3.967000000000000000e+03 3.968000000000000000e+03 1.172383857700000018e-02 2.084048637600000031e-02
3.968000000000000000e+03 3.969000000000000000e+03 7.241755045999999363e-02 2.116731124000000019e-02
3.969000000000000000e+03 3.970000000000000000e+03 1.510072523599999966e-02 1.707997915000000061e-02
3.970000000000000000e+03 3.971000000000000000e+03 2.937852985999999875e-02 1.066143162900000038e-02
3.971000000000000000e+03 3.972000000000000000e+03 2.993819611999999908e-01 6.393228999000000190e-02
3.972000000000000000e+03 3.973000000000000000e+03 2.653359163000000298e-01 5.675782996999999969e-02
3.973000000000000000e+03 3.974000000000000000e+03 2.530669034999999956e-01 4.757965522000000280e-02
3.974000000000000000e+03 3.975000000000000000e+03 2.572510088999999667e-01 4.440368831999999544e-02
3.975000000000000000e+03 3.976000000000000000e+03 1.758919695700000008e-01 3.856565940000000053e-02
3.976000000000000000e+03 3.977000000000000000e+03 1.237498522600000012e-01 3.450242441000000299e-02
3.977000000000000000e+03 3.978000000000000000e+03 1.105612260099999994e-01 2.912022815000000001e-02
3.978000000000000000e+03 3.979000000000000000e+03 5.759703738000000045e-02 2.090779031299999993e-02
3.979000000000000000e+03 3.980000000000000000e+03 3.699193612499999950e-02 1.813900973299999858e-02
3.980000000000000000e+03 3.981000000000000000e+03 3.899444433899999785e-02 1.694135567900000028e-02
3.981000000000000000e+03 3.982000000000000000e+03 3.116057346699999814e-02 1.120781985599999912e-02
3.982000000000000000e+03 3.983000000000000000e+03 2.350332066000000164e-01 5.154829655000000427e-02
3.983000000000000000e+03 3.984000000000000000e+03 2.770191021999999781e-01 5.531116585000000335e-02
3.984000000000000000e+03 3.985000000000000000e+03 1.961713300700000107e-01 5.568038327000000148e-02
3.985000000000000000e+03 3.986000000000000000e+03 1.664656397200000026e-01 4.939489130000000033e-02
3.986000000000000000e+03 3.987000000000000000e+03 2.068542087399999896e-01 4.019053529999999652e-02
3.987000000000000000e+03 3.988000000000000000e+03 2.618692708200000274e-02 3.437636905000000104e-02
3.988000000000000000e+03 3.989000000000000000e+03 8.760350294000000815e-02 3.399297989999999769e-02
3.989000000000000000e+03 3.990000000000000000e+03 2.583069850800000233e-02 2.826246460999999946e-02
3.990000000000000000e+03 3.991000000000000000e+03 8.441618579000000067e-02 2.191131883500000224e-02
3.991000000000000000e+03 3.992000000000000000e+03 3.678970448399999926e-02 1.677603778399999745e-02
3.992000000000000000e+03 3.993000000000000000e+03 1.652590077740000163e-02 1.221004864699999984e-02
3.993000000000000000e+03 3.994000000000000000e+03 2.015038197999999836e-01 4.597955997000000017e-02
3.994000000000000000e+03 3.995000000000000000e+03 1.824564211999999963e-01 5.375419078999999628e-02
3.995000000000000000e+03 3.996000000000000000e+03 2.254107969799999944e-01 4.992586261999999719e-02
3.996000000000000000e+03 3.997000000000000000e+03 1.183363909100000055e-01 4.706685496999999524e-02
3.997000000000000000e+03 3.998000000000000000e+03 1.218240892100000000e-01 3.660211429000000127e-02
3.998000000000000000e+03 3.999000000000000000e+03 6.057289067000000415e-02 3.503789678999999491e-02
3.999000000000000000e+03 4.000000000000000000e+03 6.434948089999999177e-02 3.013661471999999966e-02
4.000000000000000000e+03 4.001000000000000000e+03 2.173494711399999793e-02 2.529349947000000126e-02
4.001000000000000000e+03 4.002000000000000000e+03 4.262155540999999770e-02 1.697760544900000015e-02
4.002000000000000000e+03 4.003000000000000000e+03 4.002122748399999930e-02 1.426865516299999880e-02
4.003000000000000000e+03 4.004000000000000000e+03 2.476892332999999780e-02 1.063182190700000078e-02
4.004000000000000000e+03 4.005000000000000000e+03 2.422145255999999802e-01 4.747299790000000103e-02
4.005000000000000000e+03 4.006000000000000000e+03 3.432875133999999662e-01 4.997789164999999478e-02
4.006000000000000000e+03 4.007000000000000000e+03 2.547491168999999611e-01 4.879264909000000094e-02
4.007000000000000000e+03 4.008000000000000000e+03 1.975698512499999837e-01 3.971198810999999884e-02
4.008000000000000000e+03 4.009000000000000000e+03 1.635509251800000008e-01 3.961827106000000154e-02
4.009000000000000000e+03 4.010000000000000000e+03 1.743735944700000040e-01 3.979634378000000000e-02
4.010000000000000000e+03 4.011000000000000000e+03 1.040498151599999893e-01 2.953062574000000010e-02
4.011000000000000000e+03 4.012000000000000000e+03 6.590688419000000076e-02 2.092854052999999770e-02
4.012000000000000000e+03 4.013000000000000000e+03 7.888275407999999211e-02 1.842317563299999961e-02
4.013000000000000000e+03 4.014000000000000000e+03 2.720533061600000080e-02 1.412983265000000016e-02
4.014000000000000000e+03 4.015000000000000000e+03 1.581602266900000026e-02 1.145013720999999915e-02
4.015000000000000000e+03 4.016000000000000000e+03 2.923374435999999688e-01 5.673323910999999997e-02
4.016000000000000000e+03 4.017000000000000000e+03 3.146082441999999979e-01 4.894219979000000165e-02
4.017000000000000000e+03 4.018000000000000000e+03 1.414699512700000050e-01 5.485456499999999402e-02
4.018000000000000000e+03 4.019000000000000000e+03 2.329940022499999985e-01 4.808552345000000061e-02
4.019000000000000000e+03 4.020000000000000000e+03 1.713503340699999988e-01 4.117788772000000042e-02
4.020000000000000000e+03 4.021000000000000000e+03 4.815280970100000585e-02 3.133828177000000381e-02
4.021000000000000000e+03 4.022000000000000000e+03 8.683687419999999713e-02 2.807179588000000003e-02
4.022000000000000000e+03 4.023000000000000000e+03 8.340904226999999727e-02 2.192650754899999957e-02
4.023000000000000000e+03 4.024000000000000000e+03 -8.923504869999999848e-04 1.414290849100000025e-02
4.024000000000000000e+03 4.025000000000000000e+03 5.972720873999999916e-03 1.465000301199999994e-02
4.025000000000000000e+03 4.026000000000000000e+03 -1.307830425300000009e-02 1.116546434999999941e-02
4.026000000000000000e+03 4.027000000000000000e+03 2.135607239800000057e-01 5.278384885000000221e-02
4.027000000000000000e+03 4.028000000000000000e+03 2.329430587000000108e-01 4.980049028999999905e-02
4.028000000000000000e+03 4.029000000000000000e+03 2.133901492599999949e-01 4.716551362000000192e-02
4.029000000000000000e+03 4.030000000000000000e+03 2.541073115999999965e-01 4.355953357000000303e-02
4.030000000000000000e+03 4.031000000000000000e+03 2.048221353799999922e-01 4.014983800000000019e-02
4.031000000000000000e+03 4.032000000000000000e+03 1.436865029100000135e-01 3.513935258999999894e-02
4.032000000000000000e+03 4.033000000000000000e+03 1.042947712700000029e-01 2.986718605999999845e-02
4.033000000000000000e+03 4.034000000000000000e+03 4.113778523500000173e-02 2.244749999300000090e-02
4.034000000000000000e+03 4.035000000000000000e+03 4.087990441000000086e-02 1.761945719299999949e-02
4.035000000000000000e+03 4.036000000000000000e+03 2.315313454190000286e-02 1.726738659100000156e-02
4.036000000000000000e+03 4.037000000000000000e+03 3.526000491299999956e-02 1.194745744699999938e-02
4.037000000000000000e+03 4.038000000000000000e+03 1.815919057899999800e-01 6.773026615999999667e-02
4.038000000000000000e+03 4.039000000000000000e+03 2.069046008100000056e-01 4.445839705000000086e-02
4.039000000000000000e+03 4.040000000000000000e+03 1.926136561499999789e-01 4.797282588000000014e-02
4.040000000000000000e+03 4.041000000000000000e+03 1.361280887999999911e-01 3.860586669999999804e-02
4.041000000000000000e+03 4.042000000000000000e+03 1.024465879099999976e-01 3.866692995999999882e-02
4.042000000000000000e+03 4.043000000000000000e+03 7.951491738000000808e-02 3.752800668999999728e-02
4.043000000000000000e+03 4.044000000000000000e+03 1.091744462999999915e-01 2.900978681000000031e-02
4.044000000000000000e+03 4.045000000000000000e+03 1.084208098500000078e-01 2.686476004999999861e-02
4.045000000000000000e+03 4.046000000000000000e+03 5.837907366000000264e-02 1.660567079900000104e-02
4.046000000000000000e+03 4.047000000000000000e+03 1.821900059340000183e-02 1.732590340100000070e-02
4.047000000000000000e+03 4.048000000000000000e+03 8.909551245999999813e-03 1.387955019900000142e-02
4.048000000000000000e+03 4.049000000000000000e+03 2.059905809300000001e-01 5.895660409000000324e-02
4.049000000000000000e+03 4.050000000000000000e+03 1.615009123100000221e-01 4.975304660000000323e-02
4.050000000000000000e+03 4.051000000000000000e+03 1.840960594399999872e-01 4.719813285999999858e-02
4.051000000000000000e+03 4.052000000000000000e+03 2.173702311199999793e-01 4.259342031000000472e-02
4.052000000000000000e+03 4.053000000000000000e+03 8.633173204999999850e-02 4.130298468000000167e-02
4.053000000000000000e+03 4.054000000000000000e+03 1.811343456299999988e-01 4.158092437000000113e-02
4.054000000000000000e+03 4.055000000000000000e+03 9.949575922999999433e-02 2.618044178999999819e-02
4.055000000000000000e+03 4.056000000000000000e+03 7.968122199999999600e-02 2.464773082000000157e-02
4.056000000000000000e+03 4.057000000000000000e+03 6.720003106999999573e-03 1.890956245399999860e-02
4.057000000000000000e+03 4.058000000000000000e+03 3.944609435799999869e-02 1.268241094300000087e-02
4.058000000000000000e+03 4.059000000000000000e+03 8.554075631000000041e-03 1.363611154700000022e-02
4.059000000000000000e+03 4.060000000000000000e+03 2.790704391000000117e-01 5.342962622999999911e-02
4.060000000000000000e+03 4.061000000000000000e+03 2.126627998500000005e-01 5.349060996999999845e-02
4.061000000000000000e+03 4.062000000000000000e+03 1.978995501100000165e-01 4.761300245999999792e-02
4.062000000000000000e+03 4.063000000000000000e+03 1.315225254799999854e-01 4.759706106000000103e-02
4.063000000000000000e+03 4.064000000000000000e+03 1.790352046500000016e-01 3.380671880999999712e-02
4.064000000000000000e+03 4.065000000000000000e+03 1.093069645300000087e-01 3.023752681000000178e-02
4.065000000000000000e+03 4.066000000000000000e+03 1.098386737500000043e-01 3.572481191000000111e-02
4.066000000000000000e+03 4.067000000000000000e+03 6.047329325999999811e-02 2.711690950000000128e-02
4.067000000000000000e+03 4.068000000000000000e+03 5.833972617000000166e-02 2.188394036299999915e-02
4.068000000000000000e+03 4.069000000000000000e+03 7.016613258999999936e-03 1.691169548799999894e-02
4.069000000000000000e+03 4.070000000000000000e+03 3.837159200100000167e-02 1.266328670200000082e-02
4.070000000000000000e+03 4.071000000000000000e+03 2.050946996799999922e-01 5.334766316999999675e-02
4.071000000000000000e+03 4.072000000000000000e+03 1.731448064299999923e-01 5.538426657000000003e-02
4.072000000000000000e+03 4.073000000000000000e+03 9.942907016999999459e-02 4.101663725000000149e-02
4.073000000000000000e+03 4.074000000000000000e+03 1.954868482699999854e-01 4.058713369999999987e-02
4.074000000000000000e+03 4.075000000000000000e+03 1.652532137199999862e-01 3.253139745000000610e-02
4.075000000000000000e+03 4.076000000000000000e+03 1.476117211399999851e-01 2.893053360999999976e-02
4.076000000000000000e+03 4.077000000000000000e+03 9.106354565000000789e-02 3.030156784000000159e-02
4.077000000000000000e+03 4.078000000000000000e+03 5.109949843000000103e-02 2.068696377200000130e-02
4.078000000000000000e+03 4.079000000000000000e+03 1.832321858300000120e-02 1.631416791399999816e-02
4.079000000000000000e+03 4.080000000000000000e+03 4.892859654999999475e-02 1.378710277299999981e-02
4.080000000000000000e+03 4.081000000000000000e+03 -3.229453899000000062e-03 9.983919129999999434e-03
4.081000000000000000e+03 4.082000000000000000e+03 2.320746062000000054e-01 5.073811501999999501e-02
4.082000000000000000e+03 4.083000000000000000e+03 2.159230826799999892e-01 4.835300793999999791e-02
4.083000000000000000e+03 4.084000000000000000e+03 2.555792002999999757e-01 4.215733532000000283e-02
4.084000000000000000e+03 4.085000000000000000e+03 2.169597492099999969e-01 4.037967016999999964e-02
4.085000000000000000e+03 4.086000000000000000e+03 1.882443196499999916e-01 3.377229503999999716e-02
4.086000000000000000e+03 4.087000000000000000e+03 1.097931208199999925e-01 3.065999321000000000e-02
4.087000000000000000e+03 4.088000000000000000e+03 1.019180505099999967e-01 3.005540706999999812e-02
4.088000000000000000e+03 4.089000000000000000e+03 6.743009166999999748e-02 2.258405731999999985e-02
4.089000000000000000e+03 4.090000000000000000e+03 2.473285956849999995e-02 1.495638047100000118e-02
4.090000000000000000e+03 4.091000000000000000e+03 1.423105484800000001e-02 1.376628224500000067e-02
4.091000000000000000e+03 4.092000000000000000e+03 2.331193623000000006e-02 9.687592541000000085e-03
4.092000000000000000e+03 4.093000000000000000e+03 2.322775780999999928e-01 5.101512433999999541e-02
4.093000000000000000e+03 4.094000000000000000e+03 1.858584582299999954e-01 4.232723659999999832e-02
4.094000000000000000e+03 4.095000000000000000e+03 2.581173844999999911e-01 4.742049487999999702e-02
4.095000000000000000e+03 4.096000000000000000e+03 1.517410006400000122e-01 4.123625346999999774e-02
4.096000000000000000e+03 4.097000000000000000e+03 1.974864479900000080e-01 3.444249211000000033e-02
4.097000000000000000e+03 4.098000000000000000e+03 1.259139104600000003e-01 3.211567165999999751e-02
4.098000000000000000e+03 4.099000000000000000e+03 9.464274115000000098e-02 2.314307829999999802e-02
4.099000000000000000e+03 4.100000000000000000e+03 7.861109356999999853e-02 2.309667793000000011e-02
4.100000000000000000e+03 4.101000000000000000e+03 4.408850774000000472e-02 1.736975187300000140e-02
4.101000000000000000e+03 4.102000000000000000e+03 8.138279409999999662e-04 1.182857277499999894e-02
4.102000000000000000e+03 4.103000000000000000e+03 2.078106664200000259e-02 9.527669265000000137e-03
4.103000000000000000e+03 4.104000000000000000e+03 2.077353110000000058e-01 4.778910765999999644e-02
4.104000000000000000e+03 4.105000000000000000e+03 2.774999014999999791e-01 6.246439071999999870e-02
4.105000000000000000e+03 4.106000000000000000e+03 2.008133918599999956e-01 4.612101200000000290e-02
4.106000000000000000e+03 4.107000000000000000e+03 2.731622950999999522e-01 3.693699549999999998e-02
4.107000000000000000e+03 4.108000000000000000e+03 1.080532571700000000e-01 3.008335537000000198e-02
4.108000000000000000e+03 4.109000000000000000e+03 1.268700958099999998e-01 2.970490586999999932e-02
4.109000000000000000e+03 4.110000000000000000e+03 -1.247916527999999928e-02 2.722550470000000000e-02
4.110000000000000000e+03 4.111000000000000000e+03 7.142143592999999901e-02 2.754569748000000248e-02
4.111000000000000000e+03 4.112000000000000000e+03 8.926401953000000222e-02 1.995012948300000158e-02
4.112000000000000000e+03 4.113000000000000000e+03 3.771280025600000363e-02 1.230078489600000026e-02
4.113000000000000000e+03 4.114000000000000000e+03 3.010573059400000265e-02 1.027979369400000044e-02
4.114000000000000000e+03 4.115000000000000000e+03 2.726335609000000160e-01 4.234520760999999772e-02
4.115000000000000000e+03 4.116000000000000000e+03 2.347745844999999942e-01 5.009182394000000205e-02
4.116000000000000000e+03 4.117000000000000000e+03 1.467633393199999914e-01 4.088855564000000442e-02
4.117000000000000000e+03 4.118000000000000000e+03 1.924751559999999806e-01 4.185445574999999835e-02
4.118000000000000000e+03 4.119000000000000000e+03 1.138425085299999973e-01 3.694476282999999833e-02
4.119000000000000000e+03 4.120000000000000000e+03 1.769429798200000126e-01 3.353088565000000160e-02
4.120000000000000000e+03 4.121000000000000000e+03 1.084135987400000056e-01 2.906473895999999932e-02
4.121000000000000000e+03 4.122000000000000000e+03 5.822650131999999867e-02 2.594668821999999986e-02
4.122000000000000000e+03 4.123000000000000000e+03 -6.474270605000000470e-03 1.504009849399999890e-02
4.123000000000000000e+03 4.124000000000000000e+03 -6.571697800000000098e-04 1.121157244200000035e-02
4.124000000000000000e+03 4.125000000000000000e+03 4.151489789000000624e-02 1.088103595399999950e-02
4.125000000000000000e+03 4.126000000000000000e+03 2.841164499000000121e-01 4.343732512000000184e-02
4.126000000000000000e+03 4.127000000000000000e+03 1.818041506499999960e-01 4.858438162999999949e-02
4.127000000000000000e+03 4.128000000000000000e+03 1.559939377600000066e-01 4.337086022000000152e-02
4.128000000000000000e+03 4.129000000000000000e+03 1.849787049799999916e-01 3.594469018999999627e-02
4.129000000000000000e+03 4.130000000000000000e+03 1.624028108699999973e-01 3.261218257000000204e-02
4.130000000000000000e+03 4.131000000000000000e+03 1.502029963599999796e-01 3.032925690999999785e-02
4.131000000000000000e+03 4.132000000000000000e+03 4.153058550799999804e-02 2.314015338000000033e-02
4.132000000000000000e+03 4.133000000000000000e+03 4.782029392000000656e-02 2.390352874999999988e-02
4.133000000000000000e+03 4.134000000000000000e+03 -5.462620980000000050e-03 1.766253165999999777e-02
4.134000000000000000e+03 4.135000000000000000e+03 3.309132321100000107e-02 1.400796732800000007e-02
4.135000000000000000e+03 4.136000000000000000e+03 7.738324983999999955e-03 1.058999431200000063e-02
4.136000000000000000e+03 4.137000000000000000e+03 2.659401495000000004e-01 4.895646948000000054e-02
4.137000000000000000e+03 4.138000000000000000e+03 2.311365915400000193e-01 5.028312891999999618e-02
4.138000000000000000e+03 4.139000000000000000e+03 1.234337263199999923e-01 4.596718101999999750e-02
4.139000000000000000e+03 4.140000000000000000e+03 3.012337652000000032e-01 3.922423808000000123e-02
4.140000000000000000e+03 4.141000000000000000e+03 1.419152039000000087e-01 3.717029034000000204e-02
4.141000000000000000e+03 4.142000000000000000e+03 7.680740291000000275e-03 3.100082693000000278e-02
4.142000000000000000e+03 4.143000000000000000e+03 1.172387453600000073e-01 2.273937185999999958e-02
4.143000000000000000e+03 4.144000000000000000e+03 2.245597314800000174e-02 2.032273307000000140e-02
4.144000000000000000e+03 4.145000000000000000e+03 3.106406656999999988e-02 2.070206963000000011e-02
4.145000000000000000e+03 4.146000000000000000e+03 1.211671739599999922e-02 1.276544073099999954e-02
4.146000000000000000e+03 4.147000000000000000e+03 2.079284864600000268e-02 9.677614971000000205e-03
4.147000000000000000e+03 4.148000000000000000e+03 1.885451127800000237e-01 5.751564064999999809e-02
4.148000000000000000e+03 4.149000000000000000e+03 1.038786096699999967e-01 5.160960472000000049e-02
4.149000000000000000e+03 4.150000000000000000e+03 2.158161348300000060e-01 4.005565855999999869e-02
4.150000000000000000e+03 4.151000000000000000e+03 1.683283377500000011e-01 3.886074918000000100e-02
4.151000000000000000e+03 4.152000000000000000e+03 1.587559519299999999e-01 3.391055608000000110e-02
4.152000000000000000e+03 4.153000000000000000e+03 9.621342451999999323e-02 3.954416690000000373e-02
4.153000000000000000e+03 4.154000000000000000e+03 4.264896426999999907e-02 2.319605129999999932e-02
4.154000000000000000e+03 4.155000000000000000e+03 6.877705204999999544e-02 2.515034512999999791e-02
4.155000000000000000e+03 4.156000000000000000e+03 7.514262126000000042e-02 2.030483046299999886e-02
4.156000000000000000e+03 4.157000000000000000e+03 3.919588020399999984e-02 1.291931603599999999e-02
4.157000000000000000e+03 4.158000000000000000e+03 -3.195423683000000060e-03 1.113972382399999912e-02
4.158000000000000000e+03 4.159000000000000000e+03 2.365322336000000025e-01 4.672055818999999721e-02
4.159000000000000000e+03 4.160000000000000000e+03 2.152556994200000018e-01 5.662197742999999783e-02
4.160000000000000000e+03 4.161000000000000000e+03 1.526599915700000143e-01 3.903550556000000282e-02
4.161000000000000000e+03 4.162000000000000000e+03 1.158940215399999890e-01 3.625464984000000002e-02
4.162000000000000000e+03 4.163000000000000000e+03 1.525056730099999813e-01 4.174545803999999555e-02
4.163000000000000000e+03 4.164000000000000000e+03 9.637140687999999622e-02 3.287644273000000367e-02
4.164000000000000000e+03 4.165000000000000000e+03 4.724439088299999673e-02 2.367463784999999932e-02
4.165000000000000000e+03 4.166000000000000000e+03 4.875845027600000242e-02 2.082275498400000188e-02
4.166000000000000000e+03 4.167000000000000000e+03 4.680575980999999997e-02 1.919685262399999787e-02
4.167000000000000000e+03 4.168000000000000000e+03 2.533897136243999995e-02 1.445371380599999936e-02
4.168000000000000000e+03 4.169000000000000000e+03 1.610890912599999975e-02 1.078160622299999954e-02
4.169000000000000000e+03 4.170000000000000000e+03 2.544509672999999972e-01 4.723396624000000127e-02
4.170000000000000000e+03 4.171000000000000000e+03 1.919563313700000107e-01 5.806942415999999385e-02
4.171000000000000000e+03 4.172000000000000000e+03 1.132291485200000031e-01 3.827082052999999928e-02
4.172000000000000000e+03 4.173000000000000000e+03 1.321053873800000222e-01 3.993306957000000018e-02
4.173000000000000000e+03 4.174000000000000000e+03 1.753792476300000125e-01 3.650834852999999824e-02
4.174000000000000000e+03 4.175000000000000000e+03 1.389441268499999882e-01 3.219323037999999998e-02
4.175000000000000000e+03 4.176000000000000000e+03 7.371949060999999359e-02 2.457273792999999790e-02
4.176000000000000000e+03 4.177000000000000000e+03 8.422733410000000920e-02 1.872231289199999954e-02
4.177000000000000000e+03 4.178000000000000000e+03 4.187590067999999444e-02 1.456692465199999932e-02
4.178000000000000000e+03 4.179000000000000000e+03 2.741061784699999962e-02 1.507651424900000037e-02
4.179000000000000000e+03 4.180000000000000000e+03 -1.646528129999999990e-04 8.828401335000001307e-03
4.180000000000000000e+03 4.181000000000000000e+03 1.988969293400000005e-01 4.781778015000000270e-02
4.181000000000000000e+03 4.182000000000000000e+03 2.888998112000000229e-01 4.418983454000000033e-02
4.182000000000000000e+03 4.183000000000000000e+03 1.612282032699999812e-01 3.732777563999999798e-02
4.183000000000000000e+03 4.184000000000000000e+03 2.045936439600000156e-01 3.566342670000000048e-02
4.184000000000000000e+03 4.185000000000000000e+03 8.840627681000000349e-02 3.075616188999999792e-02
4.185000000000000000e+03 4.186000000000000000e+03 5.398315771000000013e-02 2.972917356999999969e-02
4.186000000000000000e+03 4.187000000000000000e+03 1.229876518999999946e-01 2.558438482999999750e-02
4.187000000000000000e+03 4.188000000000000000e+03 8.299658300999999960e-02 1.820312831099999903e-02
4.188000000000000000e+03 4.189000000000000000e+03 5.660903465000000079e-02 1.604898788099999932e-02
4.189000000000000000e+03 4.190000000000000000e+03 5.069042329000000152e-02 1.405072089200000082e-02
4.190000000000000000e+03 4.191000000000000000e+03 -6.688259913000000473e-03 9.047559830999999872e-03
4.191000000000000000e+03 4.192000000000000000e+03 2.213386836400000057e-01 4.134414080999999908e-02
4.192000000000000000e+03 4.193000000000000000e+03 1.778335533399999779e-01 5.965048401000000444e-02
4.193000000000000000e+03 4.194000000000000000e+03 2.151353256999999908e-01 3.707370589999999660e-02
4.194000000000000000e+03 4.195000000000000000e+03 1.098673282000000029e-01 3.664760176000000230e-02
4.195000000000000000e+03 4.196000000000000000e+03 1.963143188200000000e-01 3.041656729000000170e-02
4.196000000000000000e+03 4.197000000000000000e+03 1.210791652599999962e-01 3.440327348999999701e-02
4.197000000000000000e+03 4.198000000000000000e+03 6.397208626000000509e-02 2.578293702000000048e-02
4.198000000000000000e+03 4.199000000000000000e+03 5.264339861999999676e-02 2.014854175600000116e-02
4.199000000000000000e+03 4.200000000000000000e+03 4.480011406000000002e-02 1.795846538899999872e-02
4.200000000000000000e+03 4.201000000000000000e+03 -4.093196432000000343e-03 1.181087802000000027e-02
4.201000000000000000e+03 4.202000000000000000e+03 3.203609894999999430e-02 1.015626801800000034e-02
4.202000000000000000e+03 4.203000000000000000e+03 2.091331718899999970e-01 4.295502836000000130e-02
4.203000000000000000e+03 4.204000000000000000e+03 1.300367183799999993e-01 4.824273334999999718e-02
4.204000000000000000e+03 4.205000000000000000e+03 2.110146117299999957e-01 3.745596672999999821e-02
4.205000000000000000e+03 4.206000000000000000e+03 1.404445541299999822e-01 4.289172173999999949e-02
4.206000000000000000e+03 4.207000000000000000e+03 1.489647317399999948e-01 3.258647410999999938e-02
4.207000000000000000e+03 4.208000000000000000e+03 1.147630021800000039e-01 3.212111513999999640e-02
4.208000000000000000e+03 4.209000000000000000e+03 1.146770365699999877e-01 2.662122994000000117e-02
4.209000000000000000e+03 4.210000000000000000e+03 4.297668969000000005e-02 2.036922447799999897e-02
4.210000000000000000e+03 4.211000000000000000e+03 2.527830871699999690e-02 1.721190720399999943e-02
4.211000000000000000e+03 4.212000000000000000e+03 2.944196883499999862e-02 1.259723305799999998e-02
4.212000000000000000e+03 4.213000000000000000e+03 2.705918031499999956e-03 9.129048779000000641e-03
4.213000000000000000e+03 4.214000000000000000e+03 2.065350571700000082e-01 4.570035877999999857e-02
4.214000000000000000e+03 4.215000000000000000e+03 1.405623683199999918e-01 3.929777957999999738e-02
4.215000000000000000e+03 4.216000000000000000e+03 2.086368699399999971e-01 3.522206311000000006e-02
4.216000000000000000e+03 4.217000000000000000e+03 1.353204481799999970e-01 3.338078792999999572e-02
4.217000000000000000e+03 4.218000000000000000e+03 8.234010555000000064e-02 3.217205912999999973e-02
4.218000000000000000e+03 4.219000000000000000e+03 1.134382574599999971e-01 2.693656680000000234e-02
4.219000000000000000e+03 4.220000000000000000e+03 -5.946661187999999904e-03 2.972256322000000131e-02
4.220000000000000000e+03 4.221000000000000000e+03 -2.215855709999999847e-03 2.027741202799999976e-02
4.221000000000000000e+03 4.222000000000000000e+03 -2.460070121999999998e-02 1.560124553500000059e-02
4.222000000000000000e+03 4.223000000000000000e+03 4.118335209999999906e-04 1.137523930600000018e-02
4.223000000000000000e+03 4.224000000000000000e+03 2.719240650100000073e-02 8.940791144999999870e-03
4.224000000000000000e+03 4.225000000000000000e+03 2.130908579299999744e-02 5.142744368999999788e-02
4.225000000000000000e+03 4.226000000000000000e+03 2.645786215899999932e-02 5.142720966000000060e-02
4.226000000000000000e+03 4.227000000000000000e+03 1.242660648899999998e-01 4.748867284999999661e-02
4.227000000000000000e+03 4.228000000000000000e+03 9.325770126000000604e-02 4.429914894000000491e-02
4.228000000000000000e+03 4.229000000000000000e+03 2.843874060699999942e-02 4.556454040999999983e-02
4.229000000000000000e+03 4.230000000000000000e+03 8.110656410000000038e-02 3.472612678000000508e-02
4.230000000000000000e+03 4.231000000000000000e+03 7.068105641000001216e-02 2.575872165000000005e-02
4.231000000000000000e+03 4.232000000000000000e+03 5.886601944000000031e-02 2.088338089800000075e-02
4.232000000000000000e+03 4.233000000000000000e+03 2.302245601999999836e-02 1.728072422600000074e-02
4.233000000000000000e+03 4.234000000000000000e+03 2.484887590500000146e-02 2.303768452300000019e-02
4.234000000000000000e+03 4.235000000000000000e+03 1.365917082200000104e-02 1.144765256499999904e-02
4.235000000000000000e+03 4.236000000000000000e+03 3.850463664300000227e-02 6.290663601000000271e-02
4.236000000000000000e+03 4.237000000000000000e+03 1.259074215300000008e-02 3.883284895999999931e-02
4.237000000000000000e+03 4.238000000000000000e+03 6.826812193000000861e-02 4.715527869999999733e-02
4.238000000000000000e+03 4.239000000000000000e+03 1.391003265099999830e-01 3.753001135000000321e-02
4.239000000000000000e+03 4.240000000000000000e+03 2.011338234199999964e-01 4.070912958999999692e-02
4.240000000000000000e+03 4.241000000000000000e+03 6.976203329999999814e-02 3.753277784000000339e-02
4.241000000000000000e+03 4.242000000000000000e+03 7.775014377999998894e-02 3.200494279999999830e-02
4.242000000000000000e+03 4.243000000000000000e+03 4.891506975999999896e-02 2.105374826199999869e-02
4.243000000000000000e+03 4.244000000000000000e+03 4.981247814999999884e-02 1.682780053999999997e-02
4.244000000000000000e+03 4.245000000000000000e+03 3.166734836279999632e-02 1.361525319500000129e-02
4.245000000000000000e+03 4.246000000000000000e+03 1.086999095699999959e-02 1.174142021800000067e-02
4.246000000000000000e+03 4.247000000000000000e+03 -1.180174609999999928e-03 5.034136518000000005e-02
4.247000000000000000e+03 4.248000000000000000e+03 2.483230508810000195e-02 6.461051226000000258e-02
4.248000000000000000e+03 4.249000000000000000e+03 1.139478572200000039e-01 4.890656831000000232e-02
4.249000000000000000e+03 4.250000000000000000e+03 1.546786142600000136e-01 4.264185933000000372e-02
4.250000000000000000e+03 4.251000000000000000e+03 1.085945958800000055e-01 3.991332537000000236e-02
4.251000000000000000e+03 4.252000000000000000e+03 7.760992509000000372e-02 3.314758170000000476e-02
4.252000000000000000e+03 4.253000000000000000e+03 1.048200589599999899e-01 3.376781882999999734e-02
4.253000000000000000e+03 4.254000000000000000e+03 8.424517322000001085e-02 2.413918912000000139e-02
4.254000000000000000e+03 4.255000000000000000e+03 6.410801876000001009e-02 2.251164936800000016e-02
4.255000000000000000e+03 4.256000000000000000e+03 3.151585803000000324e-02 1.624583673899999969e-02
4.256000000000000000e+03 4.257000000000000000e+03 2.889023766100000043e-02 1.051782732599999999e-02
4.257000000000000000e+03 4.258000000000000000e+03 1.047052698900000078e-01 5.089686784999999936e-02
4.258000000000000000e+03 4.259000000000000000e+03 8.445801924999998822e-02 5.635766144999999894e-02
4.259000000000000000e+03 4.260000000000000000e+03 1.070452240499999985e-01 4.920559671000000052e-02
4.260000000000000000e+03 4.261000000000000000e+03 1.790494057400000005e-01 4.212093169000000192e-02
4.261000000000000000e+03 4.262000000000000000e+03 1.370721501000000120e-01 4.042652652000000568e-02
4.262000000000000000e+03 4.263000000000000000e+03 1.252329927599999948e-01 3.833068667999999651e-02
4.263000000000000000e+03 4.264000000000000000e+03 8.528522312999999022e-02 2.869316119000000012e-02
4.264000000000000000e+03 4.265000000000000000e+03 2.505910526100000105e-02 2.317255807999999903e-02
4.265000000000000000e+03 4.266000000000000000e+03 3.215099082299999883e-02 1.944373866000000117e-02
4.266000000000000000e+03 4.267000000000000000e+03 5.366839036999999923e-02 1.411755692900000005e-02
4.267000000000000000e+03 4.268000000000000000e+03 3.771112133600000582e-02 1.112046514500000111e-02
4.268000000000000000e+03 4.269000000000000000e+03 6.893783963999999820e-02 5.314018577000000076e-02
4.269000000000000000e+03 4.270000000000000000e+03 6.629517932000000835e-02 4.911086779999999929e-02
4.270000000000000000e+03 4.271000000000000000e+03 1.724177984799999952e-01 4.845181131000000224e-02
4.271000000000000000e+03 4.272000000000000000e+03 1.335464500700000168e-01 3.981846189000000369e-02
4.272000000000000000e+03 4.273000000000000000e+03 9.419445368999999901e-02 3.327586052999999960e-02
4.273000000000000000e+03 4.274000000000000000e+03 1.074277695000000060e-01 4.247510497999999746e-02
4.274000000000000000e+03 4.275000000000000000e+03 8.896157433000000114e-02 2.840497338000000024e-02
4.275000000000000000e+03 4.276000000000000000e+03 8.531228880999999764e-02 2.229487621199999908e-02
4.276000000000000000e+03 4.277000000000000000e+03 7.155546009999999568e-02 1.722736077799999835e-02
4.277000000000000000e+03 4.278000000000000000e+03 1.342760688540000150e-02 1.288186363599999953e-02
4.278000000000000000e+03 4.279000000000000000e+03 -3.261127896000000359e-02 9.591835479999999761e-03
4.279000000000000000e+03 4.280000000000000000e+03 1.403937861199999748e-01 4.562188224000000153e-02
4.280000000000000000e+03 4.281000000000000000e+03 2.116091791699999947e-01 4.894086344000000283e-02
4.281000000000000000e+03 4.282000000000000000e+03 1.916144720400000251e-02 4.938877289000000170e-02
4.282000000000000000e+03 4.283000000000000000e+03 1.329002562499999873e-01 4.272373432999999887e-02
4.283000000000000000e+03 4.284000000000000000e+03 2.053372067700000025e-01 3.762297465000000174e-02
4.284000000000000000e+03 4.285000000000000000e+03 6.869647203999999785e-02 3.540905423000000052e-02
4.285000000000000000e+03 4.286000000000000000e+03 6.051611385000000426e-02 2.671943041999999893e-02
4.286000000000000000e+03 4.287000000000000000e+03 7.638187460999999734e-02 2.011755799200000069e-02
4.287000000000000000e+03 4.288000000000000000e+03 4.832095554000000182e-02 1.967441945300000064e-02
4.288000000000000000e+03 4.289000000000000000e+03 -4.441094609000000200e-03 1.216509671699999955e-02
4.289000000000000000e+03 4.290000000000000000e+03 1.584065981000000109e-02 1.018029252100000059e-02
4.290000000000000000e+03 4.291000000000000000e+03 9.540301848000000418e-02 4.618500491000000069e-02
4.291000000000000000e+03 4.292000000000000000e+03 2.800125908700000152e-02 5.086548106000000208e-02
4.292000000000000000e+03 4.293000000000000000e+03 1.743153556500000034e-01 5.620124632999999592e-02
4.293000000000000000e+03 4.294000000000000000e+03 1.191738865799999991e-01 4.178743088999999772e-02
4.294000000000000000e+03 4.295000000000000000e+03 1.498190687700000079e-01 4.025154707000000442e-02
4.295000000000000000e+03 4.296000000000000000e+03 1.356962318900000186e-01 2.999960294000000166e-02
4.296000000000000000e+03 4.297000000000000000e+03 7.170345513999999698e-02 3.112551829999999839e-02
4.297000000000000000e+03 4.298000000000000000e+03 4.560985925999999635e-02 2.755331639999999971e-02
4.298000000000000000e+03 4.299000000000000000e+03 6.617630673999999602e-02 1.771817486399999975e-02
4.299000000000000000e+03 4.300000000000000000e+03 4.061661099000000302e-02 1.403868290000000012e-02
4.300000000000000000e+03 4.301000000000000000e+03 2.336308255000000070e-02 1.053587120100000010e-02
4.301000000000000000e+03 4.302000000000000000e+03 1.306412923499999934e-01 5.434661824999999918e-02
4.302000000000000000e+03 4.303000000000000000e+03 1.398255978799999855e-01 4.908666393999999711e-02
4.303000000000000000e+03 4.304000000000000000e+03 1.716157797900000059e-01 4.406561214999999559e-02
4.304000000000000000e+03 4.305000000000000000e+03 1.108359276399999982e-01 4.357429925999999759e-02
4.305000000000000000e+03 4.306000000000000000e+03 1.198504658500000042e-01 3.882806986000000155e-02
4.306000000000000000e+03 4.307000000000000000e+03 9.192096191000000138e-02 3.134644870999999527e-02
4.307000000000000000e+03 4.308000000000000000e+03 4.743372175000000468e-02 2.646520315999999901e-02
4.308000000000000000e+03 4.309000000000000000e+03 4.765721020999999502e-02 2.393956480000000026e-02
4.309000000000000000e+03 4.310000000000000000e+03 7.343142333999999605e-02 2.047236851199999916e-02
4.310000000000000000e+03 4.311000000000000000e+03 2.459068540000000028e-03 1.547796861000000010e-02
4.311000000000000000e+03 4.312000000000000000e+03 1.195493213699999916e-03 9.331616374999998978e-03
4.312000000000000000e+03 4.313000000000000000e+03 9.973809293999999492e-02 4.985055567000000465e-02
4.313000000000000000e+03 4.314000000000000000e+03 2.190436196099999899e-01 4.721249871999999570e-02
4.314000000000000000e+03 4.315000000000000000e+03 1.318087889400000046e-01 4.972423623999999709e-02
4.315000000000000000e+03 4.316000000000000000e+03 1.583643368500000093e-01 3.236964230000000109e-02
4.316000000000000000e+03 4.317000000000000000e+03 1.499878715299999832e-01 3.678675770999999955e-02
4.317000000000000000e+03 4.318000000000000000e+03 7.748742014999999983e-02 3.160549229000000210e-02
4.318000000000000000e+03 4.319000000000000000e+03 1.327122055100000142e-01 2.753155195000000013e-02
4.319000000000000000e+03 4.320000000000000000e+03 5.544899341000000120e-02 2.468063270000000337e-02
4.320000000000000000e+03 4.321000000000000000e+03 3.100495916100000013e-02 1.863256237800000117e-02
4.321000000000000000e+03 4.322000000000000000e+03 3.091349756200000021e-02 1.145228371899999903e-02
4.322000000000000000e+03 4.323000000000000000e+03 1.572118514200000067e-02 9.925369434999999421e-03
4.323000000000000000e+03 4.324000000000000000e+03 1.325682773499999856e-01 5.743222392999999815e-02
4.324000000000000000e+03 4.325000000000000000e+03 1.326371318100000030e-01 4.392947720000000417e-02
4.325000000000000000e+03 4.326000000000000000e+03 2.380721704999999855e-01 4.836756005000000108e-02
4.326000000000000000e+03 4.327000000000000000e+03 1.872451978399999883e-01 3.623812131000000297e-02
4.327000000000000000e+03 4.328000000000000000e+03 1.018318280999999936e-01 4.293866089999999469e-02
4.328000000000000000e+03 4.329000000000000000e+03 1.187016291299999998e-01 3.308886684000000161e-02
4.329000000000000000e+03 4.330000000000000000e+03 4.500187201999999997e-02 2.616753976999999787e-02
4.330000000000000000e+03 4.331000000000000000e+03 6.933518598000000532e-02 2.136183998499999875e-02
4.331000000000000000e+03 4.332000000000000000e+03 1.824204782700000055e-02 1.933011862700000083e-02
4.332000000000000000e+03 4.333000000000000000e+03 2.000543364600000304e-02 1.544588520800000038e-02
4.333000000000000000e+03 4.334000000000000000e+03 1.225537131300000020e-02 1.026085053599999977e-02
4.334000000000000000e+03 4.335000000000000000e+03 9.860703117999999878e-02 5.511511085000000282e-02
4.335000000000000000e+03 4.336000000000000000e+03 1.766176377199999981e-01 4.795525426000000341e-02
4.336000000000000000e+03 4.337000000000000000e+03 1.772417351799999985e-01 4.773162323999999984e-02
4.337000000000000000e+03 4.338000000000000000e+03 1.533162636500000064e-01 4.519405481000000196e-02
4.338000000000000000e+03 4.339000000000000000e+03 1.795437594899999822e-01 3.515868240000000200e-02
4.339000000000000000e+03 4.340000000000000000e+03 -9.074038870000000409e-03 3.674911667999999909e-02
4.340000000000000000e+03 4.341000000000000000e+03 4.424574161000000005e-02 2.501158717999999934e-02
4.341000000000000000e+03 4.342000000000000000e+03 5.119593002999999615e-02 2.253379500900000096e-02
4.342000000000000000e+03 4.343000000000000000e+03 3.544973977000000220e-02 1.922253484399999782e-02
4.343000000000000000e+03 4.344000000000000000e+03 1.117819433600000106e-02 1.544205028200000031e-02
4.344000000000000000e+03 4.345000000000000000e+03 9.458650299999999322e-04 1.101693420500000041e-02
4.345000000000000000e+03 4.346000000000000000e+03 1.965928347500000006e-01 5.456531267999999851e-02
4.346000000000000000e+03 4.347000000000000000e+03 2.724137841000000004e-01 5.259026283999999885e-02
4.347000000000000000e+03 4.348000000000000000e+03 1.202173685400000080e-01 3.851367463000000130e-02
4.348000000000000000e+03 4.349000000000000000e+03 8.613665030000000611e-02 3.646336806999999486e-02
4.349000000000000000e+03 4.350000000000000000e+03 9.060963109000000348e-02 3.502751965999999911e-02
4.350000000000000000e+03 4.351000000000000000e+03 1.316429766899999965e-01 3.269333181999999755e-02
4.351000000000000000e+03 4.352000000000000000e+03 1.015309536799999940e-01 2.738646372000000037e-02
4.352000000000000000e+03 4.353000000000000000e+03 6.305986356999999931e-02 2.338002155999999859e-02
4.353000000000000000e+03 4.354000000000000000e+03 3.997576785000000327e-02 1.659369623200000060e-02
4.354000000000000000e+03 4.355000000000000000e+03 3.082248580200000129e-02 1.290216983499999949e-02
4.355000000000000000e+03 4.356000000000000000e+03 1.853654401569999888e-02 1.045901842800000051e-02
4.356000000000000000e+03 4.357000000000000000e+03 1.479414001700000147e-01 4.197255278999999922e-02
4.357000000000000000e+03 4.358000000000000000e+03 1.693186461700000034e-01 4.993644550999999654e-02
4.358000000000000000e+03 4.359000000000000000e+03 1.612886184000000001e-01 4.527092441999999717e-02
4.359000000000000000e+03 4.360000000000000000e+03 1.833006122900000257e-01 4.335149905999999970e-02
4.360000000000000000e+03 4.361000000000000000e+03 1.674611376599999812e-01 3.750289444999999749e-02
4.361000000000000000e+03 4.362000000000000000e+03 7.871658495999998839e-02 3.467239813999999781e-02
4.362000000000000000e+03 4.363000000000000000e+03 6.985645328999999515e-02 3.170740485999999636e-02
4.363000000000000000e+03 4.364000000000000000e+03 4.329539171000000575e-02 2.451755295000000029e-02
4.364000000000000000e+03 4.365000000000000000e+03 4.176860237999999864e-02 1.598609938899999902e-02
4.365000000000000000e+03 4.366000000000000000e+03 4.182705662600000318e-02 1.359872909999999997e-02
4.366000000000000000e+03 4.367000000000000000e+03 3.161416268799999846e-02 9.199829855999999695e-03
4.367000000000000000e+03 4.368000000000000000e+03 1.171009025799999992e-01 4.590424962999999775e-02
4.368000000000000000e+03 4.369000000000000000e+03 1.092041962699999980e-01 5.019358868999999890e-02
4.369000000000000000e+03 4.370000000000000000e+03 1.404285715700000214e-01 4.080652158000000473e-02
4.370000000000000000e+03 4.371000000000000000e+03 1.518991922500000091e-01 3.701329018999999915e-02
4.371000000000000000e+03 4.372000000000000000e+03 1.116127638299999891e-01 3.931511451999999962e-02
4.372000000000000000e+03 4.373000000000000000e+03 5.501068498000000195e-02 2.783289080999999665e-02
4.373000000000000000e+03 4.374000000000000000e+03 1.079633183500000038e-01 2.338394797999999997e-02
4.374000000000000000e+03 4.375000000000000000e+03 6.412647068999999256e-02 2.198062217499999887e-02
4.375000000000000000e+03 4.376000000000000000e+03 4.111272088100000055e-02 1.641211996199999981e-02
4.376000000000000000e+03 4.377000000000000000e+03 -5.082933385000000179e-03 1.455887852699999999e-02
4.377000000000000000e+03 4.378000000000000000e+03 2.032540067200000120e-02 7.938033714000000338e-03
4.378000000000000000e+03 4.379000000000000000e+03 2.293028973000000026e-01 5.004494613000000369e-02
4.379000000000000000e+03 4.380000000000000000e+03 2.141883116400000175e-01 4.955782990000000277e-02
4.380000000000000000e+03 4.381000000000000000e+03 1.147853282099999955e-01 4.453044571999999895e-02
4.381000000000000000e+03 4.382000000000000000e+03 1.331275361099999999e-01 3.648046824999999493e-02
4.382000000000000000e+03 4.383000000000000000e+03 1.466136721399999981e-02 4.591868008999999695e-02
4.383000000000000000e+03 4.384000000000000000e+03 9.481112916999999418e-02 3.135906546000000183e-02
4.384000000000000000e+03 4.385000000000000000e+03 2.522469461299999688e-02 2.805556063000000031e-02
4.385000000000000000e+03 4.386000000000000000e+03 4.952309979999999778e-02 2.315090566600000108e-02
4.386000000000000000e+03 4.387000000000000000e+03 2.579820816400000064e-02 1.962915576400000098e-02
4.387000000000000000e+03 4.388000000000000000e+03 -7.301213426000000006e-03 1.561900552700000097e-02
4.388000000000000000e+03 4.389000000000000000e+03 2.291951883400000084e-02 9.486830997999998530e-03
4.389000000000000000e+03 4.390000000000000000e+03 9.950317091000000780e-02 4.973358848000000026e-02
4.390000000000000000e+03 4.391000000000000000e+03 2.585092078000000293e-01 5.829526496000000252e-02
4.391000000000000000e+03 4.392000000000000000e+03 1.609759643800000029e-01 4.478560766999999804e-02
4.392000000000000000e+03 4.393000000000000000e+03 1.413835353900000091e-01 3.701452570000000192e-02
4.393000000000000000e+03 4.394000000000000000e+03 5.685716767000000005e-02 3.436288945000000317e-02
4.394000000000000000e+03 4.395000000000000000e+03 8.882434855999998824e-02 2.623788469999999845e-02
4.395000000000000000e+03 4.396000000000000000e+03 1.182321933399999997e-01 2.613537857000000283e-02
4.396000000000000000e+03 4.397000000000000000e+03 4.085437999000000181e-02 1.932956429200000104e-02
4.397000000000000000e+03 4.398000000000000000e+03 3.164679618400000061e-02 1.922270726400000102e-02
4.398000000000000000e+03 4.399000000000000000e+03 3.086586039499999989e-02 1.303234404499999978e-02
4.399000000000000000e+03 4.400000000000000000e+03 1.660201820599999795e-02 1.058709022700000078e-02
4.400000000000000000e+03 4.401000000000000000e+03 1.364547502100000032e-01 4.709057565000000084e-02
4.401000000000000000e+03 4.402000000000000000e+03 6.599930351999999667e-02 5.301835783999999524e-02
4.402000000000000000e+03 4.403000000000000000e+03 1.655178914500000098e-01 4.048627636999999752e-02
4.403000000000000000e+03 4.404000000000000000e+03 4.391851226799999702e-02 5.593630357999999914e-02
4.404000000000000000e+03 4.405000000000000000e+03 2.211911030300000025e-01 4.183433722000000354e-02
4.405000000000000000e+03 4.406000000000000000e+03 1.391940634099999852e-01 2.974097686000000060e-02
4.406000000000000000e+03 4.407000000000000000e+03 5.061701415000000037e-02 2.433519986000000010e-02
4.407000000000000000e+03 4.408000000000000000e+03 2.645027301999999803e-02 1.986430204199999758e-02
4.408000000000000000e+03 4.409000000000000000e+03 3.643685392100000364e-02 1.934662023700000136e-02
4.409000000000000000e+03 4.410000000000000000e+03 1.081343513800000003e-02 1.427660717100000080e-02
4.410000000000000000e+03 4.411000000000000000e+03 1.668413955600000012e-02 9.278193704999999902e-03
4.411000000000000000e+03 4.412000000000000000e+03 1.189206878900000014e-01 4.444294028000000257e-02
4.412000000000000000e+03 4.413000000000000000e+03 1.518629020999999746e-01 4.263668936000000048e-02
4.413000000000000000e+03 4.414000000000000000e+03 1.516139920700000088e-01 4.955396322000000381e-02
4.414000000000000000e+03 4.415000000000000000e+03 1.901293570400000021e-01 4.164551443999999630e-02
4.415000000000000000e+03 4.416000000000000000e+03 1.464355371000000128e-01 3.251125680999999989e-02
4.416000000000000000e+03 4.417000000000000000e+03 1.110929378800000061e-01 3.368757208999999947e-02
4.417000000000000000e+03 4.418000000000000000e+03 6.610850876999999071e-02 2.197619904699999946e-02
4.418000000000000000e+03 4.419000000000000000e+03 8.548978113999999850e-02 2.481625005000000217e-02
4.419000000000000000e+03 4.420000000000000000e+03 3.692981312799999832e-02 1.601917466399999795e-02
4.420000000000000000e+03 4.421000000000000000e+03 3.022016610700000230e-02 1.451227221300000099e-02
4.421000000000000000e+03 4.422000000000000000e+03 1.810004190400000060e-02 7.991429522000000063e-03
4.422000000000000000e+03 4.423000000000000000e+03 1.913674982100000144e-01 4.429001720000000364e-02
4.423000000000000000e+03 4.424000000000000000e+03 2.043214966799999921e-01 4.064190450000000621e-02
4.424000000000000000e+03 4.425000000000000000e+03 8.521960879999999905e-02 4.766913593000000199e-02
4.425000000000000000e+03 4.426000000000000000e+03 1.058422879500000024e-01 3.665918848000000035e-02
4.426000000000000000e+03 4.427000000000000000e+03 8.338171517999999616e-02 3.602477977000000109e-02
4.427000000000000000e+03 4.428000000000000000e+03 7.323238767999999677e-02 2.619567104000000007e-02
4.428000000000000000e+03 4.429000000000000000e+03 5.932720361000000386e-02 2.357499111000000216e-02
4.429000000000000000e+03 4.430000000000000000e+03 2.525452640800000120e-02 2.210174894799999887e-02
4.430000000000000000e+03 4.431000000000000000e+03 3.373640536700000386e-02 1.686945226399999900e-02
4.431000000000000000e+03 4.432000000000000000e+03 3.501402036999999579e-02 1.322633766599999941e-02
4.432000000000000000e+03 4.433000000000000000e+03 9.055649469999999890e-04 9.004369764999999026e-03
4.433000000000000000e+03 4.434000000000000000e+03 2.495552562999999724e-01 5.125234189999999801e-02
4.434000000000000000e+03 4.435000000000000000e+03 1.228197912000000003e-01 3.764623991000000391e-02
4.435000000000000000e+03 4.436000000000000000e+03 1.007093048600000013e-01 4.027551885000000415e-02
4.436000000000000000e+03 4.437000000000000000e+03 1.560718038699999977e-01 4.457648141000000036e-02
4.437000000000000000e+03 4.438000000000000000e+03 1.207924741199999930e-01 3.476578418000000198e-02
4.438000000000000000e+03 4.439000000000000000e+03 9.213482876999999627e-02 2.703211147000000175e-02
4.439000000000000000e+03 4.440000000000000000e+03 9.905768399999999307e-02 2.656508647999999972e-02
4.440000000000000000e+03 4.441000000000000000e+03 8.975213781999999418e-02 2.305002826999999824e-02
4.441000000000000000e+03 4.442000000000000000e+03 2.835478572999999836e-02 1.706694648299999714e-02
4.442000000000000000e+03 4.443000000000000000e+03 -1.639911097800000189e-02 1.686791123699999881e-02
4.443000000000000000e+03 4.444000000000000000e+03 1.446334121899999978e-02 9.098119909999998964e-03
4.444000000000000000e+03 4.445000000000000000e+03 1.252706107200000085e-01 4.657758305000000293e-02
4.445000000000000000e+03 4.446000000000000000e+03 1.815243300099999846e-01 4.695239019999999930e-02
4.446000000000000000e+03 4.447000000000000000e+03 2.023411844900000200e-01 4.095742222999999849e-02
4.447000000000000000e+03 4.448000000000000000e+03 1.633247023699999911e-01 4.369067415000000426e-02
4.448000000000000000e+03 4.449000000000000000e+03 9.604588722000000078e-02 3.808600585000000011e-02
4.449000000000000000e+03 4.450000000000000000e+03 7.916259686000000351e-02 2.830358910000000186e-02
4.450000000000000000e+03 4.451000000000000000e+03 1.124974761000000073e-01 2.782797484999999932e-02
4.451000000000000000e+03 4.452000000000000000e+03 4.399927203999999537e-02 2.112695547800000004e-02
4.452000000000000000e+03 4.453000000000000000e+03 5.289366505000000357e-02 1.711024755299999853e-02
4.453000000000000000e+03 4.454000000000000000e+03 2.954601910600000020e-02 1.510523463699999999e-02
4.454000000000000000e+03 4.455000000000000000e+03 2.482844550899999947e-02 9.063330502999998942e-03
4.455000000000000000e+03 4.456000000000000000e+03 9.238011812999999406e-02 4.238253951999999825e-02
4.456000000000000000e+03 4.457000000000000000e+03 1.377066220900000082e-01 4.621558510999999869e-02
4.457000000000000000e+03 4.458000000000000000e+03 1.661785446700000113e-01 4.153614329000000077e-02
4.458000000000000000e+03 4.459000000000000000e+03 1.495832357500000154e-01 3.610776939999999630e-02
4.459000000000000000e+03 4.460000000000000000e+03 4.900929840000000509e-02 3.437465858000000180e-02
4.460000000000000000e+03 4.461000000000000000e+03 5.559216841999999742e-02 3.040661307000000133e-02
4.461000000000000000e+03 4.462000000000000000e+03 6.144161503000000052e-02 2.894694823000000181e-02
4.462000000000000000e+03 4.463000000000000000e+03 2.171136028610000032e-02 2.069533607300000008e-02
4.463000000000000000e+03 4.464000000000000000e+03 3.037104611699999873e-02 1.671423526200000245e-02
4.464000000000000000e+03 4.465000000000000000e+03 4.325476216000000151e-02 1.131912214299999990e-02
4.465000000000000000e+03 4.466000000000000000e+03 1.803900467500000118e-02 1.156231170699999894e-02
4.466000000000000000e+03 4.467000000000000000e+03 1.754051263099999924e-01 4.462902051999999981e-02
4.467000000000000000e+03 4.468000000000000000e+03 1.081778914200000052e-01 4.202481440999999984e-02
4.468000000000000000e+03 4.469000000000000000e+03 2.346617290000000133e-01 3.854931581000000523e-02
4.469000000000000000e+03 4.470000000000000000e+03 9.577936635000000587e-02 3.659587708999999939e-02
4.470000000000000000e+03 4.471000000000000000e+03 1.381172829900000065e-01 3.341979808999999413e-02
4.471000000000000000e+03 4.472000000000000000e+03 1.493385186500000017e-01 3.177290012999999663e-02
4.472000000000000000e+03 4.473000000000000000e+03 3.814858310000000113e-02 2.598705923000000154e-02
4.473000000000000000e+03 4.474000000000000000e+03 8.081796622999999624e-02 3.121422604000000101e-02
4.474000000000000000e+03 4.475000000000000000e+03 5.185273600000000344e-02 1.742923541200000134e-02
4.475000000000000000e+03 4.476000000000000000e+03 2.532086490000000009e-02 1.154566363499999991e-02
4.476000000000000000e+03 4.477000000000000000e+03 -8.203867562999999155e-03 9.580131315000000453e-03
4.477000000000000000e+03 4.478000000000000000e+03 1.908078867999999928e-01 4.882325483000000271e-02
4.478000000000000000e+03 4.479000000000000000e+03 1.361217275799999904e-01 3.565861483999999831e-02
4.479000000000000000e+03 4.480000000000000000e+03 2.168598106599999853e-01 4.679573784000000403e-02
4.480000000000000000e+03 4.481000000000000000e+03 8.657551418999999415e-02 3.545896977999999505e-02
4.481000000000000000e+03 4.482000000000000000e+03 1.188895443400000002e-01 2.982751675000000144e-02
4.482000000000000000e+03 4.483000000000000000e+03 9.812651602999999945e-02 3.261169526999999763e-02
4.483000000000000000e+03 4.484000000000000000e+03 7.531843317999999121e-02 2.270008572999999974e-02
4.484000000000000000e+03 4.485000000000000000e+03 7.106111586999999674e-02 2.294383798000000294e-02
4.485000000000000000e+03 4.486000000000000000e+03 4.952381835999999926e-02 1.750920109600000163e-02
4.486000000000000000e+03 4.487000000000000000e+03 1.121648545000000080e-02 1.290781248799999920e-02
4.487000000000000000e+03 4.488000000000000000e+03 1.264667257399999974e-02 8.677612622000001330e-03
4.488000000000000000e+03 4.489000000000000000e+03 1.696983074099999989e-01 4.618806924999999813e-02
4.489000000000000000e+03 4.490000000000000000e+03 1.873778423600000187e-01 4.412248262000000032e-02
4.490000000000000000e+03 4.491000000000000000e+03 1.591186216600000147e-01 4.480293672000000560e-02
4.491000000000000000e+03 4.492000000000000000e+03 1.690402843399999855e-01 3.364852203000000264e-02
4.492000000000000000e+03 4.493000000000000000e+03 1.038453552800000096e-01 3.552444473000000019e-02
4.493000000000000000e+03 4.494000000000000000e+03 1.262584731299999929e-01 3.368011430000000112e-02
4.494000000000000000e+03 4.495000000000000000e+03 7.106616248999998720e-02 2.325249500999999885e-02
4.495000000000000000e+03 4.496000000000000000e+03 4.933734173999999861e-02 1.891060419299999892e-02
4.496000000000000000e+03 4.497000000000000000e+03 4.160285785999999486e-02 1.434327217199999997e-02
4.497000000000000000e+03 4.498000000000000000e+03 1.082325658500000141e-02 1.283423660500000035e-02
4.498000000000000000e+03 4.499000000000000000e+03 8.136482670000000361e-03 8.810265527000000346e-03
4.499000000000000000e+03 4.500000000000000000e+03 1.280048586199999949e-01 5.211383095000000215e-02
4.500000000000000000e+03 4.501000000000000000e+03 1.391078585199999884e-01 4.011894200999999854e-02
4.501000000000000000e+03 4.502000000000000000e+03 1.880122730300000100e-01 4.678827372000000234e-02
4.502000000000000000e+03 4.503000000000000000e+03 6.511865845000000541e-02 3.774364716999999841e-02
4.503000000000000000e+03 4.504000000000000000e+03 2.960522344100000036e-02 3.551513475999999725e-02
4.504000000000000000e+03 4.505000000000000000e+03 6.439752137000000209e-02 3.152831243000000366e-02
4.505000000000000000e+03 4.506000000000000000e+03 5.500648906000000365e-02 2.340683727999999866e-02
4.506000000000000000e+03 4.507000000000000000e+03 7.092125342999999749e-02 2.304536808899999845e-02
4.507000000000000000e+03 4.508000000000000000e+03 3.111153944600000137e-02 1.535952017399999994e-02
4.508000000000000000e+03 4.509000000000000000e+03 3.292534661600000218e-02 1.513479250700000035e-02
4.509000000000000000e+03 4.510000000000000000e+03 2.267305494200000035e-02 8.230915699999999044e-03
4.510000000000000000e+03 4.511000000000000000e+03 1.723426659900000046e-01 4.032102538000000014e-02
4.511000000000000000e+03 4.512000000000000000e+03 1.892910471200000000e-01 4.460587498000000151e-02
4.512000000000000000e+03 4.513000000000000000e+03 1.370660609099999816e-01 3.611498309999999767e-02
4.513000000000000000e+03 4.514000000000000000e+03 8.091514877000000050e-02 3.523993289999999973e-02
4.514000000000000000e+03 4.515000000000000000e+03 1.023519996799999998e-01 3.018607907999999729e-02
4.515000000000000000e+03 4.516000000000000000e+03 9.234900701999999850e-02 2.727632594999999938e-02
4.516000000000000000e+03 4.517000000000000000e+03 8.926675088999999619e-02 2.264151657299999856e-02
4.517000000000000000e+03 4.518000000000000000e+03 2.200384814800000061e-02 2.155082592999999977e-02
4.518000000000000000e+03 4.519000000000000000e+03 2.868594055499999740e-02 1.399087564999999984e-02
4.519000000000000000e+03 4.520000000000000000e+03 1.649445864300000050e-02 1.374610914499999927e-02
4.520000000000000000e+03 4.521000000000000000e+03 7.204458361299999856e-03 1.054143201400000070e-02
4.521000000000000000e+03 4.522000000000000000e+03 2.253666519599999973e-01 4.724811023000000110e-02
4.522000000000000000e+03 4.523000000000000000e+03 8.930621314000000699e-02 4.573095031999999810e-02
4.523000000000000000e+03 4.524000000000000000e+03 1.700115426599999868e-01 4.868350796000000397e-02
4.524000000000000000e+03 4.525000000000000000e+03 9.116959771999999518e-02 3.735517414000000258e-02
4.525000000000000000e+03 4.526000000000000000e+03 9.972634338999999959e-02 3.597046228999999790e-02
4.526000000000000000e+03 4.527000000000000000e+03 7.401023632000000574e-02 2.630331167000000275e-02
4.527000000000000000e+03 4.528000000000000000e+03 5.372480181000000021e-02 2.234316339900000239e-02
4.528000000000000000e+03 4.529000000000000000e+03 5.332716784000000182e-02 2.002673360100000119e-02
4.529000000000000000e+03 4.530000000000000000e+03 3.371854148800000617e-02 1.449072384499999928e-02
4.530000000000000000e+03 4.531000000000000000e+03 -1.132681068900000081e-02 1.501397351000000047e-02
4.531000000000000000e+03 4.532000000000000000e+03 2.115129085100000278e-02 7.498852656999999838e-03
4.532000000000000000e+03 4.533000000000000000e+03 1.151442693999999989e-01 5.000457321000000011e-02
4.533000000000000000e+03 4.534000000000000000e+03 1.541106646700000082e-01 4.561196476999999916e-02
4.534000000000000000e+03 4.535000000000000000e+03 1.161673846000000065e-01 3.931295837000000487e-02
4.535000000000000000e+03 4.536000000000000000e+03 1.021337700500000029e-01 3.560718404999999726e-02
4.536000000000000000e+03 4.537000000000000000e+03 8.464260162000000753e-02 3.559935623999999771e-02
4.537000000000000000e+03 4.538000000000000000e+03 6.900799603000000448e-02 2.503184290000000020e-02
4.538000000000000000e+03 4.539000000000000000e+03 8.631719211999999697e-02 2.504861220999999791e-02
4.539000000000000000e+03 4.540000000000000000e+03 5.750261702000000058e-02 2.203829830999999920e-02
4.540000000000000000e+03 4.541000000000000000e+03 5.396190982000000080e-02 1.542635475600000021e-02
4.541000000000000000e+03 4.542000000000000000e+03 1.315648089300000025e-02 1.106122649700000057e-02
4.542000000000000000e+03 4.543000000000000000e+03 6.306048935000000029e-03 7.408073757999999835e-03
4.543000000000000000e+03 4.544000000000000000e+03 9.729012053000000992e-02 4.921270917000000050e-02
4.544000000000000000e+03 4.545000000000000000e+03 1.973243609700000012e-01 5.164964830000000340e-02
4.545000000000000000e+03 4.546000000000000000e+03 2.003663380100000058e-01 4.708929037999999567e-02
4.546000000000000000e+03 4.547000000000000000e+03 1.444900592000000206e-01 3.981496589999999891e-02
4.547000000000000000e+03 4.548000000000000000e+03 6.500883516000000029e-02 3.632692740000000031e-02
4.548000000000000000e+03 4.549000000000000000e+03 1.158004442599999961e-01 2.663042849000000004e-02
4.549000000000000000e+03 4.550000000000000000e+03 7.603441799999999251e-02 2.305344372999999780e-02
4.550000000000000000e+03 4.551000000000000000e+03 3.391245926099999836e-02 2.229861601799999760e-02
4.551000000000000000e+03 4.552000000000000000e+03 3.589263572999999707e-02 1.519485417599999999e-02
4.552000000000000000e+03 4.553000000000000000e+03 2.591541815899999976e-02 1.353444150500000137e-02
4.553000000000000000e+03 4.554000000000000000e+03 5.763535228799999965e-03 7.134243896999999633e-03
4.554000000000000000e+03 4.555000000000000000e+03 1.202539553199999944e-01 4.799214955000000171e-02
4.555000000000000000e+03 4.556000000000000000e+03 2.673536502999999676e-01 4.695999285999999384e-02
4.556000000000000000e+03 4.557000000000000000e+03 1.823665562500000059e-01 3.749695829000000008e-02
4.557000000000000000e+03 4.558000000000000000e+03 1.209378961899999910e-01 3.411669193999999905e-02
4.558000000000000000e+03 4.559000000000000000e+03 1.654968933799999820e-01 3.544847270000000411e-02
4.559000000000000000e+03 4.560000000000000000e+03 1.058978209700000006e-01 2.855216755000000023e-02
4.560000000000000000e+03 4.561000000000000000e+03 5.618332993999999858e-02 2.328168091000000148e-02
4.561000000000000000e+03 4.562000000000000000e+03 2.956361888899999846e-02 1.771502199499999999e-02
4.562000000000000000e+03 4.563000000000000000e+03 2.338387179099999866e-02 1.480301851100000038e-02
4.563000000000000000e+03 4.564000000000000000e+03 1.494199607799999961e-02 1.019344037899999958e-02
4.564000000000000000e+03 4.565000000000000000e+03 2.799227894899999902e-02 9.242487643999999780e-03
4.565000000000000000e+03 4.566000000000000000e+03 1.358465419599999835e-01 5.380602711000000149e-02
4.566000000000000000e+03 4.567000000000000000e+03 1.110359677900000092e-01 5.047136094000000128e-02
4.567000000000000000e+03 4.568000000000000000e+03 5.032360267999999581e-02 3.400788737999999728e-02
4.568000000000000000e+03 4.569000000000000000e+03 1.516877026400000050e-01 3.645877491999999914e-02
4.569000000000000000e+03 4.570000000000000000e+03 1.080293381800000035e-01 3.334933795000000201e-02
4.570000000000000000e+03 4.571000000000000000e+03 1.064184988500000012e-01 2.881218790000000113e-02
4.571000000000000000e+03 4.572000000000000000e+03 3.316199551100000587e-02 2.398106913000000104e-02
4.572000000000000000e+03 4.573000000000000000e+03 2.378625218590000104e-02 1.847142472199999816e-02
4.573000000000000000e+03 4.574000000000000000e+03 1.863298897500000051e-02 1.630069713900000189e-02
4.574000000000000000e+03 4.575000000000000000e+03 1.694854737699999850e-02 9.597742331999999793e-03
4.575000000000000000e+03 4.576000000000000000e+03 1.882043824000000087e-03 7.441122500000000271e-03
4.576000000000000000e+03 4.577000000000000000e+03 2.121380510099999950e-01 4.017568486999999883e-02
4.577000000000000000e+03 4.578000000000000000e+03 1.223179065799999965e-01 4.952500902999999732e-02
4.578000000000000000e+03 4.579000000000000000e+03 1.370055759500000137e-01 3.570267649999999543e-02
4.579000000000000000e+03 4.580000000000000000e+03 2.101294516299999915e-01 3.304030223999999960e-02
4.580000000000000000e+03 4.581000000000000000e+03 3.834173654000000431e-02 3.436413635999999855e-02
4.581000000000000000e+03 4.582000000000000000e+03 7.037741325000000658e-02 2.950880192000000096e-02
4.582000000000000000e+03 4.583000000000000000e+03 4.936226066999999801e-02 2.486424523999999914e-02
4.583000000000000000e+03 4.584000000000000000e+03 5.105830442999999969e-02 2.470625479999999721e-02
4.584000000000000000e+03 4.585000000000000000e+03 4.562800611600000000e-02 1.902794909099999807e-02
4.585000000000000000e+03 4.586000000000000000e+03 1.445668792000000084e-03 1.031654976900000034e-02
4.586000000000000000e+03 4.587000000000000000e+03 2.102006047000000086e-02 6.981923339999999631e-03
4.587000000000000000e+03 4.588000000000000000e+03 1.687329384400000076e-01 3.669301535999999753e-02
4.588000000000000000e+03 4.589000000000000000e+03 1.267875770100000132e-01 4.590747280000000152e-02
4.589000000000000000e+03 4.590000000000000000e+03 7.122593270000000809e-02 3.914697540999999975e-02
4.590000000000000000e+03 4.591000000000000000e+03 1.095666663299999927e-01 4.296246405000000296e-02
4.591000000000000000e+03 4.592000000000000000e+03 1.126752956499999930e-01 3.052123503999999710e-02
4.592000000000000000e+03 4.593000000000000000e+03 1.151731343299999960e-01 2.918550893999999687e-02
4.593000000000000000e+03 4.594000000000000000e+03 5.667606688000000059e-02 2.273371831800000131e-02
4.594000000000000000e+03 4.595000000000000000e+03 4.740281945000000136e-02 2.293609735099999894e-02
4.595000000000000000e+03 4.596000000000000000e+03 1.203197559999999965e-02 1.761826035699999918e-02
4.596000000000000000e+03 4.597000000000000000e+03 1.799644392099999934e-02 1.086594290900000023e-02
4.597000000000000000e+03 4.598000000000000000e+03 2.275520997999999975e-02 8.749607738000000912e-03
4.598000000000000000e+03 4.599000000000000000e+03 1.192454666800000090e-01 4.634285936000000217e-02
4.599000000000000000e+03 4.600000000000000000e+03 2.132404606000000147e-01 4.257801457999999678e-02
4.600000000000000000e+03 4.601000000000000000e+03 8.182917972000000595e-02 3.418385303000000264e-02
4.601000000000000000e+03 4.602000000000000000e+03 8.055655929000000992e-02 3.719252676999999785e-02
4.602000000000000000e+03 4.603000000000000000e+03 3.435678756499999792e-02 4.215662214000000241e-02
4.603000000000000000e+03 4.604000000000000000e+03 1.066993640199999926e-01 2.730089268999999833e-02
4.604000000000000000e+03 4.605000000000000000e+03 6.567565527999999486e-02 2.362944650000000160e-02
4.605000000000000000e+03 4.606000000000000000e+03 1.243246518748000046e-02 1.891756679700000096e-02
4.606000000000000000e+03 4.607000000000000000e+03 3.675213238999999743e-02 1.693278429400000076e-02
4.607000000000000000e+03 4.608000000000000000e+03 2.480305627499999888e-02 1.120436898800000053e-02
4.608000000000000000e+03 4.609000000000000000e+03 1.425741612799999967e-02 7.260459942000000062e-03
4.609000000000000000e+03 4.610000000000000000e+03 1.599339984800000058e-01 4.889589532000000044e-02
4.610000000000000000e+03 4.611000000000000000e+03 1.974395678700000267e-01 3.940402783000000048e-02
4.611000000000000000e+03 4.612000000000000000e+03 1.264340666000000057e-01 3.854914062000000530e-02
4.612000000000000000e+03 4.613000000000000000e+03 7.868845557999999685e-02 3.269052776999999826e-02
4.613000000000000000e+03 4.614000000000000000e+03 6.978586683000000124e-02 2.770153845999999767e-02
4.614000000000000000e+03 4.615000000000000000e+03 8.288655644000000877e-02 2.632772044000000061e-02
4.615000000000000000e+03 4.616000000000000000e+03 6.846874473000000294e-02 2.366565718000000068e-02
4.616000000000000000e+03 4.617000000000000000e+03 2.327102743200000143e-02 2.113999405799999939e-02
4.617000000000000000e+03 4.618000000000000000e+03 9.808951458000000553e-03 1.688489756899999930e-02
4.618000000000000000e+03 4.619000000000000000e+03 1.650389968799999968e-02 9.631423549999998737e-03
4.619000000000000000e+03 4.620000000000000000e+03 -3.905995885000000147e-03 7.223146861000000196e-03
4.620000000000000000e+03 4.621000000000000000e+03 1.664062378099999961e-01 4.433484046000000373e-02
4.621000000000000000e+03 4.622000000000000000e+03 7.482675220999999988e-02 4.190923247000000185e-02
4.622000000000000000e+03 4.623000000000000000e+03 1.449441480900000023e-01 4.267851371999999838e-02
4.623000000000000000e+03 4.624000000000000000e+03 6.914634976000000322e-02 3.643782660000000062e-02
4.624000000000000000e+03 4.625000000000000000e+03 1.184489103600000065e-01 2.686991780999999774e-02
4.625000000000000000e+03 4.626000000000000000e+03 9.623309270999999554e-02 2.818683572999999831e-02
4.626000000000000000e+03 4.627000000000000000e+03 8.037001304999999429e-02 2.310562725199999737e-02
4.627000000000000000e+03 4.628000000000000000e+03 4.380001630999999507e-02 2.565678876000000025e-02
4.628000000000000000e+03 4.629000000000000000e+03 1.431626359999999855e-02 1.555098881499999974e-02
4.629000000000000000e+03 4.630000000000000000e+03 1.711592960399999780e-02 1.127947079899999962e-02
4.630000000000000000e+03 4.631000000000000000e+03 8.066805783700000537e-03 6.817655056000000366e-03
4.631000000000000000e+03 4.632000000000000000e+03 1.324726155600000066e-01 5.285468247000000425e-02
4.632000000000000000e+03 4.633000000000000000e+03 1.593437688099999805e-01 4.456683402000000127e-02
4.633000000000000000e+03 4.634000000000000000e+03 1.285415371099999926e-01 3.517634632000000289e-02
4.634000000000000000e+03 4.635000000000000000e+03 9.639832966000000392e-02 3.210651859000000080e-02
4.635000000000000000e+03 4.636000000000000000e+03 6.475576004999999968e-02 3.125346402000000329e-02
4.636000000000000000e+03 4.637000000000000000e+03 7.720600083999999697e-02 2.889514916000000128e-02
4.637000000000000000e+03 4.638000000000000000e+03 5.656987862000000672e-02 2.364125166000000111e-02
4.638000000000000000e+03 4.639000000000000000e+03 2.815034482400000093e-02 1.851752957500000032e-02
4.639000000000000000e+03 4.640000000000000000e+03 2.055184163199999872e-02 1.276091041600000038e-02
4.640000000000000000e+03 4.641000000000000000e+03 2.252576310120000050e-02 1.012146346400000056e-02
4.641000000000000000e+03 4.642000000000000000e+03 -8.443770729999999433e-03 8.328446769000000596e-03
4.642000000000000000e+03 4.643000000000000000e+03 1.613688538999999977e-01 5.226105804999999632e-02
4.643000000000000000e+03 4.644000000000000000e+03 1.982766282699999771e-01 3.819345403000000416e-02
4.644000000000000000e+03 4.645000000000000000e+03 7.888088220000000206e-02 3.671362285999999614e-02
4.645000000000000000e+03 4.646000000000000000e+03 1.356168606100000007e-01 2.822308848999999925e-02
4.646000000000000000e+03 4.647000000000000000e+03 9.208827582999999650e-02 3.240138680000000104e-02
4.647000000000000000e+03 4.648000000000000000e+03 2.934658227400000277e-02 2.386620718000000141e-02
4.648000000000000000e+03 4.649000000000000000e+03 2.711449760400000061e-02 2.481230450000000004e-02
4.649000000000000000e+03 4.650000000000000000e+03 2.326157238000000141e-02 1.809757131399999941e-02
4.650000000000000000e+03 4.651000000000000000e+03 2.904529735199999976e-02 1.425553816099999968e-02
4.651000000000000000e+03 4.652000000000000000e+03 2.420447055800000261e-02 9.559296483000001218e-03
4.652000000000000000e+03 4.653000000000000000e+03 9.794131870199999923e-03 7.720960762000000227e-03
4.653000000000000000e+03 4.654000000000000000e+03 1.454167956599999867e-01 4.744796686000000291e-02
4.654000000000000000e+03 4.655000000000000000e+03 1.536505915499999930e-01 4.198747229000000109e-02
4.655000000000000000e+03 4.656000000000000000e+03 2.085012681500000020e-01 3.520050693000000008e-02
4.656000000000000000e+03 4.657000000000000000e+03 1.453792463199999885e-01 2.931784155999999850e-02
4.657000000000000000e+03 4.658000000000000000e+03 7.746719895999999717e-02 3.041916466000000110e-02
4.658000000000000000e+03 4.659000000000000000e+03 5.096258534999999895e-02 2.523436235000000097e-02
4.659000000000000000e+03 4.660000000000000000e+03 1.063348038900000098e-01 2.718022579999999910e-02
4.660000000000000000e+03 4.661000000000000000e+03 5.433776306000000222e-02 1.618803241599999984e-02
4.661000000000000000e+03 4.662000000000000000e+03 4.449935516999999757e-02 1.550421239800000087e-02
4.662000000000000000e+03 4.663000000000000000e+03 1.331890201000000135e-02 1.075807215099999943e-02
4.663000000000000000e+03 4.664000000000000000e+03 6.930423283999999524e-03 7.049555013999999828e-03
4.664000000000000000e+03 4.665000000000000000e+03 1.657925693300000003e-01 4.149367505999999872e-02
4.665000000000000000e+03 4.666000000000000000e+03 6.954610208000000515e-02 3.975107883000000147e-02
4.666000000000000000e+03 4.667000000000000000e+03 8.577695608999999499e-02 3.576194659000000303e-02
4.667000000000000000e+03 4.668000000000000000e+03 1.195568524800000032e-01 3.562377447000000114e-02
4.668000000000000000e+03 4.669000000000000000e+03 1.037978036699999940e-01 3.209201706999999931e-02
4.669000000000000000e+03 4.670000000000000000e+03 9.600018103999999330e-02 2.387541343000000246e-02
4.670000000000000000e+03 4.671000000000000000e+03 6.821314368000000461e-02 2.271981317999999944e-02
4.671000000000000000e+03 4.672000000000000000e+03 4.029865742599999384e-02 1.665719256199999984e-02
4.672000000000000000e+03 4.673000000000000000e+03 2.794605765699999939e-02 1.533467232499999972e-02
4.673000000000000000e+03 4.674000000000000000e+03 3.785523046499999870e-03 1.094413336199999941e-02
4.674000000000000000e+03 4.675000000000000000e+03 1.897348941199999972e-02 7.510202736999999767e-03
4.675000000000000000e+03 4.676000000000000000e+03 9.329197471000000297e-02 4.476968049000000505e-02
4.676000000000000000e+03 4.677000000000000000e+03 1.284210356500000150e-01 3.361725949000000241e-02
4.677000000000000000e+03 4.678000000000000000e+03 9.981140453000000856e-02 3.704266196000000066e-02
4.678000000000000000e+03 4.679000000000000000e+03 1.355898535100000246e-01 3.072385264000000032e-02
4.679000000000000000e+03 4.680000000000000000e+03 1.322998565700000129e-01 3.771958530999999781e-02
4.680000000000000000e+03 4.681000000000000000e+03 7.971187944999999497e-02 2.382140897000000271e-02
4.681000000000000000e+03 4.682000000000000000e+03 4.101282791300000369e-02 2.285183911999999831e-02
4.682000000000000000e+03 4.683000000000000000e+03 5.203488020000000130e-02 1.867723960900000146e-02
4.683000000000000000e+03 4.684000000000000000e+03 2.022350728700000183e-02 1.307587385499999963e-02
4.684000000000000000e+03 4.685000000000000000e+03 1.441488732969999943e-02 9.379311474000000259e-03
4.685000000000000000e+03 4.686000000000000000e+03 1.662258183029999975e-02 8.435144117000000288e-03
4.686000000000000000e+03 4.687000000000000000e+03 1.514315937700000114e-01 4.318776772999999986e-02
4.687000000000000000e+03 4.688000000000000000e+03 1.444628033600000028e-01 3.588743904999999734e-02
4.688000000000000000e+03 4.689000000000000000e+03 1.280018799200000057e-01 3.556570520999999957e-02
4.689000000000000000e+03 4.690000000000000000e+03 1.443911015500000117e-01 3.404703214000000255e-02
4.690000000000000000e+03 4.691000000000000000e+03 2.705374599399999747e-02 3.538149328000000232e-02
4.691000000000000000e+03 4.692000000000000000e+03 7.148434367000000567e-02 2.396364297000000074e-02
4.692000000000000000e+03 4.693000000000000000e+03 5.145451289000000511e-02 1.966877512300000200e-02
4.693000000000000000e+03 4.694000000000000000e+03 3.119261695399999992e-02 1.693768224399999980e-02
4.694000000000000000e+03 4.695000000000000000e+03 1.206776802700000074e-02 1.487531354499999937e-02
4.695000000000000000e+03 4.696000000000000000e+03 3.756867118299999503e-02 1.118177227700000061e-02
4.696000000000000000e+03 4.697000000000000000e+03 -1.429738806999999870e-03 7.351469353000000123e-03
4.697000000000000000e+03 4.698000000000000000e+03 1.505420152999999983e-01 4.586264206999999399e-02
4.698000000000000000e+03 4.699000000000000000e+03 1.563883398400000013e-01 3.872590474999999810e-02
4.699000000000000000e+03 4.700000000000000000e+03 2.199526185900000097e-01 4.401229393000000156e-02
4.700000000000000000e+03 4.701000000000000000e+03 9.170357342999999051e-02 2.687742249000000042e-02
4.701000000000000000e+03 4.702000000000000000e+03 1.098650601199999965e-01 2.770139568999999830e-02
4.702000000000000000e+03 4.703000000000000000e+03 5.874233613999999687e-02 2.625899204999999903e-02
4.703000000000000000e+03 4.704000000000000000e+03 6.806110186000000062e-02 1.842732432800000056e-02
4.704000000000000000e+03 4.705000000000000000e+03 4.140855045999999873e-02 1.624863935400000167e-02
4.705000000000000000e+03 4.706000000000000000e+03 2.835938970600000025e-02 1.320735860299999953e-02
4.706000000000000000e+03 4.707000000000000000e+03 8.624036727700000807e-03 9.189165677999999032e-03
4.707000000000000000e+03 4.708000000000000000e+03 1.191256271940000118e-02 7.024207495000000384e-03
4.708000000000000000e+03 4.709000000000000000e+03 1.531518507699999865e-01 4.234159947000000479e-02
4.709000000000000000e+03 4.710000000000000000e+03 8.285569623999999855e-02 3.595617199999999458e-02
4.710000000000000000e+03 4.711000000000000000e+03 1.229616729999999936e-01 5.070825716999999982e-02
4.711000000000000000e+03 4.712000000000000000e+03 1.470562049100000157e-01 3.390762718999999759e-02
4.712000000000000000e+03 4.713000000000000000e+03 6.437858909999999435e-02 2.904452134000000060e-02
4.713000000000000000e+03 4.714000000000000000e+03 6.933552482000000794e-02 2.514749129999999805e-02
4.714000000000000000e+03 4.715000000000000000e+03 7.593027730000000142e-02 2.326888552999999832e-02
4.715000000000000000e+03 4.716000000000000000e+03 5.394278218000000263e-02 1.591439344000000061e-02
4.716000000000000000e+03 4.717000000000000000e+03 5.947104285000000094e-03 1.419057220300000074e-02
4.717000000000000000e+03 4.718000000000000000e+03 3.164597123099999881e-02 8.901725372000001205e-03
4.718000000000000000e+03 4.719000000000000000e+03 9.588430663000000603e-03 7.398433763999999815e-03
4.719000000000000000e+03 4.720000000000000000e+03 7.686451365999999452e-02 4.308060203000000504e-02
4.720000000000000000e+03 4.721000000000000000e+03 9.810066578999999953e-02 3.553811462999999921e-02
4.721000000000000000e+03 4.722000000000000000e+03 1.352433540800000167e-01 3.912509259000000045e-02
4.722000000000000000e+03 4.723000000000000000e+03 7.778705190000000103e-02 3.234817473999999915e-02
4.723000000000000000e+03 4.724000000000000000e+03 2.482692604900000113e-02 3.799373669000000175e-02
4.724000000000000000e+03 4.725000000000000000e+03 8.521656845000000202e-02 2.125014820900000129e-02
4.725000000000000000e+03 4.726000000000000000e+03 4.743271426999999540e-02 2.102741104499999958e-02
4.726000000000000000e+03 4.727000000000000000e+03 5.612300938000000516e-02 1.519907731399999969e-02
4.727000000000000000e+03 4.728000000000000000e+03 2.404317513099999901e-02 1.213162326299999962e-02
4.728000000000000000e+03 4.729000000000000000e+03 7.919634863000001371e-03 9.558566773000000058e-03
4.729000000000000000e+03 4.730000000000000000e+03 3.819300999400000122e-03 6.473041799999999964e-03
4.730000000000000000e+03 4.731000000000000000e+03 8.091506392000000214e-02 3.351201496000000279e-02
4.731000000000000000e+03 4.732000000000000000e+03 1.038749715199999979e-01 3.701160498000000132e-02
4.732000000000000000e+03 4.733000000000000000e+03 5.618515837000000179e-02 4.430605826999999691e-02
4.733000000000000000e+03 4.734000000000000000e+03 7.149608541000000705e-02 3.305944703999999512e-02
4.734000000000000000e+03 4.735000000000000000e+03 1.268255954800000251e-01 3.071685115000000188e-02
4.735000000000000000e+03 4.736000000000000000e+03 1.066849006000000072e-01 2.711778311000000163e-02
4.736000000000000000e+03 4.737000000000000000e+03 1.849210425000000213e-02 2.328737462800000227e-02
4.737000000000000000e+03 4.738000000000000000e+03 3.174790761000000072e-02 1.581908782000000097e-02
4.738000000000000000e+03 4.739000000000000000e+03 1.353417242790000072e-02 1.102285746600000123e-02
4.739000000000000000e+03 4.740000000000000000e+03 2.055127739800000075e-02 9.705911855000000713e-03
4.740000000000000000e+03 4.741000000000000000e+03 1.237805300472999935e-02 6.349010355999999862e-03
4.741000000000000000e+03 4.742000000000000000e+03 1.514915169700000175e-01 3.837507102999999919e-02
4.742000000000000000e+03 4.743000000000000000e+03 1.279525008400000108e-01 4.586371347000000459e-02
4.743000000000000000e+03 4.744000000000000000e+03 1.472963804299999846e-01 3.782388409999999646e-02
4.744000000000000000e+03 4.745000000000000000e+03 7.306804046999999802e-02 3.382631884000000116e-02
4.745000000000000000e+03 4.746000000000000000e+03 5.441813621000000240e-02 2.620123643000000016e-02
4.746000000000000000e+03 4.747000000000000000e+03 9.127937426000000409e-02 2.306167011000000155e-02
4.747000000000000000e+03 4.748000000000000000e+03 3.536530054200000273e-02 2.124655022000000032e-02
4.748000000000000000e+03 4.749000000000000000e+03 2.340238715199999958e-02 1.560380570499999946e-02
4.749000000000000000e+03 4.750000000000000000e+03 4.032355942999999582e-02 1.065800978600000073e-02
4.750000000000000000e+03 4.751000000000000000e+03 1.442042946240000047e-02 9.342171130000000157e-03
4.751000000000000000e+03 4.752000000000000000e+03 -5.824891859999999609e-04 6.616077639999999767e-03
4.752000000000000000e+03 4.753000000000000000e+03 1.056980680699999980e-01 4.385294081000000455e-02
4.753000000000000000e+03 4.754000000000000000e+03 1.476798558000000094e-01 4.210631515999999769e-02
4.754000000000000000e+03 4.755000000000000000e+03 5.985821430999999776e-02 4.000478447999999965e-02
4.755000000000000000e+03 4.756000000000000000e+03 8.848516557000001004e-02 2.643303710999999820e-02
4.756000000000000000e+03 4.757000000000000000e+03 9.279284118000000192e-02 2.842418916000000184e-02
4.757000000000000000e+03 4.758000000000000000e+03 6.337054200000000193e-02 2.028321660099999951e-02
4.758000000000000000e+03 4.759000000000000000e+03 7.068512131000000143e-02 1.763808055500000124e-02
4.759000000000000000e+03 4.760000000000000000e+03 3.250603450299999891e-02 1.565715439800000053e-02
4.760000000000000000e+03 4.761000000000000000e+03 4.551871754999999714e-02 1.256644541100000040e-02
4.761000000000000000e+03 4.762000000000000000e+03 1.099718474589999988e-02 1.003138455799999947e-02
4.762000000000000000e+03 4.763000000000000000e+03 1.351867779600000007e-02 5.491919816999999392e-03
4.763000000000000000e+03 4.764000000000000000e+03 1.324262985499999878e-01 5.138301694999999891e-02
4.764000000000000000e+03 4.765000000000000000e+03 7.047774755000001112e-02 3.431704079000000296e-02
4.765000000000000000e+03 4.766000000000000000e+03 1.691459177800000158e-01 4.069423587999999870e-02
4.766000000000000000e+03 4.767000000000000000e+03 8.531971606999999569e-02 2.985387492999999962e-02
4.767000000000000000e+03 4.768000000000000000e+03 7.925389206999999825e-02 2.576378984999999969e-02
4.768000000000000000e+03 4.769000000000000000e+03 8.073138835000000235e-02 2.445713326000000312e-02
4.769000000000000000e+03 4.770000000000000000e+03 4.730081748000000003e-02 2.349279312000000092e-02
4.770000000000000000e+03 4.771000000000000000e+03 3.842741258000000049e-02 1.708854185099999839e-02
4.771000000000000000e+03 4.772000000000000000e+03 3.897719152000000270e-02 1.542533870499999960e-02
4.772000000000000000e+03 4.773000000000000000e+03 9.281004096999998995e-03 1.105455079499999965e-02
4.773000000000000000e+03 4.774000000000000000e+03 9.423205445999999555e-03 5.952209661999999929e-03
4.774000000000000000e+03 4.775000000000000000e+03 1.163943909000000054e-01 4.152410744000000625e-02
4.775000000000000000e+03 4.776000000000000000e+03 1.330071627299999892e-01 3.842189266999999908e-02
4.776000000000000000e+03 4.777000000000000000e+03 8.516964069000000637e-02 4.266474323000000318e-02
4.777000000000000000e+03 4.778000000000000000e+03 8.545782141999999637e-02 3.252112486000000025e-02
4.778000000000000000e+03 4.779000000000000000e+03 1.104413315000000034e-01 2.518406881999999888e-02
4.779000000000000000e+03 4.780000000000000000e+03 6.072382959000000024e-02 2.475027265000000198e-02
4.780000000000000000e+03 4.781000000000000000e+03 3.341999272200000398e-02 1.993831983700000005e-02
4.781000000000000000e+03 4.782000000000000000e+03 6.883495735999999032e-02 1.600610498600000056e-02
4.782000000000000000e+03 4.783000000000000000e+03 1.528660911299999960e-02 1.385401494700000055e-02
4.783000000000000000e+03 4.784000000000000000e+03 2.705276849999999761e-02 9.805963689000000288e-03
4.784000000000000000e+03 4.785000000000000000e+03 1.074256490600000030e-02 5.718794923999999912e-03
4.785000000000000000e+03 4.786000000000000000e+03 1.407294583500000029e-01 3.559987058999999898e-02
4.786000000000000000e+03 4.787000000000000000e+03 1.376956480000000038e-01 3.676707712000000516e-02
4.787000000000000000e+03 4.788000000000000000e+03 1.550903546299999824e-01 3.396224028000000006e-02
4.788000000000000000e+03 4.789000000000000000e+03 1.087209519900000088e-01 3.148512436999999914e-02
4.789000000000000000e+03 4.790000000000000000e+03 7.033063375000001005e-02 2.555346130000000007e-02
4.790000000000000000e+03 4.791000000000000000e+03 5.910956536999999872e-02 2.165349595000000057e-02
4.791000000000000000e+03 4.792000000000000000e+03 6.154599502000000083e-02 1.954910028300000172e-02
4.792000000000000000e+03 4.793000000000000000e+03 4.121196427599999740e-02 1.848559644500000210e-02
4.793000000000000000e+03 4.794000000000000000e+03 3.218908889999999579e-02 1.196456595800000043e-02
4.794000000000000000e+03 4.795000000000000000e+03 4.726289701000000072e-03 9.640491808999999968e-03
4.795000000000000000e+03 4.796000000000000000e+03 7.970017553399998816e-03 6.231907008000000039e-03
4.796000000000000000e+03 4.797000000000000000e+03 1.408421865900000014e-01 4.133382229000000241e-02
4.797000000000000000e+03 4.798000000000000000e+03 6.834102763999999608e-02 5.438707958999999814e-02
4.798000000000000000e+03 4.799000000000000000e+03 2.788022844563000160e-02 3.498140279000000463e-02
4.799000000000000000e+03 4.800000000000000000e+03 6.696911816000000739e-02 2.792517156999999722e-02
4.800000000000000000e+03 4.801000000000000000e+03 6.767806091000000412e-02 2.708850760000000232e-02
4.801000000000000000e+03 4.802000000000000000e+03 7.991690520999999992e-02 2.917989283000000170e-02
4.802000000000000000e+03 4.803000000000000000e+03 6.117578886000000354e-02 1.913380553799999897e-02
4.803000000000000000e+03 4.804000000000000000e+03 4.403756035999999846e-02 1.653190418000000106e-02
4.804000000000000000e+03 4.805000000000000000e+03 1.228072696779999862e-02 1.035297162900000040e-02
4.805000000000000000e+03 4.806000000000000000e+03 2.156481972700000083e-02 8.181291559999999755e-03
4.806000000000000000e+03 4.807000000000000000e+03 1.405034193799999977e-02 6.881994802000000050e-03
4.807000000000000000e+03 4.808000000000000000e+03 1.468245061999999823e-01 4.216291202999999932e-02
4.808000000000000000e+03 4.809000000000000000e+03 1.236720760099999927e-01 3.999388121999999934e-02
4.809000000000000000e+03 4.810000000000000000e+03 1.391426207900000045e-01 4.191868040999999906e-02
4.810000000000000000e+03 4.811000000000000000e+03 1.003283814700000054e-01 3.031951016000000027e-02
4.811000000000000000e+03 4.812000000000000000e+03 2.327436809310000007e-02 2.577304823000000147e-02
4.812000000000000000e+03 4.813000000000000000e+03 3.007855490699999981e-02 2.474860116999999873e-02
4.813000000000000000e+03 4.814000000000000000e+03 6.262799780000000149e-02 1.890006392500000187e-02
4.814000000000000000e+03 4.815000000000000000e+03 3.518830301800000143e-02 1.661611978300000028e-02
4.815000000000000000e+03 4.816000000000000000e+03 2.526616419400000077e-02 1.041931677099999960e-02
4.816000000000000000e+03 4.817000000000000000e+03 3.750399741500000036e-03 9.586876050000000052e-03
4.817000000000000000e+03 4.818000000000000000e+03 1.276721919619999875e-02 6.494359839000000446e-03
4.818000000000000000e+03 4.819000000000000000e+03 8.289113107999999952e-02 4.012939454000000183e-02
4.819000000000000000e+03 4.820000000000000000e+03 1.691114871899999927e-01 3.862543279999999801e-02
4.820000000000000000e+03 4.821000000000000000e+03 1.265363945299999848e-01 3.414730252999999965e-02
4.821000000000000000e+03 4.822000000000000000e+03 1.399617453000000233e-01 2.660323096999999901e-02
4.822000000000000000e+03 4.823000000000000000e+03 1.277411506599999969e-01 2.434891035999999995e-02
4.823000000000000000e+03 4.824000000000000000e+03 6.443717652000000018e-02 2.641836653000000090e-02
4.824000000000000000e+03 4.825000000000000000e+03 3.916715132999999682e-02 2.100221015700000013e-02
4.825000000000000000e+03 4.826000000000000000e+03 5.462069306999999679e-02 1.472704217300000069e-02
4.826000000000000000e+03 4.827000000000000000e+03 3.269457269700000446e-02 1.162581448300000105e-02
4.827000000000000000e+03 4.828000000000000000e+03 1.213525927740000121e-02 8.404468022999999482e-03
4.828000000000000000e+03 4.829000000000000000e+03 -9.405367175000000149e-04 6.266088187000000073e-03
4.829000000000000000e+03 4.830000000000000000e+03 1.353594132699999786e-01 3.846952605000000108e-02
4.830000000000000000e+03 4.831000000000000000e+03 7.140350202999999618e-02 3.677870406000000036e-02
4.831000000000000000e+03 4.832000000000000000e+03 1.124372004600000113e-01 2.735351750000000054e-02
4.832000000000000000e+03 4.833000000000000000e+03 9.921966149999998652e-02 3.021291121000000204e-02
4.833000000000000000e+03 4.834000000000000000e+03 6.447599449999999455e-02 3.108597220999999994e-02
4.834000000000000000e+03 4.835000000000000000e+03 8.447299409000000314e-02 2.285061405000000240e-02
4.835000000000000000e+03 4.836000000000000000e+03 4.146439962600000084e-02 1.871401906100000206e-02
4.836000000000000000e+03 4.837000000000000000e+03 2.650128799400000221e-02 1.483756990500000039e-02
4.837000000000000000e+03 4.838000000000000000e+03 1.409726709599999975e-02 1.245435179100000053e-02
4.838000000000000000e+03 4.839000000000000000e+03 1.432653632799999951e-02 8.694284160999999830e-03
4.839000000000000000e+03 4.840000000000000000e+03 1.036449803700000005e-02 7.216455248999999531e-03
4.840000000000000000e+03 4.841000000000000000e+03 1.022862558599999944e-01 3.524067494000000106e-02
4.841000000000000000e+03 4.842000000000000000e+03 9.695923787999999321e-02 3.438599719999999721e-02
4.842000000000000000e+03 4.843000000000000000e+03 9.455308363000000660e-02 3.591951871000000074e-02
4.843000000000000000e+03 4.844000000000000000e+03 1.083354577400000018e-01 2.764473403000000315e-02
4.844000000000000000e+03 4.845000000000000000e+03 1.133693858799999926e-01 2.480056563000000019e-02
4.845000000000000000e+03 4.846000000000000000e+03 7.153645979000000654e-02 2.778211720999999856e-02
4.846000000000000000e+03 4.847000000000000000e+03 6.088253664999999926e-02 2.044899076300000021e-02
4.847000000000000000e+03 4.848000000000000000e+03 2.288551261800000208e-02 1.495954847800000029e-02
4.848000000000000000e+03 4.849000000000000000e+03 3.908485611999999720e-02 1.199285350300000053e-02
4.849000000000000000e+03 4.850000000000000000e+03 1.524656821999999939e-02 9.130955900999999930e-03
4.850000000000000000e+03 4.851000000000000000e+03 1.248860743600000052e-02 6.145895056999999516e-03
4.851000000000000000e+03 4.852000000000000000e+03 1.135255385499999992e-01 3.641969561000000383e-02
4.852000000000000000e+03 4.853000000000000000e+03 1.220573948700000022e-01 3.732787201999999971e-02
4.853000000000000000e+03 4.854000000000000000e+03 1.508721199299999927e-01 3.250165691000000273e-02
4.854000000000000000e+03 4.855000000000000000e+03 9.898864317000000135e-02 3.043571016000000060e-02
4.855000000000000000e+03 4.856000000000000000e+03 6.761722125999999888e-02 2.592133690000000129e-02
4.856000000000000000e+03 4.857000000000000000e+03 1.779268584840000209e-02 2.106694596299999930e-02
4.857000000000000000e+03 4.858000000000000000e+03 2.145510439637000194e-02 2.058384395200000064e-02
4.858000000000000000e+03 4.859000000000000000e+03 3.687440703400000214e-02 1.497551520300000050e-02
4.859000000000000000e+03 4.860000000000000000e+03 2.986412227399999966e-02 1.157935657900000144e-02
4.860000000000000000e+03 4.861000000000000000e+03 -7.272015762999999716e-03 9.170796158999999087e-03
4.861000000000000000e+03 4.862000000000000000e+03 -1.195205317000000000e-03 8.153874382000001267e-03
4.862000000000000000e+03 4.863000000000000000e+03 1.772700104900000184e-01 3.783084944999999533e-02
4.863000000000000000e+03 4.864000000000000000e+03 1.381378751799999804e-01 3.645535289000000068e-02
4.864000000000000000e+03 4.865000000000000000e+03 1.470071089399999920e-01 2.989314841000000056e-02
4.865000000000000000e+03 4.866000000000000000e+03 6.018520148000000569e-02 3.188099731000000603e-02
4.866000000000000000e+03 4.867000000000000000e+03 5.489183322999999920e-02 2.829107331999999864e-02
4.867000000000000000e+03 4.868000000000000000e+03 1.383870540999999899e-01 2.574663182000000092e-02
4.868000000000000000e+03 4.869000000000000000e+03 8.590651718000000270e-02 2.427020405000000075e-02
4.869000000000000000e+03 4.870000000000000000e+03 6.143939519000000266e-02 1.558019200500000007e-02
4.870000000000000000e+03 4.871000000000000000e+03 2.021795589900000217e-02 1.289057835000000096e-02
4.871000000000000000e+03 4.872000000000000000e+03 1.692010155399999854e-02 8.140655012000000065e-03
4.872000000000000000e+03 4.873000000000000000e+03 6.838127971669999937e-03 7.435925040999999749e-03
4.873000000000000000e+03 4.874000000000000000e+03 1.414105347299999815e-01 3.618002339999999706e-02
4.874000000000000000e+03 4.875000000000000000e+03 1.055240278200000048e-01 2.755240127999999955e-02
4.875000000000000000e+03 4.876000000000000000e+03 9.673338830999998750e-02 4.134989847000000024e-02
4.876000000000000000e+03 4.877000000000000000e+03 8.104383487999999858e-02 3.237956999999999641e-02
4.877000000000000000e+03 4.878000000000000000e+03 7.547631088000000821e-02 2.869902097999999999e-02
4.878000000000000000e+03 4.879000000000000000e+03 7.015219685000000094e-02 2.612359193000000218e-02
4.879000000000000000e+03 4.880000000000000000e+03 4.777958012200000243e-02 2.351593779800000006e-02
4.880000000000000000e+03 4.881000000000000000e+03 2.307859509799999737e-02 1.573894217800000245e-02
4.881000000000000000e+03 4.882000000000000000e+03 8.418236762299999981e-03 1.037925320100000111e-02
4.882000000000000000e+03 4.883000000000000000e+03 1.467399947680000059e-02 9.791631777999999786e-03
4.883000000000000000e+03 4.884000000000000000e+03 2.439939908899999878e-03 7.903243390000000076e-03
4.884000000000000000e+03 4.885000000000000000e+03 9.916918981000000244e-02 3.422246618000000101e-02
4.885000000000000000e+03 4.886000000000000000e+03 9.407304895999998862e-02 3.055991074000000141e-02
4.886000000000000000e+03 4.887000000000000000e+03 8.342759294000000325e-02 3.263073525999999475e-02
4.887000000000000000e+03 4.888000000000000000e+03 9.478166533000000060e-02 3.228104303999999869e-02
4.888000000000000000e+03 4.889000000000000000e+03 4.967023649999999929e-02 2.695420538999999949e-02
4.889000000000000000e+03 4.890000000000000000e+03 3.376587247500000000e-02 2.441398676999999989e-02
4.890000000000000000e+03 4.891000000000000000e+03 2.755232354700000094e-02 1.897773413200000078e-02
4.891000000000000000e+03 4.892000000000000000e+03 2.343215293299999794e-02 1.614022397999999997e-02
4.892000000000000000e+03 4.893000000000000000e+03 4.493797201000000047e-02 1.136294631900000053e-02
4.893000000000000000e+03 4.894000000000000000e+03 2.362859136900000157e-02 8.881589476999999025e-03
4.894000000000000000e+03 4.895000000000000000e+03 2.604461368900000146e-03 6.216756621999999614e-03
4.895000000000000000e+03 4.896000000000000000e+03 6.031258978000000187e-02 3.850396987999999548e-02
4.896000000000000000e+03 4.897000000000000000e+03 1.021190319699999960e-01 3.375071782999999881e-02
4.897000000000000000e+03 4.898000000000000000e+03 8.404238030000001081e-02 3.821076500000000070e-02
4.898000000000000000e+03 4.899000000000000000e+03 7.135827521000000229e-02 2.752616746000000059e-02
4.899000000000000000e+03 4.900000000000000000e+03 7.903414050000000246e-02 2.515663865000000027e-02
4.900000000000000000e+03 4.901000000000000000e+03 5.476704861000000063e-02 2.302935099000000263e-02
4.901000000000000000e+03 4.902000000000000000e+03 5.209299891000000043e-02 1.803093278199999899e-02
4.902000000000000000e+03 4.903000000000000000e+03 3.171141683699999630e-02 1.547315723400000120e-02
4.903000000000000000e+03 4.904000000000000000e+03 1.995852964700000134e-02 1.249545612600000064e-02
4.904000000000000000e+03 4.905000000000000000e+03 8.924734699000000382e-03 7.689514893000000059e-03
4.905000000000000000e+03 4.906000000000000000e+03 4.314298443999999358e-03 5.561173711000000179e-03
4.906000000000000000e+03 4.907000000000000000e+03 1.041317802800000025e-01 3.741412311999999657e-02
4.907000000000000000e+03 4.908000000000000000e+03 1.348891234300000075e-01 3.617455925000000183e-02
4.908000000000000000e+03 4.909000000000000000e+03 3.616911394200000157e-02 3.450490173000000244e-02
4.909000000000000000e+03 4.910000000000000000e+03 1.034222342299999930e-01 3.116777436999999817e-02
4.910000000000000000e+03 4.911000000000000000e+03 4.356073795999999831e-02 2.722986657000000046e-02
4.911000000000000000e+03 4.912000000000000000e+03 9.190730557000000023e-02 2.405630863000000202e-02
4.912000000000000000e+03 4.913000000000000000e+03 4.649433019999999611e-02 1.691851670700000171e-02
4.913000000000000000e+03 4.914000000000000000e+03 3.577950416000000300e-02 1.490947487600000065e-02
4.914000000000000000e+03 4.915000000000000000e+03 3.130786212699999960e-02 1.185104680199999989e-02
4.915000000000000000e+03 4.916000000000000000e+03 2.545438605100000182e-02 8.329172326000000570e-03
4.916000000000000000e+03 4.917000000000000000e+03 3.471426154199999670e-03 5.755293442999999398e-03
4.917000000000000000e+03 4.918000000000000000e+03 1.060673192700000017e-01 3.795714323999999779e-02
4.918000000000000000e+03 4.919000000000000000e+03 1.386147622200000207e-01 3.368662023999999949e-02
4.919000000000000000e+03 4.920000000000000000e+03 1.034266697799999940e-01 3.234973250999999966e-02
4.920000000000000000e+03 4.921000000000000000e+03 8.018305688999999292e-02 2.601539908000000123e-02
4.921000000000000000e+03 4.922000000000000000e+03 6.063682759999999838e-02 2.566131238000000231e-02
4.922000000000000000e+03 4.923000000000000000e+03 6.060343782000000151e-02 1.826834800099999892e-02
4.923000000000000000e+03 4.924000000000000000e+03 5.386250620999999406e-02 1.574409447099999956e-02
4.924000000000000000e+03 4.925000000000000000e+03 2.387302805199999906e-02 1.651162853499999958e-02
4.925000000000000000e+03 4.926000000000000000e+03 3.536840475999999955e-02 1.371946401699999929e-02
4.926000000000000000e+03 4.927000000000000000e+03 7.731930134000000038e-03 7.561346097999999648e-03
4.927000000000000000e+03 4.928000000000000000e+03 -6.775086769999999297e-05 4.760208041999999980e-03
4.928000000000000000e+03 4.929000000000000000e+03 6.889735177000000377e-02 3.261759725000000498e-02
4.929000000000000000e+03 4.930000000000000000e+03 1.556638899200000203e-01 3.559515098999999766e-02
4.930000000000000000e+03 4.931000000000000000e+03 7.777186042000000521e-02 3.272382858000000283e-02
4.931000000000000000e+03 4.932000000000000000e+03 1.236996111900000028e-01 3.173600848000000113e-02
4.932000000000000000e+03 4.933000000000000000e+03 7.262164394000000800e-02 2.180163277999999996e-02
4.933000000000000000e+03 4.934000000000000000e+03 7.887520988999999205e-02 1.879350912300000245e-02
4.934000000000000000e+03 4.935000000000000000e+03 5.234137103000000013e-02 2.057588548000000017e-02
4.935000000000000000e+03 4.936000000000000000e+03 5.281369933999999905e-02 1.849210642500000168e-02
4.936000000000000000e+03 4.937000000000000000e+03 1.776232817899999969e-02 1.118176406100000048e-02
4.937000000000000000e+03 4.938000000000000000e+03 1.079855212380000096e-02 7.690509859000000357e-03
4.938000000000000000e+03 4.939000000000000000e+03 8.038467768999999624e-03 5.398033030000000745e-03
4.939000000000000000e+03 4.940000000000000000e+03 1.086241297500000064e-01 3.983125316999999721e-02
4.940000000000000000e+03 4.941000000000000000e+03 9.401787577999999590e-02 3.289723665999999547e-02
4.941000000000000000e+03 4.942000000000000000e+03 1.321883813399999941e-01 4.053692021999999451e-02
4.942000000000000000e+03 4.943000000000000000e+03 7.379070769999999946e-02 2.866660271000000260e-02
4.943000000000000000e+03 4.944000000000000000e+03 8.592798864999999509e-02 2.472162564000000146e-02
4.944000000000000000e+03 4.945000000000000000e+03 5.397490715000000105e-02 1.857097402799999866e-02
4.945000000000000000e+03 4.946000000000000000e+03 3.815848882799999925e-02 1.877587312600000058e-02
4.946000000000000000e+03 4.947000000000000000e+03 1.131915456950000065e-02 1.947272553300000153e-02
4.947000000000000000e+03 4.948000000000000000e+03 2.468383669099999747e-02 1.209246544000000013e-02
4.948000000000000000e+03 4.949000000000000000e+03 5.897778356000000534e-03 9.213945358999999294e-03
4.949000000000000000e+03 4.950000000000000000e+03 9.596090255599999327e-03 5.112789018999999886e-03
4.950000000000000000e+03 4.951000000000000000e+03 1.990534131599999979e-01 4.709433225000000250e-02
4.951000000000000000e+03 4.952000000000000000e+03 1.447208842199999845e-01 3.861087988000000415e-02
4.952000000000000000e+03 4.953000000000000000e+03 6.837094397000000046e-02 3.574350193000000453e-02
4.953000000000000000e+03 4.954000000000000000e+03 7.096732157999999235e-02 3.214698034999999982e-02
4.954000000000000000e+03 4.955000000000000000e+03 1.240594526900000022e-01 2.672591347000000117e-02
4.955000000000000000e+03 4.956000000000000000e+03 8.545696949999999348e-02 2.393642513000000110e-02
4.956000000000000000e+03 4.957000000000000000e+03 5.075828487999999722e-02 1.622257340400000067e-02
4.957000000000000000e+03 4.958000000000000000e+03 1.991743491000000019e-03 1.893988877300000276e-02
4.958000000000000000e+03 4.959000000000000000e+03 2.825152991099999858e-02 1.161688116600000098e-02
4.959000000000000000e+03 4.960000000000000000e+03 1.067247735700000040e-02 1.065057512400000017e-02
4.960000000000000000e+03 4.961000000000000000e+03 1.261421866099999949e-02 5.305802168999999846e-03
4.961000000000000000e+03 4.962000000000000000e+03 8.425233194999999509e-02 3.264079651000000026e-02
4.962000000000000000e+03 4.963000000000000000e+03 9.578001979000000388e-02 3.534846142999999857e-02
4.963000000000000000e+03 4.964000000000000000e+03 8.889374182999999763e-02 2.968562341000000049e-02
4.964000000000000000e+03 4.965000000000000000e+03 8.446305561000000406e-02 3.202077546000000469e-02
4.965000000000000000e+03 4.966000000000000000e+03 6.963232088000000097e-02 2.619315974000000283e-02
4.966000000000000000e+03 4.967000000000000000e+03 6.538734032000000085e-02 2.401251159999999787e-02
4.967000000000000000e+03 4.968000000000000000e+03 8.186391327000000495e-02 1.975727662700000123e-02
4.968000000000000000e+03 4.969000000000000000e+03 3.134665544000000276e-02 1.465209247600000007e-02
4.969000000000000000e+03 4.970000000000000000e+03 5.914855161400000248e-03 9.977665757000001023e-03
4.970000000000000000e+03 4.971000000000000000e+03 1.107464774199999960e-02 8.025868066999999537e-03
4.971000000000000000e+03 4.972000000000000000e+03 1.263277527290000007e-02 5.570161545000000547e-03
4.972000000000000000e+03 4.973000000000000000e+03 8.844058699999998718e-02 3.783920461000000318e-02
4.973000000000000000e+03 4.974000000000000000e+03 9.918640762000000000e-02 3.071142997999999971e-02
4.974000000000000000e+03 4.975000000000000000e+03 9.391360445999999418e-02 3.118568492000000150e-02
4.975000000000000000e+03 4.976000000000000000e+03 8.175035455000000117e-02 2.902106297000000071e-02
4.976000000000000000e+03 4.977000000000000000e+03 4.881910044999999976e-02 2.634287247000000054e-02
4.977000000000000000e+03 4.978000000000000000e+03 4.037864654000000025e-02 2.597946582999999948e-02
4.978000000000000000e+03 4.979000000000000000e+03 5.790672597999999699e-02 1.884534658500000223e-02
4.979000000000000000e+03 4.980000000000000000e+03 3.830728409999999834e-02 1.505652053000000080e-02
4.980000000000000000e+03 4.981000000000000000e+03 1.198346961300000152e-02 1.082142006400000148e-02
4.981000000000000000e+03 4.982000000000000000e+03 7.139383642000000051e-03 9.151285380000000538e-03
4.982000000000000000e+03 4.983000000000000000e+03 -1.022035069899999982e-02 5.505173731000000473e-03
4.983000000000000000e+03 4.984000000000000000e+03 6.571890381999999364e-02 3.830201243999999811e-02
4.984000000000000000e+03 4.985000000000000000e+03 8.639560392999999505e-02 3.298257087000000531e-02
4.985000000000000000e+03 4.986000000000000000e+03 7.867166623000000636e-02 3.048240540999999984e-02
4.986000000000000000e+03 4.987000000000000000e+03 7.563990025999998978e-02 2.784431222000000039e-02
4.987000000000000000e+03 4.988000000000000000e+03 5.980923080999999558e-02 2.256659958000000257e-02
4.988000000000000000e+03 4.989000000000000000e+03 4.959126777999999652e-02 2.265593473000000052e-02
4.989000000000000000e+03 4.990000000000000000e+03 3.951452596999999872e-02 1.775804766699999940e-02
4.990000000000000000e+03 4.991000000000000000e+03 3.122613066800000031e-02 1.389756559300000041e-02
4.991000000000000000e+03 4.992000000000000000e+03 3.635866344600000022e-02 1.114116131200000061e-02
4.992000000000000000e+03 4.993000000000000000e+03 1.000255993099999872e-02 8.068517638000000797e-03
4.993000000000000000e+03 4.994000000000000000e+03 -3.112069338699999764e-03 5.642472792999999806e-03
4.994000000000000000e+03 4.995000000000000000e+03 7.243234099999999731e-02 3.117434030999999967e-02
4.995000000000000000e+03 4.996000000000000000e+03 1.312392400799999859e-01 3.027646888000000078e-02
4.996000000000000000e+03 4.997000000000000000e+03 1.123050934899999936e-01 2.828627509000000012e-02
4.997000000000000000e+03 4.998000000000000000e+03 9.213612558000000563e-02 2.637194118000000045e-02
4.998000000000000000e+03 4.999000000000000000e+03 5.128063051000000122e-02 2.408284291999999993e-02
4.999000000000000000e+03 5.000000000000000000e+03 6.871455753999999860e-02 2.130108460199999984e-02
5.000000000000000000e+03 5.001000000000000000e+03 3.144631206899999726e-02 1.774293421299999798e-02
5.001000000000000000e+03 5.002000000000000000e+03 2.306863789200000112e-02 1.246787768499999990e-02
5.002000000000000000e+03 5.003000000000000000e+03 2.221791123600000070e-02 1.118631916600000033e-02
5.003000000000000000e+03 5.004000000000000000e+03 3.239785150000000068e-03 8.429406167999999727e-03
5.004000000000000000e+03 5.005000000000000000e+03 1.474557456899999903e-02 5.514120949000000070e-03
5.005000000000000000e+03 5.006000000000000000e+03 1.261385985800000109e-01 3.381651545000000092e-02
5.006000000000000000e+03 5.007000000000000000e+03 1.461554007599999983e-01 3.141981306999999668e-02
5.007000000000000000e+03 5.008000000000000000e+03 7.350037517000000686e-02 3.280602394000000505e-02
5.008000000000000000e+03 5.009000000000000000e+03 9.596108352000000397e-02 2.892825267000000145e-02
5.009000000000000000e+03 5.010000000000000000e+03 5.557286663999999599e-02 3.007075957999999841e-02
5.010000000000000000e+03 5.011000000000000000e+03 7.120845518999999180e-02 2.054880666499999883e-02
5.011000000000000000e+03 5.012000000000000000e+03 6.200639881999999575e-02 1.982035018599999712e-02
5.012000000000000000e+03 5.013000000000000000e+03 2.563440571499999918e-02 1.389241568499999940e-02
5.013000000000000000e+03 5.014000000000000000e+03 1.532747541789999945e-02 1.095303027199999966e-02
5.014000000000000000e+03 5.015000000000000000e+03 -8.365690550999999378e-03 7.405926955999999825e-03
5.015000000000000000e+03 5.016000000000000000e+03 7.793609936400000028e-03 5.205038633000000012e-03
5.016000000000000000e+03 5.017000000000000000e+03 1.254719122699999856e-01 3.229938112000000500e-02
5.017000000000000000e+03 5.018000000000000000e+03 -2.263329086999999948e-02 3.470274133999999566e-02
5.018000000000000000e+03 5.019000000000000000e+03 1.087259830999999927e-01 3.341525023000000566e-02
5.019000000000000000e+03 5.020000000000000000e+03 6.933055535999999019e-02 2.501192441000000058e-02
5.020000000000000000e+03 5.021000000000000000e+03 6.627830522000000002e-02 2.751907471000000077e-02
5.021000000000000000e+03 5.022000000000000000e+03 5.262145849000000181e-02 2.196052465000000037e-02
5.022000000000000000e+03 5.023000000000000000e+03 3.354018056000000053e-02 1.721013342900000118e-02
5.023000000000000000e+03 5.024000000000000000e+03 3.051727853599999971e-02 1.272488713899999971e-02
5.024000000000000000e+03 5.025000000000000000e+03 1.094330046340000022e-02 9.974635109999999485e-03
5.025000000000000000e+03 5.026000000000000000e+03 1.542333573400000123e-02 8.144226120000000457e-03
5.026000000000000000e+03 5.027000000000000000e+03 3.275154584900000134e-03 5.024985719999999767e-03
5.027000000000000000e+03 5.028000000000000000e+03 1.188807687300000027e-01 2.899960228999999903e-02
5.028000000000000000e+03 5.029000000000000000e+03 1.036041434300000036e-01 2.908070293000000056e-02
5.029000000000000000e+03 5.030000000000000000e+03 2.468204347399999971e-02 3.059825893000000033e-02
5.030000000000000000e+03 5.031000000000000000e+03 1.240687255899999980e-01 2.500115216999999890e-02
5.031000000000000000e+03 5.032000000000000000e+03 5.765634489000000251e-02 2.994427059999999960e-02
5.032000000000000000e+03 5.033000000000000000e+03 2.322691692799999999e-02 1.941972788499999811e-02
5.033000000000000000e+03 5.034000000000000000e+03 3.291511725099999924e-02 1.815265043299999978e-02
5.034000000000000000e+03 5.035000000000000000e+03 4.267940547000000084e-02 1.339982171999999985e-02
5.035000000000000000e+03 5.036000000000000000e+03 3.917906962400000137e-02 1.188543567000000141e-02
5.036000000000000000e+03 5.037000000000000000e+03 1.514137629340000027e-02 7.839589115999998775e-03
5.037000000000000000e+03 5.038000000000000000e+03 2.984748314400000133e-03 5.382109926000000141e-03
5.038000000000000000e+03 5.039000000000000000e+03 1.041661623399999931e-01 3.144341988999999754e-02
5.039000000000000000e+03 5.040000000000000000e+03 9.059656221999999592e-02 3.308223308000000223e-02
5.040000000000000000e+03 5.041000000000000000e+03 8.087691129000000589e-02 3.429203200000000007e-02
5.041000000000000000e+03 5.042000000000000000e+03 7.236204603000000180e-02 2.759394403999999856e-02
5.042000000000000000e+03 5.043000000000000000e+03 9.341308068999999714e-02 2.739999175999999897e-02
5.043000000000000000e+03 5.044000000000000000e+03 4.533895001399999847e-02 2.070654398300000171e-02
5.044000000000000000e+03 5.045000000000000000e+03 4.637611235999999915e-02 1.569851091800000126e-02
5.045000000000000000e+03 5.046000000000000000e+03 3.713020909999999869e-02 1.287948336200000002e-02
5.046000000000000000e+03 5.047000000000000000e+03 4.119173690000000471e-02 1.181954929400000007e-02
5.047000000000000000e+03 5.048000000000000000e+03 3.155511790000000046e-03 9.163533381000000394e-03
5.048000000000000000e+03 5.049000000000000000e+03 1.399364287799999967e-02 5.298158120000000249e-03
5.049000000000000000e+03 5.050000000000000000e+03 7.051754610999999562e-02 3.695185594999999407e-02
5.050000000000000000e+03 5.051000000000000000e+03 8.287820397999999533e-02 3.000583192000000343e-02
5.051000000000000000e+03 5.052000000000000000e+03 1.415325795300000078e-01 3.330407662999999852e-02
5.052000000000000000e+03 5.053000000000000000e+03 8.300338469000000108e-02 2.554547855000000034e-02
5.053000000000000000e+03 5.054000000000000000e+03 4.547687874999999796e-02 2.409703206000000236e-02
5.054000000000000000e+03 5.055000000000000000e+03 2.650626592800000084e-02 2.035505883200000241e-02
5.055000000000000000e+03 5.056000000000000000e+03 2.862961734500000036e-02 1.656066283900000172e-02
5.056000000000000000e+03 5.057000000000000000e+03 1.917797302099999782e-02 1.382899167299999829e-02
5.057000000000000000e+03 5.058000000000000000e+03 1.494748781790000008e-02 1.056858723999999985e-02
5.058000000000000000e+03 5.059000000000000000e+03 6.348593571000000569e-04 7.115212477999999924e-03
5.059000000000000000e+03 5.060000000000000000e+03 1.347098480800000032e-02 5.344155249000000045e-03
5.060000000000000000e+03 5.061000000000000000e+03 4.849946086000000295e-02 3.772703885999999923e-02
5.061000000000000000e+03 5.062000000000000000e+03 7.729869751000000011e-02 3.389693027000000025e-02
5.062000000000000000e+03 5.063000000000000000e+03 9.434559787000000586e-02 2.891749906000000078e-02
5.063000000000000000e+03 5.064000000000000000e+03 8.817823627000000164e-02 2.384368956999999983e-02
5.064000000000000000e+03 5.065000000000000000e+03 6.444786506999999887e-02 2.395782796000000062e-02
5.065000000000000000e+03 5.066000000000000000e+03 3.986442660499999596e-02 1.863573950600000070e-02
5.066000000000000000e+03 5.067000000000000000e+03 3.210611901799999973e-02 1.601872594700000027e-02
5.067000000000000000e+03 5.068000000000000000e+03 2.265163253700000143e-02 1.238637847300000025e-02
5.068000000000000000e+03 5.069000000000000000e+03 2.540762086599999969e-02 1.103231848499999952e-02
5.069000000000000000e+03 5.070000000000000000e+03 1.631533293900000112e-02 7.361183607999999615e-03
5.070000000000000000e+03 5.071000000000000000e+03 -1.588179107399999984e-02 5.567385293000000346e-03
5.071000000000000000e+03 5.072000000000000000e+03 1.782839171499999986e-01 3.372614057999999415e-02
5.072000000000000000e+03 5.073000000000000000e+03 1.122163426499999950e-01 3.587351689999999926e-02
5.073000000000000000e+03 5.074000000000000000e+03 1.191702048700000044e-01 2.947628299000000160e-02
5.074000000000000000e+03 5.075000000000000000e+03 7.774643616999998841e-02 2.470097854000000148e-02
5.075000000000000000e+03 5.076000000000000000e+03 7.143242212999999230e-02 2.154323318400000117e-02
5.076000000000000000e+03 5.077000000000000000e+03 4.371020949999999961e-02 1.854921168099999892e-02
5.077000000000000000e+03 5.078000000000000000e+03 3.629891222199999740e-02 1.560252983600000053e-02
5.078000000000000000e+03 5.079000000000000000e+03 1.892473076399999940e-02 1.353907245400000001e-02
5.079000000000000000e+03 5.080000000000000000e+03 1.015137349000000064e-02 1.216997390899999913e-02
5.080000000000000000e+03 5.081000000000000000e+03 1.082436661900000076e-02 7.752768636999999782e-03
5.081000000000000000e+03 5.082000000000000000e+03 8.654359783000000264e-03 4.061494564099999913e-03
5.082000000000000000e+03 5.083000000000000000e+03 9.245933604999999333e-02 2.736832431000000079e-02
5.083000000000000000e+03 5.084000000000000000e+03 9.825499788999998707e-02 2.921919319000000279e-02
5.084000000000000000e+03 5.085000000000000000e+03 7.034345089999999301e-02 3.132612973999999995e-02
5.085000000000000000e+03 5.086000000000000000e+03 9.566554205999999727e-02 2.969670128000000131e-02
5.086000000000000000e+03 5.087000000000000000e+03 3.347646467399999909e-02 2.392924021999999831e-02
5.087000000000000000e+03 5.088000000000000000e+03 5.176790406000000150e-02 1.933649601800000242e-02
5.088000000000000000e+03 5.089000000000000000e+03 2.521127338399999779e-02 1.620746796200000020e-02
5.089000000000000000e+03 5.090000000000000000e+03 3.687312521999999704e-02 1.247245295099999943e-02
5.090000000000000000e+03 5.091000000000000000e+03 3.258861594100000147e-02 1.070752586899999942e-02
5.091000000000000000e+03 5.092000000000000000e+03 1.991029557599999656e-03 7.612648635000000136e-03
5.092000000000000000e+03 5.093000000000000000e+03 5.428948554400000147e-03 5.019571401000000148e-03
5.093000000000000000e+03 5.094000000000000000e+03 1.031102681199999871e-01 3.249443488000000602e-02
5.094000000000000000e+03 5.095000000000000000e+03 1.095642926899999953e-01 3.568059079000000106e-02
5.095000000000000000e+03 5.096000000000000000e+03 3.391982909699999688e-02 2.599621310999999935e-02
5.096000000000000000e+03 5.097000000000000000e+03 8.191345038999998940e-02 2.398758073000000282e-02
5.097000000000000000e+03 5.098000000000000000e+03 7.306292900999999951e-02 2.295798377999999987e-02
5.098000000000000000e+03 5.099000000000000000e+03 8.167668495000000861e-02 2.238254364999999954e-02
5.099000000000000000e+03 5.100000000000000000e+03 4.226725263100000046e-02 1.897856860600000140e-02
5.100000000000000000e+03 5.101000000000000000e+03 3.078633931000000074e-02 1.096129414999999843e-02
5.101000000000000000e+03 5.102000000000000000e+03 2.686516841899999966e-02 1.066337621800000045e-02
5.102000000000000000e+03 5.103000000000000000e+03 1.282248755800000084e-02 7.390125514000000541e-03
5.103000000000000000e+03 5.104000000000000000e+03 9.424166543000000312e-03 5.751996127000000465e-03
5.104000000000000000e+03 5.105000000000000000e+03 9.341025667999999782e-02 3.170565078000000397e-02
5.105000000000000000e+03 5.106000000000000000e+03 9.886739040000000478e-02 3.479316043999999830e-02
5.106000000000000000e+03 5.107000000000000000e+03 4.169312250700000361e-02 2.958989365000000080e-02
5.107000000000000000e+03 5.108000000000000000e+03 7.383772649000000521e-02 2.499905594999999800e-02
5.108000000000000000e+03 5.109000000000000000e+03 6.417081841999999758e-02 2.088720166699999797e-02
5.109000000000000000e+03 5.110000000000000000e+03 3.226543094499999959e-02 2.265311633999999782e-02
5.110000000000000000e+03 5.111000000000000000e+03 3.362028853000000039e-02 1.705529179500000006e-02
5.111000000000000000e+03 5.112000000000000000e+03 2.022647868100000204e-02 1.372124855300000008e-02
5.112000000000000000e+03 5.113000000000000000e+03 1.929049457100000253e-02 1.016797658399999985e-02
5.113000000000000000e+03 5.114000000000000000e+03 2.974459191999999710e-03 5.818892328999999974e-03
5.114000000000000000e+03 5.115000000000000000e+03 -1.925081876799999937e-03 4.593764903000000475e-03
5.115000000000000000e+03 5.116000000000000000e+03 5.081162550000000583e-02 2.787039292999999793e-02
5.116000000000000000e+03 5.117000000000000000e+03 4.921282972600000277e-02 3.900939670999999803e-02
5.117000000000000000e+03 5.118000000000000000e+03 8.616194381000000235e-02 3.643426613000000369e-02
5.118000000000000000e+03 5.119000000000000000e+03 6.482535871000000283e-02 2.619256526999999904e-02
5.119000000000000000e+03 5.120000000000000000e+03 4.613994490999999420e-02 2.395699422999999703e-02
5.120000000000000000e+03 5.121000000000000000e+03 4.691590677000000154e-02 2.285457441799999823e-02
5.121000000000000000e+03 5.122000000000000000e+03 9.842290718800000490e-03 1.759375626799999925e-02
5.122000000000000000e+03 5.123000000000000000e+03 -8.144548335000001416e-03 1.579664405299999880e-02
5.123000000000000000e+03 5.124000000000000000e+03 1.130825947199999917e-02 1.060992773399999957e-02
5.124000000000000000e+03 5.125000000000000000e+03 -1.256659799799999915e-04 6.905825012000000804e-03
5.125000000000000000e+03 5.126000000000000000e+03 7.094074891579999625e-03 3.861151775200000278e-03
5.126000000000000000e+03 5.127000000000000000e+03 1.347237017100000045e-01 3.716913817000000453e-02
5.127000000000000000e+03 5.128000000000000000e+03 8.932533606999999709e-02 3.563928207000000015e-02
5.128000000000000000e+03 5.129000000000000000e+03 8.339251629999999693e-02 3.243896211999999779e-02
5.129000000000000000e+03 5.130000000000000000e+03 5.936202559999999989e-02 2.540638686000000132e-02
5.130000000000000000e+03 5.131000000000000000e+03 4.361569855000000523e-02 2.514402664000000079e-02
5.131000000000000000e+03 5.132000000000000000e+03 6.724465644000000852e-02 2.121670788899999993e-02
5.132000000000000000e+03 5.133000000000000000e+03 2.863517828699999740e-02 1.493686897099999987e-02
5.133000000000000000e+03 5.134000000000000000e+03 2.714881495199999994e-02 1.354470953999999984e-02
5.134000000000000000e+03 5.135000000000000000e+03 2.073660056100000079e-02 1.053816688799999977e-02
5.135000000000000000e+03 5.136000000000000000e+03 1.626647651400000075e-02 7.575453339999999730e-03
5.136000000000000000e+03 5.137000000000000000e+03 6.480255965700000738e-03 4.759328639900000345e-03
5.137000000000000000e+03 5.138000000000000000e+03 6.233088920000000310e-02 3.072071155999999900e-02
5.138000000000000000e+03 5.139000000000000000e+03 6.309856080000000866e-02 2.989660386000000253e-02
5.139000000000000000e+03 5.140000000000000000e+03 5.279891050999999808e-02 3.126295532000000071e-02
5.140000000000000000e+03 5.141000000000000000e+03 7.530363415000000671e-02 2.307713265000000194e-02
5.141000000000000000e+03 5.142000000000000000e+03 5.028160000000000268e-02 2.042402919300000119e-02
5.142000000000000000e+03 5.143000000000000000e+03 6.734320643999999745e-02 1.700984449100000073e-02
5.143000000000000000e+03 5.144000000000000000e+03 5.209703588999999718e-02 1.809553842900000001e-02
5.144000000000000000e+03 5.145000000000000000e+03 1.425085842200000084e-02 1.147258257900000099e-02
5.145000000000000000e+03 5.146000000000000000e+03 1.222565808400000002e-02 8.071326939999999908e-03
5.146000000000000000e+03 5.147000000000000000e+03 9.462606704999999493e-03 8.497225835000000310e-03
5.147000000000000000e+03 5.148000000000000000e+03 1.056620721200000022e-02 5.314304356000000042e-03
5.148000000000000000e+03 5.149000000000000000e+03 1.117269571099999970e-01 2.849802769999999763e-02
5.149000000000000000e+03 5.150000000000000000e+03 1.207054410299999991e-01 3.113998366999999948e-02
5.150000000000000000e+03 5.151000000000000000e+03 1.221737886899999931e-01 2.469457442000000044e-02
5.151000000000000000e+03 5.152000000000000000e+03 5.537267681000000025e-02 2.591078974000000229e-02
5.152000000000000000e+03 5.153000000000000000e+03 5.712704665999999987e-02 2.303400531000000112e-02
5.153000000000000000e+03 5.154000000000000000e+03 4.740144635000000106e-02 1.783034209199999692e-02
5.154000000000000000e+03 5.155000000000000000e+03 5.740166501999999921e-02 1.863415269400000088e-02
5.155000000000000000e+03 5.156000000000000000e+03 1.852978103499999807e-02 1.431162347300000103e-02
5.156000000000000000e+03 5.157000000000000000e+03 1.736190270349999981e-02 9.863122418999999835e-03
5.157000000000000000e+03 5.158000000000000000e+03 2.150789571199999972e-02 7.160957684000000649e-03
5.158000000000000000e+03 5.159000000000000000e+03 5.749471338000000306e-03 5.540553731999999822e-03
5.159000000000000000e+03 5.160000000000000000e+03 7.389042851999999550e-02 3.058121592000000166e-02
5.160000000000000000e+03 5.161000000000000000e+03 8.414616876000000079e-02 2.968302197000000087e-02
5.161000000000000000e+03 5.162000000000000000e+03 7.684111340000000789e-02 3.053841447999999792e-02
5.162000000000000000e+03 5.163000000000000000e+03 7.017041891000000420e-02 2.374804537999999909e-02
5.163000000000000000e+03 5.164000000000000000e+03 6.537840154000000570e-02 2.407107152000000083e-02
5.164000000000000000e+03 5.165000000000000000e+03 7.503893128999999940e-02 1.928848219600000011e-02
5.165000000000000000e+03 5.166000000000000000e+03 3.247949474999999725e-02 1.567006725100000136e-02
5.166000000000000000e+03 5.167000000000000000e+03 4.733032680999999658e-02 1.467389315000000062e-02
5.167000000000000000e+03 5.168000000000000000e+03 6.136469722000000016e-03 9.152821400999999052e-03
5.168000000000000000e+03 5.169000000000000000e+03 -9.336011700000000201e-04 7.742766544000000313e-03
5.169000000000000000e+03 5.170000000000000000e+03 1.158915042499999992e-02 5.590617731999999659e-03
5.170000000000000000e+03 5.171000000000000000e+03 8.122242135000000418e-02 3.283090496999999802e-02
5.171000000000000000e+03 5.172000000000000000e+03 1.033438476700000025e-01 3.128064103000000040e-02
5.172000000000000000e+03 5.173000000000000000e+03 9.137999873000000883e-02 2.779482998999999871e-02
5.173000000000000000e+03 5.174000000000000000e+03 5.830255263000000410e-02 2.730632584000000293e-02
5.174000000000000000e+03 5.175000000000000000e+03 5.547347541000000049e-02 2.080479682100000102e-02
5.175000000000000000e+03 5.176000000000000000e+03 2.295795503000000112e-02 1.989081009399999711e-02
5.176000000000000000e+03 5.177000000000000000e+03 4.660465993000000029e-02 1.559457594800000083e-02
5.177000000000000000e+03 5.178000000000000000e+03 2.869770240899999908e-02 1.219312596799999870e-02
5.178000000000000000e+03 5.179000000000000000e+03 1.794416048100000091e-02 8.677706914000000993e-03
5.179000000000000000e+03 5.180000000000000000e+03 1.466909161059999980e-02 5.874871670999999747e-03
5.180000000000000000e+03 5.181000000000000000e+03 6.432708795599999599e-03 3.843675530900000133e-03
5.181000000000000000e+03 5.182000000000000000e+03 1.094416560500000024e-01 3.013729752000000178e-02
5.182000000000000000e+03 5.183000000000000000e+03 4.891861428000000150e-02 2.927564482999999926e-02
5.183000000000000000e+03 5.184000000000000000e+03 8.501352002999999768e-02 3.221077311000000026e-02
5.184000000000000000e+03 5.185000000000000000e+03 9.006306907000000139e-02 2.752909905999999934e-02
5.185000000000000000e+03 5.186000000000000000e+03 6.656385394999998761e-02 2.186008717000000046e-02
5.186000000000000000e+03 5.187000000000000000e+03 8.502694621000000952e-02 1.928579333899999720e-02
5.187000000000000000e+03 5.188000000000000000e+03 3.533089186999999881e-02 1.542248216899999927e-02
5.188000000000000000e+03 5.189000000000000000e+03 2.476377792699999830e-02 1.119913946999999931e-02
5.189000000000000000e+03 5.190000000000000000e+03 1.278932570500000004e-02 9.373634065000000654e-03
5.190000000000000000e+03 5.191000000000000000e+03 1.471735042399999888e-02 6.609493828999999862e-03
5.191000000000000000e+03 5.192000000000000000e+03 9.374179008099999683e-03 4.137918603099999607e-03
5.192000000000000000e+03 5.193000000000000000e+03 4.560284556000000072e-02 3.159579515000000144e-02
5.193000000000000000e+03 5.194000000000000000e+03 1.116197286399999988e-01 2.933224907000000006e-02
5.194000000000000000e+03 5.195000000000000000e+03 7.535201723999999934e-02 2.926309174000000027e-02
5.195000000000000000e+03 5.196000000000000000e+03 2.413184302299999778e-02 2.567420014999999972e-02
5.196000000000000000e+03 5.197000000000000000e+03 5.144202429999999993e-02 1.837639569400000006e-02
5.197000000000000000e+03 5.198000000000000000e+03 -9.322268829000000465e-03 2.246193883799999999e-02
5.198000000000000000e+03 5.199000000000000000e+03 2.092242205800000018e-02 1.520915663699999934e-02
5.199000000000000000e+03 5.200000000000000000e+03 6.252180426999999485e-02 1.439352923500000075e-02
5.200000000000000000e+03 5.201000000000000000e+03 2.980243113999999846e-02 8.362020002999999077e-03
5.201000000000000000e+03 5.202000000000000000e+03 -3.803071814009999912e-03 5.825966469999999987e-03
5.202000000000000000e+03 5.203000000000000000e+03 -2.896580203700000172e-03 5.008838449000000206e-03
5.203000000000000000e+03 5.204000000000000000e+03 9.601369758000000143e-02 2.857951225000000123e-02
5.204000000000000000e+03 5.205000000000000000e+03 1.164766713900000084e-01 3.074184509999999815e-02
5.205000000000000000e+03 5.206000000000000000e+03 1.014787745599999985e-01 3.038389151000000024e-02
5.206000000000000000e+03 5.207000000000000000e+03 4.090817724700000074e-02 2.376675157999999857e-02
5.207000000000000000e+03 5.208000000000000000e+03 6.414106094999999508e-02 2.357831998999999901e-02
5.208000000000000000e+03 5.209000000000000000e+03 6.884421770000000163e-02 2.035498011399999863e-02
5.209000000000000000e+03 5.210000000000000000e+03 5.177754811000000179e-02 1.517521807300000088e-02
5.210000000000000000e+03 5.211000000000000000e+03 4.018956556999999687e-03 1.264609978899999994e-02
5.211000000000000000e+03 5.212000000000000000e+03 1.765598280399999914e-02 8.731542232999999625e-03
5.212000000000000000e+03 5.213000000000000000e+03 -6.050106590000000869e-04 7.756621706999999345e-03
5.213000000000000000e+03 5.214000000000000000e+03 5.710477658699999320e-03 4.179202760499999697e-03
5.214000000000000000e+03 5.215000000000000000e+03 1.015113985899999960e-01 3.006590068000000032e-02
5.215000000000000000e+03 5.216000000000000000e+03 7.719635689999999884e-02 3.375806387000000047e-02
5.216000000000000000e+03 5.217000000000000000e+03 8.385880287999999960e-02 2.837812741999999958e-02
5.217000000000000000e+03 5.218000000000000000e+03 5.172264193000000038e-02 2.203378912000000106e-02
5.218000000000000000e+03 5.219000000000000000e+03 2.139801833099999953e-02 2.183130730000000172e-02
5.219000000000000000e+03 5.220000000000000000e+03 4.125988258999999797e-02 2.416585195000000089e-02
5.220000000000000000e+03 5.221000000000000000e+03 2.020629684999999780e-03 1.453625412200000057e-02
5.221000000000000000e+03 5.222000000000000000e+03 2.029475871400000103e-02 1.160711816499999938e-02
5.222000000000000000e+03 5.223000000000000000e+03 1.488969920999999932e-02 1.136907784299999967e-02
5.223000000000000000e+03 5.224000000000000000e+03 5.432525262000000368e-03 5.789550550000000483e-03
5.224000000000000000e+03 5.225000000000000000e+03 1.052178038399999987e-02 4.857408286299999892e-03
5.225000000000000000e+03 5.226000000000000000e+03 8.904728863999999966e-02 3.227486502000000146e-02
5.226000000000000000e+03 5.227000000000000000e+03 7.602639230999999609e-02 3.539412427000000055e-02
5.227000000000000000e+03 5.228000000000000000e+03 5.705579814999999638e-02 2.539994396999999821e-02
5.228000000000000000e+03 5.229000000000000000e+03 1.054008726400000040e-01 2.345479154000000219e-02
5.229000000000000000e+03 5.230000000000000000e+03 6.167675074999999507e-02 2.173986373000000305e-02
5.230000000000000000e+03 5.231000000000000000e+03 2.305188855179999760e-02 1.906980844400000055e-02
5.231000000000000000e+03 5.232000000000000000e+03 4.420803906000000255e-02 1.509181352199999958e-02
5.232000000000000000e+03 5.233000000000000000e+03 3.438573345999999809e-02 1.382870639800000065e-02
5.233000000000000000e+03 5.234000000000000000e+03 3.340371727499999444e-02 8.620846499999999454e-03
5.234000000000000000e+03 5.235000000000000000e+03 1.401469543399999976e-02 7.660570561000000153e-03
5.235000000000000000e+03 5.236000000000000000e+03 2.388390334000000184e-04 4.749322038000000114e-03
5.236000000000000000e+03 5.237000000000000000e+03 -1.100132017000000038e-02 3.991924591999999883e-02
5.237000000000000000e+03 5.238000000000000000e+03 9.846355678000000278e-02 3.198849020999999793e-02
5.238000000000000000e+03 5.239000000000000000e+03 7.068713163999999771e-02 3.334142532000000658e-02
5.239000000000000000e+03 5.240000000000000000e+03 7.994528223999999850e-02 2.342712703999999882e-02
5.240000000000000000e+03 5.241000000000000000e+03 5.082644564000000226e-02 2.119449314499999987e-02
5.241000000000000000e+03 5.242000000000000000e+03 3.939130975999999978e-02 2.047275537100000029e-02
5.242000000000000000e+03 5.243000000000000000e+03 5.503176859999999587e-02 1.819933073699999890e-02
5.243000000000000000e+03 5.244000000000000000e+03 4.433964556500000209e-02 1.623229859700000069e-02
5.244000000000000000e+03 5.245000000000000000e+03 1.103213129380000053e-02 7.987607743000000801e-03
5.245000000000000000e+03 5.246000000000000000e+03 -4.367677436000000357e-03 6.155167366000000723e-03
5.246000000000000000e+03 5.247000000000000000e+03 7.796141208900000084e-03 4.800990836300000376e-03
5.247000000000000000e+03 5.248000000000000000e+03 1.285056076599999930e-01 2.949411164999999821e-02
5.248000000000000000e+03 5.249000000000000000e+03 5.828966438999999555e-02 2.418354084000000001e-02
5.249000000000000000e+03 5.250000000000000000e+03 1.114526236900000022e-01 3.054160977999999943e-02
5.250000000000000000e+03 5.251000000000000000e+03 1.244558358500000017e-01 2.682882804000000232e-02
5.251000000000000000e+03 5.252000000000000000e+03 5.160082190999999707e-02 2.442918359000000039e-02
5.252000000000000000e+03 5.253000000000000000e+03 6.917091975999999087e-02 1.999855326900000160e-02
5.253000000000000000e+03 5.254000000000000000e+03 2.035633627800000067e-02 1.593994584399999886e-02
5.254000000000000000e+03 5.255000000000000000e+03 2.606917481499999856e-02 1.253440248500000027e-02
5.255000000000000000e+03 5.256000000000000000e+03 1.272035797399999855e-02 8.066822534000000003e-03
5.256000000000000000e+03 5.257000000000000000e+03 6.938950502400000227e-03 7.329943619999999480e-03
5.257000000000000000e+03 5.258000000000000000e+03 6.900696948799999939e-03 5.121237655800000080e-03
5.258000000000000000e+03 5.259000000000000000e+03 1.058282542300000018e-01 2.774007147999999964e-02
5.259000000000000000e+03 5.260000000000000000e+03 7.129668735999999951e-02 2.513724889000000171e-02
5.260000000000000000e+03 5.261000000000000000e+03 7.473294921999999729e-02 2.991497523999999894e-02
5.261000000000000000e+03 5.262000000000000000e+03 3.746486464600000399e-02 2.426901032999999666e-02
5.262000000000000000e+03 5.263000000000000000e+03 5.116224055000000159e-02 2.807489001000000248e-02
5.263000000000000000e+03 5.264000000000000000e+03 1.777980567700000042e-02 1.672274081199999832e-02
5.264000000000000000e+03 5.265000000000000000e+03 3.971047436999999847e-02 1.367529717100000007e-02
5.265000000000000000e+03 5.266000000000000000e+03 1.319028241100000075e-02 1.137381216400000158e-02
5.266000000000000000e+03 5.267000000000000000e+03 2.856465852800000108e-02 8.676555940000000439e-03
5.267000000000000000e+03 5.268000000000000000e+03 8.135736133900001513e-03 5.998361607999999970e-03
5.268000000000000000e+03 5.269000000000000000e+03 -7.620101228999999953e-04 4.111638528499999765e-03
5.269000000000000000e+03 5.270000000000000000e+03 8.922909052999999924e-02 2.837380278999999950e-02
5.270000000000000000e+03 5.271000000000000000e+03 8.971637602000000211e-02 3.129834372999999725e-02
5.271000000000000000e+03 5.272000000000000000e+03 8.201120369999999327e-02 2.458253981000000157e-02
5.272000000000000000e+03 5.273000000000000000e+03 6.219479309999999955e-02 2.092439424000000145e-02
5.273000000000000000e+03 5.274000000000000000e+03 3.443796647199999506e-02 2.259790434999999972e-02
5.274000000000000000e+03 5.275000000000000000e+03 8.780061913999999412e-02 1.895727051799999882e-02
5.275000000000000000e+03 5.276000000000000000e+03 5.444641145000000265e-02 1.442953485699999955e-02
5.276000000000000000e+03 5.277000000000000000e+03 2.582605323799999977e-02 1.250658490099999971e-02
5.277000000000000000e+03 5.278000000000000000e+03 2.191474872699999965e-02 8.064530002999999864e-03
5.278000000000000000e+03 5.279000000000000000e+03 4.876005305499999526e-03 5.666222224999999807e-03
5.279000000000000000e+03 5.280000000000000000e+03 -1.589344681000000011e-03 3.486641767600000014e-03
5.280000000000000000e+03 5.281000000000000000e+03 7.928151518999999869e-02 2.840724795999999969e-02
5.281000000000000000e+03 5.282000000000000000e+03 1.365317127900000094e-01 3.338442699000000041e-02
5.282000000000000000e+03 5.283000000000000000e+03 8.361733756000000115e-03 2.613350142000000001e-02
5.283000000000000000e+03 5.284000000000000000e+03 8.708383407000000465e-02 2.642083247999999981e-02
5.284000000000000000e+03 5.285000000000000000e+03 6.984868453999999727e-02 2.148049237200000058e-02
5.285000000000000000e+03 5.286000000000000000e+03 1.267641970999999930e-03 2.004906945799999826e-02
5.286000000000000000e+03 5.287000000000000000e+03 4.182709468000000291e-02 1.342891656000000031e-02
5.287000000000000000e+03 5.288000000000000000e+03 2.948474975200000153e-02 1.138733792100000107e-02
5.288000000000000000e+03 5.289000000000000000e+03 7.376494725000000072e-03 8.876982725999999976e-03
5.289000000000000000e+03 5.290000000000000000e+03 3.814299974000000173e-03 6.791625688999999334e-03
5.290000000000000000e+03 5.291000000000000000e+03 8.462165605599999627e-03 3.571943816999999938e-03
5.291000000000000000e+03 5.292000000000000000e+03 -5.146509440000000477e-03 3.480475292000000109e-02
5.292000000000000000e+03 5.293000000000000000e+03 6.604257393000000087e-02 2.969089133000000005e-02
5.293000000000000000e+03 5.294000000000000000e+03 9.243408885999999935e-02 2.331759763000000249e-02
5.294000000000000000e+03 5.295000000000000000e+03 6.085737942999999706e-02 2.414968956000000319e-02
5.295000000000000000e+03 5.296000000000000000e+03 3.968546687800000167e-02 2.254207423000000043e-02
5.296000000000000000e+03 5.297000000000000000e+03 3.140079243499999812e-02 1.719247991199999992e-02
5.297000000000000000e+03 5.298000000000000000e+03 -1.455490686999999896e-03 1.747840713800000167e-02
5.298000000000000000e+03 5.299000000000000000e+03 3.582743580800000494e-02 1.054685818199999937e-02
5.299000000000000000e+03 5.300000000000000000e+03 2.788724446800000187e-02 7.776234834000000061e-03
5.300000000000000000e+03 5.301000000000000000e+03 7.505408635999999932e-03 6.491202770000000129e-03
5.301000000000000000e+03 5.302000000000000000e+03 4.010413808899999932e-03 3.594527222600000203e-03
5.302000000000000000e+03 5.303000000000000000e+03 9.412268236000000121e-02 3.095580915000000280e-02
5.303000000000000000e+03 5.304000000000000000e+03 5.514440857999999834e-02 2.884917952000000049e-02
5.304000000000000000e+03 5.305000000000000000e+03 7.126313626999999928e-02 2.296913113999999798e-02
5.305000000000000000e+03 5.306000000000000000e+03 4.090956802999999586e-02 2.503478809000000277e-02
5.306000000000000000e+03 5.307000000000000000e+03 5.717085162999999831e-02 2.099211056700000036e-02
5.307000000000000000e+03 5.308000000000000000e+03 4.979374355999999918e-02 1.620865762200000143e-02
5.308000000000000000e+03 5.309000000000000000e+03 -4.000715208999999772e-03 1.669444345000000232e-02
5.309000000000000000e+03 5.310000000000000000e+03 1.832429521199999828e-02 1.083762722300000113e-02
5.310000000000000000e+03 5.311000000000000000e+03 1.772692648600000115e-02 8.315142678999999648e-03
5.311000000000000000e+03 5.312000000000000000e+03 1.595882730999999971e-03 7.701399575000000136e-03
5.312000000000000000e+03 5.313000000000000000e+03 4.035124141099999916e-03 4.352516218599999931e-03
5.313000000000000000e+03 5.314000000000000000e+03 6.421034003000000712e-02 2.755829622000000034e-02
5.314000000000000000e+03 5.315000000000000000e+03 1.099219429500000039e-01 3.192464426000000272e-02
5.315000000000000000e+03 5.316000000000000000e+03 7.392142017000000176e-02 2.117119330000000188e-02
5.316000000000000000e+03 5.317000000000000000e+03 2.915406585099999948e-02 2.676748261000000059e-02
5.317000000000000000e+03 5.318000000000000000e+03 4.781361388999999518e-02 1.973482037699999733e-02
5.318000000000000000e+03 5.319000000000000000e+03 4.141403201999999811e-02 1.593534167500000251e-02
5.319000000000000000e+03 5.320000000000000000e+03 4.891832227000000172e-02 1.490191464600000050e-02
5.320000000000000000e+03 5.321000000000000000e+03 2.632203864099999860e-02 1.179300788999999849e-02
5.321000000000000000e+03 5.322000000000000000e+03 2.460250890699999630e-03 9.484368160999999756e-03
5.322000000000000000e+03 5.323000000000000000e+03 1.016636322999999809e-03 5.267964447000000362e-03
5.323000000000000000e+03 5.324000000000000000e+03 -3.240621504000000107e-03 3.868981993099999874e-03
5.324000000000000000e+03 5.325000000000000000e+03 8.090450237000000600e-02 3.169948012999999898e-02
5.325000000000000000e+03 5.326000000000000000e+03 7.826655333999998909e-02 3.429658540000000283e-02
5.326000000000000000e+03 5.327000000000000000e+03 7.641029468000000435e-02 2.423864516999999982e-02
5.327000000000000000e+03 5.328000000000000000e+03 5.908813813999999609e-02 2.656525271999999813e-02
5.328000000000000000e+03 5.329000000000000000e+03 7.310152126000001027e-02 1.878535668600000291e-02
5.329000000000000000e+03 5.330000000000000000e+03 6.199702439000000231e-02 1.385186725500000063e-02
5.330000000000000000e+03 5.331000000000000000e+03 2.567263358599999878e-02 1.792095541000000153e-02
5.331000000000000000e+03 5.332000000000000000e+03 1.720332323099999991e-02 1.267813088099999964e-02
5.332000000000000000e+03 5.333000000000000000e+03 5.882696183000000328e-03 9.150061037999999980e-03
5.333000000000000000e+03 5.334000000000000000e+03 1.477529154799999897e-02 5.399040249000000222e-03
5.334000000000000000e+03 5.335000000000000000e+03 6.626824786500000453e-03 4.592262669499999443e-03
5.335000000000000000e+03 5.336000000000000000e+03 5.602098675000000139e-02 3.166408846000000332e-02
5.336000000000000000e+03 5.337000000000000000e+03 7.607778927000000135e-02 3.062916520999999989e-02
5.337000000000000000e+03 5.338000000000000000e+03 8.523516146000000016e-02 3.049672305000000055e-02
5.338000000000000000e+03 5.339000000000000000e+03 5.776736286999999831e-02 2.720141640999999832e-02
5.339000000000000000e+03 5.340000000000000000e+03 2.323304313799999868e-02 1.777082173399999881e-02
5.340000000000000000e+03 5.341000000000000000e+03 5.842071902999999844e-02 1.445146515799999865e-02
5.341000000000000000e+03 5.342000000000000000e+03 2.768617918900000141e-02 1.506155259099999956e-02
5.342000000000000000e+03 5.343000000000000000e+03 2.127887949499999987e-02 1.264065828299999923e-02
5.343000000000000000e+03 5.344000000000000000e+03 3.208420987999999977e-03 8.095233937999999144e-03
5.344000000000000000e+03 5.345000000000000000e+03 -2.688007852999999697e-04 4.775344530000000427e-03
5.345000000000000000e+03 5.346000000000000000e+03 8.728596692999999324e-03 3.659062840500000146e-03
5.346000000000000000e+03 5.347000000000000000e+03 8.173131770000000018e-02 2.872418864999999946e-02
5.347000000000000000e+03 5.348000000000000000e+03 9.409876539999999234e-02 3.051121983999999926e-02
5.348000000000000000e+03 5.349000000000000000e+03 3.736000247300000354e-02 2.690118568000000182e-02
5.349000000000000000e+03 5.350000000000000000e+03 8.351070290999999812e-02 2.376121364999999805e-02
5.350000000000000000e+03 5.351000000000000000e+03 6.171488417999999865e-02 2.085811584699999791e-02
5.351000000000000000e+03 5.352000000000000000e+03 1.999200223200000084e-02 1.419137148499999973e-02
5.352000000000000000e+03 5.353000000000000000e+03 2.704564657700000291e-02 1.358380760300000045e-02
5.353000000000000000e+03 5.354000000000000000e+03 3.459409018000000197e-02 1.136104456500000061e-02
5.354000000000000000e+03 5.355000000000000000e+03 2.596359830000000146e-02 8.263099822999999192e-03
5.355000000000000000e+03 5.356000000000000000e+03 9.231739085200000791e-03 5.470376467999999749e-03
5.356000000000000000e+03 5.357000000000000000e+03 2.103539277099999820e-03 3.697184205099999978e-03
5.357000000000000000e+03 5.358000000000000000e+03 9.904828589000000405e-02 2.503178953000000095e-02
5.358000000000000000e+03 5.359000000000000000e+03 4.506275995999999701e-02 2.953161485999999947e-02
5.359000000000000000e+03 5.360000000000000000e+03 6.765328158999998898e-02 2.933660545000000078e-02
5.360000000000000000e+03 5.361000000000000000e+03 6.638523153000000510e-02 2.219433916000000326e-02
5.361000000000000000e+03 5.362000000000000000e+03 2.256368138700000012e-02 1.949910113900000033e-02
5.362000000000000000e+03 5.363000000000000000e+03 5.933340049000000033e-02 1.431650749500000021e-02
5.363000000000000000e+03 5.364000000000000000e+03 5.917305894000000205e-02 1.506572682799999993e-02
5.364000000000000000e+03 5.365000000000000000e+03 1.055606272109999889e-02 1.008956208600000036e-02
5.365000000000000000e+03 5.366000000000000000e+03 1.492162406810000098e-02 8.116006038999999672e-03
5.366000000000000000e+03 5.367000000000000000e+03 2.449154638699999834e-03 5.196609409999999700e-03
5.367000000000000000e+03 5.368000000000000000e+03 1.107011590009999991e-02 4.511912018999999358e-03
5.368000000000000000e+03 5.369000000000000000e+03 9.501993492999999402e-02 2.600598699000000041e-02
5.369000000000000000e+03 5.370000000000000000e+03 7.854785645999999566e-02 2.972600473999999909e-02
5.370000000000000000e+03 5.371000000000000000e+03 1.134504519099999997e-01 2.712297645999999993e-02
5.371000000000000000e+03 5.372000000000000000e+03 5.697303203000000232e-02 2.087175155200000215e-02
5.372000000000000000e+03 5.373000000000000000e+03 5.186626301999999744e-02 2.128688277199999868e-02
5.373000000000000000e+03 5.374000000000000000e+03 5.896691214000000097e-02 1.384829364599999939e-02
5.374000000000000000e+03 5.375000000000000000e+03 2.572720950099999931e-02 1.359447753600000024e-02
5.375000000000000000e+03 5.376000000000000000e+03 2.341885962799999943e-02 9.627242523000000343e-03
5.376000000000000000e+03 5.377000000000000000e+03 1.215943108169999926e-02 8.958693376000000444e-03
5.377000000000000000e+03 5.378000000000000000e+03 4.438782943530000281e-03 6.550607055000000171e-03
5.378000000000000000e+03 5.379000000000000000e+03 -3.413793824000000104e-04 2.855089677400000133e-03
5.379000000000000000e+03 5.380000000000000000e+03 3.523371901999999833e-02 2.766174542000000153e-02
5.380000000000000000e+03 5.381000000000000000e+03 4.623726715999999792e-02 2.663144929999999855e-02
5.381000000000000000e+03 5.382000000000000000e+03 6.478296503000000039e-02 2.481403538999999922e-02
5.382000000000000000e+03 5.383000000000000000e+03 6.460087602000000317e-02 2.115336525400000195e-02
5.383000000000000000e+03 5.384000000000000000e+03 2.641972453599999993e-02 2.281522080999999827e-02
5.384000000000000000e+03 5.385000000000000000e+03 1.218983975199999965e-02 1.586197810599999924e-02
5.385000000000000000e+03 5.386000000000000000e+03 1.717475770700000251e-02 1.247516054200000120e-02
5.386000000000000000e+03 5.387000000000000000e+03 1.668255286409999968e-02 1.078942174099999964e-02
5.387000000000000000e+03 5.388000000000000000e+03 1.791609976600000084e-02 9.494309725999999089e-03
5.388000000000000000e+03 5.389000000000000000e+03 1.043407454800000106e-02 5.745181815000000025e-03
5.389000000000000000e+03 5.390000000000000000e+03 9.740996284799999586e-03 4.860698723000000249e-03
5.390000000000000000e+03 5.391000000000000000e+03 8.974929567000000663e-02 2.356851696999999815e-02
5.391000000000000000e+03 5.392000000000000000e+03 7.013990658999999517e-02 2.703479302000000306e-02
5.392000000000000000e+03 5.393000000000000000e+03 5.709154602000000162e-02 2.827264789000000222e-02
5.393000000000000000e+03 5.394000000000000000e+03 6.101317443999999812e-02 2.428668599999999830e-02
5.394000000000000000e+03 5.395000000000000000e+03 6.409961784999999856e-02 2.116669803800000013e-02
5.395000000000000000e+03 5.396000000000000000e+03 2.808529194900000192e-02 1.738534923200000040e-02
5.396000000000000000e+03 5.397000000000000000e+03 4.384671911000000144e-02 1.338836208800000052e-02
5.397000000000000000e+03 5.398000000000000000e+03 2.138701980499999739e-02 9.290265299000000782e-03
5.398000000000000000e+03 5.399000000000000000e+03 1.855780611300000002e-03 8.233066689000000105e-03
5.399000000000000000e+03 5.400000000000000000e+03 1.323941588259999920e-02 5.411872083999999528e-03
5.400000000000000000e+03 5.401000000000000000e+03 -7.338181604000000450e-04 4.915785315300000291e-03
5.401000000000000000e+03 5.402000000000000000e+03 8.829907028999998964e-02 2.814031310000000147e-02
5.402000000000000000e+03 5.403000000000000000e+03 1.007668808200000016e-01 2.529035112999999946e-02
5.403000000000000000e+03 5.404000000000000000e+03 9.985975272000000014e-02 2.451524613999999866e-02
5.404000000000000000e+03 5.405000000000000000e+03 5.832443124000000201e-02 2.030079002700000204e-02
5.405000000000000000e+03 5.406000000000000000e+03 5.140837210000000213e-02 1.900033967200000229e-02
5.406000000000000000e+03 5.407000000000000000e+03 4.870541783000000013e-02 1.507921344899999967e-02
5.407000000000000000e+03 5.408000000000000000e+03 5.782878774999999916e-03 1.584477194100000069e-02
5.408000000000000000e+03 5.409000000000000000e+03 1.552658930200000002e-02 9.925404000999999213e-03
5.409000000000000000e+03 5.410000000000000000e+03 1.459944676800000070e-02 7.693106859000000373e-03
5.410000000000000000e+03 5.411000000000000000e+03 5.837065455999999701e-03 6.695288007999999728e-03
5.411000000000000000e+03 5.412000000000000000e+03 -4.695104145870000398e-03 5.018910366299999572e-03
5.412000000000000000e+03 5.413000000000000000e+03 9.459021344000000109e-02 2.726569682000000092e-02
5.413000000000000000e+03 5.414000000000000000e+03 2.776011314099999933e-02 3.147633630999999849e-02
5.414000000000000000e+03 5.415000000000000000e+03 8.885891413999999489e-02 2.920010555000000091e-02
5.415000000000000000e+03 5.416000000000000000e+03 8.006711336999999817e-02 1.859556059499999775e-02
5.416000000000000000e+03 5.417000000000000000e+03 4.652398716000000212e-02 1.801518636899999970e-02
5.417000000000000000e+03 5.418000000000000000e+03 2.758142161800000020e-02 1.699634661399999913e-02
5.418000000000000000e+03 5.419000000000000000e+03 4.315239013999999651e-02 1.254202421800000057e-02
5.419000000000000000e+03 5.420000000000000000e+03 5.720895729000000270e-03 9.245685171000000632e-03
5.420000000000000000e+03 5.421000000000000000e+03 3.026656323000000148e-02 9.691604450999998996e-03
5.421000000000000000e+03 5.422000000000000000e+03 7.809883437200000264e-03 5.364477370000000564e-03
5.422000000000000000e+03 5.423000000000000000e+03 -2.677824958799999988e-03 3.072376526500000208e-03
5.423000000000000000e+03 5.424000000000000000e+03 9.386859220000000337e-02 3.307185674000000242e-02
5.424000000000000000e+03 5.425000000000000000e+03 1.155391193900000002e-01 3.001713644000000153e-02
5.425000000000000000e+03 5.426000000000000000e+03 5.907977303999999846e-02 2.719684101000000020e-02
5.426000000000000000e+03 5.427000000000000000e+03 4.873087942000000478e-02 2.297517514000000163e-02
5.427000000000000000e+03 5.428000000000000000e+03 6.459818771000000459e-02 1.888010125299999925e-02
5.428000000000000000e+03 5.429000000000000000e+03 1.947122171200000099e-02 1.793248222899999911e-02
5.429000000000000000e+03 5.430000000000000000e+03 1.553688714199999953e-02 1.191997973900000077e-02
5.430000000000000000e+03 5.431000000000000000e+03 8.366442074999999243e-03 9.480119271999999306e-03
5.431000000000000000e+03 5.432000000000000000e+03 3.013266212999999791e-02 9.224455930000000081e-03
5.432000000000000000e+03 5.433000000000000000e+03 5.597853835700000377e-03 6.291677507000000003e-03
5.433000000000000000e+03 5.434000000000000000e+03 2.772410957800000228e-03 5.772299696000000521e-03
5.434000000000000000e+03 5.435000000000000000e+03 6.331581345000000804e-02 2.586206082999999850e-02
5.435000000000000000e+03 5.436000000000000000e+03 1.381670788200000007e-02 3.551221954000000069e-02
5.436000000000000000e+03 5.437000000000000000e+03 4.771014255000000093e-02 2.176252908999999972e-02
5.437000000000000000e+03 5.438000000000000000e+03 5.775688537999999761e-02 1.999650311200000183e-02
5.438000000000000000e+03 5.439000000000000000e+03 7.477265014999999460e-02 1.885672778700000010e-02
5.439000000000000000e+03 5.440000000000000000e+03 3.745106395999999588e-02 1.701318688499999995e-02
5.440000000000000000e+03 5.441000000000000000e+03 3.723626913000000621e-02 1.359712242700000101e-02
5.441000000000000000e+03 5.442000000000000000e+03 1.358921968959999997e-02 1.086930793399999880e-02
5.442000000000000000e+03 5.443000000000000000e+03 4.248237991020000631e-03 9.795633396999998618e-03
5.443000000000000000e+03 5.444000000000000000e+03 5.315067539200000329e-03 5.785481177000000030e-03
5.444000000000000000e+03 5.445000000000000000e+03 1.377284989890000151e-03 3.781832069400000232e-03
5.445000000000000000e+03 5.446000000000000000e+03 9.263736726999999282e-02 2.629217983999999897e-02
5.446000000000000000e+03 5.447000000000000000e+03 3.620751784300000470e-02 3.137274628000000232e-02
5.447000000000000000e+03 5.448000000000000000e+03 8.700468406000000376e-02 2.185637602000000193e-02
5.448000000000000000e+03 5.449000000000000000e+03 4.438052675000000308e-02 2.281803196000000214e-02
5.449000000000000000e+03 5.450000000000000000e+03 5.921311818999999699e-02 1.904877383999999813e-02
5.450000000000000000e+03 5.451000000000000000e+03 3.143347941100000514e-02 1.398853577499999980e-02
5.451000000000000000e+03 5.452000000000000000e+03 2.526588772699999916e-02 1.226913601199999988e-02
5.452000000000000000e+03 5.453000000000000000e+03 2.485733107999999955e-02 1.082415267100000043e-02
5.453000000000000000e+03 5.454000000000000000e+03 2.243681864499999859e-02 9.260663704999999926e-03
5.454000000000000000e+03 5.455000000000000000e+03 7.002476591999999903e-03 5.229591373999999820e-03
5.455000000000000000e+03 5.456000000000000000e+03 -2.789259891000000005e-03 3.365705450199999761e-03
5.456000000000000000e+03 5.457000000000000000e+03 6.277895817999999684e-02 3.229717139000000403e-02
5.457000000000000000e+03 5.458000000000000000e+03 7.452840734000000522e-02 2.950331377000000102e-02
5.458000000000000000e+03 5.459000000000000000e+03 3.988448371000000159e-02 2.612129775000000126e-02
5.459000000000000000e+03 5.460000000000000000e+03 6.244979098000000284e-02 2.311879683999999713e-02
5.460000000000000000e+03 5.461000000000000000e+03 6.527144032999999956e-02 2.071094330300000258e-02
5.461000000000000000e+03 5.462000000000000000e+03 3.800380365500000135e-02 1.420390105299999990e-02
5.462000000000000000e+03 5.463000000000000000e+03 4.841111395000000095e-02 1.229121809999999919e-02
5.463000000000000000e+03 5.464000000000000000e+03 2.222725416999999683e-03 1.179393591900000128e-02
5.464000000000000000e+03 5.465000000000000000e+03 1.049037701599999858e-02 8.049250733000000088e-03
5.465000000000000000e+03 5.466000000000000000e+03 5.672776374200000013e-03 5.609233289000000074e-03
5.466000000000000000e+03 5.467000000000000000e+03 3.474328591599999943e-03 3.244871630600000036e-03
5.467000000000000000e+03 5.468000000000000000e+03 1.769212977880000107e-02 3.885852426999999998e-02
5.468000000000000000e+03 5.469000000000000000e+03 6.572284116999999037e-02 2.648857871000000197e-02
5.469000000000000000e+03 5.470000000000000000e+03 9.830337677000000607e-02 2.575258088000000056e-02
5.470000000000000000e+03 5.471000000000000000e+03 5.089255191000000011e-02 2.191336648999999900e-02
5.471000000000000000e+03 5.472000000000000000e+03 1.489034852000000082e-02 1.714677457000000210e-02
5.472000000000000000e+03 5.473000000000000000e+03 3.048211142899999795e-02 1.551783394799999966e-02
5.473000000000000000e+03 5.474000000000000000e+03 2.450205356400000228e-02 1.174577983799999885e-02
5.474000000000000000e+03 5.475000000000000000e+03 1.011640401500000022e-02 9.594503941000000896e-03
5.475000000000000000e+03 5.476000000000000000e+03 2.450934287900000119e-02 8.179535162000000151e-03
5.476000000000000000e+03 5.477000000000000000e+03 3.691658970999999595e-03 4.987838931000000697e-03
5.477000000000000000e+03 5.478000000000000000e+03 5.345163088924000105e-03 3.262544608600000291e-03
5.478000000000000000e+03 5.479000000000000000e+03 3.744401863000000608e-02 3.002330271000000148e-02
5.479000000000000000e+03 5.480000000000000000e+03 1.207736029799999916e-01 3.569614136999999660e-02
5.480000000000000000e+03 5.481000000000000000e+03 4.253920081999999769e-02 1.932793394200000084e-02
5.481000000000000000e+03 5.482000000000000000e+03 3.111920882199999822e-02 2.059540988199999936e-02
5.482000000000000000e+03 5.483000000000000000e+03 2.935943090500000088e-02 1.736737094499999842e-02
5.483000000000000000e+03 5.484000000000000000e+03 1.834479002199999875e-02 1.524452529500000021e-02
5.484000000000000000e+03 5.485000000000000000e+03 3.792418754000000114e-02 1.476363455799999981e-02
5.485000000000000000e+03 5.486000000000000000e+03 3.458068372999999890e-02 1.034554654400000016e-02
5.486000000000000000e+03 5.487000000000000000e+03 2.446014889299999787e-02 6.832732893999999245e-03
5.487000000000000000e+03 5.488000000000000000e+03 6.135528985299999911e-03 4.764828716000000207e-03
5.488000000000000000e+03 5.489000000000000000e+03 1.617925689399999853e-03 3.906662108100000287e-03
5.489000000000000000e+03 5.490000000000000000e+03 7.062063454000000462e-02 2.597757979000000009e-02
5.490000000000000000e+03 5.491000000000000000e+03 4.349826340000000069e-02 2.670558305000000215e-02
5.491000000000000000e+03 5.492000000000000000e+03 5.412148339999999641e-02 2.235578705000000263e-02
5.492000000000000000e+03 5.493000000000000000e+03 2.598211972100000072e-02 2.426115726000000264e-02
5.493000000000000000e+03 5.494000000000000000e+03 2.923262105399999922e-02 1.721409852299999807e-02
5.494000000000000000e+03 5.495000000000000000e+03 6.393087228999999594e-02 1.565352073600000116e-02
5.495000000000000000e+03 5.496000000000000000e+03 4.772511477000000030e-02 1.354433369499999894e-02
5.496000000000000000e+03 5.497000000000000000e+03 4.009427936200000292e-02 1.260004434100000029e-02
5.497000000000000000e+03 5.498000000000000000e+03 -2.409239721399999935e-04 6.950141517000000060e-03
5.498000000000000000e+03 5.499000000000000000e+03 4.605338252199999219e-03 5.876925735999999519e-03
5.499000000000000000e+03 5.500000000000000000e+03 -3.672219793000000305e-03 3.730112923399999964e-03
5.500000000000000000e+03 5.501000000000000000e+03 7.546859469000000153e-02 2.530220885999999794e-02
5.501000000000000000e+03 5.502000000000000000e+03 1.129506878799999975e-01 2.513102189999999805e-02
5.502000000000000000e+03 5.503000000000000000e+03 7.071020631000000944e-02 2.170465083999999906e-02
5.503000000000000000e+03 5.504000000000000000e+03 4.311500648000000241e-02 2.271797010999999922e-02
5.504000000000000000e+03 5.505000000000000000e+03 6.004444253000000564e-02 1.524450913600000103e-02
5.505000000000000000e+03 5.506000000000000000e+03 2.175506340500000038e-02 1.499018160800000103e-02
5.506000000000000000e+03 5.507000000000000000e+03 1.136756070600000029e-02 1.248570710299999956e-02
5.507000000000000000e+03 5.508000000000000000e+03 2.813512390999999956e-03 1.113255297899999954e-02
5.508000000000000000e+03 5.509000000000000000e+03 1.948936712699999782e-02 6.911167261999999999e-03
5.509000000000000000e+03 5.510000000000000000e+03 3.959707756899999952e-03 5.039537042000000015e-03
5.510000000000000000e+03 5.511000000000000000e+03 5.921108923099999664e-03 4.361826925500000493e-03
5.511000000000000000e+03 5.512000000000000000e+03 4.809812655000000187e-02 2.501389347999999693e-02
5.512000000000000000e+03 5.513000000000000000e+03 7.106811577999999630e-02 1.977523724399999835e-02
5.513000000000000000e+03 5.514000000000000000e+03 8.474995670999999064e-02 2.078813045500000137e-02
5.514000000000000000e+03 5.515000000000000000e+03 8.521799709999999806e-02 2.261794575999999737e-02
5.515000000000000000e+03 5.516000000000000000e+03 2.970665893899999965e-02 1.829383447899999779e-02
5.516000000000000000e+03 5.517000000000000000e+03 2.495029088700000119e-02 1.281560500700000028e-02
5.517000000000000000e+03 5.518000000000000000e+03 3.407550201600000050e-02 1.309092522800000061e-02
5.518000000000000000e+03 5.519000000000000000e+03 2.960239134399999736e-02 9.605752001999999512e-03
5.519000000000000000e+03 5.520000000000000000e+03 3.982076191999999425e-03 6.650059661999999788e-03
5.520000000000000000e+03 5.521000000000000000e+03 -6.581550585720000093e-04 4.730483942999999872e-03
5.521000000000000000e+03 5.522000000000000000e+03 6.033933585199999575e-03 3.029021571799999941e-03
5.522000000000000000e+03 5.523000000000000000e+03 1.035372458800000034e-01 2.911259708999999751e-02
5.523000000000000000e+03 5.524000000000000000e+03 4.961493583000000512e-02 2.361266780000000065e-02
5.524000000000000000e+03 5.525000000000000000e+03 3.257324558299999617e-02 2.269862671000000276e-02
5.525000000000000000e+03 5.526000000000000000e+03 3.397101097500000028e-02 2.034268154300000048e-02
5.526000000000000000e+03 5.527000000000000000e+03 2.781521189599999930e-02 1.763881180999999840e-02
5.527000000000000000e+03 5.528000000000000000e+03 3.508027006000000170e-02 1.388493370600000013e-02
5.528000000000000000e+03 5.529000000000000000e+03 2.788040363100000030e-02 1.271009144500000014e-02
5.529000000000000000e+03 5.530000000000000000e+03 2.618046437399999815e-02 1.030223815299999984e-02
5.530000000000000000e+03 5.531000000000000000e+03 1.045468194200000096e-02 6.754760951999999943e-03
5.531000000000000000e+03 5.532000000000000000e+03 4.669338259799999530e-03 4.834231012999999980e-03
5.532000000000000000e+03 5.533000000000000000e+03 -6.637645379999999743e-04 2.886726903200000083e-03
5.533000000000000000e+03 5.534000000000000000e+03 6.746601738000000681e-02 2.902280402999999828e-02
5.534000000000000000e+03 5.535000000000000000e+03 3.323234996599999658e-02 2.938401523999999848e-02
5.535000000000000000e+03 5.536000000000000000e+03 8.423173862000001011e-02 1.914311642499999869e-02
5.536000000000000000e+03 5.537000000000000000e+03 1.024403257900000086e-01 2.186842784799999939e-02
5.537000000000000000e+03 5.538000000000000000e+03 5.011249965999999695e-02 1.970848538699999930e-02
5.538000000000000000e+03 5.539000000000000000e+03 3.800167030699999615e-02 1.166924385400000021e-02
5.539000000000000000e+03 5.540000000000000000e+03 1.484464163869999957e-02 1.365921700699999908e-02
5.540000000000000000e+03 5.541000000000000000e+03 1.215364509200000075e-02 8.447776238000000507e-03
5.541000000000000000e+03 5.542000000000000000e+03 1.381631203709999915e-02 7.352462868999999276e-03
5.542000000000000000e+03 5.543000000000000000e+03 3.735444589799999729e-03 5.329580484000000229e-03
5.543000000000000000e+03 5.544000000000000000e+03 5.093552374900000256e-03 3.415134407299999942e-03
5.544000000000000000e+03 5.545000000000000000e+03 4.806719687000000213e-02 2.242318771999999780e-02
5.545000000000000000e+03 5.546000000000000000e+03 7.514824064000000248e-02 2.143866670000000099e-02
5.546000000000000000e+03 5.547000000000000000e+03 9.727668913999999722e-02 2.228013342000000063e-02
5.547000000000000000e+03 5.548000000000000000e+03 4.475784011000000229e-02 2.384028946000000052e-02
5.548000000000000000e+03 5.549000000000000000e+03 7.049772656000000137e-02 1.862350575199999900e-02
5.549000000000000000e+03 5.550000000000000000e+03 5.201213099999999617e-02 1.526262920800000068e-02
5.550000000000000000e+03 5.551000000000000000e+03 2.654496575500000025e-02 1.145608731200000070e-02
5.551000000000000000e+03 5.552000000000000000e+03 1.091836116599999990e-02 9.453743845999999784e-03
5.552000000000000000e+03 5.553000000000000000e+03 1.024595114050000019e-02 7.844986745000000899e-03
5.553000000000000000e+03 5.554000000000000000e+03 2.396074610799999761e-03 4.743553898999999623e-03
5.554000000000000000e+03 5.555000000000000000e+03 9.898531985000000311e-04 3.714654938300000157e-03
5.555000000000000000e+03 5.556000000000000000e+03 6.213325815000000224e-02 2.515507456000000072e-02
5.556000000000000000e+03 5.557000000000000000e+03 1.217357814900000001e-01 2.585741340999999846e-02
5.557000000000000000e+03 5.558000000000000000e+03 1.068226211220000069e-02 2.116627482999999810e-02
5.558000000000000000e+03 5.559000000000000000e+03 3.415968630099999737e-02 2.118026260400000110e-02
5.559000000000000000e+03 5.560000000000000000e+03 4.847334329999999913e-02 1.721906371299999905e-02
5.560000000000000000e+03 5.561000000000000000e+03 3.552217393000000473e-02 1.406500576099999934e-02
5.561000000000000000e+03 5.562000000000000000e+03 3.180252070499999667e-02 1.146153059799999950e-02
5.562000000000000000e+03 5.563000000000000000e+03 1.896677693100000048e-02 1.089143725700000148e-02
5.563000000000000000e+03 5.564000000000000000e+03 9.114472084800000554e-03 6.011472900000000216e-03
5.564000000000000000e+03 5.565000000000000000e+03 4.693897138000000142e-03 4.540876333999999646e-03
5.565000000000000000e+03 5.566000000000000000e+03 8.545948436800000075e-03 3.690589693200000201e-03
5.566000000000000000e+03 5.567000000000000000e+03 6.275247822000000475e-02 2.403077365000000007e-02
5.567000000000000000e+03 5.568000000000000000e+03 3.095879450500000143e-02 2.059823718499999984e-02
5.568000000000000000e+03 5.569000000000000000e+03 1.139830389400000032e-01 3.029298500999999880e-02
5.569000000000000000e+03 5.570000000000000000e+03 4.482060739999999682e-02 2.230763287999999733e-02
5.570000000000000000e+03 5.571000000000000000e+03 4.133718425999999974e-02 1.592167508799999937e-02
5.571000000000000000e+03 5.572000000000000000e+03 4.781741005000000183e-02 1.412044412299999843e-02
5.572000000000000000e+03 5.573000000000000000e+03 3.417879782000000227e-02 1.193277925000000086e-02
5.573000000000000000e+03 5.574000000000000000e+03 -8.997705250000000024e-04 7.622970082000000286e-03
5.574000000000000000e+03 5.575000000000000000e+03 1.579823826400000158e-02 6.300751987999999790e-03
5.575000000000000000e+03 5.576000000000000000e+03 1.024312569179999972e-02 5.191121176999999656e-03
5.576000000000000000e+03 5.577000000000000000e+03 5.838109626000000037e-05 3.811594145200000207e-03
5.577000000000000000e+03 5.578000000000000000e+03 5.439452784000000513e-02 2.701604029000000129e-02
5.578000000000000000e+03 5.579000000000000000e+03 7.004337231000000441e-02 2.012752603999999959e-02
5.579000000000000000e+03 5.580000000000000000e+03 6.686384730999998804e-02 2.181593243000000057e-02
5.580000000000000000e+03 5.581000000000000000e+03 5.723885773999999593e-02 1.982010914800000009e-02
5.581000000000000000e+03 5.582000000000000000e+03 7.416145081000000139e-02 1.607732399899999831e-02
5.582000000000000000e+03 5.583000000000000000e+03 1.746378117799999782e-02 1.713898771499999807e-02
5.583000000000000000e+03 5.584000000000000000e+03 1.606868951200000201e-02 1.047880465200000041e-02
5.584000000000000000e+03 5.585000000000000000e+03 2.979304866300000118e-02 8.760966512999998623e-03
5.585000000000000000e+03 5.586000000000000000e+03 2.372569151800000067e-02 7.514345578000000692e-03
5.586000000000000000e+03 5.587000000000000000e+03 1.456674911700000033e-02 7.626551803999999900e-03
5.587000000000000000e+03 5.588000000000000000e+03 8.058361513000000115e-03 3.538418141299999684e-03
5.588000000000000000e+03 5.589000000000000000e+03 8.184365535999998942e-02 2.615027575000000021e-02
5.589000000000000000e+03 5.590000000000000000e+03 6.654717803000000098e-02 2.061223911500000006e-02
5.590000000000000000e+03 5.591000000000000000e+03 2.465050130800000225e-02 2.041259773199999988e-02
5.591000000000000000e+03 5.592000000000000000e+03 4.296340075999999925e-02 1.900379915500000072e-02
5.592000000000000000e+03 5.593000000000000000e+03 4.135645368999999599e-02 1.529516653000000115e-02
5.593000000000000000e+03 5.594000000000000000e+03 5.986912764000000553e-02 1.456325547300000092e-02
5.594000000000000000e+03 5.595000000000000000e+03 1.667252920300000066e-02 1.116317384699999984e-02
5.595000000000000000e+03 5.596000000000000000e+03 8.684372603499999205e-03 9.675382057000001673e-03
5.596000000000000000e+03 5.597000000000000000e+03 -1.083783690199999900e-02 6.941066174000000248e-03
5.597000000000000000e+03 5.598000000000000000e+03 -3.139056677199999947e-03 3.386028797499999760e-03
5.598000000000000000e+03 5.599000000000000000e+03 -6.779494170000000246e-04 3.329393975999999939e-03
5.599000000000000000e+03 5.600000000000000000e+03 8.042274494999999968e-02 3.369572007000000424e-02
5.600000000000000000e+03 5.601000000000000000e+03 6.983887591999998756e-02 2.518835843999999921e-02
5.601000000000000000e+03 5.602000000000000000e+03 5.985759948000000247e-02 2.075501116099999835e-02
5.602000000000000000e+03 5.603000000000000000e+03 4.256700873000000135e-02 2.256193893000000075e-02
5.603000000000000000e+03 5.604000000000000000e+03 4.377407293000000477e-02 1.533791597700000058e-02
5.604000000000000000e+03 5.605000000000000000e+03 3.021359153500000061e-02 1.600460458100000025e-02
5.605000000000000000e+03 5.606000000000000000e+03 2.393206271500000065e-02 1.192458180299999990e-02
5.606000000000000000e+03 5.607000000000000000e+03 3.039595553099999972e-02 1.025614373999999933e-02
5.607000000000000000e+03 5.608000000000000000e+03 -3.103637050000000253e-04 6.112618267000000452e-03
5.608000000000000000e+03 5.609000000000000000e+03 1.381408620619999951e-02 4.967012338999999763e-03
5.609000000000000000e+03 5.610000000000000000e+03 -1.537769663999999977e-03 2.767840396599999947e-03
5.610000000000000000e+03 5.611000000000000000e+03 6.967838876000000126e-02 2.583012301999999816e-02
5.611000000000000000e+03 5.612000000000000000e+03 5.193392497999999718e-02 2.261024912999999928e-02
5.612000000000000000e+03 5.613000000000000000e+03 7.149703178000001158e-02 1.737259963900000120e-02
5.613000000000000000e+03 5.614000000000000000e+03 4.483061044000000162e-02 2.432892035999999897e-02
5.614000000000000000e+03 5.615000000000000000e+03 3.279113958499999676e-02 1.688108074400000019e-02
5.615000000000000000e+03 5.616000000000000000e+03 1.190042051899999932e-02 1.613944437199999957e-02
5.616000000000000000e+03 5.617000000000000000e+03 5.046236550999999917e-03 1.210966807099999980e-02
5.617000000000000000e+03 5.618000000000000000e+03 7.194130532000000446e-03 9.791048138000000428e-03
5.618000000000000000e+03 5.619000000000000000e+03 4.607784077999999874e-03 6.824789716000000117e-03
5.619000000000000000e+03 5.620000000000000000e+03 1.796171599000000044e-03 4.111773729600000198e-03
5.620000000000000000e+03 5.621000000000000000e+03 1.799669798799999939e-03 2.698758137100000076e-03
5.621000000000000000e+03 5.622000000000000000e+03 7.185864259000000753e-02 2.730191134000000200e-02
5.622000000000000000e+03 5.623000000000000000e+03 6.654299199999999526e-02 2.533229755000000055e-02
5.623000000000000000e+03 5.624000000000000000e+03 5.573295461000000312e-02 2.416919810000000071e-02
5.624000000000000000e+03 5.625000000000000000e+03 5.484380278999999997e-02 1.800748466900000191e-02
5.625000000000000000e+03 5.626000000000000000e+03 2.211375098499999969e-02 1.619462889799999986e-02
5.626000000000000000e+03 5.627000000000000000e+03 3.407587397000000351e-02 1.505430656499999985e-02
5.627000000000000000e+03 5.628000000000000000e+03 5.721499286000000101e-02 1.236516997499999965e-02
5.628000000000000000e+03 5.629000000000000000e+03 2.374017941599999848e-02 9.683002942000000154e-03
5.629000000000000000e+03 5.630000000000000000e+03 1.278675463000000095e-02 5.793467180999999772e-03
5.630000000000000000e+03 5.631000000000000000e+03 5.294227439999999417e-03 4.628205844000000783e-03
5.631000000000000000e+03 5.632000000000000000e+03 1.568102742819999992e-03 2.841007018500000137e-03
5.632000000000000000e+03 5.633000000000000000e+03 6.769944373999998988e-02 2.627630405000000099e-02
5.633000000000000000e+03 5.634000000000000000e+03 6.198849540999999685e-02 2.434981812000000176e-02
5.634000000000000000e+03 5.635000000000000000e+03 5.829023674000000099e-02 1.727007612099999700e-02
5.635000000000000000e+03 5.636000000000000000e+03 6.028685937000000106e-02 1.852769890400000202e-02
5.636000000000000000e+03 5.637000000000000000e+03 3.645734427899999935e-02 1.687756354899999992e-02
5.637000000000000000e+03 5.638000000000000000e+03 4.353520857000000438e-02 1.405564701700000134e-02
5.638000000000000000e+03 5.639000000000000000e+03 1.582449057200000300e-02 1.019148266999999990e-02
5.639000000000000000e+03 5.640000000000000000e+03 1.832824299099999887e-02 1.019405431499999931e-02
5.640000000000000000e+03 5.641000000000000000e+03 1.335067444199999898e-02 6.494802407000000583e-03
5.641000000000000000e+03 5.642000000000000000e+03 8.723731279799999336e-03 4.138710040799999969e-03
5.642000000000000000e+03 5.643000000000000000e+03 1.500469364399999910e-03 3.456505403600000116e-03
5.643000000000000000e+03 5.644000000000000000e+03 8.822998395000000715e-02 2.649785819999999834e-02
5.644000000000000000e+03 5.645000000000000000e+03 7.195776230999999246e-02 2.235299003000000215e-02
5.645000000000000000e+03 5.646000000000000000e+03 7.694657483000000298e-02 1.917840237400000175e-02
5.646000000000000000e+03 5.647000000000000000e+03 3.447669925699999721e-02 1.869656568100000124e-02
5.647000000000000000e+03 5.648000000000000000e+03 3.467659585099999719e-02 1.557238092099999874e-02
5.648000000000000000e+03 5.649000000000000000e+03 2.042442151100000089e-02 1.205778000799999881e-02
5.649000000000000000e+03 5.650000000000000000e+03 4.152431267000000065e-02 1.164102725900000024e-02
5.650000000000000000e+03 5.651000000000000000e+03 2.423781532199999894e-02 9.095183448000001419e-03
5.651000000000000000e+03 5.652000000000000000e+03 1.238887906799999994e-02 6.047715529999999999e-03
5.652000000000000000e+03 5.653000000000000000e+03 -1.145562455000000059e-03 6.271436190000000133e-03
5.653000000000000000e+03 5.654000000000000000e+03 1.178357995899999939e-03 3.228120241399999937e-03
5.654000000000000000e+03 5.655000000000000000e+03 6.562313502000000076e-02 2.194222302999999930e-02
5.655000000000000000e+03 5.656000000000000000e+03 1.381978960400000005e-02 2.232543042999999769e-02
5.656000000000000000e+03 5.657000000000000000e+03 6.574446288000000693e-02 1.924640548600000181e-02
5.657000000000000000e+03 5.658000000000000000e+03 3.085630041999999976e-02 1.895295955799999876e-02
5.658000000000000000e+03 5.659000000000000000e+03 4.321081573999999842e-02 1.672396996600000046e-02
5.659000000000000000e+03 5.660000000000000000e+03 2.663001514000000024e-03 1.350844939599999892e-02
5.660000000000000000e+03 5.661000000000000000e+03 2.689914889799999848e-02 1.044392851799999869e-02
5.661000000000000000e+03 5.662000000000000000e+03 1.235390329399999911e-02 8.737898553000000845e-03
5.662000000000000000e+03 5.663000000000000000e+03 9.927592352999999731e-03 5.779537230999999900e-03
5.663000000000000000e+03 5.664000000000000000e+03 -4.987236132999999828e-03 5.244637614000000059e-03
5.664000000000000000e+03 5.665000000000000000e+03 2.341138641600000111e-03 2.798456965999999990e-03
5.665000000000000000e+03 5.666000000000000000e+03 4.712465002999999958e-02 2.303221320999999933e-02
5.666000000000000000e+03 5.667000000000000000e+03 5.141132601999999496e-02 2.072535033600000215e-02
5.667000000000000000e+03 5.668000000000000000e+03 3.747255065800000201e-02 2.038338129100000090e-02
5.668000000000000000e+03 5.669000000000000000e+03 3.931619056000000556e-02 1.746406700299999934e-02
5.669000000000000000e+03 5.670000000000000000e+03 2.433754526700000059e-02 1.890315008500000060e-02
5.670000000000000000e+03 5.671000000000000000e+03 4.168617661000000030e-02 1.442710179900000105e-02
5.671000000000000000e+03 5.672000000000000000e+03 2.472805038200000249e-02 1.142077075200000069e-02
5.672000000000000000e+03 5.673000000000000000e+03 7.493604031999999936e-03 9.139962108999999738e-03
5.673000000000000000e+03 5.674000000000000000e+03 1.811760027909999765e-02 7.692233276999999904e-03
5.674000000000000000e+03 5.675000000000000000e+03 7.558271599500000076e-03 5.073648794999999906e-03
5.675000000000000000e+03 5.676000000000000000e+03 4.615322036600000635e-03 3.087146640100000162e-03
5.676000000000000000e+03 5.677000000000000000e+03 7.087275292999999088e-02 2.565316215999999955e-02
5.677000000000000000e+03 5.678000000000000000e+03 9.140608455000000243e-02 2.298174771000000005e-02
5.678000000000000000e+03 5.679000000000000000e+03 4.934519279999999980e-02 2.035046316400000027e-02
5.679000000000000000e+03 5.680000000000000000e+03 2.433305447499999746e-02 2.087208098599999812e-02
5.680000000000000000e+03 5.681000000000000000e+03 4.240463264000000204e-02 1.775855657499999726e-02
5.681000000000000000e+03 5.682000000000000000e+03 3.354751159100000102e-02 1.933783231200000147e-02
5.682000000000000000e+03 5.683000000000000000e+03 2.679424787900000146e-02 1.108720381200000056e-02
5.683000000000000000e+03 5.684000000000000000e+03 2.537169495899999766e-02 8.334355843000001290e-03
5.684000000000000000e+03 5.685000000000000000e+03 4.205107762260000374e-03 6.519032018999999616e-03
5.685000000000000000e+03 5.686000000000000000e+03 1.185307682000000121e-03 4.232349395999999986e-03
5.686000000000000000e+03 5.687000000000000000e+03 2.379891277199999797e-03 3.274094043999999787e-03
5.687000000000000000e+03 5.688000000000000000e+03 1.173980577100000033e-01 3.044868052000000019e-02
5.688000000000000000e+03 5.689000000000000000e+03 1.956196907000000082e-02 2.392326875999999797e-02
5.689000000000000000e+03 5.690000000000000000e+03 7.205289458999999952e-02 2.188921310999999981e-02
5.690000000000000000e+03 5.691000000000000000e+03 3.072919556300000160e-02 1.763048868800000044e-02
5.691000000000000000e+03 5.692000000000000000e+03 5.695422937000000491e-02 1.745135296600000205e-02
5.692000000000000000e+03 5.693000000000000000e+03 4.891411587000000366e-02 1.383848052199999901e-02
5.693000000000000000e+03 5.694000000000000000e+03 2.166412689700000088e-02 1.045301228799999996e-02
5.694000000000000000e+03 5.695000000000000000e+03 2.197383103300000126e-02 9.656043078999998822e-03
5.695000000000000000e+03 5.696000000000000000e+03 2.037229437600000109e-02 5.888610399999999988e-03
5.696000000000000000e+03 5.697000000000000000e+03 1.178471673200000118e-02 4.461893092999999824e-03
5.697000000000000000e+03 5.698000000000000000e+03 1.569967256200000038e-03 2.617695946500000082e-03
5.698000000000000000e+03 5.699000000000000000e+03 4.853876658000000344e-02 3.034247124999999920e-02
5.699000000000000000e+03 5.700000000000000000e+03 5.745421783000000115e-02 2.638772961000000056e-02
5.700000000000000000e+03 5.701000000000000000e+03 3.236747466199999673e-02 2.115357521000000088e-02
5.701000000000000000e+03 5.702000000000000000e+03 5.635202587000000263e-02 1.675342837699999796e-02
5.702000000000000000e+03 5.703000000000000000e+03 5.952210532999999831e-02 1.856684863400000218e-02
5.703000000000000000e+03 5.704000000000000000e+03 2.905950759000000203e-02 1.218905877800000037e-02
5.704000000000000000e+03 5.705000000000000000e+03 3.017565509999999826e-05 9.879179348000000430e-03
5.705000000000000000e+03 5.706000000000000000e+03 6.296122173000000093e-03 8.109628779000000592e-03
5.706000000000000000e+03 5.707000000000000000e+03 1.193900700569999924e-02 6.471485473000000190e-03
5.707000000000000000e+03 5.708000000000000000e+03 2.106054396999999822e-04 4.364779205999999231e-03
5.708000000000000000e+03 5.709000000000000000e+03 7.880600564000000540e-04 2.694889314299999880e-03
5.709000000000000000e+03 5.710000000000000000e+03 6.829337011000000124e-02 2.415835242000000105e-02
5.710000000000000000e+03 5.711000000000000000e+03 8.134629599000001154e-02 2.250757603000000037e-02
5.711000000000000000e+03 5.712000000000000000e+03 5.900636839000000106e-02 2.303996720000000067e-02
5.712000000000000000e+03 5.713000000000000000e+03 7.279139839999999861e-02 1.926751874099999831e-02
5.713000000000000000e+03 5.714000000000000000e+03 3.988987699000000331e-02 1.457312634199999998e-02
5.714000000000000000e+03 5.715000000000000000e+03 -6.061505355000000768e-03 1.282682544399999999e-02
5.715000000000000000e+03 5.716000000000000000e+03 2.499221640300000255e-02 1.009429874900000072e-02
5.716000000000000000e+03 5.717000000000000000e+03 -7.038894969000000432e-03 7.549097777999999766e-03
5.717000000000000000e+03 5.718000000000000000e+03 6.288331107999999871e-03 5.487482378999999910e-03
5.718000000000000000e+03 5.719000000000000000e+03 -2.492415693999999824e-03 4.974264889999999856e-03
5.719000000000000000e+03 5.720000000000000000e+03 -3.156330980000000147e-03 3.731237498400000185e-03
5.720000000000000000e+03 5.721000000000000000e+03 5.533872071000000420e-02 2.361227774000000321e-02
5.721000000000000000e+03 5.722000000000000000e+03 4.349211932000000141e-02 2.326472611999999898e-02
5.722000000000000000e+03 5.723000000000000000e+03 2.391048485760000064e-02 1.788599180800000063e-02
5.723000000000000000e+03 5.724000000000000000e+03 8.137128575999999502e-02 1.737695480299999984e-02
5.724000000000000000e+03 5.725000000000000000e+03 2.157621257599999856e-02 1.562260919399999920e-02
5.725000000000000000e+03 5.726000000000000000e+03 4.885556165999999784e-02 1.310156650599999910e-02
5.726000000000000000e+03 5.727000000000000000e+03 5.994888729700000377e-03 1.021591302100000043e-02
5.727000000000000000e+03 5.728000000000000000e+03 3.015097076299999915e-02 8.748570447000000166e-03
5.728000000000000000e+03 5.729000000000000000e+03 8.285683325700000240e-03 7.036885058999999866e-03
5.729000000000000000e+03 5.730000000000000000e+03 1.048676050800000092e-02 3.780599494400000045e-03
5.730000000000000000e+03 5.731000000000000000e+03 3.201967686500000083e-03 3.052006027400000140e-03
5.731000000000000000e+03 5.732000000000000000e+03 4.490505543000000016e-02 2.340834619000000186e-02
5.732000000000000000e+03 5.733000000000000000e+03 4.835317157999999976e-02 2.063167050300000055e-02
5.733000000000000000e+03 5.734000000000000000e+03 5.447106599999999854e-02 1.802860193499999930e-02
5.734000000000000000e+03 5.735000000000000000e+03 2.084514009899999729e-02 1.977487986300000000e-02
5.735000000000000000e+03 5.736000000000000000e+03 2.577491409200000083e-02 1.521212707000000122e-02
5.736000000000000000e+03 5.737000000000000000e+03 3.091754607299999902e-02 1.391791259700000082e-02
5.737000000000000000e+03 5.738000000000000000e+03 1.714865868499999835e-02 1.019735457000000081e-02
5.738000000000000000e+03 5.739000000000000000e+03 1.281103498999999930e-02 8.324484576999999913e-03
5.739000000000000000e+03 5.740000000000000000e+03 7.627397975300000653e-03 6.293405022000000092e-03
5.740000000000000000e+03 5.741000000000000000e+03 2.235128112000000057e-04 3.521010638100000121e-03
5.741000000000000000e+03 5.742000000000000000e+03 1.033341843500000003e-03 3.291301321999999963e-03
5.742000000000000000e+03 5.743000000000000000e+03 5.413465627999999863e-02 2.104712311000000308e-02
5.743000000000000000e+03 5.744000000000000000e+03 4.075480771000000030e-02 2.075411315700000092e-02
5.744000000000000000e+03 5.745000000000000000e+03 6.715165519000000638e-02 2.209278999000000021e-02
5.745000000000000000e+03 5.746000000000000000e+03 5.554701123999999934e-02 1.922404541800000130e-02
5.746000000000000000e+03 5.747000000000000000e+03 4.777408069999999896e-02 1.534784138500000159e-02
5.747000000000000000e+03 5.748000000000000000e+03 2.357632340399999984e-02 1.209461891400000037e-02
5.748000000000000000e+03 5.749000000000000000e+03 3.820758631399999439e-02 1.269109065200000122e-02
5.749000000000000000e+03 5.750000000000000000e+03 1.456860782499999965e-02 7.371157604999999460e-03
5.750000000000000000e+03 5.751000000000000000e+03 7.846509716599999601e-03 6.921071917000000233e-03
5.751000000000000000e+03 5.752000000000000000e+03 1.265345343600000026e-02 3.832817821500000052e-03
5.752000000000000000e+03 5.753000000000000000e+03 -6.703983641000000422e-04 2.190200111400000121e-03
5.753000000000000000e+03 5.754000000000000000e+03 8.076486916999998933e-02 2.198863984000000091e-02
5.754000000000000000e+03 5.755000000000000000e+03 8.190641959000000139e-02 1.923531095199999819e-02
5.755000000000000000e+03 5.756000000000000000e+03 6.663153161000000269e-02 2.173118325300000056e-02
5.756000000000000000e+03 5.757000000000000000e+03 1.498035054800000120e-02 1.816001751699999889e-02
5.757000000000000000e+03 5.758000000000000000e+03 3.212297726499999811e-02 1.543732784000000080e-02
5.758000000000000000e+03 5.759000000000000000e+03 1.608496326800000140e-02 1.384498830500000000e-02
5.759000000000000000e+03 5.760000000000000000e+03 8.737242285699999347e-03 1.181979165300000092e-02
5.760000000000000000e+03 5.761000000000000000e+03 1.674056517399999736e-02 7.548065731999999313e-03
5.761000000000000000e+03 5.762000000000000000e+03 1.832650970910000088e-03 6.260884103999999999e-03
5.762000000000000000e+03 5.763000000000000000e+03 -3.671297054800000056e-03 3.616692414099999860e-03
5.763000000000000000e+03 5.764000000000000000e+03 2.882947777899999911e-03 3.191331040099999652e-03
5.764000000000000000e+03 5.765000000000000000e+03 3.629975745000000448e-02 2.738226239999999936e-02
5.765000000000000000e+03 5.766000000000000000e+03 6.667361188999999799e-02 2.468060847999999780e-02
5.766000000000000000e+03 5.767000000000000000e+03 3.487061563999999808e-02 2.137181525499999915e-02
5.767000000000000000e+03 5.768000000000000000e+03 5.048369635000000272e-02 2.024379327999999839e-02
5.768000000000000000e+03 5.769000000000000000e+03 2.579275785399999868e-02 1.562203029399999998e-02
5.769000000000000000e+03 5.770000000000000000e+03 4.021253843299999603e-02 1.653604332299999854e-02
5.770000000000000000e+03 5.771000000000000000e+03 3.989427741999999888e-02 1.020661011000000007e-02
5.771000000000000000e+03 5.772000000000000000e+03 1.400194348969999864e-02 8.020368605000001427e-03
5.772000000000000000e+03 5.773000000000000000e+03 4.924241426100000110e-03 6.443434029999999500e-03
5.773000000000000000e+03 5.774000000000000000e+03 4.635537715399999995e-03 3.961376444200000527e-03
5.774000000000000000e+03 5.775000000000000000e+03 3.891665885980999818e-03 2.897004575600000287e-03
5.775000000000000000e+03 5.776000000000000000e+03 4.508008573999999768e-02 2.577339625000000037e-02
5.776000000000000000e+03 5.777000000000000000e+03 6.889274964000000057e-02 1.889348359599999846e-02
5.777000000000000000e+03 5.778000000000000000e+03 1.792943255109999759e-02 2.232000241999999857e-02
5.778000000000000000e+03 5.779000000000000000e+03 -1.022426259999999936e-03 1.861778972100000193e-02
5.779000000000000000e+03 5.780000000000000000e+03 4.416423610000000388e-02 1.459412803599999947e-02
5.780000000000000000e+03 5.781000000000000000e+03 3.020573230499999998e-02 1.174115247199999934e-02
5.781000000000000000e+03 5.782000000000000000e+03 2.962155712700000054e-02 1.009734044900000016e-02
5.782000000000000000e+03 5.783000000000000000e+03 1.122723624199999971e-02 8.190835558999999544e-03
5.783000000000000000e+03 5.784000000000000000e+03 1.037095117800000167e-02 7.187783762000000097e-03
5.784000000000000000e+03 5.785000000000000000e+03 1.123850830999999911e-02 4.538397450999999937e-03
5.785000000000000000e+03 5.786000000000000000e+03 1.615116084600000173e-03 2.856152117100000092e-03
5.786000000000000000e+03 5.787000000000000000e+03 5.024454910999999468e-02 2.478960334000000071e-02
5.787000000000000000e+03 5.788000000000000000e+03 1.065250473500000024e-02 1.893016889600000058e-02
5.788000000000000000e+03 5.789000000000000000e+03 6.992923232999999350e-02 1.949817926900000026e-02
5.789000000000000000e+03 5.790000000000000000e+03 2.013215829900000253e-02 2.019549375600000057e-02
5.790000000000000000e+03 5.791000000000000000e+03 4.483533057999999905e-02 1.360075861799999938e-02
5.791000000000000000e+03 5.792000000000000000e+03 2.603433289300000064e-02 1.156157277000000039e-02
5.792000000000000000e+03 5.793000000000000000e+03 3.315946072599999794e-02 9.655878007999999652e-03
5.793000000000000000e+03 5.794000000000000000e+03 -1.860273340000000066e-04 9.369705190000000850e-03
5.794000000000000000e+03 5.795000000000000000e+03 8.249024993699999656e-03 6.163996710999999906e-03
5.795000000000000000e+03 5.796000000000000000e+03 8.570447306420000619e-03 4.159767830700000085e-03
5.796000000000000000e+03 5.797000000000000000e+03 -2.610722226493999987e-03 2.998554304199999888e-03
5.797000000000000000e+03 5.798000000000000000e+03 7.731943271999999756e-02 2.676124049999999838e-02
5.798000000000000000e+03 5.799000000000000000e+03 3.889703918999999621e-02 2.164002833999999903e-02
5.799000000000000000e+03 5.800000000000000000e+03 5.300372061000000606e-02 1.725859395900000010e-02
5.800000000000000000e+03 5.801000000000000000e+03 4.191747464999999451e-02 1.941087849499999879e-02
5.801000000000000000e+03 5.802000000000000000e+03 2.688833689200000043e-02 1.565591294100000114e-02
5.802000000000000000e+03 5.803000000000000000e+03 2.365730679200000325e-02 1.522173695600000098e-02
5.803000000000000000e+03 5.804000000000000000e+03 3.036868103399999880e-02 8.461661607000001140e-03
5.804000000000000000e+03 5.805000000000000000e+03 3.542812921400000092e-02 8.758658564999998938e-03
5.805000000000000000e+03 5.806000000000000000e+03 -4.186462876000000138e-03 5.801918646999999242e-03
5.806000000000000000e+03 5.807000000000000000e+03 2.902349443499999994e-03 3.377432770300000092e-03
5.807000000000000000e+03 5.808000000000000000e+03 2.244957472850000156e-03 2.955481307599999979e-03
5.808000000000000000e+03 5.809000000000000000e+03 5.048893666000000419e-02 2.437732210000000121e-02
5.809000000000000000e+03 5.810000000000000000e+03 7.103734768000000144e-02 1.764487699999999978e-02
5.810000000000000000e+03 5.811000000000000000e+03 5.074955519000000359e-02 1.665453414900000192e-02
5.811000000000000000e+03 5.812000000000000000e+03 5.601455184999999670e-02 1.729439146399999738e-02
5.812000000000000000e+03 5.813000000000000000e+03 4.843569535000000724e-03 1.437542009299999993e-02
5.813000000000000000e+03 5.814000000000000000e+03 2.227946778599999844e-02 1.531520115199999990e-02
5.814000000000000000e+03 5.815000000000000000e+03 1.543892416999999989e-02 1.006827181799999950e-02
5.815000000000000000e+03 5.816000000000000000e+03 4.283834378200000216e-03 7.627047209999999675e-03
5.816000000000000000e+03 5.817000000000000000e+03 -1.693246746999999865e-03 5.995078955000000126e-03
5.817000000000000000e+03 5.818000000000000000e+03 2.473966906900000162e-03 4.033096280799999475e-03
5.818000000000000000e+03 5.819000000000000000e+03 -3.302310543999999702e-04 2.326037002699999929e-03
5.819000000000000000e+03 5.820000000000000000e+03 6.161802242000000152e-02 2.069229984099999961e-02
5.820000000000000000e+03 5.821000000000000000e+03 6.828639628999999545e-02 2.093034127299999922e-02
5.821000000000000000e+03 5.822000000000000000e+03 3.432815516800000188e-02 2.175436330000000279e-02
5.822000000000000000e+03 5.823000000000000000e+03 2.600038275699999984e-02 1.920667470000000238e-02
5.823000000000000000e+03 5.824000000000000000e+03 5.254028162000000390e-02 1.804458758399999849e-02
5.824000000000000000e+03 5.825000000000000000e+03 3.330196038999999608e-02 1.240900767299999916e-02
5.825000000000000000e+03 5.826000000000000000e+03 2.774460896200000096e-02 1.010728659199999942e-02
5.826000000000000000e+03 5.827000000000000000e+03 1.362954995999999912e-02 7.770196967000000086e-03
5.827000000000000000e+03 5.828000000000000000e+03 2.264231112399999954e-02 6.053084114000000654e-03
5.828000000000000000e+03 5.829000000000000000e+03 -7.819694889999999777e-04 4.022136812600000250e-03
5.829000000000000000e+03 5.830000000000000000e+03 -8.182363615000000368e-04 2.721252756200000147e-03
5.830000000000000000e+03 5.831000000000000000e+03 3.070412185999999918e-02 2.317263214999999710e-02
5.831000000000000000e+03 5.832000000000000000e+03 5.021992982000000189e-02 2.601679436999999873e-02
5.832000000000000000e+03 5.833000000000000000e+03 3.459990265000000009e-02 1.934532843400000104e-02
5.833000000000000000e+03 5.834000000000000000e+03 2.758727554099999965e-02 1.980019033300000134e-02
5.834000000000000000e+03 5.835000000000000000e+03 4.009323043000000142e-02 1.590587318600000105e-02
5.835000000000000000e+03 5.836000000000000000e+03 3.468572701000000036e-02 1.467150029699999976e-02
5.836000000000000000e+03 5.837000000000000000e+03 1.575693677069999951e-02 1.059931354199999953e-02
5.837000000000000000e+03 5.838000000000000000e+03 3.303214821699999859e-02 8.242206222000000165e-03
5.838000000000000000e+03 5.839000000000000000e+03 9.457304453000000936e-04 5.667971891000000290e-03
5.839000000000000000e+03 5.840000000000000000e+03 4.014588460400000600e-03 4.206500761700000118e-03
5.840000000000000000e+03 5.841000000000000000e+03 4.162616189999999571e-05 2.246211109599999776e-03
5.841000000000000000e+03 5.842000000000000000e+03 4.528040338000000053e-02 2.159894107999999965e-02
5.842000000000000000e+03 5.843000000000000000e+03 3.568382920700000072e-02 1.904153336999999876e-02
5.843000000000000000e+03 5.844000000000000000e+03 4.449716373999999808e-02 2.078394272800000026e-02
5.844000000000000000e+03 5.845000000000000000e+03 5.687084167999999912e-02 1.911202798199999886e-02
5.845000000000000000e+03 5.846000000000000000e+03 2.524872516499999942e-02 1.295144642000000020e-02
5.846000000000000000e+03 5.847000000000000000e+03 2.995501150599999898e-02 1.175487933999999970e-02
5.847000000000000000e+03 5.848000000000000000e+03 4.264756224999999984e-02 8.491282010000000130e-03
5.848000000000000000e+03 5.849000000000000000e+03 -8.745895665999999999e-03 8.292271975000001238e-03
5.849000000000000000e+03 5.850000000000000000e+03 5.075254458099999304e-03 5.094807354000000128e-03
5.850000000000000000e+03 5.851000000000000000e+03 1.560012528399999914e-03 4.885681149999999626e-03
5.851000000000000000e+03 5.852000000000000000e+03 2.055265442180000211e-03 2.385899134199999990e-03
5.852000000000000000e+03 5.853000000000000000e+03 4.053270179599999939e-02 2.814057061999999942e-02
5.853000000000000000e+03 5.854000000000000000e+03 7.170536014999999430e-02 1.879196335400000126e-02
5.854000000000000000e+03 5.855000000000000000e+03 6.436546277999999344e-02 1.787183650900000045e-02
5.855000000000000000e+03 5.856000000000000000e+03 4.655403864000000336e-02 1.796567519900000090e-02
5.856000000000000000e+03 5.857000000000000000e+03 6.347647011000000054e-03 1.380057356899999990e-02
5.857000000000000000e+03 5.858000000000000000e+03 3.680832322499999476e-02 1.341455752899999888e-02
5.858000000000000000e+03 5.859000000000000000e+03 1.060268242200000134e-02 9.379844623000000575e-03
5.859000000000000000e+03 5.860000000000000000e+03 -3.261696108000000129e-03 8.128086623000000191e-03
5.860000000000000000e+03 5.861000000000000000e+03 1.528806076399999957e-02 5.267642591999999700e-03
5.861000000000000000e+03 5.862000000000000000e+03 7.712634212399999828e-03 3.953939658099999907e-03
5.862000000000000000e+03 5.863000000000000000e+03 2.535736680600000209e-03 2.197798082000000045e-03
5.863000000000000000e+03 5.864000000000000000e+03 1.025702433000000025e-01 2.103946450000000051e-02
5.864000000000000000e+03 5.865000000000000000e+03 8.950251138000001050e-02 2.194412736999999669e-02
5.865000000000000000e+03 5.866000000000000000e+03 3.145267399999999991e-02 1.924809611199999881e-02
5.866000000000000000e+03 5.867000000000000000e+03 3.504198998999999426e-02 1.452826898999999908e-02
5.867000000000000000e+03 5.868000000000000000e+03 2.877234520300000001e-02 1.527949723299999903e-02
5.868000000000000000e+03 5.869000000000000000e+03 3.023305236700000315e-02 1.550576444199999911e-02
5.869000000000000000e+03 5.870000000000000000e+03 1.952828895299999964e-02 8.888561675000000023e-03
5.870000000000000000e+03 5.871000000000000000e+03 1.985200429300000222e-02 8.401666553000000301e-03
5.871000000000000000e+03 5.872000000000000000e+03 5.025069831459999872e-03 5.112655899000000115e-03
5.872000000000000000e+03 5.873000000000000000e+03 -3.227177240850000010e-03 4.346718682600000244e-03
5.873000000000000000e+03 5.874000000000000000e+03 1.584844905899999946e-03 1.607421036699999964e-03
5.874000000000000000e+03 5.875000000000000000e+03 7.716489443000000559e-02 2.713663493999999773e-02
5.875000000000000000e+03 5.876000000000000000e+03 1.422983499560000024e-02 2.343294070000000173e-02
5.876000000000000000e+03 5.877000000000000000e+03 6.147978210999999887e-02 1.971098862200000232e-02
5.877000000000000000e+03 5.878000000000000000e+03 5.513755882999999552e-02 1.541571081100000067e-02
5.878000000000000000e+03 5.879000000000000000e+03 1.598396100399999964e-02 1.544640401899999987e-02
5.879000000000000000e+03 5.880000000000000000e+03 3.842625323999999953e-02 1.109305450499999991e-02
5.880000000000000000e+03 5.881000000000000000e+03 9.988790620000000120e-04 1.160144602700000083e-02
5.881000000000000000e+03 5.882000000000000000e+03 1.337986691600000048e-02 7.083292641000000188e-03
5.882000000000000000e+03 5.883000000000000000e+03 4.077705468999999472e-03 6.021803154999999866e-03
5.883000000000000000e+03 5.884000000000000000e+03 4.525636079999999662e-04 3.905135392899999978e-03
5.884000000000000000e+03 5.885000000000000000e+03 -1.095221810900000097e-03 2.299011244000000002e-03
5.885000000000000000e+03 5.886000000000000000e+03 8.816291835999999493e-02 1.986561804999999875e-02
5.886000000000000000e+03 5.887000000000000000e+03 8.589871500000000049e-02 2.117891727699999782e-02
5.887000000000000000e+03 5.888000000000000000e+03 4.565150077000000584e-02 1.975993814999999973e-02
5.888000000000000000e+03 5.889000000000000000e+03 4.249289241600000266e-02 1.657837372499999795e-02
5.889000000000000000e+03 5.890000000000000000e+03 4.298923560000000171e-02 1.416560133999999853e-02
5.890000000000000000e+03 5.891000000000000000e+03 2.061113234800000110e-02 1.278630427700000113e-02
5.891000000000000000e+03 5.892000000000000000e+03 2.367951104999999751e-02 9.243730187999999598e-03
5.892000000000000000e+03 5.893000000000000000e+03 2.190798402900000219e-02 9.035235892999999435e-03
5.893000000000000000e+03 5.894000000000000000e+03 8.640042403000000246e-03 5.326219704999999444e-03
5.894000000000000000e+03 5.895000000000000000e+03 -2.557865149000000150e-03 3.422082633500000189e-03
5.895000000000000000e+03 5.896000000000000000e+03 1.619724929199999833e-03 2.301605196700000008e-03
5.896000000000000000e+03 5.897000000000000000e+03 1.950603457700000182e-02 1.803191012999999857e-02
5.897000000000000000e+03 5.898000000000000000e+03 2.638071430499999703e-02 2.120283842699999949e-02
5.898000000000000000e+03 5.899000000000000000e+03 4.085186613999999827e-02 2.154153003900000085e-02
5.899000000000000000e+03 5.900000000000000000e+03 3.295530439799999878e-02 1.477380132400000004e-02
5.900000000000000000e+03 5.901000000000000000e+03 4.912203623000000081e-03 1.471998921200000018e-02
5.901000000000000000e+03 5.902000000000000000e+03 2.318032801999999823e-02 1.295349146800000087e-02
5.902000000000000000e+03 5.903000000000000000e+03 1.039792222400000125e-02 1.018123171600000126e-02
5.903000000000000000e+03 5.904000000000000000e+03 1.171697263099999962e-02 7.693364518999999506e-03
5.904000000000000000e+03 5.905000000000000000e+03 1.006867867399999922e-02 5.553327208999999862e-03
5.905000000000000000e+03 5.906000000000000000e+03 1.293115637500000074e-02 3.681006262200000115e-03
5.906000000000000000e+03 5.907000000000000000e+03 1.709222684099999997e-03 1.917645493299999964e-03
5.907000000000000000e+03 5.908000000000000000e+03 5.760743085999999596e-02 2.084352518200000004e-02
5.908000000000000000e+03 5.909000000000000000e+03 5.169742218999999472e-02 2.072029727099999885e-02
5.909000000000000000e+03 5.910000000000000000e+03 4.865615100999999554e-02 2.061006136899999966e-02
5.910000000000000000e+03 5.911000000000000000e+03 3.290774770500000390e-02 1.921695328899999944e-02
5.911000000000000000e+03 5.912000000000000000e+03 3.731443712000000190e-02 1.290682319900000007e-02
5.912000000000000000e+03 5.913000000000000000e+03 2.523977739199999987e-02 1.155834164400000065e-02
5.913000000000000000e+03 5.914000000000000000e+03 2.634915009700000005e-02 1.034558259999999834e-02
5.914000000000000000e+03 5.915000000000000000e+03 2.831679077300000222e-02 7.589369856999999935e-03
5.915000000000000000e+03 5.916000000000000000e+03 6.279414526000000156e-03 5.584995409000000251e-03
5.916000000000000000e+03 5.917000000000000000e+03 6.318139398089999727e-03 3.963903704399999658e-03
5.917000000000000000e+03 5.918000000000000000e+03 -3.406276894999999858e-04 2.061589235599999969e-03
5.918000000000000000e+03 5.919000000000000000e+03 5.619653211000000259e-02 2.344697486000000067e-02
5.919000000000000000e+03 5.920000000000000000e+03 2.917053504999999811e-02 1.919591929799999847e-02
5.920000000000000000e+03 5.921000000000000000e+03 6.097725000999999756e-02 1.945947543699999907e-02
5.921000000000000000e+03 5.922000000000000000e+03 3.763046206000000143e-02 1.644800831100000013e-02
5.922000000000000000e+03 5.923000000000000000e+03 3.679887055999999518e-02 1.415217285100000069e-02
5.923000000000000000e+03 5.924000000000000000e+03 5.085670135999999925e-02 1.110431667299999897e-02
5.924000000000000000e+03 5.925000000000000000e+03 -9.189410900000000160e-03 9.709151383999999399e-03
5.925000000000000000e+03 5.926000000000000000e+03 1.536825813519999973e-02 7.990543415999999330e-03
5.926000000000000000e+03 5.927000000000000000e+03 7.776862343300000244e-03 4.362651504000000097e-03
5.927000000000000000e+03 5.928000000000000000e+03 5.168966046200000088e-03 3.598869124200000311e-03
5.928000000000000000e+03 5.929000000000000000e+03 -1.775309783699999949e-03 1.797918565899999949e-03
5.929000000000000000e+03 5.930000000000000000e+03 3.285378957300000291e-02 2.017764599799999961e-02
5.930000000000000000e+03 5.931000000000000000e+03 8.430530530999999494e-02 1.794264024900000046e-02
5.931000000000000000e+03 5.932000000000000000e+03 2.559382701700000165e-02 1.532058085700000079e-02
5.932000000000000000e+03 5.933000000000000000e+03 4.087264835000000568e-02 1.689784504399999970e-02
5.933000000000000000e+03 5.934000000000000000e+03 3.110147802400000175e-02 1.351473850699999937e-02
5.934000000000000000e+03 5.935000000000000000e+03 2.541990004100000075e-02 1.161258858899999989e-02
5.935000000000000000e+03 5.936000000000000000e+03 2.733755167000000152e-02 9.278080305000000264e-03
5.936000000000000000e+03 5.937000000000000000e+03 2.511512334900000212e-02 7.139017644999999697e-03
5.937000000000000000e+03 5.938000000000000000e+03 5.792062482900000100e-03 5.060126340000000236e-03
5.938000000000000000e+03 5.939000000000000000e+03 1.245496495039999894e-02 4.436289130200000465e-03
5.939000000000000000e+03 5.940000000000000000e+03 4.941475372700000063e-03 2.675221432700000158e-03
5.940000000000000000e+03 5.941000000000000000e+03 6.899980681999999532e-02 2.053182326499999877e-02
5.941000000000000000e+03 5.942000000000000000e+03 7.280436191000000390e-02 2.060883319800000182e-02
5.942000000000000000e+03 5.943000000000000000e+03 4.374348396999999666e-02 1.863971103000000226e-02
5.943000000000000000e+03 5.944000000000000000e+03 3.963422092999999841e-02 1.478661245099999882e-02
5.944000000000000000e+03 5.945000000000000000e+03 2.332436130499999927e-02 1.541460784299999998e-02
5.945000000000000000e+03 5.946000000000000000e+03 2.705423567499999973e-02 1.020937891300000011e-02
5.946000000000000000e+03 5.947000000000000000e+03 5.881622581999999821e-03 8.500838929000000335e-03
5.947000000000000000e+03 5.948000000000000000e+03 -4.599141218999999725e-03 8.227562501999999625e-03
5.948000000000000000e+03 5.949000000000000000e+03 9.251427451000000801e-03 4.770516384999999582e-03
5.949000000000000000e+03 5.950000000000000000e+03 -4.910164300999999296e-04 3.497260019199999962e-03
5.950000000000000000e+03 5.951000000000000000e+03 -1.208012142799999968e-03 2.216772720800000082e-03
5.951000000000000000e+03 5.952000000000000000e+03 1.646646599000000082e-03 2.187764519999999685e-02
5.952000000000000000e+03 5.953000000000000000e+03 4.038383261999999724e-02 1.766111690799999911e-02
5.953000000000000000e+03 5.954000000000000000e+03 4.480806710000000137e-03 1.507130575699999926e-02
5.954000000000000000e+03 5.955000000000000000e+03 4.423379024000000104e-02 1.452134990700000051e-02
5.955000000000000000e+03 5.956000000000000000e+03 3.255712532800000142e-02 1.330623150600000054e-02
5.956000000000000000e+03 5.957000000000000000e+03 2.126342006900000178e-02 1.062367059100000066e-02
5.957000000000000000e+03 5.958000000000000000e+03 -7.201420399999998987e-05 7.567218970999999711e-03
5.958000000000000000e+03 5.959000000000000000e+03 8.152790829999999322e-03 7.767946454000000320e-03
5.959000000000000000e+03 5.960000000000000000e+03 1.304049118300000011e-02 4.974634193000000010e-03
5.960000000000000000e+03 5.961000000000000000e+03 2.411419659799999941e-03 3.548984258899999782e-03
5.961000000000000000e+03 5.962000000000000000e+03 9.381801588000001062e-04 2.575629371300000147e-03
5.962000000000000000e+03 5.963000000000000000e+03 3.103022800500000039e-02 2.133217382100000004e-02
5.963000000000000000e+03 5.964000000000000000e+03 3.492311379699999940e-02 2.009028730100000104e-02
5.964000000000000000e+03 5.965000000000000000e+03 4.012258360999999829e-02 1.872285422100000013e-02
5.965000000000000000e+03 5.966000000000000000e+03 2.547204781600000134e-02 1.374348750500000056e-02
5.966000000000000000e+03 5.967000000000000000e+03 2.345978817499999938e-02 1.410169625600000108e-02
5.967000000000000000e+03 5.968000000000000000e+03 3.408514087299999856e-02 1.064366698199999996e-02
5.968000000000000000e+03 5.969000000000000000e+03 -1.544952768100000054e-02 9.742019277000000393e-03
5.969000000000000000e+03 5.970000000000000000e+03 1.040533555000000034e-02 6.757913671999999858e-03
5.970000000000000000e+03 5.971000000000000000e+03 1.345440379389999976e-02 5.514367582999999892e-03
5.971000000000000000e+03 5.972000000000000000e+03 -4.590467521999999634e-03 3.670731663900000073e-03
5.972000000000000000e+03 5.973000000000000000e+03 1.758200053260000053e-03 2.603434474599999882e-03
5.973000000000000000e+03 5.974000000000000000e+03 1.820133498899999952e-02 1.966583078999999817e-02
5.974000000000000000e+03 5.975000000000000000e+03 7.266829129000000609e-02 2.003218964899999843e-02
5.975000000000000000e+03 5.976000000000000000e+03 7.666512798999999823e-02 1.740980468699999950e-02
5.976000000000000000e+03 5.977000000000000000e+03 2.838334766899999750e-02 1.458349468900000008e-02
5.977000000000000000e+03 5.978000000000000000e+03 2.606899554699999844e-02 1.377073584500000149e-02
5.978000000000000000e+03 5.979000000000000000e+03 3.690712731399999752e-02 1.277385118399999853e-02
5.979000000000000000e+03 5.980000000000000000e+03 2.986320906399999794e-02 9.341746490000000375e-03
5.980000000000000000e+03 5.981000000000000000e+03 1.767509834260000065e-02 8.747141707000000155e-03
5.981000000000000000e+03 5.982000000000000000e+03 1.251192393900000047e-02 5.395046736999999787e-03
5.982000000000000000e+03 5.983000000000000000e+03 4.485941271800000275e-03 3.613182505199999828e-03
5.983000000000000000e+03 5.984000000000000000e+03 4.134977112100000039e-03 2.949881162099999773e-03
5.984000000000000000e+03 5.985000000000000000e+03 6.280572935999999273e-02 2.115219662399999909e-02
5.985000000000000000e+03 5.986000000000000000e+03 2.003045821020000075e-02 1.907387398299999898e-02
5.986000000000000000e+03 5.987000000000000000e+03 4.101374052999999520e-02 2.050460099599999905e-02
5.987000000000000000e+03 5.988000000000000000e+03 3.215310548900000148e-02 1.489775180100000145e-02
5.988000000000000000e+03 5.989000000000000000e+03 3.835235994999999787e-02 1.358150873800000047e-02
5.989000000000000000e+03 5.990000000000000000e+03 1.896851692000000103e-02 1.019793516700000062e-02
5.990000000000000000e+03 5.991000000000000000e+03 1.888288455100000165e-02 8.990313302999999867e-03
5.991000000000000000e+03 5.992000000000000000e+03 1.579295963999999969e-02 7.391794639000000625e-03
5.992000000000000000e+03 5.993000000000000000e+03 6.343115768499999613e-03 5.254913449999999882e-03
5.993000000000000000e+03 5.994000000000000000e+03 4.465812224099999402e-03 3.913554995300000047e-03
5.994000000000000000e+03 5.995000000000000000e+03 5.519294767299999689e-03 2.368799639599999691e-03
5.995000000000000000e+03 5.996000000000000000e+03 7.305434262999999095e-02 1.908946702000000051e-02
5.996000000000000000e+03 5.997000000000000000e+03 3.048726755299999841e-02 2.385387943999999968e-02
5.997000000000000000e+03 5.998000000000000000e+03 -2.139321781000000366e-03 1.678912800800000035e-02
5.998000000000000000e+03 5.999000000000000000e+03 5.234046702999999717e-02 1.461505800300000150e-02
5.999000000000000000e+03 6.000000000000000000e+03 4.707940783999999684e-02 1.230104026599999900e-02
6.000000000000000000e+03 6.001000000000000000e+03 1.374597368400000061e-02 1.144717216799999958e-02
6.001000000000000000e+03 6.002000000000000000e+03 2.752239794599999761e-02 1.059558907699999913e-02
6.002000000000000000e+03 6.003000000000000000e+03 5.996492637000000459e-03 6.621998838999999283e-03
6.003000000000000000e+03 6.004000000000000000e+03 7.159839840999999983e-03 5.441017083000000351e-03
6.004000000000000000e+03 6.005000000000000000e+03 -1.915413064000000103e-03 3.661691308300000017e-03
6.005000000000000000e+03 6.006000000000000000e+03 -1.663735443700000089e-03 2.407141650399999711e-03
6.006000000000000000e+03 6.007000000000000000e+03 5.125802314000000443e-02 2.016529704400000025e-02
6.007000000000000000e+03 6.008000000000000000e+03 7.978683400000000092e-02 1.785391666000000002e-02
6.008000000000000000e+03 6.009000000000000000e+03 4.864042373000000002e-02 1.583115218600000124e-02
6.009000000000000000e+03 6.010000000000000000e+03 2.414975364000000041e-02 1.540563527699999845e-02
6.010000000000000000e+03 6.011000000000000000e+03 1.453926340899999899e-02 1.679332939500000066e-02
6.011000000000000000e+03 6.012000000000000000e+03 2.137081495199999806e-02 1.024894479099999929e-02
6.012000000000000000e+03 6.013000000000000000e+03 1.344404455099999958e-02 8.845030850999999888e-03
6.013000000000000000e+03 6.014000000000000000e+03 1.348331477199999837e-02 7.410869072000000196e-03
6.014000000000000000e+03 6.015000000000000000e+03 4.321696892000000643e-03 5.099260347999999901e-03
6.015000000000000000e+03 6.016000000000000000e+03 2.830404021000000256e-04 3.675231362300000054e-03
6.016000000000000000e+03 6.017000000000000000e+03 -2.077580042999999706e-03 2.211205276100000009e-03
6.017000000000000000e+03 6.018000000000000000e+03 4.160776909000000329e-02 2.295856165000000060e-02
6.018000000000000000e+03 6.019000000000000000e+03 6.217591053000000312e-02 1.570922686600000062e-02
6.019000000000000000e+03 6.020000000000000000e+03 7.730603637000000444e-03 1.899815013999999955e-02
6.020000000000000000e+03 6.021000000000000000e+03 1.958888322799999873e-02 1.675779405600000271e-02
6.021000000000000000e+03 6.022000000000000000e+03 5.005870198000000014e-03 1.228780125999999993e-02
6.022000000000000000e+03 6.023000000000000000e+03 4.975938014999999742e-02 1.283193777299999894e-02
6.023000000000000000e+03 6.024000000000000000e+03 2.219588244200000268e-02 9.733840384999999443e-03
6.024000000000000000e+03 6.025000000000000000e+03 1.382754569399999994e-02 7.696508669999999400e-03
6.025000000000000000e+03 6.026000000000000000e+03 1.246872337179999977e-02 5.086606341000000399e-03
6.026000000000000000e+03 6.027000000000000000e+03 5.505859531000000147e-03 3.387672337100000250e-03
6.027000000000000000e+03 6.028000000000000000e+03 5.083523369999999554e-05 1.836015009299999876e-03
6.028000000000000000e+03 6.029000000000000000e+03 2.749062463200000264e-02 1.707500911400000251e-02
6.029000000000000000e+03 6.030000000000000000e+03 7.271940520000000352e-02 1.781613649499999910e-02
6.030000000000000000e+03 6.031000000000000000e+03 2.814747474899999963e-02 1.385903391599999958e-02
6.031000000000000000e+03 6.032000000000000000e+03 4.772409972999999694e-02 1.334107751000000036e-02
6.032000000000000000e+03 6.033000000000000000e+03 2.383516164000000145e-02 1.157754501199999980e-02
6.033000000000000000e+03 6.034000000000000000e+03 1.905678900999999842e-02 1.286019152500000005e-02
6.034000000000000000e+03 6.035000000000000000e+03 1.038521909299999942e-02 7.754231617999999583e-03
6.035000000000000000e+03 6.036000000000000000e+03 -2.989181019999999855e-04 6.927623913999999758e-03
6.036000000000000000e+03 6.037000000000000000e+03 1.017422181949999976e-02 5.228987247999999921e-03
6.037000000000000000e+03 6.038000000000000000e+03 6.329042018600000014e-03 4.141377849200000155e-03
6.038000000000000000e+03 6.039000000000000000e+03 1.218145798999999965e-03 2.728067710800000274e-03
6.039000000000000000e+03 6.040000000000000000e+03 7.552544097999999706e-02 1.742013693299999944e-02
6.040000000000000000e+03 6.041000000000000000e+03 5.666789916000000010e-02 1.741658651199999921e-02
6.041000000000000000e+03 6.042000000000000000e+03 5.615631169000000200e-02 2.078733151599999884e-02
6.042000000000000000e+03 6.043000000000000000e+03 1.390600817950000088e-02 1.544363307199999973e-02
6.043000000000000000e+03 6.044000000000000000e+03 4.251593599999999723e-02 1.200275722299999973e-02
6.044000000000000000e+03 6.045000000000000000e+03 1.579652251530000093e-02 1.070265937700000045e-02
6.045000000000000000e+03 6.046000000000000000e+03 1.614244193199999844e-02 9.826703342000000369e-03
6.046000000000000000e+03 6.047000000000000000e+03 2.264188675799999953e-02 7.900070040000000196e-03
6.047000000000000000e+03 6.048000000000000000e+03 7.142997560000000253e-03 4.816934322000000594e-03
6.048000000000000000e+03 6.049000000000000000e+03 2.560455584600000029e-03 3.545089354100000156e-03
6.049000000000000000e+03 6.050000000000000000e+03 6.572529405300000073e-04 2.245924269599999714e-03
6.050000000000000000e+03 6.051000000000000000e+03 3.862333125999999756e-02 1.809617946100000249e-02
6.051000000000000000e+03 6.052000000000000000e+03 4.965448957999999552e-02 1.803527914099999768e-02
6.052000000000000000e+03 6.053000000000000000e+03 3.301023187400000530e-02 1.923128357700000166e-02
6.053000000000000000e+03 6.054000000000000000e+03 3.990908760999999777e-02 1.476171702000000051e-02
6.054000000000000000e+03 6.055000000000000000e+03 1.043592701099999888e-02 1.218054407599999944e-02
6.055000000000000000e+03 6.056000000000000000e+03 2.390094558899999791e-02 1.142359061499999967e-02
6.056000000000000000e+03 6.057000000000000000e+03 2.538876517300000038e-02 1.108093987400000056e-02
6.057000000000000000e+03 6.058000000000000000e+03 3.331478884000000067e-03 7.300589522999999768e-03
6.058000000000000000e+03 6.059000000000000000e+03 2.380270697000000119e-03 4.231719160999999896e-03
6.059000000000000000e+03 6.060000000000000000e+03 4.019018240600000062e-03 3.467014560699999918e-03
6.060000000000000000e+03 6.061000000000000000e+03 9.439052270500000947e-04 1.765653740100000006e-03
6.061000000000000000e+03 6.062000000000000000e+03 8.424708175999999493e-02 2.036714433799999974e-02
6.062000000000000000e+03 6.063000000000000000e+03 2.240379523999999969e-02 1.678886498400000010e-02
6.063000000000000000e+03 6.064000000000000000e+03 4.002700399000000409e-02 1.691133091699999896e-02
6.064000000000000000e+03 6.065000000000000000e+03 4.590258451999999767e-02 1.471109268899999968e-02
6.065000000000000000e+03 6.066000000000000000e+03 6.286024256000000143e-02 1.239836629700000019e-02
6.066000000000000000e+03 6.067000000000000000e+03 1.716142271799999883e-02 1.228300601100000035e-02
6.067000000000000000e+03 6.068000000000000000e+03 1.747642121099999765e-02 8.810452584999999698e-03
6.068000000000000000e+03 6.069000000000000000e+03 1.219303711599999986e-02 7.709197722999999378e-03
6.069000000000000000e+03 6.070000000000000000e+03 2.910164764800000047e-03 4.111907955999999364e-03
6.070000000000000000e+03 6.071000000000000000e+03 6.132392139999999188e-04 2.588913726099999982e-03
6.071000000000000000e+03 6.072000000000000000e+03 2.038382407890000029e-03 2.209465345800000046e-03
6.072000000000000000e+03 6.073000000000000000e+03 3.979558115000000201e-02 2.076443962400000010e-02
6.073000000000000000e+03 6.074000000000000000e+03 3.639489861000000381e-02 1.867827780000000035e-02
6.074000000000000000e+03 6.075000000000000000e+03 3.619135507299999638e-02 1.566451937199999853e-02
6.075000000000000000e+03 6.076000000000000000e+03 1.459018220600000020e-02 1.322933454999999925e-02
6.076000000000000000e+03 6.077000000000000000e+03 5.422870350000000110e-03 1.529467578099999968e-02
6.077000000000000000e+03 6.078000000000000000e+03 2.826859483700000161e-02 1.126671550199999892e-02
6.078000000000000000e+03 6.079000000000000000e+03 1.242890189040000114e-02 7.920246589000000392e-03
6.079000000000000000e+03 6.080000000000000000e+03 9.762012759399999948e-03 5.982448196000000537e-03
6.080000000000000000e+03 6.081000000000000000e+03 3.837538240399999967e-03 4.520288447999999855e-03
6.081000000000000000e+03 6.082000000000000000e+03 4.373956122200000143e-03 3.203632048699999856e-03
6.082000000000000000e+03 6.083000000000000000e+03 -4.652840117999999955e-04 2.375174724200000177e-03
6.083000000000000000e+03 6.084000000000000000e+03 3.843561085999999682e-02 1.953875272000000010e-02
6.084000000000000000e+03 6.085000000000000000e+03 6.330448486999999680e-02 2.159905673399999809e-02
6.085000000000000000e+03 6.086000000000000000e+03 4.359867297000000197e-02 1.695688643800000173e-02
6.086000000000000000e+03 6.087000000000000000e+03 3.568798693999999938e-02 1.304853682500000008e-02
6.087000000000000000e+03 6.088000000000000000e+03 5.387705901999999963e-02 1.515341814700000081e-02
6.088000000000000000e+03 6.089000000000000000e+03 7.260772009300000412e-03 1.187817922799999995e-02
6.089000000000000000e+03 6.090000000000000000e+03 1.544047249099999956e-02 7.950754806999998925e-03
6.090000000000000000e+03 6.091000000000000000e+03 1.323288999900000019e-02 6.985094394000000012e-03
6.091000000000000000e+03 6.092000000000000000e+03 1.271063731050000103e-02 5.308832052000000100e-03
6.092000000000000000e+03 6.093000000000000000e+03 -4.596101504099999596e-03 3.096002999600000038e-03
6.093000000000000000e+03 6.094000000000000000e+03 4.609891147599999572e-03 2.185785335100000251e-03
6.094000000000000000e+03 6.095000000000000000e+03 5.764738686000000362e-02 1.820091459499999925e-02
6.095000000000000000e+03 6.096000000000000000e+03 5.591195742999999913e-02 1.895631647799999805e-02
6.096000000000000000e+03 6.097000000000000000e+03 3.902742726999999801e-02 1.558243528099999969e-02
6.097000000000000000e+03 6.098000000000000000e+03 4.067672759999999715e-04 1.831957706300000113e-02
6.098000000000000000e+03 6.099000000000000000e+03 3.099656730999999707e-02 1.289330722400000052e-02
6.099000000000000000e+03 6.100000000000000000e+03 2.379361709099999875e-02 1.535362752099999999e-02
6.100000000000000000e+03 6.101000000000000000e+03 2.104539909599999897e-02 9.265995102999999983e-03
6.101000000000000000e+03 6.102000000000000000e+03 3.007691515999999943e-03 6.242531677000000279e-03
6.102000000000000000e+03 6.103000000000000000e+03 4.608502710999999759e-03 4.551333773000000235e-03
6.103000000000000000e+03 6.104000000000000000e+03 5.102395263999999833e-03 3.689235579700000153e-03
6.104000000000000000e+03 6.105000000000000000e+03 1.929748211500000032e-03 1.731157554500000048e-03
6.105000000000000000e+03 6.106000000000000000e+03 4.849996731999999672e-02 1.680771914399999817e-02
6.106000000000000000e+03 6.107000000000000000e+03 2.677887976600000150e-02 1.584328092899999971e-02
6.107000000000000000e+03 6.108000000000000000e+03 1.636845171700000018e-02 1.737190138900000097e-02
6.108000000000000000e+03 6.109000000000000000e+03 3.587227611299999980e-02 1.246392322000000087e-02
6.109000000000000000e+03 6.110000000000000000e+03 1.851922561900000083e-02 1.304504566599999985e-02
6.110000000000000000e+03 6.111000000000000000e+03 4.101598414600000214e-02 1.070801674399999952e-02
6.111000000000000000e+03 6.112000000000000000e+03 1.429740373100000031e-02 7.974019104000000177e-03
6.112000000000000000e+03 6.113000000000000000e+03 1.360928255700000027e-02 6.956586819000000477e-03
6.113000000000000000e+03 6.114000000000000000e+03 2.232090434800000200e-03 4.981574156000000142e-03
6.114000000000000000e+03 6.115000000000000000e+03 2.842380812200000217e-03 2.488420650200000046e-03
6.115000000000000000e+03 6.116000000000000000e+03 8.761780570000000153e-05 2.066792801199999596e-03
6.116000000000000000e+03 6.117000000000000000e+03 4.913040119999999983e-02 1.679617326799999824e-02
6.117000000000000000e+03 6.118000000000000000e+03 7.528169710000000292e-02 1.853875066899999743e-02
6.118000000000000000e+03 6.119000000000000000e+03 3.864563285000000015e-02 1.654938586499999850e-02
6.119000000000000000e+03 6.120000000000000000e+03 6.064601012000000319e-02 1.348535850499999952e-02
6.120000000000000000e+03 6.121000000000000000e+03 3.669024749000000113e-02 1.122591710600000063e-02
6.121000000000000000e+03 6.122000000000000000e+03 1.899269391000000043e-02 1.056790469099999977e-02
6.122000000000000000e+03 6.123000000000000000e+03 9.774764852000000087e-03 8.417975284000000016e-03
6.123000000000000000e+03 6.124000000000000000e+03 7.220399394500000116e-03 7.202000913999999886e-03
6.124000000000000000e+03 6.125000000000000000e+03 7.286792553100000097e-03 4.537956931999999853e-03
6.125000000000000000e+03 6.126000000000000000e+03 6.548083745799999564e-03 2.938778282300000180e-03
6.126000000000000000e+03 6.127000000000000000e+03 1.745197451500000128e-03 1.715814179000000120e-03
6.127000000000000000e+03 6.128000000000000000e+03 7.358465114999999945e-02 2.047945462599999947e-02
6.128000000000000000e+03 6.129000000000000000e+03 3.553086071100000631e-02 1.670517705999999963e-02
6.129000000000000000e+03 6.130000000000000000e+03 6.386737743999999772e-02 2.004112079600000110e-02
6.130000000000000000e+03 6.131000000000000000e+03 3.475646851199999665e-02 1.488859795000000048e-02
6.131000000000000000e+03 6.132000000000000000e+03 3.093863908400000182e-02 1.071991085000000010e-02
6.132000000000000000e+03 6.133000000000000000e+03 2.735228536700000032e-02 1.175446607300000001e-02
6.133000000000000000e+03 6.134000000000000000e+03 1.632483757099999905e-02 8.292518025999999487e-03
6.134000000000000000e+03 6.135000000000000000e+03 -2.567510512999999963e-03 7.090502423999999436e-03
6.135000000000000000e+03 6.136000000000000000e+03 9.305882368999998655e-03 4.476207193999999501e-03
6.136000000000000000e+03 6.137000000000000000e+03 -2.250744232199999948e-03 2.945546756800000113e-03
6.137000000000000000e+03 6.138000000000000000e+03 3.266546047900000319e-03 1.778428785300000025e-03
6.138000000000000000e+03 6.139000000000000000e+03 3.294137903999999617e-02 1.850827772999999801e-02
6.139000000000000000e+03 6.140000000000000000e+03 2.637721683099999992e-02 1.956470699899999846e-02
6.140000000000000000e+03 6.141000000000000000e+03 3.309048543000000370e-02 1.762231958899999895e-02
6.141000000000000000e+03 6.142000000000000000e+03 3.373097989000000546e-02 1.198542527999999982e-02
6.142000000000000000e+03 6.143000000000000000e+03 1.920596527299999953e-02 1.331830683899999992e-02
6.143000000000000000e+03 6.144000000000000000e+03 2.154385500800000061e-02 9.917692073999999358e-03
6.144000000000000000e+03 6.145000000000000000e+03 2.800227774600000039e-02 7.271997232999999165e-03
6.145000000000000000e+03 6.146000000000000000e+03 -1.041210838599999867e-03 6.128816774999999543e-03
6.146000000000000000e+03 6.147000000000000000e+03 5.740129103999999649e-03 5.371959961999999561e-03
6.147000000000000000e+03 6.148000000000000000e+03 1.381499276199999945e-03 3.404095112499999978e-03
6.148000000000000000e+03 6.149000000000000000e+03 -4.490048367000000007e-04 1.693787283299999979e-03
6.149000000000000000e+03 6.150000000000000000e+03 4.667077540000000302e-02 2.172211966000000063e-02
6.150000000000000000e+03 6.151000000000000000e+03 7.108892920999999865e-02 1.630806710800000031e-02
6.151000000000000000e+03 6.152000000000000000e+03 3.076679228500000043e-02 1.708375978999999989e-02
6.152000000000000000e+03 6.153000000000000000e+03 3.591729448000000047e-02 1.111298201799999948e-02
6.153000000000000000e+03 6.154000000000000000e+03 2.235123917199999949e-02 1.441146010200000140e-02
6.154000000000000000e+03 6.155000000000000000e+03 2.661676166499999871e-02 1.066190496499999987e-02
6.155000000000000000e+03 6.156000000000000000e+03 1.054954305640000076e-02 9.329586545000000813e-03
6.156000000000000000e+03 6.157000000000000000e+03 1.464072563900000075e-02 7.657930375000000095e-03
6.157000000000000000e+03 6.158000000000000000e+03 4.988575638520000195e-03 4.412817668999999797e-03
6.158000000000000000e+03 6.159000000000000000e+03 3.836488371000000130e-03 2.981161677500000079e-03
6.159000000000000000e+03 6.160000000000000000e+03 1.996413163899999742e-03 1.834404799800000083e-03
6.160000000000000000e+03 6.161000000000000000e+03 1.918928312510000123e-02 1.972226496100000157e-02
6.161000000000000000e+03 6.162000000000000000e+03 5.521725747999999684e-02 1.889814546699999931e-02
6.162000000000000000e+03 6.163000000000000000e+03 3.535938162999999884e-02 1.618139882800000151e-02
6.163000000000000000e+03 6.164000000000000000e+03 9.924302116000000701e-03 1.496362799999999965e-02
6.164000000000000000e+03 6.165000000000000000e+03 3.808355369000000074e-02 1.125642024299999995e-02
6.165000000000000000e+03 6.166000000000000000e+03 2.104904081499999954e-02 1.185535153800000054e-02
6.166000000000000000e+03 6.167000000000000000e+03 1.560927577600000095e-02 6.931792247000000302e-03
6.167000000000000000e+03 6.168000000000000000e+03 2.872123817600000153e-03 5.358500034000000280e-03
6.168000000000000000e+03 6.169000000000000000e+03 -2.916877136800000159e-03 4.903513114999999943e-03
6.169000000000000000e+03 6.170000000000000000e+03 1.647022879999999974e-05 3.619219884400000191e-03
6.170000000000000000e+03 6.171000000000000000e+03 4.792329143700000370e-03 2.277095290800000213e-03
6.171000000000000000e+03 6.172000000000000000e+03 5.781466074000000260e-02 1.720657219999999904e-02
6.172000000000000000e+03 6.173000000000000000e+03 3.026789799800000055e-02 1.678521392399999826e-02
6.173000000000000000e+03 6.174000000000000000e+03 3.151178067900000518e-02 1.613962783400000114e-02
6.174000000000000000e+03 6.175000000000000000e+03 2.768291570899999998e-02 1.245195510100000069e-02
6.175000000000000000e+03 6.176000000000000000e+03 3.557233337900000264e-02 1.144280217000000037e-02
6.176000000000000000e+03 6.177000000000000000e+03 2.578108083400000236e-02 9.942500281999999689e-03
6.177000000000000000e+03 6.178000000000000000e+03 1.468829229500000048e-02 6.751253672999999941e-03
6.178000000000000000e+03 6.179000000000000000e+03 -2.508259678999999877e-04 7.260374219999999983e-03
6.179000000000000000e+03 6.180000000000000000e+03 -3.466272666999999780e-03 4.295966661999999978e-03
6.180000000000000000e+03 6.181000000000000000e+03 -2.392533238999999823e-04 3.123553047799999902e-03
6.181000000000000000e+03 6.182000000000000000e+03 3.192677800900000067e-03 1.987405435800000068e-03
6.182000000000000000e+03 6.183000000000000000e+03 6.492895447999999514e-02 1.842316477699999788e-02
6.183000000000000000e+03 6.184000000000000000e+03 4.559742054999999655e-02 1.530074674800000097e-02
6.184000000000000000e+03 6.185000000000000000e+03 4.156087490999999662e-02 1.527299042599999934e-02
6.185000000000000000e+03 6.186000000000000000e+03 2.493205488900000072e-02 1.263258148100000061e-02
6.186000000000000000e+03 6.187000000000000000e+03 3.572078454999999542e-02 1.094233133799999910e-02
6.187000000000000000e+03 6.188000000000000000e+03 3.897078034999999861e-03 1.123083960300000003e-02
6.188000000000000000e+03 6.189000000000000000e+03 1.431761875400000029e-02 7.616980807000000436e-03
6.189000000000000000e+03 6.190000000000000000e+03 1.774544380200000077e-02 7.435308021000000198e-03
6.190000000000000000e+03 6.191000000000000000e+03 1.480590776700000050e-03 4.415265385000000445e-03
6.191000000000000000e+03 6.192000000000000000e+03 3.163969104699999955e-03 3.511266487400000001e-03
6.192000000000000000e+03 6.193000000000000000e+03 1.245332184590000005e-03 2.069859604900000163e-03
6.193000000000000000e+03 6.194000000000000000e+03 4.197850198000000616e-02 1.883142517400000077e-02
6.194000000000000000e+03 6.195000000000000000e+03 6.374947981999999624e-02 2.043874028700000053e-02
6.195000000000000000e+03 6.196000000000000000e+03 1.818295529820000006e-02 1.459982314099999949e-02
6.196000000000000000e+03 6.197000000000000000e+03 1.550378597099999999e-02 1.291680647999999924e-02
6.197000000000000000e+03 6.198000000000000000e+03 2.717625098000000031e-02 1.062474368800000145e-02
6.198000000000000000e+03 6.199000000000000000e+03 2.956595333599999764e-02 1.030513481399999987e-02
6.199000000000000000e+03 6.200000000000000000e+03 2.179876086400000038e-02 7.730971334000000077e-03
6.200000000000000000e+03 6.201000000000000000e+03 3.558470611999999932e-03 5.952043772000000128e-03
6.201000000000000000e+03 6.202000000000000000e+03 1.350651401199999893e-02 4.807335486000000047e-03
6.202000000000000000e+03 6.203000000000000000e+03 2.652762449299999898e-03 2.856600809700000129e-03
6.203000000000000000e+03 6.204000000000000000e+03 5.532159736999999909e-04 1.830665804199999979e-03
6.204000000000000000e+03 6.205000000000000000e+03 5.520169689999999962e-02 1.764818480099999976e-02
6.205000000000000000e+03 6.206000000000000000e+03 3.011473009400000150e-02 1.669648048299999729e-02
6.206000000000000000e+03 6.207000000000000000e+03 5.863624040999999842e-02 1.666203754000000065e-02
6.207000000000000000e+03 6.208000000000000000e+03 1.025063666021999893e-02 1.279113352300000062e-02
6.208000000000000000e+03 6.209000000000000000e+03 1.496411746120000080e-02 1.110340403500000017e-02
6.209000000000000000e+03 6.210000000000000000e+03 1.383107820000000106e-02 1.019390470400000082e-02
6.210000000000000000e+03 6.211000000000000000e+03 2.674568200000000066e-03 7.592229154000000070e-03
6.211000000000000000e+03 6.212000000000000000e+03 2.041987201700000074e-02 6.392688632000000613e-03
6.212000000000000000e+03 6.213000000000000000e+03 8.005715323000000064e-04 4.817874608999999503e-03
6.213000000000000000e+03 6.214000000000000000e+03 2.628816285799999951e-03 3.109955105800000022e-03
6.214000000000000000e+03 6.215000000000000000e+03 -8.825774496000000826e-04 1.377890112999999870e-03
6.215000000000000000e+03 6.216000000000000000e+03 5.707535915999999848e-02 1.932416391599999991e-02
6.216000000000000000e+03 6.217000000000000000e+03 7.334725179999999770e-04 1.910031842699999940e-02
6.217000000000000000e+03 6.218000000000000000e+03 2.292534324500000026e-02 1.463520975400000104e-02
6.218000000000000000e+03 6.219000000000000000e+03 3.831317849000000220e-02 1.220482598299999985e-02
6.219000000000000000e+03 6.220000000000000000e+03 4.224835512000000431e-02 1.187628292100000038e-02
6.220000000000000000e+03 6.221000000000000000e+03 1.401470917699999992e-02 1.098913779499999938e-02
6.221000000000000000e+03 6.222000000000000000e+03 3.870034198300000006e-02 8.395725454999999199e-03
6.222000000000000000e+03 6.223000000000000000e+03 7.404244839000000480e-03 6.385782756000000018e-03
6.223000000000000000e+03 6.224000000000000000e+03 -3.361335910400000196e-03 3.884067952999999823e-03
6.224000000000000000e+03 6.225000000000000000e+03 2.859130423100000006e-03 2.876824307499999903e-03
6.225000000000000000e+03 6.226000000000000000e+03 -5.788713597899999928e-04 1.703135783299999885e-03
6.226000000000000000e+03 6.227000000000000000e+03 1.286840740169999976e-02 1.677469248199999971e-02
6.227000000000000000e+03 6.228000000000000000e+03 4.360521440000000165e-02 1.819100262199999790e-02
6.228000000000000000e+03 6.229000000000000000e+03 4.340374343999999635e-02 1.597656161900000080e-02
6.229000000000000000e+03 6.230000000000000000e+03 4.854186002000000083e-02 1.372164829299999875e-02
6.230000000000000000e+03 6.231000000000000000e+03 8.618512671600001354e-03 1.526285264699999908e-02
6.231000000000000000e+03 6.232000000000000000e+03 1.784177101399999840e-02 9.371508312000001104e-03
6.232000000000000000e+03 6.233000000000000000e+03 5.702673416989999938e-03 8.308928865000000594e-03
6.233000000000000000e+03 6.234000000000000000e+03 6.486104474800000012e-03 5.961687369000000063e-03
6.234000000000000000e+03 6.235000000000000000e+03 5.156203722999999975e-03 4.231462805999999452e-03
6.235000000000000000e+03 6.236000000000000000e+03 -1.844879349599999998e-03 2.232332215499999856e-03
6.236000000000000000e+03 6.237000000000000000e+03 3.582922341199999781e-03 1.753454464900000001e-03
6.237000000000000000e+03 6.238000000000000000e+03 4.310136382999999599e-02 1.779473207500000334e-02
6.238000000000000000e+03 6.239000000000000000e+03 4.180588905000000299e-02 1.504836405800000047e-02
6.239000000000000000e+03 6.240000000000000000e+03 5.060909295000000363e-02 1.496074517899999984e-02
6.240000000000000000e+03 6.241000000000000000e+03 1.748474254359999938e-02 1.446360851200000075e-02
6.241000000000000000e+03 6.242000000000000000e+03 1.859473102600000052e-02 1.099002916000000121e-02
6.242000000000000000e+03 6.243000000000000000e+03 2.923761631299999844e-02 1.044029685000000089e-02
6.243000000000000000e+03 6.244000000000000000e+03 1.336731046910000047e-02 7.054016019000000116e-03
6.244000000000000000e+03 6.245000000000000000e+03 4.549461569640000404e-03 5.916142089999999742e-03
6.245000000000000000e+03 6.246000000000000000e+03 5.648230431299999799e-03 4.013683387699999369e-03
6.246000000000000000e+03 6.247000000000000000e+03 -2.406448767000000238e-03 3.716688653499999884e-03
6.247000000000000000e+03 6.248000000000000000e+03 9.206384180299999288e-04 1.369946912300000008e-03
6.248000000000000000e+03 6.249000000000000000e+03 2.778479613699999864e-02 1.475330767699999969e-02
6.249000000000000000e+03 6.250000000000000000e+03 4.521263505999999904e-02 1.359084330599999967e-02
6.250000000000000000e+03 6.251000000000000000e+03 5.034186157999999411e-02 1.603020455399999794e-02
6.251000000000000000e+03 6.252000000000000000e+03 2.933347532100000210e-02 1.252196711599999970e-02
6.252000000000000000e+03 6.253000000000000000e+03 2.675360937000000050e-02 1.106221031300000032e-02
6.253000000000000000e+03 6.254000000000000000e+03 1.773341356699999899e-02 1.056296574100000149e-02
6.254000000000000000e+03 6.255000000000000000e+03 2.871212175400000149e-02 8.110406041000000829e-03
6.255000000000000000e+03 6.256000000000000000e+03 1.634388861599999840e-02 6.058310271000000129e-03
6.256000000000000000e+03 6.257000000000000000e+03 2.260675507200000066e-03 3.586404416400000052e-03
6.257000000000000000e+03 6.258000000000000000e+03 3.075920257309999913e-03 3.099728201400000355e-03
6.258000000000000000e+03 6.259000000000000000e+03 -4.593566458999999999e-04 1.835752150300000050e-03
6.259000000000000000e+03 6.260000000000000000e+03 3.716107773999999947e-02 1.409265658000000143e-02
6.260000000000000000e+03 6.261000000000000000e+03 3.571228757000000087e-02 1.843619842800000089e-02
6.261000000000000000e+03 6.262000000000000000e+03 1.741236342689999814e-02 1.491807292499999944e-02
6.262000000000000000e+03 6.263000000000000000e+03 4.067304845999999974e-02 1.324453899700000006e-02
6.263000000000000000e+03 6.264000000000000000e+03 3.426996448200000239e-02 1.191695525199999890e-02
6.264000000000000000e+03 6.265000000000000000e+03 2.838243438600000085e-02 9.698493973999999448e-03
6.265000000000000000e+03 6.266000000000000000e+03 2.997907485100000102e-02 9.828519124000000343e-03
6.266000000000000000e+03 6.267000000000000000e+03 1.142598378100000145e-02 5.181896563999999553e-03
6.267000000000000000e+03 6.268000000000000000e+03 6.543476561599999471e-03 4.446473399999999535e-03
6.268000000000000000e+03 6.269000000000000000e+03 8.924391085299999971e-03 3.484862605999999776e-03
6.269000000000000000e+03 6.270000000000000000e+03 -6.703916542200000044e-04 2.037052003300000164e-03
6.270000000000000000e+03 6.271000000000000000e+03 6.091124803999999754e-02 1.922585189099999814e-02
6.271000000000000000e+03 6.272000000000000000e+03 3.441721076099999582e-02 1.423757764299999999e-02
6.272000000000000000e+03 6.273000000000000000e+03 2.267578056099999947e-02 1.491181279099999986e-02
6.273000000000000000e+03 6.274000000000000000e+03 1.850686104899999795e-02 1.232879592500000024e-02
6.274000000000000000e+03 6.275000000000000000e+03 2.260590408299999882e-02 1.204972102899999967e-02
6.275000000000000000e+03 6.276000000000000000e+03 1.865302874899999949e-02 1.071931607599999926e-02
6.276000000000000000e+03 6.277000000000000000e+03 9.613418146099998729e-03 8.582939305000000449e-03
6.277000000000000000e+03 6.278000000000000000e+03 9.977443400300000514e-03 5.900036764999999975e-03
6.278000000000000000e+03 6.279000000000000000e+03 1.012998432399999857e-02 4.179277488000000124e-03
6.279000000000000000e+03 6.280000000000000000e+03 -8.297042394499999586e-05 2.942900369700000244e-03
6.280000000000000000e+03 6.281000000000000000e+03 -9.832267581000000067e-05 2.167091696900000277e-03
6.281000000000000000e+03 6.282000000000000000e+03 2.326629422599999983e-02 1.738912232200000296e-02
6.282000000000000000e+03 6.283000000000000000e+03 5.471899086999999773e-02 1.780355570899999976e-02
6.283000000000000000e+03 6.284000000000000000e+03 4.400999124999999818e-02 1.695062860099999860e-02
6.284000000000000000e+03 6.285000000000000000e+03 2.197916475500000244e-02 1.235154360899999929e-02
6.285000000000000000e+03 6.286000000000000000e+03 2.019394643699999950e-02 1.097136890499999899e-02
6.286000000000000000e+03 6.287000000000000000e+03 7.819196764500000243e-03 7.794235287000000206e-03
6.287000000000000000e+03 6.288000000000000000e+03 4.417533300000000065e-03 7.769156739999999797e-03
6.288000000000000000e+03 6.289000000000000000e+03 4.996338210800000193e-03 6.318637891000000555e-03
6.289000000000000000e+03 6.290000000000000000e+03 1.605082199199999891e-03 3.315253622599999977e-03
6.290000000000000000e+03 6.291000000000000000e+03 -2.989938120000000098e-04 3.218185589200000130e-03
6.291000000000000000e+03 6.292000000000000000e+03 -1.499392193558000139e-03 1.488300806499999939e-03
6.292000000000000000e+03 6.293000000000000000e+03 3.698375781000000362e-02 1.762602566799999909e-02
6.293000000000000000e+03 6.294000000000000000e+03 2.413820053000000077e-02 1.741740416200000113e-02
6.294000000000000000e+03 6.295000000000000000e+03 4.032376348999999749e-02 1.319629436799999930e-02
6.295000000000000000e+03 6.296000000000000000e+03 1.101995603480000058e-02 1.466467729999999976e-02
6.296000000000000000e+03 6.297000000000000000e+03 2.601851356099999998e-02 1.100378372199999934e-02
6.297000000000000000e+03 6.298000000000000000e+03 1.102872412599999880e-02 1.182897701899999869e-02
6.298000000000000000e+03 6.299000000000000000e+03 1.926910077000000207e-02 6.679470526999999914e-03
6.299000000000000000e+03 6.300000000000000000e+03 2.459102103999999921e-03 5.768418749999999588e-03
6.300000000000000000e+03 6.301000000000000000e+03 4.618423772700000311e-03 4.385215059000000665e-03
6.301000000000000000e+03 6.302000000000000000e+03 9.421022945999999940e-04 4.124089539199999807e-03
6.302000000000000000e+03 6.303000000000000000e+03 3.329842035100000121e-03 1.706042243199999914e-03
6.303000000000000000e+03 6.304000000000000000e+03 5.933813715999999849e-02 1.878621397700000126e-02
6.304000000000000000e+03 6.305000000000000000e+03 1.499943272920000077e-02 1.274784465700000077e-02
6.305000000000000000e+03 6.306000000000000000e+03 4.551349268999999725e-02 1.385275806600000034e-02
6.306000000000000000e+03 6.307000000000000000e+03 6.003574652999999622e-02 1.555801047999999867e-02
6.307000000000000000e+03 6.308000000000000000e+03 1.959618139999999911e-02 1.124675870799999970e-02
6.308000000000000000e+03 6.309000000000000000e+03 1.868424386800000142e-02 1.115184039799999895e-02
6.309000000000000000e+03 6.310000000000000000e+03 9.779492794000000169e-03 7.593274280999999862e-03
6.310000000000000000e+03 6.311000000000000000e+03 2.583332071099999835e-03 5.216741593000000232e-03
6.311000000000000000e+03 6.312000000000000000e+03 1.214040495900000141e-02 3.752151924400000133e-03
6.312000000000000000e+03 6.313000000000000000e+03 4.699793678600000697e-03 2.985648376800000090e-03
6.313000000000000000e+03 6.314000000000000000e+03 -9.789667283000001198e-04 1.749366133799999971e-03
6.314000000000000000e+03 6.315000000000000000e+03 6.453683820000000182e-02 1.524135179300000094e-02
6.315000000000000000e+03 6.316000000000000000e+03 4.753187224999999572e-02 1.495976895000000056e-02
6.316000000000000000e+03 6.317000000000000000e+03 2.175859000800000123e-02 1.423363555599999920e-02
6.317000000000000000e+03 6.318000000000000000e+03 1.742097327000000084e-02 1.314352256799999896e-02
6.318000000000000000e+03 6.319000000000000000e+03 1.055584289199999921e-02 1.279095277100000122e-02
6.319000000000000000e+03 6.320000000000000000e+03 1.904962240399999882e-02 1.036810467200000030e-02
6.320000000000000000e+03 6.321000000000000000e+03 1.980057996400000006e-02 7.374797855000000263e-03
6.321000000000000000e+03 6.322000000000000000e+03 2.715670513900000135e-03 5.854478072999999907e-03
6.322000000000000000e+03 6.323000000000000000e+03 5.786835840000000269e-04 4.700931265000000449e-03
6.323000000000000000e+03 6.324000000000000000e+03 4.741345136000000107e-04 3.954586632500000677e-03
6.324000000000000000e+03 6.325000000000000000e+03 1.762468933799999889e-03 1.333847431300000039e-03
6.325000000000000000e+03 6.326000000000000000e+03 4.259405358999999829e-03 1.648009439100000043e-02
6.326000000000000000e+03 6.327000000000000000e+03 3.027018753300000226e-02 1.356121023399999882e-02
6.327000000000000000e+03 6.328000000000000000e+03 1.761612992300000055e-02 1.421021635899999934e-02
6.328000000000000000e+03 6.329000000000000000e+03 4.669458920999999818e-02 1.429083540000000013e-02
6.329000000000000000e+03 6.330000000000000000e+03 2.137105290899999829e-02 1.303639808299999862e-02
6.330000000000000000e+03 6.331000000000000000e+03 1.684617870999999961e-02 8.914027264000000395e-03
6.331000000000000000e+03 6.332000000000000000e+03 8.491273493500000116e-03 7.276840870000000558e-03
6.332000000000000000e+03 6.333000000000000000e+03 5.596136699600000146e-03 4.736115493999999704e-03
6.333000000000000000e+03 6.334000000000000000e+03 2.091157921300000003e-03 3.468480169000000106e-03
6.334000000000000000e+03 6.335000000000000000e+03 1.083473781700000031e-03 3.706365985900000187e-03
6.335000000000000000e+03 6.336000000000000000e+03 -1.129584819299999906e-03 1.492688281600000090e-03
6.336000000000000000e+03 6.337000000000000000e+03 7.285049267999999835e-03 1.888281751700000149e-02
6.337000000000000000e+03 6.338000000000000000e+03 4.257002783999999651e-02 1.438970390299999964e-02
6.338000000000000000e+03 6.339000000000000000e+03 3.684086976900000088e-02 1.364906319199999871e-02
6.339000000000000000e+03 6.340000000000000000e+03 2.968541019300000028e-02 1.195971124000000038e-02
6.340000000000000000e+03 6.341000000000000000e+03 2.285578167499999896e-02 1.128790985300000098e-02
6.341000000000000000e+03 6.342000000000000000e+03 1.368620686899999980e-02 7.586953308999999646e-03
6.342000000000000000e+03 6.343000000000000000e+03 3.715098277999999768e-03 7.308616331999999959e-03
6.343000000000000000e+03 6.344000000000000000e+03 6.650368470099999978e-03 4.872253578999999855e-03
6.344000000000000000e+03 6.345000000000000000e+03 8.781178066800000154e-03 4.411480694800000261e-03
6.345000000000000000e+03 6.346000000000000000e+03 3.091579782000000135e-04 2.492180226499999835e-03
6.346000000000000000e+03 6.347000000000000000e+03 -8.383755004999999877e-04 1.672496021599999879e-03
6.347000000000000000e+03 6.348000000000000000e+03 6.024648226000000467e-02 1.549957306199999975e-02
6.348000000000000000e+03 6.349000000000000000e+03 4.604419355000000103e-02 1.811148257699999806e-02
6.349000000000000000e+03 6.350000000000000000e+03 4.714225315000000055e-02 1.406450467299999972e-02
6.350000000000000000e+03 6.351000000000000000e+03 2.350696931999999781e-02 1.229812921300000098e-02
6.351000000000000000e+03 6.352000000000000000e+03 2.431434246399999735e-02 1.171275690100000155e-02
6.352000000000000000e+03 6.353000000000000000e+03 3.336071216999999915e-03 8.761692635999998938e-03
6.353000000000000000e+03 6.354000000000000000e+03 1.004040332329999945e-02 5.896857671000000495e-03
6.354000000000000000e+03 6.355000000000000000e+03 9.142905221999999762e-03 6.201481416000000080e-03
6.355000000000000000e+03 6.356000000000000000e+03 7.097819101000000033e-03 4.146471085000000625e-03
6.356000000000000000e+03 6.357000000000000000e+03 7.565052043999999452e-04 2.932920536400000257e-03
6.357000000000000000e+03 6.358000000000000000e+03 2.417912207180000078e-03 2.153629686199999820e-03
6.358000000000000000e+03 6.359000000000000000e+03 1.625895510100000205e-02 1.599926945700000033e-02
6.359000000000000000e+03 6.360000000000000000e+03 3.317812623000000044e-02 1.681172016100000027e-02
6.360000000000000000e+03 6.361000000000000000e+03 3.156587704500000285e-02 1.346725006499999849e-02
6.361000000000000000e+03 6.362000000000000000e+03 1.336713614899999979e-02 1.315204368899999983e-02
6.362000000000000000e+03 6.363000000000000000e+03 2.392037740800000145e-02 1.138085707799999999e-02
6.363000000000000000e+03 6.364000000000000000e+03 1.698032312199999894e-02 8.264397893000000050e-03
6.364000000000000000e+03 6.365000000000000000e+03 1.790100538800000127e-02 6.617705031000000078e-03
6.365000000000000000e+03 6.366000000000000000e+03 5.736440313999999381e-03 6.302069271000000639e-03
6.366000000000000000e+03 6.367000000000000000e+03 1.017968977709999938e-02 3.630639836099999740e-03
6.367000000000000000e+03 6.368000000000000000e+03 3.452250141500000109e-03 2.650880829000000147e-03
6.368000000000000000e+03 6.369000000000000000e+03 1.981770030699999720e-03 2.323353930099999846e-03
6.369000000000000000e+03 6.370000000000000000e+03 3.836369187000000097e-02 1.690495568399999829e-02
6.370000000000000000e+03 6.371000000000000000e+03 3.931465456000000219e-02 1.879556698099999965e-02
6.371000000000000000e+03 6.372000000000000000e+03 4.701099417000000058e-02 1.220600972400000088e-02
6.372000000000000000e+03 6.373000000000000000e+03 4.867097087000000349e-02 1.218685148199999922e-02
6.373000000000000000e+03 6.374000000000000000e+03 3.052859953999999959e-02 1.031539282099999850e-02
6.374000000000000000e+03 6.375000000000000000e+03 2.465637785899999976e-02 8.100527269999999516e-03
6.375000000000000000e+03 6.376000000000000000e+03 9.373424530000000476e-03 7.288049165999999773e-03
6.376000000000000000e+03 6.377000000000000000e+03 -1.525240904200000002e-03 6.010647154999999853e-03
6.377000000000000000e+03 6.378000000000000000e+03 8.046564137000000727e-03 3.799567812699999967e-03
6.378000000000000000e+03 6.379000000000000000e+03 -2.181055310999999945e-03 2.644030923400000031e-03
6.379000000000000000e+03 6.380000000000000000e+03 5.184763740000000514e-04 1.307301695999999900e-03
6.380000000000000000e+03 6.381000000000000000e+03 4.016473402999999609e-02 1.420003292200000024e-02
6.381000000000000000e+03 6.382000000000000000e+03 1.642894193800000305e-02 1.632644257300000165e-02
6.382000000000000000e+03 6.383000000000000000e+03 4.857418784999999878e-02 1.465976435799999991e-02
6.383000000000000000e+03 6.384000000000000000e+03 2.708920160300000088e-02 1.221271856400000036e-02
6.384000000000000000e+03 6.385000000000000000e+03 5.071929589000000009e-03 1.217583769100000039e-02
6.385000000000000000e+03 6.386000000000000000e+03 2.349848275199999809e-02 9.443326142000000450e-03
6.386000000000000000e+03 6.387000000000000000e+03 1.274571259099999999e-02 7.231036796000000003e-03
6.387000000000000000e+03 6.388000000000000000e+03 7.231908948999999677e-03 4.656633953000000395e-03
6.388000000000000000e+03 6.389000000000000000e+03 2.911569748699999703e-03 4.831895721000000268e-03
6.389000000000000000e+03 6.390000000000000000e+03 5.265638658000000192e-04 2.584631582599999922e-03
6.390000000000000000e+03 6.391000000000000000e+03 -5.179672900700000660e-04 1.309335237799999973e-03
6.391000000000000000e+03 6.392000000000000000e+03 3.043540479399999693e-02 1.594698951100000095e-02
6.392000000000000000e+03 6.393000000000000000e+03 3.866559871999999953e-02 1.657419313699999910e-02
6.393000000000000000e+03 6.394000000000000000e+03 5.113238103000000007e-02 1.910885201799999988e-02
6.394000000000000000e+03 6.395000000000000000e+03 3.621546643000000260e-02 1.131419535699999986e-02
6.395000000000000000e+03 6.396000000000000000e+03 2.072343646300000078e-02 1.072965397200000004e-02
6.396000000000000000e+03 6.397000000000000000e+03 1.732650055799999853e-02 9.389613785999999240e-03
6.397000000000000000e+03 6.398000000000000000e+03 7.653721158599999935e-03 5.902221613999999311e-03
6.398000000000000000e+03 6.399000000000000000e+03 3.979427920000000126e-04 5.116354313000000091e-03
6.399000000000000000e+03 6.400000000000000000e+03 4.548714939999999531e-04 3.593452048000000260e-03
6.400000000000000000e+03 6.401000000000000000e+03 2.500450734199999824e-03 3.390490917599999800e-03
6.401000000000000000e+03 6.402000000000000000e+03 2.560608592699999998e-03 1.613644717199999926e-03
6.402000000000000000e+03 6.403000000000000000e+03 5.248071468999999933e-02 1.574401456500000226e-02
6.403000000000000000e+03 6.404000000000000000e+03 4.405885637999999715e-02 1.470602994599999949e-02
6.404000000000000000e+03 6.405000000000000000e+03 3.599339403000000048e-02 1.277093326999999973e-02
6.405000000000000000e+03 6.406000000000000000e+03 3.142050478399999874e-02 1.202486545300000126e-02
6.406000000000000000e+03 6.407000000000000000e+03 5.059000379999999825e-02 1.047084703600000000e-02
6.407000000000000000e+03 6.408000000000000000e+03 2.799064001300000104e-02 1.064748507500000094e-02
6.408000000000000000e+03 6.409000000000000000e+03 2.395204116500000008e-02 6.688414637000000655e-03
6.409000000000000000e+03 6.410000000000000000e+03 1.150656633800000057e-02 4.986739168000000645e-03
6.410000000000000000e+03 6.411000000000000000e+03 -1.573876018400000151e-03 3.954899813999999784e-03
6.411000000000000000e+03 6.412000000000000000e+03 7.460438775799999554e-03 4.195446245700000520e-03
6.412000000000000000e+03 6.413000000000000000e+03 -1.261557448299999780e-04 1.565604238799999911e-03
6.413000000000000000e+03 6.414000000000000000e+03 1.441483914799999988e-02 1.781032783099999878e-02
6.414000000000000000e+03 6.415000000000000000e+03 3.676152334999999854e-02 1.489162204900000043e-02
6.415000000000000000e+03 6.416000000000000000e+03 6.391377832000000314e-02 1.334989425200000003e-02
6.416000000000000000e+03 6.417000000000000000e+03 2.473482780299999725e-02 1.038674243400000002e-02
6.417000000000000000e+03 6.418000000000000000e+03 2.839601990500000006e-02 1.385886814400000104e-02
6.418000000000000000e+03 6.419000000000000000e+03 2.161184759400000197e-02 1.194241016500000030e-02
6.419000000000000000e+03 6.420000000000000000e+03 2.091404445299999831e-02 6.946967176999999799e-03
6.420000000000000000e+03 6.421000000000000000e+03 7.562723269999999933e-04 5.070134082000000118e-03
6.421000000000000000e+03 6.422000000000000000e+03 5.240015528299999878e-03 3.224063579500000172e-03
6.422000000000000000e+03 6.423000000000000000e+03 2.630293384500000109e-03 2.998920551099999807e-03
6.423000000000000000e+03 6.424000000000000000e+03 4.470210807099999316e-03 1.632636611600000055e-03
6.424000000000000000e+03 6.425000000000000000e+03 4.509579786000000173e-02 1.610029934400000057e-02
6.425000000000000000e+03 6.426000000000000000e+03 3.563543776000000635e-02 1.698880170800000020e-02
6.426000000000000000e+03 6.427000000000000000e+03 4.633786850000000401e-02 1.451058050199999921e-02
6.427000000000000000e+03 6.428000000000000000e+03 1.955786811799999775e-02 1.243396612700000022e-02
6.428000000000000000e+03 6.429000000000000000e+03 8.510304520999999872e-03 1.018476573500000024e-02
6.429000000000000000e+03 6.430000000000000000e+03 1.132021507599999949e-02 8.926289594999999369e-03
6.430000000000000000e+03 6.431000000000000000e+03 -3.328437566999999965e-03 8.508653898000000451e-03
6.431000000000000000e+03 6.432000000000000000e+03 9.899049362800000154e-03 5.371450166000000040e-03
6.432000000000000000e+03 6.433000000000000000e+03 2.093325844400000055e-03 3.939718079499999505e-03
6.433000000000000000e+03 6.434000000000000000e+03 5.282689118599999747e-03 2.451312119400000065e-03
6.434000000000000000e+03 6.435000000000000000e+03 1.867377917009999978e-03 1.734973139499999990e-03
6.435000000000000000e+03 6.436000000000000000e+03 3.882422770999999911e-02 1.653730092299999718e-02
6.436000000000000000e+03 6.437000000000000000e+03 2.674324112599999956e-02 1.510844245799999874e-02
6.437000000000000000e+03 6.438000000000000000e+03 1.551710140010000016e-02 1.548519954400000113e-02
6.438000000000000000e+03 6.439000000000000000e+03 2.976028418100000114e-02 1.101042566200000072e-02
6.439000000000000000e+03 6.440000000000000000e+03 2.571303104300000017e-02 9.746570316000000012e-03
6.440000000000000000e+03 6.441000000000000000e+03 1.713806714399999931e-02 8.096767128000000729e-03
6.441000000000000000e+03 6.442000000000000000e+03 -5.937354173000000332e-03 8.274639834999999999e-03
6.442000000000000000e+03 6.443000000000000000e+03 9.923222229000000158e-04 5.167583962000000392e-03
6.443000000000000000e+03 6.444000000000000000e+03 -7.039408730999999718e-03 4.535132638999999494e-03
6.444000000000000000e+03 6.445000000000000000e+03 -5.640148450000000147e-03 2.427885939800000260e-03
6.445000000000000000e+03 6.446000000000000000e+03 1.115353372799999989e-03 2.065050022499999825e-03
6.446000000000000000e+03 6.447000000000000000e+03 2.349028534000000001e-03 1.539866695199999976e-02
6.447000000000000000e+03 6.448000000000000000e+03 3.801107821000000025e-02 1.443155091800000026e-02
6.448000000000000000e+03 6.449000000000000000e+03 4.448166357000000320e-02 1.412511045700000009e-02
6.449000000000000000e+03 6.450000000000000000e+03 2.384276314000000063e-02 1.432013970200000062e-02
6.450000000000000000e+03 6.451000000000000000e+03 2.819553737399999732e-02 1.198791092099999941e-02
6.451000000000000000e+03 6.452000000000000000e+03 2.298871466499999988e-02 8.509067222999999042e-03
6.452000000000000000e+03 6.453000000000000000e+03 1.266334395700000059e-02 7.100227178999999472e-03
6.453000000000000000e+03 6.454000000000000000e+03 -3.456514473599999870e-03 5.231601547999999331e-03
6.454000000000000000e+03 6.455000000000000000e+03 8.867680413000000048e-04 4.187080043999999966e-03
6.455000000000000000e+03 6.456000000000000000e+03 3.410048070900000006e-03 2.162690973400000025e-03
6.456000000000000000e+03 6.457000000000000000e+03 -2.114212524699999891e-03 1.740242140800000049e-03
6.457000000000000000e+03 6.458000000000000000e+03 2.699001080199999944e-02 1.447764738700000123e-02
6.458000000000000000e+03 6.459000000000000000e+03 6.399943003999999935e-02 1.378643805000000049e-02
6.459000000000000000e+03 6.460000000000000000e+03 3.871197015000000380e-02 1.479266617799999961e-02
6.460000000000000000e+03 6.461000000000000000e+03 2.615080135700000030e-02 1.282661950799999888e-02
6.461000000000000000e+03 6.462000000000000000e+03 7.180846232999999780e-03 1.040692964699999924e-02
6.462000000000000000e+03 6.463000000000000000e+03 1.583519714299999950e-02 9.433368138000001318e-03
6.463000000000000000e+03 6.464000000000000000e+03 1.754351480799999988e-02 6.622619556000000109e-03
6.464000000000000000e+03 6.465000000000000000e+03 1.640433417900000190e-02 4.903188848000000245e-03
6.465000000000000000e+03 6.466000000000000000e+03 2.643258954099999853e-03 4.159248065000000112e-03
6.466000000000000000e+03 6.467000000000000000e+03 -3.811789118700000239e-03 2.579006384499999988e-03
6.467000000000000000e+03 6.468000000000000000e+03 7.220079640000000385e-05 1.455490057300000070e-03
6.468000000000000000e+03 6.469000000000000000e+03 4.449526348999999908e-02 1.651460847199999818e-02
6.469000000000000000e+03 6.470000000000000000e+03 5.620793108000000232e-02 1.427448390800000085e-02
6.470000000000000000e+03 6.471000000000000000e+03 2.715289266500000090e-02 1.342525931300000107e-02
6.471000000000000000e+03 6.472000000000000000e+03 2.944678487900000141e-02 1.152040718999999998e-02
6.472000000000000000e+03 6.473000000000000000e+03 2.505310771699999911e-02 1.141966898400000041e-02
6.473000000000000000e+03 6.474000000000000000e+03 2.949482821699999854e-02 9.828610201000001143e-03
6.474000000000000000e+03 6.475000000000000000e+03 1.212056715403100025e-02 6.016589869999999264e-03
6.475000000000000000e+03 6.476000000000000000e+03 1.284564221399999914e-02 5.375292527000000327e-03
6.476000000000000000e+03 6.477000000000000000e+03 6.790536487199999756e-03 3.539519536600000196e-03
6.477000000000000000e+03 6.478000000000000000e+03 4.350908193899999908e-03 3.115572788300000409e-03
6.478000000000000000e+03 6.479000000000000000e+03 1.651748313000000025e-03 1.181545527700000008e-03
6.479000000000000000e+03 6.480000000000000000e+03 3.466233596999999944e-02 1.513742352400000019e-02
6.480000000000000000e+03 6.481000000000000000e+03 2.659675813100000064e-02 1.743719365499999882e-02
6.481000000000000000e+03 6.482000000000000000e+03 4.108669438000000368e-02 1.520673611400000062e-02
6.482000000000000000e+03 6.483000000000000000e+03 2.295104552799999767e-02 1.150328478299999894e-02
6.483000000000000000e+03 6.484000000000000000e+03 2.691311954799999878e-02 1.071126621700000010e-02
6.484000000000000000e+03 6.485000000000000000e+03 3.087386023199999857e-02 8.858008392999999411e-03
6.485000000000000000e+03 6.486000000000000000e+03 1.216722680399999999e-02 7.023932394999999815e-03
6.486000000000000000e+03 6.487000000000000000e+03 7.337830937999999768e-03 4.347438997999999825e-03
6.487000000000000000e+03 6.488000000000000000e+03 1.891554748499999980e-03 3.748125535499999966e-03
6.488000000000000000e+03 6.489000000000000000e+03 -1.773518566999999926e-04 2.326153991699999972e-03
6.489000000000000000e+03 6.490000000000000000e+03 1.081505634599999903e-03 1.245234865399999936e-03
6.490000000000000000e+03 6.491000000000000000e+03 4.791791607999999758e-02 1.322725259699999989e-02
6.491000000000000000e+03 6.492000000000000000e+03 3.602046126500000472e-02 1.365228540400000024e-02
6.492000000000000000e+03 6.493000000000000000e+03 1.813122107999999913e-03 1.399732083599999899e-02
6.493000000000000000e+03 6.494000000000000000e+03 6.152586057000000025e-03 1.149670770199999990e-02
6.494000000000000000e+03 6.495000000000000000e+03 1.425176464519999943e-02 9.515439101000000566e-03
6.495000000000000000e+03 6.496000000000000000e+03 2.428046230500000013e-02 7.805382051999999390e-03
6.496000000000000000e+03 6.497000000000000000e+03 1.048146674300000011e-02 6.329506765999999909e-03
6.497000000000000000e+03 6.498000000000000000e+03 -2.990089706999999805e-03 4.985374343000000680e-03
6.498000000000000000e+03 6.499000000000000000e+03 8.952393199000000835e-04 3.274165768299999897e-03
6.499000000000000000e+03 6.500000000000000000e+03 1.725024112099999988e-03 2.522023163899999882e-03
6.500000000000000000e+03 6.501000000000000000e+03 1.610336061400000074e-03 1.182352954699999840e-03
6.501000000000000000e+03 6.502000000000000000e+03 3.065260092799999836e-02 1.508782612100000031e-02
6.502000000000000000e+03 6.503000000000000000e+03 2.921706407700000105e-02 1.386681282399999937e-02
6.503000000000000000e+03 6.504000000000000000e+03 2.656247450700000012e-02 1.345418420400000016e-02
6.504000000000000000e+03 6.505000000000000000e+03 3.431514687000000036e-02 1.049686950100000085e-02
6.505000000000000000e+03 6.506000000000000000e+03 3.190648742799999382e-02 9.739809178999999165e-03
6.506000000000000000e+03 6.507000000000000000e+03 2.505748359100000086e-02 8.642952831000000335e-03
6.507000000000000000e+03 6.508000000000000000e+03 1.646655149799999829e-02 5.784141857999999629e-03
6.508000000000000000e+03 6.509000000000000000e+03 1.335441690339999980e-02 5.777859120000000161e-03
6.509000000000000000e+03 6.510000000000000000e+03 2.800204067730000142e-03 3.478612856500000114e-03
6.510000000000000000e+03 6.511000000000000000e+03 -1.087221872730000007e-03 2.211202618200000091e-03
6.511000000000000000e+03 6.512000000000000000e+03 1.163401908249999837e-03 1.375851694500000028e-03
6.512000000000000000e+03 6.513000000000000000e+03 2.888863148900000163e-02 1.759653105599999837e-02
6.513000000000000000e+03 6.514000000000000000e+03 2.470788187299999966e-02 1.549998076099999914e-02
6.514000000000000000e+03 6.515000000000000000e+03 4.588208578999999898e-02 1.378141064499999874e-02
6.515000000000000000e+03 6.516000000000000000e+03 3.969977992000000427e-02 1.054593340700000006e-02
6.516000000000000000e+03 6.517000000000000000e+03 1.785755096100000161e-02 1.103193637200000111e-02
6.517000000000000000e+03 6.518000000000000000e+03 2.296316585600000071e-02 7.603446243000000146e-03
6.518000000000000000e+03 6.519000000000000000e+03 1.061436839800000004e-02 5.847579150000000586e-03
6.519000000000000000e+03 6.520000000000000000e+03 -6.338077659999999218e-03 5.427461534999999775e-03
6.520000000000000000e+03 6.521000000000000000e+03 5.951343432300000048e-03 3.466498514800000087e-03
6.521000000000000000e+03 6.522000000000000000e+03 1.382025793700000088e-03 2.819616313600000184e-03
6.522000000000000000e+03 6.523000000000000000e+03 2.277855564099999855e-03 1.308996591399999923e-03
6.523000000000000000e+03 6.524000000000000000e+03 2.126032733499999897e-02 1.512965683200000015e-02
6.524000000000000000e+03 6.525000000000000000e+03 3.876258484000000282e-02 1.201249840800000003e-02
6.525000000000000000e+03 6.526000000000000000e+03 1.880512021699999939e-02 1.438301827000000067e-02
6.526000000000000000e+03 6.527000000000000000e+03 1.840755385199999844e-02 1.093112533400000114e-02
6.527000000000000000e+03 6.528000000000000000e+03 -2.195580627999999587e-03 1.052523426599999944e-02
6.528000000000000000e+03 6.529000000000000000e+03 1.512393795399999928e-02 7.111583257999999283e-03
6.529000000000000000e+03 6.530000000000000000e+03 2.053215731599999927e-02 6.680629654999999979e-03
6.530000000000000000e+03 6.531000000000000000e+03 1.168400116100000094e-02 5.063818980999999428e-03
6.531000000000000000e+03 6.532000000000000000e+03 2.409868400300000085e-03 4.014345656799999697e-03
6.532000000000000000e+03 6.533000000000000000e+03 2.727576547700000156e-03 2.343169666000000356e-03
6.533000000000000000e+03 6.534000000000000000e+03 -1.045122480999999948e-04 1.501645622100000006e-03
6.534000000000000000e+03 6.535000000000000000e+03 4.086435262000000235e-02 1.639867014600000089e-02
6.535000000000000000e+03 6.536000000000000000e+03 2.716123226000000113e-02 1.518971580499999842e-02
6.536000000000000000e+03 6.537000000000000000e+03 9.194121026099998442e-03 1.444246739100000024e-02
6.537000000000000000e+03 6.538000000000000000e+03 3.855004013999999840e-02 1.211437793000000145e-02
6.538000000000000000e+03 6.539000000000000000e+03 1.946671404700000066e-02 1.031406262200000069e-02
6.539000000000000000e+03 6.540000000000000000e+03 1.966090078599999971e-02 6.793870516999999699e-03
6.540000000000000000e+03 6.541000000000000000e+03 -4.347368447999999837e-03 4.994907524999999890e-03
6.541000000000000000e+03 6.542000000000000000e+03 6.802445288999999992e-03 5.368421005999999933e-03
6.542000000000000000e+03 6.543000000000000000e+03 6.632221224499999963e-03 3.621931421900000288e-03
6.543000000000000000e+03 6.544000000000000000e+03 4.842350242850000132e-03 2.456264419700000118e-03
6.544000000000000000e+03 6.545000000000000000e+03 -1.042382295899999933e-03 1.095813073799999917e-03
6.545000000000000000e+03 6.546000000000000000e+03 4.387223934000000075e-02 1.445943884299999947e-02
6.546000000000000000e+03 6.547000000000000000e+03 3.522464247999999853e-02 1.335200592600000076e-02
6.547000000000000000e+03 6.548000000000000000e+03 3.824339730000000243e-02 1.372668700600000041e-02
6.548000000000000000e+03 6.549000000000000000e+03 2.831366816700000080e-02 1.089733807000000006e-02
6.549000000000000000e+03 6.550000000000000000e+03 3.178485259999999819e-03 9.937440817999999843e-03
6.550000000000000000e+03 6.551000000000000000e+03 8.991004365999999762e-03 9.059541073999999652e-03
6.551000000000000000e+03 6.552000000000000000e+03 1.295192643600000075e-02 6.480281358999999929e-03
6.552000000000000000e+03 6.553000000000000000e+03 1.093713554889999898e-02 4.274506499000000140e-03
6.553000000000000000e+03 6.554000000000000000e+03 1.329952148699999927e-03 3.326566275999999749e-03
6.554000000000000000e+03 6.555000000000000000e+03 1.710706771630000119e-03 2.306218778999999993e-03
6.555000000000000000e+03 6.556000000000000000e+03 3.727383930000000370e-05 1.471191508899999997e-03
6.556000000000000000e+03 6.557000000000000000e+03 2.601962266700000304e-02 1.694709893699999914e-02
6.557000000000000000e+03 6.558000000000000000e+03 3.403021634299999848e-02 1.524222544500000026e-02
6.558000000000000000e+03 6.559000000000000000e+03 8.216151407700000159e-03 1.223936434200000034e-02
6.559000000000000000e+03 6.560000000000000000e+03 3.097281873000000060e-02 1.147811425700000047e-02
6.560000000000000000e+03 6.561000000000000000e+03 2.393568921699999741e-02 1.068981801499999974e-02
6.561000000000000000e+03 6.562000000000000000e+03 8.412114958999999254e-03 7.912198608999998495e-03
6.562000000000000000e+03 6.563000000000000000e+03 5.363637649200000274e-03 6.045660616000000584e-03
6.563000000000000000e+03 6.564000000000000000e+03 4.152039723500000092e-03 4.265646638999999289e-03
6.564000000000000000e+03 6.565000000000000000e+03 1.998747523849999774e-03 2.728018743799999913e-03
6.565000000000000000e+03 6.566000000000000000e+03 1.259220342000000011e-04 1.809048518799999871e-03
6.566000000000000000e+03 6.567000000000000000e+03 1.113376334899999999e-03 1.322219305200000167e-03
6.567000000000000000e+03 6.568000000000000000e+03 1.204394432700000087e-02 1.713256859500000145e-02
6.568000000000000000e+03 6.569000000000000000e+03 3.796468714999999550e-02 1.465157991800000031e-02
6.569000000000000000e+03 6.570000000000000000e+03 9.458334513999999346e-03 1.408865329300000059e-02
6.570000000000000000e+03 6.571000000000000000e+03 2.765408186900000093e-02 1.228677606599999986e-02
6.571000000000000000e+03 6.572000000000000000e+03 2.209811083299999951e-02 1.141201370300000059e-02
6.572000000000000000e+03 6.573000000000000000e+03 1.569011411599999933e-02 8.163989410999999627e-03
6.573000000000000000e+03 6.574000000000000000e+03 5.493138977000000707e-03 6.675365486999999300e-03
6.574000000000000000e+03 6.575000000000000000e+03 4.688737886799999866e-03 4.546834846999999249e-03
6.575000000000000000e+03 6.576000000000000000e+03 3.490277641300000046e-03 3.089472244200000290e-03
6.576000000000000000e+03 6.577000000000000000e+03 4.645602515000000089e-04 2.192003222499999855e-03
6.577000000000000000e+03 6.578000000000000000e+03 2.300386888199999844e-03 1.278468829299999818e-03
6.578000000000000000e+03 6.579000000000000000e+03 2.659328497700000002e-02 1.432841402400000103e-02
6.579000000000000000e+03 6.580000000000000000e+03 2.383397909900000083e-02 1.478526062599999982e-02
6.580000000000000000e+03 6.581000000000000000e+03 3.315377314400000386e-02 1.416150750100000043e-02
6.581000000000000000e+03 6.582000000000000000e+03 2.706793184599999916e-02 1.185362877200000012e-02
6.582000000000000000e+03 6.583000000000000000e+03 2.169156053099999953e-02 8.703529676000000548e-03
6.583000000000000000e+03 6.584000000000000000e+03 1.499271784499999968e-02 7.516873981999999850e-03
6.584000000000000000e+03 6.585000000000000000e+03 9.052023697000000438e-03 5.944333673999999471e-03
6.585000000000000000e+03 6.586000000000000000e+03 1.801920304999999820e-02 5.351758007000000268e-03
6.586000000000000000e+03 6.587000000000000000e+03 7.496155528559999594e-03 3.192976309000000214e-03
6.587000000000000000e+03 6.588000000000000000e+03 -1.535924441200000072e-03 2.138452406099999870e-03
6.588000000000000000e+03 6.589000000000000000e+03 -3.846177541000000218e-04 1.251029224599999913e-03
6.589000000000000000e+03 6.590000000000000000e+03 2.705017947999999867e-02 1.449111991300000048e-02
6.590000000000000000e+03 6.591000000000000000e+03 4.233463179099999918e-02 1.523725125599999924e-02
6.591000000000000000e+03 6.592000000000000000e+03 2.093304490199999687e-02 1.333513625999999987e-02
6.592000000000000000e+03 6.593000000000000000e+03 2.411852267699999761e-02 1.056224667300000031e-02
6.593000000000000000e+03 6.594000000000000000e+03 1.679277151500000245e-02 8.670848560000001329e-03
6.594000000000000000e+03 6.595000000000000000e+03 9.775610024999999148e-03 7.799566334999999927e-03
6.595000000000000000e+03 6.596000000000000000e+03 1.915822136699999942e-02 7.216576516999999823e-03
6.596000000000000000e+03 6.597000000000000000e+03 3.775362660000000062e-04 5.758133938000000070e-03
6.597000000000000000e+03 6.598000000000000000e+03 2.933705163899999902e-03 3.057069127699999812e-03
6.598000000000000000e+03 6.599000000000000000e+03 5.734804940999999739e-04 1.933151449000000081e-03
6.599000000000000000e+03 6.600000000000000000e+03 -1.058401612100000073e-03 1.199757916700000060e-03
6.600000000000000000e+03 6.601000000000000000e+03 2.880870651500000088e-02 1.212066670800000107e-02
6.601000000000000000e+03 6.602000000000000000e+03 3.583559287000000204e-02 1.249897928499999963e-02
6.602000000000000000e+03 6.603000000000000000e+03 4.896047914999999973e-02 1.577261798500000090e-02
6.603000000000000000e+03 6.604000000000000000e+03 3.202928075600000070e-03 1.315042986500000038e-02
6.604000000000000000e+03 6.605000000000000000e+03 1.791272021399999831e-02 8.398970796999999378e-03
6.605000000000000000e+03 6.606000000000000000e+03 2.795300134199999939e-02 7.325789773000000032e-03
6.606000000000000000e+03 6.607000000000000000e+03 7.278225101000000176e-03 7.298735669999999696e-03
6.607000000000000000e+03 6.608000000000000000e+03 5.058409678700000536e-03 4.706333781999999522e-03
6.608000000000000000e+03 6.609000000000000000e+03 4.915246164400000409e-03 2.994832568099999991e-03
6.609000000000000000e+03 6.610000000000000000e+03 8.447025975999999936e-04 2.273743112500000146e-03
6.610000000000000000e+03 6.611000000000000000e+03 1.116552610100000073e-03 1.335480609499999950e-03
6.611000000000000000e+03 6.612000000000000000e+03 1.594053817599999992e-02 1.397248066900000016e-02
6.612000000000000000e+03 6.613000000000000000e+03 2.933530008600000044e-02 1.140036144500000161e-02
6.613000000000000000e+03 6.614000000000000000e+03 3.082290174199999941e-02 1.436717386199999960e-02
6.614000000000000000e+03 6.615000000000000000e+03 2.593988609799999928e-02 1.466229940200000116e-02
6.615000000000000000e+03 6.616000000000000000e+03 3.263054764300000327e-02 1.026054268399999997e-02
6.616000000000000000e+03 6.617000000000000000e+03 1.003412791219999989e-02 7.033304981000000622e-03
6.617000000000000000e+03 6.618000000000000000e+03 3.272281051800000201e-03 6.007563380999999397e-03
6.618000000000000000e+03 6.619000000000000000e+03 4.401521585400000429e-03 5.695049990999999714e-03
6.619000000000000000e+03 6.620000000000000000e+03 1.732638673199999972e-03 3.263404441700000057e-03
6.620000000000000000e+03 6.621000000000000000e+03 -2.619983461439999699e-03 1.943958228600000011e-03
6.621000000000000000e+03 6.622000000000000000e+03 -7.511032926799999544e-04 1.305196823300000010e-03
6.622000000000000000e+03 6.623000000000000000e+03 1.860646467500000345e-02 1.307935565500000126e-02
6.623000000000000000e+03 6.624000000000000000e+03 4.301917130999999977e-02 1.271751840199999983e-02
6.624000000000000000e+03 6.625000000000000000e+03 2.434311362900000095e-02 1.247282653300000113e-02
6.625000000000000000e+03 6.626000000000000000e+03 4.065060243999999573e-02 1.131258740499999950e-02
6.626000000000000000e+03 6.627000000000000000e+03 1.157515769980000005e-02 9.499220448000000872e-03
6.627000000000000000e+03 6.628000000000000000e+03 3.000255331100000131e-02 8.889925693999999740e-03
6.628000000000000000e+03 6.629000000000000000e+03 9.401870086000000196e-03 6.238629433999999876e-03
6.629000000000000000e+03 6.630000000000000000e+03 6.989828855499999848e-03 4.382740643000000019e-03
6.630000000000000000e+03 6.631000000000000000e+03 1.079670356999999983e-02 2.971333392599999866e-03
6.631000000000000000e+03 6.632000000000000000e+03 5.504654888899999932e-03 2.005711524100000243e-03
6.632000000000000000e+03 6.633000000000000000e+03 1.433785750200000132e-03 1.502952345699999984e-03
6.633000000000000000e+03 6.634000000000000000e+03 1.501405645099999908e-02 1.482998469400000074e-02
6.634000000000000000e+03 6.635000000000000000e+03 2.540149587199999962e-02 1.263934781600000064e-02
6.635000000000000000e+03 6.636000000000000000e+03 4.541339255000000075e-02 1.176625358800000021e-02
6.636000000000000000e+03 6.637000000000000000e+03 2.805976658600000187e-02 9.497524763000000231e-03
6.637000000000000000e+03 6.638000000000000000e+03 7.968654239970000830e-03 8.970275223000000187e-03
6.638000000000000000e+03 6.639000000000000000e+03 1.246383328400000115e-02 7.426476385000000194e-03
6.639000000000000000e+03 6.640000000000000000e+03 8.902096040000000675e-04 4.674998625000000192e-03
6.640000000000000000e+03 6.641000000000000000e+03 7.973741558199999580e-03 5.205649066000000297e-03
6.641000000000000000e+03 6.642000000000000000e+03 5.578974013299999556e-03 3.181445467800000319e-03
6.642000000000000000e+03 6.643000000000000000e+03 1.586529600600000006e-03 1.781121947599999863e-03
6.643000000000000000e+03 6.644000000000000000e+03 2.985717074609999747e-03 1.709759714699999851e-03
6.644000000000000000e+03 6.645000000000000000e+03 4.201952055000000158e-02 1.615495795500000026e-02
6.645000000000000000e+03 6.646000000000000000e+03 1.761123133600000015e-02 1.187545764799999987e-02
6.646000000000000000e+03 6.647000000000000000e+03 1.868356060299999899e-02 1.275831723599999898e-02
6.647000000000000000e+03 6.648000000000000000e+03 2.243903268500000228e-02 9.723048623000000307e-03
6.648000000000000000e+03 6.649000000000000000e+03 1.939741967400000072e-02 9.682427712000001019e-03
6.649000000000000000e+03 6.650000000000000000e+03 1.234231370099999996e-02 7.442277917999999548e-03
6.650000000000000000e+03 6.651000000000000000e+03 1.880751685500000117e-02 5.360626034999999706e-03
6.651000000000000000e+03 6.652000000000000000e+03 2.170441197000000030e-03 4.776862657999999748e-03
6.652000000000000000e+03 6.653000000000000000e+03 3.637840168480000174e-03 3.318202234399999975e-03
6.653000000000000000e+03 6.654000000000000000e+03 4.416840002600000079e-03 2.150787656299999948e-03
6.654000000000000000e+03 6.655000000000000000e+03 8.744181264880000488e-04 1.739862595699999967e-03
6.655000000000000000e+03 6.656000000000000000e+03 2.629768326700000075e-02 1.593716418300000076e-02
6.656000000000000000e+03 6.657000000000000000e+03 1.680702156199999700e-02 1.191570849800000116e-02
6.657000000000000000e+03 6.658000000000000000e+03 2.122188453560000174e-02 1.509366461299999941e-02
6.658000000000000000e+03 6.659000000000000000e+03 1.751567241380000070e-02 1.247626647900000087e-02
6.659000000000000000e+03 6.660000000000000000e+03 2.542819034000000020e-02 8.863592485999998924e-03
6.660000000000000000e+03 6.661000000000000000e+03 3.904301140400000432e-03 6.725695282999999587e-03
6.661000000000000000e+03 6.662000000000000000e+03 1.006611491199999910e-02 7.281008742000000776e-03
6.662000000000000000e+03 6.663000000000000000e+03 1.182793651499999994e-02 4.961543593000000349e-03
6.663000000000000000e+03 6.664000000000000000e+03 -5.962350089000000020e-03 3.810181351599999707e-03
6.664000000000000000e+03 6.665000000000000000e+03 -9.744262006200000211e-04 2.085586374900000317e-03
6.665000000000000000e+03 6.666000000000000000e+03 -1.252027327949999796e-03 1.837147447899999987e-03
6.666000000000000000e+03 6.667000000000000000e+03 5.621193629000000025e-02 1.675065843499999943e-02
6.667000000000000000e+03 6.668000000000000000e+03 5.947642977999999941e-02 1.193479848600000059e-02
6.668000000000000000e+03 6.669000000000000000e+03 3.621855640899999951e-02 1.575596938400000008e-02
6.669000000000000000e+03 6.670000000000000000e+03 2.137137748800000195e-02 9.534411700999998948e-03
6.670000000000000000e+03 6.671000000000000000e+03 8.574797068000000050e-03 8.976711658000000038e-03
6.671000000000000000e+03 6.672000000000000000e+03 1.438685560900000021e-02 8.137398046000001231e-03
6.672000000000000000e+03 6.673000000000000000e+03 4.258833192700000117e-03 6.986485605000000362e-03
6.673000000000000000e+03 6.674000000000000000e+03 5.990238769000000123e-03 5.467059625999999908e-03
6.674000000000000000e+03 6.675000000000000000e+03 1.187192873500000087e-03 3.460506440799999712e-03
6.675000000000000000e+03 6.676000000000000000e+03 8.587904497000000120e-04 2.033584710600000022e-03
6.676000000000000000e+03 6.677000000000000000e+03 1.999616809959999799e-04 7.252421486000000007e-04
6.677000000000000000e+03 6.678000000000000000e+03 2.734354375099999970e-02 1.638412450100000181e-02
6.678000000000000000e+03 6.679000000000000000e+03 2.628858200299999739e-02 1.231521730000000037e-02
6.679000000000000000e+03 6.680000000000000000e+03 2.962022560000000110e-02 1.148996156899999982e-02
6.680000000000000000e+03 6.681000000000000000e+03 4.033683423000000018e-02 1.137586812299999986e-02
6.681000000000000000e+03 6.682000000000000000e+03 2.092136191999999922e-02 1.052304628699999960e-02
6.682000000000000000e+03 6.683000000000000000e+03 2.379176198299999892e-02 8.424662838999999112e-03
6.683000000000000000e+03 6.684000000000000000e+03 8.512065332399999101e-03 6.211984458999999723e-03
6.684000000000000000e+03 6.685000000000000000e+03 1.484118333800000036e-02 5.121817178000000019e-03
6.685000000000000000e+03 6.686000000000000000e+03 9.202679586000000328e-03 3.203705113899999943e-03
6.686000000000000000e+03 6.687000000000000000e+03 -1.262018169700000097e-03 1.835393481800000120e-03
6.687000000000000000e+03 6.688000000000000000e+03 1.138126122679999994e-03 1.031638505400000148e-03
6.688000000000000000e+03 6.689000000000000000e+03 2.738026863499999977e-02 1.375437319699999994e-02
6.689000000000000000e+03 6.690000000000000000e+03 2.548386131900000004e-02 1.200187124399999979e-02
6.690000000000000000e+03 6.691000000000000000e+03 3.774322548999999721e-02 1.230214835200000092e-02
6.691000000000000000e+03 6.692000000000000000e+03 9.645477763330001161e-03 1.244325304300000073e-02
6.692000000000000000e+03 6.693000000000000000e+03 1.552033990899999959e-02 7.961396041000001061e-03
6.693000000000000000e+03 6.694000000000000000e+03 2.021500194399999950e-02 7.560705739000000113e-03
6.694000000000000000e+03 6.695000000000000000e+03 1.650566883399999865e-02 6.188015812999999622e-03
6.695000000000000000e+03 6.696000000000000000e+03 7.302172971999999589e-03 5.610316980000000162e-03
6.696000000000000000e+03 6.697000000000000000e+03 -3.546969974000000088e-03 3.161011499399999682e-03
6.697000000000000000e+03 6.698000000000000000e+03 5.597750598099999510e-03 2.512731075699999907e-03
6.698000000000000000e+03 6.699000000000000000e+03 1.760347036899999979e-03 1.290542347799999946e-03
6.699000000000000000e+03 6.700000000000000000e+03 2.546129239799999749e-02 1.215939650400000085e-02
6.700000000000000000e+03 6.701000000000000000e+03 4.023318176000000024e-02 1.221381058399999969e-02
6.701000000000000000e+03 6.702000000000000000e+03 2.327527335099999900e-02 1.183719018699999972e-02
6.702000000000000000e+03 6.703000000000000000e+03 2.210579052399999980e-02 1.166433711199999987e-02
6.703000000000000000e+03 6.704000000000000000e+03 2.677391055499999881e-02 8.992504897000000441e-03
6.704000000000000000e+03 6.705000000000000000e+03 1.754454566899999943e-02 6.872504638999999381e-03
6.705000000000000000e+03 6.706000000000000000e+03 1.253097920900000072e-02 6.125552357000000128e-03
6.706000000000000000e+03 6.707000000000000000e+03 1.955415702500000290e-03 5.822677761000000056e-03
6.707000000000000000e+03 6.708000000000000000e+03 5.245085776999999956e-03 2.935763516599999845e-03
6.708000000000000000e+03 6.709000000000000000e+03 1.315992397600000002e-03 1.892572022700000000e-03
6.709000000000000000e+03 6.710000000000000000e+03 -1.422323498699999992e-04 1.065831551899999816e-03
6.710000000000000000e+03 6.711000000000000000e+03 2.935390741199999862e-02 1.551300539399999914e-02
6.711000000000000000e+03 6.712000000000000000e+03 3.688212376999999709e-02 1.554772666000000039e-02
6.712000000000000000e+03 6.713000000000000000e+03 9.449855839399999222e-03 1.224171052199999991e-02
6.713000000000000000e+03 6.714000000000000000e+03 2.025810160500000207e-02 1.046268065400000023e-02
6.714000000000000000e+03 6.715000000000000000e+03 1.768900336299999987e-02 8.117755177000000530e-03
6.715000000000000000e+03 6.716000000000000000e+03 -5.109939681000000289e-03 7.337844332000000025e-03
6.716000000000000000e+03 6.717000000000000000e+03 1.079049605199999991e-02 5.156386760999999777e-03
6.717000000000000000e+03 6.718000000000000000e+03 6.156968137399999874e-03 6.122424895000000769e-03
6.718000000000000000e+03 6.719000000000000000e+03 3.411078724600000341e-03 2.817244564800000170e-03
6.719000000000000000e+03 6.720000000000000000e+03 3.571081359400000033e-03 2.180356691300000364e-03
6.720000000000000000e+03 6.721000000000000000e+03 -6.587807879999999460e-05 2.006636244399999814e-03
6.721000000000000000e+03 6.722000000000000000e+03 1.935371197600000218e-02 1.312095770299999929e-02
6.722000000000000000e+03 6.723000000000000000e+03 3.150687361199999703e-02 1.339790927899999970e-02
6.723000000000000000e+03 6.724000000000000000e+03 2.502202390799999898e-02 1.225122013199999964e-02
6.724000000000000000e+03 6.725000000000000000e+03 1.283152268000000047e-02 1.136993547699999968e-02
6.725000000000000000e+03 6.726000000000000000e+03 1.612075784900000169e-02 7.396485268000000182e-03
6.726000000000000000e+03 6.727000000000000000e+03 4.890778821400000240e-03 6.606917944000000043e-03
6.727000000000000000e+03 6.728000000000000000e+03 4.191021191299999782e-03 4.916841239000000266e-03
6.728000000000000000e+03 6.729000000000000000e+03 4.683866406999999746e-03 4.491751026999999882e-03
6.729000000000000000e+03 6.730000000000000000e+03 -2.356836468000000039e-03 3.200910875600000011e-03
6.730000000000000000e+03 6.731000000000000000e+03 3.253305340099999984e-03 1.926333723000000055e-03
6.731000000000000000e+03 6.732000000000000000e+03 2.183862134400000200e-03 1.545052817599999956e-03
6.732000000000000000e+03 6.733000000000000000e+03 2.404642945099999887e-02 1.337736327099999997e-02
6.733000000000000000e+03 6.734000000000000000e+03 3.405019843399999940e-02 1.292052970500000113e-02
6.734000000000000000e+03 6.735000000000000000e+03 3.413924813000000086e-02 1.038272606700000114e-02
6.735000000000000000e+03 6.736000000000000000e+03 8.698676228800000451e-03 9.767662366999999707e-03
6.736000000000000000e+03 6.737000000000000000e+03 2.782966177400000157e-02 8.355415251000000015e-03
6.737000000000000000e+03 6.738000000000000000e+03 1.579615350599999912e-02 6.914690920999999602e-03
6.738000000000000000e+03 6.739000000000000000e+03 1.390468089300000119e-02 5.765988390999999408e-03
6.739000000000000000e+03 6.740000000000000000e+03 9.952356056000000520e-03 4.807108233999999973e-03
6.740000000000000000e+03 6.741000000000000000e+03 -1.242268992399999999e-03 3.600966204100000071e-03
6.741000000000000000e+03 6.742000000000000000e+03 4.081536677899999348e-03 2.352983396499999831e-03
6.742000000000000000e+03 6.743000000000000000e+03 -6.217444909899999886e-04 1.234406109899999866e-03
6.743000000000000000e+03 6.744000000000000000e+03 2.672180280299999919e-02 1.269858375000000074e-02
6.744000000000000000e+03 6.745000000000000000e+03 2.764822617299999771e-02 1.135493990700000080e-02
6.745000000000000000e+03 6.746000000000000000e+03 1.440020757000000026e-02 1.088222102300000042e-02
6.746000000000000000e+03 6.747000000000000000e+03 2.073775123099999909e-02 1.018989202199999979e-02
6.747000000000000000e+03 6.748000000000000000e+03 1.325141216700000124e-02 8.124544556999999112e-03
6.748000000000000000e+03 6.749000000000000000e+03 1.368813610300000094e-02 6.514364509000000053e-03
6.749000000000000000e+03 6.750000000000000000e+03 1.187187305050000155e-02 7.227771251000000320e-03
6.750000000000000000e+03 6.751000000000000000e+03 1.018098021239999956e-02 4.260787939999999968e-03
6.751000000000000000e+03 6.752000000000000000e+03 6.957215393899999524e-03 3.557313115599999940e-03
6.752000000000000000e+03 6.753000000000000000e+03 3.418802012100000121e-03 2.050865696400000406e-03
6.753000000000000000e+03 6.754000000000000000e+03 2.507087916130000278e-03 1.476524089100000056e-03
6.754000000000000000e+03 6.755000000000000000e+03 6.622970986000000122e-03 1.327141744800000057e-02
6.755000000000000000e+03 6.756000000000000000e+03 3.755587062000000087e-02 1.271047222400000128e-02
6.756000000000000000e+03 6.757000000000000000e+03 2.452196314400000021e-02 1.138801367499999925e-02
6.757000000000000000e+03 6.758000000000000000e+03 2.722862350699999795e-02 9.456068067999999494e-03
6.758000000000000000e+03 6.759000000000000000e+03 3.234610573800000138e-02 8.624321226999999424e-03
6.759000000000000000e+03 6.760000000000000000e+03 9.421909905000001167e-03 6.958100046999999427e-03
6.760000000000000000e+03 6.761000000000000000e+03 8.853088496000000029e-03 6.146565690999999942e-03
6.761000000000000000e+03 6.762000000000000000e+03 3.072830068000000081e-03 4.228989309999999467e-03
6.762000000000000000e+03 6.763000000000000000e+03 -2.436517549999999940e-04 2.945851959200000009e-03
6.763000000000000000e+03 6.764000000000000000e+03 -3.000170045500000389e-03 2.025947521300000293e-03
6.764000000000000000e+03 6.765000000000000000e+03 -6.603755828400000505e-04 1.237392435800000173e-03
6.765000000000000000e+03 6.766000000000000000e+03 5.298985173999999632e-02 1.378877164500000134e-02
6.766000000000000000e+03 6.767000000000000000e+03 -9.572525179999998978e-04 1.100175576899999931e-02
6.767000000000000000e+03 6.768000000000000000e+03 2.271369560000000010e-02 1.084165438299999895e-02
6.768000000000000000e+03 6.769000000000000000e+03 3.802271851999999841e-02 9.961099876999999700e-03
6.769000000000000000e+03 6.770000000000000000e+03 1.319259082099999945e-02 1.026035635800000116e-02
6.770000000000000000e+03 6.771000000000000000e+03 1.847972302300000119e-02 6.386519309999999852e-03
6.771000000000000000e+03 6.772000000000000000e+03 5.575471581404599190e-03 4.927097208000000110e-03
6.772000000000000000e+03 6.773000000000000000e+03 4.290956677100000484e-03 4.956594227999999887e-03
6.773000000000000000e+03 6.774000000000000000e+03 4.063583806660000033e-03 3.934183147400000143e-03
6.774000000000000000e+03 6.775000000000000000e+03 -1.993961659299999835e-03 1.972229219800000072e-03
6.775000000000000000e+03 6.776000000000000000e+03 6.851247779000000119e-04 1.496560165200000025e-03
6.776000000000000000e+03 6.777000000000000000e+03 2.458560480399999901e-02 1.430337163199999970e-02
6.777000000000000000e+03 6.778000000000000000e+03 3.434144188000000375e-02 1.327308543100000002e-02
6.778000000000000000e+03 6.779000000000000000e+03 1.647242003700000179e-02 1.169143783099999868e-02
6.779000000000000000e+03 6.780000000000000000e+03 2.919567191400000011e-02 1.095947122799999923e-02
6.780000000000000000e+03 6.781000000000000000e+03 2.319933397799999950e-02 9.903966293999999851e-03
6.781000000000000000e+03 6.782000000000000000e+03 1.569541783499999940e-02 6.095964547000000573e-03
6.782000000000000000e+03 6.783000000000000000e+03 1.703046107800000250e-02 5.828921106999999935e-03
6.783000000000000000e+03 6.784000000000000000e+03 -3.934485235000000081e-03 4.823204040999999609e-03
6.784000000000000000e+03 6.785000000000000000e+03 4.975490142000000247e-03 2.910529067200000146e-03
6.785000000000000000e+03 6.786000000000000000e+03 6.539125212000000253e-04 1.686562381199999908e-03
6.786000000000000000e+03 6.787000000000000000e+03 4.254503377300000136e-04 1.090369755899999816e-03
6.787000000000000000e+03 6.788000000000000000e+03 1.060399087380000001e-02 1.238612417199999940e-02
6.788000000000000000e+03 6.789000000000000000e+03 1.903291605899999975e-02 1.231007636900000035e-02
6.789000000000000000e+03 6.790000000000000000e+03 3.107365230500000117e-02 1.275374435699999989e-02
6.790000000000000000e+03 6.791000000000000000e+03 1.665373316500000020e-02 1.043902462199999999e-02
6.791000000000000000e+03 6.792000000000000000e+03 1.208786209400000006e-02 9.273975054999999620e-03
6.792000000000000000e+03 6.793000000000000000e+03 1.746752043399999940e-02 6.693740162999999889e-03
6.793000000000000000e+03 6.794000000000000000e+03 2.098353227999999807e-03 5.250749899999999741e-03
6.794000000000000000e+03 6.795000000000000000e+03 2.205808475000000345e-03 4.003648499400000796e-03
6.795000000000000000e+03 6.796000000000000000e+03 3.918118515799999882e-03 2.417529349199999938e-03
6.796000000000000000e+03 6.797000000000000000e+03 -2.914261384000000222e-04 1.475635981299999906e-03
6.797000000000000000e+03 6.798000000000000000e+03 -8.793823994000000022e-04 1.006061776499999868e-03
6.798000000000000000e+03 6.799000000000000000e+03 3.784564733000000264e-02 1.173756119599999974e-02
6.799000000000000000e+03 6.800000000000000000e+03 1.990077638499999912e-02 1.076585500499999994e-02
6.800000000000000000e+03 6.801000000000000000e+03 9.740752410000001055e-03 1.241184156099999977e-02
6.801000000000000000e+03 6.802000000000000000e+03 2.590221164499999923e-02 1.289874271300000055e-02
6.802000000000000000e+03 6.803000000000000000e+03 4.122253373999999748e-02 9.030692082000000426e-03
6.803000000000000000e+03 6.804000000000000000e+03 4.487619432999999554e-03 7.400971862000000137e-03
6.804000000000000000e+03 6.805000000000000000e+03 9.944091627099999053e-03 6.597178845000000076e-03
6.805000000000000000e+03 6.806000000000000000e+03 2.453006485500000208e-03 4.652388464999999799e-03
6.806000000000000000e+03 6.807000000000000000e+03 -4.390831430000000221e-04 3.436896686199999648e-03
6.807000000000000000e+03 6.808000000000000000e+03 -1.613517613099999881e-03 1.888378760799999841e-03
6.808000000000000000e+03 6.809000000000000000e+03 1.060612089999999914e-03 1.242892909400000181e-03
6.809000000000000000e+03 6.810000000000000000e+03 2.678151238400000231e-02 1.158748849700000014e-02
6.810000000000000000e+03 6.811000000000000000e+03 4.160455704999999754e-02 1.096571520599999919e-02
6.811000000000000000e+03 6.812000000000000000e+03 2.552491155500000164e-02 1.026039894699999969e-02
6.812000000000000000e+03 6.813000000000000000e+03 2.217103325799999955e-02 1.183634279599999999e-02
6.813000000000000000e+03 6.814000000000000000e+03 1.975224053100000168e-02 1.004419036100000044e-02
6.814000000000000000e+03 6.815000000000000000e+03 5.685445528500000616e-03 6.553603614999999570e-03
6.815000000000000000e+03 6.816000000000000000e+03 2.501745178199999992e-03 5.777366962000000418e-03
6.816000000000000000e+03 6.817000000000000000e+03 2.697325165000000191e-03 3.765845421500000137e-03
6.817000000000000000e+03 6.818000000000000000e+03 4.673779330000000067e-04 3.447186040099999797e-03
6.818000000000000000e+03 6.819000000000000000e+03 1.561469776613000045e-03 1.989155984599999885e-03
6.819000000000000000e+03 6.820000000000000000e+03 1.595324690300000065e-03 1.274065263800000080e-03
6.820000000000000000e+03 6.821000000000000000e+03 8.935841904000001515e-03 1.334903263000000034e-02
6.821000000000000000e+03 6.822000000000000000e+03 3.795588709000000116e-02 1.244539452399999989e-02
6.822000000000000000e+03 6.823000000000000000e+03 2.285601787899999709e-02 1.173442915799999958e-02
6.823000000000000000e+03 6.824000000000000000e+03 2.528549578800000017e-02 1.009506839499999843e-02
6.824000000000000000e+03 6.825000000000000000e+03 2.888087695699999985e-02 9.552061659000000982e-03
6.825000000000000000e+03 6.826000000000000000e+03 2.042806581600000240e-02 6.749916653999999891e-03
6.826000000000000000e+03 6.827000000000000000e+03 1.049940243700000012e-02 5.242918190000000166e-03
6.827000000000000000e+03 6.828000000000000000e+03 2.290652652100000092e-03 3.591726763500000148e-03
6.828000000000000000e+03 6.829000000000000000e+03 2.201227778199999711e-03 2.762528538099999660e-03
6.829000000000000000e+03 6.830000000000000000e+03 -1.673283303270000060e-03 1.328611148000000000e-03
6.830000000000000000e+03 6.831000000000000000e+03 1.820819097199999944e-04 1.327943161399999968e-03
6.831000000000000000e+03 6.832000000000000000e+03 5.323226674999999991e-02 1.411661855500000000e-02
6.832000000000000000e+03 6.833000000000000000e+03 2.442430932000000041e-02 1.384357394200000022e-02
6.833000000000000000e+03 6.834000000000000000e+03 3.906312066999999971e-02 1.158052977400000037e-02
6.834000000000000000e+03 6.835000000000000000e+03 1.246496961099999995e-02 9.458596495999999423e-03
6.835000000000000000e+03 6.836000000000000000e+03 1.359062702000000088e-02 7.863586654999999218e-03
6.836000000000000000e+03 6.837000000000000000e+03 1.997685165600000118e-02 8.049071079000000642e-03
6.837000000000000000e+03 6.838000000000000000e+03 3.072738768100000042e-03 5.525571495000000145e-03
6.838000000000000000e+03 6.839000000000000000e+03 1.334771664400000082e-03 2.889399473500000020e-03
6.839000000000000000e+03 6.840000000000000000e+03 4.901211065900000670e-03 3.680032693899999707e-03
6.840000000000000000e+03 6.841000000000000000e+03 -4.431613319000000180e-04 1.972157561100000220e-03
6.841000000000000000e+03 6.842000000000000000e+03 -4.538834113000000036e-04 1.176778325399999983e-03
6.842000000000000000e+03 6.843000000000000000e+03 1.876448526999999807e-03 1.431982256700000018e-02
6.843000000000000000e+03 6.844000000000000000e+03 1.807012912599999938e-02 1.301550242000000003e-02
6.844000000000000000e+03 6.845000000000000000e+03 2.280774081000000279e-03 1.161621828799999992e-02
6.845000000000000000e+03 6.846000000000000000e+03 1.736990406200000087e-02 1.001098518600000015e-02
6.846000000000000000e+03 6.847000000000000000e+03 2.186416282300000097e-02 8.663478659000000900e-03
6.847000000000000000e+03 6.848000000000000000e+03 9.358372489200000172e-03 5.488942273999999899e-03
6.848000000000000000e+03 6.849000000000000000e+03 3.694641827999999972e-03 5.192696451000000483e-03
6.849000000000000000e+03 6.850000000000000000e+03 2.841228113900000005e-03 3.920551130100000635e-03
6.850000000000000000e+03 6.851000000000000000e+03 6.654930225999999838e-03 2.974717622499999884e-03
6.851000000000000000e+03 6.852000000000000000e+03 -2.446219253899999894e-03 2.298819710500000103e-03
6.852000000000000000e+03 6.853000000000000000e+03 1.010064220009999989e-03 1.102484393200000050e-03
6.853000000000000000e+03 6.854000000000000000e+03 2.048661440499999903e-02 1.330565230200000081e-02
6.854000000000000000e+03 6.855000000000000000e+03 2.658202347699999829e-02 1.063105673600000037e-02
6.855000000000000000e+03 6.856000000000000000e+03 2.300442085999999942e-02 1.116250571299999897e-02
6.856000000000000000e+03 6.857000000000000000e+03 2.428484117399999989e-02 8.672159264999999839e-03
6.857000000000000000e+03 6.858000000000000000e+03 1.447624674399999867e-02 8.151195953000000063e-03
6.858000000000000000e+03 6.859000000000000000e+03 7.612609779700000093e-03 7.690221784000000026e-03
6.859000000000000000e+03 6.860000000000000000e+03 1.170841872199999967e-02 5.929394939000000309e-03
6.860000000000000000e+03 6.861000000000000000e+03 2.692583112300000157e-03 3.800796102900000101e-03
6.861000000000000000e+03 6.862000000000000000e+03 1.955105801339999949e-03 2.447674154100000065e-03
6.862000000000000000e+03 6.863000000000000000e+03 1.867902052910000010e-03 2.609107864299999892e-03
6.863000000000000000e+03 6.864000000000000000e+03 -3.318961648400000296e-04 1.093732414970000023e-03
6.864000000000000000e+03 6.865000000000000000e+03 6.428401696000000075e-03 1.337010111200000011e-02
6.865000000000000000e+03 6.866000000000000000e+03 3.146513935000000428e-02 1.094366955000000002e-02
6.866000000000000000e+03 6.867000000000000000e+03 1.592214369499999824e-02 1.163790762999999950e-02
6.867000000000000000e+03 6.868000000000000000e+03 2.539171117399999927e-02 9.389718226999998682e-03
6.868000000000000000e+03 6.869000000000000000e+03 1.246536390000000001e-02 7.737908096999999985e-03
6.869000000000000000e+03 6.870000000000000000e+03 7.945264435399999534e-03 6.974965314000000118e-03
6.870000000000000000e+03 6.871000000000000000e+03 -4.714023876999999876e-03 4.323198969000000350e-03
6.871000000000000000e+03 6.872000000000000000e+03 1.392658572999999947e-04 4.553945087000000301e-03
6.872000000000000000e+03 6.873000000000000000e+03 -3.386833217000000118e-03 2.307228797300000037e-03
6.873000000000000000e+03 6.874000000000000000e+03 -5.211727100000000058e-06 1.449965200100000046e-03
6.874000000000000000e+03 6.875000000000000000e+03 2.070755597800000118e-03 9.667139898999999818e-04
6.875000000000000000e+03 6.876000000000000000e+03 1.359556207060000008e-02 1.224879337900000066e-02
6.876000000000000000e+03 6.877000000000000000e+03 3.111258071100000272e-02 1.124087493400000026e-02
6.877000000000000000e+03 6.878000000000000000e+03 2.841666839299999969e-02 1.031525133700000006e-02
6.878000000000000000e+03 6.879000000000000000e+03 2.760044093099999971e-02 9.637783756000000909e-03
6.879000000000000000e+03 6.880000000000000000e+03 2.822351378899999944e-02 7.711141288999999628e-03
6.880000000000000000e+03 6.881000000000000000e+03 1.053273996599999977e-02 7.848167013000000025e-03
6.881000000000000000e+03 6.882000000000000000e+03 5.792678563170000107e-03 5.548171730999999426e-03
6.882000000000000000e+03 6.883000000000000000e+03 5.305296002100000005e-03 4.617555173000000360e-03
6.883000000000000000e+03 6.884000000000000000e+03 -2.678396810000000221e-03 2.764635462900000111e-03
6.884000000000000000e+03 6.885000000000000000e+03 3.718742561920000255e-03 1.856492354299999880e-03
6.885000000000000000e+03 6.886000000000000000e+03 1.934972073200000016e-04 9.529145028999999817e-04
6.886000000000000000e+03 6.887000000000000000e+03 3.798662682000000096e-02 1.589353049100000054e-02
6.887000000000000000e+03 6.888000000000000000e+03 1.609608112600000029e-02 9.228964181000000669e-03
6.888000000000000000e+03 6.889000000000000000e+03 2.955941258200000046e-02 1.161876417299999992e-02
6.889000000000000000e+03 6.890000000000000000e+03 1.626682655299999808e-02 9.374983594000000156e-03
6.890000000000000000e+03 6.891000000000000000e+03 3.025736193000000060e-02 9.111702040999999572e-03
6.891000000000000000e+03 6.892000000000000000e+03 1.250729878999999947e-02 7.101789638000000765e-03
6.892000000000000000e+03 6.893000000000000000e+03 1.033155383999999864e-02 5.583963812999999735e-03
6.893000000000000000e+03 6.894000000000000000e+03 6.642206683199999503e-03 5.391038015000000280e-03
6.894000000000000000e+03 6.895000000000000000e+03 -4.174082842000000071e-03 3.118051151699999940e-03
6.895000000000000000e+03 6.896000000000000000e+03 -1.689166731299999915e-03 2.098046804399999847e-03
6.896000000000000000e+03 6.897000000000000000e+03 -1.314024299750000003e-03 1.211185364759999805e-03
6.897000000000000000e+03 6.898000000000000000e+03 2.137248927499999993e-02 1.075858220199999923e-02
6.898000000000000000e+03 6.899000000000000000e+03 3.578563950000000077e-02 1.263698712800000006e-02
6.899000000000000000e+03 6.900000000000000000e+03 3.609890914000000312e-02 1.049332277000000063e-02
6.900000000000000000e+03 6.901000000000000000e+03 1.238830586099999923e-02 8.802326642000000978e-03
6.901000000000000000e+03 6.902000000000000000e+03 2.611279053499999947e-02 8.395613966000000164e-03
6.902000000000000000e+03 6.903000000000000000e+03 1.864551423700000141e-02 6.694093458999999385e-03
6.903000000000000000e+03 6.904000000000000000e+03 -3.296443881999999975e-03 4.559980037000000222e-03
6.904000000000000000e+03 6.905000000000000000e+03 7.744192797699999374e-03 5.018504586999999843e-03
6.905000000000000000e+03 6.906000000000000000e+03 2.967632381899999901e-03 2.477087067800000202e-03
6.906000000000000000e+03 6.907000000000000000e+03 3.778547577099999888e-03 1.733069689199999864e-03
6.907000000000000000e+03 6.908000000000000000e+03 -2.149017171400000069e-04 9.020353904000000126e-04
6.908000000000000000e+03 6.909000000000000000e+03 2.390657500699999716e-02 1.196812954900000094e-02
6.909000000000000000e+03 6.910000000000000000e+03 1.378396723300000064e-02 1.200380173299999895e-02
6.910000000000000000e+03 6.911000000000000000e+03 2.037601558700000148e-02 8.891431537000000010e-03
6.911000000000000000e+03 6.912000000000000000e+03 1.610475256800000116e-02 9.377818238999999917e-03
6.912000000000000000e+03 6.913000000000000000e+03 1.813425776700000255e-02 7.342260464000000507e-03
6.913000000000000000e+03 6.914000000000000000e+03 1.753134654200000017e-02 7.446371176999999966e-03
6.914000000000000000e+03 6.915000000000000000e+03 9.155959725999999674e-03 4.909148993000000266e-03
6.915000000000000000e+03 6.916000000000000000e+03 4.693499694574000160e-03 3.387032010500000065e-03
6.916000000000000000e+03 6.917000000000000000e+03 5.763186678000000113e-04 2.716745446800000220e-03
6.917000000000000000e+03 6.918000000000000000e+03 5.438346890000000065e-03 1.949556834799999819e-03
6.918000000000000000e+03 6.919000000000000000e+03 4.593987179400000069e-04 9.915193070000000251e-04
6.919000000000000000e+03 6.920000000000000000e+03 -2.590762223000000336e-03 1.251992582900000005e-02
6.920000000000000000e+03 6.921000000000000000e+03 2.659837620899999783e-02 1.196344495199999983e-02
6.921000000000000000e+03 6.922000000000000000e+03 2.672789118199999855e-02 1.150790868100000017e-02
6.922000000000000000e+03 6.923000000000000000e+03 2.031646915799999870e-02 1.119707926899999977e-02
6.923000000000000000e+03 6.924000000000000000e+03 1.145468217600000005e-02 7.815856177999999654e-03
6.924000000000000000e+03 6.925000000000000000e+03 1.383924129099999879e-02 6.712878963999999865e-03
6.925000000000000000e+03 6.926000000000000000e+03 2.470649767899999773e-03 5.092248599000000382e-03
6.926000000000000000e+03 6.927000000000000000e+03 7.204685530000000220e-03 4.108808418999999879e-03
6.927000000000000000e+03 6.928000000000000000e+03 1.451805055000000020e-04 2.585946713199999917e-03
6.928000000000000000e+03 6.929000000000000000e+03 1.954922575895000087e-03 2.365174503500000209e-03
6.929000000000000000e+03 6.930000000000000000e+03 4.835481097800000175e-04 1.105812326099999939e-03
6.930000000000000000e+03 6.931000000000000000e+03 3.541889839000000179e-02 1.217792490700000084e-02
6.931000000000000000e+03 6.932000000000000000e+03 3.447830816199999593e-02 1.247040436000000120e-02
6.932000000000000000e+03 6.933000000000000000e+03 3.102509990400000028e-02 9.707584865000000451e-03
6.933000000000000000e+03 6.934000000000000000e+03 8.037141167000000017e-03 9.883613213999999439e-03
6.934000000000000000e+03 6.935000000000000000e+03 1.245939854299999913e-02 7.616681564999999189e-03
6.935000000000000000e+03 6.936000000000000000e+03 2.856983730999999686e-03 6.276561045999999762e-03
6.936000000000000000e+03 6.937000000000000000e+03 2.274031149999999890e-02 4.862298269999999929e-03
6.937000000000000000e+03 6.938000000000000000e+03 4.452290147000000087e-03 3.950492110500000535e-03
6.938000000000000000e+03 6.939000000000000000e+03 -3.073897689999999976e-04 2.642826729499999933e-03
6.939000000000000000e+03 6.940000000000000000e+03 3.039452693199999785e-03 1.847213137499999994e-03
6.940000000000000000e+03 6.941000000000000000e+03 9.905419723999999869e-05 8.970761973000000288e-04
6.941000000000000000e+03 6.942000000000000000e+03 2.168178811900000127e-02 1.266651434099999932e-02
6.942000000000000000e+03 6.943000000000000000e+03 3.962260874000000238e-02 1.122049416599999946e-02
6.943000000000000000e+03 6.944000000000000000e+03 2.521683902099999819e-02 9.864428585999999999e-03
6.944000000000000000e+03 6.945000000000000000e+03 3.675689802000000478e-02 9.883951881000000578e-03
6.945000000000000000e+03 6.946000000000000000e+03 7.435609439799999512e-03 7.574286962999999574e-03
6.946000000000000000e+03 6.947000000000000000e+03 7.900578750699998806e-03 6.961829491000000314e-03
6.947000000000000000e+03 6.948000000000000000e+03 8.341727593100001573e-03 5.164270603000000077e-03
6.948000000000000000e+03 6.949000000000000000e+03 9.996599495999999863e-03 4.189605532299999976e-03
6.949000000000000000e+03 6.950000000000000000e+03 1.060348494200000040e-02 2.642374659899999947e-03
6.950000000000000000e+03 6.951000000000000000e+03 1.175078247999999850e-03 1.434573930299999980e-03
6.951000000000000000e+03 6.952000000000000000e+03 1.755849019950000067e-03 1.167172874799999975e-03
6.952000000000000000e+03 6.953000000000000000e+03 3.044176599899999988e-02 1.113844819199999968e-02
6.953000000000000000e+03 6.954000000000000000e+03 1.027208072230000047e-02 1.056181165700000035e-02
6.954000000000000000e+03 6.955000000000000000e+03 2.690993133300000062e-02 9.013306318000000039e-03
6.955000000000000000e+03 6.956000000000000000e+03 2.399918237299999979e-02 9.172740557000000350e-03
6.956000000000000000e+03 6.957000000000000000e+03 1.534241151900000120e-02 6.699478916999999402e-03
6.957000000000000000e+03 6.958000000000000000e+03 2.455252765400000106e-02 7.851322721000000143e-03
6.958000000000000000e+03 6.959000000000000000e+03 1.202517879800000036e-02 5.259637175999999463e-03
6.959000000000000000e+03 6.960000000000000000e+03 -1.301078545600000075e-03 3.779268855999999739e-03
6.960000000000000000e+03 6.961000000000000000e+03 3.814601886999999854e-03 2.686323717899999873e-03
6.961000000000000000e+03 6.962000000000000000e+03 -7.542696250000000078e-04 2.093454350499999918e-03
6.962000000000000000e+03 6.963000000000000000e+03 1.957697675570000111e-03 9.935441610999999444e-04
6.963000000000000000e+03 6.964000000000000000e+03 2.428224325000000183e-02 1.284337050699999906e-02
6.964000000000000000e+03 6.965000000000000000e+03 2.290183907999999990e-02 9.613243376000000714e-03
6.965000000000000000e+03 6.966000000000000000e+03 2.523916279900000059e-02 1.269989646199999947e-02
6.966000000000000000e+03 6.967000000000000000e+03 2.913676928100000091e-02 8.881544635000000396e-03
6.967000000000000000e+03 6.968000000000000000e+03 1.907004414799999895e-02 8.564734036000000786e-03
6.968000000000000000e+03 6.969000000000000000e+03 1.042034486100000025e-02 6.107377340999999710e-03
6.969000000000000000e+03 6.970000000000000000e+03 8.357342126999999302e-03 4.752988170999999408e-03
6.970000000000000000e+03 6.971000000000000000e+03 2.747088847799999869e-03 3.182348400999999907e-03
6.971000000000000000e+03 6.972000000000000000e+03 3.823149730100000067e-03 3.340431336300000043e-03
6.972000000000000000e+03 6.973000000000000000e+03 2.524220394499999704e-03 2.115482165399999812e-03
6.973000000000000000e+03 6.974000000000000000e+03 1.979019644000000184e-04 8.491003023999999910e-04
6.974000000000000000e+03 6.975000000000000000e+03 4.220802389999999543e-02 9.937485395999999527e-03
6.975000000000000000e+03 6.976000000000000000e+03 2.375413605400000100e-02 9.849249243999999917e-03
6.976000000000000000e+03 6.977000000000000000e+03 1.516630563900000020e-02 9.601089313999999764e-03
6.977000000000000000e+03 6.978000000000000000e+03 1.279976103500000094e-02 8.290207824999999697e-03
6.978000000000000000e+03 6.979000000000000000e+03 2.259370658099999971e-02 7.468429506999999662e-03
6.979000000000000000e+03 6.980000000000000000e+03 1.309604048400000130e-02 6.850946382999999890e-03
6.980000000000000000e+03 6.981000000000000000e+03 5.914876935699999588e-03 5.068154123000000004e-03
6.981000000000000000e+03 6.982000000000000000e+03 3.695321649500000333e-03 3.715274648800000017e-03
6.982000000000000000e+03 6.983000000000000000e+03 4.657393207599999814e-03 2.678638461700000393e-03
6.983000000000000000e+03 6.984000000000000000e+03 1.429657370760000152e-03 1.281759489400000063e-03
6.984000000000000000e+03 6.985000000000000000e+03 1.689338128649999914e-04 7.092322232099999239e-04
6.985000000000000000e+03 6.986000000000000000e+03 4.602078239999999806e-03 1.239850800299999861e-02
6.986000000000000000e+03 6.987000000000000000e+03 1.248218442299999995e-02 1.036396211300000085e-02
6.987000000000000000e+03 6.988000000000000000e+03 7.655642742100000203e-03 9.554511891000001117e-03
6.988000000000000000e+03 6.989000000000000000e+03 2.001101328900000212e-02 9.490899166999999456e-03
6.989000000000000000e+03 6.990000000000000000e+03 -5.460258489000000166e-03 7.056044716999999335e-03
6.990000000000000000e+03 6.991000000000000000e+03 1.286634881300000033e-02 5.856820296999999675e-03
6.991000000000000000e+03 6.992000000000000000e+03 4.006934601999999519e-03 4.877665140000000087e-03
6.992000000000000000e+03 6.993000000000000000e+03 5.079951749199999866e-03 3.419829001600000178e-03
6.993000000000000000e+03 6.994000000000000000e+03 3.241922557299999931e-03 2.158660884799999940e-03
6.994000000000000000e+03 6.995000000000000000e+03 1.094604654300000137e-03 1.688034552800000152e-03
6.995000000000000000e+03 6.996000000000000000e+03 -3.094777622099999822e-04 9.229661656999999441e-04
6.996000000000000000e+03 6.997000000000000000e+03 2.668256293800000054e-02 1.334678512099999985e-02
6.997000000000000000e+03 6.998000000000000000e+03 3.324467268900000577e-02 1.104554447599999899e-02
6.998000000000000000e+03 6.999000000000000000e+03 1.893539744199999875e-02 9.652122144000000251e-03
6.999000000000000000e+03 7.000000000000000000e+03 1.497878178000000039e-02 9.099180160999999906e-03
7.000000000000000000e+03 7.001000000000000000e+03 1.495405754200000020e-02 7.104080980999999580e-03
7.001000000000000000e+03 7.002000000000000000e+03 8.821462797400000597e-03 6.611572739000000538e-03
7.002000000000000000e+03 7.003000000000000000e+03 6.481530337999999621e-03 4.420150359000000161e-03
7.003000000000000000e+03 7.004000000000000000e+03 2.829332498500000334e-03 3.823324121400000202e-03
7.004000000000000000e+03 7.005000000000000000e+03 4.507163880600000699e-03 1.980037143200000065e-03
7.005000000000000000e+03 7.006000000000000000e+03 2.317163717150000097e-03 1.791737312099999984e-03
7.006000000000000000e+03 7.007000000000000000e+03 3.524124199499999860e-04 8.034842541500000161e-04
7.007000000000000000e+03 7.008000000000000000e+03 2.438745425600000183e-02 1.435110337500000027e-02
7.008000000000000000e+03 7.009000000000000000e+03 4.256710953000000103e-02 1.200286411300000022e-02
7.009000000000000000e+03 7.010000000000000000e+03 3.455567641100000531e-02 1.035823301899999917e-02
7.010000000000000000e+03 7.011000000000000000e+03 1.147932498199999950e-02 7.682201306000000125e-03
7.011000000000000000e+03 7.012000000000000000e+03 2.608064022499999995e-02 6.695815275000000129e-03
7.012000000000000000e+03 7.013000000000000000e+03 1.709916646000000234e-02 5.928238669000000099e-03
7.013000000000000000e+03 7.014000000000000000e+03 9.952493595000000415e-03 4.652616090000000551e-03
7.014000000000000000e+03 7.015000000000000000e+03 1.620333413999999923e-03 3.374638279399999781e-03
7.015000000000000000e+03 7.016000000000000000e+03 5.558575953910000096e-03 2.865065333200000116e-03
7.016000000000000000e+03 7.017000000000000000e+03 2.500298869900000314e-03 1.826880812299999960e-03
7.017000000000000000e+03 7.018000000000000000e+03 2.600774128749999735e-04 8.660946200200000554e-04
7.018000000000000000e+03 7.019000000000000000e+03 7.543407479900000184e-03 1.190185589900000056e-02
7.019000000000000000e+03 7.020000000000000000e+03 1.574458900700000108e-02 9.956856890000000820e-03
7.020000000000000000e+03 7.021000000000000000e+03 9.008133409000000300e-03 1.077729161999999886e-02
7.021000000000000000e+03 7.022000000000000000e+03 3.691389801099999920e-03 9.612603920999999302e-03
7.022000000000000000e+03 7.023000000000000000e+03 1.123832302179999902e-02 6.927738501999999854e-03
7.023000000000000000e+03 7.024000000000000000e+03 3.135913486600000032e-03 5.332871216000000317e-03
7.024000000000000000e+03 7.025000000000000000e+03 -3.737624490000000257e-04 4.701853183999999894e-03
7.025000000000000000e+03 7.026000000000000000e+03 4.460321784299999676e-03 3.651092623799999815e-03
7.026000000000000000e+03 7.027000000000000000e+03 -4.421161110100000138e-03 2.086384440599999782e-03
7.027000000000000000e+03 7.028000000000000000e+03 2.102113854950000190e-03 1.657501585599999942e-03
7.028000000000000000e+03 7.029000000000000000e+03 -1.627867043700000126e-04 9.574621454999999223e-04
7.029000000000000000e+03 7.030000000000000000e+03 9.008562108999999471e-03 1.145093772699999971e-02
7.030000000000000000e+03 7.031000000000000000e+03 1.967624268900000292e-02 1.045248995300000067e-02
7.031000000000000000e+03 7.032000000000000000e+03 3.043756319999999915e-03 1.169917604200000107e-02
7.032000000000000000e+03 7.033000000000000000e+03 2.745341530299999847e-02 8.235906886999998927e-03
7.033000000000000000e+03 7.034000000000000000e+03 6.861729376200000410e-03 6.888666144000000179e-03
7.034000000000000000e+03 7.035000000000000000e+03 3.031617457999999810e-03 6.783095583999999671e-03
7.035000000000000000e+03 7.036000000000000000e+03 5.671809378000000103e-03 4.893492729999999839e-03
7.036000000000000000e+03 7.037000000000000000e+03 9.617143112999999854e-03 3.336727405500000167e-03
7.037000000000000000e+03 7.038000000000000000e+03 4.471111909600000191e-04 2.962951905900000106e-03
7.038000000000000000e+03 7.039000000000000000e+03 4.109421547299999845e-03 1.506594461900000008e-03
7.039000000000000000e+03 7.040000000000000000e+03 -1.413798716920000110e-03 1.028379667099999862e-03
7.040000000000000000e+03 7.041000000000000000e+03 2.958298029100000018e-02 1.061073384899999944e-02
7.041000000000000000e+03 7.042000000000000000e+03 3.865846494999999883e-02 1.184792401699999963e-02
7.042000000000000000e+03 7.043000000000000000e+03 2.355806260999999957e-02 1.070262682600000084e-02
7.043000000000000000e+03 7.044000000000000000e+03 3.514533638700000073e-02 1.101470884899999857e-02
7.044000000000000000e+03 7.045000000000000000e+03 2.086690329700000013e-02 7.053808556999999896e-03
7.045000000000000000e+03 7.046000000000000000e+03 1.217470395199999993e-02 5.615576137000000481e-03
7.046000000000000000e+03 7.047000000000000000e+03 5.759491113100000115e-03 5.215439348999999572e-03
7.047000000000000000e+03 7.048000000000000000e+03 -5.968270730000000031e-04 3.238634749800000084e-03
7.048000000000000000e+03 7.049000000000000000e+03 2.427950162900000246e-03 2.436421411699999859e-03
7.049000000000000000e+03 7.050000000000000000e+03 3.736714703000000148e-04 1.486827317300000104e-03
7.050000000000000000e+03 7.051000000000000000e+03 7.130637855200000659e-04 5.979143621900000595e-04
7.051000000000000000e+03 7.052000000000000000e+03 1.148210311000000088e-02 1.051654349299999992e-02
7.052000000000000000e+03 7.053000000000000000e+03 -8.733082479999999250e-04 1.045858352000000012e-02
7.053000000000000000e+03 7.054000000000000000e+03 2.115127695799999888e-02 8.694780651000001345e-03
7.054000000000000000e+03 7.055000000000000000e+03 1.418949465800000038e-02 1.086192193199999982e-02
7.055000000000000000e+03 7.056000000000000000e+03 -7.112453502000000080e-03 7.845777645999999980e-03
7.056000000000000000e+03 7.057000000000000000e+03 9.053390176000000733e-03 6.541501297000000027e-03
7.057000000000000000e+03 7.058000000000000000e+03 1.032621557539999992e-02 5.428821900000000214e-03
7.058000000000000000e+03 7.059000000000000000e+03 7.637367745999999562e-03 3.358073020500000182e-03
7.059000000000000000e+03 7.060000000000000000e+03 7.227023826000000557e-04 2.386249159600000325e-03
7.060000000000000000e+03 7.061000000000000000e+03 2.809116937899999809e-03 1.727748123099999899e-03
7.061000000000000000e+03 7.062000000000000000e+03 -1.352661037300000122e-03 1.241696931999999995e-03
7.062000000000000000e+03 7.063000000000000000e+03 2.342421825799999996e-02 1.034263204699999855e-02
7.063000000000000000e+03 7.064000000000000000e+03 2.674668543299999965e-02 9.832866919000000233e-03
7.064000000000000000e+03 7.065000000000000000e+03 1.690272771499999951e-02 9.772761926000000238e-03
7.065000000000000000e+03 7.066000000000000000e+03 1.000783085419999947e-02 8.426613189999999573e-03
7.066000000000000000e+03 7.067000000000000000e+03 2.678030656100000018e-02 7.260717166999999632e-03
7.067000000000000000e+03 7.068000000000000000e+03 -4.107101117000000121e-03 6.127747815000000008e-03
7.068000000000000000e+03 7.069000000000000000e+03 4.114699560699999759e-03 4.472933484999999480e-03
7.069000000000000000e+03 7.070000000000000000e+03 6.209767944800000106e-03 3.666124251399999982e-03
7.070000000000000000e+03 7.071000000000000000e+03 -2.535153559100000297e-03 2.636832854000000035e-03
7.071000000000000000e+03 7.072000000000000000e+03 7.226852810799999161e-04 1.463939126099999839e-03
7.072000000000000000e+03 7.073000000000000000e+03 1.356344180729999972e-03 1.055107886499999934e-03
7.073000000000000000e+03 7.074000000000000000e+03 3.447162974000000241e-02 1.093297058799999957e-02
7.074000000000000000e+03 7.075000000000000000e+03 2.878523024800000094e-02 9.497838913999998717e-03
7.075000000000000000e+03 7.076000000000000000e+03 2.647114765500000258e-02 1.170382561800000117e-02
7.076000000000000000e+03 7.077000000000000000e+03 2.660489373400000065e-02 8.025084183999999302e-03
7.077000000000000000e+03 7.078000000000000000e+03 3.230521003499999856e-03 6.318213385999999800e-03
7.078000000000000000e+03 7.079000000000000000e+03 8.298176480000000674e-03 6.011159081999999966e-03
7.079000000000000000e+03 7.080000000000000000e+03 1.246308695099999919e-02 5.177037237999999701e-03
7.080000000000000000e+03 7.081000000000000000e+03 1.824807255000000024e-04 3.419757667499999983e-03
7.081000000000000000e+03 7.082000000000000000e+03 4.341497790690000171e-03 2.273450486500000218e-03
7.082000000000000000e+03 7.083000000000000000e+03 -1.079503508999999967e-04 1.517955296499999985e-03
7.083000000000000000e+03 7.084000000000000000e+03 -9.823179189100000061e-05 7.803888549999999681e-04
7.084000000000000000e+03 7.085000000000000000e+03 1.656760589699999772e-02 1.025188796000000083e-02
7.085000000000000000e+03 7.086000000000000000e+03 9.155111827199999969e-03 9.453553790999999831e-03
7.086000000000000000e+03 7.087000000000000000e+03 1.920520494499999842e-02 9.806308756999998835e-03
7.087000000000000000e+03 7.088000000000000000e+03 2.004795204599999978e-02 7.383399803999999948e-03
7.088000000000000000e+03 7.089000000000000000e+03 3.417935288499999915e-03 7.053938304000000568e-03
7.089000000000000000e+03 7.090000000000000000e+03 1.721041844200000073e-02 5.796259578000000079e-03
7.090000000000000000e+03 7.091000000000000000e+03 -2.492430989000000291e-03 5.440823531999999622e-03
7.091000000000000000e+03 7.092000000000000000e+03 1.285533003900000059e-03 3.908809638400000466e-03
7.092000000000000000e+03 7.093000000000000000e+03 7.470236803499999932e-03 2.566439026499999897e-03
7.093000000000000000e+03 7.094000000000000000e+03 1.327316053549999980e-03 1.511758966699999979e-03
7.094000000000000000e+03 7.095000000000000000e+03 7.436106368899999576e-04 8.658067319000000220e-04
7.095000000000000000e+03 7.096000000000000000e+03 1.148760329509999900e-02 1.217217174499999992e-02
7.096000000000000000e+03 7.097000000000000000e+03 2.282502731199999996e-02 1.275681039599999879e-02
7.097000000000000000e+03 7.098000000000000000e+03 2.188822248100000256e-02 1.219947139799999920e-02
7.098000000000000000e+03 7.099000000000000000e+03 1.748810432400000128e-02 7.845824297999999183e-03
7.099000000000000000e+03 7.100000000000000000e+03 2.201157276200000137e-02 8.644012325999999094e-03
7.100000000000000000e+03 7.101000000000000000e+03 1.379538963599999911e-02 5.171468907000000524e-03
7.101000000000000000e+03 7.102000000000000000e+03 5.181548996100000457e-03 4.718234217999999966e-03
7.102000000000000000e+03 7.103000000000000000e+03 7.131041947100000278e-03 3.407889907400000074e-03
7.103000000000000000e+03 7.104000000000000000e+03 5.489316846999999812e-03 2.414549758999999778e-03
7.104000000000000000e+03 7.105000000000000000e+03 3.079882447000000315e-03 2.014993779300000044e-03
7.105000000000000000e+03 7.106000000000000000e+03 1.780741290505000012e-03 9.731256733800000124e-04
7.106000000000000000e+03 7.107000000000000000e+03 8.494264211699999179e-03 1.077808474499999947e-02
7.107000000000000000e+03 7.108000000000000000e+03 2.095256299900000174e-02 9.754925914000000045e-03
7.108000000000000000e+03 7.109000000000000000e+03 3.755095446000000087e-02 9.120428798000001017e-03
7.109000000000000000e+03 7.110000000000000000e+03 1.237639638600000064e-02 8.896308270999998824e-03
7.110000000000000000e+03 7.111000000000000000e+03 1.825611744599999961e-02 6.865581239999999849e-03
7.111000000000000000e+03 7.112000000000000000e+03 6.083445853499999667e-03 5.737260315999999707e-03
7.112000000000000000e+03 7.113000000000000000e+03 1.273183685599999990e-02 4.694701126000000273e-03
7.113000000000000000e+03 7.114000000000000000e+03 2.977372201399999807e-03 3.946583961299999707e-03
7.114000000000000000e+03 7.115000000000000000e+03 -1.734934719799999811e-03 2.271457696999999980e-03
7.115000000000000000e+03 7.116000000000000000e+03 1.359812485520000029e-03 1.101888173399999957e-03
7.116000000000000000e+03 7.117000000000000000e+03 2.470304342400000269e-03 1.054383970099999996e-03
7.117000000000000000e+03 7.118000000000000000e+03 3.760146099999999575e-02 1.099874263699999848e-02
7.118000000000000000e+03 7.119000000000000000e+03 1.262048080800000013e-02 9.660652385999999800e-03
7.119000000000000000e+03 7.120000000000000000e+03 1.958175316000000318e-02 8.740484079000000739e-03
7.120000000000000000e+03 7.121000000000000000e+03 2.097645595599999940e-02 7.425116548000000247e-03
7.121000000000000000e+03 7.122000000000000000e+03 6.986853272170000413e-03 6.763605580000000075e-03
7.122000000000000000e+03 7.123000000000000000e+03 4.718066014799999694e-03 5.357376744000000128e-03
7.123000000000000000e+03 7.124000000000000000e+03 -4.640508716999999957e-03 5.745172053999999563e-03
7.124000000000000000e+03 7.125000000000000000e+03 -1.356377396999999905e-03 3.714999271000000297e-03
7.125000000000000000e+03 7.126000000000000000e+03 -6.533741279000000214e-04 2.268029202899999718e-03
7.126000000000000000e+03 7.127000000000000000e+03 3.944711549999999615e-05 1.622155231099999938e-03
7.127000000000000000e+03 7.128000000000000000e+03 -4.967628571999999857e-04 1.177479093100000087e-03
7.128000000000000000e+03 7.129000000000000000e+03 1.142469302763000037e-02 1.107191918500000094e-02
7.129000000000000000e+03 7.130000000000000000e+03 2.587300491200000135e-02 1.048208669200000054e-02
7.130000000000000000e+03 7.131000000000000000e+03 8.185794139999999150e-03 1.028392079399999964e-02
7.131000000000000000e+03 7.132000000000000000e+03 8.161804511899999753e-03 8.779656010999999788e-03
7.132000000000000000e+03 7.133000000000000000e+03 1.629153793600000150e-02 6.951096476000000191e-03
7.133000000000000000e+03 7.134000000000000000e+03 1.920239121200000010e-02 5.402878409000000381e-03
7.134000000000000000e+03 7.135000000000000000e+03 8.812422255000000593e-03 5.585668767000000201e-03
7.135000000000000000e+03 7.136000000000000000e+03 5.408649793200000222e-03 3.526017582099999926e-03
7.136000000000000000e+03 7.137000000000000000e+03 1.597126584499999977e-03 2.884713501100000157e-03
7.137000000000000000e+03 7.138000000000000000e+03 -1.192784849599999846e-03 1.263088707900000005e-03
7.138000000000000000e+03 7.139000000000000000e+03 -3.409493181608000108e-04 1.211276245079999977e-03
7.139000000000000000e+03 7.140000000000000000e+03 1.290482283999999993e-02 1.024014386599999930e-02
7.140000000000000000e+03 7.141000000000000000e+03 2.529119937299999926e-02 9.676691634000001221e-03
7.141000000000000000e+03 7.142000000000000000e+03 3.974487575999999939e-02 1.007802543999999911e-02
7.142000000000000000e+03 7.143000000000000000e+03 2.118610832300000038e-02 8.970505825999999447e-03
7.143000000000000000e+03 7.144000000000000000e+03 3.393301539000000058e-03 6.156513648000000623e-03
7.144000000000000000e+03 7.145000000000000000e+03 -4.522639949999999846e-04 5.619673884999999876e-03
7.145000000000000000e+03 7.146000000000000000e+03 2.053613371509999987e-03 4.136957719000000297e-03
7.146000000000000000e+03 7.147000000000000000e+03 3.953668199270000266e-03 3.007835591699999696e-03
7.147000000000000000e+03 7.148000000000000000e+03 9.964829159299999541e-04 2.112998204200000271e-03
7.148000000000000000e+03 7.149000000000000000e+03 -2.315759450600000154e-03 1.336696700399999998e-03
7.149000000000000000e+03 7.150000000000000000e+03 -7.470342059999999802e-05 7.030806447000000070e-04
7.150000000000000000e+03 7.151000000000000000e+03 8.938572717499999182e-03 1.025546150800000014e-02
7.151000000000000000e+03 7.152000000000000000e+03 2.589258742199999908e-02 1.138486064700000057e-02
7.152000000000000000e+03 7.153000000000000000e+03 1.185163534100000006e-02 8.053420348999999409e-03
7.153000000000000000e+03 7.154000000000000000e+03 1.439413024800000052e-02 8.614290398000001153e-03
7.154000000000000000e+03 7.155000000000000000e+03 8.398960248999999892e-03 6.064953156999999470e-03
7.155000000000000000e+03 7.156000000000000000e+03 4.378273877799999589e-03 6.118960268999999903e-03
7.156000000000000000e+03 7.157000000000000000e+03 9.348541494000000120e-04 6.136644190000000235e-03
7.157000000000000000e+03 7.158000000000000000e+03 5.758501469200000104e-03 3.224630473299999918e-03
7.158000000000000000e+03 7.159000000000000000e+03 6.965229704999999216e-03 3.021304248700000094e-03
7.159000000000000000e+03 7.160000000000000000e+03 4.406171697999999881e-04 1.485576772899999815e-03
7.160000000000000000e+03 7.161000000000000000e+03 -1.254695974399999930e-04 5.985257188100000540e-04
7.161000000000000000e+03 7.162000000000000000e+03 3.901392352000000036e-02 1.212538346600000073e-02
7.162000000000000000e+03 7.163000000000000000e+03 1.171652167999999959e-02 1.062190634799999901e-02
7.163000000000000000e+03 7.164000000000000000e+03 2.391168908200000040e-02 9.336438372000000971e-03
7.164000000000000000e+03 7.165000000000000000e+03 1.692016129799999921e-02 8.478119997999999588e-03
7.165000000000000000e+03 7.166000000000000000e+03 3.381638970499999813e-02 7.269903894000000200e-03
7.166000000000000000e+03 7.167000000000000000e+03 8.730766260000000743e-04 4.934005838000000109e-03
7.167000000000000000e+03 7.168000000000000000e+03 5.340406875999999768e-03 5.306689612000000007e-03
7.168000000000000000e+03 7.169000000000000000e+03 3.643712153199999901e-03 3.018159977400000204e-03
7.169000000000000000e+03 7.170000000000000000e+03 1.269757487500000051e-03 2.090235633500000037e-03
7.170000000000000000e+03 7.171000000000000000e+03 -6.556599989999999708e-05 1.414196619099999941e-03
7.171000000000000000e+03 7.172000000000000000e+03 8.215644185200000112e-04 9.441382567999999581e-04
7.172000000000000000e+03 7.173000000000000000e+03 3.233769445999999659e-02 1.038247738600000039e-02
7.173000000000000000e+03 7.174000000000000000e+03 1.519840466599999863e-02 1.046040697700000022e-02
7.174000000000000000e+03 7.175000000000000000e+03 4.238745155999999736e-02 9.608620969000000039e-03
7.175000000000000000e+03 7.176000000000000000e+03 2.126734596599999874e-02 7.723270997000000748e-03
7.176000000000000000e+03 7.177000000000000000e+03 1.494351737399999928e-02 6.289678562000000292e-03
7.177000000000000000e+03 7.178000000000000000e+03 1.438452627299999925e-02 4.927121997999999933e-03
7.178000000000000000e+03 7.179000000000000000e+03 4.176809358399999859e-03 4.188415723999999729e-03
7.179000000000000000e+03 7.180000000000000000e+03 5.789810825260000363e-03 3.238311193299999932e-03
7.180000000000000000e+03 7.181000000000000000e+03 3.025941681999999859e-04 1.844154743099999912e-03
7.181000000000000000e+03 7.182000000000000000e+03 7.983277153309999890e-04 1.506788636000000068e-03
7.182000000000000000e+03 7.183000000000000000e+03 1.364650635199999825e-03 6.893578160899999736e-04
7.183000000000000000e+03 7.184000000000000000e+03 2.729110657999999842e-02 1.034082802500000016e-02
7.184000000000000000e+03 7.185000000000000000e+03 1.522861242999999989e-02 9.476507533999999067e-03
7.185000000000000000e+03 7.186000000000000000e+03 2.834144537600000180e-02 1.008236944200000158e-02
7.186000000000000000e+03 7.187000000000000000e+03 1.543644138800000058e-02 7.733708978000000157e-03
7.187000000000000000e+03 7.188000000000000000e+03 2.062647238400000180e-02 6.191359823000000193e-03
7.188000000000000000e+03 7.189000000000000000e+03 1.395010596199999960e-02 5.619910984000000068e-03
7.189000000000000000e+03 7.190000000000000000e+03 8.218841980499999936e-03 4.571367169000000417e-03
7.190000000000000000e+03 7.191000000000000000e+03 4.506428160899999744e-03 3.367821781200000097e-03
7.191000000000000000e+03 7.192000000000000000e+03 2.116635792300000304e-03 2.710629089300000110e-03
7.192000000000000000e+03 7.193000000000000000e+03 -1.656802684299999882e-03 1.225309588100000069e-03
7.193000000000000000e+03 7.194000000000000000e+03 -5.723468723799999972e-04 5.670877851300000494e-04
7.194000000000000000e+03 7.195000000000000000e+03 4.534444999000000233e-03 1.133375946899999910e-02
7.195000000000000000e+03 7.196000000000000000e+03 2.313897747600000138e-02 1.237062131699999921e-02
7.196000000000000000e+03 7.197000000000000000e+03 1.416807193799999968e-02 8.159585131999999921e-03
7.197000000000000000e+03 7.198000000000000000e+03 1.898447563199999813e-02 7.750177559999999952e-03
7.198000000000000000e+03 7.199000000000000000e+03 9.440147625000000833e-03 7.117481113000000137e-03
7.199000000000000000e+03 7.200000000000000000e+03 3.186561123000000023e-03 5.667593549000000258e-03
7.200000000000000000e+03 7.201000000000000000e+03 4.243623513599999522e-03 4.161938817999999776e-03
7.201000000000000000e+03 7.202000000000000000e+03 2.476554563000000087e-03 3.740706729699999969e-03
7.202000000000000000e+03 7.203000000000000000e+03 2.329831167399999767e-03 2.526280189600000302e-03
7.203000000000000000e+03 7.204000000000000000e+03 -4.142136483300000102e-04 1.258755664000000022e-03
7.204000000000000000e+03 7.205000000000000000e+03 3.084089152999999967e-04 8.311859711799999368e-04
7.205000000000000000e+03 7.206000000000000000e+03 2.837042782199999946e-02 1.044036744700000026e-02
7.206000000000000000e+03 7.207000000000000000e+03 7.685951918800000386e-03 1.134995529799999979e-02
7.207000000000000000e+03 7.208000000000000000e+03 8.466608265099999711e-03 8.602136471000000964e-03
7.208000000000000000e+03 7.209000000000000000e+03 1.462522549300000058e-02 8.246762910000000196e-03
7.209000000000000000e+03 7.210000000000000000e+03 1.839314574899999707e-02 6.638204138000000296e-03
7.210000000000000000e+03 7.211000000000000000e+03 1.981312475600000012e-02 5.743322563999999839e-03
7.211000000000000000e+03 7.212000000000000000e+03 1.603416075999999999e-03 3.645265348999999870e-03
7.212000000000000000e+03 7.213000000000000000e+03 -4.097981733999999342e-03 2.294906878699999684e-03
7.213000000000000000e+03 7.214000000000000000e+03 5.010689761800000280e-03 2.698879983200000096e-03
7.214000000000000000e+03 7.215000000000000000e+03 -9.862858354000002010e-04 1.766504194800000037e-03
7.215000000000000000e+03 7.216000000000000000e+03 1.608481043499999973e-03 7.165361156999999672e-04
7.216000000000000000e+03 7.217000000000000000e+03 3.166037788300000294e-02 1.074862326000000125e-02
7.217000000000000000e+03 7.218000000000000000e+03 1.333719403200000000e-02 1.095653843800000089e-02
7.218000000000000000e+03 7.219000000000000000e+03 2.435196569299999739e-02 9.704326358000000402e-03
7.219000000000000000e+03 7.220000000000000000e+03 1.690465913400000103e-02 8.613186014999999612e-03
7.220000000000000000e+03 7.221000000000000000e+03 1.212346675199999987e-02 5.822324839999999495e-03
7.221000000000000000e+03 7.222000000000000000e+03 1.577499523000000081e-03 4.118595025999999965e-03
7.222000000000000000e+03 7.223000000000000000e+03 9.822905824000000008e-03 4.417917415000000014e-03
7.223000000000000000e+03 7.224000000000000000e+03 1.151841312399999942e-02 2.672653962300000196e-03
7.224000000000000000e+03 7.225000000000000000e+03 2.164385862899999725e-03 2.182101245999999977e-03
7.225000000000000000e+03 7.226000000000000000e+03 6.628514318000000528e-04 1.577374936799999863e-03
7.226000000000000000e+03 7.227000000000000000e+03 -3.896274170299999715e-04 1.086383382199999957e-03
7.227000000000000000e+03 7.228000000000000000e+03 8.678713839000000776e-03 1.150525389300000034e-02
7.228000000000000000e+03 7.229000000000000000e+03 2.270209564699999724e-02 9.364669899000000255e-03
7.229000000000000000e+03 7.230000000000000000e+03 2.125754374099999774e-02 8.890762634000000039e-03
7.230000000000000000e+03 7.231000000000000000e+03 3.259098955999999853e-03 8.415485898000001075e-03
7.231000000000000000e+03 7.232000000000000000e+03 1.155393856000000094e-02 5.770427774999999787e-03
7.232000000000000000e+03 7.233000000000000000e+03 1.431232093499999920e-02 5.277526745999999887e-03
7.233000000000000000e+03 7.234000000000000000e+03 -2.180015481999999800e-03 4.672573127999999666e-03
7.234000000000000000e+03 7.235000000000000000e+03 4.017246850199999303e-03 3.322489469299999987e-03
7.235000000000000000e+03 7.236000000000000000e+03 -2.516499107499999954e-03 1.748685917299999887e-03
7.236000000000000000e+03 7.237000000000000000e+03 1.223758092300000029e-03 1.505337245199999882e-03
7.237000000000000000e+03 7.238000000000000000e+03 1.039583837729999910e-03 8.021907273999999768e-04
7.238000000000000000e+03 7.239000000000000000e+03 2.702412711799999714e-02 1.055867530599999965e-02
7.239000000000000000e+03 7.240000000000000000e+03 1.535684539900000062e-02 1.120315403899999930e-02
7.240000000000000000e+03 7.241000000000000000e+03 -5.181102085000000024e-03 1.010646252100000017e-02
7.241000000000000000e+03 7.242000000000000000e+03 1.354963119100000002e-02 7.447838416999999663e-03
7.242000000000000000e+03 7.243000000000000000e+03 1.080951607500000092e-02 6.042764378000000172e-03
7.243000000000000000e+03 7.244000000000000000e+03 3.772806019900000127e-03 5.644087001999999881e-03
7.244000000000000000e+03 7.245000000000000000e+03 3.106760044000000335e-03 4.233222832999999734e-03
7.245000000000000000e+03 7.246000000000000000e+03 1.613826683299999978e-03 3.025355120900000052e-03
7.246000000000000000e+03 7.247000000000000000e+03 2.794903442399999938e-03 2.435182218100000011e-03
7.247000000000000000e+03 7.248000000000000000e+03 2.193372857200000074e-03 1.103838107699999958e-03
7.248000000000000000e+03 7.249000000000000000e+03 2.462981936970000223e-03 9.950240805999999334e-04
7.249000000000000000e+03 7.250000000000000000e+03 2.428724152999999983e-02 9.501636069999999656e-03
7.250000000000000000e+03 7.251000000000000000e+03 3.812202527999999924e-02 1.021169851199999964e-02
7.251000000000000000e+03 7.252000000000000000e+03 2.157334266300000095e-02 1.035482427000000011e-02
7.252000000000000000e+03 7.253000000000000000e+03 2.340203473400000091e-03 6.135161509000000221e-03
7.253000000000000000e+03 7.254000000000000000e+03 2.093746430400000164e-02 6.236443407000000043e-03
7.254000000000000000e+03 7.255000000000000000e+03 1.252278141399999940e-02 5.655504803000000261e-03
7.255000000000000000e+03 7.256000000000000000e+03 -1.528214000000000002e-05 4.836599597999999799e-03
7.256000000000000000e+03 7.257000000000000000e+03 3.922309655399999588e-03 3.038497336899999898e-03
7.257000000000000000e+03 7.258000000000000000e+03 2.313324994299999823e-03 2.478326792100000054e-03
7.258000000000000000e+03 7.259000000000000000e+03 4.813339032000000010e-04 1.463858198900000159e-03
7.259000000000000000e+03 7.260000000000000000e+03 -3.471224792999999726e-04 5.879516427700000629e-04
7.260000000000000000e+03 7.261000000000000000e+03 7.965499389350001042e-03 1.013561433700000021e-02
7.261000000000000000e+03 7.262000000000000000e+03 1.354909999199999972e-02 1.009881852299999994e-02
7.262000000000000000e+03 7.263000000000000000e+03 1.068652713399999982e-02 7.208806220999999445e-03
7.263000000000000000e+03 7.264000000000000000e+03 7.890092639999999420e-04 7.082690760000000425e-03
7.264000000000000000e+03 7.265000000000000000e+03 6.616840816399999388e-03 7.535592107999999380e-03
7.265000000000000000e+03 7.266000000000000000e+03 8.695835053000000939e-03 5.725576641000000057e-03
7.266000000000000000e+03 7.267000000000000000e+03 1.139105320000000088e-02 4.447184356999999734e-03
7.267000000000000000e+03 7.268000000000000000e+03 4.698112620099999942e-03 3.346483276499999902e-03
7.268000000000000000e+03 7.269000000000000000e+03 -6.317407692999999977e-04 1.734453659400000047e-03
7.269000000000000000e+03 7.270000000000000000e+03 -3.809054497999999939e-04 1.323409497499999964e-03
7.270000000000000000e+03 7.271000000000000000e+03 -1.793592048999999907e-04 8.250487577999999350e-04
7.271000000000000000e+03 7.272000000000000000e+03 4.257835375000000415e-03 1.302132868499999985e-02
7.272000000000000000e+03 7.273000000000000000e+03 1.681910391000000088e-02 9.086245911000000869e-03
7.273000000000000000e+03 7.274000000000000000e+03 3.371096599000000110e-02 8.541299345999999945e-03
7.274000000000000000e+03 7.275000000000000000e+03 9.987918895900000163e-03 7.533376813000000269e-03
7.275000000000000000e+03 7.276000000000000000e+03 3.064221460900000069e-02 6.775020319999999242e-03
7.276000000000000000e+03 7.277000000000000000e+03 1.487184584400000082e-03 6.189786951999999738e-03
7.277000000000000000e+03 7.278000000000000000e+03 1.499437787100000100e-02 5.722781855999999751e-03
7.278000000000000000e+03 7.279000000000000000e+03 2.500326957999999839e-03 2.740326123100000205e-03
7.279000000000000000e+03 7.280000000000000000e+03 1.900729602200000026e-03 2.262132265400000185e-03
7.280000000000000000e+03 7.281000000000000000e+03 -6.248730487000000522e-04 1.512395231799999913e-03
7.281000000000000000e+03 7.282000000000000000e+03 2.900179366999999526e-04 7.535045901000000067e-04
7.282000000000000000e+03 7.283000000000000000e+03 1.706641091700000085e-02 1.026621808199999937e-02
7.283000000000000000e+03 7.284000000000000000e+03 2.857980698499999750e-02 9.300725758999999274e-03
7.284000000000000000e+03 7.285000000000000000e+03 1.029445998192999971e-02 8.988367973000000594e-03
7.285000000000000000e+03 7.286000000000000000e+03 1.778306791400000031e-02 6.756692957999999548e-03
7.286000000000000000e+03 7.287000000000000000e+03 6.000573250700000187e-03 5.847990761999999516e-03
7.287000000000000000e+03 7.288000000000000000e+03 1.237430357809999985e-02 6.725138074999999563e-03
7.288000000000000000e+03 7.289000000000000000e+03 8.801339893000000372e-03 4.664900760999999597e-03
7.289000000000000000e+03 7.290000000000000000e+03 -4.612246032000000273e-03 2.845427005499999960e-03
7.290000000000000000e+03 7.291000000000000000e+03 -2.830486588200000105e-03 1.869507120999999803e-03
7.291000000000000000e+03 7.292000000000000000e+03 6.008407469099999411e-04 1.068745909500000120e-03
7.292000000000000000e+03 7.293000000000000000e+03 -7.336590050000000313e-06 5.833833427199999842e-04
7.293000000000000000e+03 7.294000000000000000e+03 2.694769325399999985e-02 1.015693245600000037e-02
7.294000000000000000e+03 7.295000000000000000e+03 2.401398653700000108e-02 1.015139724900000068e-02
7.295000000000000000e+03 7.296000000000000000e+03 2.288424206500000099e-02 8.487496586999999579e-03
7.296000000000000000e+03 7.297000000000000000e+03 1.381895399399999877e-02 6.919850368999999786e-03
7.297000000000000000e+03 7.298000000000000000e+03 8.976088955000001077e-03 6.513857988000000022e-03
7.298000000000000000e+03 7.299000000000000000e+03 8.291845375799999571e-03 5.302163656999999905e-03
7.299000000000000000e+03 7.300000000000000000e+03 3.408848645400000283e-03 3.950220311000000005e-03
7.300000000000000000e+03 7.301000000000000000e+03 8.508966836900000875e-04 2.681057127700000025e-03
7.301000000000000000e+03 7.302000000000000000e+03 2.057251243249999962e-03 2.442136031899999702e-03
7.302000000000000000e+03 7.303000000000000000e+03 7.783568158999999188e-04 9.687260567999999737e-04
7.303000000000000000e+03 7.304000000000000000e+03 4.320426793799999514e-04 6.825704602800000600e-04
7.304000000000000000e+03 7.305000000000000000e+03 1.566713081699999677e-02 9.685983884000000377e-03
7.305000000000000000e+03 7.306000000000000000e+03 2.844822440799999949e-02 1.024927304200000042e-02
7.306000000000000000e+03 7.307000000000000000e+03 1.908658160400000109e-02 7.437839053999999693e-03
7.307000000000000000e+03 7.308000000000000000e+03 2.117375911400000074e-02 7.791581130000000029e-03
7.308000000000000000e+03 7.309000000000000000e+03 2.032477889499999940e-02 6.395652879999999887e-03
7.309000000000000000e+03 7.310000000000000000e+03 1.291736991899999909e-02 5.015280073999999269e-03
7.310000000000000000e+03 7.311000000000000000e+03 -4.322988518999999925e-04 4.047900232000000049e-03
7.311000000000000000e+03 7.312000000000000000e+03 1.118364609100000115e-02 3.212615226000000226e-03
7.312000000000000000e+03 7.313000000000000000e+03 3.103867359999999925e-04 2.658834696699999885e-03
7.313000000000000000e+03 7.314000000000000000e+03 -3.871365883700000204e-04 8.701317264000000542e-04
7.314000000000000000e+03 7.315000000000000000e+03 3.955006819500000146e-04 6.934140542500000530e-04
7.315000000000000000e+03 7.316000000000000000e+03 2.441243805100000094e-02 9.061988091999999620e-03
7.316000000000000000e+03 7.317000000000000000e+03 2.616298171599999722e-02 8.217604251000000179e-03
7.317000000000000000e+03 7.318000000000000000e+03 2.702571797500000206e-02 7.845961223999999359e-03
7.318000000000000000e+03 7.319000000000000000e+03 1.817106448399999699e-02 6.635867319000000181e-03
7.319000000000000000e+03 7.320000000000000000e+03 2.498167830000000075e-03 5.859337483000000291e-03
7.320000000000000000e+03 7.321000000000000000e+03 1.342971091999999901e-02 5.286366213999999820e-03
7.321000000000000000e+03 7.322000000000000000e+03 6.251486450300000088e-03 3.494134503600000111e-03
7.322000000000000000e+03 7.323000000000000000e+03 -9.377441900000000664e-05 3.191548686799999899e-03
7.323000000000000000e+03 7.324000000000000000e+03 3.911855130400000366e-03 2.168909485100000215e-03
7.324000000000000000e+03 7.325000000000000000e+03 2.320684982999999917e-04 1.012167048800000080e-03
7.325000000000000000e+03 7.326000000000000000e+03 1.278196110999999880e-03 8.905164947399999949e-04
7.326000000000000000e+03 7.327000000000000000e+03 -8.298463754999998998e-03 1.107951957100000023e-02
7.327000000000000000e+03 7.328000000000000000e+03 1.924083511299999952e-02 7.790734914999999927e-03
7.328000000000000000e+03 7.329000000000000000e+03 1.958327056500000149e-02 9.240832974000001351e-03
7.329000000000000000e+03 7.330000000000000000e+03 3.016677428200000011e-02 7.731453785000000009e-03
7.330000000000000000e+03 7.331000000000000000e+03 9.774665500299999435e-03 5.756116606000000538e-03
7.331000000000000000e+03 7.332000000000000000e+03 4.929291794999999567e-03 5.160357802000000230e-03
7.332000000000000000e+03 7.333000000000000000e+03 7.217269700000000116e-06 2.921876805100000023e-03
7.333000000000000000e+03 7.334000000000000000e+03 2.183647965200000152e-03 2.631074777400000016e-03
7.334000000000000000e+03 7.335000000000000000e+03 5.852924226200000371e-03 2.436484877200000183e-03
7.335000000000000000e+03 7.336000000000000000e+03 1.312327374099999961e-03 1.099320056299999803e-03
7.336000000000000000e+03 7.337000000000000000e+03 3.127133095000000093e-04 4.543804190099999789e-04
7.337000000000000000e+03 7.338000000000000000e+03 2.663574016899999952e-02 1.063238719699999973e-02
7.338000000000000000e+03 7.339000000000000000e+03 1.589592095700000096e-02 8.898060762000000595e-03
7.339000000000000000e+03 7.340000000000000000e+03 2.366632446299999845e-02 8.133833123999999540e-03
7.340000000000000000e+03 7.341000000000000000e+03 3.950833701600000268e-03 6.546003532000000368e-03
7.341000000000000000e+03 7.342000000000000000e+03 6.196642539499999831e-03 5.587176099000000160e-03
7.342000000000000000e+03 7.343000000000000000e+03 9.101404665199999688e-03 5.036578138000000204e-03
7.343000000000000000e+03 7.344000000000000000e+03 7.056198050000000305e-04 3.697796189400000180e-03
7.344000000000000000e+03 7.345000000000000000e+03 1.417182601199999843e-03 3.282937413499999960e-03
7.345000000000000000e+03 7.346000000000000000e+03 7.323295379000000285e-04 1.902002902900000068e-03
7.346000000000000000e+03 7.347000000000000000e+03 -4.117964432999999787e-04 1.078489115100000027e-03
7.347000000000000000e+03 7.348000000000000000e+03 5.060845236700000109e-04 5.756259714299999906e-04
7.348000000000000000e+03 7.349000000000000000e+03 3.146689749499999994e-02 1.066316407299999942e-02
7.349000000000000000e+03 7.350000000000000000e+03 2.615996519999999950e-02 1.061670644800000000e-02
7.350000000000000000e+03 7.351000000000000000e+03 1.968040178600000134e-02 7.799959812000000631e-03
7.351000000000000000e+03 7.352000000000000000e+03 2.625815402899999915e-02 7.026925374000000078e-03
7.352000000000000000e+03 7.353000000000000000e+03 4.834454760000000397e-04 4.777395559000000187e-03
7.353000000000000000e+03 7.354000000000000000e+03 6.620669646400000399e-03 5.700630011999999885e-03
7.354000000000000000e+03 7.355000000000000000e+03 5.058673817100000150e-03 4.435298647000000295e-03
7.355000000000000000e+03 7.356000000000000000e+03 -5.355358711000000362e-03 2.517699913599999884e-03
7.356000000000000000e+03 7.357000000000000000e+03 2.453742574100000254e-03 2.314500395100000177e-03
7.357000000000000000e+03 7.358000000000000000e+03 1.168596612999999980e-03 1.105455578700000009e-03
7.358000000000000000e+03 7.359000000000000000e+03 -1.052591738699999979e-04 7.295143338499999542e-04
7.359000000000000000e+03 7.360000000000000000e+03 3.681844912999999910e-03 9.467029489000000284e-03
7.360000000000000000e+03 7.361000000000000000e+03 4.240122426899999540e-03 1.056021824700000000e-02
7.361000000000000000e+03 7.362000000000000000e+03 2.590954240999999991e-02 7.838188319000001167e-03
7.362000000000000000e+03 7.363000000000000000e+03 9.827409244999999946e-03 7.185526571999999688e-03
7.363000000000000000e+03 7.364000000000000000e+03 1.109198899850000024e-02 5.207412608999999540e-03
7.364000000000000000e+03 7.365000000000000000e+03 1.114235380899999961e-02 5.556051047000000465e-03
7.365000000000000000e+03 7.366000000000000000e+03 6.832879134000000368e-03 4.247507919999999985e-03
7.366000000000000000e+03 7.367000000000000000e+03 6.098446058900000750e-03 2.649691997900000071e-03
7.367000000000000000e+03 7.368000000000000000e+03 4.993245291500000675e-04 2.214543706900000148e-03
7.368000000000000000e+03 7.369000000000000000e+03 -1.020619654199999898e-03 1.208900875600000006e-03
7.369000000000000000e+03 7.370000000000000000e+03 -1.937790160800000050e-04 6.838642970200000228e-04
7.370000000000000000e+03 7.371000000000000000e+03 3.171737142000000120e-02 1.002174091800000014e-02
7.371000000000000000e+03 7.372000000000000000e+03 1.892061807799999898e-02 9.350280177999999165e-03
7.372000000000000000e+03 7.373000000000000000e+03 2.007942460499999998e-02 7.358586973999999871e-03
7.373000000000000000e+03 7.374000000000000000e+03 2.214135700099999909e-02 6.406909820999999450e-03
7.374000000000000000e+03 7.375000000000000000e+03 1.113407089900000056e-02 5.992019593000000137e-03
7.375000000000000000e+03 7.376000000000000000e+03 1.330775067000000006e-02 5.574230798999999306e-03
7.376000000000000000e+03 7.377000000000000000e+03 9.587780094999999794e-03 3.579908021399999963e-03
7.377000000000000000e+03 7.378000000000000000e+03 5.881937430000000293e-03 3.290411012999999978e-03
7.378000000000000000e+03 7.379000000000000000e+03 2.397924527000000125e-03 1.875584437000000007e-03
7.379000000000000000e+03 7.380000000000000000e+03 4.938659630099999929e-04 1.352707453000000009e-03
7.380000000000000000e+03 7.381000000000000000e+03 2.059739605999999902e-04 7.182398495099999620e-04
7.381000000000000000e+03 7.382000000000000000e+03 2.856401550399999961e-02 1.099164476599999961e-02
7.382000000000000000e+03 7.383000000000000000e+03 2.803031261599999921e-02 8.354819721000000463e-03
7.383000000000000000e+03 7.384000000000000000e+03 1.849732702799999906e-02 8.364751801000000833e-03
7.384000000000000000e+03 7.385000000000000000e+03 2.119357883999999775e-02 6.405889603000000307e-03
7.385000000000000000e+03 7.386000000000000000e+03 9.954086449999999513e-04 6.580208599999999922e-03
7.386000000000000000e+03 7.387000000000000000e+03 7.639878556000000501e-03 5.065574641999999808e-03
7.387000000000000000e+03 7.388000000000000000e+03 -1.044209773000000100e-03 4.792790183000000467e-03
7.388000000000000000e+03 7.389000000000000000e+03 3.223858191600000207e-03 2.737999754799999921e-03
7.389000000000000000e+03 7.390000000000000000e+03 -2.044856664999999789e-03 1.964366237400000208e-03
7.390000000000000000e+03 7.391000000000000000e+03 1.078108147100000080e-03 1.006456282199999887e-03
7.391000000000000000e+03 7.392000000000000000e+03 1.186551321900000027e-03 6.123234886999999677e-04
7.392000000000000000e+03 7.393000000000000000e+03 2.537694623600000171e-02 7.647014681999999598e-03
7.393000000000000000e+03 7.394000000000000000e+03 2.620420865900000007e-02 8.403211904999999260e-03
7.394000000000000000e+03 7.395000000000000000e+03 1.722087292600000055e-02 7.589797311000000615e-03
7.395000000000000000e+03 7.396000000000000000e+03 1.830091713100000239e-02 6.231709414999999849e-03
7.396000000000000000e+03 7.397000000000000000e+03 1.235005078699999946e-02 6.860005397999999893e-03
7.397000000000000000e+03 7.398000000000000000e+03 3.732274726199999709e-03 4.965723789999999457e-03
7.398000000000000000e+03 7.399000000000000000e+03 7.595830083000000565e-03 4.402274313999999904e-03
7.399000000000000000e+03 7.400000000000000000e+03 6.310827366900000589e-03 2.986122707099999989e-03
7.400000000000000000e+03 7.401000000000000000e+03 2.606828764559999782e-03 2.395752936599999938e-03
7.401000000000000000e+03 7.402000000000000000e+03 7.892223319999999882e-04 1.390814033599999935e-03
7.402000000000000000e+03 7.403000000000000000e+03 4.607500918300000436e-04 7.078408794099999525e-04
7.403000000000000000e+03 7.404000000000000000e+03 2.043453847400000106e-02 8.939337014999999831e-03
7.404000000000000000e+03 7.405000000000000000e+03 1.659852443700000207e-02 7.706548684000000433e-03
7.405000000000000000e+03 7.406000000000000000e+03 2.990896101000000210e-02 8.170109446000000872e-03
7.406000000000000000e+03 7.407000000000000000e+03 1.383031105400000030e-02 7.115580223999999794e-03
7.407000000000000000e+03 7.408000000000000000e+03 1.623779554999999842e-03 7.172917497999999753e-03
7.408000000000000000e+03 7.409000000000000000e+03 8.441779018200000701e-04 4.482696152000000683e-03
7.409000000000000000e+03 7.410000000000000000e+03 6.440598360799999755e-03 3.987742313000000767e-03
7.410000000000000000e+03 7.411000000000000000e+03 2.075571285100000045e-03 2.883876454500000196e-03
7.411000000000000000e+03 7.412000000000000000e+03 2.464687230700000030e-03 1.850715603000000148e-03
7.412000000000000000e+03 7.413000000000000000e+03 -4.729337491000000005e-04 9.335193602999999635e-04
7.413000000000000000e+03 7.414000000000000000e+03 9.967474174939999591e-04 6.666578261199999607e-04
7.414000000000000000e+03 7.415000000000000000e+03 -4.538114859999999918e-04 7.237204209999999714e-03
7.415000000000000000e+03 7.416000000000000000e+03 2.191234064100000198e-02 8.697810254999998811e-03
7.416000000000000000e+03 7.417000000000000000e+03 2.813529054299999943e-02 8.137930613999999965e-03
7.417000000000000000e+03 7.418000000000000000e+03 4.918341189999999793e-04 7.910405774999998765e-03
7.418000000000000000e+03 7.419000000000000000e+03 1.595917811600000222e-02 5.698105416999999819e-03
7.419000000000000000e+03 7.420000000000000000e+03 3.226344499999999650e-05 5.338359690999999393e-03
7.420000000000000000e+03 7.421000000000000000e+03 3.442454198100000119e-03 4.061220410999999593e-03
7.421000000000000000e+03 7.422000000000000000e+03 -1.177900285499999897e-03 2.871371611400000239e-03
7.422000000000000000e+03 7.423000000000000000e+03 -1.044253167100000048e-03 2.248433782900000240e-03
7.423000000000000000e+03 7.424000000000000000e+03 2.688491449159999876e-03 1.652859687000000086e-03
7.424000000000000000e+03 7.425000000000000000e+03 -1.589824648490000079e-03 6.124058914199999922e-04
7.425000000000000000e+03 7.426000000000000000e+03 1.633810319800000146e-02 9.782541248999999939e-03
7.426000000000000000e+03 7.427000000000000000e+03 2.874129981799999900e-02 9.147195646999999041e-03
7.427000000000000000e+03 7.428000000000000000e+03 2.495891223199999884e-02 7.496803659000000203e-03
7.428000000000000000e+03 7.429000000000000000e+03 1.982895941200000026e-02 6.727445282000000040e-03
7.429000000000000000e+03 7.430000000000000000e+03 1.356025179500000045e-02 6.848573476999999556e-03
7.430000000000000000e+03 7.431000000000000000e+03 6.397203826500000128e-03 5.123585467999999810e-03
7.431000000000000000e+03 7.432000000000000000e+03 2.772920300999999997e-03 3.123000828300000111e-03
7.432000000000000000e+03 7.433000000000000000e+03 1.420727921639999879e-03 2.600088729899999781e-03
7.433000000000000000e+03 7.434000000000000000e+03 2.773816610199999599e-03 1.890321416999999997e-03
7.434000000000000000e+03 7.435000000000000000e+03 -2.526692021699999957e-04 1.360762212599999840e-03
7.435000000000000000e+03 7.436000000000000000e+03 1.060769596060000004e-03 7.532981016000000161e-04
7.436000000000000000e+03 7.437000000000000000e+03 1.849267288899999681e-02 7.863792657999999630e-03
7.437000000000000000e+03 7.438000000000000000e+03 6.482502532099999708e-03 8.254888210000000184e-03
7.438000000000000000e+03 7.439000000000000000e+03 1.322308648989999925e-02 7.341730811999999662e-03
7.439000000000000000e+03 7.440000000000000000e+03 1.212741261199999990e-02 5.907997892999999369e-03
7.440000000000000000e+03 7.441000000000000000e+03 1.231861873399999960e-02 6.347742361999999389e-03
7.441000000000000000e+03 7.442000000000000000e+03 1.154881168900000026e-02 4.674640772999999819e-03
7.442000000000000000e+03 7.443000000000000000e+03 3.262752506999999982e-03 4.013319096000000051e-03
7.443000000000000000e+03 7.444000000000000000e+03 2.853919084600000083e-03 2.532268230700000181e-03
7.444000000000000000e+03 7.445000000000000000e+03 -9.396227442000000020e-04 1.834033018400000161e-03
7.445000000000000000e+03 7.446000000000000000e+03 1.451173717199999956e-03 1.170344024699999886e-03
7.446000000000000000e+03 7.447000000000000000e+03 1.015668885559999849e-03 7.186094220900000407e-04
7.447000000000000000e+03 7.448000000000000000e+03 1.357307517999999970e-02 7.501688325000000282e-03
7.448000000000000000e+03 7.449000000000000000e+03 2.705553883100000195e-02 8.303669447999999578e-03
7.449000000000000000e+03 7.450000000000000000e+03 2.052513196199999904e-02 7.404850862999999735e-03
7.450000000000000000e+03 7.451000000000000000e+03 1.596533677600000048e-02 7.336001398999999687e-03
7.451000000000000000e+03 7.452000000000000000e+03 3.587681697999999929e-03 6.373400216999999986e-03
7.452000000000000000e+03 7.453000000000000000e+03 1.465199948799999867e-02 5.223960062000000334e-03
7.453000000000000000e+03 7.454000000000000000e+03 3.933864552999999549e-03 3.651674364999999995e-03
7.454000000000000000e+03 7.455000000000000000e+03 -2.387536366999999833e-03 2.367781700600000115e-03
7.455000000000000000e+03 7.456000000000000000e+03 4.272979799999999993e-05 1.884994347899999903e-03
7.456000000000000000e+03 7.457000000000000000e+03 2.204653913400000161e-03 1.155998144100000040e-03
7.457000000000000000e+03 7.458000000000000000e+03 6.878679237700000481e-04 6.200436951099999681e-04
7.458000000000000000e+03 7.459000000000000000e+03 2.891252874699999989e-02 8.867134090000000982e-03
7.459000000000000000e+03 7.460000000000000000e+03 1.916659340099999970e-02 8.000582137000000760e-03
7.460000000000000000e+03 7.461000000000000000e+03 1.566011839000000083e-03 7.033046369999999652e-03
7.461000000000000000e+03 7.462000000000000000e+03 1.071167770700000126e-02 7.302539174999999987e-03
7.462000000000000000e+03 7.463000000000000000e+03 5.801116675699999684e-03 5.727281546999999848e-03
7.463000000000000000e+03 7.464000000000000000e+03 1.126866246999999946e-02 4.978409982000000025e-03
7.464000000000000000e+03 7.465000000000000000e+03 9.140716355799998957e-03 3.235530130399999742e-03
7.465000000000000000e+03 7.466000000000000000e+03 -9.225223515999999300e-04 3.079884694499999791e-03
7.466000000000000000e+03 7.467000000000000000e+03 -3.840212000000000427e-06 1.644572260399999918e-03
7.467000000000000000e+03 7.468000000000000000e+03 7.340086979999999994e-04 1.792492031300000049e-03
7.468000000000000000e+03 7.469000000000000000e+03 5.443861869199999879e-04 6.522706594599999956e-04
7.469000000000000000e+03 7.470000000000000000e+03 1.215828780499999921e-02 8.475746020999999630e-03
7.470000000000000000e+03 7.471000000000000000e+03 2.080768503500000227e-02 7.006434472000000468e-03
7.471000000000000000e+03 7.472000000000000000e+03 1.349217795700000111e-02 6.650857904999999889e-03
7.472000000000000000e+03 7.473000000000000000e+03 2.219155779100000225e-02 6.527324980000000568e-03
7.473000000000000000e+03 7.474000000000000000e+03 4.222907149000000408e-03 6.303921409000000191e-03
7.474000000000000000e+03 7.475000000000000000e+03 1.033180304999999945e-02 4.331682004999999440e-03
7.475000000000000000e+03 7.476000000000000000e+03 3.941709001800000091e-03 4.564588197700000100e-03
7.476000000000000000e+03 7.477000000000000000e+03 6.352303228299999681e-03 2.556899028799999776e-03
7.477000000000000000e+03 7.478000000000000000e+03 8.772075621999999521e-04 1.792911873500000093e-03
7.478000000000000000e+03 7.479000000000000000e+03 1.244114607399999812e-03 1.384112476400000021e-03
7.479000000000000000e+03 7.480000000000000000e+03 1.878583432800000124e-03 7.910766013500000011e-04
7.480000000000000000e+03 7.481000000000000000e+03 2.445444849099999776e-02 8.906018174000000093e-03
7.481000000000000000e+03 7.482000000000000000e+03 9.308202764100000082e-03 7.204102688999999837e-03
7.482000000000000000e+03 7.483000000000000000e+03 1.663860848400000245e-02 7.257393509000000138e-03
7.483000000000000000e+03 7.484000000000000000e+03 1.670635173699999698e-02 7.298217509000000207e-03
7.484000000000000000e+03 7.485000000000000000e+03 1.513755898000000190e-03 5.855927347999999831e-03
7.485000000000000000e+03 7.486000000000000000e+03 6.943794308999999727e-03 4.528402747999999561e-03
7.486000000000000000e+03 7.487000000000000000e+03 1.309601459599999893e-02 4.958936175999999890e-03
7.487000000000000000e+03 7.488000000000000000e+03 1.607679975300000145e-03 2.459568380200000039e-03
7.488000000000000000e+03 7.489000000000000000e+03 -1.041655525599999993e-03 1.851326631100000094e-03
7.489000000000000000e+03 7.490000000000000000e+03 1.013538077200000108e-03 1.492082409199999883e-03
7.490000000000000000e+03 7.491000000000000000e+03 1.227477800289999890e-03 5.607910150200000462e-04
7.491000000000000000e+03 7.492000000000000000e+03 4.131384852999999725e-03 7.604877157000000144e-03
7.492000000000000000e+03 7.493000000000000000e+03 1.108914844899999870e-02 8.347595800000001329e-03
7.493000000000000000e+03 7.494000000000000000e+03 1.478901945099999997e-02 7.461886305000000122e-03
7.494000000000000000e+03 7.495000000000000000e+03 2.198222895900000043e-02 6.461260653999999909e-03
7.495000000000000000e+03 7.496000000000000000e+03 7.619457207999999655e-03 6.143290220999999586e-03
7.496000000000000000e+03 7.497000000000000000e+03 -9.511104439999999802e-04 4.863602065999999592e-03
7.497000000000000000e+03 7.498000000000000000e+03 -9.799368143999999566e-04 3.555869268500000142e-03
7.498000000000000000e+03 7.499000000000000000e+03 2.361595916099999866e-03 2.792610796500000128e-03
7.499000000000000000e+03 7.500000000000000000e+03 -2.425682074200000062e-03 2.052395433799999655e-03
7.500000000000000000e+03 7.501000000000000000e+03 -4.988407732100000021e-04 1.367013142799999945e-03
7.501000000000000000e+03 7.502000000000000000e+03 1.060612491899999956e-03 5.725772343399999909e-04
7.502000000000000000e+03 7.503000000000000000e+03 2.589654539200000188e-02 8.420113742999999970e-03
7.503000000000000000e+03 7.504000000000000000e+03 3.501505667999999655e-02 8.943871356000001119e-03
7.504000000000000000e+03 7.505000000000000000e+03 1.141762993900000134e-02 7.954947397999999684e-03
7.505000000000000000e+03 7.506000000000000000e+03 9.517298762479999702e-03 6.188939342000000440e-03
7.506000000000000000e+03 7.507000000000000000e+03 9.896846859899999238e-03 5.952294446000000287e-03
7.507000000000000000e+03 7.508000000000000000e+03 7.709815441699999564e-03 4.840866212999999675e-03
7.508000000000000000e+03 7.509000000000000000e+03 -3.351206222000000217e-03 3.439322743700000320e-03
7.509000000000000000e+03 7.510000000000000000e+03 3.901717770999999922e-04 2.349661614999999995e-03
7.510000000000000000e+03 7.511000000000000000e+03 3.105115551200000011e-03 2.029158252899999643e-03
7.511000000000000000e+03 7.512000000000000000e+03 -1.785251651319999956e-03 1.119094833799999912e-03
7.512000000000000000e+03 7.513000000000000000e+03 5.381963902500000755e-04 6.829644597499999947e-04
7.513000000000000000e+03 7.514000000000000000e+03 1.523113434399999896e-02 9.252094665000000148e-03
7.514000000000000000e+03 7.515000000000000000e+03 1.448542996999999978e-02 9.034208353999999622e-03
7.515000000000000000e+03 7.516000000000000000e+03 1.450511633799999971e-02 7.391214588000000370e-03
7.516000000000000000e+03 7.517000000000000000e+03 1.753514092300000049e-02 5.968981711999999697e-03
7.517000000000000000e+03 7.518000000000000000e+03 1.142594943370000074e-02 5.417405105000000151e-03
7.518000000000000000e+03 7.519000000000000000e+03 6.334399824000000283e-03 4.606728438999999585e-03
7.519000000000000000e+03 7.520000000000000000e+03 3.720224128099999632e-03 4.332446480999999593e-03
7.520000000000000000e+03 7.521000000000000000e+03 2.362806107699999807e-03 2.646912244699999809e-03
7.521000000000000000e+03 7.522000000000000000e+03 -2.528809240000000260e-04 1.713229788600000112e-03
7.522000000000000000e+03 7.523000000000000000e+03 7.575604090999999742e-04 1.401132653199999977e-03
7.523000000000000000e+03 7.524000000000000000e+03 2.470963342999999888e-04 6.024753764899999772e-04
