# xi0
# underflow	  578.18267    	  2.5539808    
# overflow	  15.257564    	  1.2228173    
# sum	  5732.9187    	  11.015477    
# xmin	xmax	cross	numerror
  0.0000000    	  1.0000000    	 -9.1552075    	 0.36240444    
  1.0000000    	  2.0000000    	 -6.4785008    	 0.35279580    
  2.0000000    	  3.0000000    	 -3.9238490    	 0.35359997    
  3.0000000    	  4.0000000    	-0.35993092    	 0.37756450    
  4.0000000    	  5.0000000    	  2.4589709    	 0.36058535    
  5.0000000    	  6.0000000    	  5.4594728    	 0.37288113    
  6.0000000    	  7.0000000    	  8.6213313    	 0.38655895    
  7.0000000    	  8.0000000    	  11.220345    	 0.41624751    
  8.0000000    	  9.0000000    	  13.503070    	 0.37299792    
  9.0000000    	  10.000000    	  16.140168    	 0.38995491    
  10.000000    	  11.000000    	  16.472189    	 0.38846508    
  11.000000    	  12.000000    	  18.279854    	 0.40830394    
  12.000000    	  13.000000    	  19.621730    	 0.44830205    
  13.000000    	  14.000000    	  20.280614    	 0.42408856    
  14.000000    	  15.000000    	  19.877112    	 0.43506893    
  15.000000    	  16.000000    	  20.472437    	 0.40266154    
  16.000000    	  17.000000    	  20.331768    	 0.40753878    
  17.000000    	  18.000000    	  18.956559    	 0.41354135    
  18.000000    	  19.000000    	  18.273494    	 0.38076298    
  19.000000    	  20.000000    	  17.124234    	 0.36783547    
  20.000000    	  21.000000    	  16.325923    	 0.36999458    
  21.000000    	  22.000000    	  15.523348    	 0.36551284    
  22.000000    	  23.000000    	 -9.4663920    	 0.32863729    
  23.000000    	  24.000000    	 -6.6409645    	 0.36197291    
  24.000000    	  25.000000    	 -3.3344420    	 0.33797867    
  25.000000    	  26.000000    	-0.88184000    	 0.36893387    
  26.000000    	  27.000000    	  2.0038092    	 0.36348309    
  27.000000    	  28.000000    	  5.2345218    	 0.35741052    
  28.000000    	  29.000000    	  7.1285675    	 0.37260462    
  29.000000    	  30.000000    	  9.9323833    	 0.37789137    
  30.000000    	  31.000000    	  12.525597    	 0.36517964    
  31.000000    	  32.000000    	  14.389951    	 0.37560183    
  32.000000    	  33.000000    	  15.855704    	 0.38238678    
  33.000000    	  34.000000    	  16.673761    	 0.39458485    
  34.000000    	  35.000000    	  17.468207    	 0.40848430    
  35.000000    	  36.000000    	  17.811953    	 0.41257581    
  36.000000    	  37.000000    	  19.135563    	 0.39348401    
  37.000000    	  38.000000    	  18.180659    	 0.38338138    
  38.000000    	  39.000000    	  18.347204    	 0.38711906    
  39.000000    	  40.000000    	  17.752360    	 0.39355732    
  40.000000    	  41.000000    	  17.333511    	 0.36034033    
  41.000000    	  42.000000    	  16.853625    	 0.37003735    
  42.000000    	  43.000000    	  15.587281    	 0.34971167    
  43.000000    	  44.000000    	  13.869850    	 0.36529355    
  44.000000    	  45.000000    	 -8.5536987    	 0.36004145    
  45.000000    	  46.000000    	 -6.3863009    	 0.33602147    
  46.000000    	  47.000000    	 -3.7163997    	 0.33848995    
  47.000000    	  48.000000    	 -1.1448769    	 0.32587988    
  48.000000    	  49.000000    	  1.7787295    	 0.34507330    
  49.000000    	  50.000000    	  3.9763442    	 0.32858607    
  50.000000    	  51.000000    	  7.6096984    	 0.35601354    
  51.000000    	  52.000000    	  9.6393022    	 0.34430686    
  52.000000    	  53.000000    	  11.607366    	 0.37734065    
  53.000000    	  54.000000    	  13.082653    	 0.36242023    
  54.000000    	  55.000000    	  14.653525    	 0.39107760    
  55.000000    	  56.000000    	  15.996158    	 0.39422688    
  56.000000    	  57.000000    	  17.111577    	 0.39742145    
  57.000000    	  58.000000    	  18.116779    	 0.42107174    
  58.000000    	  59.000000    	  18.284757    	 0.40935331    
  59.000000    	  60.000000    	  17.424744    	 0.39621189    
  60.000000    	  61.000000    	  17.645522    	 0.37373913    
  61.000000    	  62.000000    	  16.503813    	 0.38078014    
  62.000000    	  63.000000    	  16.292863    	 0.36142658    
  63.000000    	  64.000000    	  14.972645    	 0.36957157    
  64.000000    	  65.000000    	  14.020382    	 0.33499619    
  65.000000    	  66.000000    	  13.322688    	 0.37122775    
  66.000000    	  67.000000    	 -8.9451628    	 0.35625207    
  67.000000    	  68.000000    	 -6.3347556    	 0.31614848    
  68.000000    	  69.000000    	 -3.8890948    	 0.33187170    
  69.000000    	  70.000000    	 -1.4413555    	 0.33209307    
  70.000000    	  71.000000    	  1.8089992    	 0.33774357    
  71.000000    	  72.000000    	  4.7104941    	 0.35504350    
  72.000000    	  73.000000    	  6.9510746    	 0.34074439    
  73.000000    	  74.000000    	  8.5992207    	 0.34776045    
  74.000000    	  75.000000    	  11.001216    	 0.36828151    
  75.000000    	  76.000000    	  12.711394    	 0.36331444    
  76.000000    	  77.000000    	  13.926909    	 0.36835290    
  77.000000    	  78.000000    	  15.004178    	 0.38787502    
  78.000000    	  79.000000    	  16.426360    	 0.38086190    
  79.000000    	  80.000000    	  16.192559    	 0.38229162    
  80.000000    	  81.000000    	  16.723093    	 0.38215574    
  81.000000    	  82.000000    	  16.195036    	 0.36671690    
  82.000000    	  83.000000    	  16.450229    	 0.36288077    
  83.000000    	  84.000000    	  15.489335    	 0.34756602    
  84.000000    	  85.000000    	  15.154434    	 0.33481067    
  85.000000    	  86.000000    	  13.570417    	 0.34096595    
  86.000000    	  87.000000    	  13.185649    	 0.33316511    
  87.000000    	  88.000000    	  12.266078    	 0.35765294    
  88.000000    	  89.000000    	 -8.1809406    	 0.34276728    
  89.000000    	  90.000000    	 -6.2876357    	 0.34819347    
  90.000000    	  91.000000    	 -4.1274441    	 0.32336729    
  91.000000    	  92.000000    	 -1.0945119    	 0.31821495    
  92.000000    	  93.000000    	  1.3258356    	 0.33134008    
  93.000000    	  94.000000    	  4.0550180    	 0.35292316    
  94.000000    	  95.000000    	  6.1642175    	 0.35613050    
  95.000000    	  96.000000    	  7.5760590    	 0.32790268    
  96.000000    	  97.000000    	  9.9055550    	 0.34017451    
  97.000000    	  98.000000    	  11.762412    	 0.34352408    
  98.000000    	  99.000000    	  13.926714    	 0.38075083    
  99.000000    	  100.00000    	  14.331422    	 0.38487350    
  100.00000    	  101.00000    	  14.915701    	 0.41231827    
  101.00000    	  102.00000    	  14.996504    	 0.37094785    
  102.00000    	  103.00000    	  15.427213    	 0.35761611    
  103.00000    	  104.00000    	  16.036029    	 0.36197929    
  104.00000    	  105.00000    	  15.294463    	 0.37751122    
  105.00000    	  106.00000    	  14.756418    	 0.36348093    
  106.00000    	  107.00000    	  13.293042    	 0.32679115    
  107.00000    	  108.00000    	  13.532336    	 0.31128181    
  108.00000    	  109.00000    	  12.583744    	 0.31019252    
  109.00000    	  110.00000    	  11.073531    	 0.34827233    
  110.00000    	  111.00000    	 -8.1304608    	 0.33231537    
  111.00000    	  112.00000    	 -5.6584765    	 0.35611219    
  112.00000    	  113.00000    	 -3.3708855    	 0.33489177    
  113.00000    	  114.00000    	 -1.5945729    	 0.34862264    
  114.00000    	  115.00000    	 0.92782981    	 0.33101399    
  115.00000    	  116.00000    	  3.1529012    	 0.32590791    
  116.00000    	  117.00000    	  5.8436124    	 0.34430824    
  117.00000    	  118.00000    	  8.3395275    	 0.32420104    
  118.00000    	  119.00000    	  9.5725290    	 0.34647520    
  119.00000    	  120.00000    	  11.106457    	 0.35682822    
  120.00000    	  121.00000    	  11.960682    	 0.38337708    
  121.00000    	  122.00000    	  13.601424    	 0.35979774    
  122.00000    	  123.00000    	  14.088509    	 0.39286210    
  123.00000    	  124.00000    	  14.677266    	 0.34229911    
  124.00000    	  125.00000    	  14.233761    	 0.36141280    
  125.00000    	  126.00000    	  14.678747    	 0.34015317    
  126.00000    	  127.00000    	  14.684508    	 0.37455964    
  127.00000    	  128.00000    	  14.105851    	 0.35494258    
  128.00000    	  129.00000    	  13.668341    	 0.31363339    
  129.00000    	  130.00000    	  12.778495    	 0.31462670    
  130.00000    	  131.00000    	  11.959673    	 0.33532674    
  131.00000    	  132.00000    	  11.263525    	 0.33781398    
  132.00000    	  133.00000    	 -7.8844906    	 0.33654739    
  133.00000    	  134.00000    	 -5.2242959    	 0.33424205    
  134.00000    	  135.00000    	 -3.7145892    	 0.32477812    
  135.00000    	  136.00000    	 -1.1653428    	 0.33669153    
  136.00000    	  137.00000    	 0.97371385    	 0.34841609    
  137.00000    	  138.00000    	  3.3240854    	 0.32970553    
  138.00000    	  139.00000    	  5.6735582    	 0.35132512    
  139.00000    	  140.00000    	  7.1905646    	 0.35715210    
  140.00000    	  141.00000    	  9.6677191    	 0.32435003    
  141.00000    	  142.00000    	  10.695457    	 0.36992703    
  142.00000    	  143.00000    	  11.591762    	 0.36753706    
  143.00000    	  144.00000    	  12.846823    	 0.34963151    
  144.00000    	  145.00000    	  14.081257    	 0.37997638    
  145.00000    	  146.00000    	  14.082513    	 0.34924403    
  146.00000    	  147.00000    	  14.468379    	 0.35574440    
  147.00000    	  148.00000    	  13.855781    	 0.32453569    
  148.00000    	  149.00000    	  13.620492    	 0.34746486    
  149.00000    	  150.00000    	  13.240594    	 0.33910548    
  150.00000    	  151.00000    	  12.498871    	 0.30324288    
  151.00000    	  152.00000    	  11.630182    	 0.31285445    
  152.00000    	  153.00000    	  10.327318    	 0.35144893    
  153.00000    	  154.00000    	  10.207485    	 0.29083464    
  154.00000    	  155.00000    	 -6.8818160    	 0.34258503    
  155.00000    	  156.00000    	 -5.7369369    	 0.35476511    
  156.00000    	  157.00000    	 -3.4378069    	 0.32398450    
  157.00000    	  158.00000    	 -1.3822295    	 0.34919150    
  158.00000    	  159.00000    	 0.47438586    	 0.34898343    
  159.00000    	  160.00000    	  3.3821103    	 0.33851313    
  160.00000    	  161.00000    	  5.2648959    	 0.34635055    
  161.00000    	  162.00000    	  6.5478649    	 0.35310410    
  162.00000    	  163.00000    	  8.4375385    	 0.33894085    
  163.00000    	  164.00000    	  10.252880    	 0.35897945    
  164.00000    	  165.00000    	  10.539423    	 0.33354300    
  165.00000    	  166.00000    	  12.222138    	 0.36386178    
  166.00000    	  167.00000    	  12.458235    	 0.35899657    
  167.00000    	  168.00000    	  13.236360    	 0.35251715    
  168.00000    	  169.00000    	  13.604628    	 0.35975652    
  169.00000    	  170.00000    	  12.881004    	 0.31971480    
  170.00000    	  171.00000    	  12.593412    	 0.35427769    
  171.00000    	  172.00000    	  12.285091    	 0.36112628    
  172.00000    	  173.00000    	  11.779317    	 0.29554403    
  173.00000    	  174.00000    	  11.429651    	 0.29855746    
  174.00000    	  175.00000    	  10.328446    	 0.35149526    
  175.00000    	  176.00000    	  9.0083947    	 0.31748599    
  176.00000    	  177.00000    	 -6.7721536    	 0.33999161    
  177.00000    	  178.00000    	 -5.4852915    	 0.34146570    
  178.00000    	  179.00000    	 -3.7263704    	 0.31512861    
  179.00000    	  180.00000    	 -1.7141211    	 0.34246525    
  180.00000    	  181.00000    	 0.99623755    	 0.34893420    
  181.00000    	  182.00000    	  2.6694757    	 0.33889810    
  182.00000    	  183.00000    	  4.0508420    	 0.34437053    
  183.00000    	  184.00000    	  6.6935553    	 0.34867660    
  184.00000    	  185.00000    	  8.7708270    	 0.36512811    
  185.00000    	  186.00000    	  9.6500885    	 0.34915628    
  186.00000    	  187.00000    	  11.271605    	 0.32956585    
  187.00000    	  188.00000    	  11.145084    	 0.32682514    
  188.00000    	  189.00000    	  12.264555    	 0.32548940    
  189.00000    	  190.00000    	  12.398380    	 0.34041590    
  190.00000    	  191.00000    	  12.693183    	 0.34689425    
  191.00000    	  192.00000    	  12.652278    	 0.31840479    
  192.00000    	  193.00000    	  12.383891    	 0.30985514    
  193.00000    	  194.00000    	  11.933200    	 0.31660536    
  194.00000    	  195.00000    	  11.461308    	 0.30028714    
  195.00000    	  196.00000    	  10.350391    	 0.29402907    
  196.00000    	  197.00000    	  9.6104147    	 0.31933316    
  197.00000    	  198.00000    	  8.9066088    	 0.27468340    
  198.00000    	  199.00000    	 -7.5525137    	 0.35283674    
  199.00000    	  200.00000    	 -5.2974601    	 0.30789877    
  200.00000    	  201.00000    	 -3.5465636    	 0.32270034    
  201.00000    	  202.00000    	 -1.6668331    	 0.33620246    
  202.00000    	  203.00000    	 0.37960973    	 0.32415923    
  203.00000    	  204.00000    	  2.4269583    	 0.30777838    
  204.00000    	  205.00000    	  4.1521716    	 0.32857727    
  205.00000    	  206.00000    	  5.6344979    	 0.32718030    
  206.00000    	  207.00000    	  7.5194073    	 0.32141963    
  207.00000    	  208.00000    	  8.7451142    	 0.35805631    
  208.00000    	  209.00000    	  10.179744    	 0.32748675    
  209.00000    	  210.00000    	  11.193714    	 0.32216143    
  210.00000    	  211.00000    	  11.773627    	 0.32906300    
  211.00000    	  212.00000    	  11.727417    	 0.33971733    
  212.00000    	  213.00000    	  12.492038    	 0.32029993    
  213.00000    	  214.00000    	  12.354196    	 0.30607834    
  214.00000    	  215.00000    	  11.659592    	 0.29734049    
  215.00000    	  216.00000    	  11.303731    	 0.32195253    
  216.00000    	  217.00000    	  10.988063    	 0.29609905    
  217.00000    	  218.00000    	  10.296060    	 0.27037281    
  218.00000    	  219.00000    	  9.1219636    	 0.27258645    
  219.00000    	  220.00000    	  8.2764696    	 0.27604716    
  220.00000    	  221.00000    	 -6.0032967    	 0.34127452    
  221.00000    	  222.00000    	 -5.0581520    	 0.33734465    
  222.00000    	  223.00000    	 -3.2003864    	 0.32143632    
  223.00000    	  224.00000    	 -1.8325141    	 0.30595025    
  224.00000    	  225.00000    	 0.27594640    	 0.31939837    
  225.00000    	  226.00000    	  2.5974525    	 0.29047263    
  226.00000    	  227.00000    	  4.2491821    	 0.31165910    
  227.00000    	  228.00000    	  6.2389050    	 0.32691509    
  228.00000    	  229.00000    	  7.0307960    	 0.35508051    
  229.00000    	  230.00000    	  8.6774014    	 0.36121439    
  230.00000    	  231.00000    	  9.2572190    	 0.34473294    
  231.00000    	  232.00000    	  10.122296    	 0.31397362    
  232.00000    	  233.00000    	  10.917924    	 0.32648348    
  233.00000    	  234.00000    	  11.355881    	 0.33568129    
  234.00000    	  235.00000    	  11.608296    	 0.32020440    
  235.00000    	  236.00000    	  11.315382    	 0.30687815    
  236.00000    	  237.00000    	  11.589068    	 0.29208747    
  237.00000    	  238.00000    	  10.824316    	 0.28703526    
  238.00000    	  239.00000    	  9.3356306    	 0.29453164    
  239.00000    	  240.00000    	  9.3515623    	 0.25878724    
  240.00000    	  241.00000    	  8.4940569    	 0.26716110    
  241.00000    	  242.00000    	  7.7625874    	 0.27834238    
  242.00000    	  243.00000    	 -6.6441721    	 0.31269892    
  243.00000    	  244.00000    	 -4.8653653    	 0.34319415    
  244.00000    	  245.00000    	 -3.4037716    	 0.31182828    
  245.00000    	  246.00000    	 -1.7808232    	 0.30962968    
  246.00000    	  247.00000    	 0.39571525    	 0.31125072    
  247.00000    	  248.00000    	  2.1389205    	 0.28778877    
  248.00000    	  249.00000    	  3.9703186    	 0.31373174    
  249.00000    	  250.00000    	  5.2792208    	 0.31671105    
  250.00000    	  251.00000    	  7.3070258    	 0.34869876    
  251.00000    	  252.00000    	  7.7745463    	 0.34339118    
  252.00000    	  253.00000    	  9.0287508    	 0.32985539    
  253.00000    	  254.00000    	  10.380439    	 0.34035910    
  254.00000    	  255.00000    	  10.857079    	 0.32779406    
  255.00000    	  256.00000    	  10.673844    	 0.30150280    
  256.00000    	  257.00000    	  10.781901    	 0.29573266    
  257.00000    	  258.00000    	  10.602995    	 0.30385082    
  258.00000    	  259.00000    	  10.340438    	 0.27598606    
  259.00000    	  260.00000    	  10.272704    	 0.27707018    
  260.00000    	  261.00000    	  9.6228217    	 0.28078439    
  261.00000    	  262.00000    	  8.6736417    	 0.26676989    
  262.00000    	  263.00000    	  8.4038671    	 0.24810780    
  263.00000    	  264.00000    	  7.3647613    	 0.25530853    
  264.00000    	  265.00000    	 -6.5413902    	 0.33157679    
  265.00000    	  266.00000    	 -4.1452910    	 0.34059026    
  266.00000    	  267.00000    	 -3.4082828    	 0.29919313    
  267.00000    	  268.00000    	 -1.0904294    	 0.30992619    
  268.00000    	  269.00000    	 0.26680015    	 0.30186072    
  269.00000    	  270.00000    	  2.0221374    	 0.29305156    
  270.00000    	  271.00000    	  3.8063863    	 0.31177446    
  271.00000    	  272.00000    	  4.7348459    	 0.29713023    
  272.00000    	  273.00000    	  6.5871011    	 0.34172647    
  273.00000    	  274.00000    	  7.5626785    	 0.31899234    
  274.00000    	  275.00000    	  9.0810786    	 0.31465958    
  275.00000    	  276.00000    	  8.8643309    	 0.34052472    
  276.00000    	  277.00000    	  10.195724    	 0.32073253    
  277.00000    	  278.00000    	  10.299901    	 0.31084695    
  278.00000    	  279.00000    	  10.504634    	 0.29033982    
  279.00000    	  280.00000    	  10.274065    	 0.30660757    
  280.00000    	  281.00000    	  9.8991401    	 0.29322088    
  281.00000    	  282.00000    	  9.8849886    	 0.27570857    
  282.00000    	  283.00000    	  8.7678236    	 0.27655411    
  283.00000    	  284.00000    	  8.8157532    	 0.28968283    
  284.00000    	  285.00000    	  8.2869452    	 0.28584560    
  285.00000    	  286.00000    	  7.5412828    	 0.25798561    
  286.00000    	  287.00000    	 -5.7856065    	 0.32292275    
  287.00000    	  288.00000    	 -4.9829003    	 0.31568482    
  288.00000    	  289.00000    	 -2.7951912    	 0.29910257    
  289.00000    	  290.00000    	 -1.7271010    	 0.31007213    
  290.00000    	  291.00000    	 0.20329221    	 0.29589359    
  291.00000    	  292.00000    	  1.5173697    	 0.31110549    
  292.00000    	  293.00000    	  3.5673501    	 0.29148234    
  293.00000    	  294.00000    	  5.1777977    	 0.28749562    
  294.00000    	  295.00000    	  6.3513369    	 0.31441650    
  295.00000    	  296.00000    	  6.8907560    	 0.30072410    
  296.00000    	  297.00000    	  8.0260745    	 0.31902828    
  297.00000    	  298.00000    	  9.3158558    	 0.32016161    
  298.00000    	  299.00000    	  9.7569570    	 0.32522951    
  299.00000    	  300.00000    	  9.6428125    	 0.31418328    
  300.00000    	  301.00000    	  9.7489615    	 0.30136083    
  301.00000    	  302.00000    	  9.6514311    	 0.29230252    
  302.00000    	  303.00000    	  9.8416677    	 0.28387935    
  303.00000    	  304.00000    	  8.9664169    	 0.25843525    
  304.00000    	  305.00000    	  8.7870825    	 0.27790503    
  305.00000    	  306.00000    	  7.5425038    	 0.28271904    
  306.00000    	  307.00000    	  7.5139150    	 0.26834790    
  307.00000    	  308.00000    	  6.7654976    	 0.23250951    
  308.00000    	  309.00000    	 -5.7045640    	 0.29750010    
  309.00000    	  310.00000    	 -5.2020433    	 0.32541485    
  310.00000    	  311.00000    	 -3.5933967    	 0.30445707    
  311.00000    	  312.00000    	 -1.2814019    	 0.30081801    
  312.00000    	  313.00000    	-0.24855052    	 0.29983319    
  313.00000    	  314.00000    	  1.6656631    	 0.31506503    
  314.00000    	  315.00000    	  3.3733877    	 0.29246715    
  315.00000    	  316.00000    	  4.9213857    	 0.29789103    
  316.00000    	  317.00000    	  5.9397458    	 0.31102779    
  317.00000    	  318.00000    	  7.6424447    	 0.28820407    
  318.00000    	  319.00000    	  7.6983973    	 0.30654123    
  319.00000    	  320.00000    	  9.0805396    	 0.32565100    
  320.00000    	  321.00000    	  8.8124200    	 0.30950124    
  321.00000    	  322.00000    	  9.6371124    	 0.29788009    
  322.00000    	  323.00000    	  9.3609841    	 0.31621923    
  323.00000    	  324.00000    	  9.3804321    	 0.28731916    
  324.00000    	  325.00000    	  9.0024768    	 0.25291515    
  325.00000    	  326.00000    	  8.7116315    	 0.25983624    
  326.00000    	  327.00000    	  8.3887629    	 0.29507185    
  327.00000    	  328.00000    	  7.7414629    	 0.23778357    
  328.00000    	  329.00000    	  6.8261691    	 0.24157713    
  329.00000    	  330.00000    	  6.4904832    	 0.22485978    
  330.00000    	  331.00000    	 -5.0035882    	 0.31812672    
  331.00000    	  332.00000    	 -3.8892188    	 0.30978803    
  332.00000    	  333.00000    	 -2.6370303    	 0.30494509    
  333.00000    	  334.00000    	 -1.3316408    	 0.31567959    
  334.00000    	  335.00000    	 0.23975873    	 0.30626409    
  335.00000    	  336.00000    	  1.2641195    	 0.32707547    
  336.00000    	  337.00000    	  2.8125984    	 0.28166068    
  337.00000    	  338.00000    	  4.1038225    	 0.29154438    
  338.00000    	  339.00000    	  5.3873164    	 0.31916039    
  339.00000    	  340.00000    	  6.4879048    	 0.30902415    
  340.00000    	  341.00000    	  7.7952684    	 0.30490962    
  341.00000    	  342.00000    	  8.2796336    	 0.30410105    
  342.00000    	  343.00000    	  9.3391980    	 0.29208403    
  343.00000    	  344.00000    	  8.7169878    	 0.28592479    
  344.00000    	  345.00000    	  8.9323221    	 0.26592092    
  345.00000    	  346.00000    	  8.8104103    	 0.27361928    
  346.00000    	  347.00000    	  8.9647551    	 0.26380520    
  347.00000    	  348.00000    	  8.5330101    	 0.27427618    
  348.00000    	  349.00000    	  7.4328671    	 0.24604027    
  349.00000    	  350.00000    	  7.0478606    	 0.24782848    
  350.00000    	  351.00000    	  6.8129746    	 0.24065943    
  351.00000    	  352.00000    	  6.0387355    	 0.21933442    
  352.00000    	  353.00000    	 -6.0505968    	 0.31274544    
  353.00000    	  354.00000    	 -3.6358521    	 0.28818143    
  354.00000    	  355.00000    	 -3.2688400    	 0.29486661    
  355.00000    	  356.00000    	 -1.9541773    	 0.31522102    
  356.00000    	  357.00000    	-0.44631898E-01	 0.30013776    
  357.00000    	  358.00000    	  1.4183425    	 0.32351961    
  358.00000    	  359.00000    	  2.4448421    	 0.29597573    
  359.00000    	  360.00000    	  4.4833925    	 0.32911835    
  360.00000    	  361.00000    	  5.4454754    	 0.33241395    
  361.00000    	  362.00000    	  6.7216545    	 0.30600613    
  362.00000    	  363.00000    	  7.2057017    	 0.32260294    
  363.00000    	  364.00000    	  7.8037925    	 0.30585933    
  364.00000    	  365.00000    	  7.8729153    	 0.30148233    
  365.00000    	  366.00000    	  8.5827432    	 0.28144712    
  366.00000    	  367.00000    	  8.5223895    	 0.26781951    
  367.00000    	  368.00000    	  8.5465362    	 0.25606412    
  368.00000    	  369.00000    	  7.7971958    	 0.26332257    
  369.00000    	  370.00000    	  8.0051372    	 0.29109154    
  370.00000    	  371.00000    	  7.4753262    	 0.23700950    
  371.00000    	  372.00000    	  6.9764466    	 0.24649553    
  372.00000    	  373.00000    	  6.5342806    	 0.23816740    
  373.00000    	  374.00000    	  5.6153457    	 0.20318998    
  374.00000    	  375.00000    	 -5.0852718    	 0.32780188    
  375.00000    	  376.00000    	 -4.0618274    	 0.29094627    
  376.00000    	  377.00000    	 -3.0708343    	 0.27153545    
  377.00000    	  378.00000    	-0.91583568    	 0.31289967    
  378.00000    	  379.00000    	 0.22254584E-01	 0.30121558    
  379.00000    	  380.00000    	  1.2024788    	 0.29677014    
  380.00000    	  381.00000    	  3.0564509    	 0.29375367    
  381.00000    	  382.00000    	  3.8946788    	 0.35511976    
  382.00000    	  383.00000    	  5.6069941    	 0.29390552    
  383.00000    	  384.00000    	  5.8337871    	 0.30700888    
  384.00000    	  385.00000    	  7.3018522    	 0.32827696    
  385.00000    	  386.00000    	  7.0045335    	 0.30707666    
  386.00000    	  387.00000    	  7.7101661    	 0.30946419    
  387.00000    	  388.00000    	  7.8159061    	 0.31260180    
  388.00000    	  389.00000    	  8.2057639    	 0.26702788    
  389.00000    	  390.00000    	  8.3414637    	 0.27613025    
  390.00000    	  391.00000    	  8.4684303    	 0.24272424    
  391.00000    	  392.00000    	  7.4573238    	 0.30365175    
  392.00000    	  393.00000    	  7.5325776    	 0.23780470    
  393.00000    	  394.00000    	  6.6982418    	 0.23784288    
  394.00000    	  395.00000    	  6.3768244    	 0.23686577    
  395.00000    	  396.00000    	  5.5425293    	 0.22508584    
  396.00000    	  397.00000    	 -5.0790686    	 0.30205944    
  397.00000    	  398.00000    	 -4.3496411    	 0.31424659    
  398.00000    	  399.00000    	 -2.3242102    	 0.29901664    
  399.00000    	  400.00000    	 -1.5934822    	 0.29345543    
  400.00000    	  401.00000    	-0.15375601    	 0.31657388    
  401.00000    	  402.00000    	  1.4259646    	 0.32039922    
  402.00000    	  403.00000    	  2.5151664    	 0.30077983    
  403.00000    	  404.00000    	  3.5101475    	 0.32821276    
  404.00000    	  405.00000    	  4.5306552    	 0.29150059    
  405.00000    	  406.00000    	  6.1785046    	 0.31712052    
  406.00000    	  407.00000    	  5.9125410    	 0.31929362    
  407.00000    	  408.00000    	  7.6750662    	 0.28197482    
  408.00000    	  409.00000    	  8.0234263    	 0.30843611    
  409.00000    	  410.00000    	  7.7544446    	 0.29107088    
  410.00000    	  411.00000    	  7.8144027    	 0.25115288    
  411.00000    	  412.00000    	  8.0314078    	 0.26611938    
  412.00000    	  413.00000    	  7.5242633    	 0.24846984    
  413.00000    	  414.00000    	  7.0083423    	 0.25220585    
  414.00000    	  415.00000    	  7.3948471    	 0.26451640    
  415.00000    	  416.00000    	  6.5882981    	 0.23797956    
  416.00000    	  417.00000    	  5.6243927    	 0.23392602    
  417.00000    	  418.00000    	  5.3178689    	 0.21564837    
  418.00000    	  419.00000    	 -4.6834546    	 0.27383942    
  419.00000    	  420.00000    	 -4.2326987    	 0.29951408    
  420.00000    	  421.00000    	 -2.7542070    	 0.30695269    
  421.00000    	  422.00000    	 -1.1814626    	 0.29730709    
  422.00000    	  423.00000    	 0.72119630E-01	 0.30935046    
  423.00000    	  424.00000    	  1.1478633    	 0.30697850    
  424.00000    	  425.00000    	  2.3361451    	 0.29849789    
  425.00000    	  426.00000    	  3.6428984    	 0.29986348    
  426.00000    	  427.00000    	  4.7875206    	 0.30007824    
  427.00000    	  428.00000    	  5.3707220    	 0.32225870    
  428.00000    	  429.00000    	  6.2764333    	 0.30948189    
  429.00000    	  430.00000    	  6.5011225    	 0.28607908    
  430.00000    	  431.00000    	  6.9586650    	 0.29192642    
  431.00000    	  432.00000    	  7.6567097    	 0.27409074    
  432.00000    	  433.00000    	  7.0062232    	 0.25314057    
  433.00000    	  434.00000    	  7.2332951    	 0.27963404    
  434.00000    	  435.00000    	  7.5249563    	 0.24863721    
  435.00000    	  436.00000    	  6.8338304    	 0.23988928    
  436.00000    	  437.00000    	  6.1689173    	 0.27278961    
  437.00000    	  438.00000    	  6.2135196    	 0.24194596    
  438.00000    	  439.00000    	  5.8047730    	 0.21658145    
  439.00000    	  440.00000    	  5.1025101    	 0.21357641    
  440.00000    	  441.00000    	 -4.9363046    	 0.29864069    
  441.00000    	  442.00000    	 -3.5489631    	 0.30186789    
  442.00000    	  443.00000    	 -2.7522331    	 0.31010593    
  443.00000    	  444.00000    	 -1.6087763    	 0.28691984    
  444.00000    	  445.00000    	-0.34178504    	 0.30192388    
  445.00000    	  446.00000    	  1.3164985    	 0.32002278    
  446.00000    	  447.00000    	  2.7673041    	 0.27915046    
  447.00000    	  448.00000    	  3.3586363    	 0.28324185    
  448.00000    	  449.00000    	  3.9185867    	 0.30379749    
  449.00000    	  450.00000    	  4.9604983    	 0.30272854    
  450.00000    	  451.00000    	  5.6175226    	 0.29864235    
  451.00000    	  452.00000    	  6.9135918    	 0.29353996    
  452.00000    	  453.00000    	  7.4766608    	 0.27118260    
  453.00000    	  454.00000    	  6.8528028    	 0.28571791    
  454.00000    	  455.00000    	  7.4129271    	 0.24836904    
  455.00000    	  456.00000    	  6.8632036    	 0.26039854    
  456.00000    	  457.00000    	  7.3056093    	 0.25538975    
  457.00000    	  458.00000    	  7.0433096    	 0.24504563    
  458.00000    	  459.00000    	  6.1413567    	 0.22603671    
  459.00000    	  460.00000    	  6.0319985    	 0.23345537    
  460.00000    	  461.00000    	  5.5580990    	 0.23325954    
  461.00000    	  462.00000    	  4.8828038    	 0.22064075    
  462.00000    	  463.00000    	 -4.2863427    	 0.32248091    
  463.00000    	  464.00000    	 -3.2958489    	 0.30317830    
  464.00000    	  465.00000    	 -2.1363391    	 0.32031565    
  465.00000    	  466.00000    	 -1.3748961    	 0.30379577    
  466.00000    	  467.00000    	-0.98344793E-01	 0.29934175    
  467.00000    	  468.00000    	 0.71163048    	 0.32509178    
  468.00000    	  469.00000    	  2.3837573    	 0.27049366    
  469.00000    	  470.00000    	  2.7546169    	 0.30352260    
  470.00000    	  471.00000    	  4.3947696    	 0.30363107    
  471.00000    	  472.00000    	  5.1713590    	 0.28876074    
  472.00000    	  473.00000    	  5.9306713    	 0.29527348    
  473.00000    	  474.00000    	  6.7078152    	 0.30425038    
  474.00000    	  475.00000    	  6.7786475    	 0.26895131    
  475.00000    	  476.00000    	  7.0939275    	 0.27265343    
  476.00000    	  477.00000    	  7.3376992    	 0.26574911    
  477.00000    	  478.00000    	  6.8749324    	 0.24014762    
  478.00000    	  479.00000    	  6.7371027    	 0.24977025    
  479.00000    	  480.00000    	  6.1632390    	 0.23799676    
  480.00000    	  481.00000    	  6.3244274    	 0.24033980    
  481.00000    	  482.00000    	  5.0324338    	 0.22245879    
  482.00000    	  483.00000    	  5.1956603    	 0.24088340    
  483.00000    	  484.00000    	  4.7202501    	 0.20449335    
  484.00000    	  485.00000    	 -4.1401961    	 0.31326582    
  485.00000    	  486.00000    	 -3.6622737    	 0.28754740    
  486.00000    	  487.00000    	 -2.3952742    	 0.31884755    
  487.00000    	  488.00000    	 -1.8181970    	 0.30322192    
  488.00000    	  489.00000    	-0.74111587    	 0.27134874    
  489.00000    	  490.00000    	 0.89867413    	 0.31635156    
  490.00000    	  491.00000    	  1.9001522    	 0.26746895    
  491.00000    	  492.00000    	  3.5457116    	 0.28625225    
  492.00000    	  493.00000    	  4.0466866    	 0.30077887    
  493.00000    	  494.00000    	  4.4572250    	 0.28117884    
  494.00000    	  495.00000    	  5.3482559    	 0.28490904    
  495.00000    	  496.00000    	  6.1589829    	 0.28758879    
  496.00000    	  497.00000    	  6.8191288    	 0.26978993    
  497.00000    	  498.00000    	  6.7044570    	 0.26425293    
  498.00000    	  499.00000    	  6.5622327    	 0.26435831    
  499.00000    	  500.00000    	  7.1328677    	 0.26512055    
  500.00000    	  501.00000    	  6.6185900    	 0.24071890    
  501.00000    	  502.00000    	  5.8289738    	 0.21931035    
  502.00000    	  503.00000    	  5.6399105    	 0.23072652    
  503.00000    	  504.00000    	  5.0498325    	 0.20992172    
  504.00000    	  505.00000    	  4.5368519    	 0.21218583    
  505.00000    	  506.00000    	  4.5859278    	 0.19712663    
  506.00000    	  507.00000    	 -3.7451135    	 0.28887121    
  507.00000    	  508.00000    	 -3.7213437    	 0.27707536    
  508.00000    	  509.00000    	 -2.8313810    	 0.30701215    
  509.00000    	  510.00000    	 -1.0473395    	 0.28652206    
  510.00000    	  511.00000    	 0.16846970    	 0.28850915    
  511.00000    	  512.00000    	 0.76300702    	 0.30340002    
  512.00000    	  513.00000    	  2.1753970    	 0.28607781    
  513.00000    	  514.00000    	  2.9383721    	 0.27787459    
  514.00000    	  515.00000    	  4.0142276    	 0.29200719    
  515.00000    	  516.00000    	  5.0803796    	 0.28565800    
  516.00000    	  517.00000    	  6.1407424    	 0.28960881    
  517.00000    	  518.00000    	  6.2655222    	 0.27509992    
  518.00000    	  519.00000    	  6.3573712    	 0.26878808    
  519.00000    	  520.00000    	  6.1667029    	 0.26494532    
  520.00000    	  521.00000    	  6.6167845    	 0.25446974    
  521.00000    	  522.00000    	  6.5940677    	 0.25052819    
  522.00000    	  523.00000    	  6.0185993    	 0.25417936    
  523.00000    	  524.00000    	  5.8894866    	 0.21771784    
  524.00000    	  525.00000    	  5.6810494    	 0.23346231    
  525.00000    	  526.00000    	  5.1069127    	 0.21156646    
  526.00000    	  527.00000    	  4.8647996    	 0.19019882    
  527.00000    	  528.00000    	  4.5853877    	 0.20325733    
  528.00000    	  529.00000    	 -4.0941008    	 0.29452154    
  529.00000    	  530.00000    	 -2.6984775    	 0.27049796    
  530.00000    	  531.00000    	 -1.8972985    	 0.30283743    
  531.00000    	  532.00000    	-0.78035158    	 0.32580659    
  532.00000    	  533.00000    	-0.94835158    	 0.29360354    
  533.00000    	  534.00000    	 0.91030298    	 0.29249355    
  534.00000    	  535.00000    	  1.8982199    	 0.28894692    
  535.00000    	  536.00000    	  2.6930547    	 0.29470537    
  536.00000    	  537.00000    	  3.8415030    	 0.29132548    
  537.00000    	  538.00000    	  4.3476193    	 0.29425217    
  538.00000    	  539.00000    	  4.7810350    	 0.28539112    
  539.00000    	  540.00000    	  5.3064577    	 0.27513059    
  540.00000    	  541.00000    	  5.6806648    	 0.27278687    
  541.00000    	  542.00000    	  6.2113540    	 0.24695431    
  542.00000    	  543.00000    	  6.0587047    	 0.25316597    
  543.00000    	  544.00000    	  5.8467367    	 0.24373431    
  544.00000    	  545.00000    	  5.8385522    	 0.23250150    
  545.00000    	  546.00000    	  5.8653450    	 0.23049209    
  546.00000    	  547.00000    	  5.2621540    	 0.20948384    
  547.00000    	  548.00000    	  5.0575571    	 0.22805322    
  548.00000    	  549.00000    	  4.5632108    	 0.19939751    
  549.00000    	  550.00000    	  4.0714326    	 0.20507325    
  550.00000    	  551.00000    	 -4.2272506    	 0.30302943    
  551.00000    	  552.00000    	 -3.7462779    	 0.29139351    
  552.00000    	  553.00000    	 -2.6644044    	 0.30416014    
  553.00000    	  554.00000    	 -1.1884837    	 0.30910853    
  554.00000    	  555.00000    	-0.31924944    	 0.28992454    
  555.00000    	  556.00000    	 0.91609737    	 0.28123249    
  556.00000    	  557.00000    	  1.9347009    	 0.29716508    
  557.00000    	  558.00000    	  2.6126998    	 0.30925535    
  558.00000    	  559.00000    	  3.2400900    	 0.28869676    
  559.00000    	  560.00000    	  4.9660898    	 0.27658477    
  560.00000    	  561.00000    	  4.8487798    	 0.27527827    
  561.00000    	  562.00000    	  5.6221044    	 0.26825404    
  562.00000    	  563.00000    	  5.9160465    	 0.27182090    
  563.00000    	  564.00000    	  6.1705538    	 0.25929139    
  564.00000    	  565.00000    	  5.9932530    	 0.25607946    
  565.00000    	  566.00000    	  5.7141605    	 0.23719192    
  566.00000    	  567.00000    	  5.4058316    	 0.22575638    
  567.00000    	  568.00000    	  5.5205257    	 0.22420613    
  568.00000    	  569.00000    	  5.5020660    	 0.22213115    
  569.00000    	  570.00000    	  4.7985858    	 0.23427701    
  570.00000    	  571.00000    	  4.7472595    	 0.21651317    
  571.00000    	  572.00000    	  3.6068191    	 0.18655750    
  572.00000    	  573.00000    	 -3.6046175    	 0.30924096    
  573.00000    	  574.00000    	 -2.8216889    	 0.29280283    
  574.00000    	  575.00000    	 -2.6009474    	 0.28554146    
  575.00000    	  576.00000    	 -1.8723413    	 0.29770425    
  576.00000    	  577.00000    	 0.48743444    	 0.30808084    
  577.00000    	  578.00000    	 0.43920789    	 0.27788023    
  578.00000    	  579.00000    	 0.88550391    	 0.27402368    
  579.00000    	  580.00000    	  2.4788356    	 0.31720950    
  580.00000    	  581.00000    	  3.2399301    	 0.26241610    
  581.00000    	  582.00000    	  4.1537760    	 0.27774483    
  582.00000    	  583.00000    	  4.6598198    	 0.27127206    
  583.00000    	  584.00000    	  5.3657061    	 0.28280405    
  584.00000    	  585.00000    	  5.6421089    	 0.24623767    
  585.00000    	  586.00000    	  5.7658436    	 0.25508527    
  586.00000    	  587.00000    	  6.2200006    	 0.25165427    
  587.00000    	  588.00000    	  5.6944656    	 0.26676030    
  588.00000    	  589.00000    	  5.4849542    	 0.23371361    
  589.00000    	  590.00000    	  5.1671004    	 0.22079061    
  590.00000    	  591.00000    	  4.9270746    	 0.24771949    
  591.00000    	  592.00000    	  4.5800513    	 0.23261453    
  592.00000    	  593.00000    	  4.1356162    	 0.20428314    
  593.00000    	  594.00000    	  3.8435410    	 0.18587379    
  594.00000    	  595.00000    	 -3.9755502    	 0.28837616    
  595.00000    	  596.00000    	 -3.2820392    	 0.27949218    
  596.00000    	  597.00000    	 -2.1888990    	 0.28909814    
  597.00000    	  598.00000    	-0.95624459    	 0.30002613    
  598.00000    	  599.00000    	-0.90174929    	 0.30675355    
  599.00000    	  600.00000    	 0.43849248    	 0.27842689    
  600.00000    	  601.00000    	  2.2907446    	 0.28377952    
  601.00000    	  602.00000    	  2.1277639    	 0.28198212    
  602.00000    	  603.00000    	  3.2227898    	 0.27515079    
  603.00000    	  604.00000    	  3.9971559    	 0.28194106    
  604.00000    	  605.00000    	  4.1891036    	 0.26153767    
  605.00000    	  606.00000    	  4.9747288    	 0.27177880    
  606.00000    	  607.00000    	  5.5712580    	 0.26879338    
  607.00000    	  608.00000    	  5.2542521    	 0.24253036    
  608.00000    	  609.00000    	  5.3967239    	 0.23394419    
  609.00000    	  610.00000    	  5.4171396    	 0.26712326    
  610.00000    	  611.00000    	  5.2421364    	 0.22853102    
  611.00000    	  612.00000    	  5.0298640    	 0.23476113    
  612.00000    	  613.00000    	  4.6015883    	 0.24121667    
  613.00000    	  614.00000    	  4.5256074    	 0.22899561    
  614.00000    	  615.00000    	  4.1039575    	 0.20832821    
  615.00000    	  616.00000    	  3.8438588    	 0.17638765    
  616.00000    	  617.00000    	 -3.2330920    	 0.30453014    
  617.00000    	  618.00000    	 -2.6760630    	 0.27426272    
  618.00000    	  619.00000    	 -2.0746365    	 0.28601443    
  619.00000    	  620.00000    	 -1.5700668    	 0.27937877    
  620.00000    	  621.00000    	 0.61905606E-01	 0.28657992    
  621.00000    	  622.00000    	 0.36558206    	 0.27969290    
  622.00000    	  623.00000    	  1.3927482    	 0.29737145    
  623.00000    	  624.00000    	  2.6626014    	 0.28189960    
  624.00000    	  625.00000    	  2.9984699    	 0.26248028    
  625.00000    	  626.00000    	  4.1599013    	 0.29129017    
  626.00000    	  627.00000    	  4.8386362    	 0.26305949    
  627.00000    	  628.00000    	  4.7731354    	 0.25746278    
  628.00000    	  629.00000    	  5.2106070    	 0.26042684    
  629.00000    	  630.00000    	  5.4639038    	 0.23284513    
  630.00000    	  631.00000    	  5.5874774    	 0.23657430    
  631.00000    	  632.00000    	  5.1298072    	 0.25457761    
  632.00000    	  633.00000    	  5.1601523    	 0.22296605    
  633.00000    	  634.00000    	  4.6814163    	 0.22452066    
  634.00000    	  635.00000    	  4.4270238    	 0.22474466    
  635.00000    	  636.00000    	  3.7506423    	 0.21043084    
  636.00000    	  637.00000    	  4.0773874    	 0.19100426    
  637.00000    	  638.00000    	  3.5142024    	 0.20854225    
  638.00000    	  639.00000    	 -3.2696387    	 0.31147046    
  639.00000    	  640.00000    	 -2.7261082    	 0.27698142    
  640.00000    	  641.00000    	 -1.7795613    	 0.28683529    
  641.00000    	  642.00000    	 -1.0423083    	 0.29071595    
  642.00000    	  643.00000    	-0.53918428    	 0.30663260    
  643.00000    	  644.00000    	 0.70943417    	 0.27626423    
  644.00000    	  645.00000    	  1.4562083    	 0.29491515    
  645.00000    	  646.00000    	  1.8954049    	 0.29740210    
  646.00000    	  647.00000    	  3.3852015    	 0.26265228    
  647.00000    	  648.00000    	  3.8110857    	 0.27078027    
  648.00000    	  649.00000    	  3.9715502    	 0.26187884    
  649.00000    	  650.00000    	  4.3255305    	 0.26492226    
  650.00000    	  651.00000    	  4.7903080    	 0.24361991    
  651.00000    	  652.00000    	  5.2197684    	 0.23927351    
  652.00000    	  653.00000    	  4.8744046    	 0.23353428    
  653.00000    	  654.00000    	  5.3799265    	 0.22247777    
  654.00000    	  655.00000    	  4.7293397    	 0.22902827    
  655.00000    	  656.00000    	  4.9693888    	 0.25017219    
  656.00000    	  657.00000    	  4.3477078    	 0.19461028    
  657.00000    	  658.00000    	  4.4212798    	 0.18521407    
  658.00000    	  659.00000    	  3.7151310    	 0.18414006    
  659.00000    	  660.00000    	  3.1443122    	 0.23191219    
  660.00000    	  661.00000    	 -3.1453717    	 0.27626928    
  661.00000    	  662.00000    	 -2.4933844    	 0.27452717    
  662.00000    	  663.00000    	 -2.0850975    	 0.29236541    
  663.00000    	  664.00000    	 -1.1759924    	 0.28848307    
  664.00000    	  665.00000    	-0.52068330    	 0.28192193    
  665.00000    	  666.00000    	 0.78184592    	 0.27669570    
  666.00000    	  667.00000    	  1.5015432    	 0.30321733    
  667.00000    	  668.00000    	  2.0104280    	 0.28479725    
  668.00000    	  669.00000    	  3.2984908    	 0.28314075    
  669.00000    	  670.00000    	  3.2539465    	 0.28697330    
  670.00000    	  671.00000    	  4.3174338    	 0.28940862    
  671.00000    	  672.00000    	  4.6929234    	 0.24014078    
  672.00000    	  673.00000    	  4.3015221    	 0.24444052    
  673.00000    	  674.00000    	  4.7850953    	 0.23635216    
  674.00000    	  675.00000    	  4.9220612    	 0.24377715    
  675.00000    	  676.00000    	  4.9783003    	 0.21658565    
  676.00000    	  677.00000    	  4.7137143    	 0.21548807    
  677.00000    	  678.00000    	  4.6065376    	 0.23522344    
  678.00000    	  679.00000    	  4.4716544    	 0.21554223    
  679.00000    	  680.00000    	  4.0901505    	 0.20523745    
  680.00000    	  681.00000    	  3.5306429    	 0.21016490    
  681.00000    	  682.00000    	  2.9536697    	 0.19703995    
  682.00000    	  683.00000    	 -3.7782928    	 0.29427946    
  683.00000    	  684.00000    	 -2.7650229    	 0.26406471    
  684.00000    	  685.00000    	 -1.6423421    	 0.27176964    
  685.00000    	  686.00000    	 -1.6474146    	 0.29178193    
  686.00000    	  687.00000    	-0.72681910    	 0.28829909    
  687.00000    	  688.00000    	 0.70458721    	 0.28795927    
  688.00000    	  689.00000    	  1.4473115    	 0.28653104    
  689.00000    	  690.00000    	  2.5086440    	 0.24506051    
  690.00000    	  691.00000    	  2.8241380    	 0.30065341    
  691.00000    	  692.00000    	  3.3114082    	 0.28735025    
  692.00000    	  693.00000    	  3.9872488    	 0.25395801    
  693.00000    	  694.00000    	  4.3871547    	 0.24839604    
  694.00000    	  695.00000    	  4.7351091    	 0.23931456    
  695.00000    	  696.00000    	  4.6180050    	 0.23849547    
  696.00000    	  697.00000    	  4.3005673    	 0.24046306    
  697.00000    	  698.00000    	  4.7827768    	 0.22895405    
  698.00000    	  699.00000    	  4.4229786    	 0.20891994    
  699.00000    	  700.00000    	  4.3596854    	 0.23090877    
  700.00000    	  701.00000    	  3.8337755    	 0.21048667    
  701.00000    	  702.00000    	  3.5297794    	 0.20189371    
  702.00000    	  703.00000    	  3.3772900    	 0.20450833    
  703.00000    	  704.00000    	  3.1291961    	 0.18440210    
  704.00000    	  705.00000    	 -2.1669907    	 0.31670269    
  705.00000    	  706.00000    	 -2.1898224    	 0.27048463    
  706.00000    	  707.00000    	 -1.8137232    	 0.26384517    
  707.00000    	  708.00000    	 -1.2483196    	 0.28112442    
  708.00000    	  709.00000    	-0.45070890    	 0.27107956    
  709.00000    	  710.00000    	 0.30526208    	 0.28910581    
  710.00000    	  711.00000    	  1.3055000    	 0.27850020    
  711.00000    	  712.00000    	  1.9795736    	 0.25446925    
  712.00000    	  713.00000    	  2.8099165    	 0.29295148    
  713.00000    	  714.00000    	  3.8472964    	 0.27320607    
  714.00000    	  715.00000    	  3.7224727    	 0.25512437    
  715.00000    	  716.00000    	  4.1316474    	 0.26270687    
  716.00000    	  717.00000    	  4.3668324    	 0.23416397    
  717.00000    	  718.00000    	  4.6505502    	 0.22633680    
  718.00000    	  719.00000    	  4.7049211    	 0.22861739    
  719.00000    	  720.00000    	  4.2347748    	 0.22225018    
  720.00000    	  721.00000    	  4.3335215    	 0.19286497    
  721.00000    	  722.00000    	  4.3943194    	 0.21950858    
  722.00000    	  723.00000    	  3.4006798    	 0.20017645    
  723.00000    	  724.00000    	  3.6164125    	 0.20554103    
  724.00000    	  725.00000    	  3.4415216    	 0.18227567    
  725.00000    	  726.00000    	  3.1290573    	 0.17677018    
  726.00000    	  727.00000    	 -3.3924273    	 0.28153667    
  727.00000    	  728.00000    	 -2.4924680    	 0.24744393    
  728.00000    	  729.00000    	 -2.1326108    	 0.26951527    
  729.00000    	  730.00000    	-0.99179717    	 0.27330854    
  730.00000    	  731.00000    	-0.11471405    	 0.29115682    
  731.00000    	  732.00000    	 0.11660083    	 0.30135130    
  732.00000    	  733.00000    	  1.2358122    	 0.27097121    
  733.00000    	  734.00000    	  1.8002034    	 0.26057869    
  734.00000    	  735.00000    	  2.4551953    	 0.26745944    
  735.00000    	  736.00000    	  2.8620972    	 0.27595207    
  736.00000    	  737.00000    	  3.6222406    	 0.25659434    
  737.00000    	  738.00000    	  4.1301012    	 0.24368543    
  738.00000    	  739.00000    	  4.1733531    	 0.24300579    
  739.00000    	  740.00000    	  4.6255069    	 0.21584278    
  740.00000    	  741.00000    	  4.2325389    	 0.21870839    
  741.00000    	  742.00000    	  4.7436834    	 0.21072773    
  742.00000    	  743.00000    	  4.1898549    	 0.18925800    
  743.00000    	  744.00000    	  4.2021528    	 0.21790235    
  744.00000    	  745.00000    	  4.2294848    	 0.18240854    
  745.00000    	  746.00000    	  3.9236858    	 0.22610943    
  746.00000    	  747.00000    	  3.2839178    	 0.19142676    
  747.00000    	  748.00000    	  3.2520691    	 0.16403652    
  748.00000    	  749.00000    	 -2.5704486    	 0.28252598    
  749.00000    	  750.00000    	 -1.9710615    	 0.25731038    
  750.00000    	  751.00000    	 -1.6801950    	 0.28650543    
  751.00000    	  752.00000    	 -1.2972273    	 0.25651573    
  752.00000    	  753.00000    	-0.53213288E-01	 0.30203872    
  753.00000    	  754.00000    	 0.66039337    	 0.27409301    
  754.00000    	  755.00000    	  1.2748885    	 0.26392316    
  755.00000    	  756.00000    	  1.7827671    	 0.27612715    
  756.00000    	  757.00000    	  2.2048277    	 0.28075005    
  757.00000    	  758.00000    	  3.1249410    	 0.23806500    
  758.00000    	  759.00000    	  3.4740292    	 0.24438650    
  759.00000    	  760.00000    	  3.9052198    	 0.26294845    
  760.00000    	  761.00000    	  4.0257154    	 0.22812507    
  761.00000    	  762.00000    	  4.3982430    	 0.22005700    
  762.00000    	  763.00000    	  4.6003648    	 0.21242910    
  763.00000    	  764.00000    	  4.1783195    	 0.20549184    
  764.00000    	  765.00000    	  4.3164094    	 0.20152456    
  765.00000    	  766.00000    	  3.5942165    	 0.20216311    
  766.00000    	  767.00000    	  3.8281371    	 0.18591015    
  767.00000    	  768.00000    	  3.0729937    	 0.19722862    
  768.00000    	  769.00000    	  3.2338928    	 0.20295518    
  769.00000    	  770.00000    	  2.8497836    	 0.18314839    
  770.00000    	  771.00000    	 -2.5969392    	 0.25999965    
  771.00000    	  772.00000    	 -2.0094328    	 0.25143764    
  772.00000    	  773.00000    	 -1.7663049    	 0.27349378    
  773.00000    	  774.00000    	-0.91724689    	 0.28364662    
  774.00000    	  775.00000    	-0.63880009    	 0.29160764    
  775.00000    	  776.00000    	 0.25565666    	 0.27571564    
  776.00000    	  777.00000    	  1.3765126    	 0.28511953    
  777.00000    	  778.00000    	  1.8858411    	 0.24804122    
  778.00000    	  779.00000    	  2.3785064    	 0.25702191    
  779.00000    	  780.00000    	  3.0147599    	 0.26640399    
  780.00000    	  781.00000    	  3.1985642    	 0.23391491    
  781.00000    	  782.00000    	  3.8187728    	 0.26399536    
  782.00000    	  783.00000    	  4.3897856    	 0.23364879    
  783.00000    	  784.00000    	  4.0118965    	 0.20106044    
  784.00000    	  785.00000    	  4.0473941    	 0.20192259    
  785.00000    	  786.00000    	  4.4066138    	 0.22551519    
  786.00000    	  787.00000    	  4.0397233    	 0.20888516    
  787.00000    	  788.00000    	  4.0293032    	 0.21016139    
  788.00000    	  789.00000    	  3.1828914    	 0.20055426    
  789.00000    	  790.00000    	  3.3426252    	 0.18042295    
  790.00000    	  791.00000    	  3.2817059    	 0.20014773    
  791.00000    	  792.00000    	  2.6891908    	 0.17202736    
  792.00000    	  793.00000    	 -2.9485913    	 0.25615115    
  793.00000    	  794.00000    	 -2.6754449    	 0.23612798    
  794.00000    	  795.00000    	 -1.6810421    	 0.27376993    
  795.00000    	  796.00000    	 -1.0360649    	 0.29077673    
  796.00000    	  797.00000    	-0.56493537    	 0.27386447    
  797.00000    	  798.00000    	 0.29217670    	 0.28299497    
  798.00000    	  799.00000    	  1.2096245    	 0.27535046    
  799.00000    	  800.00000    	  1.8256592    	 0.27852549    
  800.00000    	  801.00000    	  2.1381620    	 0.27298970    
  801.00000    	  802.00000    	  2.6218758    	 0.24743471    
  802.00000    	  803.00000    	  3.1325350    	 0.21305551    
  803.00000    	  804.00000    	  3.5522278    	 0.25706541    
  804.00000    	  805.00000    	  3.8233789    	 0.21003617    
  805.00000    	  806.00000    	  3.8195391    	 0.22961167    
  806.00000    	  807.00000    	  4.2015021    	 0.20985381    
  807.00000    	  808.00000    	  3.9988100    	 0.20690624    
  808.00000    	  809.00000    	  4.0579413    	 0.20833006    
  809.00000    	  810.00000    	  3.7032625    	 0.21879386    
  810.00000    	  811.00000    	  3.4583899    	 0.20559377    
  811.00000    	  812.00000    	  3.2567691    	 0.20213126    
  812.00000    	  813.00000    	  2.9381578    	 0.19878570    
  813.00000    	  814.00000    	  2.3084374    	 0.15993521    
  814.00000    	  815.00000    	 -2.7860470    	 0.26924638    
  815.00000    	  816.00000    	 -2.1891043    	 0.23364478    
  816.00000    	  817.00000    	 -1.8745688    	 0.27113087    
  817.00000    	  818.00000    	 -1.2460986    	 0.28138461    
  818.00000    	  819.00000    	-0.34727343    	 0.27078273    
  819.00000    	  820.00000    	-0.10520998    	 0.26323880    
  820.00000    	  821.00000    	  1.0023737    	 0.28243585    
  821.00000    	  822.00000    	  1.8384081    	 0.25853791    
  822.00000    	  823.00000    	  2.1312925    	 0.25290769    
  823.00000    	  824.00000    	  3.1064887    	 0.24723683    
  824.00000    	  825.00000    	  3.2491561    	 0.21616602    
  825.00000    	  826.00000    	  3.3120790    	 0.22554813    
  826.00000    	  827.00000    	  3.3922976    	 0.20956455    
  827.00000    	  828.00000    	  3.7546410    	 0.20531960    
  828.00000    	  829.00000    	  3.8051768    	 0.19791346    
  829.00000    	  830.00000    	  3.5634718    	 0.20348063    
  830.00000    	  831.00000    	  3.5997389    	 0.18640537    
  831.00000    	  832.00000    	  3.3130486    	 0.20497254    
  832.00000    	  833.00000    	  3.3607399    	 0.19422184    
  833.00000    	  834.00000    	  2.9446567    	 0.17832349    
  834.00000    	  835.00000    	  2.7824006    	 0.18325068    
  835.00000    	  836.00000    	  2.6567657    	 0.16441767    
  836.00000    	  837.00000    	 -2.5509523    	 0.24771169    
  837.00000    	  838.00000    	 -2.1176724    	 0.23238013    
  838.00000    	  839.00000    	 -1.8248647    	 0.26178500    
  839.00000    	  840.00000    	 -1.1239293    	 0.26117064    
  840.00000    	  841.00000    	-0.48522234    	 0.25935535    
  841.00000    	  842.00000    	 0.92126958E-01	 0.25349547    
  842.00000    	  843.00000    	 0.78367347    	 0.28271938    
  843.00000    	  844.00000    	  1.7825124    	 0.24610795    
  844.00000    	  845.00000    	  2.4281986    	 0.25108034    
  845.00000    	  846.00000    	  2.6604064    	 0.25940549    
  846.00000    	  847.00000    	  3.3452179    	 0.23603638    
  847.00000    	  848.00000    	  3.8002647    	 0.21283297    
  848.00000    	  849.00000    	  3.8811587    	 0.23287911    
  849.00000    	  850.00000    	  3.9098662    	 0.20789884    
  850.00000    	  851.00000    	  4.1181774    	 0.18024745    
  851.00000    	  852.00000    	  3.6842000    	 0.20385664    
  852.00000    	  853.00000    	  3.5439032    	 0.21302847    
  853.00000    	  854.00000    	  3.2498356    	 0.19899282    
  854.00000    	  855.00000    	  3.2024655    	 0.18670819    
  855.00000    	  856.00000    	  2.8339037    	 0.19522508    
  856.00000    	  857.00000    	  2.6620143    	 0.17583225    
  857.00000    	  858.00000    	  2.5944726    	 0.17367442    
  858.00000    	  859.00000    	 -2.0272697    	 0.23236093    
  859.00000    	  860.00000    	 -2.1164589    	 0.24959569    
  860.00000    	  861.00000    	 -1.4227486    	 0.26662338    
  861.00000    	  862.00000    	 -1.1744289    	 0.28384610    
  862.00000    	  863.00000    	-0.25843315    	 0.29306652    
  863.00000    	  864.00000    	 0.36254542    	 0.25401012    
  864.00000    	  865.00000    	 0.72263193    	 0.27756209    
  865.00000    	  866.00000    	  1.3003558    	 0.23566651    
  866.00000    	  867.00000    	  1.9678105    	 0.27283481    
  867.00000    	  868.00000    	  2.7237695    	 0.23003794    
  868.00000    	  869.00000    	  3.0654806    	 0.22369513    
  869.00000    	  870.00000    	  3.2982140    	 0.22507887    
  870.00000    	  871.00000    	  3.7057747    	 0.24662585    
  871.00000    	  872.00000    	  3.5897783    	 0.20141707    
  872.00000    	  873.00000    	  3.5550307    	 0.19358258    
  873.00000    	  874.00000    	  3.6851546    	 0.21352369    
  874.00000    	  875.00000    	  3.4015599    	 0.19158484    
  875.00000    	  876.00000    	  3.3083035    	 0.18679655    
  876.00000    	  877.00000    	  3.2157537    	 0.17551751    
  877.00000    	  878.00000    	  2.6791861    	 0.18884153    
  878.00000    	  879.00000    	  2.7671185    	 0.17140214    
  879.00000    	  880.00000    	  2.1213084    	 0.17298075    
  880.00000    	  881.00000    	 -2.5788665    	 0.24940298    
  881.00000    	  882.00000    	 -1.9233142    	 0.21863587    
  882.00000    	  883.00000    	 -1.5051801    	 0.27559138    
  883.00000    	  884.00000    	-0.60890826    	 0.27465033    
  884.00000    	  885.00000    	-0.41156980    	 0.26603584    
  885.00000    	  886.00000    	 0.78554779    	 0.25469341    
  886.00000    	  887.00000    	 0.71764318    	 0.27312736    
  887.00000    	  888.00000    	  1.4465963    	 0.26483953    
  888.00000    	  889.00000    	  2.0158014    	 0.26732581    
  889.00000    	  890.00000    	  2.6831038    	 0.22581898    
  890.00000    	  891.00000    	  3.0615858    	 0.22860498    
  891.00000    	  892.00000    	  3.1474645    	 0.20172696    
  892.00000    	  893.00000    	  3.4718195    	 0.23525121    
  893.00000    	  894.00000    	  3.6421301    	 0.21397500    
  894.00000    	  895.00000    	  3.5216263    	 0.20615986    
  895.00000    	  896.00000    	  3.3912788    	 0.20426091    
  896.00000    	  897.00000    	  3.1674956    	 0.18281212    
  897.00000    	  898.00000    	  2.9404378    	 0.17573704    
  898.00000    	  899.00000    	  2.8119900    	 0.19803483    
  899.00000    	  900.00000    	  3.0257106    	 0.18828447    
  900.00000    	  901.00000    	  2.6656489    	 0.15615153    
  901.00000    	  902.00000    	  2.7099134    	 0.19104117    
  902.00000    	  903.00000    	 -2.5922353    	 0.23415116    
  903.00000    	  904.00000    	 -2.0041014    	 0.22354133    
  904.00000    	  905.00000    	 -1.0873799    	 0.25955023    
  905.00000    	  906.00000    	-0.84108991    	 0.26508513    
  906.00000    	  907.00000    	-0.83098656    	 0.27330115    
  907.00000    	  908.00000    	-0.27119022E-01	 0.27933795    
  908.00000    	  909.00000    	 0.85478058    	 0.30659087    
  909.00000    	  910.00000    	  1.8228629    	 0.25965630    
  910.00000    	  911.00000    	  1.9630348    	 0.25827035    
  911.00000    	  912.00000    	  2.1824827    	 0.26094095    
  912.00000    	  913.00000    	  2.8505038    	 0.22868621    
  913.00000    	  914.00000    	  3.1480454    	 0.20993517    
  914.00000    	  915.00000    	  3.2773983    	 0.22727958    
  915.00000    	  916.00000    	  3.2972921    	 0.20163609    
  916.00000    	  917.00000    	  3.4355713    	 0.21027466    
  917.00000    	  918.00000    	  3.6390476    	 0.22526257    
  918.00000    	  919.00000    	  3.1121620    	 0.17697976    
  919.00000    	  920.00000    	  3.0858379    	 0.17198827    
  920.00000    	  921.00000    	  2.9467766    	 0.19169966    
  921.00000    	  922.00000    	  2.5556211    	 0.19102145    
  922.00000    	  923.00000    	  2.1633992    	 0.16900442    
  923.00000    	  924.00000    	  2.2270941    	 0.17569524    
  924.00000    	  925.00000    	 -1.8769312    	 0.27560699    
  925.00000    	  926.00000    	 -1.8789928    	 0.22764486    
  926.00000    	  927.00000    	 -1.6510993    	 0.25379335    
  927.00000    	  928.00000    	 -1.1587639    	 0.24604151    
  928.00000    	  929.00000    	-0.24090330E-01	 0.28198467    
  929.00000    	  930.00000    	 0.48969830    	 0.24286722    
  930.00000    	  931.00000    	 0.56664144    	 0.27566846    
  931.00000    	  932.00000    	  1.6361102    	 0.26840359    
  932.00000    	  933.00000    	  1.4891027    	 0.24201188    
  933.00000    	  934.00000    	  2.2548561    	 0.25278236    
  934.00000    	  935.00000    	  2.6739143    	 0.23374345    
  935.00000    	  936.00000    	  3.3258055    	 0.23557950    
  936.00000    	  937.00000    	  3.1167884    	 0.22839846    
  937.00000    	  938.00000    	  3.1237253    	 0.18693514    
  938.00000    	  939.00000    	  3.3847091    	 0.20601474    
  939.00000    	  940.00000    	  3.0834406    	 0.18672759    
  940.00000    	  941.00000    	  3.3502475    	 0.19302357    
  941.00000    	  942.00000    	  3.1059018    	 0.17273045    
  942.00000    	  943.00000    	  2.6172962    	 0.17270846    
  943.00000    	  944.00000    	  2.7985703    	 0.18245280    
  944.00000    	  945.00000    	  2.6136459    	 0.15595933    
  945.00000    	  946.00000    	  2.1781125    	 0.15923960    
  946.00000    	  947.00000    	 -2.3456318    	 0.24760793    
  947.00000    	  948.00000    	 -1.9691931    	 0.24826888    
  948.00000    	  949.00000    	 -1.6487252    	 0.26918688    
  949.00000    	  950.00000    	-0.86198982    	 0.23941452    
  950.00000    	  951.00000    	-0.40541394    	 0.28630263    
  951.00000    	  952.00000    	 0.30093620    	 0.25110153    
  952.00000    	  953.00000    	 0.94389589    	 0.25724681    
  953.00000    	  954.00000    	  1.3021931    	 0.25288014    
  954.00000    	  955.00000    	  2.0238266    	 0.22302954    
  955.00000    	  956.00000    	  2.7037399    	 0.23074256    
  956.00000    	  957.00000    	  2.5122929    	 0.22568465    
  957.00000    	  958.00000    	  2.8191422    	 0.23739771    
  958.00000    	  959.00000    	  3.4361706    	 0.22764386    
  959.00000    	  960.00000    	  3.0969280    	 0.21358455    
  960.00000    	  961.00000    	  2.7486093    	 0.21280820    
  961.00000    	  962.00000    	  3.1246188    	 0.19033868    
  962.00000    	  963.00000    	  3.5463320    	 0.17904001    
  963.00000    	  964.00000    	  2.7016940    	 0.16809349    
  964.00000    	  965.00000    	  2.7769966    	 0.17905203    
  965.00000    	  966.00000    	  2.8023924    	 0.20229011    
  966.00000    	  967.00000    	  1.7702161    	 0.15860144    
  967.00000    	  968.00000    	  2.1296753    	 0.16044253    
  968.00000    	  969.00000    	 -2.0680393    	 0.23816420    
  969.00000    	  970.00000    	 -1.6642629    	 0.24316483    
  970.00000    	  971.00000    	 -1.2034053    	 0.25570322    
  971.00000    	  972.00000    	 -1.0863050    	 0.25664081    
  972.00000    	  973.00000    	-0.42857458    	 0.29967443    
  973.00000    	  974.00000    	-0.43738723E-01	 0.27286348    
  974.00000    	  975.00000    	 0.95677656    	 0.24727453    
  975.00000    	  976.00000    	  1.4829315    	 0.27227168    
  976.00000    	  977.00000    	  2.0432142    	 0.24585700    
  977.00000    	  978.00000    	  1.7710751    	 0.24452728    
  978.00000    	  979.00000    	  2.4939125    	 0.21612442    
  979.00000    	  980.00000    	  2.8877044    	 0.23749348    
  980.00000    	  981.00000    	  2.7936356    	 0.21559971    
  981.00000    	  982.00000    	  3.2691595    	 0.20615049    
  982.00000    	  983.00000    	  3.3197336    	 0.19934329    
  983.00000    	  984.00000    	  2.9172589    	 0.18428270    
  984.00000    	  985.00000    	  2.6840074    	 0.20438543    
  985.00000    	  986.00000    	  2.8033135    	 0.17727104    
  986.00000    	  987.00000    	  2.5516066    	 0.17825840    
  987.00000    	  988.00000    	  2.3449053    	 0.18266386    
  988.00000    	  989.00000    	  2.4549245    	 0.15517451    
  989.00000    	  990.00000    	  2.0073029    	 0.15428023    
  990.00000    	  991.00000    	 -2.0007035    	 0.24366514    
  991.00000    	  992.00000    	 -1.8623687    	 0.25608751    
  992.00000    	  993.00000    	 -1.2781232    	 0.26018727    
  993.00000    	  994.00000    	-0.66882166    	 0.24900573    
  994.00000    	  995.00000    	-0.67715983    	 0.28940039    
  995.00000    	  996.00000    	 0.78612070    	 0.25175628    
  996.00000    	  997.00000    	 0.65669707    	 0.25784503    
  997.00000    	  998.00000    	  1.5206568    	 0.26565823    
  998.00000    	  999.00000    	  1.8948618    	 0.24137731    
  999.00000    	  1000.0000    	  2.1091048    	 0.23247535    
  1000.0000    	  1001.0000    	  2.7978960    	 0.22563392    
  1001.0000    	  1002.0000    	  2.6537435    	 0.23840260    
  1002.0000    	  1003.0000    	  2.9629259    	 0.20915372    
  1003.0000    	  1004.0000    	  3.1518976    	 0.21211514    
  1004.0000    	  1005.0000    	  3.1978076    	 0.20729627    
  1005.0000    	  1006.0000    	  3.1469692    	 0.19206702    
  1006.0000    	  1007.0000    	  2.9022239    	 0.20856800    
  1007.0000    	  1008.0000    	  2.8498919    	 0.17324968    
  1008.0000    	  1009.0000    	  2.6661063    	 0.16914489    
  1009.0000    	  1010.0000    	  2.5021019    	 0.14837471    
  1010.0000    	  1011.0000    	  2.5803029    	 0.15512846    
  1011.0000    	  1012.0000    	  1.8141031    	 0.14466803    
  1012.0000    	  1013.0000    	 -2.0918635    	 0.24464285    
  1013.0000    	  1014.0000    	 -1.4267898    	 0.26821338    
  1014.0000    	  1015.0000    	 -1.5547722    	 0.22827299    
  1015.0000    	  1016.0000    	-0.95671276    	 0.24546975    
  1016.0000    	  1017.0000    	-0.24208664    	 0.25737269    
  1017.0000    	  1018.0000    	-0.37638801    	 0.23386771    
  1018.0000    	  1019.0000    	 0.91481338    	 0.24156357    
  1019.0000    	  1020.0000    	  1.2658284    	 0.23903821    
  1020.0000    	  1021.0000    	  1.5707269    	 0.26034597    
  1021.0000    	  1022.0000    	  2.0724665    	 0.22457722    
  1022.0000    	  1023.0000    	  2.3412890    	 0.23687396    
  1023.0000    	  1024.0000    	  2.1457456    	 0.24126183    
  1024.0000    	  1025.0000    	  2.7891528    	 0.19869569    
  1025.0000    	  1026.0000    	  2.9402000    	 0.20398178    
  1026.0000    	  1027.0000    	  2.5728416    	 0.18005270    
  1027.0000    	  1028.0000    	  2.7313460    	 0.19373869    
  1028.0000    	  1029.0000    	  2.5659395    	 0.18258605    
  1029.0000    	  1030.0000    	  2.7620862    	 0.18628513    
  1030.0000    	  1031.0000    	  2.5373075    	 0.16453351    
  1031.0000    	  1032.0000    	  2.2630039    	 0.15647383    
  1032.0000    	  1033.0000    	  1.9336454    	 0.14577301    
  1033.0000    	  1034.0000    	  2.1258024    	 0.14597808    
  1034.0000    	  1035.0000    	 -1.8159317    	 0.23867554    
  1035.0000    	  1036.0000    	 -1.4217053    	 0.25463054    
  1036.0000    	  1037.0000    	 -1.0318761    	 0.23167831    
  1037.0000    	  1038.0000    	-0.45156859    	 0.24126261    
  1038.0000    	  1039.0000    	-0.10379819E-01	 0.24306891    
  1039.0000    	  1040.0000    	 0.49983782    	 0.25177235    
  1040.0000    	  1041.0000    	 0.70459503    	 0.25786296    
  1041.0000    	  1042.0000    	  1.5973565    	 0.24710176    
  1042.0000    	  1043.0000    	  1.6310094    	 0.24396252    
  1043.0000    	  1044.0000    	  1.9053126    	 0.25158924    
  1044.0000    	  1045.0000    	  2.1194136    	 0.21917709    
  1045.0000    	  1046.0000    	  2.5322621    	 0.19856841    
  1046.0000    	  1047.0000    	  2.5683805    	 0.20645605    
  1047.0000    	  1048.0000    	  2.7320238    	 0.17924608    
  1048.0000    	  1049.0000    	  3.0888749    	 0.19891783    
  1049.0000    	  1050.0000    	  2.8047858    	 0.17559986    
  1050.0000    	  1051.0000    	  2.7609993    	 0.17856249    
  1051.0000    	  1052.0000    	  2.7551207    	 0.16046333    
  1052.0000    	  1053.0000    	  2.4685681    	 0.16247110    
  1053.0000    	  1054.0000    	  2.1946644    	 0.16521051    
  1054.0000    	  1055.0000    	  1.9486134    	 0.15232816    
  1055.0000    	  1056.0000    	  1.6559547    	 0.15445742    
  1056.0000    	  1057.0000    	 -2.0620018    	 0.22218383    
  1057.0000    	  1058.0000    	 -1.8843581    	 0.24044594    
  1058.0000    	  1059.0000    	 -1.1926903    	 0.23341620    
  1059.0000    	  1060.0000    	 -1.1222214    	 0.25097298    
  1060.0000    	  1061.0000    	-0.66455286    	 0.27825719    
  1061.0000    	  1062.0000    	 0.48621973E-01	 0.23560563    
  1062.0000    	  1063.0000    	 0.96442745    	 0.28539076    
  1063.0000    	  1064.0000    	 0.94254993    	 0.24490599    
  1064.0000    	  1065.0000    	  1.5704848    	 0.26074898    
  1065.0000    	  1066.0000    	  1.9998388    	 0.23333472    
  1066.0000    	  1067.0000    	  2.2800507    	 0.22903760    
  1067.0000    	  1068.0000    	  2.2357533    	 0.19088920    
  1068.0000    	  1069.0000    	  2.5823520    	 0.18559230    
  1069.0000    	  1070.0000    	  2.7234510    	 0.17291299    
  1070.0000    	  1071.0000    	  2.8804473    	 0.18447380    
  1071.0000    	  1072.0000    	  2.9656203    	 0.17650100    
  1072.0000    	  1073.0000    	  2.4787972    	 0.17143045    
  1073.0000    	  1074.0000    	  2.6264134    	 0.19555255    
  1074.0000    	  1075.0000    	  2.0735896    	 0.16124320    
  1075.0000    	  1076.0000    	  2.3087613    	 0.15722196    
  1076.0000    	  1077.0000    	  1.8554920    	 0.16260622    
  1077.0000    	  1078.0000    	  1.9297278    	 0.15228298    
  1078.0000    	  1079.0000    	 -1.7639630    	 0.22246561    
  1079.0000    	  1080.0000    	 -1.5809173    	 0.20521256    
  1080.0000    	  1081.0000    	-0.92966418    	 0.26749685    
  1081.0000    	  1082.0000    	-0.87053119    	 0.26495012    
  1082.0000    	  1083.0000    	-0.84355413E-01	 0.28312773    
  1083.0000    	  1084.0000    	-0.52349076E-01	 0.25254261    
  1084.0000    	  1085.0000    	 0.75890840    	 0.30759070    
  1085.0000    	  1086.0000    	 0.95549065    	 0.22518145    
  1086.0000    	  1087.0000    	  1.3568725    	 0.24239775    
  1087.0000    	  1088.0000    	  1.9981434    	 0.24257832    
  1088.0000    	  1089.0000    	  2.1013802    	 0.20392714    
  1089.0000    	  1090.0000    	  2.6123443    	 0.19261660    
  1090.0000    	  1091.0000    	  2.4196326    	 0.17970505    
  1091.0000    	  1092.0000    	  2.2468211    	 0.19448487    
  1092.0000    	  1093.0000    	  2.5848571    	 0.18746614    
  1093.0000    	  1094.0000    	  2.7414328    	 0.18344087    
  1094.0000    	  1095.0000    	  2.6586761    	 0.15680359    
  1095.0000    	  1096.0000    	  2.2396856    	 0.17501669    
  1096.0000    	  1097.0000    	  2.3848124    	 0.14650098    
  1097.0000    	  1098.0000    	  2.1659689    	 0.15926715    
  1098.0000    	  1099.0000    	  1.9643981    	 0.14402601    
  1099.0000    	  1100.0000    	  1.7948344    	 0.14886213    
  1100.0000    	  1101.0000    	 -1.7004343    	 0.21830341    
  1101.0000    	  1102.0000    	 -1.6150531    	 0.22958302    
  1102.0000    	  1103.0000    	 -1.1914255    	 0.22253681    
  1103.0000    	  1104.0000    	 -1.1052943    	 0.28676265    
  1104.0000    	  1105.0000    	-0.97948331E-01	 0.26420485    
  1105.0000    	  1106.0000    	 0.14210465    	 0.24358727    
  1106.0000    	  1107.0000    	 0.51044768    	 0.23546966    
  1107.0000    	  1108.0000    	  1.4533347    	 0.25601619    
  1108.0000    	  1109.0000    	  1.3751330    	 0.23459671    
  1109.0000    	  1110.0000    	  2.0630076    	 0.26844536    
  1110.0000    	  1111.0000    	  2.4352864    	 0.21100260    
  1111.0000    	  1112.0000    	  2.1364397    	 0.18919172    
  1112.0000    	  1113.0000    	  2.6991242    	 0.19589292    
  1113.0000    	  1114.0000    	  3.0195577    	 0.21704452    
  1114.0000    	  1115.0000    	  2.3197417    	 0.17110892    
  1115.0000    	  1116.0000    	  2.5831037    	 0.18607907    
  1116.0000    	  1117.0000    	  2.5579146    	 0.15898219    
  1117.0000    	  1118.0000    	  2.4218503    	 0.16743453    
  1118.0000    	  1119.0000    	  2.4303217    	 0.17324378    
  1119.0000    	  1120.0000    	  1.6755131    	 0.15496181    
  1120.0000    	  1121.0000    	  1.7155914    	 0.16035276    
  1121.0000    	  1122.0000    	  1.9235719    	 0.17015850    
  1122.0000    	  1123.0000    	 -1.8647722    	 0.21681404    
  1123.0000    	  1124.0000    	 -1.3179286    	 0.23286993    
  1124.0000    	  1125.0000    	 -1.1238015    	 0.22691977    
  1125.0000    	  1126.0000    	-0.82228037    	 0.23692961    
  1126.0000    	  1127.0000    	-0.60334365    	 0.25638665    
  1127.0000    	  1128.0000    	 0.42291988    	 0.20866897    
  1128.0000    	  1129.0000    	 0.25393312    	 0.22845235    
  1129.0000    	  1130.0000    	 0.93468652    	 0.25176954    
  1130.0000    	  1131.0000    	  1.6514056    	 0.23102319    
  1131.0000    	  1132.0000    	  1.5056487    	 0.22829700    
  1132.0000    	  1133.0000    	  1.9561568    	 0.21581361    
  1133.0000    	  1134.0000    	  2.5543817    	 0.18351563    
  1134.0000    	  1135.0000    	  2.3090646    	 0.18505727    
  1135.0000    	  1136.0000    	  2.4989271    	 0.19635748    
  1136.0000    	  1137.0000    	  2.8495537    	 0.20068489    
  1137.0000    	  1138.0000    	  2.3328497    	 0.18342823    
  1138.0000    	  1139.0000    	  2.3386630    	 0.16941188    
  1139.0000    	  1140.0000    	  2.3387727    	 0.17153579    
  1140.0000    	  1141.0000    	  2.2265867    	 0.14612497    
  1141.0000    	  1142.0000    	  2.1003594    	 0.15347296    
  1142.0000    	  1143.0000    	  1.7430202    	 0.16437957    
  1143.0000    	  1144.0000    	  1.5389796    	 0.15319826    
  1144.0000    	  1145.0000    	 -1.5707791    	 0.20392570    
  1145.0000    	  1146.0000    	 -1.0213548    	 0.22336521    
  1146.0000    	  1147.0000    	-0.72923160    	 0.24043887    
  1147.0000    	  1148.0000    	-0.86481846    	 0.25673561    
  1148.0000    	  1149.0000    	-0.59578178E-01	 0.24796019    
  1149.0000    	  1150.0000    	 0.38832239    	 0.21958493    
  1150.0000    	  1151.0000    	 0.82778030    	 0.22865427    
  1151.0000    	  1152.0000    	  1.2280326    	 0.23850669    
  1152.0000    	  1153.0000    	  1.0285971    	 0.22096885    
  1153.0000    	  1154.0000    	  2.1644269    	 0.24214914    
  1154.0000    	  1155.0000    	  1.7737319    	 0.21187116    
  1155.0000    	  1156.0000    	  2.6590743    	 0.20483235    
  1156.0000    	  1157.0000    	  2.2879698    	 0.18500389    
  1157.0000    	  1158.0000    	  2.7451274    	 0.18460989    
  1158.0000    	  1159.0000    	  2.4438668    	 0.17234818    
  1159.0000    	  1160.0000    	  2.6570185    	 0.18289957    
  1160.0000    	  1161.0000    	  2.2896762    	 0.18315474    
  1161.0000    	  1162.0000    	  2.6278729    	 0.18532833    
  1162.0000    	  1163.0000    	  2.3715875    	 0.18284610    
  1163.0000    	  1164.0000    	  1.7866747    	 0.16795768    
  1164.0000    	  1165.0000    	  1.6601286    	 0.14745291    
  1165.0000    	  1166.0000    	  1.4388870    	 0.14550313    
  1166.0000    	  1167.0000    	 -1.8264747    	 0.22888790    
  1167.0000    	  1168.0000    	 -1.8992910    	 0.23775847    
  1168.0000    	  1169.0000    	 -1.3456100    	 0.25277779    
  1169.0000    	  1170.0000    	 -1.1886942    	 0.23879369    
  1170.0000    	  1171.0000    	-0.19497733    	 0.24024347    
  1171.0000    	  1172.0000    	 0.12955428    	 0.25162808    
  1172.0000    	  1173.0000    	 0.63933477    	 0.22757967    
  1173.0000    	  1174.0000    	  1.2770214    	 0.24813324    
  1174.0000    	  1175.0000    	  1.8475279    	 0.21503152    
  1175.0000    	  1176.0000    	  1.4007747    	 0.20768353    
  1176.0000    	  1177.0000    	  2.2631465    	 0.19599663    
  1177.0000    	  1178.0000    	  1.9556148    	 0.20083917    
  1178.0000    	  1179.0000    	  2.5208906    	 0.17217857    
  1179.0000    	  1180.0000    	  2.5759262    	 0.17432766    
  1180.0000    	  1181.0000    	  2.3883048    	 0.17166151    
  1181.0000    	  1182.0000    	  2.2310323    	 0.18688840    
  1182.0000    	  1183.0000    	  2.0867629    	 0.17086677    
  1183.0000    	  1184.0000    	  1.9581135    	 0.16120427    
  1184.0000    	  1185.0000    	  1.8361680    	 0.16442658    
  1185.0000    	  1186.0000    	  1.7379021    	 0.15130306    
  1186.0000    	  1187.0000    	  1.8623207    	 0.15181394    
  1187.0000    	  1188.0000    	  1.6634506    	 0.13424954    
  1188.0000    	  1189.0000    	 -2.1313599    	 0.24544660    
  1189.0000    	  1190.0000    	 -1.5758622    	 0.22872015    
  1190.0000    	  1191.0000    	 -1.3501812    	 0.23276366    
  1191.0000    	  1192.0000    	-0.49430174    	 0.23570905    
  1192.0000    	  1193.0000    	-0.67696028    	 0.24142299    
  1193.0000    	  1194.0000    	 0.10517738E-01	 0.25686877    
  1194.0000    	  1195.0000    	 0.61186418    	 0.23562210    
  1195.0000    	  1196.0000    	  1.2076443    	 0.23485284    
  1196.0000    	  1197.0000    	  1.0917806    	 0.23094486    
  1197.0000    	  1198.0000    	  1.8586663    	 0.22096305    
  1198.0000    	  1199.0000    	  2.2131933    	 0.21126714    
  1199.0000    	  1200.0000    	  2.3309392    	 0.20859006    
  1200.0000    	  1201.0000    	  2.0727583    	 0.16739901    
  1201.0000    	  1202.0000    	  2.2124186    	 0.18681261    
  1202.0000    	  1203.0000    	  2.4705427    	 0.16413548    
  1203.0000    	  1204.0000    	  1.9601925    	 0.18129950    
  1204.0000    	  1205.0000    	  2.1491103    	 0.17040657    
  1205.0000    	  1206.0000    	  2.1468981    	 0.17538615    
  1206.0000    	  1207.0000    	  2.0452074    	 0.16774580    
  1207.0000    	  1208.0000    	  1.9005149    	 0.14684187    
  1208.0000    	  1209.0000    	  1.6842872    	 0.14452211    
  1209.0000    	  1210.0000    	  1.3012501    	 0.13501160    
  1210.0000    	  1211.0000    	 -1.3286821    	 0.20314715    
  1211.0000    	  1212.0000    	 -1.4966333    	 0.22143076    
  1212.0000    	  1213.0000    	 -1.4735298    	 0.24062485    
  1213.0000    	  1214.0000    	-0.60983703    	 0.26888140    
  1214.0000    	  1215.0000    	 0.37270589E-02	 0.23144826    
  1215.0000    	  1216.0000    	 0.81401592E-01	 0.22887014    
  1216.0000    	  1217.0000    	 0.26058915    	 0.22290168    
  1217.0000    	  1218.0000    	 0.88593678    	 0.23466075    
  1218.0000    	  1219.0000    	  1.7762906    	 0.24304675    
  1219.0000    	  1220.0000    	  1.2541385    	 0.20236636    
  1220.0000    	  1221.0000    	  1.4978335    	 0.20934483    
  1221.0000    	  1222.0000    	  1.9744692    	 0.18059744    
  1222.0000    	  1223.0000    	  2.2746434    	 0.18295256    
  1223.0000    	  1224.0000    	  2.2936239    	 0.19325445    
  1224.0000    	  1225.0000    	  2.1158083    	 0.17683920    
  1225.0000    	  1226.0000    	  2.3396771    	 0.17879367    
  1226.0000    	  1227.0000    	  2.0796285    	 0.17531133    
  1227.0000    	  1228.0000    	  1.8905595    	 0.16809337    
  1228.0000    	  1229.0000    	  1.9663716    	 0.14928891    
  1229.0000    	  1230.0000    	  1.5688797    	 0.14218465    
  1230.0000    	  1231.0000    	  1.5993922    	 0.15270833    
  1231.0000    	  1232.0000    	  1.5924317    	 0.13771705    
  1232.0000    	  1233.0000    	 -1.2205962    	 0.22935486    
  1233.0000    	  1234.0000    	 -1.2779981    	 0.21597289    
  1234.0000    	  1235.0000    	-0.93430428    	 0.22365244    
  1235.0000    	  1236.0000    	-0.76468892    	 0.24653125    
  1236.0000    	  1237.0000    	-0.40666899    	 0.27580425    
  1237.0000    	  1238.0000    	 0.77972268E-01	 0.27209719    
  1238.0000    	  1239.0000    	 0.68823884    	 0.23502282    
  1239.0000    	  1240.0000    	 0.80889034    	 0.22459782    
  1240.0000    	  1241.0000    	  1.1629736    	 0.21794883    
  1241.0000    	  1242.0000    	  2.0363142    	 0.20574933    
  1242.0000    	  1243.0000    	  1.9210761    	 0.21559552    
  1243.0000    	  1244.0000    	  1.8471935    	 0.18934788    
  1244.0000    	  1245.0000    	  2.1585075    	 0.17097541    
  1245.0000    	  1246.0000    	  2.1606728    	 0.17291859    
  1246.0000    	  1247.0000    	  2.2362294    	 0.18005400    
  1247.0000    	  1248.0000    	  2.0679086    	 0.15569740    
  1248.0000    	  1249.0000    	  2.3051630    	 0.14674474    
  1249.0000    	  1250.0000    	  1.8391640    	 0.15518456    
  1250.0000    	  1251.0000    	  1.6371385    	 0.15580240    
  1251.0000    	  1252.0000    	  1.8611622    	 0.14880954    
  1252.0000    	  1253.0000    	  1.6578951    	 0.15303602    
  1253.0000    	  1254.0000    	  1.2626882    	 0.15853149    
  1254.0000    	  1255.0000    	 -1.2851404    	 0.20087209    
  1255.0000    	  1256.0000    	 -1.3413494    	 0.22079570    
  1256.0000    	  1257.0000    	 -1.5092662    	 0.21691840    
  1257.0000    	  1258.0000    	-0.47533609    	 0.23229281    
  1258.0000    	  1259.0000    	-0.44498819    	 0.26797199    
  1259.0000    	  1260.0000    	 0.44051832    	 0.26559895    
  1260.0000    	  1261.0000    	 0.58017161    	 0.23195536    
  1261.0000    	  1262.0000    	 0.60216531    	 0.20603455    
  1262.0000    	  1263.0000    	  1.2809803    	 0.23045278    
  1263.0000    	  1264.0000    	  1.4436353    	 0.20781043    
  1264.0000    	  1265.0000    	  1.5770335    	 0.20023800    
  1265.0000    	  1266.0000    	  2.0913293    	 0.18647204    
  1266.0000    	  1267.0000    	  2.1280938    	 0.17348004    
  1267.0000    	  1268.0000    	  2.2273114    	 0.17273494    
  1268.0000    	  1269.0000    	  1.8713305    	 0.17098567    
  1269.0000    	  1270.0000    	  2.1693774    	 0.17239445    
  1270.0000    	  1271.0000    	  2.1340348    	 0.16504386    
  1271.0000    	  1272.0000    	  1.8948058    	 0.15393472    
  1272.0000    	  1273.0000    	  1.7998231    	 0.16360476    
  1273.0000    	  1274.0000    	  1.6421955    	 0.14582025    
  1274.0000    	  1275.0000    	  1.6606787    	 0.14336924    
  1275.0000    	  1276.0000    	  1.6178903    	 0.15750939    
  1276.0000    	  1277.0000    	 -1.3694502    	 0.17376328    
  1277.0000    	  1278.0000    	 -1.5095048    	 0.19775021    
  1278.0000    	  1279.0000    	-0.64348817    	 0.20916650    
  1279.0000    	  1280.0000    	-0.48776275    	 0.22391504    
  1280.0000    	  1281.0000    	-0.26403341    	 0.23025197    
  1281.0000    	  1282.0000    	 0.41080495E-02	 0.21361814    
  1282.0000    	  1283.0000    	 0.73217184    	 0.21592849    
  1283.0000    	  1284.0000    	  1.1754774    	 0.20960206    
  1284.0000    	  1285.0000    	 0.94259753    	 0.22926126    
  1285.0000    	  1286.0000    	  1.3967973    	 0.21364345    
  1286.0000    	  1287.0000    	  1.6473851    	 0.18105972    
  1287.0000    	  1288.0000    	  1.5910767    	 0.19126223    
  1288.0000    	  1289.0000    	  2.0002414    	 0.17860600    
  1289.0000    	  1290.0000    	  2.2468880    	 0.18242794    
  1290.0000    	  1291.0000    	  2.2372464    	 0.18581743    
  1291.0000    	  1292.0000    	  1.7454372    	 0.17269258    
  1292.0000    	  1293.0000    	  1.8063760    	 0.15277686    
  1293.0000    	  1294.0000    	  1.9372629    	 0.15995565    
  1294.0000    	  1295.0000    	  1.7635380    	 0.13737773    
  1295.0000    	  1296.0000    	  1.7268978    	 0.15557617    
  1296.0000    	  1297.0000    	  1.4945192    	 0.13203989    
  1297.0000    	  1298.0000    	  1.1922156    	 0.12339405    
  1298.0000    	  1299.0000    	 -1.5345565    	 0.17896569    
  1299.0000    	  1300.0000    	 -1.3496320    	 0.23525900    
  1300.0000    	  1301.0000    	 -1.2752011    	 0.20868525    
  1301.0000    	  1302.0000    	 -1.0421199    	 0.23179503    
  1302.0000    	  1303.0000    	-0.35041350    	 0.23443357    
  1303.0000    	  1304.0000    	 0.48440485    	 0.23297861    
  1304.0000    	  1305.0000    	 0.39410221    	 0.22895577    
  1305.0000    	  1306.0000    	  1.2273295    	 0.21250550    
  1306.0000    	  1307.0000    	  1.1234218    	 0.22427838    
  1307.0000    	  1308.0000    	  1.5542359    	 0.19385786    
  1308.0000    	  1309.0000    	  1.4793237    	 0.18011536    
  1309.0000    	  1310.0000    	  2.0294425    	 0.18143861    
  1310.0000    	  1311.0000    	  1.6932109    	 0.17298765    
  1311.0000    	  1312.0000    	  1.6455424    	 0.17493381    
  1312.0000    	  1313.0000    	  1.9945788    	 0.17280209    
  1313.0000    	  1314.0000    	  2.0247561    	 0.16304654    
  1314.0000    	  1315.0000    	  2.2279342    	 0.15219306    
  1315.0000    	  1316.0000    	  1.6612205    	 0.14715876    
  1316.0000    	  1317.0000    	  1.9022169    	 0.15231170    
  1317.0000    	  1318.0000    	  1.6015741    	 0.15576627    
  1318.0000    	  1319.0000    	  1.5264954    	 0.13400587    
  1319.0000    	  1320.0000    	  1.5857574    	 0.14527966    
  1320.0000    	  1321.0000    	 -1.6539547    	 0.17579391    
  1321.0000    	  1322.0000    	-0.68035234    	 0.21152727    
  1322.0000    	  1323.0000    	-0.62084161    	 0.21892127    
  1323.0000    	  1324.0000    	-0.26928501    	 0.22888523    
  1324.0000    	  1325.0000    	-0.22928327    	 0.25520168    
  1325.0000    	  1326.0000    	-0.18408951    	 0.24580105    
  1326.0000    	  1327.0000    	 0.65356613    	 0.21742599    
  1327.0000    	  1328.0000    	 0.62035289    	 0.21831803    
  1328.0000    	  1329.0000    	  1.3205487    	 0.21767432    
  1329.0000    	  1330.0000    	  1.4901991    	 0.21015590    
  1330.0000    	  1331.0000    	  1.6303266    	 0.18506177    
  1331.0000    	  1332.0000    	  1.5723518    	 0.17761772    
  1332.0000    	  1333.0000    	  1.8456212    	 0.18630669    
  1333.0000    	  1334.0000    	  1.9111710    	 0.16532463    
  1334.0000    	  1335.0000    	  1.8480253    	 0.19314140    
  1335.0000    	  1336.0000    	  1.8502380    	 0.14869441    
  1336.0000    	  1337.0000    	  1.7107476    	 0.14719085    
  1337.0000    	  1338.0000    	  2.1710924    	 0.14665452    
  1338.0000    	  1339.0000    	  1.4885073    	 0.15517349    
  1339.0000    	  1340.0000    	  1.5045532    	 0.16784275    
  1340.0000    	  1341.0000    	  1.4546249    	 0.15244394    
  1341.0000    	  1342.0000    	  1.2078361    	 0.13892730    
  1342.0000    	  1343.0000    	 -1.2972433    	 0.18493776    
  1343.0000    	  1344.0000    	 -1.3195051    	 0.21423745    
  1344.0000    	  1345.0000    	 -1.0574446    	 0.21709299    
  1345.0000    	  1346.0000    	-0.73798716    	 0.22867911    
  1346.0000    	  1347.0000    	-0.19094610    	 0.22621716    
  1347.0000    	  1348.0000    	 0.25145858    	 0.22042420    
  1348.0000    	  1349.0000    	 0.80673793    	 0.25532562    
  1349.0000    	  1350.0000    	 0.49890739    	 0.21544202    
  1350.0000    	  1351.0000    	  1.2747635    	 0.21749364    
  1351.0000    	  1352.0000    	  1.3513759    	 0.22655081    
  1352.0000    	  1353.0000    	  1.7653402    	 0.20149552    
  1353.0000    	  1354.0000    	  1.6373710    	 0.17114920    
  1354.0000    	  1355.0000    	  1.8027012    	 0.16208293    
  1355.0000    	  1356.0000    	  2.3405252    	 0.16959363    
  1356.0000    	  1357.0000    	  1.6815322    	 0.15649223    
  1357.0000    	  1358.0000    	  1.8007265    	 0.14728638    
  1358.0000    	  1359.0000    	  2.1647289    	 0.14151058    
  1359.0000    	  1360.0000    	  1.7187970    	 0.14798997    
  1360.0000    	  1361.0000    	  1.7978481    	 0.14400410    
  1361.0000    	  1362.0000    	  1.5032085    	 0.15788664    
  1362.0000    	  1363.0000    	  1.2319065    	 0.13320575    
  1363.0000    	  1364.0000    	  1.3027707    	 0.12484396    
  1364.0000    	  1365.0000    	 -1.1500123    	 0.19947493    
  1365.0000    	  1366.0000    	 -1.0069278    	 0.19678918    
  1366.0000    	  1367.0000    	-0.83299602    	 0.20628490    
  1367.0000    	  1368.0000    	-0.76315810    	 0.23276071    
  1368.0000    	  1369.0000    	-0.25616672    	 0.21296636    
  1369.0000    	  1370.0000    	-0.12510485    	 0.21977711    
  1370.0000    	  1371.0000    	 0.82369443    	 0.22961574    
  1371.0000    	  1372.0000    	 0.85415790    	 0.22371933    
  1372.0000    	  1373.0000    	  1.2705503    	 0.21540568    
  1373.0000    	  1374.0000    	  1.6053183    	 0.22242890    
  1374.0000    	  1375.0000    	  1.4154029    	 0.18756739    
  1375.0000    	  1376.0000    	  1.8324733    	 0.18512174    
  1376.0000    	  1377.0000    	  1.8614901    	 0.17211638    
  1377.0000    	  1378.0000    	  1.6606483    	 0.16758877    
  1378.0000    	  1379.0000    	  1.6347215    	 0.16436749    
  1379.0000    	  1380.0000    	  1.7371742    	 0.14807685    
  1380.0000    	  1381.0000    	  1.7789132    	 0.14479697    
  1381.0000    	  1382.0000    	  1.8005086    	 0.14951317    
  1382.0000    	  1383.0000    	  1.3970745    	 0.13482808    
  1383.0000    	  1384.0000    	  1.4045798    	 0.13920035    
  1384.0000    	  1385.0000    	  1.4201158    	 0.12432778    
  1385.0000    	  1386.0000    	  1.3520407    	 0.11765346    
  1386.0000    	  1387.0000    	 -1.3392170    	 0.19444366    
  1387.0000    	  1388.0000    	 -1.0437145    	 0.18450950    
  1388.0000    	  1389.0000    	-0.89135199    	 0.23877701    
  1389.0000    	  1390.0000    	-0.54927024    	 0.24951913    
  1390.0000    	  1391.0000    	-0.34767168    	 0.22740427    
  1391.0000    	  1392.0000    	-0.34501773    	 0.24364582    
  1392.0000    	  1393.0000    	-0.68021989E-01	 0.21349026    
  1393.0000    	  1394.0000    	 0.50775501    	 0.22192816    
  1394.0000    	  1395.0000    	 0.97299006    	 0.19618207    
  1395.0000    	  1396.0000    	  1.0691911    	 0.18954343    
  1396.0000    	  1397.0000    	  1.2721922    	 0.19686601    
  1397.0000    	  1398.0000    	  1.8127163    	 0.18563555    
  1398.0000    	  1399.0000    	  1.6969139    	 0.17244491    
  1399.0000    	  1400.0000    	  1.9466784    	 0.15077573    
  1400.0000    	  1401.0000    	  1.7033229    	 0.14276136    
  1401.0000    	  1402.0000    	  1.6635042    	 0.16344194    
  1402.0000    	  1403.0000    	  1.5399273    	 0.14715465    
  1403.0000    	  1404.0000    	  1.5416023    	 0.13817192    
  1404.0000    	  1405.0000    	  1.7216352    	 0.14739919    
  1405.0000    	  1406.0000    	  1.4361877    	 0.13819682    
  1406.0000    	  1407.0000    	  1.2336605    	 0.11839269    
  1407.0000    	  1408.0000    	  1.1587787    	 0.13116936    
  1408.0000    	  1409.0000    	 -1.1919608    	 0.21876126    
  1409.0000    	  1410.0000    	 -1.0019376    	 0.17746086    
  1410.0000    	  1411.0000    	-0.80122748    	 0.21429378    
  1411.0000    	  1412.0000    	-0.61989855    	 0.22694496    
  1412.0000    	  1413.0000    	-0.52411221E-01	 0.19925085    
  1413.0000    	  1414.0000    	  1.0193491    	 0.22724489    
  1414.0000    	  1415.0000    	-0.38445813E-01	 0.24643486    
  1415.0000    	  1416.0000    	 0.65166205    	 0.20135992    
  1416.0000    	  1417.0000    	 0.79914465    	 0.19505001    
  1417.0000    	  1418.0000    	  1.2056459    	 0.19171725    
  1418.0000    	  1419.0000    	  1.3215560    	 0.20051213    
  1419.0000    	  1420.0000    	  1.4237585    	 0.17691199    
  1420.0000    	  1421.0000    	  1.6355810    	 0.17848432    
  1421.0000    	  1422.0000    	  1.8470020    	 0.17634377    
  1422.0000    	  1423.0000    	  1.8445380    	 0.15007127    
  1423.0000    	  1424.0000    	  1.7781810    	 0.15411710    
  1424.0000    	  1425.0000    	  1.7783290    	 0.15948557    
  1425.0000    	  1426.0000    	  1.5607747    	 0.13539165    
  1426.0000    	  1427.0000    	  1.4859033    	 0.14123000    
  1427.0000    	  1428.0000    	  1.4185606    	 0.13310511    
  1428.0000    	  1429.0000    	  1.2132546    	 0.12247705    
  1429.0000    	  1430.0000    	  1.2779365    	 0.13878489    
  1430.0000    	  1431.0000    	 -1.0565598    	 0.18654071    
  1431.0000    	  1432.0000    	 -1.1228337    	 0.18138610    
  1432.0000    	  1433.0000    	-0.70659769    	 0.17127319    
  1433.0000    	  1434.0000    	-0.34576612    	 0.20968000    
  1434.0000    	  1435.0000    	-0.43702380    	 0.21495194    
  1435.0000    	  1436.0000    	 0.24884221    	 0.24805639    
  1436.0000    	  1437.0000    	 0.17739785    	 0.22628485    
  1437.0000    	  1438.0000    	 0.67781622    	 0.20796946    
  1438.0000    	  1439.0000    	  1.2355545    	 0.24599991    
  1439.0000    	  1440.0000    	  1.3729392    	 0.21042757    
  1440.0000    	  1441.0000    	  1.5940591    	 0.22326550    
  1441.0000    	  1442.0000    	  1.5200354    	 0.16590497    
  1442.0000    	  1443.0000    	  1.5106059    	 0.17863815    
  1443.0000    	  1444.0000    	  1.3757432    	 0.16037430    
  1444.0000    	  1445.0000    	  1.7168096    	 0.15661889    
  1445.0000    	  1446.0000    	  1.9179023    	 0.14593716    
  1446.0000    	  1447.0000    	  1.5016100    	 0.17047000    
  1447.0000    	  1448.0000    	  1.6720411    	 0.13482406    
  1448.0000    	  1449.0000    	  1.3989862    	 0.13438108    
  1449.0000    	  1450.0000    	  1.5683157    	 0.15336308    
  1450.0000    	  1451.0000    	  1.0041558    	 0.11422311    
  1451.0000    	  1452.0000    	  1.2186001    	 0.12015512    
  1452.0000    	  1453.0000    	 -1.0135298    	 0.17981075    
  1453.0000    	  1454.0000    	-0.62552425    	 0.18798941    
  1454.0000    	  1455.0000    	-0.68438751    	 0.18178823    
  1455.0000    	  1456.0000    	-0.44836632    	 0.20114726    
  1456.0000    	  1457.0000    	 0.36111346E-01	 0.19870485    
  1457.0000    	  1458.0000    	-0.99063183E-01	 0.21582632    
  1458.0000    	  1459.0000    	 0.50454892    	 0.19517868    
  1459.0000    	  1460.0000    	 0.12648703    	 0.22621439    
  1460.0000    	  1461.0000    	  1.0370094    	 0.22769063    
  1461.0000    	  1462.0000    	  1.4680152    	 0.20256143    
  1462.0000    	  1463.0000    	  1.2437184    	 0.17499602    
  1463.0000    	  1464.0000    	  1.3666967    	 0.16320357    
  1464.0000    	  1465.0000    	  1.5097435    	 0.16395852    
  1465.0000    	  1466.0000    	  1.7599405    	 0.14327933    
  1466.0000    	  1467.0000    	  1.5538506    	 0.17378847    
  1467.0000    	  1468.0000    	  1.5714643    	 0.15655072    
  1468.0000    	  1469.0000    	  1.7201690    	 0.16300708    
  1469.0000    	  1470.0000    	  1.5392274    	 0.14488852    
  1470.0000    	  1471.0000    	  1.5208651    	 0.13248873    
  1471.0000    	  1472.0000    	  1.2115373    	 0.12988781    
  1472.0000    	  1473.0000    	  1.2259518    	 0.10940482    
  1473.0000    	  1474.0000    	 0.99402851    	 0.11883309    
  1474.0000    	  1475.0000    	 -1.0739041    	 0.16897493    
  1475.0000    	  1476.0000    	-0.86745512    	 0.16614970    
  1476.0000    	  1477.0000    	-0.79715846    	 0.20273211    
  1477.0000    	  1478.0000    	-0.73980743    	 0.21808948    
  1478.0000    	  1479.0000    	-0.24421115    	 0.20001983    
  1479.0000    	  1480.0000    	-0.11838353    	 0.20481911    
  1480.0000    	  1481.0000    	 0.75801572    	 0.22448692    
  1481.0000    	  1482.0000    	 0.67037802    	 0.21686962    
  1482.0000    	  1483.0000    	 0.74604650    	 0.21179255    
  1483.0000    	  1484.0000    	 0.94221909    	 0.17618648    
  1484.0000    	  1485.0000    	  1.4638766    	 0.16768928    
  1485.0000    	  1486.0000    	  1.6107980    	 0.16053677    
  1486.0000    	  1487.0000    	  1.4055613    	 0.17509391    
  1487.0000    	  1488.0000    	  1.5945086    	 0.16790245    
  1488.0000    	  1489.0000    	  1.5323204    	 0.14859537    
  1489.0000    	  1490.0000    	  1.4855396    	 0.13015016    
  1490.0000    	  1491.0000    	  1.3505239    	 0.14217850    
  1491.0000    	  1492.0000    	  1.6711981    	 0.15734227    
  1492.0000    	  1493.0000    	  1.3918177    	 0.12246144    
  1493.0000    	  1494.0000    	  1.1259704    	 0.11972472    
  1494.0000    	  1495.0000    	  1.0496134    	 0.12728758    
  1495.0000    	  1496.0000    	  1.0300232    	 0.10819151    
  1496.0000    	  1497.0000    	 -1.0784252    	 0.17861060    
  1497.0000    	  1498.0000    	 -1.1576241    	 0.20368255    
  1498.0000    	  1499.0000    	-0.99440630    	 0.20305553    
  1499.0000    	  1500.0000    	-0.51428151    	 0.20666844    
  1500.0000    	  1501.0000    	-0.32006760    	 0.21353142    
  1501.0000    	  1502.0000    	 0.56607072E-01	 0.23442202    
  1502.0000    	  1503.0000    	 0.12915918    	 0.23846193    
  1503.0000    	  1504.0000    	 0.47699249    	 0.23212146    
  1504.0000    	  1505.0000    	 0.71190692    	 0.20459364    
  1505.0000    	  1506.0000    	  1.0047758    	 0.16531228    
  1506.0000    	  1507.0000    	  1.2898223    	 0.17520103    
  1507.0000    	  1508.0000    	  1.3180721    	 0.16693510    
  1508.0000    	  1509.0000    	  1.7793192    	 0.17358289    
  1509.0000    	  1510.0000    	  1.7311809    	 0.15511450    
  1510.0000    	  1511.0000    	  1.5762675    	 0.13036880    
  1511.0000    	  1512.0000    	  1.7214127    	 0.14832129    
  1512.0000    	  1513.0000    	  1.2069694    	 0.14702635    
  1513.0000    	  1514.0000    	  1.3007666    	 0.13545001    
  1514.0000    	  1515.0000    	  1.4927948    	 0.13285623    
  1515.0000    	  1516.0000    	  1.4173211    	 0.13495348    
  1516.0000    	  1517.0000    	  1.1501642    	 0.12376881    
  1517.0000    	  1518.0000    	  1.0851986    	 0.10168396    
  1518.0000    	  1519.0000    	 -1.1430190    	 0.16410337    
  1519.0000    	  1520.0000    	 -1.0608466    	 0.19971907    
  1520.0000    	  1521.0000    	-0.55466965    	 0.18763874    
  1521.0000    	  1522.0000    	-0.62942052    	 0.21685885    
  1522.0000    	  1523.0000    	-0.38094191    	 0.20498712    
  1523.0000    	  1524.0000    	 0.15884209E-01	 0.24405073    
  1524.0000    	  1525.0000    	 0.46514539    	 0.26106710    
  1525.0000    	  1526.0000    	 0.37570298    	 0.23827118    
  1526.0000    	  1527.0000    	  1.1724051    	 0.16550047    
  1527.0000    	  1528.0000    	  1.1929805    	 0.19563970    
  1528.0000    	  1529.0000    	  1.1571822    	 0.17146402    
  1529.0000    	  1530.0000    	  1.4889209    	 0.16966039    
  1530.0000    	  1531.0000    	  1.5930046    	 0.15992931    
  1531.0000    	  1532.0000    	  1.0904692    	 0.17504100    
  1532.0000    	  1533.0000    	  1.7814268    	 0.15922670    
  1533.0000    	  1534.0000    	  1.5074189    	 0.17017299    
  1534.0000    	  1535.0000    	  1.5853300    	 0.15237528    
  1535.0000    	  1536.0000    	  1.4972181    	 0.12119748    
  1536.0000    	  1537.0000    	  1.2082864    	 0.12181583    
  1537.0000    	  1538.0000    	  1.1052815    	 0.11419052    
  1538.0000    	  1539.0000    	  1.1702702    	 0.13050413    
  1539.0000    	  1540.0000    	  1.1760537    	 0.12260355    
  1540.0000    	  1541.0000    	 -1.1210896    	 0.16738497    
  1541.0000    	  1542.0000    	-0.90064372    	 0.18729092    
  1542.0000    	  1543.0000    	-0.70553833    	 0.17566586    
  1543.0000    	  1544.0000    	-0.61313482    	 0.19881479    
  1544.0000    	  1545.0000    	 0.21660259E-01	 0.21201852    
  1545.0000    	  1546.0000    	 0.49740936    	 0.23390554    
  1546.0000    	  1547.0000    	 0.71172878    	 0.23679583    
  1547.0000    	  1548.0000    	 0.48153800    	 0.18801483    
  1548.0000    	  1549.0000    	  1.0594396    	 0.18112178    
  1549.0000    	  1550.0000    	  1.3277286    	 0.19193416    
  1550.0000    	  1551.0000    	  1.4063829    	 0.15229292    
  1551.0000    	  1552.0000    	  1.3464180    	 0.18548087    
  1552.0000    	  1553.0000    	  1.4686457    	 0.15950638    
  1553.0000    	  1554.0000    	  1.4060166    	 0.17008512    
  1554.0000    	  1555.0000    	  1.2902662    	 0.14399537    
  1555.0000    	  1556.0000    	  1.1288116    	 0.14243184    
  1556.0000    	  1557.0000    	  1.4098953    	 0.13892417    
  1557.0000    	  1558.0000    	  1.6110969    	 0.12453219    
  1558.0000    	  1559.0000    	  1.1462729    	 0.11170393    
  1559.0000    	  1560.0000    	  1.2833719    	 0.11933389    
  1560.0000    	  1561.0000    	  1.1849451    	 0.13146441    
  1561.0000    	  1562.0000    	 0.93300763    	 0.10944501    
  1562.0000    	  1563.0000    	 -1.1168382    	 0.16660739    
  1563.0000    	  1564.0000    	-0.73025700    	 0.17598192    
  1564.0000    	  1565.0000    	-0.71287243    	 0.18950190    
  1565.0000    	  1566.0000    	-0.46511062    	 0.19425221    
  1566.0000    	  1567.0000    	-0.23960449    	 0.19986771    
  1567.0000    	  1568.0000    	-0.14388086    	 0.22866789    
  1568.0000    	  1569.0000    	 0.73925376    	 0.22504636    
  1569.0000    	  1570.0000    	 0.70718308    	 0.20233351    
  1570.0000    	  1571.0000    	 0.49732482    	 0.18871961    
  1571.0000    	  1572.0000    	  1.0386518    	 0.18526992    
  1572.0000    	  1573.0000    	  1.2358602    	 0.18420869    
  1573.0000    	  1574.0000    	  1.3461457    	 0.18510072    
  1574.0000    	  1575.0000    	 0.88760909    	 0.14938871    
  1575.0000    	  1576.0000    	  1.3945331    	 0.15661284    
  1576.0000    	  1577.0000    	  1.3758904    	 0.13172834    
  1577.0000    	  1578.0000    	  1.4598646    	 0.13460451    
  1578.0000    	  1579.0000    	  1.4562593    	 0.12658775    
  1579.0000    	  1580.0000    	  1.3030882    	 0.13667063    
  1580.0000    	  1581.0000    	  1.2137432    	 0.13343278    
  1581.0000    	  1582.0000    	  1.2086167    	 0.13390162    
  1582.0000    	  1583.0000    	  1.2061371    	 0.11581699    
  1583.0000    	  1584.0000    	 0.96468780    	 0.10840696    
  1584.0000    	  1585.0000    	 -1.0344151    	 0.17159378    
  1585.0000    	  1586.0000    	 -1.0724925    	 0.15466290    
  1586.0000    	  1587.0000    	-0.86358146    	 0.18083250    
  1587.0000    	  1588.0000    	-0.63885221    	 0.18835142    
  1588.0000    	  1589.0000    	 0.59645544E-01	 0.19187461    
  1589.0000    	  1590.0000    	 0.38391318    	 0.22369181    
  1590.0000    	  1591.0000    	 0.32738380    	 0.18404395    
  1591.0000    	  1592.0000    	 0.42452470    	 0.20218353    
  1592.0000    	  1593.0000    	 0.94198302    	 0.17654914    
  1593.0000    	  1594.0000    	 0.86593232    	 0.17911025    
  1594.0000    	  1595.0000    	  1.0118266    	 0.18761942    
  1595.0000    	  1596.0000    	  1.2757314    	 0.14412417    
  1596.0000    	  1597.0000    	  1.3270878    	 0.17436558    
  1597.0000    	  1598.0000    	  1.4544065    	 0.15320715    
  1598.0000    	  1599.0000    	  1.1412912    	 0.13932683    
  1599.0000    	  1600.0000    	  1.5834476    	 0.14754909    
  1600.0000    	  1601.0000    	  1.2958591    	 0.13037932    
  1601.0000    	  1602.0000    	  1.1560594    	 0.11834344    
  1602.0000    	  1603.0000    	  1.0756557    	 0.13162702    
  1603.0000    	  1604.0000    	  1.0418808    	 0.11112533    
  1604.0000    	  1605.0000    	  1.0981115    	 0.13009293    
  1605.0000    	  1606.0000    	 0.92745485    	 0.11777313    
  1606.0000    	  1607.0000    	-0.47234473    	 0.15717007    
  1607.0000    	  1608.0000    	-0.78845579    	 0.18977574    
  1608.0000    	  1609.0000    	-0.92778964    	 0.19392215    
  1609.0000    	  1610.0000    	-0.40228053    	 0.21715489    
  1610.0000    	  1611.0000    	-0.60175489    	 0.21382351    
  1611.0000    	  1612.0000    	-0.18072435E-01	 0.18308206    
  1612.0000    	  1613.0000    	 0.30836074    	 0.19519957    
  1613.0000    	  1614.0000    	 0.47871065    	 0.18357901    
  1614.0000    	  1615.0000    	 0.78530406    	 0.18546004    
  1615.0000    	  1616.0000    	  1.0920008    	 0.17540708    
  1616.0000    	  1617.0000    	 0.95714645    	 0.16326852    
  1617.0000    	  1618.0000    	  1.2065968    	 0.14043436    
  1618.0000    	  1619.0000    	  1.3516579    	 0.16759857    
  1619.0000    	  1620.0000    	  1.3300475    	 0.16216204    
  1620.0000    	  1621.0000    	  1.6316031    	 0.13781049    
  1621.0000    	  1622.0000    	  1.3155379    	 0.13323610    
  1622.0000    	  1623.0000    	  1.2773128    	 0.12093926    
  1623.0000    	  1624.0000    	  1.1110768    	 0.11039706    
  1624.0000    	  1625.0000    	  1.4607036    	 0.12190743    
  1625.0000    	  1626.0000    	  1.0380930    	 0.10398286    
  1626.0000    	  1627.0000    	 0.93446874    	 0.11922579    
  1627.0000    	  1628.0000    	 0.85217892    	 0.10852735    
  1628.0000    	  1629.0000    	 -1.0406113    	 0.14529733    
  1629.0000    	  1630.0000    	-0.68373585    	 0.17771623    
  1630.0000    	  1631.0000    	-0.70775304    	 0.18921035    
  1631.0000    	  1632.0000    	-0.23030303    	 0.19717571    
  1632.0000    	  1633.0000    	-0.54343759    	 0.20874581    
  1633.0000    	  1634.0000    	-0.34245237    	 0.20582285    
  1634.0000    	  1635.0000    	 0.27079195    	 0.17836160    
  1635.0000    	  1636.0000    	 0.28117587    	 0.18138245    
  1636.0000    	  1637.0000    	 0.58159464    	 0.18238287    
  1637.0000    	  1638.0000    	 0.63735790    	 0.16571789    
  1638.0000    	  1639.0000    	  1.0564835    	 0.19474275    
  1639.0000    	  1640.0000    	  1.0761564    	 0.14096428    
  1640.0000    	  1641.0000    	  1.3277631    	 0.17214878    
  1641.0000    	  1642.0000    	  1.3605495    	 0.15947114    
  1642.0000    	  1643.0000    	  1.3109866    	 0.14562950    
  1643.0000    	  1644.0000    	  1.4835424    	 0.15266236    
  1644.0000    	  1645.0000    	  1.4493004    	 0.11713037    
  1645.0000    	  1646.0000    	  1.2018964    	 0.13309380    
  1646.0000    	  1647.0000    	  1.1830640    	 0.12703934    
  1647.0000    	  1648.0000    	  1.1607892    	 0.11790889    
  1648.0000    	  1649.0000    	 0.94566813    	 0.13508558    
  1649.0000    	  1650.0000    	 0.80121822    	 0.10761632    
  1650.0000    	  1651.0000    	-0.83131764    	 0.16175010    
  1651.0000    	  1652.0000    	-0.60605367    	 0.16768783    
  1652.0000    	  1653.0000    	-0.58293548    	 0.16349399    
  1653.0000    	  1654.0000    	-0.44599508    	 0.20032116    
  1654.0000    	  1655.0000    	-0.28548689    	 0.17772386    
  1655.0000    	  1656.0000    	 0.35098509    	 0.19596470    
  1656.0000    	  1657.0000    	 0.12533435    	 0.18176517    
  1657.0000    	  1658.0000    	 0.84110210    	 0.18066642    
  1658.0000    	  1659.0000    	 0.85276600    	 0.17552878    
  1659.0000    	  1660.0000    	 0.95521180    	 0.17129663    
  1660.0000    	  1661.0000    	  1.2363193    	 0.15773009    
  1661.0000    	  1662.0000    	  1.5415000    	 0.15351066    
  1662.0000    	  1663.0000    	 0.95149997    	 0.15912075    
  1663.0000    	  1664.0000    	 0.97568755    	 0.14039007    
  1664.0000    	  1665.0000    	  1.3234534    	 0.14227040    
  1665.0000    	  1666.0000    	  1.2883122    	 0.14182958    
  1666.0000    	  1667.0000    	  1.0853833    	 0.13021222    
  1667.0000    	  1668.0000    	  1.0110661    	 0.11121138    
  1668.0000    	  1669.0000    	 0.98324740    	 0.11211385    
  1669.0000    	  1670.0000    	  1.0685770    	 0.13236216    
  1670.0000    	  1671.0000    	 0.97082937    	 0.10468722    
  1671.0000    	  1672.0000    	 0.83153879    	 0.10678153    
  1672.0000    	  1673.0000    	-0.92492496    	 0.16410199    
  1673.0000    	  1674.0000    	-0.95493487    	 0.16203582    
  1674.0000    	  1675.0000    	-0.21532822    	 0.19234915    
  1675.0000    	  1676.0000    	-0.44460555    	 0.19682449    
  1676.0000    	  1677.0000    	-0.16518648    	 0.23983354    
  1677.0000    	  1678.0000    	 0.31445118    	 0.19342517    
  1678.0000    	  1679.0000    	 0.22907095    	 0.18971266    
  1679.0000    	  1680.0000    	 0.55876011    	 0.17345936    
  1680.0000    	  1681.0000    	 0.55687261    	 0.16809453    
  1681.0000    	  1682.0000    	  1.0647481    	 0.17682222    
  1682.0000    	  1683.0000    	  1.2050084    	 0.15870092    
  1683.0000    	  1684.0000    	 0.98611540    	 0.13737715    
  1684.0000    	  1685.0000    	  1.1797358    	 0.14799139    
  1685.0000    	  1686.0000    	  1.2764791    	 0.12877765    
  1686.0000    	  1687.0000    	  1.2536665    	 0.14513196    
  1687.0000    	  1688.0000    	 0.98592851    	 0.12994625    
  1688.0000    	  1689.0000    	  1.1878622    	 0.12741991    
  1689.0000    	  1690.0000    	  1.1844369    	 0.12287765    
  1690.0000    	  1691.0000    	  1.2018952    	 0.10636414    
  1691.0000    	  1692.0000    	  1.0121770    	 0.12016382    
  1692.0000    	  1693.0000    	 0.83980779    	 0.92700605E-01
  1693.0000    	  1694.0000    	 0.80167927    	 0.10332785    
  1694.0000    	  1695.0000    	-0.97721859    	 0.13346428    
  1695.0000    	  1696.0000    	-0.72625924    	 0.16218523    
  1696.0000    	  1697.0000    	-0.86645570    	 0.17798072    
  1697.0000    	  1698.0000    	-0.24553488    	 0.18169806    
  1698.0000    	  1699.0000    	-0.59057957E-01	 0.22123484    
  1699.0000    	  1700.0000    	 0.94987855E-01	 0.20815008    
  1700.0000    	  1701.0000    	 0.34468666    	 0.19543539    
  1701.0000    	  1702.0000    	 0.53739054    	 0.17962688    
  1702.0000    	  1703.0000    	  1.1775063    	 0.16135670    
  1703.0000    	  1704.0000    	 0.76771679    	 0.15641924    
  1704.0000    	  1705.0000    	  1.1689141    	 0.16096618    
  1705.0000    	  1706.0000    	  1.1469429    	 0.12998387    
  1706.0000    	  1707.0000    	 0.90479193    	 0.15088175    
  1707.0000    	  1708.0000    	  1.1775059    	 0.13064113    
  1708.0000    	  1709.0000    	  1.1074166    	 0.13027565    
  1709.0000    	  1710.0000    	  1.3703988    	 0.12254868    
  1710.0000    	  1711.0000    	  1.1990133    	 0.12809595    
  1711.0000    	  1712.0000    	  1.1078310    	 0.10663783    
  1712.0000    	  1713.0000    	  1.1623346    	 0.11457124    
  1713.0000    	  1714.0000    	 0.84658860    	 0.11667887    
  1714.0000    	  1715.0000    	 0.91944887    	 0.97392535E-01
  1715.0000    	  1716.0000    	 0.76845890    	 0.11495401    
  1716.0000    	  1717.0000    	-0.78870669    	 0.15712897    
  1717.0000    	  1718.0000    	-0.70594967    	 0.16143463    
  1718.0000    	  1719.0000    	-0.69090813    	 0.17021414    
  1719.0000    	  1720.0000    	-0.65472179    	 0.18391649    
  1720.0000    	  1721.0000    	-0.76416366E-01	 0.18396044    
  1721.0000    	  1722.0000    	-0.23401024    	 0.21169328    
  1722.0000    	  1723.0000    	 0.33923899    	 0.19041280    
  1723.0000    	  1724.0000    	 0.62843829    	 0.18160436    
  1724.0000    	  1725.0000    	 0.48302425    	 0.16959575    
  1725.0000    	  1726.0000    	 0.81255054    	 0.16767130    
  1726.0000    	  1727.0000    	  1.0907100    	 0.16124645    
  1727.0000    	  1728.0000    	  1.0480425    	 0.13641132    
  1728.0000    	  1729.0000    	  1.0163801    	 0.13708818    
  1729.0000    	  1730.0000    	  1.2077849    	 0.12615853    
  1730.0000    	  1731.0000    	  1.0220794    	 0.12782678    
  1731.0000    	  1732.0000    	  1.1466105    	 0.12086420    
  1732.0000    	  1733.0000    	  1.0347940    	 0.12161416    
  1733.0000    	  1734.0000    	  1.1147529    	 0.10273483    
  1734.0000    	  1735.0000    	  1.0596825    	 0.11668661    
  1735.0000    	  1736.0000    	  1.0280434    	 0.10601453    
  1736.0000    	  1737.0000    	  1.1025147    	 0.10683193    
  1737.0000    	  1738.0000    	 0.85122698    	 0.90037974E-01
  1738.0000    	  1739.0000    	-0.81799736    	 0.14929109    
  1739.0000    	  1740.0000    	-0.99792107    	 0.17933114    
  1740.0000    	  1741.0000    	-0.79281835    	 0.18830773    
  1741.0000    	  1742.0000    	-0.73876660    	 0.18222725    
  1742.0000    	  1743.0000    	-0.30644224    	 0.19634651    
  1743.0000    	  1744.0000    	 0.63981069    	 0.19061629    
  1744.0000    	  1745.0000    	 0.32416400    	 0.20768760    
  1745.0000    	  1746.0000    	 0.67758182    	 0.17872876    
  1746.0000    	  1747.0000    	 0.82330912    	 0.17147642    
  1747.0000    	  1748.0000    	 0.69069916    	 0.17275253    
  1748.0000    	  1749.0000    	 0.78675003    	 0.15059079    
  1749.0000    	  1750.0000    	 0.95821430    	 0.13862349    
  1750.0000    	  1751.0000    	  1.2638659    	 0.15030783    
  1751.0000    	  1752.0000    	  1.1797643    	 0.12589515    
  1752.0000    	  1753.0000    	  1.1983011    	 0.13169790    
  1753.0000    	  1754.0000    	  1.0815708    	 0.11976688    
  1754.0000    	  1755.0000    	  1.0711231    	 0.10852921    
  1755.0000    	  1756.0000    	  1.2190142    	 0.10620898    
  1756.0000    	  1757.0000    	  1.0340127    	 0.10642363    
  1757.0000    	  1758.0000    	 0.85634846    	 0.10049479    
  1758.0000    	  1759.0000    	 0.98441020    	 0.11110554    
  1759.0000    	  1760.0000    	 0.80647344    	 0.89147300E-01
  1760.0000    	  1761.0000    	-0.68288959    	 0.16644446    
  1761.0000    	  1762.0000    	-0.89936803    	 0.15360075    
  1762.0000    	  1763.0000    	-0.57559540    	 0.17185504    
  1763.0000    	  1764.0000    	-0.34505351    	 0.17196352    
  1764.0000    	  1765.0000    	-0.58741627E-02	 0.17893768    
  1765.0000    	  1766.0000    	-0.66598728E-01	 0.17027960    
  1766.0000    	  1767.0000    	-0.63145217E-01	 0.18972164    
  1767.0000    	  1768.0000    	 0.39877478    	 0.16897201    
  1768.0000    	  1769.0000    	 0.37958310    	 0.16195215    
  1769.0000    	  1770.0000    	 0.75263046    	 0.14313117    
  1770.0000    	  1771.0000    	  1.2457886    	 0.15856376    
  1771.0000    	  1772.0000    	 0.66693508    	 0.13486061    
  1772.0000    	  1773.0000    	  1.2326286    	 0.14665183    
  1773.0000    	  1774.0000    	  1.1842162    	 0.13239662    
  1774.0000    	  1775.0000    	  1.1663990    	 0.12419707    
  1775.0000    	  1776.0000    	  1.1045409    	 0.12766273    
  1776.0000    	  1777.0000    	  1.1193287    	 0.12044219    
  1777.0000    	  1778.0000    	 0.97238990    	 0.11266688    
  1778.0000    	  1779.0000    	  1.0872643    	 0.11361104    
  1779.0000    	  1780.0000    	 0.84212672    	 0.10077930    
  1780.0000    	  1781.0000    	  1.0352978    	 0.11138182    
  1781.0000    	  1782.0000    	 0.64344740    	 0.10242635    
  1782.0000    	  1783.0000    	-0.73817481    	 0.14797613    
  1783.0000    	  1784.0000    	-0.77916857    	 0.13601256    
  1784.0000    	  1785.0000    	-0.52368930    	 0.16438322    
  1785.0000    	  1786.0000    	-0.49877506    	 0.18150225    
  1786.0000    	  1787.0000    	-0.29789342E-01	 0.17601652    
  1787.0000    	  1788.0000    	 0.20537767    	 0.17639570    
  1788.0000    	  1789.0000    	 0.80725299    	 0.17746612    
  1789.0000    	  1790.0000    	 0.75919605    	 0.18473618    
  1790.0000    	  1791.0000    	 0.27931211    	 0.17812313    
  1791.0000    	  1792.0000    	 0.66081126    	 0.14899925    
  1792.0000    	  1793.0000    	 0.65023931    	 0.18482197    
  1793.0000    	  1794.0000    	  1.1663426    	 0.13265498    
  1794.0000    	  1795.0000    	  1.3021405    	 0.14595334    
  1795.0000    	  1796.0000    	 0.99723819    	 0.14139953    
  1796.0000    	  1797.0000    	 0.94735638    	 0.10800325    
  1797.0000    	  1798.0000    	  1.2398322    	 0.11511494    
  1798.0000    	  1799.0000    	  1.2339716    	 0.12174322    
  1799.0000    	  1800.0000    	 0.92474818    	 0.93830725E-01
  1800.0000    	  1801.0000    	 0.89723676    	 0.12646148    
  1801.0000    	  1802.0000    	  1.1004757    	 0.10419221    
  1802.0000    	  1803.0000    	 0.65899739    	 0.98113759E-01
  1803.0000    	  1804.0000    	 0.87404159    	 0.10256786    
  1804.0000    	  1805.0000    	-0.63620183    	 0.13197464    
  1805.0000    	  1806.0000    	-0.86017096    	 0.14198383    
  1806.0000    	  1807.0000    	-0.46010702    	 0.15091931    
  1807.0000    	  1808.0000    	-0.12507398    	 0.15900434    
  1808.0000    	  1809.0000    	-0.15052531    	 0.16473171    
  1809.0000    	  1810.0000    	 0.10178124E-01	 0.18581799    
  1810.0000    	  1811.0000    	 0.26193534    	 0.18162239    
  1811.0000    	  1812.0000    	 0.48417582    	 0.16231586    
  1812.0000    	  1813.0000    	 0.59348032    	 0.17198796    
  1813.0000    	  1814.0000    	 0.69710679    	 0.14040148    
  1814.0000    	  1815.0000    	 0.98859839    	 0.16599603    
  1815.0000    	  1816.0000    	  1.0455572    	 0.13934167    
  1816.0000    	  1817.0000    	 0.94912364    	 0.16564132    
  1817.0000    	  1818.0000    	  1.0422486    	 0.12583060    
  1818.0000    	  1819.0000    	  1.0933048    	 0.12588655    
  1819.0000    	  1820.0000    	 0.97945016    	 0.10348040    
  1820.0000    	  1821.0000    	  1.0480048    	 0.12791458    
  1821.0000    	  1822.0000    	  1.1415152    	 0.12896169    
  1822.0000    	  1823.0000    	 0.95550582    	 0.12055153    
  1823.0000    	  1824.0000    	 0.67584772    	 0.93474839E-01
  1824.0000    	  1825.0000    	 0.88160220    	 0.10274138    
  1825.0000    	  1826.0000    	 0.62993314    	 0.97550993E-01
  1826.0000    	  1827.0000    	-0.64903732    	 0.14692898    
  1827.0000    	  1828.0000    	-0.73632930    	 0.15274902    
  1828.0000    	  1829.0000    	-0.71413944    	 0.16500674    
  1829.0000    	  1830.0000    	-0.48224965    	 0.16994966    
  1830.0000    	  1831.0000    	-0.34627264    	 0.16411161    
  1831.0000    	  1832.0000    	 0.17902782    	 0.16122193    
  1832.0000    	  1833.0000    	 0.12125926    	 0.19351771    
  1833.0000    	  1834.0000    	 0.26067039    	 0.18562916    
  1834.0000    	  1835.0000    	 0.71626923    	 0.16174556    
  1835.0000    	  1836.0000    	 0.94069057    	 0.15563195    
  1836.0000    	  1837.0000    	 0.97473868    	 0.15952113    
  1837.0000    	  1838.0000    	 0.72676095    	 0.12970063    
  1838.0000    	  1839.0000    	  1.0357374    	 0.13473964    
  1839.0000    	  1840.0000    	  1.0569584    	 0.11298953    
  1840.0000    	  1841.0000    	  1.1591572    	 0.12254616    
  1841.0000    	  1842.0000    	 0.87631822    	 0.10790338    
  1842.0000    	  1843.0000    	 0.86923718    	 0.12188963    
  1843.0000    	  1844.0000    	 0.98116268    	 0.11278572    
  1844.0000    	  1845.0000    	  1.0449780    	 0.11682530    
  1845.0000    	  1846.0000    	  1.0128889    	 0.10710951    
  1846.0000    	  1847.0000    	 0.69990340    	 0.10750376    
  1847.0000    	  1848.0000    	 0.73749398    	 0.92734355E-01
  1848.0000    	  1849.0000    	-0.86497440    	 0.17501706    
  1849.0000    	  1850.0000    	-0.49666849    	 0.13738398    
  1850.0000    	  1851.0000    	-0.54152623    	 0.16802809    
  1851.0000    	  1852.0000    	-0.56116559    	 0.17433842    
  1852.0000    	  1853.0000    	-0.10664645    	 0.15996844    
  1853.0000    	  1854.0000    	-0.70919172E-02	 0.15825531    
  1854.0000    	  1855.0000    	-0.26094432    	 0.17287337    
  1855.0000    	  1856.0000    	 0.57562684    	 0.19172516    
  1856.0000    	  1857.0000    	 0.41812606    	 0.17107618    
  1857.0000    	  1858.0000    	 0.62691064    	 0.16207865    
  1858.0000    	  1859.0000    	 0.74222681    	 0.15216534    
  1859.0000    	  1860.0000    	 0.99721910    	 0.12284480    
  1860.0000    	  1861.0000    	  1.0943772    	 0.12936375    
  1861.0000    	  1862.0000    	 0.97095028    	 0.11344765    
  1862.0000    	  1863.0000    	  1.1301440    	 0.11590660    
  1863.0000    	  1864.0000    	 0.89547467    	 0.10997635    
  1864.0000    	  1865.0000    	 0.95881304    	 0.11187840    
  1865.0000    	  1866.0000    	 0.73962355    	 0.10580739    
  1866.0000    	  1867.0000    	 0.94369058    	 0.10299522    
  1867.0000    	  1868.0000    	 0.61962833    	 0.10605672    
  1868.0000    	  1869.0000    	 0.70833485    	 0.96628104E-01
  1869.0000    	  1870.0000    	 0.66296061    	 0.91662741E-01
  1870.0000    	  1871.0000    	-0.60250725    	 0.13995413    
  1871.0000    	  1872.0000    	-0.68782262    	 0.13357169    
  1872.0000    	  1873.0000    	-0.61336031    	 0.15824282    
  1873.0000    	  1874.0000    	-0.31408311    	 0.16299161    
  1874.0000    	  1875.0000    	 0.21644726E-01	 0.16542500    
  1875.0000    	  1876.0000    	 0.22226580    	 0.18134400    
  1876.0000    	  1877.0000    	 0.46878970    	 0.18356802    
  1877.0000    	  1878.0000    	 0.44309713    	 0.20089890    
  1878.0000    	  1879.0000    	 0.52468068    	 0.16335279    
  1879.0000    	  1880.0000    	 0.58970539    	 0.17886503    
  1880.0000    	  1881.0000    	 0.75428384    	 0.14632364    
  1881.0000    	  1882.0000    	 0.97827206    	 0.12597819    
  1882.0000    	  1883.0000    	 0.90197536    	 0.14441839    
  1883.0000    	  1884.0000    	  1.0783200    	 0.13249444    
  1884.0000    	  1885.0000    	 0.82739798    	 0.12964887    
  1885.0000    	  1886.0000    	  1.0890650    	 0.11177824    
  1886.0000    	  1887.0000    	  1.1115207    	 0.10682359    
  1887.0000    	  1888.0000    	  1.0317109    	 0.11580481    
  1888.0000    	  1889.0000    	 0.60627476    	 0.10556803    
  1889.0000    	  1890.0000    	 0.74766151    	 0.10163229    
  1890.0000    	  1891.0000    	 0.95335089    	 0.90326136E-01
  1891.0000    	  1892.0000    	 0.71463040    	 0.85753364E-01
  1892.0000    	  1893.0000    	 -1.0150636    	 0.14126133    
  1893.0000    	  1894.0000    	-0.39992523    	 0.14216847    
  1894.0000    	  1895.0000    	-0.41137659    	 0.16171561    
  1895.0000    	  1896.0000    	-0.16078167    	 0.15898847    
  1896.0000    	  1897.0000    	-0.20278207    	 0.17698665    
  1897.0000    	  1898.0000    	-0.91651329E-01	 0.15034499    
  1898.0000    	  1899.0000    	 0.28190909    	 0.17523165    
  1899.0000    	  1900.0000    	 0.37207260    	 0.15085324    
  1900.0000    	  1901.0000    	 0.87191616    	 0.16883962    
  1901.0000    	  1902.0000    	 0.93953716    	 0.15524595    
  1902.0000    	  1903.0000    	 0.60525081    	 0.14755840    
  1903.0000    	  1904.0000    	 0.75614255    	 0.13433434    
  1904.0000    	  1905.0000    	 0.68562519    	 0.12375225    
  1905.0000    	  1906.0000    	 0.99127000    	 0.12840066    
  1906.0000    	  1907.0000    	 0.93378867    	 0.12502594    
  1907.0000    	  1908.0000    	 0.85684817    	 0.11154949    
  1908.0000    	  1909.0000    	  1.0078330    	 0.10470202    
  1909.0000    	  1910.0000    	 0.89078705    	 0.10310188    
  1910.0000    	  1911.0000    	 0.84061879    	 0.10116076    
  1911.0000    	  1912.0000    	 0.98344613    	 0.96108650E-01
  1912.0000    	  1913.0000    	 0.66205772    	 0.96237024E-01
  1913.0000    	  1914.0000    	 0.71455510    	 0.81771198E-01
  1914.0000    	  1915.0000    	-0.68708521    	 0.11857961    
  1915.0000    	  1916.0000    	-0.67896389    	 0.14861303    
  1916.0000    	  1917.0000    	-0.45381032    	 0.15015805    
  1917.0000    	  1918.0000    	-0.50410191    	 0.14762210    
  1918.0000    	  1919.0000    	 0.14046249E-01	 0.16836091    
  1919.0000    	  1920.0000    	-0.24724667    	 0.16412799    
  1920.0000    	  1921.0000    	-0.77674175E-01	 0.16986931    
  1921.0000    	  1922.0000    	 0.44691244    	 0.17336993    
  1922.0000    	  1923.0000    	 0.59446048    	 0.17484226    
  1923.0000    	  1924.0000    	 0.61742227    	 0.15033941    
  1924.0000    	  1925.0000    	 0.65221132    	 0.14864905    
  1925.0000    	  1926.0000    	  1.0367166    	 0.13189237    
  1926.0000    	  1927.0000    	  1.0015695    	 0.12317625    
  1927.0000    	  1928.0000    	 0.98590336    	 0.11410536    
  1928.0000    	  1929.0000    	 0.91904788    	 0.11712600    
  1929.0000    	  1930.0000    	 0.91964199    	 0.10351597    
  1930.0000    	  1931.0000    	 0.80738949    	 0.11938427    
  1931.0000    	  1932.0000    	 0.77016469    	 0.10822022    
  1932.0000    	  1933.0000    	 0.89881976    	 0.99176666E-01
  1933.0000    	  1934.0000    	 0.84069925    	 0.10728801    
  1934.0000    	  1935.0000    	 0.73545380    	 0.92148650E-01
  1935.0000    	  1936.0000    	 0.67556743    	 0.94792908E-01
  1936.0000    	  1937.0000    	-0.57924152    	 0.11747871    
  1937.0000    	  1938.0000    	-0.61054583    	 0.12839352    
  1938.0000    	  1939.0000    	-0.29593183    	 0.13230014    
  1939.0000    	  1940.0000    	-0.35977309    	 0.19384490    
  1940.0000    	  1941.0000    	-0.12436743    	 0.15939966    
  1941.0000    	  1942.0000    	-0.29974041    	 0.17932058    
  1942.0000    	  1943.0000    	 0.21854804    	 0.15101599    
  1943.0000    	  1944.0000    	 0.51348690    	 0.14681236    
  1944.0000    	  1945.0000    	 0.50361693    	 0.16215157    
  1945.0000    	  1946.0000    	 0.63880623    	 0.13355846    
  1946.0000    	  1947.0000    	 0.95414226    	 0.16151148    
  1947.0000    	  1948.0000    	 0.75419407    	 0.13551849    
  1948.0000    	  1949.0000    	  1.0119359    	 0.10974046    
  1949.0000    	  1950.0000    	 0.85502369    	 0.10659774    
  1950.0000    	  1951.0000    	 0.94073496    	 0.11755782    
  1951.0000    	  1952.0000    	 0.81633790    	 0.10222559    
  1952.0000    	  1953.0000    	 0.83099926    	 0.99393386E-01
  1953.0000    	  1954.0000    	 0.93019623    	 0.10977975    
  1954.0000    	  1955.0000    	 0.69040210    	 0.93228091E-01
  1955.0000    	  1956.0000    	 0.86307447    	 0.90338694E-01
  1956.0000    	  1957.0000    	 0.70592402    	 0.95912787E-01
  1957.0000    	  1958.0000    	 0.65465931    	 0.85806676E-01
  1958.0000    	  1959.0000    	-0.58551427    	 0.11636946    
  1959.0000    	  1960.0000    	-0.69136437    	 0.12329336    
  1960.0000    	  1961.0000    	-0.50862570    	 0.13185417    
  1961.0000    	  1962.0000    	-0.12435617    	 0.16847780    
  1962.0000    	  1963.0000    	-0.26231938    	 0.16846795    
  1963.0000    	  1964.0000    	 0.15776748    	 0.16823996    
  1964.0000    	  1965.0000    	 0.14969824    	 0.15830814    
  1965.0000    	  1966.0000    	 0.51575220    	 0.15486295    
  1966.0000    	  1967.0000    	 0.39568824    	 0.16018687    
  1967.0000    	  1968.0000    	 0.52606188    	 0.13665700    
  1968.0000    	  1969.0000    	 0.49869270    	 0.14270403    
  1969.0000    	  1970.0000    	 0.73254835    	 0.13307049    
  1970.0000    	  1971.0000    	 0.86973527    	 0.12716445    
  1971.0000    	  1972.0000    	 0.77380016    	 0.10400500    
  1972.0000    	  1973.0000    	  1.1441370    	 0.12144752    
  1973.0000    	  1974.0000    	 0.80575701    	 0.11173305    
  1974.0000    	  1975.0000    	  1.0624969    	 0.11034583    
  1975.0000    	  1976.0000    	 0.68700231    	 0.10072855    
  1976.0000    	  1977.0000    	 0.79305722    	 0.97024070E-01
  1977.0000    	  1978.0000    	 0.69459247    	 0.96165865E-01
  1978.0000    	  1979.0000    	 0.68436391    	 0.86527266E-01
  1979.0000    	  1980.0000    	 0.45445421    	 0.90395514E-01
  1980.0000    	  1981.0000    	-0.49693803    	 0.11937403    
  1981.0000    	  1982.0000    	-0.73173665    	 0.14658817    
  1982.0000    	  1983.0000    	-0.42624813    	 0.14108116    
  1983.0000    	  1984.0000    	-0.16315032    	 0.14374121    
  1984.0000    	  1985.0000    	-0.33154717E-01	 0.16888516    
  1985.0000    	  1986.0000    	 0.55416577E-01	 0.17094990    
  1986.0000    	  1987.0000    	 0.37019924    	 0.17106025    
  1987.0000    	  1988.0000    	 0.21860567    	 0.14421333    
  1988.0000    	  1989.0000    	 0.45233187    	 0.14777950    
  1989.0000    	  1990.0000    	 0.59216590    	 0.15380916    
  1990.0000    	  1991.0000    	 0.35608436    	 0.14818288    
  1991.0000    	  1992.0000    	 0.70010776    	 0.14053289    
  1992.0000    	  1993.0000    	 0.77428765    	 0.14482862    
  1993.0000    	  1994.0000    	 0.82657688    	 0.12518854    
  1994.0000    	  1995.0000    	 0.88289755    	 0.12804021    
  1995.0000    	  1996.0000    	  1.0913558    	 0.11347219    
  1996.0000    	  1997.0000    	 0.68486851    	 0.11068169    
  1997.0000    	  1998.0000    	 0.93541737    	 0.96717035E-01
  1998.0000    	  1999.0000    	 0.73510279    	 0.10153450    
  1999.0000    	  2000.0000    	 0.76173343    	 0.90267071E-01
  2000.0000    	  2001.0000    	 0.74079074    	 0.94788071E-01
  2001.0000    	  2002.0000    	 0.80507452    	 0.93242782E-01
  2002.0000    	  2003.0000    	-0.77959521    	 0.11746992    
  2003.0000    	  2004.0000    	-0.48480963    	 0.14177297    
  2004.0000    	  2005.0000    	-0.72852175    	 0.16237807    
  2005.0000    	  2006.0000    	-0.25253334    	 0.14681234    
  2006.0000    	  2007.0000    	-0.92309836E-01	 0.18992536    
  2007.0000    	  2008.0000    	-0.96398088E-01	 0.16672285    
  2008.0000    	  2009.0000    	 0.24349432    	 0.15743203    
  2009.0000    	  2010.0000    	 0.51070864    	 0.12934901    
  2010.0000    	  2011.0000    	 0.40646529    	 0.17332776    
  2011.0000    	  2012.0000    	 0.63367378    	 0.16407665    
  2012.0000    	  2013.0000    	 0.78952941    	 0.14517482    
  2013.0000    	  2014.0000    	 0.74360394    	 0.13179723    
  2014.0000    	  2015.0000    	 0.67633391    	 0.13008965    
  2015.0000    	  2016.0000    	 0.91213005    	 0.11912136    
  2016.0000    	  2017.0000    	 0.84329942    	 0.12272154    
  2017.0000    	  2018.0000    	 0.61136036    	 0.13015762    
  2018.0000    	  2019.0000    	 0.98031835    	 0.11696600    
  2019.0000    	  2020.0000    	 0.86111773    	 0.10931673    
  2020.0000    	  2021.0000    	 0.78872850    	 0.10566362    
  2021.0000    	  2022.0000    	 0.61044265    	 0.78748530E-01
  2022.0000    	  2023.0000    	 0.67969576    	 0.88961224E-01
  2023.0000    	  2024.0000    	 0.40094946    	 0.96956037E-01
  2024.0000    	  2025.0000    	-0.71490148    	 0.10578890    
  2025.0000    	  2026.0000    	-0.55252976    	 0.13279608    
  2026.0000    	  2027.0000    	-0.43386939    	 0.15266342    
  2027.0000    	  2028.0000    	-0.22653661    	 0.14659080    
  2028.0000    	  2029.0000    	-0.72871381E-01	 0.16011889    
  2029.0000    	  2030.0000    	 0.42710707E-01	 0.15995843    
  2030.0000    	  2031.0000    	 0.23455902    	 0.15861304    
  2031.0000    	  2032.0000    	 0.49780954    	 0.14172458    
  2032.0000    	  2033.0000    	 0.60822134    	 0.15087396    
  2033.0000    	  2034.0000    	 0.63959421    	 0.14449055    
  2034.0000    	  2035.0000    	 0.63546265    	 0.14890180    
  2035.0000    	  2036.0000    	 0.49612464    	 0.15473132    
  2036.0000    	  2037.0000    	 0.76859548    	 0.11013930    
  2037.0000    	  2038.0000    	 0.81118682    	 0.12852760    
  2038.0000    	  2039.0000    	 0.61209627    	 0.11757976    
  2039.0000    	  2040.0000    	 0.84529448    	 0.10426745    
  2040.0000    	  2041.0000    	 0.84697681    	 0.99407622E-01
  2041.0000    	  2042.0000    	 0.69161635    	 0.99709377E-01
  2042.0000    	  2043.0000    	 0.84198141    	 0.89605669E-01
  2043.0000    	  2044.0000    	 0.68978303    	 0.83919730E-01
  2044.0000    	  2045.0000    	 0.41998692    	 0.97209822E-01
  2045.0000    	  2046.0000    	 0.61880389    	 0.93162252E-01
  2046.0000    	  2047.0000    	-0.70456905    	 0.11277828    
  2047.0000    	  2048.0000    	-0.56535381    	 0.13606601    
  2048.0000    	  2049.0000    	-0.32474102    	 0.14113671    
  2049.0000    	  2050.0000    	-0.43624126    	 0.14594422    
  2050.0000    	  2051.0000    	-0.47257205E-01	 0.13961474    
  2051.0000    	  2052.0000    	 0.57769587E-01	 0.16056461    
  2052.0000    	  2053.0000    	 0.16732809    	 0.16726709    
  2053.0000    	  2054.0000    	 0.63681146    	 0.15056195    
  2054.0000    	  2055.0000    	 0.39097648    	 0.14237204    
  2055.0000    	  2056.0000    	 0.51683929    	 0.12813942    
  2056.0000    	  2057.0000    	 0.89169300    	 0.14780405    
  2057.0000    	  2058.0000    	 0.65224568    	 0.12809658    
  2058.0000    	  2059.0000    	 0.56048192    	 0.12866656    
  2059.0000    	  2060.0000    	 0.69879065    	 0.13272740    
  2060.0000    	  2061.0000    	 0.97167425    	 0.10809322    
  2061.0000    	  2062.0000    	 0.67296338    	 0.96126812E-01
  2062.0000    	  2063.0000    	 0.80333237    	 0.97033321E-01
  2063.0000    	  2064.0000    	 0.68696359    	 0.10129725    
  2064.0000    	  2065.0000    	 0.71390185    	 0.88448923E-01
  2065.0000    	  2066.0000    	 0.64129071    	 0.91370010E-01
  2066.0000    	  2067.0000    	 0.57366404    	 0.78730491E-01
  2067.0000    	  2068.0000    	 0.51644157    	 0.86241051E-01
