# xi0
# underflow	  427.19672    	  1.8322002    
# overflow	 -8.8119483    	  1.0565936    
# sum	  3535.4239    	  9.9830726    
# xmin	xmax	cross	numerror
  0.0000000    	  1.0000000    	 -7.1293539    	 0.16988879    
  1.0000000    	  2.0000000    	 -6.2297024    	 0.18028102    
  2.0000000    	  3.0000000    	 -5.1607516    	 0.18796497    
  3.0000000    	  4.0000000    	 -3.6293039    	 0.20481786    
  4.0000000    	  5.0000000    	 -2.1949318    	 0.21294228    
  5.0000000    	  6.0000000    	-0.49846619    	 0.22383479    
  6.0000000    	  7.0000000    	 0.72893438    	 0.21963850    
  7.0000000    	  8.0000000    	  2.7118090    	 0.24634392    
  8.0000000    	  9.0000000    	  4.2504364    	 0.25893432    
  9.0000000    	  10.000000    	  6.5640403    	 0.28707451    
  10.000000    	  11.000000    	  7.7852039    	 0.29979493    
  11.000000    	  12.000000    	  10.491609    	 0.30008123    
  12.000000    	  13.000000    	  11.565791    	 0.32185069    
  13.000000    	  14.000000    	  12.839086    	 0.32038432    
  14.000000    	  15.000000    	  15.650656    	 0.37873025    
  15.000000    	  16.000000    	  16.688707    	 0.37232437    
  16.000000    	  17.000000    	  18.376535    	 0.37369636    
  17.000000    	  18.000000    	  18.994425    	 0.40678695    
  18.000000    	  19.000000    	  20.769422    	 0.40629768    
  19.000000    	  20.000000    	  21.291249    	 0.41848156    
  20.000000    	  21.000000    	  22.371010    	 0.42205375    
  21.000000    	  22.000000    	  23.131521    	 0.44224066    
  22.000000    	  23.000000    	 -7.2767306    	 0.17208950    
  23.000000    	  24.000000    	 -6.2483383    	 0.16920437    
  24.000000    	  25.000000    	 -5.1127181    	 0.17890881    
  25.000000    	  26.000000    	 -3.8827049    	 0.18749264    
  26.000000    	  27.000000    	 -2.3003700    	 0.20318469    
  27.000000    	  28.000000    	 -1.1400168    	 0.22539107    
  28.000000    	  29.000000    	  1.2327938    	 0.23313863    
  29.000000    	  30.000000    	  2.3461165    	 0.23169427    
  30.000000    	  31.000000    	  3.7073216    	 0.26832838    
  31.000000    	  32.000000    	  5.9452978    	 0.26782871    
  32.000000    	  33.000000    	  7.3695959    	 0.31313128    
  33.000000    	  34.000000    	  9.1096799    	 0.30888616    
  34.000000    	  35.000000    	  11.241444    	 0.30967094    
  35.000000    	  36.000000    	  13.333984    	 0.34859535    
  36.000000    	  37.000000    	  14.088624    	 0.36092024    
  37.000000    	  38.000000    	  16.111610    	 0.35703733    
  38.000000    	  39.000000    	  17.698553    	 0.37083158    
  39.000000    	  40.000000    	  19.253324    	 0.38121030    
  40.000000    	  41.000000    	  19.675775    	 0.39046563    
  41.000000    	  42.000000    	  21.084525    	 0.42147513    
  42.000000    	  43.000000    	  20.520092    	 0.42627217    
  43.000000    	  44.000000    	  21.831282    	 0.45684003    
  44.000000    	  45.000000    	 -7.2565251    	 0.17890950    
  45.000000    	  46.000000    	 -6.1637980    	 0.16814338    
  46.000000    	  47.000000    	 -5.2200697    	 0.18189246    
  47.000000    	  48.000000    	 -4.2093975    	 0.18487834    
  48.000000    	  49.000000    	 -2.7887680    	 0.20129422    
  49.000000    	  50.000000    	 -1.3965377    	 0.21064194    
  50.000000    	  51.000000    	 0.10614986    	 0.23340916    
  51.000000    	  52.000000    	  1.9974829    	 0.23778170    
  52.000000    	  53.000000    	  3.5206040    	 0.27295740    
  53.000000    	  54.000000    	  5.3627106    	 0.26933459    
  54.000000    	  55.000000    	  7.8318234    	 0.30364163    
  55.000000    	  56.000000    	  8.5251394    	 0.27976808    
  56.000000    	  57.000000    	  10.947411    	 0.30406320    
  57.000000    	  58.000000    	  11.815346    	 0.32799212    
  58.000000    	  59.000000    	  14.171693    	 0.34404376    
  59.000000    	  60.000000    	  15.204708    	 0.35170487    
  60.000000    	  61.000000    	  16.922129    	 0.35595212    
  61.000000    	  62.000000    	  17.691075    	 0.37615596    
  62.000000    	  63.000000    	  19.599937    	 0.41402636    
  63.000000    	  64.000000    	  19.112391    	 0.41482999    
  64.000000    	  65.000000    	  21.091042    	 0.41523313    
  65.000000    	  66.000000    	  20.483799    	 0.43271239    
  66.000000    	  67.000000    	 -6.7300084    	 0.17466447    
  67.000000    	  68.000000    	 -6.4194701    	 0.16022701    
  68.000000    	  69.000000    	 -5.5955033    	 0.17974958    
  69.000000    	  70.000000    	 -4.3594938    	 0.19476262    
  70.000000    	  71.000000    	 -3.1772847    	 0.20265072    
  71.000000    	  72.000000    	 -1.6836237    	 0.19958100    
  72.000000    	  73.000000    	-0.31247571    	 0.22872089    
  73.000000    	  74.000000    	  1.4314123    	 0.22496348    
  74.000000    	  75.000000    	  3.1519685    	 0.25782520    
  75.000000    	  76.000000    	  5.1934182    	 0.25548459    
  76.000000    	  77.000000    	  6.1650782    	 0.26960175    
  77.000000    	  78.000000    	  8.7673376    	 0.28489455    
  78.000000    	  79.000000    	  10.142508    	 0.29717714    
  79.000000    	  80.000000    	  12.691274    	 0.32461938    
  80.000000    	  81.000000    	  13.377194    	 0.33986974    
  81.000000    	  82.000000    	  14.915817    	 0.35128441    
  82.000000    	  83.000000    	  16.200077    	 0.35277932    
  83.000000    	  84.000000    	  17.767309    	 0.37096508    
  84.000000    	  85.000000    	  18.500462    	 0.37885966    
  85.000000    	  86.000000    	  19.296676    	 0.41610704    
  86.000000    	  87.000000    	  18.877884    	 0.40925522    
  87.000000    	  88.000000    	  19.330166    	 0.39372452    
  88.000000    	  89.000000    	 -6.8861179    	 0.16938764    
  89.000000    	  90.000000    	 -6.2812706    	 0.17718926    
  90.000000    	  91.000000    	 -5.4343768    	 0.17704030    
  91.000000    	  92.000000    	 -4.6283857    	 0.19609166    
  92.000000    	  93.000000    	 -3.4146758    	 0.19101134    
  93.000000    	  94.000000    	 -1.9922987    	 0.19703842    
  94.000000    	  95.000000    	-0.68565540    	 0.22212481    
  95.000000    	  96.000000    	  1.2416024    	 0.23274146    
  96.000000    	  97.000000    	  2.7554291    	 0.25932096    
  97.000000    	  98.000000    	  4.6579495    	 0.26431178    
  98.000000    	  99.000000    	  6.1291953    	 0.27245068    
  99.000000    	  100.00000    	  8.0145170    	 0.28582878    
  100.00000    	  101.00000    	  9.5891065    	 0.31802308    
  101.00000    	  102.00000    	  10.509903    	 0.33656051    
  102.00000    	  103.00000    	  12.532754    	 0.36513475    
  103.00000    	  104.00000    	  14.212355    	 0.32577175    
  104.00000    	  105.00000    	  15.613325    	 0.33951927    
  105.00000    	  106.00000    	  16.442238    	 0.35506719    
  106.00000    	  107.00000    	  16.970389    	 0.35533326    
  107.00000    	  108.00000    	  18.172167    	 0.37790705    
  108.00000    	  109.00000    	  18.800647    	 0.41317421    
  109.00000    	  110.00000    	  18.177237    	 0.39047446    
  110.00000    	  111.00000    	 -6.9376797    	 0.17515694    
  111.00000    	  112.00000    	 -6.1245454    	 0.16498682    
  112.00000    	  113.00000    	 -5.4399198    	 0.17522016    
  113.00000    	  114.00000    	 -4.6722870    	 0.19838857    
  114.00000    	  115.00000    	 -3.7531338    	 0.20140903    
  115.00000    	  116.00000    	 -2.3798904    	 0.23149118    
  116.00000    	  117.00000    	-0.56106380    	 0.21260597    
  117.00000    	  118.00000    	 0.52661367    	 0.23589695    
  118.00000    	  119.00000    	  2.4643680    	 0.24624820    
  119.00000    	  120.00000    	  4.7628667    	 0.25933801    
  120.00000    	  121.00000    	  5.6938592    	 0.27612659    
  121.00000    	  122.00000    	  7.7920463    	 0.26914487    
  122.00000    	  123.00000    	  9.4868247    	 0.31135966    
  123.00000    	  124.00000    	  10.414737    	 0.31113177    
  124.00000    	  125.00000    	  12.588696    	 0.31339158    
  125.00000    	  126.00000    	  13.939480    	 0.33937658    
  126.00000    	  127.00000    	  15.229651    	 0.33902729    
  127.00000    	  128.00000    	  16.082791    	 0.36753210    
  128.00000    	  129.00000    	  17.230254    	 0.35429269    
  129.00000    	  130.00000    	  17.498842    	 0.36818033    
  130.00000    	  131.00000    	  17.525460    	 0.39537068    
  131.00000    	  132.00000    	  17.879681    	 0.39380284    
  132.00000    	  133.00000    	 -6.7463456    	 0.16528799    
  133.00000    	  134.00000    	 -6.2561120    	 0.16577868    
  134.00000    	  135.00000    	 -5.9633999    	 0.19892477    
  135.00000    	  136.00000    	 -4.6574787    	 0.18761111    
  136.00000    	  137.00000    	 -3.5986610    	 0.19375095    
  137.00000    	  138.00000    	 -2.6828114    	 0.22127446    
  138.00000    	  139.00000    	 -1.3154454    	 0.20788098    
  139.00000    	  140.00000    	 0.56581084    	 0.22172042    
  140.00000    	  141.00000    	  2.2466763    	 0.25138545    
  141.00000    	  142.00000    	  3.1130392    	 0.23637589    
  142.00000    	  143.00000    	  5.3165883    	 0.28752160    
  143.00000    	  144.00000    	  7.0248319    	 0.25983769    
  144.00000    	  145.00000    	  8.6655612    	 0.29256324    
  145.00000    	  146.00000    	  10.325662    	 0.29748103    
  146.00000    	  147.00000    	  11.599259    	 0.29410597    
  147.00000    	  148.00000    	  13.204643    	 0.34432905    
  148.00000    	  149.00000    	  14.489562    	 0.37197127    
  149.00000    	  150.00000    	  15.151508    	 0.35567916    
  150.00000    	  151.00000    	  15.978048    	 0.35156266    
  151.00000    	  152.00000    	  16.457165    	 0.40826671    
  152.00000    	  153.00000    	  17.232369    	 0.38866473    
  153.00000    	  154.00000    	  17.077444    	 0.38038104    
  154.00000    	  155.00000    	 -6.6332243    	 0.17936256    
  155.00000    	  156.00000    	 -6.2621826    	 0.17012057    
  156.00000    	  157.00000    	 -5.7150670    	 0.19311972    
  157.00000    	  158.00000    	 -4.8684207    	 0.19112524    
  158.00000    	  159.00000    	 -3.9264967    	 0.19309939    
  159.00000    	  160.00000    	 -2.3913418    	 0.20961677    
  160.00000    	  161.00000    	 -1.2949046    	 0.20402711    
  161.00000    	  162.00000    	 0.44612911    	 0.21055895    
  162.00000    	  163.00000    	  1.3576789    	 0.24380333    
  163.00000    	  164.00000    	  3.7817436    	 0.24091636    
  164.00000    	  165.00000    	  4.8326038    	 0.27138620    
  165.00000    	  166.00000    	  7.3307194    	 0.26541716    
  166.00000    	  167.00000    	  7.8953918    	 0.28110516    
  167.00000    	  168.00000    	  9.9890413    	 0.28246368    
  168.00000    	  169.00000    	  11.597560    	 0.34144930    
  169.00000    	  170.00000    	  11.939824    	 0.32994385    
  170.00000    	  171.00000    	  13.530715    	 0.34470550    
  171.00000    	  172.00000    	  14.532021    	 0.32328363    
  172.00000    	  173.00000    	  15.273935    	 0.36216436    
  173.00000    	  174.00000    	  15.873509    	 0.40068870    
  174.00000    	  175.00000    	  15.579348    	 0.37230330    
  175.00000    	  176.00000    	  15.663406    	 0.37540689    
  176.00000    	  177.00000    	 -6.3972708    	 0.17865762    
  177.00000    	  178.00000    	 -5.9494198    	 0.16751034    
  178.00000    	  179.00000    	 -5.5177944    	 0.17199087    
  179.00000    	  180.00000    	 -5.0013418    	 0.19801715    
  180.00000    	  181.00000    	 -3.9203731    	 0.19411249    
  181.00000    	  182.00000    	 -2.6991524    	 0.20957098    
  182.00000    	  183.00000    	 -1.0581233    	 0.20209422    
  183.00000    	  184.00000    	-0.50848552E-01	 0.20005404    
  184.00000    	  185.00000    	  1.4190351    	 0.22174027    
  185.00000    	  186.00000    	  2.4066236    	 0.25635331    
  186.00000    	  187.00000    	  4.9382516    	 0.24432081    
  187.00000    	  188.00000    	  5.9762130    	 0.25833715    
  188.00000    	  189.00000    	  8.6855643    	 0.29716637    
  189.00000    	  190.00000    	  9.3765344    	 0.28625144    
  190.00000    	  191.00000    	  11.246126    	 0.31241146    
  191.00000    	  192.00000    	  12.566319    	 0.30221429    
  192.00000    	  193.00000    	  12.989608    	 0.33007529    
  193.00000    	  194.00000    	  14.654518    	 0.33130208    
  194.00000    	  195.00000    	  14.907627    	 0.34823588    
  195.00000    	  196.00000    	  14.617228    	 0.34270609    
  196.00000    	  197.00000    	  15.321624    	 0.35488503    
  197.00000    	  198.00000    	  15.026917    	 0.35419592    
  198.00000    	  199.00000    	 -6.0924144    	 0.17709416    
  199.00000    	  200.00000    	 -6.3355518    	 0.17320171    
  200.00000    	  201.00000    	 -5.4260630    	 0.17750473    
  201.00000    	  202.00000    	 -5.0208463    	 0.17811786    
  202.00000    	  203.00000    	 -3.9455325    	 0.20198893    
  203.00000    	  204.00000    	 -2.6577135    	 0.18812449    
  204.00000    	  205.00000    	 -1.7435138    	 0.20209199    
  205.00000    	  206.00000    	-0.42994836    	 0.20302624    
  206.00000    	  207.00000    	  1.4702175    	 0.22786572    
  207.00000    	  208.00000    	  3.1525488    	 0.25202256    
  208.00000    	  209.00000    	  4.6227572    	 0.24474036    
  209.00000    	  210.00000    	  5.9113898    	 0.25682794    
  210.00000    	  211.00000    	  7.1791769    	 0.28187721    
  211.00000    	  212.00000    	  9.5428743    	 0.27924988    
  212.00000    	  213.00000    	  10.617298    	 0.28933610    
  213.00000    	  214.00000    	  12.115079    	 0.28710435    
  214.00000    	  215.00000    	  12.503951    	 0.31502522    
  215.00000    	  216.00000    	  13.464706    	 0.33915821    
  216.00000    	  217.00000    	  14.380604    	 0.35679234    
  217.00000    	  218.00000    	  14.476768    	 0.34621924    
  218.00000    	  219.00000    	  15.044492    	 0.35795856    
  219.00000    	  220.00000    	  14.288624    	 0.35184302    
  220.00000    	  221.00000    	 -5.7817511    	 0.17317922    
  221.00000    	  222.00000    	 -6.1260138    	 0.18211121    
  222.00000    	  223.00000    	 -5.4708659    	 0.19088266    
  223.00000    	  224.00000    	 -4.7322305    	 0.20489637    
  224.00000    	  225.00000    	 -3.8924416    	 0.19899848    
  225.00000    	  226.00000    	 -3.1367529    	 0.19105235    
  226.00000    	  227.00000    	 -1.8804101    	 0.20333452    
  227.00000    	  228.00000    	-0.19014780    	 0.19807409    
  228.00000    	  229.00000    	  1.7147758    	 0.21865116    
  229.00000    	  230.00000    	  2.4826436    	 0.23437811    
  230.00000    	  231.00000    	  4.1792502    	 0.26088619    
  231.00000    	  232.00000    	  6.1971613    	 0.25544458    
  232.00000    	  233.00000    	  7.5437251    	 0.28536688    
  233.00000    	  234.00000    	  8.6343527    	 0.28458888    
  234.00000    	  235.00000    	  9.9622795    	 0.29409127    
  235.00000    	  236.00000    	  11.586519    	 0.30832274    
  236.00000    	  237.00000    	  12.216843    	 0.32493162    
  237.00000    	  238.00000    	  12.707921    	 0.32076561    
  238.00000    	  239.00000    	  13.683837    	 0.34461957    
  239.00000    	  240.00000    	  13.358307    	 0.34279361    
  240.00000    	  241.00000    	  13.613023    	 0.35969568    
  241.00000    	  242.00000    	  13.776571    	 0.34972675    
  242.00000    	  243.00000    	 -6.0384796    	 0.17062901    
  243.00000    	  244.00000    	 -5.6935454    	 0.17639720    
  244.00000    	  245.00000    	 -5.5843210    	 0.17452961    
  245.00000    	  246.00000    	 -4.9100005    	 0.19805356    
  246.00000    	  247.00000    	 -3.7611490    	 0.18793850    
  247.00000    	  248.00000    	 -3.0997999    	 0.18957237    
  248.00000    	  249.00000    	 -2.0269598    	 0.19573527    
  249.00000    	  250.00000    	-0.57848110    	 0.21476455    
  250.00000    	  251.00000    	 0.62945859    	 0.20536439    
  251.00000    	  252.00000    	  2.3699979    	 0.24581020    
  252.00000    	  253.00000    	  4.3555656    	 0.23459801    
  253.00000    	  254.00000    	  5.2175294    	 0.24430383    
  254.00000    	  255.00000    	  7.0079907    	 0.27807241    
  255.00000    	  256.00000    	  8.5745348    	 0.28364472    
  256.00000    	  257.00000    	  9.6709881    	 0.29199141    
  257.00000    	  258.00000    	  10.933663    	 0.32232431    
  258.00000    	  259.00000    	  11.430612    	 0.31509064    
  259.00000    	  260.00000    	  12.954168    	 0.33739877    
  260.00000    	  261.00000    	  12.907516    	 0.32938613    
  261.00000    	  262.00000    	  13.600540    	 0.34953853    
  262.00000    	  263.00000    	  13.806959    	 0.36751605    
  263.00000    	  264.00000    	  13.888538    	 0.35397722    
  264.00000    	  265.00000    	 -5.8373760    	 0.18296602    
  265.00000    	  266.00000    	 -5.5920150    	 0.16900348    
  266.00000    	  267.00000    	 -5.3960280    	 0.18819612    
  267.00000    	  268.00000    	 -4.5983006    	 0.19720243    
  268.00000    	  269.00000    	 -4.1300024    	 0.18953187    
  269.00000    	  270.00000    	 -3.0941765    	 0.18456661    
  270.00000    	  271.00000    	 -2.3066570    	 0.19790950    
  271.00000    	  272.00000    	-0.68334563    	 0.21535040    
  272.00000    	  273.00000    	 0.73872928    	 0.22015356    
  273.00000    	  274.00000    	  2.2676421    	 0.24190128    
  274.00000    	  275.00000    	  3.9088362    	 0.24155360    
  275.00000    	  276.00000    	  5.4960134    	 0.24102053    
  276.00000    	  277.00000    	  6.8025194    	 0.28537612    
  277.00000    	  278.00000    	  8.2196430    	 0.28682665    
  278.00000    	  279.00000    	  9.4949887    	 0.29648043    
  279.00000    	  280.00000    	  10.693927    	 0.34893646    
  280.00000    	  281.00000    	  11.301361    	 0.29806221    
  281.00000    	  282.00000    	  12.034321    	 0.36357292    
  282.00000    	  283.00000    	  13.091335    	 0.34728554    
  283.00000    	  284.00000    	  12.098010    	 0.35637477    
  284.00000    	  285.00000    	  12.926258    	 0.36296503    
  285.00000    	  286.00000    	  12.539499    	 0.35845906    
  286.00000    	  287.00000    	 -5.7936437    	 0.19700322    
  287.00000    	  288.00000    	 -5.7660578    	 0.17749624    
  288.00000    	  289.00000    	 -5.6557819    	 0.19168557    
  289.00000    	  290.00000    	 -5.1821271    	 0.20073732    
  290.00000    	  291.00000    	 -4.5696729    	 0.20340924    
  291.00000    	  292.00000    	 -2.9259156    	 0.19544619    
  292.00000    	  293.00000    	 -2.2930506    	 0.21907965    
  293.00000    	  294.00000    	 -1.0145411    	 0.21326087    
  294.00000    	  295.00000    	 0.72173514    	 0.21357439    
  295.00000    	  296.00000    	  1.9234108    	 0.21144028    
  296.00000    	  297.00000    	  3.8031463    	 0.22406350    
  297.00000    	  298.00000    	  5.4823228    	 0.26492067    
  298.00000    	  299.00000    	  6.6735756    	 0.27584813    
  299.00000    	  300.00000    	  7.4060810    	 0.30775586    
  300.00000    	  301.00000    	  8.7427957    	 0.30532839    
  301.00000    	  302.00000    	  9.9275993    	 0.33961940    
  302.00000    	  303.00000    	  11.269526    	 0.32068397    
  303.00000    	  304.00000    	  11.246893    	 0.34883618    
  304.00000    	  305.00000    	  11.784765    	 0.35959703    
  305.00000    	  306.00000    	  13.174709    	 0.40999296    
  306.00000    	  307.00000    	  12.150052    	 0.36224902    
  307.00000    	  308.00000    	  12.071576    	 0.33271694    
  308.00000    	  309.00000    	 -5.2227247    	 0.18096304    
  309.00000    	  310.00000    	 -5.1572311    	 0.18070299    
  310.00000    	  311.00000    	 -5.4718730    	 0.19010910    
  311.00000    	  312.00000    	 -4.7965746    	 0.20622165    
  312.00000    	  313.00000    	 -3.9662066    	 0.19678001    
  313.00000    	  314.00000    	 -3.5991575    	 0.18926757    
  314.00000    	  315.00000    	 -2.0637434    	 0.21016806    
  315.00000    	  316.00000    	-0.84386073    	 0.21085898    
  316.00000    	  317.00000    	 0.50866621    	 0.20630861    
  317.00000    	  318.00000    	  1.5308894    	 0.22711610    
  318.00000    	  319.00000    	  3.0777224    	 0.24141099    
  319.00000    	  320.00000    	  4.3501128    	 0.26258200    
  320.00000    	  321.00000    	  6.1908236    	 0.26400552    
  321.00000    	  322.00000    	  7.5850968    	 0.29910539    
  322.00000    	  323.00000    	  8.5449378    	 0.28278435    
  323.00000    	  324.00000    	  10.075625    	 0.30756630    
  324.00000    	  325.00000    	  10.307290    	 0.33445073    
  325.00000    	  326.00000    	  11.320085    	 0.33760346    
  326.00000    	  327.00000    	  11.456899    	 0.35204723    
  327.00000    	  328.00000    	  11.393461    	 0.36828779    
  328.00000    	  329.00000    	  11.884562    	 0.35463366    
  329.00000    	  330.00000    	  12.295694    	 0.32898491    
  330.00000    	  331.00000    	 -5.3688012    	 0.17968443    
  331.00000    	  332.00000    	 -5.3191067    	 0.17405405    
  332.00000    	  333.00000    	 -5.1502905    	 0.18869908    
  333.00000    	  334.00000    	 -4.4684875    	 0.17582091    
  334.00000    	  335.00000    	 -4.3148623    	 0.18733450    
  335.00000    	  336.00000    	 -3.4353841    	 0.18296236    
  336.00000    	  337.00000    	 -2.1713348    	 0.18695162    
  337.00000    	  338.00000    	-0.61893283    	 0.18684383    
  338.00000    	  339.00000    	 0.17589196    	 0.20377464    
  339.00000    	  340.00000    	  1.6175870    	 0.22651436    
  340.00000    	  341.00000    	  3.2401118    	 0.24936577    
  341.00000    	  342.00000    	  4.4299223    	 0.25727977    
  342.00000    	  343.00000    	  6.0417021    	 0.26486954    
  343.00000    	  344.00000    	  6.8254019    	 0.25923976    
  344.00000    	  345.00000    	  8.7951847    	 0.28928807    
  345.00000    	  346.00000    	  9.5274319    	 0.31378548    
  346.00000    	  347.00000    	  10.331231    	 0.31398243    
  347.00000    	  348.00000    	  10.666747    	 0.33151070    
  348.00000    	  349.00000    	  11.818070    	 0.34135062    
  349.00000    	  350.00000    	  10.997989    	 0.35106180    
  350.00000    	  351.00000    	  11.408961    	 0.36758044    
  351.00000    	  352.00000    	  10.746558    	 0.35342434    
  352.00000    	  353.00000    	 -5.4311682    	 0.18383048    
  353.00000    	  354.00000    	 -5.4953520    	 0.16946910    
  354.00000    	  355.00000    	 -4.8169624    	 0.18584039    
  355.00000    	  356.00000    	 -4.8576134    	 0.19147697    
  356.00000    	  357.00000    	 -3.8969308    	 0.19563184    
  357.00000    	  358.00000    	 -3.1354792    	 0.18066449    
  358.00000    	  359.00000    	 -2.4629885    	 0.19847275    
  359.00000    	  360.00000    	-0.90783025    	 0.18238196    
  360.00000    	  361.00000    	 0.31749409    	 0.20595545    
  361.00000    	  362.00000    	  1.8008198    	 0.20925086    
  362.00000    	  363.00000    	  3.1976915    	 0.24821764    
  363.00000    	  364.00000    	  4.4742023    	 0.24723474    
  364.00000    	  365.00000    	  5.6591087    	 0.25729721    
  365.00000    	  366.00000    	  7.0802658    	 0.25652295    
  366.00000    	  367.00000    	  7.9763417    	 0.30204922    
  367.00000    	  368.00000    	  9.0199742    	 0.31775193    
  368.00000    	  369.00000    	  10.144306    	 0.31916488    
  369.00000    	  370.00000    	  10.533249    	 0.31059625    
  370.00000    	  371.00000    	  10.470670    	 0.31809718    
  371.00000    	  372.00000    	  10.973392    	 0.34309768    
  372.00000    	  373.00000    	  10.908020    	 0.36266533    
  373.00000    	  374.00000    	  10.382433    	 0.33105140    
  374.00000    	  375.00000    	 -5.0806447    	 0.18885221    
  375.00000    	  376.00000    	 -5.3544160    	 0.18724136    
  376.00000    	  377.00000    	 -5.0996532    	 0.18613840    
  377.00000    	  378.00000    	 -4.9154359    	 0.20407945    
  378.00000    	  379.00000    	 -4.3232965    	 0.17473289    
  379.00000    	  380.00000    	 -3.6284045    	 0.18349555    
  380.00000    	  381.00000    	 -2.1347923    	 0.20901369    
  381.00000    	  382.00000    	 -1.2246889    	 0.17063284    
  382.00000    	  383.00000    	-0.14215237E-01	 0.19510117    
  383.00000    	  384.00000    	  1.8228816    	 0.22553740    
  384.00000    	  385.00000    	  2.1594858    	 0.23480943    
  385.00000    	  386.00000    	  3.9911086    	 0.22858975    
  386.00000    	  387.00000    	  5.3095172    	 0.27700206    
  387.00000    	  388.00000    	  6.8777995    	 0.25598922    
  388.00000    	  389.00000    	  7.6788962    	 0.27780169    
  389.00000    	  390.00000    	  8.5556356    	 0.31166315    
  390.00000    	  391.00000    	  8.9703754    	 0.31208282    
  391.00000    	  392.00000    	  10.138925    	 0.31857822    
  392.00000    	  393.00000    	  10.370091    	 0.36824625    
  393.00000    	  394.00000    	  10.313072    	 0.38244492    
  394.00000    	  395.00000    	  10.537792    	 0.34200728    
  395.00000    	  396.00000    	  9.7424049    	 0.32503154    
  396.00000    	  397.00000    	 -4.9125464    	 0.17637342    
  397.00000    	  398.00000    	 -4.9211579    	 0.19311446    
  398.00000    	  399.00000    	 -5.1986200    	 0.19201071    
  399.00000    	  400.00000    	 -4.4943447    	 0.19415839    
  400.00000    	  401.00000    	 -4.1396377    	 0.18774745    
  401.00000    	  402.00000    	 -3.5546169    	 0.19914734    
  402.00000    	  403.00000    	 -2.3559345    	 0.19926655    
  403.00000    	  404.00000    	 -1.2326138    	 0.19039570    
  404.00000    	  405.00000    	 0.61476935E-01	 0.20775064    
  405.00000    	  406.00000    	  1.1597177    	 0.22306467    
  406.00000    	  407.00000    	  2.9993473    	 0.22083325    
  407.00000    	  408.00000    	  3.9687635    	 0.23676558    
  408.00000    	  409.00000    	  5.4255250    	 0.26901340    
  409.00000    	  410.00000    	  6.5910117    	 0.25896436    
  410.00000    	  411.00000    	  7.5362586    	 0.27656860    
  411.00000    	  412.00000    	  8.4414176    	 0.28826252    
  412.00000    	  413.00000    	  9.6041324    	 0.29967348    
  413.00000    	  414.00000    	  9.9327819    	 0.32542655    
  414.00000    	  415.00000    	  9.7782532    	 0.34529070    
  415.00000    	  416.00000    	  9.8138071    	 0.36502778    
  416.00000    	  417.00000    	  10.170577    	 0.32267510    
  417.00000    	  418.00000    	  10.461605    	 0.32444324    
  418.00000    	  419.00000    	 -4.7204823    	 0.17232174    
  419.00000    	  420.00000    	 -5.3699770    	 0.19094728    
  420.00000    	  421.00000    	 -5.1585291    	 0.19157116    
  421.00000    	  422.00000    	 -4.6228770    	 0.18174401    
  422.00000    	  423.00000    	 -4.1716123    	 0.17904971    
  423.00000    	  424.00000    	 -3.1700594    	 0.18624487    
  424.00000    	  425.00000    	 -2.2830850    	 0.20568873    
  425.00000    	  426.00000    	 -1.3455154    	 0.21489930    
  426.00000    	  427.00000    	-0.58442009    	 0.21236838    
  427.00000    	  428.00000    	  1.0861416    	 0.22197632    
  428.00000    	  429.00000    	  2.1919689    	 0.20652876    
  429.00000    	  430.00000    	  3.9616048    	 0.25305923    
  430.00000    	  431.00000    	  4.8937064    	 0.25602874    
  431.00000    	  432.00000    	  6.5074689    	 0.25577943    
  432.00000    	  433.00000    	  7.3336001    	 0.28830441    
  433.00000    	  434.00000    	  7.9847992    	 0.29463668    
  434.00000    	  435.00000    	  8.7849738    	 0.30380695    
  435.00000    	  436.00000    	  9.7364774    	 0.30164525    
  436.00000    	  437.00000    	  9.7676119    	 0.30831861    
  437.00000    	  438.00000    	  10.335752    	 0.32352969    
  438.00000    	  439.00000    	  9.5202208    	 0.33258750    
  439.00000    	  440.00000    	  9.3627612    	 0.32645481    
  440.00000    	  441.00000    	 -4.7924763    	 0.17831928    
  441.00000    	  442.00000    	 -4.8741586    	 0.18730854    
  442.00000    	  443.00000    	 -4.6987156    	 0.19256763    
  443.00000    	  444.00000    	 -4.7036627    	 0.18267150    
  444.00000    	  445.00000    	 -4.1227948    	 0.18862006    
  445.00000    	  446.00000    	 -3.6107055    	 0.18630348    
  446.00000    	  447.00000    	 -2.2842445    	 0.19788200    
  447.00000    	  448.00000    	 -1.5152236    	 0.17870894    
  448.00000    	  449.00000    	-0.21857944E-01	 0.18897739    
  449.00000    	  450.00000    	  1.1737899    	 0.22948349    
  450.00000    	  451.00000    	  2.1892405    	 0.21837395    
  451.00000    	  452.00000    	  3.5517534    	 0.25324142    
  452.00000    	  453.00000    	  5.2650875    	 0.26811847    
  453.00000    	  454.00000    	  5.5575449    	 0.26253216    
  454.00000    	  455.00000    	  7.2477835    	 0.26379766    
  455.00000    	  456.00000    	  8.2142277    	 0.31168050    
  456.00000    	  457.00000    	  9.0238746    	 0.28518485    
  457.00000    	  458.00000    	  8.7646252    	 0.31082067    
  458.00000    	  459.00000    	  9.1670058    	 0.30194977    
  459.00000    	  460.00000    	  9.1947547    	 0.32725892    
  460.00000    	  461.00000    	  8.9344556    	 0.31267640    
  461.00000    	  462.00000    	  8.5685697    	 0.35154918    
  462.00000    	  463.00000    	 -4.5301318    	 0.18598694    
  463.00000    	  464.00000    	 -4.9239317    	 0.20663915    
  464.00000    	  465.00000    	 -4.8728053    	 0.17837214    
  465.00000    	  466.00000    	 -4.5388069    	 0.18985733    
  466.00000    	  467.00000    	 -4.1697584    	 0.19002743    
  467.00000    	  468.00000    	 -3.4659195    	 0.18427642    
  468.00000    	  469.00000    	 -2.7913876    	 0.20610949    
  469.00000    	  470.00000    	 -1.4633919    	 0.19392443    
  470.00000    	  471.00000    	-0.23516641    	 0.18574194    
  471.00000    	  472.00000    	  1.3182640    	 0.20382680    
  472.00000    	  473.00000    	  2.3539264    	 0.21017531    
  473.00000    	  474.00000    	  3.2755601    	 0.25974676    
  474.00000    	  475.00000    	  4.5309859    	 0.26506184    
  475.00000    	  476.00000    	  5.6707531    	 0.27038520    
  476.00000    	  477.00000    	  6.7065851    	 0.24899108    
  477.00000    	  478.00000    	  7.3616733    	 0.29839409    
  478.00000    	  479.00000    	  7.7679933    	 0.29977246    
  479.00000    	  480.00000    	  8.9029029    	 0.32440992    
  480.00000    	  481.00000    	  9.0503313    	 0.30772323    
  481.00000    	  482.00000    	  8.9700060    	 0.31925507    
  482.00000    	  483.00000    	  9.2159258    	 0.32212279    
  483.00000    	  484.00000    	  8.9102510    	 0.35106024    
  484.00000    	  485.00000    	 -4.4988535    	 0.17195074    
  485.00000    	  486.00000    	 -4.5259539    	 0.20282282    
  486.00000    	  487.00000    	 -4.4315785    	 0.18095240    
  487.00000    	  488.00000    	 -4.4246456    	 0.18265414    
  488.00000    	  489.00000    	 -3.8009386    	 0.17842847    
  489.00000    	  490.00000    	 -3.1069541    	 0.18475559    
  490.00000    	  491.00000    	 -2.5210363    	 0.19393013    
  491.00000    	  492.00000    	 -1.2984524    	 0.20894909    
  492.00000    	  493.00000    	-0.64585412    	 0.18931561    
  493.00000    	  494.00000    	 0.74034471    	 0.20046086    
  494.00000    	  495.00000    	  2.2912222    	 0.20518194    
  495.00000    	  496.00000    	  3.0856392    	 0.24960263    
  496.00000    	  497.00000    	  4.4655165    	 0.25256685    
  497.00000    	  498.00000    	  5.2072764    	 0.25338025    
  498.00000    	  499.00000    	  6.6623611    	 0.27027314    
  499.00000    	  500.00000    	  7.5049851    	 0.29130825    
  500.00000    	  501.00000    	  7.9007333    	 0.33814696    
  501.00000    	  502.00000    	  8.3207283    	 0.30745225    
  502.00000    	  503.00000    	  8.8071620    	 0.35485369    
  503.00000    	  504.00000    	  8.8089929    	 0.32262067    
  504.00000    	  505.00000    	  8.9591270    	 0.32133363    
  505.00000    	  506.00000    	  7.8578120    	 0.35873410    
  506.00000    	  507.00000    	 -4.6837578    	 0.18017772    
  507.00000    	  508.00000    	 -4.5065656    	 0.19544459    
  508.00000    	  509.00000    	 -4.3647092    	 0.18238652    
  509.00000    	  510.00000    	 -4.7002515    	 0.18315834    
  510.00000    	  511.00000    	 -3.9585894    	 0.17389195    
  511.00000    	  512.00000    	 -3.3441021    	 0.17703794    
  512.00000    	  513.00000    	 -2.1165668    	 0.18120842    
  513.00000    	  514.00000    	 -1.6626567    	 0.17767891    
  514.00000    	  515.00000    	-0.69095634    	 0.18968406    
  515.00000    	  516.00000    	 0.33837967    	 0.20135999    
  516.00000    	  517.00000    	  2.2426266    	 0.21355535    
  517.00000    	  518.00000    	  2.8666842    	 0.23657617    
  518.00000    	  519.00000    	  4.1868819    	 0.24290950    
  519.00000    	  520.00000    	  5.8701932    	 0.25448543    
  520.00000    	  521.00000    	  5.9968871    	 0.27439931    
  521.00000    	  522.00000    	  6.8854798    	 0.29274326    
  522.00000    	  523.00000    	  7.9959101    	 0.32850754    
  523.00000    	  524.00000    	  8.3363422    	 0.28890058    
  524.00000    	  525.00000    	  8.2185246    	 0.34353691    
  525.00000    	  526.00000    	  8.5265234    	 0.34015788    
  526.00000    	  527.00000    	  7.9742348    	 0.33586553    
  527.00000    	  528.00000    	  7.6244723    	 0.31947917    
  528.00000    	  529.00000    	 -4.3106931    	 0.18739048    
  529.00000    	  530.00000    	 -4.4008101    	 0.19804360    
  530.00000    	  531.00000    	 -4.5708068    	 0.18183313    
  531.00000    	  532.00000    	 -4.1789422    	 0.18934527    
  532.00000    	  533.00000    	 -4.0249256    	 0.19830316    
  533.00000    	  534.00000    	 -3.2488239    	 0.17525537    
  534.00000    	  535.00000    	 -2.6469981    	 0.18332057    
  535.00000    	  536.00000    	 -1.4489970    	 0.17177472    
  536.00000    	  537.00000    	-0.13092404    	 0.18745764    
  537.00000    	  538.00000    	 0.77230303    	 0.20705385    
  538.00000    	  539.00000    	  1.4988238    	 0.21199662    
  539.00000    	  540.00000    	  2.8877692    	 0.24034887    
  540.00000    	  541.00000    	  4.0082484    	 0.23039794    
  541.00000    	  542.00000    	  4.4715437    	 0.25644177    
  542.00000    	  543.00000    	  6.2317417    	 0.25423002    
  543.00000    	  544.00000    	  6.5916357    	 0.29136811    
  544.00000    	  545.00000    	  7.8428185    	 0.31567278    
  545.00000    	  546.00000    	  7.9534358    	 0.30048753    
  546.00000    	  547.00000    	  8.8125035    	 0.30471327    
  547.00000    	  548.00000    	  7.7170329    	 0.31984027    
  548.00000    	  549.00000    	  8.4718154    	 0.33597038    
  549.00000    	  550.00000    	  7.9576236    	 0.31482071    
  550.00000    	  551.00000    	 -4.0814379    	 0.19307925    
  551.00000    	  552.00000    	 -4.3115421    	 0.19628536    
  552.00000    	  553.00000    	 -4.1650671    	 0.19022253    
  553.00000    	  554.00000    	 -4.4953825    	 0.18672376    
  554.00000    	  555.00000    	 -3.5570359    	 0.19284434    
  555.00000    	  556.00000    	 -3.3918124    	 0.18482554    
  556.00000    	  557.00000    	 -2.4024906    	 0.18105552    
  557.00000    	  558.00000    	 -1.7419298    	 0.18658049    
  558.00000    	  559.00000    	-0.39567853    	 0.19249812    
  559.00000    	  560.00000    	 0.65065853    	 0.20477485    
  560.00000    	  561.00000    	  1.6159977    	 0.21071625    
  561.00000    	  562.00000    	  2.9132390    	 0.23235571    
  562.00000    	  563.00000    	  4.1724730    	 0.23864834    
  563.00000    	  564.00000    	  4.8434693    	 0.25073795    
  564.00000    	  565.00000    	  6.3601004    	 0.26535295    
  565.00000    	  566.00000    	  6.8334666    	 0.29395362    
  566.00000    	  567.00000    	  6.5768270    	 0.31463547    
  567.00000    	  568.00000    	  8.0716176    	 0.32824904    
  568.00000    	  569.00000    	  7.8712420    	 0.31964616    
  569.00000    	  570.00000    	  7.8227766    	 0.30222706    
  570.00000    	  571.00000    	  7.0088868    	 0.32639677    
  571.00000    	  572.00000    	  7.1657604    	 0.31940984    
  572.00000    	  573.00000    	 -4.1557127    	 0.19122195    
  573.00000    	  574.00000    	 -4.0516684    	 0.18263639    
  574.00000    	  575.00000    	 -4.4841891    	 0.18583683    
  575.00000    	  576.00000    	 -4.4862443    	 0.17794902    
  576.00000    	  577.00000    	 -3.4621175    	 0.19935460    
  577.00000    	  578.00000    	 -3.6110806    	 0.19097153    
  578.00000    	  579.00000    	 -2.8440915    	 0.19528807    
  579.00000    	  580.00000    	 -1.5604700    	 0.16660256    
  580.00000    	  581.00000    	-0.69400160    	 0.18648023    
  581.00000    	  582.00000    	 0.38250528    	 0.18096770    
  582.00000    	  583.00000    	  1.7487648    	 0.21664415    
  583.00000    	  584.00000    	  2.6708767    	 0.21328341    
  584.00000    	  585.00000    	  3.8718824    	 0.24549260    
  585.00000    	  586.00000    	  4.9986157    	 0.22961186    
  586.00000    	  587.00000    	  5.2987356    	 0.28030083    
  587.00000    	  588.00000    	  6.7754526    	 0.28492024    
  588.00000    	  589.00000    	  7.7920354    	 0.29915511    
  589.00000    	  590.00000    	  7.0818453    	 0.32746948    
  590.00000    	  591.00000    	  7.7192712    	 0.32960492    
  591.00000    	  592.00000    	  7.9677515    	 0.33744334    
  592.00000    	  593.00000    	  7.3397226    	 0.31822368    
  593.00000    	  594.00000    	  7.5048323    	 0.31966808    
  594.00000    	  595.00000    	 -3.7448743    	 0.18126346    
  595.00000    	  596.00000    	 -4.5117738    	 0.19696126    
  596.00000    	  597.00000    	 -4.2319111    	 0.19282534    
  597.00000    	  598.00000    	 -3.9186328    	 0.17217949    
  598.00000    	  599.00000    	 -4.0440971    	 0.18240701    
  599.00000    	  600.00000    	 -2.9176534    	 0.17679472    
  600.00000    	  601.00000    	 -2.8745381    	 0.19432350    
  601.00000    	  602.00000    	 -1.8221156    	 0.17353862    
  602.00000    	  603.00000    	-0.50338357    	 0.18725414    
  603.00000    	  604.00000    	 0.94899453E-01	 0.20311690    
  604.00000    	  605.00000    	  1.7715945    	 0.20976723    
  605.00000    	  606.00000    	  2.4976438    	 0.22912526    
  606.00000    	  607.00000    	  3.6125086    	 0.21665311    
  607.00000    	  608.00000    	  4.5738139    	 0.24475114    
  608.00000    	  609.00000    	  5.4163946    	 0.26091842    
  609.00000    	  610.00000    	  6.6475555    	 0.27277443    
  610.00000    	  611.00000    	  6.4670674    	 0.33892935    
  611.00000    	  612.00000    	  7.1038538    	 0.29394340    
  612.00000    	  613.00000    	  7.3757214    	 0.36720143    
  613.00000    	  614.00000    	  7.2923986    	 0.32646859    
  614.00000    	  615.00000    	  7.3736395    	 0.33559405    
  615.00000    	  616.00000    	  6.9060960    	 0.29264078    
  616.00000    	  617.00000    	 -3.6791672    	 0.19549528    
  617.00000    	  618.00000    	 -4.0249472    	 0.21034001    
  618.00000    	  619.00000    	 -4.0432283    	 0.19546390    
  619.00000    	  620.00000    	 -3.9781028    	 0.17792928    
  620.00000    	  621.00000    	 -3.8465701    	 0.19050880    
  621.00000    	  622.00000    	 -2.9708287    	 0.17760187    
  622.00000    	  623.00000    	 -2.6377073    	 0.17056227    
  623.00000    	  624.00000    	 -1.8520610    	 0.18715207    
  624.00000    	  625.00000    	-0.93441838    	 0.17290536    
  625.00000    	  626.00000    	 0.61584362    	 0.21216359    
  626.00000    	  627.00000    	  1.5079128    	 0.19227034    
  627.00000    	  628.00000    	  2.0931514    	 0.21808588    
  628.00000    	  629.00000    	  3.2298650    	 0.23257147    
  629.00000    	  630.00000    	  4.3394493    	 0.23794576    
  630.00000    	  631.00000    	  5.1449136    	 0.28414027    
  631.00000    	  632.00000    	  5.6114748    	 0.27798679    
  632.00000    	  633.00000    	  6.5332758    	 0.31777425    
  633.00000    	  634.00000    	  6.6535136    	 0.29695808    
  634.00000    	  635.00000    	  6.8301155    	 0.34842501    
  635.00000    	  636.00000    	  7.3822114    	 0.29533772    
  636.00000    	  637.00000    	  6.9157767    	 0.33443888    
  637.00000    	  638.00000    	  6.7744150    	 0.29129579    
  638.00000    	  639.00000    	 -3.6232371    	 0.19063494    
  639.00000    	  640.00000    	 -3.6793984    	 0.20563891    
  640.00000    	  641.00000    	 -4.2155047    	 0.20971183    
  641.00000    	  642.00000    	 -3.9520397    	 0.18278209    
  642.00000    	  643.00000    	 -3.7110288    	 0.19768249    
  643.00000    	  644.00000    	 -3.3793004    	 0.17139776    
  644.00000    	  645.00000    	 -2.3452604    	 0.18148640    
  645.00000    	  646.00000    	 -1.6783145    	 0.18269884    
  646.00000    	  647.00000    	-0.69818944    	 0.19196386    
  647.00000    	  648.00000    	-0.15024373    	 0.19996754    
  648.00000    	  649.00000    	  1.1663274    	 0.19772249    
  649.00000    	  650.00000    	  2.5938332    	 0.21596462    
  650.00000    	  651.00000    	  3.4686024    	 0.22990083    
  651.00000    	  652.00000    	  4.9383348    	 0.25381285    
  652.00000    	  653.00000    	  4.7790886    	 0.26829302    
  653.00000    	  654.00000    	  5.9187701    	 0.25577241    
  654.00000    	  655.00000    	  6.0885157    	 0.30511467    
  655.00000    	  656.00000    	  6.9365528    	 0.30596052    
  656.00000    	  657.00000    	  6.8197241    	 0.28940570    
  657.00000    	  658.00000    	  6.6631907    	 0.29324575    
  658.00000    	  659.00000    	  6.4976186    	 0.26995763    
  659.00000    	  660.00000    	  6.4103249    	 0.27784060    
  660.00000    	  661.00000    	 -3.7543990    	 0.17987296    
  661.00000    	  662.00000    	 -3.9251974    	 0.19075168    
  662.00000    	  663.00000    	 -4.1512576    	 0.20121106    
  663.00000    	  664.00000    	 -4.0384527    	 0.19620183    
  664.00000    	  665.00000    	 -3.1352318    	 0.18943365    
  665.00000    	  666.00000    	 -3.2665936    	 0.18308820    
  666.00000    	  667.00000    	 -2.6804603    	 0.18636394    
  667.00000    	  668.00000    	 -1.8586369    	 0.16812947    
  668.00000    	  669.00000    	-0.70159163    	 0.18510129    
  669.00000    	  670.00000    	 0.28241583    	 0.18125391    
  670.00000    	  671.00000    	  1.1755506    	 0.21233209    
  671.00000    	  672.00000    	  2.0821925    	 0.22302158    
  672.00000    	  673.00000    	  3.1112209    	 0.21707918    
  673.00000    	  674.00000    	  3.9366307    	 0.24325388    
  674.00000    	  675.00000    	  4.9544004    	 0.26735364    
  675.00000    	  676.00000    	  5.3336909    	 0.29096792    
  676.00000    	  677.00000    	  6.0734650    	 0.28601231    
  677.00000    	  678.00000    	  6.4336130    	 0.32009406    
  678.00000    	  679.00000    	  6.8414148    	 0.30621884    
  679.00000    	  680.00000    	  6.6468214    	 0.32825950    
  680.00000    	  681.00000    	  6.9728928    	 0.28968440    
  681.00000    	  682.00000    	  7.1432175    	 0.28983476    
  682.00000    	  683.00000    	 -3.6384641    	 0.18431773    
  683.00000    	  684.00000    	 -3.8809373    	 0.19891823    
  684.00000    	  685.00000    	 -3.9784164    	 0.19149792    
  685.00000    	  686.00000    	 -3.7552179    	 0.18332793    
  686.00000    	  687.00000    	 -3.6919072    	 0.18574932    
  687.00000    	  688.00000    	 -3.1070585    	 0.18065757    
  688.00000    	  689.00000    	 -2.5341605    	 0.18673242    
  689.00000    	  690.00000    	 -2.0117062    	 0.18727721    
  690.00000    	  691.00000    	 -1.0150076    	 0.17498962    
  691.00000    	  692.00000    	 0.45113659    	 0.17276802    
  692.00000    	  693.00000    	  1.0033807    	 0.20042027    
  693.00000    	  694.00000    	  2.2065259    	 0.21724645    
  694.00000    	  695.00000    	  3.1798290    	 0.20013601    
  695.00000    	  696.00000    	  4.3430192    	 0.25520683    
  696.00000    	  697.00000    	  4.7993216    	 0.27957329    
  697.00000    	  698.00000    	  5.9402016    	 0.27519037    
  698.00000    	  699.00000    	  5.7052331    	 0.28278266    
  699.00000    	  700.00000    	  6.6270560    	 0.27748791    
  700.00000    	  701.00000    	  6.4623517    	 0.29037923    
  701.00000    	  702.00000    	  6.4897314    	 0.28229511    
  702.00000    	  703.00000    	  6.4634474    	 0.31116615    
  703.00000    	  704.00000    	  5.3802800    	 0.32992932    
  704.00000    	  705.00000    	 -3.2913418    	 0.18819671    
  705.00000    	  706.00000    	 -3.5508509    	 0.20393502    
  706.00000    	  707.00000    	 -4.0399790    	 0.20879162    
  707.00000    	  708.00000    	 -3.8583996    	 0.17753187    
  708.00000    	  709.00000    	 -3.5717033    	 0.19100048    
  709.00000    	  710.00000    	 -3.3272139    	 0.17412287    
  710.00000    	  711.00000    	 -2.8100925    	 0.19566735    
  711.00000    	  712.00000    	 -2.0449515    	 0.17963705    
  712.00000    	  713.00000    	 -1.2445088    	 0.16384047    
  713.00000    	  714.00000    	 0.99528891E-01	 0.19023379    
  714.00000    	  715.00000    	 0.68451251    	 0.18869718    
  715.00000    	  716.00000    	  2.1490026    	 0.19901719    
  716.00000    	  717.00000    	  2.7123975    	 0.20206767    
  717.00000    	  718.00000    	  3.7780493    	 0.24927980    
  718.00000    	  719.00000    	  4.6702001    	 0.26088985    
  719.00000    	  720.00000    	  5.3639387    	 0.26503495    
  720.00000    	  721.00000    	  5.8081980    	 0.30058089    
  721.00000    	  722.00000    	  6.1316099    	 0.28339954    
  722.00000    	  723.00000    	  6.2150370    	 0.29016977    
  723.00000    	  724.00000    	  6.7103345    	 0.27326735    
  724.00000    	  725.00000    	  6.3430830    	 0.30783001    
  725.00000    	  726.00000    	  5.7667672    	 0.27107725    
  726.00000    	  727.00000    	 -3.2739271    	 0.18312731    
  727.00000    	  728.00000    	 -3.6201220    	 0.17285417    
  728.00000    	  729.00000    	 -3.6794025    	 0.20925067    
  729.00000    	  730.00000    	 -3.9079851    	 0.17696159    
  730.00000    	  731.00000    	 -3.5770329    	 0.19117355    
  731.00000    	  732.00000    	 -3.2666300    	 0.17778564    
  732.00000    	  733.00000    	 -2.3942256    	 0.16935927    
  733.00000    	  734.00000    	 -1.5043579    	 0.16715717    
  734.00000    	  735.00000    	-0.90266801    	 0.15610928    
  735.00000    	  736.00000    	-0.27688115    	 0.18084791    
  736.00000    	  737.00000    	 0.97285462    	 0.19461752    
  737.00000    	  738.00000    	  2.0728117    	 0.22035754    
  738.00000    	  739.00000    	  2.8592364    	 0.20639236    
  739.00000    	  740.00000    	  3.7640069    	 0.25104523    
  740.00000    	  741.00000    	  4.6754248    	 0.24528827    
  741.00000    	  742.00000    	  5.2674773    	 0.26624758    
  742.00000    	  743.00000    	  5.5471950    	 0.28668624    
  743.00000    	  744.00000    	  5.8797261    	 0.28516164    
  744.00000    	  745.00000    	  5.8057430    	 0.30527587    
  745.00000    	  746.00000    	  6.0457175    	 0.28328701    
  746.00000    	  747.00000    	  5.6429071    	 0.31278823    
  747.00000    	  748.00000    	  5.9079938    	 0.28791463    
  748.00000    	  749.00000    	 -3.6359596    	 0.18432324    
  749.00000    	  750.00000    	 -3.4203815    	 0.16804971    
  750.00000    	  751.00000    	 -3.9282613    	 0.21415402    
  751.00000    	  752.00000    	 -3.6895078    	 0.18784657    
  752.00000    	  753.00000    	 -3.7573152    	 0.18462773    
  753.00000    	  754.00000    	 -3.1797922    	 0.18651861    
  754.00000    	  755.00000    	 -2.6691007    	 0.19040696    
  755.00000    	  756.00000    	 -1.8650696    	 0.16548164    
  756.00000    	  757.00000    	-0.92385023    	 0.16354876    
  757.00000    	  758.00000    	-0.21520903    	 0.17524222    
  758.00000    	  759.00000    	  1.1498465    	 0.20002232    
  759.00000    	  760.00000    	  1.6965055    	 0.24314503    
  760.00000    	  761.00000    	  3.0754573    	 0.23163811    
  761.00000    	  762.00000    	  3.5466818    	 0.23042128    
  762.00000    	  763.00000    	  4.2586702    	 0.23955649    
  763.00000    	  764.00000    	  5.5554467    	 0.29411753    
  764.00000    	  765.00000    	  5.3850433    	 0.26844122    
  765.00000    	  766.00000    	  5.5323406    	 0.29105615    
  766.00000    	  767.00000    	  6.0936139    	 0.27766279    
  767.00000    	  768.00000    	  6.0685969    	 0.27055967    
  768.00000    	  769.00000    	  5.2958106    	 0.31108642    
  769.00000    	  770.00000    	  5.6112987    	 0.28933999    
  770.00000    	  771.00000    	 -3.0698209    	 0.18765586    
  771.00000    	  772.00000    	 -3.6588613    	 0.16890752    
  772.00000    	  773.00000    	 -3.1620377    	 0.20635430    
  773.00000    	  774.00000    	 -3.7551933    	 0.18871288    
  774.00000    	  775.00000    	 -3.3168880    	 0.20199737    
  775.00000    	  776.00000    	 -3.1467351    	 0.17569731    
  776.00000    	  777.00000    	 -2.4602016    	 0.17322402    
  777.00000    	  778.00000    	 -1.7558265    	 0.16756997    
  778.00000    	  779.00000    	 -1.4544006    	 0.18232837    
  779.00000    	  780.00000    	-0.28238543    	 0.16404377    
  780.00000    	  781.00000    	  1.1166394    	 0.20086340    
  781.00000    	  782.00000    	  1.9610210    	 0.22861472    
  782.00000    	  783.00000    	  2.8921098    	 0.25930794    
  783.00000    	  784.00000    	  4.0592655    	 0.23358830    
  784.00000    	  785.00000    	  4.5882490    	 0.23513133    
  785.00000    	  786.00000    	  4.1863759    	 0.28822229    
  786.00000    	  787.00000    	  5.5260338    	 0.28310697    
  787.00000    	  788.00000    	  5.7500971    	 0.30145636    
  788.00000    	  789.00000    	  6.1349976    	 0.29100403    
  789.00000    	  790.00000    	  5.8537145    	 0.26733334    
  790.00000    	  791.00000    	  5.7628661    	 0.31325598    
  791.00000    	  792.00000    	  5.3900852    	 0.26468789    
  792.00000    	  793.00000    	 -2.8952489    	 0.17962001    
  793.00000    	  794.00000    	 -3.7107766    	 0.19552699    
  794.00000    	  795.00000    	 -3.8179257    	 0.20602208    
  795.00000    	  796.00000    	 -3.6530289    	 0.17855344    
  796.00000    	  797.00000    	 -3.4728032    	 0.20390635    
  797.00000    	  798.00000    	 -3.2307839    	 0.19447998    
  798.00000    	  799.00000    	 -2.7289969    	 0.16971694    
  799.00000    	  800.00000    	 -2.0031611    	 0.19524710    
  800.00000    	  801.00000    	-0.79273059    	 0.19038971    
  801.00000    	  802.00000    	-0.25213370    	 0.17071690    
  802.00000    	  803.00000    	 0.47715502    	 0.20087342    
  803.00000    	  804.00000    	  1.4943704    	 0.21612003    
  804.00000    	  805.00000    	  2.1261329    	 0.21010498    
  805.00000    	  806.00000    	  2.8050464    	 0.23546231    
  806.00000    	  807.00000    	  4.2184678    	 0.26929333    
  807.00000    	  808.00000    	  4.9538544    	 0.26928005    
  808.00000    	  809.00000    	  4.7794032    	 0.28967195    
  809.00000    	  810.00000    	  4.9892898    	 0.27682710    
  810.00000    	  811.00000    	  5.0353706    	 0.29169408    
  811.00000    	  812.00000    	  5.3024385    	 0.26867100    
  812.00000    	  813.00000    	  5.2579012    	 0.28129715    
  813.00000    	  814.00000    	  4.7686678    	 0.26408652    
  814.00000    	  815.00000    	 -2.9481141    	 0.17891354    
  815.00000    	  816.00000    	 -3.2510743    	 0.18957148    
  816.00000    	  817.00000    	 -3.3345193    	 0.18079929    
  817.00000    	  818.00000    	 -3.2259640    	 0.17425550    
  818.00000    	  819.00000    	 -3.3664671    	 0.18424098    
  819.00000    	  820.00000    	 -3.1746514    	 0.18176068    
  820.00000    	  821.00000    	 -2.5792881    	 0.20554069    
  821.00000    	  822.00000    	 -1.6967490    	 0.18186219    
  822.00000    	  823.00000    	 -1.1923576    	 0.16664840    
  823.00000    	  824.00000    	-0.63248137E-01	 0.16621755    
  824.00000    	  825.00000    	 0.65427093    	 0.17188095    
  825.00000    	  826.00000    	  1.4414026    	 0.18684917    
  826.00000    	  827.00000    	  2.2085375    	 0.21262693    
  827.00000    	  828.00000    	  3.3917785    	 0.23484393    
  828.00000    	  829.00000    	  3.8613911    	 0.27665303    
  829.00000    	  830.00000    	  4.4198753    	 0.27585067    
  830.00000    	  831.00000    	  4.8019522    	 0.30037567    
  831.00000    	  832.00000    	  5.6387559    	 0.28300035    
  832.00000    	  833.00000    	  5.4904691    	 0.29844930    
  833.00000    	  834.00000    	  5.2632198    	 0.28388170    
  834.00000    	  835.00000    	  5.3643179    	 0.30821809    
  835.00000    	  836.00000    	  4.4745985    	 0.27349568    
  836.00000    	  837.00000    	 -2.6210353    	 0.17953332    
  837.00000    	  838.00000    	 -3.3819937    	 0.19234000    
  838.00000    	  839.00000    	 -3.5085942    	 0.20014862    
  839.00000    	  840.00000    	 -3.4954681    	 0.19320734    
  840.00000    	  841.00000    	 -3.3063509    	 0.18753017    
  841.00000    	  842.00000    	 -2.8200555    	 0.17891202    
  842.00000    	  843.00000    	 -2.4885900    	 0.19950340    
  843.00000    	  844.00000    	 -1.7951074    	 0.16596970    
  844.00000    	  845.00000    	 -1.1391261    	 0.16409376    
  845.00000    	  846.00000    	-0.31514095    	 0.16128685    
  846.00000    	  847.00000    	 0.70883842    	 0.17532604    
  847.00000    	  848.00000    	  1.4543624    	 0.19232123    
  848.00000    	  849.00000    	  2.5570681    	 0.19069296    
  849.00000    	  850.00000    	  2.9288220    	 0.22462740    
  850.00000    	  851.00000    	  3.7378733    	 0.24175028    
  851.00000    	  852.00000    	  4.2698371    	 0.27099250    
  852.00000    	  853.00000    	  4.9394423    	 0.26449278    
  853.00000    	  854.00000    	  5.0343929    	 0.27173799    
  854.00000    	  855.00000    	  5.4216547    	 0.29118667    
  855.00000    	  856.00000    	  5.2109270    	 0.32033189    
  856.00000    	  857.00000    	  5.3292312    	 0.28717686    
  857.00000    	  858.00000    	  4.9205218    	 0.26069248    
  858.00000    	  859.00000    	 -2.8204078    	 0.15698919    
  859.00000    	  860.00000    	 -3.0306769    	 0.19481886    
  860.00000    	  861.00000    	 -3.4707677    	 0.20952749    
  861.00000    	  862.00000    	 -3.5687254    	 0.18772583    
  862.00000    	  863.00000    	 -3.2996648    	 0.19554811    
  863.00000    	  864.00000    	 -2.9860479    	 0.18794595    
  864.00000    	  865.00000    	 -2.6108506    	 0.19667701    
  865.00000    	  866.00000    	 -1.8794266    	 0.18984426    
  866.00000    	  867.00000    	 -1.0299693    	 0.18421183    
  867.00000    	  868.00000    	-0.51043270    	 0.15212388    
  868.00000    	  869.00000    	 0.85258684E-01	 0.19610105    
  869.00000    	  870.00000    	  1.2833965    	 0.19193391    
  870.00000    	  871.00000    	  2.1914497    	 0.22494382    
  871.00000    	  872.00000    	  2.8610853    	 0.23222511    
  872.00000    	  873.00000    	  3.8088791    	 0.24923624    
  873.00000    	  874.00000    	  4.6283146    	 0.26357953    
  874.00000    	  875.00000    	  4.7510142    	 0.26995139    
  875.00000    	  876.00000    	  5.2768461    	 0.28546526    
  876.00000    	  877.00000    	  4.4458384    	 0.26857624    
  877.00000    	  878.00000    	  4.6571684    	 0.27287625    
  878.00000    	  879.00000    	  5.0760502    	 0.26624605    
  879.00000    	  880.00000    	  4.5642988    	 0.25834864    
  880.00000    	  881.00000    	 -2.9091352    	 0.19568152    
  881.00000    	  882.00000    	 -3.1951829    	 0.17928674    
  882.00000    	  883.00000    	 -3.1709591    	 0.18143805    
  883.00000    	  884.00000    	 -3.4317575    	 0.19994175    
  884.00000    	  885.00000    	 -3.4352659    	 0.20094371    
  885.00000    	  886.00000    	 -2.7883588    	 0.18295955    
  886.00000    	  887.00000    	 -2.3762814    	 0.17351265    
  887.00000    	  888.00000    	 -2.0606327    	 0.18233267    
  888.00000    	  889.00000    	 -1.2873498    	 0.16846263    
  889.00000    	  890.00000    	-0.23741272    	 0.16942408    
  890.00000    	  891.00000    	 0.27041813    	 0.18332836    
  891.00000    	  892.00000    	  1.2631426    	 0.18189969    
  892.00000    	  893.00000    	  2.4380061    	 0.21644555    
  893.00000    	  894.00000    	  2.9903253    	 0.23446004    
  894.00000    	  895.00000    	  3.5268713    	 0.24084198    
  895.00000    	  896.00000    	  4.1112088    	 0.28151670    
  896.00000    	  897.00000    	  4.5563660    	 0.26354937    
  897.00000    	  898.00000    	  4.3631932    	 0.26685444    
  898.00000    	  899.00000    	  4.8266154    	 0.27492664    
  899.00000    	  900.00000    	  4.4186569    	 0.24211103    
  900.00000    	  901.00000    	  4.5438758    	 0.26534402    
  901.00000    	  902.00000    	  4.2697827    	 0.26345964    
  902.00000    	  903.00000    	 -2.4515590    	 0.17220517    
  903.00000    	  904.00000    	 -3.0368651    	 0.18950853    
  904.00000    	  905.00000    	 -3.3734744    	 0.20658650    
  905.00000    	  906.00000    	 -3.4105277    	 0.17336535    
  906.00000    	  907.00000    	 -3.0764632    	 0.19452332    
  907.00000    	  908.00000    	 -3.1468934    	 0.19378919    
  908.00000    	  909.00000    	 -2.7777662    	 0.17577790    
  909.00000    	  910.00000    	 -1.5759356    	 0.17913803    
  910.00000    	  911.00000    	 -1.1755180    	 0.15778579    
  911.00000    	  912.00000    	-0.40103071    	 0.17414904    
  912.00000    	  913.00000    	 0.53028719    	 0.17472978    
  913.00000    	  914.00000    	  1.4293357    	 0.16513675    
  914.00000    	  915.00000    	  2.0253925    	 0.19727151    
  915.00000    	  916.00000    	  3.0311541    	 0.23419745    
  916.00000    	  917.00000    	  3.5337196    	 0.22726070    
  917.00000    	  918.00000    	  3.7447931    	 0.28088351    
  918.00000    	  919.00000    	  4.6644022    	 0.25957802    
  919.00000    	  920.00000    	  4.6266824    	 0.26510665    
  920.00000    	  921.00000    	  4.8844482    	 0.27534430    
  921.00000    	  922.00000    	  4.7164377    	 0.25582593    
  922.00000    	  923.00000    	  4.6061610    	 0.29935280    
  923.00000    	  924.00000    	  4.0778767    	 0.24985377    
  924.00000    	  925.00000    	 -2.6660906    	 0.17989221    
  925.00000    	  926.00000    	 -3.2214698    	 0.19879937    
  926.00000    	  927.00000    	 -3.2947262    	 0.20368144    
  927.00000    	  928.00000    	 -3.5754918    	 0.18721018    
  928.00000    	  929.00000    	 -3.4607788    	 0.21544549    
  929.00000    	  930.00000    	 -2.7385408    	 0.19025264    
  930.00000    	  931.00000    	 -2.3179478    	 0.16305204    
  931.00000    	  932.00000    	 -1.8277349    	 0.14723273    
  932.00000    	  933.00000    	 -1.2583501    	 0.14712428    
  933.00000    	  934.00000    	-0.48390370    	 0.18850738    
  934.00000    	  935.00000    	 0.26397723    	 0.18620093    
  935.00000    	  936.00000    	  1.4099184    	 0.17562033    
  936.00000    	  937.00000    	  2.1176077    	 0.20323458    
  937.00000    	  938.00000    	  2.4488754    	 0.24845393    
  938.00000    	  939.00000    	  3.4337084    	 0.21945172    
  939.00000    	  940.00000    	  3.6436462    	 0.26512965    
  940.00000    	  941.00000    	  4.5590496    	 0.28990900    
  941.00000    	  942.00000    	  4.0318496    	 0.27288901    
  942.00000    	  943.00000    	  4.6590053    	 0.25202138    
  943.00000    	  944.00000    	  5.1316224    	 0.24778533    
  944.00000    	  945.00000    	  4.1434808    	 0.26220175    
  945.00000    	  946.00000    	  4.0022568    	 0.24007476    
  946.00000    	  947.00000    	 -2.5961177    	 0.17654378    
  947.00000    	  948.00000    	 -2.9116455    	 0.17239853    
  948.00000    	  949.00000    	 -3.3587075    	 0.19448215    
  949.00000    	  950.00000    	 -3.3103107    	 0.19849563    
  950.00000    	  951.00000    	 -3.3940739    	 0.19978993    
  951.00000    	  952.00000    	 -2.7272818    	 0.18141016    
  952.00000    	  953.00000    	 -2.6671753    	 0.16108476    
  953.00000    	  954.00000    	 -2.0558782    	 0.14623349    
  954.00000    	  955.00000    	 -1.1361175    	 0.14383692    
  955.00000    	  956.00000    	-0.47291559    	 0.17080232    
  956.00000    	  957.00000    	 0.52890200    	 0.18478682    
  957.00000    	  958.00000    	  1.2328530    	 0.21325419    
  958.00000    	  959.00000    	  1.7859490    	 0.20205143    
  959.00000    	  960.00000    	  2.4810492    	 0.25256847    
  960.00000    	  961.00000    	  3.3437120    	 0.21979609    
  961.00000    	  962.00000    	  4.0340217    	 0.23592039    
  962.00000    	  963.00000    	  3.5492781    	 0.28532066    
  963.00000    	  964.00000    	  4.2923357    	 0.24493155    
  964.00000    	  965.00000    	  4.4672145    	 0.26403168    
  965.00000    	  966.00000    	  4.3343505    	 0.26199514    
  966.00000    	  967.00000    	  4.1645431    	 0.23754643    
  967.00000    	  968.00000    	  4.3207057    	 0.26630771    
  968.00000    	  969.00000    	 -2.4212549    	 0.16817281    
  969.00000    	  970.00000    	 -2.6049565    	 0.17599195    
  970.00000    	  971.00000    	 -3.2725703    	 0.18764293    
  971.00000    	  972.00000    	 -2.8891256    	 0.18636265    
  972.00000    	  973.00000    	 -2.9589062    	 0.18725007    
  973.00000    	  974.00000    	 -2.9387722    	 0.19718956    
  974.00000    	  975.00000    	 -2.2215303    	 0.16398978    
  975.00000    	  976.00000    	 -2.0588097    	 0.16476096    
  976.00000    	  977.00000    	 -1.3196176    	 0.18301981    
  977.00000    	  978.00000    	-0.43453041    	 0.14417175    
  978.00000    	  979.00000    	 0.12139813    	 0.17512620    
  979.00000    	  980.00000    	  1.2477402    	 0.18083336    
  980.00000    	  981.00000    	  1.9993291    	 0.20879070    
  981.00000    	  982.00000    	  2.5816596    	 0.26841930    
  982.00000    	  983.00000    	  3.3241866    	 0.24492324    
  983.00000    	  984.00000    	  3.7560735    	 0.20755253    
  984.00000    	  985.00000    	  4.0868219    	 0.26672014    
  985.00000    	  986.00000    	  4.6071284    	 0.28221277    
  986.00000    	  987.00000    	  4.2939082    	 0.25330941    
  987.00000    	  988.00000    	  4.4193350    	 0.26511021    
  988.00000    	  989.00000    	  3.9499170    	 0.24663408    
  989.00000    	  990.00000    	  4.1330013    	 0.25094240    
  990.00000    	  991.00000    	 -2.5853828    	 0.18181663    
  991.00000    	  992.00000    	 -2.7435588    	 0.18710009    
  992.00000    	  993.00000    	 -2.7940201    	 0.18093015    
  993.00000    	  994.00000    	 -3.1915141    	 0.19184548    
  994.00000    	  995.00000    	 -3.0619999    	 0.18607955    
  995.00000    	  996.00000    	 -2.7622782    	 0.20894091    
  996.00000    	  997.00000    	 -2.5753054    	 0.16172287    
  997.00000    	  998.00000    	 -1.7100572    	 0.16651479    
  998.00000    	  999.00000    	 -1.0743151    	 0.17164871    
  999.00000    	  1000.0000    	-0.35535514    	 0.16904599    
  1000.0000    	  1001.0000    	 0.29571648    	 0.16242105    
  1001.0000    	  1002.0000    	 0.76603293    	 0.18825407    
  1002.0000    	  1003.0000    	  1.6986677    	 0.19158916    
  1003.0000    	  1004.0000    	  2.3506366    	 0.20315767    
  1004.0000    	  1005.0000    	  3.4230585    	 0.24915229    
  1005.0000    	  1006.0000    	  3.2749982    	 0.23140221    
  1006.0000    	  1007.0000    	  3.9829499    	 0.29452482    
  1007.0000    	  1008.0000    	  4.0878467    	 0.28679356    
  1008.0000    	  1009.0000    	  4.4539293    	 0.23586519    
  1009.0000    	  1010.0000    	  4.5118210    	 0.26717291    
  1010.0000    	  1011.0000    	  4.5681475    	 0.25046982    
  1011.0000    	  1012.0000    	  2.9774400    	 0.24398893    
  1012.0000    	  1013.0000    	 -2.3478704    	 0.19049853    
  1013.0000    	  1014.0000    	 -2.4751914    	 0.18838378    
  1014.0000    	  1015.0000    	 -3.0540135    	 0.18727401    
  1015.0000    	  1016.0000    	 -3.0714198    	 0.19428844    
  1016.0000    	  1017.0000    	 -3.2806733    	 0.21155578    
  1017.0000    	  1018.0000    	 -2.9340815    	 0.17642584    
  1018.0000    	  1019.0000    	 -2.4250768    	 0.17443085    
  1019.0000    	  1020.0000    	 -1.8229674    	 0.15831914    
  1020.0000    	  1021.0000    	 -1.1520084    	 0.15466350    
  1021.0000    	  1022.0000    	-0.34097541    	 0.15330154    
  1022.0000    	  1023.0000    	 0.21996707    	 0.21331872    
  1023.0000    	  1024.0000    	  1.0713782    	 0.19549573    
  1024.0000    	  1025.0000    	  1.6040134    	 0.18903217    
  1025.0000    	  1026.0000    	  2.5503788    	 0.20203519    
  1026.0000    	  1027.0000    	  2.7635316    	 0.23729275    
  1027.0000    	  1028.0000    	  3.4506672    	 0.23215221    
  1028.0000    	  1029.0000    	  3.5400261    	 0.24931396    
  1029.0000    	  1030.0000    	  3.9779446    	 0.23871642    
  1030.0000    	  1031.0000    	  4.5311525    	 0.23404626    
  1031.0000    	  1032.0000    	  4.3045454    	 0.25395580    
  1032.0000    	  1033.0000    	  3.8984438    	 0.25320420    
  1033.0000    	  1034.0000    	  3.7921602    	 0.22829563    
  1034.0000    	  1035.0000    	 -2.6971666    	 0.19077113    
  1035.0000    	  1036.0000    	 -2.5148042    	 0.17637170    
  1036.0000    	  1037.0000    	 -2.6507049    	 0.21394324    
  1037.0000    	  1038.0000    	 -2.9106736    	 0.17711199    
  1038.0000    	  1039.0000    	 -3.0116473    	 0.18533923    
  1039.0000    	  1040.0000    	 -2.8871455    	 0.18477969    
  1040.0000    	  1041.0000    	 -2.7243725    	 0.17546900    
  1041.0000    	  1042.0000    	 -1.8234861    	 0.14800449    
  1042.0000    	  1043.0000    	 -1.4951867    	 0.15759173    
  1043.0000    	  1044.0000    	-0.73028234    	 0.14690789    
  1044.0000    	  1045.0000    	 0.22979549    	 0.17378874    
  1045.0000    	  1046.0000    	  1.2116129    	 0.19108803    
  1046.0000    	  1047.0000    	  1.6329098    	 0.17800319    
  1047.0000    	  1048.0000    	  1.8887184    	 0.20118488    
  1048.0000    	  1049.0000    	  2.6972929    	 0.23418059    
  1049.0000    	  1050.0000    	  3.3728072    	 0.21046769    
  1050.0000    	  1051.0000    	  3.3722204    	 0.23374113    
  1051.0000    	  1052.0000    	  4.0802346    	 0.26188460    
  1052.0000    	  1053.0000    	  3.9289541    	 0.25755446    
  1053.0000    	  1054.0000    	  3.4701158    	 0.27365490    
  1054.0000    	  1055.0000    	  3.5535747    	 0.24245543    
  1055.0000    	  1056.0000    	  3.2929874    	 0.25256254    
  1056.0000    	  1057.0000    	 -2.1237965    	 0.20104861    
  1057.0000    	  1058.0000    	 -2.7307790    	 0.18943726    
  1058.0000    	  1059.0000    	 -2.7083541    	 0.19727397    
  1059.0000    	  1060.0000    	 -3.0539687    	 0.18523957    
  1060.0000    	  1061.0000    	 -3.1279867    	 0.19224941    
  1061.0000    	  1062.0000    	 -2.5636611    	 0.19220673    
  1062.0000    	  1063.0000    	 -2.2698676    	 0.16190993    
  1063.0000    	  1064.0000    	 -1.8176460    	 0.16155260    
  1064.0000    	  1065.0000    	 -1.2497396    	 0.14209767    
  1065.0000    	  1066.0000    	-0.60830003    	 0.15209161    
  1066.0000    	  1067.0000    	 0.18426006    	 0.15558632    
  1067.0000    	  1068.0000    	 0.83204870    	 0.17417512    
  1068.0000    	  1069.0000    	  1.7191484    	 0.19194150    
  1069.0000    	  1070.0000    	  2.2771484    	 0.22885081    
  1070.0000    	  1071.0000    	  2.4022378    	 0.22606287    
  1071.0000    	  1072.0000    	  3.3424057    	 0.24010299    
  1072.0000    	  1073.0000    	  3.7045965    	 0.25694418    
  1073.0000    	  1074.0000    	  4.0426193    	 0.28533869    
  1074.0000    	  1075.0000    	  4.3350601    	 0.26204925    
  1075.0000    	  1076.0000    	  4.3024059    	 0.26303160    
  1076.0000    	  1077.0000    	  3.6562273    	 0.23350734    
  1077.0000    	  1078.0000    	  3.6798579    	 0.25541774    
  1078.0000    	  1079.0000    	 -2.2882627    	 0.19303705    
  1079.0000    	  1080.0000    	 -2.5140964    	 0.17405959    
  1080.0000    	  1081.0000    	 -2.8287551    	 0.19997806    
  1081.0000    	  1082.0000    	 -2.9173459    	 0.19135367    
  1082.0000    	  1083.0000    	 -2.7517898    	 0.19502685    
  1083.0000    	  1084.0000    	 -2.6412595    	 0.17907637    
  1084.0000    	  1085.0000    	 -2.2814895    	 0.15713550    
  1085.0000    	  1086.0000    	 -1.9387757    	 0.18738426    
  1086.0000    	  1087.0000    	 -1.1779278    	 0.15828656    
  1087.0000    	  1088.0000    	-0.54023201    	 0.15070819    
  1088.0000    	  1089.0000    	 0.95822295E-01	 0.15283715    
  1089.0000    	  1090.0000    	 0.67447174    	 0.17296350    
  1090.0000    	  1091.0000    	  1.2775399    	 0.20036111    
  1091.0000    	  1092.0000    	  2.4383578    	 0.22328952    
  1092.0000    	  1093.0000    	  3.0786138    	 0.24476573    
  1093.0000    	  1094.0000    	  2.9848218    	 0.24099401    
  1094.0000    	  1095.0000    	  3.5705095    	 0.26633382    
  1095.0000    	  1096.0000    	  3.6448545    	 0.27931093    
  1096.0000    	  1097.0000    	  3.6674864    	 0.27705685    
  1097.0000    	  1098.0000    	  3.6414330    	 0.23860122    
  1098.0000    	  1099.0000    	  3.8819580    	 0.23199050    
  1099.0000    	  1100.0000    	  3.3790996    	 0.24656767    
  1100.0000    	  1101.0000    	 -2.3036710    	 0.17372590    
  1101.0000    	  1102.0000    	 -2.5193977    	 0.17583332    
  1102.0000    	  1103.0000    	 -2.6988548    	 0.19823194    
  1103.0000    	  1104.0000    	 -2.6802253    	 0.19133808    
  1104.0000    	  1105.0000    	 -2.7197429    	 0.19419706    
  1105.0000    	  1106.0000    	 -2.6613033    	 0.19529604    
  1106.0000    	  1107.0000    	 -2.3592812    	 0.16411902    
  1107.0000    	  1108.0000    	 -1.6649015    	 0.16526141    
  1108.0000    	  1109.0000    	 -1.4242668    	 0.16073753    
  1109.0000    	  1110.0000    	-0.42489516    	 0.15358304    
  1110.0000    	  1111.0000    	 0.17964532    	 0.14991637    
  1111.0000    	  1112.0000    	 0.62503237    	 0.15854999    
  1112.0000    	  1113.0000    	  1.8073891    	 0.20937435    
  1113.0000    	  1114.0000    	  2.1874432    	 0.18535541    
  1114.0000    	  1115.0000    	  2.9413180    	 0.22441422    
  1115.0000    	  1116.0000    	  3.2858086    	 0.22813336    
  1116.0000    	  1117.0000    	  3.3291351    	 0.23762980    
  1117.0000    	  1118.0000    	  3.5851771    	 0.24819943    
  1118.0000    	  1119.0000    	  3.3953034    	 0.26644839    
  1119.0000    	  1120.0000    	  3.5368293    	 0.23906727    
  1120.0000    	  1121.0000    	  3.6598387    	 0.25237931    
  1121.0000    	  1122.0000    	  3.1843632    	 0.23034088    
  1122.0000    	  1123.0000    	 -1.9917457    	 0.18307895    
  1123.0000    	  1124.0000    	 -2.4523991    	 0.19058380    
  1124.0000    	  1125.0000    	 -2.6387271    	 0.19789247    
  1125.0000    	  1126.0000    	 -2.8127373    	 0.18785377    
  1126.0000    	  1127.0000    	 -2.8826008    	 0.19444724    
  1127.0000    	  1128.0000    	 -2.7545352    	 0.18293177    
  1128.0000    	  1129.0000    	 -2.0729175    	 0.16218679    
  1129.0000    	  1130.0000    	 -1.7453823    	 0.15711627    
  1130.0000    	  1131.0000    	 -1.3451520    	 0.16919326    
  1131.0000    	  1132.0000    	-0.74145436    	 0.14412154    
  1132.0000    	  1133.0000    	-0.34272848E-01	 0.16016774    
  1133.0000    	  1134.0000    	 0.85969242    	 0.15458666    
  1134.0000    	  1135.0000    	  1.1801753    	 0.19468809    
  1135.0000    	  1136.0000    	  1.8177191    	 0.19018857    
  1136.0000    	  1137.0000    	  2.8312545    	 0.23849805    
  1137.0000    	  1138.0000    	  2.9811442    	 0.23680780    
  1138.0000    	  1139.0000    	  3.2386630    	 0.23271275    
  1139.0000    	  1140.0000    	  3.5829948    	 0.31331647    
  1140.0000    	  1141.0000    	  3.5109465    	 0.27294570    
  1141.0000    	  1142.0000    	  3.4194826    	 0.22679492    
  1142.0000    	  1143.0000    	  3.1088701    	 0.23877856    
  1143.0000    	  1144.0000    	  3.4047012    	 0.21981918    
  1144.0000    	  1145.0000    	 -2.0699816    	 0.16259188    
  1145.0000    	  1146.0000    	 -2.5859116    	 0.17810693    
  1146.0000    	  1147.0000    	 -2.5635115    	 0.18896292    
  1147.0000    	  1148.0000    	 -2.7683980    	 0.18529790    
  1148.0000    	  1149.0000    	 -2.7178776    	 0.18859159    
  1149.0000    	  1150.0000    	 -2.6708540    	 0.17579340    
  1150.0000    	  1151.0000    	 -2.3116437    	 0.16042855    
  1151.0000    	  1152.0000    	 -1.7510766    	 0.14953697    
  1152.0000    	  1153.0000    	 -1.1251446    	 0.16431385    
  1153.0000    	  1154.0000    	-0.71438588    	 0.13160687    
  1154.0000    	  1155.0000    	 0.87749149E-01	 0.14108665    
  1155.0000    	  1156.0000    	 0.74420461    	 0.15825605    
  1156.0000    	  1157.0000    	  1.4025868    	 0.17894421    
  1157.0000    	  1158.0000    	  2.3156576    	 0.22067953    
  1158.0000    	  1159.0000    	  2.2467306    	 0.22622245    
  1159.0000    	  1160.0000    	  2.9701322    	 0.22884461    
  1160.0000    	  1161.0000    	  3.0394288    	 0.22134933    
  1161.0000    	  1162.0000    	  2.9722430    	 0.27166914    
  1162.0000    	  1163.0000    	  3.6717227    	 0.24951127    
  1163.0000    	  1164.0000    	  3.2401902    	 0.23785215    
  1164.0000    	  1165.0000    	  2.8210109    	 0.25014181    
  1165.0000    	  1166.0000    	  3.2706510    	 0.22248809    
  1166.0000    	  1167.0000    	 -2.3821789    	 0.16273696    
  1167.0000    	  1168.0000    	 -2.2880360    	 0.19351091    
  1168.0000    	  1169.0000    	 -2.6070225    	 0.18321188    
  1169.0000    	  1170.0000    	 -2.5093440    	 0.19671975    
  1170.0000    	  1171.0000    	 -2.5120534    	 0.21494309    
  1171.0000    	  1172.0000    	 -2.3604198    	 0.18117292    
  1172.0000    	  1173.0000    	 -1.9948828    	 0.16922089    
  1173.0000    	  1174.0000    	 -1.9320599    	 0.13772839    
  1174.0000    	  1175.0000    	 -1.4464101    	 0.14211274    
  1175.0000    	  1176.0000    	-0.45881810    	 0.13796847    
  1176.0000    	  1177.0000    	-0.30651100    	 0.14383892    
  1177.0000    	  1178.0000    	 0.67873977    	 0.15038066    
  1178.0000    	  1179.0000    	  1.5392134    	 0.20579411    
  1179.0000    	  1180.0000    	  1.8824311    	 0.22079571    
  1180.0000    	  1181.0000    	  2.6190090    	 0.25558126    
  1181.0000    	  1182.0000    	  2.8615575    	 0.25486148    
  1182.0000    	  1183.0000    	  2.9830773    	 0.25239920    
  1183.0000    	  1184.0000    	  3.3352861    	 0.22456869    
  1184.0000    	  1185.0000    	  3.6077011    	 0.25555687    
  1185.0000    	  1186.0000    	  3.3338721    	 0.23059829    
  1186.0000    	  1187.0000    	  3.1720712    	 0.23890696    
  1187.0000    	  1188.0000    	  2.8403649    	 0.22391050    
  1188.0000    	  1189.0000    	 -2.0257688    	 0.17630285    
  1189.0000    	  1190.0000    	 -2.2136308    	 0.21253976    
  1190.0000    	  1191.0000    	 -2.4072519    	 0.19115755    
  1191.0000    	  1192.0000    	 -2.7046568    	 0.18507481    
  1192.0000    	  1193.0000    	 -2.5850734    	 0.18359700    
  1193.0000    	  1194.0000    	 -2.2849276    	 0.18385971    
  1194.0000    	  1195.0000    	 -2.5843345    	 0.16162867    
  1195.0000    	  1196.0000    	 -1.9123358    	 0.14862479    
  1196.0000    	  1197.0000    	 -1.2890293    	 0.14588920    
  1197.0000    	  1198.0000    	-0.53585995    	 0.16061818    
  1198.0000    	  1199.0000    	-0.18498584    	 0.15434134    
  1199.0000    	  1200.0000    	 0.42298256    	 0.15394201    
  1200.0000    	  1201.0000    	  1.0863638    	 0.18638648    
  1201.0000    	  1202.0000    	  1.7467090    	 0.20147081    
  1202.0000    	  1203.0000    	  1.9803661    	 0.23236381    
  1203.0000    	  1204.0000    	  2.6619236    	 0.24095594    
  1204.0000    	  1205.0000    	  3.3751795    	 0.21478628    
  1205.0000    	  1206.0000    	  3.1054076    	 0.24404632    
  1206.0000    	  1207.0000    	  3.4008879    	 0.25030833    
  1207.0000    	  1208.0000    	  3.4181984    	 0.21731997    
  1208.0000    	  1209.0000    	  3.0264950    	 0.23429662    
  1209.0000    	  1210.0000    	  3.1537877    	 0.22432066    
  1210.0000    	  1211.0000    	 -1.5505106    	 0.16292996    
  1211.0000    	  1212.0000    	 -2.3070443    	 0.17593290    
  1212.0000    	  1213.0000    	 -2.5986353    	 0.17249200    
  1213.0000    	  1214.0000    	 -2.4068777    	 0.19849725    
  1214.0000    	  1215.0000    	 -2.8100704    	 0.18569003    
  1215.0000    	  1216.0000    	 -2.6302389    	 0.16620667    
  1216.0000    	  1217.0000    	 -2.0838693    	 0.16357681    
  1217.0000    	  1218.0000    	 -2.0956305    	 0.16803473    
  1218.0000    	  1219.0000    	 -1.6386675    	 0.15853192    
  1219.0000    	  1220.0000    	-0.49608901    	 0.14390789    
  1220.0000    	  1221.0000    	 0.52151777E-01	 0.14635136    
  1221.0000    	  1222.0000    	 0.77133391    	 0.16664446    
  1222.0000    	  1223.0000    	  1.3067393    	 0.17353974    
  1223.0000    	  1224.0000    	  1.3736230    	 0.17319506    
  1224.0000    	  1225.0000    	  1.9862446    	 0.19310355    
  1225.0000    	  1226.0000    	  2.5756414    	 0.22459723    
  1226.0000    	  1227.0000    	  2.9960276    	 0.23172969    
  1227.0000    	  1228.0000    	  3.5539463    	 0.22786877    
  1228.0000    	  1229.0000    	  3.0308975    	 0.23862265    
  1229.0000    	  1230.0000    	  3.1294431    	 0.21432934    
  1230.0000    	  1231.0000    	  2.9957624    	 0.21522960    
  1231.0000    	  1232.0000    	  2.9847660    	 0.19413009    
  1232.0000    	  1233.0000    	 -1.9287713    	 0.16971669    
  1233.0000    	  1234.0000    	 -2.2079187    	 0.18131743    
  1234.0000    	  1235.0000    	 -2.4827187    	 0.19199675    
  1235.0000    	  1236.0000    	 -2.5550509    	 0.19906096    
  1236.0000    	  1237.0000    	 -2.5868577    	 0.18252888    
  1237.0000    	  1238.0000    	 -2.3471607    	 0.15498513    
  1238.0000    	  1239.0000    	 -2.2989535    	 0.14975324    
  1239.0000    	  1240.0000    	 -1.6178742    	 0.14364761    
  1240.0000    	  1241.0000    	 -1.3207297    	 0.14041133    
  1241.0000    	  1242.0000    	-0.89169040    	 0.13014016    
  1242.0000    	  1243.0000    	 0.76827853E-01	 0.13473233    
  1243.0000    	  1244.0000    	 0.50503275    	 0.16702458    
  1244.0000    	  1245.0000    	  1.0688702    	 0.16043293    
  1245.0000    	  1246.0000    	  1.9682491    	 0.17095442    
  1246.0000    	  1247.0000    	  2.4204757    	 0.21500718    
  1247.0000    	  1248.0000    	  2.1743625    	 0.21416423    
  1248.0000    	  1249.0000    	  3.3050524    	 0.22708979    
  1249.0000    	  1250.0000    	  2.8020636    	 0.23966221    
  1250.0000    	  1251.0000    	  3.2667298    	 0.22333648    
  1251.0000    	  1252.0000    	  3.1897823    	 0.26269982    
  1252.0000    	  1253.0000    	  3.0513187    	 0.21491048    
  1253.0000    	  1254.0000    	  3.0507856    	 0.21574120    
  1254.0000    	  1255.0000    	 -1.7296734    	 0.16315345    
  1255.0000    	  1256.0000    	 -2.2312766    	 0.18987038    
  1256.0000    	  1257.0000    	 -2.4885075    	 0.17389337    
  1257.0000    	  1258.0000    	 -2.6348150    	 0.18126198    
  1258.0000    	  1259.0000    	 -2.9575208    	 0.22198982    
  1259.0000    	  1260.0000    	 -2.4691297    	 0.17021139    
  1260.0000    	  1261.0000    	 -1.9308080    	 0.16870517    
  1261.0000    	  1262.0000    	 -1.5553616    	 0.13721489    
  1262.0000    	  1263.0000    	 -1.1416850    	 0.14700293    
  1263.0000    	  1264.0000    	-0.64615915    	 0.13741682    
  1264.0000    	  1265.0000    	 0.17669946E-01	 0.13849308    
  1265.0000    	  1266.0000    	 0.47448401    	 0.16267869    
  1266.0000    	  1267.0000    	  1.0162715    	 0.17464904    
  1267.0000    	  1268.0000    	  1.5022743    	 0.17988915    
  1268.0000    	  1269.0000    	  2.0227084    	 0.20378243    
  1269.0000    	  1270.0000    	  2.4674992    	 0.23139670    
  1270.0000    	  1271.0000    	  2.9673446    	 0.21855087    
  1271.0000    	  1272.0000    	  3.0246920    	 0.21249010    
  1272.0000    	  1273.0000    	  3.2641225    	 0.24100431    
  1273.0000    	  1274.0000    	  3.2383755    	 0.22702409    
  1274.0000    	  1275.0000    	  2.9404754    	 0.21747675    
  1275.0000    	  1276.0000    	  2.7492463    	 0.21905490    
  1276.0000    	  1277.0000    	 -2.0804679    	 0.15933322    
  1277.0000    	  1278.0000    	 -1.9243157    	 0.18308261    
  1278.0000    	  1279.0000    	 -2.3570955    	 0.19509366    
  1279.0000    	  1280.0000    	 -2.5758346    	 0.18453028    
  1280.0000    	  1281.0000    	 -2.3913959    	 0.19514981    
  1281.0000    	  1282.0000    	 -2.4915972    	 0.16111789    
  1282.0000    	  1283.0000    	 -2.1553927    	 0.15761164    
  1283.0000    	  1284.0000    	 -1.8775295    	 0.13618144    
  1284.0000    	  1285.0000    	 -1.2451218    	 0.13069811    
  1285.0000    	  1286.0000    	-0.85189842    	 0.13780437    
  1286.0000    	  1287.0000    	 0.11295229    	 0.13761634    
  1287.0000    	  1288.0000    	 0.76192828    	 0.16751036    
  1288.0000    	  1289.0000    	  1.2009333    	 0.16105215    
  1289.0000    	  1290.0000    	  1.6292082    	 0.16732604    
  1290.0000    	  1291.0000    	  2.3891526    	 0.21932247    
  1291.0000    	  1292.0000    	  2.1235150    	 0.21443810    
  1292.0000    	  1293.0000    	  2.5617899    	 0.22269669    
  1293.0000    	  1294.0000    	  2.9546069    	 0.21899516    
  1294.0000    	  1295.0000    	  2.9519978    	 0.23551960    
  1295.0000    	  1296.0000    	  3.1418820    	 0.24394060    
  1296.0000    	  1297.0000    	  2.9527892    	 0.21387850    
  1297.0000    	  1298.0000    	  2.2143307    	 0.23560108    
  1298.0000    	  1299.0000    	 -1.6530345    	 0.15466738    
  1299.0000    	  1300.0000    	 -2.0068271    	 0.18001413    
  1300.0000    	  1301.0000    	 -2.5701151    	 0.18320417    
  1301.0000    	  1302.0000    	 -2.5634184    	 0.18171250    
  1302.0000    	  1303.0000    	 -2.1845447    	 0.18099426    
  1303.0000    	  1304.0000    	 -2.6020776    	 0.16771316    
  1304.0000    	  1305.0000    	 -2.3116914    	 0.15895478    
  1305.0000    	  1306.0000    	 -1.7164802    	 0.13982749    
  1306.0000    	  1307.0000    	 -1.1676859    	 0.14696373    
  1307.0000    	  1308.0000    	-0.76126154    	 0.14064963    
  1308.0000    	  1309.0000    	-0.24856375    	 0.13502891    
  1309.0000    	  1310.0000    	 0.22358694    	 0.15080430    
  1310.0000    	  1311.0000    	 0.78805550    	 0.16116836    
  1311.0000    	  1312.0000    	  1.9171079    	 0.19284429    
  1312.0000    	  1313.0000    	  1.8571953    	 0.19112785    
  1313.0000    	  1314.0000    	  2.5027284    	 0.20915424    
  1314.0000    	  1315.0000    	  2.7551726    	 0.21788009    
  1315.0000    	  1316.0000    	  3.3171118    	 0.23372230    
  1316.0000    	  1317.0000    	  2.2890951    	 0.25686181    
  1317.0000    	  1318.0000    	  2.6670527    	 0.25477602    
  1318.0000    	  1319.0000    	  2.4423426    	 0.22423363    
  1319.0000    	  1320.0000    	  2.3696297    	 0.22121199    
  1320.0000    	  1321.0000    	 -1.6182251    	 0.14359711    
  1321.0000    	  1322.0000    	 -2.0622200    	 0.18630117    
  1322.0000    	  1323.0000    	 -2.3029130    	 0.19419736    
  1323.0000    	  1324.0000    	 -2.1779892    	 0.18311303    
  1324.0000    	  1325.0000    	 -2.3644490    	 0.17514231    
  1325.0000    	  1326.0000    	 -2.2138997    	 0.16457946    
  1326.0000    	  1327.0000    	 -2.1812189    	 0.15428683    
  1327.0000    	  1328.0000    	 -1.5384577    	 0.15072930    
  1328.0000    	  1329.0000    	 -1.1152032    	 0.14719443    
  1329.0000    	  1330.0000    	-0.58467124    	 0.13468171    
  1330.0000    	  1331.0000    	-0.10235848    	 0.13656203    
  1331.0000    	  1332.0000    	 0.66833224    	 0.14854741    
  1332.0000    	  1333.0000    	 0.82595856    	 0.15571971    
  1333.0000    	  1334.0000    	  1.4973545    	 0.16553273    
  1334.0000    	  1335.0000    	  1.7626962    	 0.18900651    
  1335.0000    	  1336.0000    	  2.2651414    	 0.21832560    
  1336.0000    	  1337.0000    	  2.4662083    	 0.19864060    
  1337.0000    	  1338.0000    	  2.5602962    	 0.20368619    
  1338.0000    	  1339.0000    	  2.9291315    	 0.23582468    
  1339.0000    	  1340.0000    	  2.6642683    	 0.20656083    
  1340.0000    	  1341.0000    	  2.7845327    	 0.23328212    
  1341.0000    	  1342.0000    	  2.3417171    	 0.20564167    
  1342.0000    	  1343.0000    	 -1.5574863    	 0.14166341    
  1343.0000    	  1344.0000    	 -1.9676644    	 0.16335212    
  1344.0000    	  1345.0000    	 -1.8114884    	 0.21047910    
  1345.0000    	  1346.0000    	 -2.3463413    	 0.20770054    
  1346.0000    	  1347.0000    	 -2.2158308    	 0.17847315    
  1347.0000    	  1348.0000    	 -2.2926363    	 0.17370662    
  1348.0000    	  1349.0000    	 -2.2150608    	 0.15367151    
  1349.0000    	  1350.0000    	 -1.7450249    	 0.13985385    
  1350.0000    	  1351.0000    	 -1.2120424    	 0.13690894    
  1351.0000    	  1352.0000    	-0.90938002    	 0.14681769    
  1352.0000    	  1353.0000    	-0.97943311E-01	 0.12271967    
  1353.0000    	  1354.0000    	 0.27843405    	 0.14082494    
  1354.0000    	  1355.0000    	  1.1255152    	 0.15617727    
  1355.0000    	  1356.0000    	  1.2227484    	 0.16811934    
  1356.0000    	  1357.0000    	  2.2378504    	 0.20955527    
  1357.0000    	  1358.0000    	  1.9943574    	 0.19554130    
  1358.0000    	  1359.0000    	  2.5433610    	 0.21761025    
  1359.0000    	  1360.0000    	  3.0446736    	 0.23416559    
  1360.0000    	  1361.0000    	  2.4885522    	 0.22181038    
  1361.0000    	  1362.0000    	  2.2587194    	 0.18935209    
  1362.0000    	  1363.0000    	  2.3872372    	 0.22334135    
  1363.0000    	  1364.0000    	  2.5131578    	 0.23982894    
  1364.0000    	  1365.0000    	 -1.6835994    	 0.16742754    
  1365.0000    	  1366.0000    	 -1.7675506    	 0.17332812    
  1366.0000    	  1367.0000    	 -2.3639729    	 0.15859843    
  1367.0000    	  1368.0000    	 -2.3417223    	 0.18466532    
  1368.0000    	  1369.0000    	 -2.3890582    	 0.18998499    
  1369.0000    	  1370.0000    	 -2.4922245    	 0.18983050    
  1370.0000    	  1371.0000    	 -1.6211462    	 0.14228888    
  1371.0000    	  1372.0000    	 -1.7434784    	 0.13964996    
  1372.0000    	  1373.0000    	 -1.4894208    	 0.14618653    
  1373.0000    	  1374.0000    	-0.80659109    	 0.14160506    
  1374.0000    	  1375.0000    	-0.39532003    	 0.11608377    
  1375.0000    	  1376.0000    	 0.56869750    	 0.14905236    
  1376.0000    	  1377.0000    	 0.92216550    	 0.16242613    
  1377.0000    	  1378.0000    	  1.3773233    	 0.19560240    
  1378.0000    	  1379.0000    	  1.6978859    	 0.20984175    
  1379.0000    	  1380.0000    	  2.3158637    	 0.18760314    
  1380.0000    	  1381.0000    	  2.2403748    	 0.20757730    
  1381.0000    	  1382.0000    	  2.4872914    	 0.21674065    
  1382.0000    	  1383.0000    	  2.7927206    	 0.19986208    
  1383.0000    	  1384.0000    	  2.6210571    	 0.21278048    
  1384.0000    	  1385.0000    	  2.7125341    	 0.19740108    
  1385.0000    	  1386.0000    	  1.7975920    	 0.19125240    
  1386.0000    	  1387.0000    	 -1.6039808    	 0.15462795    
  1387.0000    	  1388.0000    	 -2.2518196    	 0.17252924    
  1388.0000    	  1389.0000    	 -2.0728276    	 0.16434962    
  1389.0000    	  1390.0000    	 -2.2471272    	 0.20473520    
  1390.0000    	  1391.0000    	 -2.6915166    	 0.19814356    
  1391.0000    	  1392.0000    	 -1.9001012    	 0.18578573    
  1392.0000    	  1393.0000    	 -1.9068245    	 0.15056781    
  1393.0000    	  1394.0000    	 -1.5285044    	 0.13091775    
  1394.0000    	  1395.0000    	 -1.2522419    	 0.14233101    
  1395.0000    	  1396.0000    	-0.91222083    	 0.12591185    
  1396.0000    	  1397.0000    	-0.27251749    	 0.12700205    
  1397.0000    	  1398.0000    	 0.15939479    	 0.14544789    
  1398.0000    	  1399.0000    	 0.98754936    	 0.15958484    
  1399.0000    	  1400.0000    	 0.98713927    	 0.17491897    
  1400.0000    	  1401.0000    	  1.8227031    	 0.18403518    
  1401.0000    	  1402.0000    	  1.9941798    	 0.16742329    
  1402.0000    	  1403.0000    	  2.3689311    	 0.18197572    
  1403.0000    	  1404.0000    	  2.5059882    	 0.23018779    
  1404.0000    	  1405.0000    	  2.5874762    	 0.26761349    
  1405.0000    	  1406.0000    	  2.7599512    	 0.21698738    
  1406.0000    	  1407.0000    	  2.3217528    	 0.20392142    
  1407.0000    	  1408.0000    	  2.4180567    	 0.18014417    
  1408.0000    	  1409.0000    	 -1.7389878    	 0.14551015    
  1409.0000    	  1410.0000    	 -1.8029284    	 0.17149080    
  1410.0000    	  1411.0000    	 -2.2353420    	 0.16818427    
  1411.0000    	  1412.0000    	 -2.2101415    	 0.17587602    
  1412.0000    	  1413.0000    	 -2.0895218    	 0.19024548    
  1413.0000    	  1414.0000    	 -2.1706971    	 0.17294414    
  1414.0000    	  1415.0000    	 -2.2974462    	 0.17667972    
  1415.0000    	  1416.0000    	 -1.8176842    	 0.14160187    
  1416.0000    	  1417.0000    	 -1.2405800    	 0.13171815    
  1417.0000    	  1418.0000    	-0.68148995    	 0.12908188    
  1418.0000    	  1419.0000    	-0.13109749    	 0.13066387    
  1419.0000    	  1420.0000    	 0.28331576    	 0.13969771    
  1420.0000    	  1421.0000    	 0.78611685    	 0.15832280    
  1421.0000    	  1422.0000    	  1.3097889    	 0.16145513    
  1422.0000    	  1423.0000    	  1.7508269    	 0.19105015    
  1423.0000    	  1424.0000    	  2.0301470    	 0.20516387    
  1424.0000    	  1425.0000    	  2.5936989    	 0.17670263    
  1425.0000    	  1426.0000    	  2.5386626    	 0.21343442    
  1426.0000    	  1427.0000    	  2.7542913    	 0.23760803    
  1427.0000    	  1428.0000    	  2.3682254    	 0.20432793    
  1428.0000    	  1429.0000    	  2.3180955    	 0.20458804    
  1429.0000    	  1430.0000    	  2.2045435    	 0.21168116    
  1430.0000    	  1431.0000    	 -1.5683498    	 0.16302026    
  1431.0000    	  1432.0000    	 -1.9762492    	 0.17541469    
  1432.0000    	  1433.0000    	 -2.2202251    	 0.19003086    
  1433.0000    	  1434.0000    	 -2.0451113    	 0.17441511    
  1434.0000    	  1435.0000    	 -2.1840429    	 0.16546131    
  1435.0000    	  1436.0000    	 -2.4058694    	 0.17324266    
  1436.0000    	  1437.0000    	 -1.7867499    	 0.17318029    
  1437.0000    	  1438.0000    	 -1.5958834    	 0.14568685    
  1438.0000    	  1439.0000    	 -1.3176219    	 0.14348143    
  1439.0000    	  1440.0000    	-0.82821726    	 0.12567121    
  1440.0000    	  1441.0000    	-0.27529982    	 0.13354468    
  1441.0000    	  1442.0000    	 0.52043126    	 0.12551932    
  1442.0000    	  1443.0000    	  1.0467571    	 0.15766539    
  1443.0000    	  1444.0000    	  1.2654244    	 0.16200716    
  1444.0000    	  1445.0000    	  2.0669777    	 0.17937028    
  1445.0000    	  1446.0000    	  1.7237483    	 0.18230113    
  1446.0000    	  1447.0000    	  2.1644625    	 0.17546868    
  1447.0000    	  1448.0000    	  1.9452306    	 0.19687377    
  1448.0000    	  1449.0000    	  2.3240265    	 0.20600403    
  1449.0000    	  1450.0000    	  2.1045268    	 0.20370018    
  1450.0000    	  1451.0000    	  2.3113884    	 0.18754562    
  1451.0000    	  1452.0000    	  1.8288650    	 0.18962170    
  1452.0000    	  1453.0000    	 -1.3310642    	 0.15492510    
  1453.0000    	  1454.0000    	 -2.1107297    	 0.20197461    
  1454.0000    	  1455.0000    	 -1.9800532    	 0.18425452    
  1455.0000    	  1456.0000    	 -2.3495491    	 0.20036515    
  1456.0000    	  1457.0000    	 -2.3932466    	 0.19186126    
  1457.0000    	  1458.0000    	 -2.0870220    	 0.19106145    
  1458.0000    	  1459.0000    	 -2.2396161    	 0.16235541    
  1459.0000    	  1460.0000    	 -1.7758492    	 0.13199642    
  1460.0000    	  1461.0000    	 -1.1225878    	 0.12251969    
  1461.0000    	  1462.0000    	-0.66799216    	 0.12965842    
  1462.0000    	  1463.0000    	-0.18721548    	 0.12658437    
  1463.0000    	  1464.0000    	 0.14069304    	 0.13024739    
  1464.0000    	  1465.0000    	 0.65864870    	 0.16573414    
  1465.0000    	  1466.0000    	  1.3361204    	 0.15327214    
  1466.0000    	  1467.0000    	  1.5916198    	 0.18459139    
  1467.0000    	  1468.0000    	  2.5762929    	 0.20060761    
  1468.0000    	  1469.0000    	  2.1465756    	 0.18172248    
  1469.0000    	  1470.0000    	  2.2220751    	 0.20139040    
  1470.0000    	  1471.0000    	  2.3855362    	 0.20130379    
  1471.0000    	  1472.0000    	  2.6348416    	 0.23511303    
  1472.0000    	  1473.0000    	  2.4826898    	 0.17604087    
  1473.0000    	  1474.0000    	  2.0793378    	 0.17635739    
  1474.0000    	  1475.0000    	 -1.6357376    	 0.13911362    
  1475.0000    	  1476.0000    	 -1.7005423    	 0.18809446    
  1476.0000    	  1477.0000    	 -1.9328454    	 0.17460340    
  1477.0000    	  1478.0000    	 -2.1169241    	 0.20048617    
  1478.0000    	  1479.0000    	 -1.9662384    	 0.19267080    
  1479.0000    	  1480.0000    	 -2.0952797    	 0.19724933    
  1480.0000    	  1481.0000    	 -1.7754096    	 0.17539899    
  1481.0000    	  1482.0000    	 -1.3708227    	 0.14080138    
  1482.0000    	  1483.0000    	 -1.2691739    	 0.11674904    
  1483.0000    	  1484.0000    	-0.75475533    	 0.11985041    
  1484.0000    	  1485.0000    	-0.53703855    	 0.11187147    
  1485.0000    	  1486.0000    	 0.32242101    	 0.13125837    
  1486.0000    	  1487.0000    	 0.66735740    	 0.17401529    
  1487.0000    	  1488.0000    	  1.3004860    	 0.17010549    
  1488.0000    	  1489.0000    	  1.3106296    	 0.19775484    
  1489.0000    	  1490.0000    	  1.8449826    	 0.20701545    
  1490.0000    	  1491.0000    	  2.3624053    	 0.19849331    
  1491.0000    	  1492.0000    	  2.3444072    	 0.18557880    
  1492.0000    	  1493.0000    	  2.6499029    	 0.18050174    
  1493.0000    	  1494.0000    	  2.1765361    	 0.19111814    
  1494.0000    	  1495.0000    	  1.9979600    	 0.26049504    
  1495.0000    	  1496.0000    	  1.7649113    	 0.18468390    
  1496.0000    	  1497.0000    	 -1.2102030    	 0.12485356    
  1497.0000    	  1498.0000    	 -1.5569066    	 0.15631134    
  1498.0000    	  1499.0000    	 -2.0026781    	 0.17294938    
  1499.0000    	  1500.0000    	 -2.1320898    	 0.18671053    
  1500.0000    	  1501.0000    	 -2.1580504    	 0.18102363    
  1501.0000    	  1502.0000    	 -1.9771387    	 0.21028291    
  1502.0000    	  1503.0000    	 -1.6003664    	 0.16154528    
  1503.0000    	  1504.0000    	 -1.7085370    	 0.14450528    
  1504.0000    	  1505.0000    	 -1.2392405    	 0.12131876    
  1505.0000    	  1506.0000    	 -1.1165880    	 0.13948936    
  1506.0000    	  1507.0000    	-0.17968495    	 0.11448942    
  1507.0000    	  1508.0000    	 0.35083571E-01	 0.12287566    
  1508.0000    	  1509.0000    	 0.71034696    	 0.16459444    
  1509.0000    	  1510.0000    	  1.1999629    	 0.16303880    
  1510.0000    	  1511.0000    	  1.7555795    	 0.19622012    
  1511.0000    	  1512.0000    	  1.6509559    	 0.19530705    
  1512.0000    	  1513.0000    	  1.8516111    	 0.19380484    
  1513.0000    	  1514.0000    	  2.1519573    	 0.21350641    
  1514.0000    	  1515.0000    	  1.9856491    	 0.21168785    
  1515.0000    	  1516.0000    	  2.3020727    	 0.20157619    
  1516.0000    	  1517.0000    	  1.9006462    	 0.16915685    
  1517.0000    	  1518.0000    	  1.9721565    	 0.18505691    
  1518.0000    	  1519.0000    	 -1.6491349    	 0.13861051    
  1519.0000    	  1520.0000    	 -1.5708052    	 0.17372444    
  1520.0000    	  1521.0000    	 -1.9526173    	 0.20171210    
  1521.0000    	  1522.0000    	 -1.9697985    	 0.17931557    
  1522.0000    	  1523.0000    	 -1.9920992    	 0.19580588    
  1523.0000    	  1524.0000    	 -2.1591187    	 0.17140209    
  1524.0000    	  1525.0000    	 -1.7805766    	 0.14047818    
  1525.0000    	  1526.0000    	 -1.5312158    	 0.13818971    
  1526.0000    	  1527.0000    	 -1.3410612    	 0.12648540    
  1527.0000    	  1528.0000    	-0.72942110    	 0.14027844    
  1528.0000    	  1529.0000    	-0.41194460    	 0.13526949    
  1529.0000    	  1530.0000    	 0.43922769E-01	 0.12725391    
  1530.0000    	  1531.0000    	 0.70460195    	 0.14557522    
  1531.0000    	  1532.0000    	 0.86893068    	 0.17854380    
  1532.0000    	  1533.0000    	  1.2591454    	 0.16164734    
  1533.0000    	  1534.0000    	  1.6842826    	 0.17622982    
  1534.0000    	  1535.0000    	  2.0575433    	 0.16031696    
  1535.0000    	  1536.0000    	  2.0987942    	 0.17521736    
  1536.0000    	  1537.0000    	  1.9516016    	 0.20146840    
  1537.0000    	  1538.0000    	  1.8394388    	 0.21258001    
  1538.0000    	  1539.0000    	  2.1466179    	 0.17102779    
  1539.0000    	  1540.0000    	  1.6018866    	 0.17023185    
  1540.0000    	  1541.0000    	 -1.4201046    	 0.14068596    
  1541.0000    	  1542.0000    	 -1.8065845    	 0.16315181    
  1542.0000    	  1543.0000    	 -1.9573349    	 0.19168198    
  1543.0000    	  1544.0000    	 -2.1060242    	 0.18704712    
  1544.0000    	  1545.0000    	 -1.8999737    	 0.19986886    
  1545.0000    	  1546.0000    	 -2.1650761    	 0.17739566    
  1546.0000    	  1547.0000    	 -1.9136101    	 0.15398279    
  1547.0000    	  1548.0000    	 -1.5208666    	 0.15264050    
  1548.0000    	  1549.0000    	 -1.1500556    	 0.13598967    
  1549.0000    	  1550.0000    	-0.71969199    	 0.12417085    
  1550.0000    	  1551.0000    	-0.67965328E-01	 0.13643802    
  1551.0000    	  1552.0000    	 0.64833400E-01	 0.12889711    
  1552.0000    	  1553.0000    	 0.81383515    	 0.17417464    
  1553.0000    	  1554.0000    	  1.0031230    	 0.14176176    
  1554.0000    	  1555.0000    	  1.7802950    	 0.17614528    
  1555.0000    	  1556.0000    	  1.6087281    	 0.19378839    
  1556.0000    	  1557.0000    	  1.9575221    	 0.18218876    
  1557.0000    	  1558.0000    	  1.9497327    	 0.20070860    
  1558.0000    	  1559.0000    	  2.1895852    	 0.19067077    
  1559.0000    	  1560.0000    	  1.9033481    	 0.16141778    
  1560.0000    	  1561.0000    	  1.8410339    	 0.17489833    
  1561.0000    	  1562.0000    	  2.2372307    	 0.16575381    
  1562.0000    	  1563.0000    	 -1.3911948    	 0.14313761    
  1563.0000    	  1564.0000    	 -1.3912562    	 0.17696468    
  1564.0000    	  1565.0000    	 -1.6463240    	 0.15498819    
  1565.0000    	  1566.0000    	 -1.7189411    	 0.18315183    
  1566.0000    	  1567.0000    	 -2.1409353    	 0.18536550    
  1567.0000    	  1568.0000    	 -1.9490957    	 0.16109873    
  1568.0000    	  1569.0000    	 -1.7228953    	 0.13821579    
  1569.0000    	  1570.0000    	 -1.7106955    	 0.13780319    
  1570.0000    	  1571.0000    	 -1.2603163    	 0.14348870    
  1571.0000    	  1572.0000    	-0.77645498    	 0.14408762    
  1572.0000    	  1573.0000    	-0.34738174    	 0.13064415    
  1573.0000    	  1574.0000    	 0.70993490E-02	 0.12081397    
  1574.0000    	  1575.0000    	 0.47690042    	 0.15243853    
  1575.0000    	  1576.0000    	 0.96903379    	 0.14074957    
  1576.0000    	  1577.0000    	  1.3341060    	 0.18361024    
  1577.0000    	  1578.0000    	  1.7017864    	 0.17774427    
  1578.0000    	  1579.0000    	  2.1094352    	 0.17101162    
  1579.0000    	  1580.0000    	  1.8183392    	 0.18988807    
  1580.0000    	  1581.0000    	  2.0222022    	 0.18933505    
  1581.0000    	  1582.0000    	  2.1820277    	 0.19482295    
  1582.0000    	  1583.0000    	  1.8598362    	 0.17826782    
  1583.0000    	  1584.0000    	  1.5846865    	 0.15019173    
  1584.0000    	  1585.0000    	 -1.3113803    	 0.15085253    
  1585.0000    	  1586.0000    	 -1.7965384    	 0.17188944    
  1586.0000    	  1587.0000    	 -1.8508329    	 0.18240078    
  1587.0000    	  1588.0000    	 -2.0015579    	 0.17386996    
  1588.0000    	  1589.0000    	 -1.8512495    	 0.19376059    
  1589.0000    	  1590.0000    	 -1.9842229    	 0.17582307    
  1590.0000    	  1591.0000    	 -1.6495570    	 0.16178725    
  1591.0000    	  1592.0000    	 -1.5667708    	 0.12612227    
  1592.0000    	  1593.0000    	 -1.0136969    	 0.12510751    
  1593.0000    	  1594.0000    	-0.89705950    	 0.11891989    
  1594.0000    	  1595.0000    	-0.24526440    	 0.13586113    
  1595.0000    	  1596.0000    	-0.68153591E-02	 0.13432638    
  1596.0000    	  1597.0000    	 0.45812135    	 0.13992053    
  1597.0000    	  1598.0000    	  1.3011970    	 0.16002184    
  1598.0000    	  1599.0000    	  1.3965545    	 0.16535471    
  1599.0000    	  1600.0000    	  1.7973222    	 0.18437496    
  1600.0000    	  1601.0000    	  1.6350511    	 0.16915333    
  1601.0000    	  1602.0000    	  2.2819570    	 0.21349365    
  1602.0000    	  1603.0000    	  2.1603713    	 0.16481518    
  1603.0000    	  1604.0000    	  1.9275076    	 0.19521027    
  1604.0000    	  1605.0000    	  1.9965657    	 0.14785725    
  1605.0000    	  1606.0000    	  1.6011041    	 0.14710155    
  1606.0000    	  1607.0000    	 -1.3689940    	 0.13655588    
  1607.0000    	  1608.0000    	 -1.4668877    	 0.14874078    
  1608.0000    	  1609.0000    	 -1.8769301    	 0.16254099    
  1609.0000    	  1610.0000    	 -1.8136490    	 0.17406526    
  1610.0000    	  1611.0000    	 -1.7646780    	 0.16764907    
  1611.0000    	  1612.0000    	 -1.9905903    	 0.16029739    
  1612.0000    	  1613.0000    	 -1.7696658    	 0.13707425    
  1613.0000    	  1614.0000    	 -1.6532188    	 0.13142056    
  1614.0000    	  1615.0000    	 -1.1762719    	 0.12704498    
  1615.0000    	  1616.0000    	-0.90863610    	 0.11440387    
  1616.0000    	  1617.0000    	-0.47641899    	 0.11413605    
  1617.0000    	  1618.0000    	 0.16637703    	 0.12947513    
  1618.0000    	  1619.0000    	 0.61172684    	 0.13795914    
  1619.0000    	  1620.0000    	 0.75819291    	 0.13428004    
  1620.0000    	  1621.0000    	  1.4607610    	 0.19330018    
  1621.0000    	  1622.0000    	  1.4401101    	 0.18841243    
  1622.0000    	  1623.0000    	  1.6339601    	 0.18686672    
  1623.0000    	  1624.0000    	  1.7780885    	 0.19608026    
  1624.0000    	  1625.0000    	  2.0147946    	 0.17407787    
  1625.0000    	  1626.0000    	  1.9813372    	 0.15934309    
  1626.0000    	  1627.0000    	  2.1467273    	 0.16507981    
  1627.0000    	  1628.0000    	  1.9300435    	 0.15516924    
  1628.0000    	  1629.0000    	 -1.0978054    	 0.15411522    
  1629.0000    	  1630.0000    	 -1.7351150    	 0.14484609    
  1630.0000    	  1631.0000    	 -2.0494801    	 0.16648864    
  1631.0000    	  1632.0000    	 -1.8727329    	 0.17112509    
  1632.0000    	  1633.0000    	 -1.9922854    	 0.18421092    
  1633.0000    	  1634.0000    	 -1.5513515    	 0.15504542    
  1634.0000    	  1635.0000    	 -1.8885844    	 0.15627367    
  1635.0000    	  1636.0000    	 -1.4192346    	 0.13147991    
  1636.0000    	  1637.0000    	 -1.2655064    	 0.12061602    
  1637.0000    	  1638.0000    	-0.72264278    	 0.12935826    
  1638.0000    	  1639.0000    	-0.49112944    	 0.11543536    
  1639.0000    	  1640.0000    	 0.19075560    	 0.12716679    
  1640.0000    	  1641.0000    	 0.13881835    	 0.15273380    
  1641.0000    	  1642.0000    	 0.95463417    	 0.15724417    
  1642.0000    	  1643.0000    	  1.1247939    	 0.15684093    
  1643.0000    	  1644.0000    	  1.4356805    	 0.18610501    
  1644.0000    	  1645.0000    	  1.5815953    	 0.18109110    
  1645.0000    	  1646.0000    	  2.2548451    	 0.16925001    
  1646.0000    	  1647.0000    	  1.5553018    	 0.15743423    
  1647.0000    	  1648.0000    	  1.9208699    	 0.17928163    
  1648.0000    	  1649.0000    	  1.6739821    	 0.19018863    
  1649.0000    	  1650.0000    	  1.5805717    	 0.19179610    
  1650.0000    	  1651.0000    	 -1.2748411    	 0.15386951    
  1651.0000    	  1652.0000    	 -1.4705858    	 0.13507612    
  1652.0000    	  1653.0000    	 -1.5913058    	 0.14961179    
  1653.0000    	  1654.0000    	 -1.8290206    	 0.17676919    
  1654.0000    	  1655.0000    	 -1.5234769    	 0.16252216    
  1655.0000    	  1656.0000    	 -1.8773780    	 0.16445646    
  1656.0000    	  1657.0000    	 -1.6812272    	 0.16113620    
  1657.0000    	  1658.0000    	 -1.1824101    	 0.13154122    
  1658.0000    	  1659.0000    	 -1.2585567    	 0.12864173    
  1659.0000    	  1660.0000    	-0.76401760    	 0.11435810    
  1660.0000    	  1661.0000    	-0.33891330    	 0.11759802    
  1661.0000    	  1662.0000    	 0.25562913    	 0.12028332    
  1662.0000    	  1663.0000    	 0.55920295    	 0.14096590    
  1663.0000    	  1664.0000    	 0.87162502    	 0.15394489    
  1664.0000    	  1665.0000    	  1.0954744    	 0.13659481    
  1665.0000    	  1666.0000    	  1.7876368    	 0.17052376    
  1666.0000    	  1667.0000    	  1.4974129    	 0.17126214    
  1667.0000    	  1668.0000    	  1.8639699    	 0.16911374    
  1668.0000    	  1669.0000    	  1.9039554    	 0.15543890    
  1669.0000    	  1670.0000    	  2.0790037    	 0.18050704    
  1670.0000    	  1671.0000    	  1.6380207    	 0.18794684    
  1671.0000    	  1672.0000    	  1.8227653    	 0.15038792    
  1672.0000    	  1673.0000    	 -1.2607173    	 0.12099676    
  1673.0000    	  1674.0000    	 -1.2177166    	 0.14465845    
  1674.0000    	  1675.0000    	 -1.5313816    	 0.16447084    
  1675.0000    	  1676.0000    	 -1.3866228    	 0.17297108    
  1676.0000    	  1677.0000    	 -1.8661393    	 0.15538979    
  1677.0000    	  1678.0000    	 -2.0966907    	 0.16228304    
  1678.0000    	  1679.0000    	 -1.8860273    	 0.16392435    
  1679.0000    	  1680.0000    	 -1.5240146    	 0.12015540    
  1680.0000    	  1681.0000    	 -1.1159390    	 0.10895336    
  1681.0000    	  1682.0000    	-0.56563850    	 0.11638414    
  1682.0000    	  1683.0000    	-0.22065166    	 0.10347491    
  1683.0000    	  1684.0000    	 0.88567518E-01	 0.12357598    
  1684.0000    	  1685.0000    	 0.75588959    	 0.12321349    
  1685.0000    	  1686.0000    	 0.88898232    	 0.11952779    
  1686.0000    	  1687.0000    	  1.2837925    	 0.16864120    
  1687.0000    	  1688.0000    	  1.3102219    	 0.17018863    
  1688.0000    	  1689.0000    	  1.5769246    	 0.15099108    
  1689.0000    	  1690.0000    	  1.7939932    	 0.16296124    
  1690.0000    	  1691.0000    	  1.7945217    	 0.15251403    
  1691.0000    	  1692.0000    	  1.4443598    	 0.21757973    
  1692.0000    	  1693.0000    	  1.6098693    	 0.16348659    
  1693.0000    	  1694.0000    	  1.5964865    	 0.15842739    
  1694.0000    	  1695.0000    	 -1.2497799    	 0.12481205    
  1695.0000    	  1696.0000    	 -1.4976413    	 0.13453652    
  1696.0000    	  1697.0000    	 -1.7398107    	 0.16765221    
  1697.0000    	  1698.0000    	 -1.7166728    	 0.16315174    
  1698.0000    	  1699.0000    	 -1.8372442    	 0.15302415    
  1699.0000    	  1700.0000    	 -1.8628746    	 0.16551703    
  1700.0000    	  1701.0000    	 -1.8349557    	 0.14452626    
  1701.0000    	  1702.0000    	 -1.2193761    	 0.13127066    
  1702.0000    	  1703.0000    	 -1.3940506    	 0.11101301    
  1703.0000    	  1704.0000    	-0.77948976    	 0.11003348    
  1704.0000    	  1705.0000    	-0.57925133    	 0.11207695    
  1705.0000    	  1706.0000    	-0.21109798    	 0.13071982    
  1706.0000    	  1707.0000    	 0.30689748    	 0.11929914    
  1707.0000    	  1708.0000    	 0.75781608    	 0.14584713    
  1708.0000    	  1709.0000    	 0.82864986    	 0.14833886    
  1709.0000    	  1710.0000    	  1.1616015    	 0.16441907    
  1710.0000    	  1711.0000    	  1.7669080    	 0.13092675    
  1711.0000    	  1712.0000    	  1.8802858    	 0.15212160    
  1712.0000    	  1713.0000    	  1.8536593    	 0.16536852    
  1713.0000    	  1714.0000    	  1.8119399    	 0.18125581    
  1714.0000    	  1715.0000    	  1.6262017    	 0.15474687    
  1715.0000    	  1716.0000    	  1.2571529    	 0.15118244    
  1716.0000    	  1717.0000    	 -1.2414365    	 0.11775707    
  1717.0000    	  1718.0000    	 -1.3079995    	 0.13762029    
  1718.0000    	  1719.0000    	 -1.9468353    	 0.19256034    
  1719.0000    	  1720.0000    	 -1.8943817    	 0.17112097    
  1720.0000    	  1721.0000    	 -1.8070735    	 0.14548795    
  1721.0000    	  1722.0000    	 -2.1149214    	 0.18172826    
  1722.0000    	  1723.0000    	 -1.6481384    	 0.14770136    
  1723.0000    	  1724.0000    	 -1.4926246    	 0.11917374    
  1724.0000    	  1725.0000    	 -1.0364333    	 0.11343558    
  1725.0000    	  1726.0000    	-0.71307196    	 0.11302831    
  1726.0000    	  1727.0000    	-0.51392880    	 0.10269000    
  1727.0000    	  1728.0000    	-0.55337379E-01	 0.11486778    
  1728.0000    	  1729.0000    	 0.60519510    	 0.11373122    
  1729.0000    	  1730.0000    	 0.99893242    	 0.14742546    
  1730.0000    	  1731.0000    	  1.3889060    	 0.13905444    
  1731.0000    	  1732.0000    	  1.7976445    	 0.19737830    
  1732.0000    	  1733.0000    	  1.5688914    	 0.16064518    
  1733.0000    	  1734.0000    	  1.6055214    	 0.19091307    
  1734.0000    	  1735.0000    	  1.7630396    	 0.15456595    
  1735.0000    	  1736.0000    	  1.6878159    	 0.16800107    
  1736.0000    	  1737.0000    	  1.5732603    	 0.15970438    
  1737.0000    	  1738.0000    	  1.4914697    	 0.14505830    
  1738.0000    	  1739.0000    	-0.91185054    	 0.15374764    
  1739.0000    	  1740.0000    	 -1.2582571    	 0.15720355    
  1740.0000    	  1741.0000    	 -1.1202346    	 0.19276793    
  1741.0000    	  1742.0000    	 -1.7982746    	 0.16196947    
  1742.0000    	  1743.0000    	 -1.8177857    	 0.16665750    
  1743.0000    	  1744.0000    	 -1.6943832    	 0.13567582    
  1744.0000    	  1745.0000    	 -1.4483893    	 0.14213334    
  1745.0000    	  1746.0000    	 -1.3446859    	 0.12652384    
  1746.0000    	  1747.0000    	 -1.0509541    	 0.13428463    
  1747.0000    	  1748.0000    	-0.82807012    	 0.11200411    
  1748.0000    	  1749.0000    	-0.36550649    	 0.10174530    
  1749.0000    	  1750.0000    	-0.97554166E-01	 0.11857552    
  1750.0000    	  1751.0000    	 0.42873021    	 0.12593461    
  1751.0000    	  1752.0000    	 0.79294493    	 0.14549866    
  1752.0000    	  1753.0000    	  1.2371072    	 0.12605271    
  1753.0000    	  1754.0000    	  1.1229165    	 0.16232826    
  1754.0000    	  1755.0000    	  1.5364955    	 0.17854354    
  1755.0000    	  1756.0000    	  1.5983599    	 0.18750326    
  1756.0000    	  1757.0000    	  1.6935902    	 0.20062341    
  1757.0000    	  1758.0000    	  1.5486115    	 0.16152539    
  1758.0000    	  1759.0000    	  1.5084777    	 0.16281669    
  1759.0000    	  1760.0000    	  1.4326708    	 0.14417385    
  1760.0000    	  1761.0000    	-0.88396943    	 0.14180784    
  1761.0000    	  1762.0000    	 -1.5670207    	 0.15868075    
  1762.0000    	  1763.0000    	 -1.4283430    	 0.15192054    
  1763.0000    	  1764.0000    	 -1.4041868    	 0.17654950    
  1764.0000    	  1765.0000    	 -1.5768623    	 0.16884351    
  1765.0000    	  1766.0000    	 -1.9196824    	 0.16861160    
  1766.0000    	  1767.0000    	 -1.7190667    	 0.13644844    
  1767.0000    	  1768.0000    	 -1.5125525    	 0.11067214    
  1768.0000    	  1769.0000    	 -1.1352198    	 0.12400937    
  1769.0000    	  1770.0000    	-0.71496539    	 0.11432290    
  1770.0000    	  1771.0000    	-0.48069120    	 0.10535648    
  1771.0000    	  1772.0000    	-0.39508524E-01	 0.11603285    
  1772.0000    	  1773.0000    	 0.16199078    	 0.13237147    
  1773.0000    	  1774.0000    	 0.87564330    	 0.13256107    
  1774.0000    	  1775.0000    	  1.0383010    	 0.15658629    
  1775.0000    	  1776.0000    	 0.81006015    	 0.17438370    
  1776.0000    	  1777.0000    	  1.5485870    	 0.17012718    
  1777.0000    	  1778.0000    	  1.5817342    	 0.17452955    
  1778.0000    	  1779.0000    	  1.3653144    	 0.15982919    
  1779.0000    	  1780.0000    	  1.8135809    	 0.15855964    
  1780.0000    	  1781.0000    	  1.6687296    	 0.18201295    
  1781.0000    	  1782.0000    	  1.5180454    	 0.11796547    
  1782.0000    	  1783.0000    	 -1.2838061    	 0.15264026    
  1783.0000    	  1784.0000    	 -1.2392145    	 0.14927803    
  1784.0000    	  1785.0000    	 -1.4810481    	 0.16881351    
  1785.0000    	  1786.0000    	 -1.6788909    	 0.14864248    
  1786.0000    	  1787.0000    	 -1.8231960    	 0.16272087    
  1787.0000    	  1788.0000    	 -1.7055906    	 0.16264159    
  1788.0000    	  1789.0000    	 -1.6548187    	 0.13326498    
  1789.0000    	  1790.0000    	 -1.3573641    	 0.11999198    
  1790.0000    	  1791.0000    	 -1.0666702    	 0.10450953    
  1791.0000    	  1792.0000    	-0.90241933    	 0.11906268    
  1792.0000    	  1793.0000    	-0.37003965    	 0.99398211E-01
  1793.0000    	  1794.0000    	 0.14326737    	 0.11139910    
  1794.0000    	  1795.0000    	 0.59707473    	 0.17072834    
  1795.0000    	  1796.0000    	 0.73363786    	 0.14276691    
  1796.0000    	  1797.0000    	 0.92440755    	 0.11715163    
  1797.0000    	  1798.0000    	  1.2642746    	 0.15670772    
  1798.0000    	  1799.0000    	  1.5537016    	 0.13715378    
  1799.0000    	  1800.0000    	  1.5753654    	 0.15491365    
  1800.0000    	  1801.0000    	  1.5708885    	 0.16785875    
  1801.0000    	  1802.0000    	  1.3369433    	 0.14560447    
  1802.0000    	  1803.0000    	  1.4033444    	 0.18497767    
  1803.0000    	  1804.0000    	  1.2853519    	 0.14280849    
  1804.0000    	  1805.0000    	-0.89210833    	 0.12786270    
  1805.0000    	  1806.0000    	 -1.4333743    	 0.12839941    
  1806.0000    	  1807.0000    	 -1.3557087    	 0.15357624    
  1807.0000    	  1808.0000    	 -1.6201505    	 0.15488392    
  1808.0000    	  1809.0000    	 -1.6212361    	 0.16477694    
  1809.0000    	  1810.0000    	 -1.7075235    	 0.14518640    
  1810.0000    	  1811.0000    	 -1.6645545    	 0.16209709    
  1811.0000    	  1812.0000    	 -1.2717105    	 0.12608005    
  1812.0000    	  1813.0000    	-0.99391826    	 0.13082297    
  1813.0000    	  1814.0000    	-0.78761122    	 0.12081395    
  1814.0000    	  1815.0000    	-0.38536743    	 0.10441082    
  1815.0000    	  1816.0000    	-0.21387792    	 0.10751367    
  1816.0000    	  1817.0000    	 0.46058654    	 0.13316915    
  1817.0000    	  1818.0000    	 0.79732164    	 0.13643566    
  1818.0000    	  1819.0000    	 0.81866019    	 0.15536760    
  1819.0000    	  1820.0000    	  1.4678901    	 0.16637135    
  1820.0000    	  1821.0000    	  1.2461615    	 0.14488873    
  1821.0000    	  1822.0000    	  1.6005621    	 0.13831387    
  1822.0000    	  1823.0000    	  1.4321982    	 0.14300065    
  1823.0000    	  1824.0000    	  1.3470823    	 0.15452617    
  1824.0000    	  1825.0000    	  1.6412113    	 0.15954726    
  1825.0000    	  1826.0000    	  1.1701809    	 0.14019821    
  1826.0000    	  1827.0000    	-0.83884565    	 0.12404855    
  1827.0000    	  1828.0000    	 -1.2936997    	 0.13471224    
  1828.0000    	  1829.0000    	 -1.4405210    	 0.14779407    
  1829.0000    	  1830.0000    	 -2.0561038    	 0.16241211    
  1830.0000    	  1831.0000    	 -1.5293464    	 0.14351658    
  1831.0000    	  1832.0000    	 -1.5046169    	 0.12818050    
  1832.0000    	  1833.0000    	 -1.8060212    	 0.15638850    
  1833.0000    	  1834.0000    	 -1.4997749    	 0.13553517    
  1834.0000    	  1835.0000    	 -1.0691742    	 0.11203591    
  1835.0000    	  1836.0000    	-0.86617451    	 0.11043367    
  1836.0000    	  1837.0000    	-0.41231280    	 0.10800715    
  1837.0000    	  1838.0000    	-0.17423803    	 0.10779672    
  1838.0000    	  1839.0000    	 0.42786401    	 0.13700028    
  1839.0000    	  1840.0000    	 0.84759043    	 0.13217220    
  1840.0000    	  1841.0000    	 0.76126510    	 0.14609650    
  1841.0000    	  1842.0000    	  1.2552765    	 0.16050014    
  1842.0000    	  1843.0000    	  1.4183934    	 0.18679074    
  1843.0000    	  1844.0000    	  1.3375887    	 0.15272545    
  1844.0000    	  1845.0000    	  1.5293809    	 0.14618809    
  1845.0000    	  1846.0000    	  1.4842533    	 0.15495141    
  1846.0000    	  1847.0000    	  1.4147218    	 0.15902025    
  1847.0000    	  1848.0000    	  1.3218150    	 0.14917543    
  1848.0000    	  1849.0000    	 -1.0748456    	 0.11537866    
  1849.0000    	  1850.0000    	 -1.1693041    	 0.12876265    
  1850.0000    	  1851.0000    	 -1.6387558    	 0.15926350    
  1851.0000    	  1852.0000    	 -1.3720317    	 0.16653543    
  1852.0000    	  1853.0000    	 -1.6743454    	 0.12375774    
  1853.0000    	  1854.0000    	 -1.6798507    	 0.13817185    
  1854.0000    	  1855.0000    	 -1.3640115    	 0.14567840    
  1855.0000    	  1856.0000    	 -1.4384547    	 0.13281461    
  1856.0000    	  1857.0000    	 -1.0209117    	 0.98563255E-01
  1857.0000    	  1858.0000    	-0.70263149    	 0.10048156    
  1858.0000    	  1859.0000    	-0.38334047    	 0.98480862E-01
  1859.0000    	  1860.0000    	 0.22676492    	 0.10973234    
  1860.0000    	  1861.0000    	 0.35593270    	 0.13337645    
  1861.0000    	  1862.0000    	 0.35306800    	 0.13346814    
  1862.0000    	  1863.0000    	  1.0104942    	 0.13528018    
  1863.0000    	  1864.0000    	  1.2064656    	 0.13210599    
  1864.0000    	  1865.0000    	 0.93780173    	 0.22807727    
  1865.0000    	  1866.0000    	  1.4191465    	 0.14878902    
  1866.0000    	  1867.0000    	  1.4699434    	 0.14140269    
  1867.0000    	  1868.0000    	  1.3472675    	 0.14072854    
  1868.0000    	  1869.0000    	  1.1888335    	 0.15516474    
  1869.0000    	  1870.0000    	  1.1926994    	 0.12710373    
  1870.0000    	  1871.0000    	 -1.0806492    	 0.11202244    
  1871.0000    	  1872.0000    	 -1.2815301    	 0.13153515    
  1872.0000    	  1873.0000    	 -1.3090490    	 0.14264031    
  1873.0000    	  1874.0000    	 -1.4215879    	 0.14899644    
  1874.0000    	  1875.0000    	 -1.6860209    	 0.15727145    
  1875.0000    	  1876.0000    	 -1.5232942    	 0.13939491    
  1876.0000    	  1877.0000    	 -1.5191155    	 0.12008574    
  1877.0000    	  1878.0000    	 -1.5321973    	 0.13318056    
  1878.0000    	  1879.0000    	-0.95790102    	 0.10776295    
  1879.0000    	  1880.0000    	-0.71128101    	 0.10196590    
  1880.0000    	  1881.0000    	-0.24000829    	 0.87184472E-01
  1881.0000    	  1882.0000    	-0.88651701E-01	 0.11111608    
  1882.0000    	  1883.0000    	 0.37437598    	 0.11881333    
  1883.0000    	  1884.0000    	 0.66915935    	 0.12522339    
  1884.0000    	  1885.0000    	 0.92563652    	 0.13095752    
  1885.0000    	  1886.0000    	  1.2096527    	 0.13402151    
  1886.0000    	  1887.0000    	  1.2655617    	 0.14766382    
  1887.0000    	  1888.0000    	  1.3568440    	 0.13103910    
  1888.0000    	  1889.0000    	  1.2622877    	 0.15746220    
  1889.0000    	  1890.0000    	  1.6450170    	 0.16076003    
  1890.0000    	  1891.0000    	  1.2429770    	 0.12982305    
  1891.0000    	  1892.0000    	  1.4456007    	 0.15468880    
  1892.0000    	  1893.0000    	-0.84276013    	 0.13069958    
  1893.0000    	  1894.0000    	 -1.1254194    	 0.13603472    
  1894.0000    	  1895.0000    	 -1.5909774    	 0.13979990    
  1895.0000    	  1896.0000    	 -1.5686139    	 0.15813310    
  1896.0000    	  1897.0000    	 -1.6953356    	 0.13357073    
  1897.0000    	  1898.0000    	 -1.3957731    	 0.13706291    
  1898.0000    	  1899.0000    	 -1.2409029    	 0.12145119    
  1899.0000    	  1900.0000    	 -1.2300367    	 0.10770318    
  1900.0000    	  1901.0000    	 -1.0536171    	 0.12123740    
  1901.0000    	  1902.0000    	-0.84261187    	 0.88992461E-01
  1902.0000    	  1903.0000    	-0.39484848    	 0.10317180    
  1903.0000    	  1904.0000    	-0.30735221    	 0.11545601    
  1904.0000    	  1905.0000    	 0.23107155    	 0.11221223    
  1905.0000    	  1906.0000    	 0.77127754    	 0.11567039    
  1906.0000    	  1907.0000    	 0.91370314    	 0.12463995    
  1907.0000    	  1908.0000    	  1.1550626    	 0.12797146    
  1908.0000    	  1909.0000    	  1.1311405    	 0.15218694    
  1909.0000    	  1910.0000    	  1.3661277    	 0.14061615    
  1910.0000    	  1911.0000    	  1.4177852    	 0.13160887    
  1911.0000    	  1912.0000    	  1.4546647    	 0.16906798    
  1912.0000    	  1913.0000    	  1.6042401    	 0.16231015    
  1913.0000    	  1914.0000    	 0.78218495    	 0.11998495    
  1914.0000    	  1915.0000    	-0.91521359    	 0.12060216    
  1915.0000    	  1916.0000    	 -1.2378038    	 0.11402150    
  1916.0000    	  1917.0000    	 -1.4767815    	 0.14777033    
  1917.0000    	  1918.0000    	 -1.3491602    	 0.14777787    
  1918.0000    	  1919.0000    	 -1.5151360    	 0.13171195    
  1919.0000    	  1920.0000    	 -1.4717441    	 0.13237538    
  1920.0000    	  1921.0000    	 -1.4071464    	 0.13941750    
  1921.0000    	  1922.0000    	 -1.2279650    	 0.12328337    
  1922.0000    	  1923.0000    	 -1.1775033    	 0.10898643    
  1923.0000    	  1924.0000    	-0.76656467    	 0.10885377    
  1924.0000    	  1925.0000    	-0.70098457    	 0.10981722    
  1925.0000    	  1926.0000    	-0.11881372    	 0.99108986E-01
  1926.0000    	  1927.0000    	 0.11797967    	 0.11533186    
  1927.0000    	  1928.0000    	 0.51187539    	 0.13370450    
  1928.0000    	  1929.0000    	 0.92479125    	 0.11604187    
  1929.0000    	  1930.0000    	  1.0290881    	 0.11645946    
  1930.0000    	  1931.0000    	  1.4278672    	 0.14485805    
  1931.0000    	  1932.0000    	  1.3880386    	 0.12227093    
  1932.0000    	  1933.0000    	  1.4397976    	 0.14717715    
  1933.0000    	  1934.0000    	  1.0540918    	 0.15714973    
  1934.0000    	  1935.0000    	  1.1457617    	 0.16146208    
  1935.0000    	  1936.0000    	  1.0900619    	 0.14215524    
  1936.0000    	  1937.0000    	-0.97226772    	 0.12244702    
  1937.0000    	  1938.0000    	 -1.2187510    	 0.11812427    
  1938.0000    	  1939.0000    	 -1.4213329    	 0.14511235    
  1939.0000    	  1940.0000    	 -1.5554330    	 0.15565952    
  1940.0000    	  1941.0000    	 -1.5892725    	 0.14042411    
  1941.0000    	  1942.0000    	 -1.6517183    	 0.14259831    
  1942.0000    	  1943.0000    	 -1.6026907    	 0.14810630    
  1943.0000    	  1944.0000    	 -1.1603704    	 0.12897809    
  1944.0000    	  1945.0000    	-0.96289910    	 0.11336984    
  1945.0000    	  1946.0000    	-0.78983921    	 0.11403227    
  1946.0000    	  1947.0000    	-0.40240997    	 0.10725678    
  1947.0000    	  1948.0000    	 0.92460456E-02	 0.97025614E-01
  1948.0000    	  1949.0000    	 0.23094724    	 0.11451273    
  1949.0000    	  1950.0000    	 0.70074028    	 0.11067343    
  1950.0000    	  1951.0000    	 0.60675104    	 0.12445156    
  1951.0000    	  1952.0000    	  1.1731273    	 0.12552310    
  1952.0000    	  1953.0000    	  1.2384043    	 0.14732120    
  1953.0000    	  1954.0000    	  1.5353810    	 0.13051878    
  1954.0000    	  1955.0000    	  1.3915501    	 0.12372533    
  1955.0000    	  1956.0000    	  1.3029051    	 0.15042823    
  1956.0000    	  1957.0000    	  1.1529731    	 0.13521310    
  1957.0000    	  1958.0000    	  1.0458156    	 0.13702313    
  1958.0000    	  1959.0000    	-0.73730446    	 0.12148257    
  1959.0000    	  1960.0000    	 -1.0320714    	 0.11674748    
  1960.0000    	  1961.0000    	 -1.2536839    	 0.13548503    
  1961.0000    	  1962.0000    	 -1.6606112    	 0.12390989    
  1962.0000    	  1963.0000    	 -1.7445297    	 0.13007207    
  1963.0000    	  1964.0000    	 -1.3324493    	 0.13362705    
  1964.0000    	  1965.0000    	 -1.2349910    	 0.13496540    
  1965.0000    	  1966.0000    	 -1.4151949    	 0.12102558    
  1966.0000    	  1967.0000    	 -1.1386992    	 0.98316819E-01
  1967.0000    	  1968.0000    	-0.69469013    	 0.10181679    
  1968.0000    	  1969.0000    	-0.38911760    	 0.11539334    
  1969.0000    	  1970.0000    	 0.66751584E-02	 0.11373365    
  1970.0000    	  1971.0000    	 0.24512888    	 0.96843156E-01
  1971.0000    	  1972.0000    	 0.32267860    	 0.10463009    
  1972.0000    	  1973.0000    	  1.0673251    	 0.11755644    
  1973.0000    	  1974.0000    	 0.97918184    	 0.13159192    
  1974.0000    	  1975.0000    	  1.2455798    	 0.15743997    
  1975.0000    	  1976.0000    	  1.4592364    	 0.14842645    
  1976.0000    	  1977.0000    	  1.3745483    	 0.13368487    
  1977.0000    	  1978.0000    	  1.3199345    	 0.12560556    
  1978.0000    	  1979.0000    	  1.0815070    	 0.13833641    
  1979.0000    	  1980.0000    	  1.0000087    	 0.14002819    
  1980.0000    	  1981.0000    	-0.89395954    	 0.13034566    
  1981.0000    	  1982.0000    	 -1.3249371    	 0.12066211    
  1982.0000    	  1983.0000    	 -1.1056580    	 0.15950461    
  1983.0000    	  1984.0000    	 -1.2747167    	 0.14086035    
  1984.0000    	  1985.0000    	 -1.5272990    	 0.13418314    
  1985.0000    	  1986.0000    	 -1.6596975    	 0.15273824    
  1986.0000    	  1987.0000    	 -1.2583649    	 0.13339325    
  1987.0000    	  1988.0000    	 -1.1840058    	 0.11879766    
  1988.0000    	  1989.0000    	-0.94940316    	 0.98792188E-01
  1989.0000    	  1990.0000    	-0.41168612    	 0.10231767    
  1990.0000    	  1991.0000    	-0.58553941    	 0.10238329    
  1991.0000    	  1992.0000    	-0.18628273    	 0.10270010    
  1992.0000    	  1993.0000    	 0.47539998E-01	 0.91195607E-01
  1993.0000    	  1994.0000    	 0.49166812    	 0.11451764    
  1994.0000    	  1995.0000    	 0.78661374    	 0.11428468    
  1995.0000    	  1996.0000    	  1.2106404    	 0.12600603    
  1996.0000    	  1997.0000    	  1.1456814    	 0.13454800    
  1997.0000    	  1998.0000    	  1.0668041    	 0.13696286    
  1998.0000    	  1999.0000    	  1.1799202    	 0.12507712    
  1999.0000    	  2000.0000    	  1.2799330    	 0.11998117    
  2000.0000    	  2001.0000    	  1.4862355    	 0.15173514    
  2001.0000    	  2002.0000    	  1.2135198    	 0.12486583    
  2002.0000    	  2003.0000    	-0.88035498    	 0.10993196    
  2003.0000    	  2004.0000    	 -1.1619715    	 0.12312880    
  2004.0000    	  2005.0000    	-0.99321367    	 0.16256805    
  2005.0000    	  2006.0000    	 -1.6384824    	 0.14688452    
  2006.0000    	  2007.0000    	 -1.5181462    	 0.15332121    
  2007.0000    	  2008.0000    	 -1.3346228    	 0.13269224    
  2008.0000    	  2009.0000    	 -1.2596447    	 0.12878521    
  2009.0000    	  2010.0000    	 -1.3389425    	 0.11530066    
  2010.0000    	  2011.0000    	 -1.3095546    	 0.11338015    
  2011.0000    	  2012.0000    	-0.88225126    	 0.96870900E-01
  2012.0000    	  2013.0000    	-0.44563090    	 0.98074010E-01
  2013.0000    	  2014.0000    	-0.15319101    	 0.97024922E-01
  2014.0000    	  2015.0000    	 0.15095501    	 0.94683795E-01
  2015.0000    	  2016.0000    	 0.51980024    	 0.10876316    
  2016.0000    	  2017.0000    	 0.64460454    	 0.12171946    
  2017.0000    	  2018.0000    	 0.86589279    	 0.11702108    
  2018.0000    	  2019.0000    	  1.1156852    	 0.13357764    
  2019.0000    	  2020.0000    	 0.98403499    	 0.14879930    
  2020.0000    	  2021.0000    	  1.1667871    	 0.13543465    
  2021.0000    	  2022.0000    	  1.3605378    	 0.12711823    
  2022.0000    	  2023.0000    	 0.96995011    	 0.12771946    
  2023.0000    	  2024.0000    	 0.96406369    	 0.12278309    
  2024.0000    	  2025.0000    	-0.75657888    	 0.10710324    
  2025.0000    	  2026.0000    	-0.67875298    	 0.11996767    
  2026.0000    	  2027.0000    	 -1.1418487    	 0.11254138    
  2027.0000    	  2028.0000    	 -1.2881352    	 0.13450268    
  2028.0000    	  2029.0000    	 -1.3554105    	 0.13920071    
  2029.0000    	  2030.0000    	 -1.4446779    	 0.12847851    
  2030.0000    	  2031.0000    	 -1.2587997    	 0.12954774    
  2031.0000    	  2032.0000    	 -1.0410872    	 0.13119233    
  2032.0000    	  2033.0000    	-0.82574776    	 0.95934560E-01
  2033.0000    	  2034.0000    	-0.53458561    	 0.10416685    
  2034.0000    	  2035.0000    	-0.37701597    	 0.94554175E-01
  2035.0000    	  2036.0000    	-0.45748162E-01	 0.97194979E-01
  2036.0000    	  2037.0000    	 0.28070539    	 0.98640965E-01
  2037.0000    	  2038.0000    	 0.40605345    	 0.99827235E-01
  2038.0000    	  2039.0000    	 0.69373511    	 0.12891964    
  2039.0000    	  2040.0000    	 0.92052462    	 0.11467269    
  2040.0000    	  2041.0000    	 0.96016828    	 0.12803657    
  2041.0000    	  2042.0000    	  1.3185773    	 0.12827369    
  2042.0000    	  2043.0000    	 0.95922118    	 0.13789190    
  2043.0000    	  2044.0000    	  1.2812020    	 0.11744605    
  2044.0000    	  2045.0000    	  1.1758776    	 0.14126907    
  2045.0000    	  2046.0000    	  1.0130896    	 0.10821493    
  2046.0000    	  2047.0000    	-0.91548044    	 0.10629391    
  2047.0000    	  2048.0000    	 -1.3136231    	 0.12864820    
  2048.0000    	  2049.0000    	 -1.0747304    	 0.13309143    
  2049.0000    	  2050.0000    	 -1.2708012    	 0.13161635    
  2050.0000    	  2051.0000    	 -1.4566748    	 0.13592441    
  2051.0000    	  2052.0000    	 -1.4576659    	 0.12269419    
  2052.0000    	  2053.0000    	 -1.3673785    	 0.11727104    
  2053.0000    	  2054.0000    	 -1.1792823    	 0.12472421    
  2054.0000    	  2055.0000    	-0.93356070    	 0.10399756    
  2055.0000    	  2056.0000    	-0.74066543    	 0.10760988    
  2056.0000    	  2057.0000    	-0.53537890    	 0.10582072    
  2057.0000    	  2058.0000    	-0.89890272E-01	 0.92108562E-01
  2058.0000    	  2059.0000    	 0.38501373    	 0.99082596E-01
  2059.0000    	  2060.0000    	 0.46253682    	 0.99606196E-01
  2060.0000    	  2061.0000    	 0.75311004    	 0.12535442    
  2061.0000    	  2062.0000    	  1.0494877    	 0.12334356    
  2062.0000    	  2063.0000    	 0.85338542    	 0.14255014    
  2063.0000    	  2064.0000    	  1.3666410    	 0.12122007    
  2064.0000    	  2065.0000    	  1.1555779    	 0.13282224    
  2065.0000    	  2066.0000    	  1.2897069    	 0.12591890    
  2066.0000    	  2067.0000    	  1.1346428    	 0.11565100    
  2067.0000    	  2068.0000    	  1.0249173    	 0.13307216    
